id_cliente,prediccion
2,0.14306081683578567
3,0.06495315101993014
7,0.1425148375535321
10,0.06465306615887308
11,0.14170553046700915
12,0.033701834142974604
14,0.13678401833210851
16,0.14805080188381742
25,0.14229600133727663
32,0.13326750831672046
38,0.13907414064567664
42,0.15660216788929784
63,0.14173514158368247
65,0.15766213801303822
70,0.14215220594755873
74,0.16663325349187835
76,0.1384620320080457
83,0.060377447597878234
90,0.08338368877442358
98,0.16411527485167443
104,0.14115300260734578
121,0.062216693766463105
124,0.15350516956230476
125,0.15981418291322408
137,0.15428294936608233
143,0.06645847975626444
144,0.15733905132857018
157,0.13955994309991018
163,0.14835818149848626
197,0.0740095862974096
203,0.16736154678457993
205,0.150010641666269
209,0.032718327063634645
228,0.1654187084508368
231,0.14434328150851541
237,0.15443598165490202
243,0.06722155355932083
247,0.14925572590592706
249,0.06455672274994717
253,0.14816847305815223
261,0.14711586490863696
263,0.03182353537752531
275,0.059372560762430374
279,0.16738688985852918
280,0.14802894240530573
292,0.15712025532948573
297,0.14461432665653243
299,0.13502218853573497
302,0.05991849089654595
304,0.14310441706304505
308,0.23497086573730575
318,0.15067244291341483
319,0.15910654097812404
323,0.0639773987540062
325,0.15832679526158605
339,0.15256255810757438
340,0.13133691204301218
355,0.13748928385691153
359,0.15962471585903046
368,0.14499361647883696
371,0.13565952967196035
378,0.14435637250694
390,0.13676709668039366
392,0.1437492955767864
409,0.12630638423365087
412,0.06214727160901383
420,0.16051579426149615
422,0.09887217003047442
428,0.15006239120095155
429,0.057674582570571745
430,0.14451107767329263
434,0.06413233786915745
437,0.15589445307619612
447,0.06133696948104685
464,0.05964338949004941
466,0.1604765464156891
468,0.22979144020162529
470,0.1515841320959943
473,0.14604133683572443
475,0.06440540418503685
476,0.16021265560144313
480,0.05941607118373399
483,0.1468270134443235
487,0.1656535750656205
495,0.14498752232160397
496,0.15516899900066242
499,0.14500459158894305
502,0.06431810413408566
504,0.1415931388546418
508,0.06425612405216938
514,0.1341054659020631
515,0.15512176653387322
538,0.13608422865686048
548,0.14775851546041738
551,0.1413726013025558
553,0.1530019714980711
560,0.06046411752468826
564,0.13711463701478882
572,0.06650394339333814
577,0.032799994203174004
578,0.23662920959225417
591,0.06069105948342312
593,0.13824983652872516
604,0.13320481410981402
606,0.150066228144325
614,0.14790595953072735
616,0.06679289543972605
622,0.13441611938251666
626,0.060230833868118144
632,0.06703361605275036
637,0.06001889495381847
640,0.08459801977534126
647,0.1392407432651356
648,0.06487389054436993
653,0.14895063024641858
654,0.05979792007057351
659,0.1592307212678802
661,0.033276082907438984
670,0.06474685852351456
671,0.06037576669371252
673,0.13874664942517353
674,0.09198764416979127
682,0.13876451558273048
683,0.16011201902841218
687,0.1422068590469004
688,0.0667062360585881
689,0.1432578344453995
701,0.1458538932094254
705,0.14112157292832422
707,0.13522286163283412
710,0.13740893627328749
714,0.13855929412986853
716,0.136251844244718
717,0.1607045110508536
729,0.06912079643878552
732,0.14925183342130927
734,0.16706706219206435
736,0.15328823645414869
742,0.060207728965029746
750,0.15713338316566963
764,0.14250713974870696
767,0.13955168437208088
768,0.1428965347977865
774,0.16011287014577938
777,0.06454490356155039
784,0.1483782928212996
785,0.140668074640885
786,0.13406501434158916
787,0.22427112753665962
788,0.14516635470493228
790,0.15454657196426197
794,0.06436443179938706
796,0.15279678826193946
802,0.061566886924183606
812,0.1521608418088282
814,0.06000059553167842
816,0.06104129538311054
817,0.13844827858921316
834,0.1382325064849937
835,0.1442140187956082
836,0.1419098694598821
837,0.1350282725206316
840,0.03345727066197266
841,0.038456992592078174
854,0.033482955290292146
858,0.1441003674387982
859,0.06415538197176941
883,0.13837393944161622
887,0.06385718173933266
902,0.1396274832158426
913,0.15681900888995134
915,0.1357862192578733
916,0.15050613938703894
917,0.15078585733437774
924,0.14117970965856255
929,0.15466574821173498
933,0.14611983298001618
936,0.15701592256888516
941,0.06343391945758083
946,0.06257973457238873
948,0.06665824945736011
952,0.1530717791391892
959,0.1347354895498095
963,0.14181090948925992
965,0.0833389131115307
970,0.1492666370012527
975,0.1599091260228325
979,0.15399989285131277
982,0.1354483916978474
986,0.03278085314524185
992,0.1431989730624319
1003,0.05835197526046653
1004,0.1453747535134518
1007,0.14845166342851115
1014,0.08771457932987904
1017,0.05983638962571205
1018,0.13885913991582047
1043,0.06695364144350627
1046,0.14201184517839527
1052,0.1368685928137334
1061,0.06195031382905753
1063,0.14228296435164237
1064,0.15101022042255927
1067,0.1492036136289419
1070,0.08784732958251974
1075,0.05941740571021911
1105,0.0594372557219618
1116,0.2445272583242604
1117,0.16673567703628975
1123,0.15549905104455872
1125,0.13279755035728158
1132,0.1462856580928566
1160,0.06148078527478486
1161,0.15034059042573822
1165,0.06660275808236284
1171,0.24463916751074558
1181,0.08269378463491844
1185,0.15320022308017256
1197,0.1524547107387971
1202,0.14284152457544388
1205,0.034601540068857184
1206,0.15041592985903648
1213,0.15207648892289055
1216,0.06099012916351537
1228,0.14199379529088654
1232,0.15663377246250096
1238,0.08447004602397747
1241,0.06982405950180769
1246,0.1371453374952965
1258,0.11517761985086244
1263,0.15969290728280663
1289,0.13171691952458123
1301,0.15519419800921117
1302,0.06088116309166639
1303,0.16198921881726078
1312,0.1264193894523118
1314,0.14589415241641793
1322,0.08594753686936729
1326,0.062302103698577124
1328,0.06510528889163866
1334,0.15002119077242965
1336,0.14364504140151607
1337,0.06009629548751472
1338,0.1359605636109191
1340,0.15026154754618531
1361,0.15056606411867388
1365,0.1625804089368428
1368,0.2625322052082983
1370,0.08250087250070445
1378,0.1420291221849664
1381,0.16950551415402093
1388,0.14644889477090767
1393,0.14922540250711885
1395,0.12678219202096905
1400,0.14285401916130505
1404,0.06111305887490149
1405,0.06788244876512385
1411,0.15878111625590108
1414,0.160304134905237
1415,0.03265435153208845
1420,0.11021228677369378
1425,0.07772409727420197
1434,0.17295563403187994
1453,0.15565963632972388
1455,0.23964837526995383
1460,0.15330591890840264
1465,0.2441677276031564
1474,0.15022617216740897
1475,0.03227705852663728
1476,0.0655864218731646
1477,0.13742405066740992
1489,0.08221745933672052
1495,0.13208281169798622
1496,0.06105767654132574
1501,0.14349895721912248
1504,0.062145256801573935
1506,0.16199673790266672
1516,0.15711515472228582
1535,0.07834088014539
1541,0.06683368168401958
1546,0.060641307626759906
1552,0.06553821131042736
1558,0.143100858811559
1559,0.14129201531023067
1564,0.13634774249937012
1566,0.14550263419775686
1567,0.1618957301394106
1573,0.16351571238476953
1576,0.06559009561598274
1577,0.06467147333375929
1578,0.1198218836052065
1586,0.1363341466386991
1587,0.07223778456276733
1589,0.14320950500608082
1591,0.12675178965632747
1592,0.07050725644316645
1598,0.05996428194190339
1602,0.16003260103384692
1604,0.07000490442813677
1606,0.0668503854302928
1614,0.0335582154818565
1615,0.21639331570180922
1619,0.15640942803231148
1623,0.14681141873662965
1631,0.1483813291099315
1639,0.06021029907165397
1648,0.033143184831647805
1659,0.141608476115794
1669,0.15798056007971187
1673,0.13535579553186458
1678,0.14599079447461863
1682,0.22496075069490595
1683,0.13844827858921316
1692,0.1422303126060301
1693,0.15978174178241716
1695,0.15978307760300542
1698,0.15323645823160126
1706,0.2316725011405173
1709,0.13591412744722878
1710,0.16301892356870232
1719,0.13907301118916532
1720,0.0334172371491206
1726,0.13302045016730096
1730,0.14598226945165046
1732,0.13236768647233402
1733,0.1551829868915277
1736,0.08258839048740418
1743,0.153779606216321
1751,0.1447791687074801
1752,0.14401678678715135
1754,0.16243178036369627
1756,0.03439175700924514
1760,0.14664767701448397
1765,0.06408494667566006
1776,0.1363973907477023
1778,0.033517687875231426
1779,0.1458644860297462
1781,0.06059559496744711
1795,0.15640929213226848
1808,0.031051825863599756
1809,0.15441053750153816
1814,0.15258835696156714
1821,0.1496224524623978
1822,0.12739785346226085
1824,0.14386383130641162
1827,0.14551404174488888
1834,0.1558194043182481
1844,0.17055855693410168
1851,0.1485129065070121
1867,0.15103652115572064
1869,0.13179746636235018
1875,0.23604466366672555
1882,0.15045005315011659
1897,0.15480812949142
1910,0.15080844136205876
1917,0.14690040469649554
1918,0.10131300857669963
1935,0.1429248689882442
1936,0.14827312721752953
1937,0.06090576262026331
1949,0.14431383709836285
1952,0.0595922933760146
1956,0.1381410888653108
1969,0.061068869441468714
1970,0.1415023439335243
1971,0.1403626047714298
1977,0.15608076454238004
1982,0.14988192330193595
1995,0.13307934396485022
2002,0.15018391732934172
2004,0.15341815611919135
2011,0.15313221469629834
2013,0.14847277377136434
2014,0.14297250362019925
2026,0.1526871519969267
2040,0.13879064576245576
2043,0.15683567795096973
2060,0.13248045823382354
2069,0.08449488925040662
2073,0.1115338758543859
2076,0.061477640446420984
2082,0.13259841149856968
2089,0.06038286209898686
2091,0.16473072495707344
2103,0.06528829500486
2109,0.06132837474592539
2112,0.1476574986771046
2113,0.16490854468128216
2119,0.06472936836206356
2121,0.1516840920711244
2125,0.14643887180967965
2127,0.23527388326542356
2128,0.14832175637951092
2132,0.1473394603262899
2146,0.15378273112562094
2148,0.0339814140310524
2149,0.16351119619499224
2156,0.06486434586662873
2157,0.14794969467957983
2159,0.14803105404356331
2160,0.14026365695728654
2169,0.1555924771267643
2170,0.061994088450965476
2186,0.0693886989793852
2188,0.06083673027162914
2190,0.12817256896595663
2203,0.11365247826037997
2204,0.15347345244933802
2205,0.15252694248378953
2207,0.14330088601884255
2209,0.06156456182335382
2211,0.09089751626801157
2220,0.06114222965950274
2226,0.15606725243739145
2229,0.15507067967096472
2234,0.12810026999040064
2237,0.15220988138331923
2240,0.14311011820726963
2249,0.06077785312977076
2252,0.15374092925575084
2264,0.17282222718221774
2269,0.13486430212900297
2272,0.06385718173933266
2283,0.1349818940002619
2284,0.147833476116851
2287,0.15027761614933455
2290,0.14182462705549853
2298,0.06125031859261677
2328,0.14125245676961048
2329,0.16252441314703397
2330,0.16869285044679302
2336,0.14472250162347075
2338,0.1427880503540504
2341,0.22337735150442894
2353,0.16772703849889148
2356,0.03460921452000262
2366,0.15172254537191698
2401,0.13641397641303868
2404,0.06247635453621046
2408,0.1378846867659458
2409,0.1586029727383656
2410,0.14954920878833694
2421,0.24760496168268098
2425,0.15830174231252475
2427,0.1574692524825568
2429,0.15940022358220138
2432,0.14709108264426882
2435,0.14267002796264422
2436,0.12799842106840834
2447,0.13422106270411982
2449,0.06247915747997593
2454,0.06855488360904956
2460,0.03613861406054615
2472,0.15232770861899303
2479,0.13663873965541057
2483,0.14938204930771828
2484,0.14606820320286007
2492,0.15438285020005235
2493,0.06434923600790278
2495,0.1394014537289301
2498,0.18161904937284806
2501,0.14550172499488576
2510,0.13795829533145249
2512,0.05794657631854131
2516,0.034351243186975924
2517,0.15404614421682913
2538,0.03497056180744876
2561,0.14592539560405646
2563,0.13745174288795775
2567,0.13997643137870228
2569,0.08285722825525403
2576,0.1384974935101862
2588,0.1427600502763493
2592,0.060171711997110126
2593,0.14893985555215739
2604,0.12171395480010862
2613,0.14190576580384934
2620,0.13104679685123954
2626,0.06367127810874387
2629,0.06583780643400018
2634,0.06716595453066354
2637,0.16384708542905016
2649,0.15590275027134823
2653,0.15994306534384886
2661,0.1546417267576358
2662,0.10154775707528606
2668,0.10806667159035928
2684,0.15280274630823923
2686,0.15422718655389359
2706,0.1349411254954795
2709,0.14933768745206638
2710,0.13775812170135365
2712,0.08991641310477508
2717,0.14016860802737455
2718,0.14778563461271269
2720,0.11546896740909877
2726,0.15500201326271945
2732,0.15665646704946573
2735,0.15989272192226364
2736,0.13817225050153348
2754,0.13962859565084662
2755,0.06781596729127083
2758,0.14824799877541137
2759,0.06742220764430337
2768,0.16031887379327886
2769,0.15878368766823076
2770,0.14944831343497647
2776,0.06064790658395166
2779,0.227862138615317
2790,0.06332045865782028
2794,0.13898657720226512
2796,0.03306042551788274
2801,0.1504958139866
2810,0.09912842276122068
2813,0.14405371545413967
2820,0.1451263835193305
2822,0.1601749591445418
2830,0.14833143464402113
2831,0.1487240124322234
2835,0.1386182797180158
2837,0.14865856108036535
2852,0.15624894655375726
2861,0.14123692794029047
2864,0.06018803387982898
2869,0.06009283648805762
2870,0.3630381291476314
2883,0.03292501334102249
2890,0.05965936273210707
2892,0.06317647164994328
2895,0.15759628344593288
2908,0.16562438948724045
2911,0.05952500324168072
2918,0.14367791184951273
2931,0.15857112347341384
2936,0.15522783187613062
2938,0.22516693775778743
2940,0.15427811731948712
2942,0.1367111397634392
2943,0.03457469552872201
2945,0.1662188465932421
2949,0.06059322467910244
2959,0.16082534286311606
2966,0.15617545401448185
2969,0.15485411278358302
2970,0.13244009996196396
2975,0.13728262211431158
2976,0.1573088892784791
2987,0.13699753394486072
2993,0.06360554219256606
2995,0.06472936836206356
2998,0.05981989285092123
3002,0.151426218843441
3004,0.14096084024289757
3008,0.1546027344912299
3010,0.14247590234736646
3019,0.06271929630542225
3027,0.06279968215041365
3030,0.15411313322400963
3031,0.1529000902984501
3037,0.15725173777277163
3038,0.13783187019428841
3039,0.06874333488687236
3043,0.14747909749530222
3048,0.06414074630269845
3049,0.14071347391474875
3053,0.06038286209898686
3054,0.06194740400991319
3056,0.12689038517844275
3069,0.24113660772905235
3071,0.15974614039293378
3072,0.14769848808004699
3075,0.1626186018898872
3078,0.14798281292658158
3080,0.1336937188647739
3104,0.15284809902238317
3109,0.1512490020676762
3126,0.09169489638132511
3137,0.06491465057490865
3139,0.13021496192798745
3142,0.14716016380598954
3147,0.06249250420646076
3168,0.13966196100097433
3169,0.15233886739567304
3172,0.1353010380837638
3174,0.15234786730649086
3178,0.15711907809500797
3179,0.06574987555815671
3181,0.119770223715874
3190,0.16188780811356393
3192,0.1466499518193229
3196,0.15508636995077457
3197,0.1571312803310954
3206,0.15894335438740362
3208,0.033349193228553925
3210,0.13437610733039876
3214,0.23416357306078295
3220,0.08371562873323884
3228,0.060487211753403464
3232,0.13408740360237495
3247,0.13912570823694345
3253,0.0645792260369174
3256,0.06042116242322727
3257,0.14139425575782702
3262,0.10252625371477585
3269,0.06571945601896004
3276,0.061970561022239815
3279,0.24002179562747525
3282,0.08665339040234828
3284,0.06212403687486479
3285,0.15282357921284376
3295,0.1333755622448606
3297,0.0996511905167499
3298,0.12081737426826887
3311,0.06102407956183548
3313,0.13528301916622598
3321,0.13819796654708089
3325,0.13009476867905143
3329,0.22309324434088165
3345,0.16392777031904626
3347,0.13510970327541139
3349,0.13955644726306793
3350,0.11785793025004551
3354,0.14493961950744827
3356,0.2345550200953372
3363,0.12453459244933146
3372,0.13913016034909823
3376,0.1385552776545743
3380,0.14114500247265613
3383,0.13906666059432687
3385,0.1439277862951767
3387,0.14388749886221164
3395,0.06164314469989203
3396,0.059832144102799155
3397,0.137843563171424
3411,0.06921788936623655
3413,0.0609044270970756
3415,0.08392863954705367
3444,0.15711594718124333
3446,0.1428433901467692
3447,0.06483161816117894
3448,0.11984125785084805
3454,0.061540482356853776
3466,0.12990627649397524
3471,0.15972544412610234
3474,0.06439430287199212
3488,0.1436439396363906
3496,0.06938551600391026
3498,0.14305070107525805
3508,0.1433159176266305
3511,0.061154635201940546
3514,0.06859413830145054
3524,0.06870749452087
3526,0.13475635805753142
3529,0.03544511737332239
3552,0.03443598232633281
3561,0.06306825242420973
3564,0.215674878025447
3566,0.06066791020804616
3576,0.14228316564422758
3581,0.06203405308441635
3582,0.14138376951118226
3583,0.23297704327219756
3587,0.13954381915505557
3589,0.15458886449207143
3590,0.1037476866750572
3592,0.15216034428535025
3594,0.06401011561651873
3598,0.14695236118472366
3605,0.15600728985148846
3608,0.15618529467988998
3610,0.15519588344089127
3619,0.15162447173583293
3622,0.12605305113238607
3623,0.1663848533827905
3628,0.14056094817176504
3629,0.16056335788574805
3647,0.0602926898530566
3653,0.16373284412925676
3657,0.16435943954734283
3658,0.09972796063183757
3661,0.034036699678699045
3665,0.1501813393516552
3668,0.06584537955209291
3670,0.0812673686327494
3672,0.03299812968932936
3675,0.09949279291639691
3680,0.033348052986976656
3697,0.06458156462226336
3698,0.03198652509184584
3699,0.13608362933161283
3703,0.05828727430248141
3711,0.1362533622612255
3712,0.16098914864655284
3716,0.14175227037879098
3717,0.15210144709579376
3721,0.15493862253276694
3726,0.1387216288345117
3735,0.1593135537474235
3736,0.2389072198675854
3740,0.14216695878561206
3748,0.1073034285386154
3751,0.08975140925281133
3753,0.08352425388049824
3754,0.08658054568257696
3755,0.06290113493357895
3764,0.14315608357053283
3768,0.13979024359354583
3781,0.1436537741374119
3782,0.1636415536019332
3787,0.06883480029150048
3800,0.13662845169020318
3804,0.06375448247132955
3820,0.1670246346997267
3821,0.16714355520814053
3824,0.08169119015314338
3825,0.14281349305227978
3826,0.1684083803979277
3831,0.13961433707056234
3834,0.1439145315540749
3835,0.13905625936097887
3836,0.13066128288784748
3840,0.0900729163410967
3841,0.1620253964872789
3848,0.16789200537100057
3863,0.16257196473324267
3869,0.1404548553472085
3875,0.14240599441300275
3877,0.2333690897977149
3878,0.15231262550872984
3879,0.16671742326580904
3881,0.1515153092454261
3882,0.06370258555608913
3887,0.14358997297092566
3890,0.14765586935801223
3904,0.032544814034900935
3905,0.2561013226075587
3908,0.141386137859945
3917,0.18870794782954592
3927,0.14014621961253496
3931,0.17578676329682025
3938,0.15170877718746587
3944,0.1429699426908803
3947,0.14550376171548887
3950,0.1569731277432337
3971,0.14625854094882412
3982,0.06328481829747186
3991,0.032701438883527646
3992,0.1414899130991552
3997,0.08245615566212547
4005,0.06475374787609225
4008,0.14956905359174527
4016,0.06039722428802387
4018,0.16098940158889224
4020,0.16756594945480907
4027,0.062393094579718304
4038,0.13197732447949095
4045,0.13761940457137314
4048,0.15554159622901703
4051,0.13440789050531501
4054,0.13930080768366326
4055,0.14104973762617798
4065,0.14226819224967469
4066,0.14758629456317673
4073,0.10347770042699105
4079,0.06308361165065744
4084,0.13541434583700376
4087,0.17028125900226926
4089,0.059476440815579484
4091,0.22995191018066585
4092,0.13364205528484718
4102,0.2344917322034861
4108,0.17417405346023532
4113,0.157331383294208
4116,0.1483136870373952
4117,0.06288253784313856
4124,0.1411369021787651
4125,0.15265931021939017
4128,0.14662197158355908
4129,0.1585832187065245
4130,0.14717100916511686
4134,0.16374110969706157
4144,0.1360606152575444
4147,0.22479582963320888
4150,0.06394857477911484
4158,0.15398124571188523
4162,0.1458065031482987
4163,0.1412721645132733
4166,0.03279825990450025
4167,0.153464697519459
4168,0.14421860854188123
4175,0.033388324481786
4179,0.07105323878861462
4180,0.15067507865902624
4189,0.13921883132004764
4192,0.16783418065917902
4195,0.14181283350482957
4197,0.1377369360725807
4198,0.1552841207897146
4202,0.14124415522422892
4208,0.13734393602808015
4222,0.1544989871347341
4225,0.03288920725214852
4227,0.14323853137342393
4229,0.14326063071200618
4230,0.1455052543272169
4244,0.23295338310791747
4247,0.12993177578970244
4249,0.15396881748818733
4258,0.14862169256704763
4266,0.16280347088687738
4283,0.1123864822981647
4286,0.13756323493889325
4287,0.14255158026194756
4289,0.08410996491522237
4291,0.15168998428007896
4292,0.1528481327590896
4296,0.05994364691643545
4309,0.03285401381962015
4323,0.13963281726372692
4324,0.16005438224017268
4327,0.10798776182297047
4328,0.1423837895501578
4330,0.06688442628194886
4334,0.04888803760440551
4338,0.06426797946564922
4341,0.1535804353874911
4343,0.22667997793168987
4349,0.06384793793242302
4366,0.12052734698127072
4367,0.062280732977319765
4373,0.09255946282112426
4374,0.17573638596195404
4384,0.15335215089663037
4390,0.1480163296001348
4403,0.14374126623585162
4409,0.11796070721505272
4419,0.14440192210050284
4427,0.13499565579991588
4428,0.15564840660683613
4429,0.1462139141825068
4430,0.061477640446420984
4431,0.14770214023519915
4433,0.06474997964347225
4434,0.13633923549343713
4442,0.058572776074516185
4444,0.1329478981596619
4456,0.06453905325270161
4457,0.1437234024436492
4459,0.14090528660649324
4463,0.16411307220721397
4465,0.14526647728318687
4466,0.06375989597451351
4469,0.07135531503664035
4486,0.14053305213234768
4488,0.1536634029876713
4490,0.1353141274640448
4492,0.1361165896742288
4500,0.06631800145094599
4502,0.15712980058887915
4507,0.13279732898401905
4511,0.1429739767183758
4512,0.141841322759214
4516,0.1449586250112885
4520,0.1422191278349166
4536,0.08247337170338691
4538,0.060720359774571284
4549,0.06341677028500575
4554,0.13847417188568992
4561,0.14738052512552471
4564,0.1259130431699847
4566,0.12959575415629365
4568,0.15189483074824023
4580,0.14614357641733938
4586,0.06427467876285387
4594,0.1515746216680786
4598,0.14530993274637535
4602,0.15105242827110793
4609,0.1450763396067412
4610,0.13783514451739629
4611,0.14146816001730803
4619,0.14705330096524477
4624,0.15562335903283597
4627,0.13775812170135365
4631,0.13598769571677258
4632,0.14936230696075437
4635,0.0629269596098076
4637,0.14712231968868975
4641,0.152754317819472
4643,0.06432517123974951
4660,0.032544814034900935
4665,0.16395207484754817
4667,0.03404155449726761
4668,0.13442176349770119
4670,0.14696800988522357
4674,0.06057480898962213
4676,0.14169119553223114
4683,0.17922094710705452
4684,0.06469664886144774
4687,0.1355406129687229
4704,0.14284535702724177
4706,0.1491550380740443
4732,0.15133070418746886
4734,0.1559237319617034
4735,0.148079325539586
4744,0.06125018792921241
4755,0.14241224455499946
4759,0.06049813653688441
4762,0.0642811494858082
4765,0.16234836645074469
4767,0.1374999711783509
4775,0.1364976696941456
4780,0.15670373486870648
4789,0.14232695472442836
4794,0.16689777372059772
4795,0.13479226689715906
4797,0.13560748503010603
4803,0.06018297294658944
4810,0.14960961695398317
4812,0.15908775758534527
4814,0.15091756981294954
4818,0.1325688706075901
4820,0.06658841070169157
4822,0.15637509397778412
4827,0.0741845240013864
4828,0.0641922649646257
4831,0.0346059202207096
4839,0.14580552219444456
4841,0.13508404548251055
4842,0.03599798172076169
4844,0.14709362667965267
4852,0.060417507375397514
4861,0.07150082186983996
4863,0.22419945760715537
4878,0.13852041883537025
4881,0.14634598023335665
4883,0.1573024433401125
4884,0.13672467801371954
4890,0.14007528413481124
4894,0.03139930328017192
4895,0.16095768631289512
4898,0.14310831542432223
4899,0.05974066406022951
4901,0.06617841828511947
4902,0.058427624518944836
4919,0.14099842629129664
4934,0.0648311500830011
4937,0.14060826050217062
4939,0.05978682149890394
4945,0.034411436120012344
4952,0.13348127768338142
4953,0.15901121167874668
4954,0.13226539670627735
4955,0.13360076104162152
4967,0.06418817496783734
4970,0.15380899850681726
4979,0.15093630395232754
4983,0.13973961638386947
4989,0.12003860608369886
4995,0.14502393880686562
5004,0.16183383113253583
5007,0.14960579369628274
5009,0.06477899797818003
5010,0.1342072427562454
5016,0.13697502246719784
5033,0.06064790658395166
5038,0.032222655968683796
5045,0.10412761462345663
5049,0.0622531561237377
5051,0.06040044636603665
5055,0.14319068874259003
5058,0.06281710178437831
5059,0.060735004470742884
5073,0.14382112838162275
5074,0.21985054585437944
5076,0.14901085584564594
5078,0.06714265908832873
5081,0.1375987044253336
5082,0.1277869645423579
5084,0.03219310961652608
5105,0.1442801638371621
5107,0.14828332873074726
5111,0.07358304744750119
5120,0.033469856501235136
5121,0.1366880139736701
5123,0.1438950085887582
5141,0.14273071265109513
5144,0.14477141131570959
5147,0.15217916982465107
5149,0.03305146017211104
5152,0.03368809489285105
5160,0.13282834163297075
5170,0.1538564592012803
5171,0.14049633957669289
5176,0.1591358798320688
5178,0.16764792995020597
5192,0.059582159332495666
5195,0.07076822528004906
5204,0.14236981556851044
5208,0.15010682935823336
5211,0.09578248522262782
5216,0.033604899577380894
5217,0.1480711293563712
5225,0.15276678523754791
5228,0.17545434538766919
5239,0.05819798492928699
5241,0.06417601914044259
5243,0.14845576697411186
5246,0.15581032734494166
5247,0.1541513279043029
5249,0.06144895167624056
5251,0.1653474721408241
5255,0.1393102118834299
5257,0.15194454539039545
5259,0.07084375660875308
5260,0.14628160384375472
5269,0.15756950325228142
5281,0.14210742205097107
5284,0.14823269205114467
5286,0.0692548000200001
5292,0.070700966595555
5293,0.14133160097146155
5299,0.14423580734974048
5301,0.13454034272638432
5303,0.12347974349594809
5305,0.13656311512518896
5319,0.09423641118080746
5325,0.06063601679940009
5331,0.1396515199648806
5333,0.1154471562398215
5335,0.13737387852599506
5339,0.10228553468655016
5340,0.13839480134055945
5341,0.13460853215627946
5343,0.09537230683423147
5347,0.16182292205925702
5353,0.14440005483181398
5355,0.14040655089234358
5363,0.15169666870541926
5365,0.1549434999426182
5373,0.13640841844621468
5377,0.1637350623802389
5379,0.06729870287592685
5385,0.14469678065469885
5386,0.06009187048549848
5387,0.14149687145172687
5389,0.0333714714502522
5390,0.06832030467986996
5396,0.06268630057936628
5397,0.033506062052741974
5404,0.13572199479480648
5407,0.149116364512218
5410,0.032343125360592806
5411,0.06088136510301853
5412,0.130438852742119
5413,0.06014303586399671
5418,0.14732159787970048
5424,0.14951199399467308
5427,0.1679254346146108
5428,0.14534852286054506
5433,0.15033045567244693
5441,0.15797301288275
5448,0.13728262211431158
5456,0.1405425294240597
5460,0.06190807337490215
5465,0.14771321493592085
5468,0.06432426855514084
5470,0.15679909710498327
5475,0.13320737428929794
5487,0.16024184067468086
5501,0.06136837271675911
5504,0.14672742451257068
5508,0.1379960127226706
5510,0.10891443844121859
5514,0.0604804788010534
5528,0.1576586870179483
5540,0.1301276985222939
5543,0.13687546888205002
5545,0.1392925492725298
5546,0.1599791456003117
5548,0.06163831985104795
5551,0.24766172679577836
5553,0.1340574749121908
5556,0.13604755420375658
5560,0.13917516373255295
5563,0.14406850579123184
5569,0.033124745320812235
5572,0.06442059327219389
5576,0.061512664327436066
5582,0.1432155187979309
5586,0.06220259264228346
5598,0.05989151057712084
5605,0.1445342853963308
5608,0.1401729318212552
5610,0.14534605822788274
5622,0.07723073974070088
5628,0.14585215317597255
5632,0.14280016352313166
5640,0.06285212190057433
5641,0.08212988409879647
5647,0.06827045801094953
5654,0.17195460857775527
5665,0.16186963577031035
5667,0.15442370996192817
5674,0.06992481039322966
5691,0.14969763787353438
5694,0.15386486902287594
5706,0.14061873076341355
5716,0.0737047323268683
5722,0.06445391295675393
5738,0.14316585406302978
5745,0.14488154490335003
5746,0.09119411425851918
5755,0.15769628975907987
5756,0.03242506675040515
5760,0.1454873697450589
5761,0.148723842480915
5762,0.06250423091861732
5763,0.06088214867550041
5765,0.1498761373974144
5773,0.14402799472539543
5781,0.14199566350448684
5786,0.14910918844665014
5789,0.15299834126446502
5802,0.14820894397975864
5808,0.14886482660472083
5811,0.13458915601220853
5812,0.23637808286928677
5813,0.13447793155148652
5821,0.15087063011364849
5829,0.15687417684008717
5838,0.14389020412886921
5842,0.17326568388514663
5861,0.1445844252972783
5864,0.1297432920182955
5871,0.1414994745540701
5875,0.14811279124672627
5879,0.15276250656850776
5881,0.15328083148969124
5891,0.06406427042866905
5903,0.05772565540514372
5909,0.15251160293170826
5914,0.16429641313084853
5918,0.15009108869762708
5933,0.06031799289553713
5945,0.061273880746902876
5948,0.06821544109802735
5949,0.035972314501263064
5950,0.14516329783985837
5952,0.15300502824274834
5955,0.16266521526054897
5959,0.16764310493831386
5961,0.14865218871011948
5964,0.04916819655741487
5966,0.1521315215282645
5978,0.14370964864538263
5980,0.13149318020539116
5983,0.1526293424399656
5985,0.14770014096172124
5995,0.13729251063170952
6009,0.14729034143782882
6016,0.0797650045193091
6021,0.1507359264037657
6023,0.10952592265149473
6029,0.16040756232762354
6033,0.15114181080655523
6036,0.03365984679978864
6039,0.14893143388827196
6046,0.22247768065354645
6047,0.1291590275013648
6051,0.15837270264357356
6054,0.05994364691643545
6061,0.15428924923514947
6065,0.11798851697748736
6068,0.13492155137078973
6069,0.22615137514711167
6070,0.14578378860531546
6072,0.13173484376988784
6076,0.13532462938723513
6082,0.0679533186735585
6104,0.1449259235899626
6110,0.14907022123689992
6122,0.1520717835515423
6123,0.16121737794681212
6126,0.06017721975322093
6128,0.15101656122602025
6131,0.06325594208728455
6139,0.14154187982834446
6140,0.1562420513758953
6142,0.231913328617874
6143,0.08494585837338935
6147,0.15394112378355782
6152,0.16574814117900072
6164,0.15176784267450352
6171,0.15227239556627598
6173,0.15306845679694506
6175,0.16477497975577823
6176,0.03396216687371603
6179,0.15555958654102076
6181,0.13897352839981103
6191,0.07023926331783303
6200,0.14988508177663334
6201,0.1467240659379598
6208,0.16281094213888336
6219,0.15926218329661831
6223,0.06242479498374327
6224,0.1505515115552766
6237,0.07828462740061203
6255,0.13628143100368736
6265,0.14503557428105515
6273,0.13861998897167355
6279,0.15067463339152654
6284,0.14424911128151646
6295,0.13756949833463442
6306,0.03284091532520051
6311,0.22432735631061798
6327,0.132242518490198
6330,0.14383660371976817
6338,0.15373146439104082
6343,0.15679036473541597
6345,0.22856070385089938
6351,0.13348612031583848
6357,0.03362235602321379
6360,0.13471958532214987
6389,0.06498172370652923
6392,0.15483197632286227
6404,0.1470431339760365
6406,0.061524444364125734
6407,0.15017655505068056
6414,0.06208607855775587
6419,0.15183666598189763
6425,0.14770938254763424
6428,0.05996115792293078
6431,0.13577738048531984
6435,0.14631915011463623
6436,0.06779751693555902
6440,0.11485923875301787
6446,0.1366841182180721
6465,0.1340856770919989
6473,0.14040429999356724
6476,0.0646711218733105
6477,0.11453130226529416
6478,0.15542699988595923
6494,0.10844377882969951
6501,0.15437118103469144
6502,0.2160474493493136
6503,0.14805969540718417
6514,0.057557757076626796
6516,0.13189955982552873
6534,0.1512496000945449
6541,0.06064790658395166
6553,0.14338021797470932
6557,0.138547486563856
6559,0.14598725957103
6560,0.16815290102894628
6562,0.13706265826014116
6575,0.15669774361374444
6583,0.03377884356289937
6588,0.15283905036400866
6590,0.08475713221443697
6594,0.10469643707481495
6602,0.15170939823067106
6603,0.14282501644157736
6606,0.1353299190133805
6614,0.15375411280988527
6618,0.13158182863937606
6628,0.13929900537148693
6633,0.06589583623058254
6639,0.1353951349633489
6648,0.14978774862188474
6654,0.13396181740140667
6656,0.06327287407804752
6657,0.18322649091224685
6663,0.034130534056997335
6664,0.13408740360237495
6666,0.03431501181878333
6670,0.12884739588173022
6671,0.10231484735405932
6683,0.06331050289519707
6694,0.13966408376515763
6695,0.14797578057774072
6699,0.1435210927825591
6701,0.1481253845913904
6706,0.03259299164546611
6707,0.03346786932925303
6720,0.14624880436296128
6721,0.06278846097516542
6726,0.15435670341855612
6735,0.14726721153563185
6745,0.14754673842280266
6746,0.12863049226662238
6751,0.032827942586083514
6759,0.16355688052886078
6760,0.10145409740769751
6765,0.1320498560510024
6774,0.06491215046567266
6776,0.14724861408670398
6779,0.1510409957412119
6789,0.15369382151089495
6792,0.23598535843120305
6797,0.03354388077963754
6807,0.1452247995634161
6808,0.15113285919622854
6811,0.15349036801862256
6813,0.06434679126938232
6814,0.1393845091938227
6817,0.14216001838714376
6826,0.14159613971279517
6830,0.06438782420991142
6832,0.14732866335895756
6838,0.1835692451319555
6840,0.14015058053383803
6850,0.13562286346064295
6851,0.13467864467617238
6854,0.21999261590513916
6856,0.1729745054247773
6858,0.10051978333911903
6866,0.15693183924856496
6871,0.15654972687234844
6872,0.14715659213360216
6879,0.14629867853845507
6881,0.061805937233792324
6882,0.14727290212002966
6883,0.1567726475869224
6894,0.16041636074406426
6899,0.061434414205222845
6903,0.1447374808178416
6908,0.15872774418437527
6914,0.15312787840194247
6915,0.14113090906571363
6917,0.15035173404651897
6922,0.034104188263760354
6933,0.0634046919553977
6944,0.13162532652966502
6948,0.15270052962671643
6957,0.13423003719388119
6964,0.14828282716486674
6987,0.13960081362819282
6989,0.05845066984669032
6991,0.138748237397809
6992,0.10045131536052149
7019,0.13117659836548642
7021,0.0620750950324437
7023,0.13635254562118196
7033,0.06184692488054453
7034,0.14182774436263904
7043,0.15198052253680117
7047,0.1340856770919989
7050,0.11459630097144573
7057,0.08397443247705126
7069,0.06545230774795167
7070,0.06686651155084665
7072,0.16023749422553046
7081,0.13507081917222855
7082,0.06680090510594178
7088,0.15485767206173143
7093,0.15704169269646356
7100,0.14806458307342282
7104,0.09302487110502054
7109,0.06047312341254846
7111,0.15800284461063488
7113,0.03272281545205714
7119,0.12855345642437843
7122,0.060138705637429506
7134,0.2493899858278287
7147,0.06153965939424914
7155,0.14744046716524653
7156,0.14881304802737225
7163,0.24579373243098077
7173,0.06895937854268724
7177,0.14270301837511046
7179,0.15199191150838978
7191,0.14843845930438593
7196,0.1663301469743646
7197,0.032566159441264494
7205,0.060285209723243645
7209,0.06812758367062215
7215,0.06750382148241879
7216,0.10925351596937842
7217,0.14421455711968476
7224,0.13826607343665578
7230,0.15301340019691154
7235,0.16011070613364226
7237,0.16273003851151116
7245,0.15561963292029696
7246,0.13447093043849456
7252,0.07122678686251427
7257,0.15218530217593615
7258,0.1437647336731642
7261,0.10333885203555657
7269,0.13424001259640692
7270,0.14262005358440402
7283,0.14839673306972126
7299,0.1355395109764615
7301,0.0606733490751569
7304,0.16108372252321382
7311,0.15342903086294965
7314,0.1533135526432788
7332,0.1350282725206316
7333,0.15471694893375684
7335,0.1404283743799382
7336,0.06893152781719696
7337,0.15301609783451237
7344,0.13102602236476543
7348,0.15233877430207318
7351,0.1350282725206316
7352,0.06458879755941259
7371,0.1439348507539503
7373,0.13636069510315932
7376,0.09258026935787352
7383,0.22025989106658517
7390,0.03467313367221176
7391,0.06553543581545097
7392,0.1396671763310974
7395,0.059472722889049034
7400,0.1413637986307801
7403,0.14369791557394326
7404,0.13674562788557965
7414,0.14126659370960162
7429,0.1533268203330742
7435,0.14393191198675914
7436,0.1379431540829021
7438,0.14662078697058534
7441,0.03292501334102249
7443,0.2464148208444355
7444,0.17357455814007988
7452,0.09105383673600043
7456,0.12925261553591766
7462,0.08359884374210251
7483,0.10955570108173969
7490,0.15623647792286233
7492,0.15128431407332382
7504,0.07097281453329748
7507,0.14208612695768094
7511,0.060285209723243645
7519,0.1507697469435532
7520,0.25649875827183816
7522,0.0628067770229636
7530,0.06341979311857202
7536,0.1492463735659446
7541,0.14372214704497088
7543,0.061329068979727064
7545,0.14846566006543616
7558,0.16291879870801212
7560,0.14775447192228786
7561,0.13479879375442796
7571,0.13819512325722885
7579,0.14768339272562525
7580,0.1195261749442138
7581,0.15399989285131277
7586,0.14159459026931892
7590,0.16642589270626085
7592,0.14502994033366182
7594,0.1412976026178552
7595,0.1570132412370264
7601,0.15097346938562176
7602,0.1539056570672158
7603,0.13685349881667808
7611,0.14990578954811962
7617,0.057391725080047515
7618,0.15820024550428738
7619,0.14119719573276548
7625,0.0607222884520111
7628,0.14683835146838
7630,0.060376765486731036
7631,0.06353090532929702
7633,0.14405955803196877
7634,0.14725979260604152
7641,0.16771134621453748
7642,0.1556287214802294
7646,0.12510329207167126
7662,0.16958993786232607
7666,0.1519658104302467
7674,0.11672060564207026
7676,0.14047826734525223
7679,0.16166715462495934
7681,0.15133566267599619
7686,0.06041542426408552
7696,0.16707946252563585
7707,0.061869808117447495
7708,0.0331295618459616
7712,0.03366284047129999
7715,0.1540378530968501
7716,0.06788519282422305
7717,0.17338405639887647
7719,0.06229452095191987
7723,0.06767290261039208
7726,0.15733788320081196
7734,0.154413941061386
7739,0.09075398622541114
7743,0.14261900969738955
7751,0.06404271491686327
7752,0.14889843388149135
7755,0.14755656549661977
7758,0.060285209723243645
7761,0.15342851621485337
7767,0.06100234661347004
7773,0.1347828257314971
7779,0.06951737727384422
7785,0.06656928005607654
7792,0.06591884692701343
7800,0.15256027696087776
7801,0.10797986550498233
7802,0.1188580975016055
7808,0.15728662230694385
7811,0.14062344446741748
7816,0.061811261597005014
7822,0.0654265388758097
7823,0.06243534632151504
7832,0.14902909606572404
7833,0.14667389099300454
7838,0.06584540136804379
7840,0.13957597030886645
7857,0.1429618542185903
7877,0.06146716603657296
7885,0.22264389065841256
7900,0.14585754619880176
7907,0.13995317394449883
7910,0.06007996942261598
7918,0.15699418750723304
7919,0.0683652333830769
7928,0.1320034387418266
7933,0.15852885944865472
7941,0.13675132803323464
7947,0.08157653211147628
7955,0.13900642456540296
7956,0.1454569976339612
7957,0.15296097201601216
7964,0.14925201725801254
7968,0.1578265027398642
7980,0.06482435054521778
8004,0.24647905958133506
8016,0.1497076814420999
8017,0.06291217037119935
8024,0.17595490699341076
8031,0.13698051483389212
8032,0.05999031124251127
8035,0.1463808775961278
8036,0.15012052782240065
8037,0.06250531708314934
8052,0.14338856912991607
8055,0.06416613924534827
8059,0.14831669082812934
8063,0.14013906414737762
8064,0.15234704810005933
8068,0.15262940407344633
8070,0.06922413524653412
8072,0.14607130618159936
8085,0.14875462351501373
8089,0.14180100327729342
8097,0.0588475746011877
8100,0.14179505726218697
8102,0.14816822312654634
8105,0.061276909135379726
8114,0.1409790803876782
8117,0.1564893982840907
8120,0.13337642693022253
8126,0.13724599610484875
8128,0.0694718447103405
8135,0.0663295191971804
8137,0.13050694808370775
8148,0.11261322797078728
8169,0.06097851493191324
8173,0.06154659890167865
8178,0.1450371413005927
8179,0.21685357612606482
8182,0.03302437188837912
8184,0.13872518447425147
8186,0.14208835832224287
8189,0.15474094143265504
8196,0.1453438632764315
8216,0.1523884042839336
8219,0.14150749677760868
8221,0.13862421226720398
8227,0.0695839474795772
8232,0.12371930363025349
8245,0.14238014435059407
8248,0.14286079654084805
8249,0.1463391091475807
8250,0.135939756497619
8256,0.06097851493191324
8258,0.15167969602918954
8259,0.03245758992625417
8268,0.12761160612849257
8271,0.15028793743745172
8273,0.15487645130915262
8275,0.14211350917124915
8277,0.1487356410229922
8283,0.13622776145490212
8288,0.06301571212300605
8299,0.061524444364125734
8300,0.13615550353747163
8301,0.06295753084211912
8307,0.1518359981167692
8315,0.15406565198517158
8324,0.10896145767117213
8326,0.1344786671899324
8351,0.06368685828612751
8367,0.03287383992701945
8368,0.1496644353710115
8371,0.17365270193693683
8383,0.1342713033318147
8386,0.14844695634719957
8402,0.06199591925289118
8404,0.15178582434516222
8421,0.16360266917523375
8422,0.0625828849811023
8425,0.1600132641271999
8429,0.13831983268011477
8433,0.14549779620614733
8437,0.13682524797845919
8440,0.06037576669371252
8455,0.16632582221074696
8479,0.16606838695393628
8482,0.06383334067461374
8485,0.16206061059817872
8489,0.0662770232161312
8490,0.032485708233914515
8492,0.060906372685310045
8496,0.14373912199290786
8497,0.14928191044453626
8498,0.1427682902211913
8500,0.14505602292982758
8501,0.14109174934084778
8508,0.14939033311859864
8512,0.16604672414304072
8522,0.16325932909909727
8536,0.03302719176955463
8545,0.14044417266997006
8546,0.14178057540488748
8554,0.15233125742411874
8556,0.1455763630978661
8557,0.14456015272067038
8559,0.14157577622182696
8560,0.14422169759731515
8563,0.1495060314752342
8565,0.14544556808150128
8574,0.12951871062914988
8578,0.06374549008252117
8585,0.06025991955120025
8602,0.1665512511177434
8605,0.0951456267905964
8609,0.14355023163175737
8614,0.09260569918703541
8619,0.14051015601206304
8629,0.1421256519599543
8632,0.1581533932505057
8635,0.061295841306815944
8639,0.05996423545726255
8642,0.06427040151740739
8643,0.13013241705818496
8655,0.14920071707360116
8657,0.1426276000096961
8662,0.14980077092992763
8666,0.16198550541163115
8674,0.06064790658395166
8676,0.1531394664805368
8686,0.13464959739464208
8691,0.1377666711691564
8702,0.1466975615474981
8714,0.06140768668111418
8718,0.14009645786608144
8731,0.14228629248358324
8738,0.1597993117830174
8745,0.06081122370426271
8749,0.1583015669972943
8754,0.1383928519462825
8760,0.15461705101213674
8762,0.060964772725605194
8767,0.032298953307719355
8768,0.14082258625713545
8769,0.03243762884255562
8771,0.14331310373804884
8795,0.12368362371846851
8796,0.06263152433692604
8811,0.13991975694904274
8815,0.16464220856231698
8820,0.1482841521123802
8825,0.15023787614309544
8832,0.12421442006752681
8839,0.06460916583547004
8841,0.16183455702783936
8848,0.1422001131318002
8849,0.06971368855425804
8856,0.1379943491843273
8875,0.1442842548479892
8879,0.06212403687486479
8882,0.14474940676511283
8885,0.1413311599890265
8892,0.14164908558340258
8897,0.15051872215913692
8905,0.03333459112817698
8921,0.06289916751786682
8928,0.1377632370294778
8935,0.14218899607087654
8939,0.06289986641054945
8941,0.14562657625987147
8942,0.03394976179844672
8949,0.14152936455148862
8951,0.06434129340175461
8958,0.1493295877138925
8964,0.06455751451089432
8972,0.03244763355717453
8978,0.1535073378916193
8979,0.07812275922243495
8988,0.15051010285119334
8997,0.13370878948396572
8998,0.032123737305391205
8999,0.14903237440045408
9006,0.06250423091861732
9012,0.15516768873053907
9024,0.15138645986270294
9026,0.15167934211467143
9030,0.1568595188973801
9034,0.06159248526502962
9036,0.15955755419538054
9038,0.06539331227290261
9040,0.14919147846196124
9041,0.07413000968943009
9042,0.0641617593881147
9046,0.06189674137052829
9051,0.1425065509835971
9054,0.158972710269691
9057,0.060438803955240046
9062,0.06596242596825526
9072,0.13451007268790283
9075,0.14468719378754555
9079,0.13901907984050255
9081,0.0650218193111382
9091,0.13709759279673905
9110,0.06101692040519302
9113,0.15859512442429485
9116,0.14156501685760073
9120,0.06511448518001481
9126,0.1621944030261133
9133,0.14321155542503178
9135,0.1544798408492959
9144,0.12789457783338215
9146,0.14117714885177005
9153,0.13097999962487428
9155,0.06158388639561653
9160,0.08297844715381968
9165,0.1546628976972123
9172,0.15902263870284478
9174,0.0604974276650647
9179,0.07158909027689733
9180,0.1361077474446815
9195,0.25369345477114574
9199,0.13996577311695932
9204,0.1023831978152613
9205,0.06076940664023138
9210,0.15246622400154816
9228,0.12949475569533778
9233,0.14206155832667217
9235,0.14525011526329165
9237,0.06140768668111418
9239,0.06111336345064285
9240,0.06299238344220429
9241,0.2278186221827958
9242,0.14001471097465698
9246,0.06221829710696195
9248,0.14531867419645136
9253,0.14650456087152547
9254,0.13599238333355146
9260,0.12120452493653722
9261,0.03315078167882634
9262,0.1525804995144846
9263,0.16548250749729393
9268,0.15193067222975423
9275,0.06581363685755698
9278,0.13359878609389952
9287,0.13931010911448122
9292,0.15632956651248658
9308,0.16128924028916178
9309,0.1449575190547253
9310,0.15079705427712436
9312,0.08262530266631926
9314,0.06504836737128832
9316,0.062207878269236565
9318,0.13075728631748124
9322,0.14683396151521766
9325,0.14713431894032172
9327,0.14357893380531103
9336,0.13655866942201741
9340,0.13890764798139715
9342,0.14679472540743727
9346,0.13324155552487388
9351,0.2198177302972906
9357,0.1377666711691564
9372,0.15526212121234434
9374,0.03627984642494414
9378,0.22361729635529534
9385,0.08175453333204738
9413,0.06573010494914626
9418,0.13701939233702792
9420,0.14821512782734497
9422,0.06767664969160206
9423,0.1372694091083358
9425,0.14837174707606157
9426,0.15360549950861285
9434,0.14264813653697203
9436,0.10218982098851746
9439,0.03338744335816615
9446,0.06554839007903523
9460,0.13379143043271316
9461,0.15262048620087154
9467,0.151868327408683
9472,0.15477325541248171
9483,0.13489199503962462
9485,0.15095720686989897
9492,0.07068564894224591
9500,0.13280060854663892
9507,0.14307373619153443
9514,0.15587488509426217
9516,0.15826258398277054
9520,0.08213240267481534
9542,0.13556816255530474
9544,0.23077011748341508
9548,0.15300743010626558
9556,0.06564707927090327
9558,0.15917803078944104
9565,0.154938502544428
9571,0.1448056717137809
9575,0.13902533820501387
9587,0.13365011274420463
9602,0.1629662797524217
9609,0.06042143775827866
9618,0.12529635216869295
9622,0.15261653718849572
9624,0.15253540981345615
9648,0.15475721883045795
9658,0.15244477199153827
9668,0.15096661433474723
9702,0.061502429358014775
9705,0.14165131170968254
9706,0.0647025716785744
9707,0.14995473030938256
9708,0.0811489441131039
9710,0.16401758484032616
9726,0.14388539360352096
9753,0.03668895802494201
9757,0.12829063373933558
9761,0.061784420277507086
9765,0.22437701302166813
9768,0.16752353730906136
9769,0.1467428481545758
9775,0.032544814034900935
9778,0.14196016596285904
9788,0.10265625375289344
9789,0.15941877272039745
9792,0.13762170086760236
9815,0.13625859367465917
9816,0.064323843780922
9822,0.06181559991228512
9823,0.15032641187481163
9827,0.13405065644168412
9835,0.13984102241708213
9840,0.03304957634414078
9841,0.14208612695768094
9849,0.14365749357923405
9853,0.14057525421783063
9869,0.06493907790945525
9873,0.06456741029367824
9881,0.05716098853713005
9892,0.14812570389799387
9898,0.15459269687988744
9899,0.1497916638704081
9915,0.13940718359268678
9936,0.16263040297829082
9940,0.14818722047379837
9941,0.061884290671164556
9947,0.032304502180638496
9957,0.13852347056636757
9962,0.06368901586700258
9963,0.1412853669312229
9964,0.14571950009552112
9965,0.1554985155181664
9968,0.15242917540667025
9971,0.1158738219497476
9973,0.16749076632399876
9980,0.0647583281330046
10002,0.17635679845355517
10005,0.06426146400800406
10007,0.13257019608604564
10010,0.14778852807643875
10013,0.14877560694655445
10014,0.06422001621159001
10017,0.13691891838843936
10024,0.14291201145513777
10030,0.11417897300491514
10037,0.15770029020460744
10046,0.11352215543373223
10051,0.1450219037091455
10063,0.15565198102959285
10067,0.1412884831595147
10073,0.06478886190229599
10096,0.06010022882859769
10099,0.06583727006404
10100,0.033467749092114425
10101,0.13166939318954268
10103,0.06083582791679674
10110,0.1501523819716297
10113,0.15294516864339383
10116,0.06147470822282481
10124,0.14816262609264272
10127,0.12692671358157737
10129,0.1606029143623858
10139,0.15569658859655958
10140,0.16301578763153446
10145,0.23476673740520593
10149,0.10576886519697139
10151,0.17399052302327309
10165,0.06499467952278373
10166,0.06000693297838745
10168,0.15321615246061146
10174,0.08955459373950363
10186,0.06693466946195285
10189,0.13460015223572958
10193,0.15466586014705033
10197,0.06054204171732596
10201,0.126266417912063
10206,0.1604281401385769
10211,0.1369880616128204
10216,0.1550265703991106
10224,0.1379167635250541
10234,0.16865135876458737
10236,0.14502289377949137
10239,0.15276620574473695
10247,0.06321415988057319
10250,0.03313274306501571
10253,0.1434641206980429
10254,0.14217616968100288
10263,0.14491781717808006
10264,0.15157962669820504
10265,0.15332933940960217
10275,0.05929656687339138
10280,0.14101115277862758
10286,0.15717952453235867
10287,0.16182599742675757
10293,0.13995663473206232
10294,0.14008470794379715
10303,0.061402964670977486
10308,0.15645643912854876
10311,0.149174140711089
10318,0.15279301229954842
10323,0.15490039182551468
10324,0.1369830224895212
10327,0.11929950135001162
10330,0.13882464347395984
10331,0.14257601680218257
10333,0.06174863375112042
10334,0.15320071833903223
10335,0.15472801768737315
10338,0.135026061914899
10339,0.14439247238640265
10348,0.06795227493638681
10354,0.23856636774885853
10356,0.13321800284070826
10367,0.06893936776371447
10375,0.1350282725206316
10384,0.14213096699959032
10386,0.06433376220550194
10389,0.15372148612536995
10393,0.1463515296091617
10404,0.1428096941548246
10408,0.062262201621814624
10416,0.1401959904171149
10434,0.15021731491336193
10448,0.15743647558660978
10449,0.0660958811735842
10452,0.06046411752468826
10453,0.1546326194321228
10454,0.14504879774841928
10461,0.1354443363855058
10462,0.06123861579860716
10472,0.06603159118277865
10474,0.15402629403977267
10476,0.14137188592085906
10478,0.061930745126643545
10483,0.09340352772133391
10492,0.12535942387192578
10493,0.16609915678982512
10499,0.06641112070515459
10501,0.05994362816778517
10509,0.13858700436377394
10512,0.14328662323620994
10513,0.12622496499023136
10516,0.14347730714512655
10517,0.14875891440639372
10525,0.1477630415161265
10529,0.12771530080286386
10532,0.1476011067717793
10537,0.1448390894459512
10541,0.15935230850370416
10545,0.12218688627330714
10548,0.12813421483894452
10552,0.034051639221144854
10554,0.16157300889560253
10557,0.13580856977926392
10564,0.14441806375410357
10574,0.05991849089654595
10591,0.14765416870071454
10596,0.14071884363291717
10600,0.1648928888446266
10606,0.05993394922956123
10611,0.1367061056945378
10622,0.0604037261858683
10626,0.14294778746827405
10629,0.06882824662288912
10630,0.1457294037137472
10631,0.14835575429885822
10633,0.036040864345463476
10638,0.1551298958818256
10639,0.16110981245525569
10640,0.08495314704989418
10657,0.15361989204249088
10663,0.1405562097514213
10664,0.1415887506440974
10667,0.14172173568869184
10671,0.1475718017269527
10672,0.14159462741113768
10675,0.13358995794977835
10679,0.1553681667955014
10681,0.15188347257328577
10683,0.06114224401857383
10688,0.13257221504288919
10701,0.14771546012381492
10704,0.14997945310751304
10709,0.15301706196232168
10715,0.14406198502319537
10718,0.06190341668810215
10724,0.14098127258600995
10731,0.06958443688009347
10733,0.13761570587916191
10737,0.15793294278049352
10744,0.06131263311333788
10750,0.10036270196403788
10770,0.13172441096952014
10776,0.1501537658548158
10780,0.06251071028415459
10782,0.24416501651001968
10789,0.16525436560725965
10793,0.14810750300165096
10795,0.15843122899835557
10807,0.14637835200055585
10813,0.1463368105093246
10815,0.1381477487398802
10817,0.15839144929852378
10819,0.13366314846589816
10824,0.15653868252566966
10828,0.15020583299324614
10830,0.062254266323466756
10832,0.14332637957576347
10836,0.14982453883855276
10839,0.14236926110127118
10843,0.1351331298176652
10844,0.13972524966569524
10866,0.2449208215621333
10872,0.12171328135860986
10873,0.061798740899857714
10878,0.22489149496538002
10889,0.06178911133919753
10899,0.14944360744015336
10901,0.15582915263898553
10904,0.16431443356843253
10910,0.15551336586417228
10911,0.1365913440554286
10917,0.1344559920720923
10920,0.15243484708805405
10921,0.032704547840019874
10922,0.06457467064592905
10929,0.032962916158092215
10930,0.06019194730154542
10933,0.1419888474899046
10934,0.06533966135638275
10939,0.1525961606930168
10942,0.03447508525651502
10943,0.03304545618637675
10945,0.16277299008476073
10946,0.1429147592742466
10949,0.09317648750095206
10951,0.1452771647161654
10952,0.14886842799973748
10953,0.0638300287723925
10955,0.0338232029923894
10956,0.15935801357196827
10959,0.1610900747937059
10963,0.0785636651907563
10965,0.15449320602947042
10971,0.0650141462559476
10975,0.1478206225389314
10979,0.13246062553687044
10983,0.14654077710577965
10984,0.12544655520426062
10989,0.06485120986774762
10992,0.14054508020086307
11001,0.06623541122166485
11003,0.06284528736155372
11004,0.03416686798027076
11008,0.06092258012037196
11016,0.0664743003624081
11017,0.03208702043071771
11021,0.16635581817588624
11028,0.22354002524699312
11034,0.15166016338331637
11035,0.06417737920051389
11036,0.07975889927082944
11041,0.13577400562054567
11047,0.1625561290007895
11056,0.1696304350782939
11058,0.14489074102487942
11059,0.09166947498764358
11060,0.10115624356086282
11064,0.14345475080795114
11066,0.06959387362716277
11069,0.14789044815937952
11071,0.1372827915166761
11072,0.14170859852220774
11077,0.14552075249320368
11080,0.13268035933000177
11092,0.134038463620321
11097,0.05958526485699742
11098,0.14193929665544747
11114,0.1251063957145784
11121,0.03349768399866577
11124,0.15769737036939635
11131,0.15409710360091944
11143,0.15571803490809755
11146,0.0826078986913319
11154,0.13752323072999348
11164,0.1639885961944739
11172,0.14264231910171352
11173,0.06612490833242847
11174,0.1260322931600268
11175,0.14295572520485508
11180,0.14437010178541068
11184,0.06257974863065723
11188,0.13714305477361396
11189,0.06910319649619887
11190,0.08484771572593588
11197,0.060362969401096825
11201,0.16086394306598967
11204,0.15523718249819732
11211,0.14149453326892703
11212,0.15742470294819164
11218,0.13933834303888146
11219,0.1395269324458172
11227,0.14927720618857174
11241,0.14440320222628172
11251,0.06438582665383825
11254,0.03389128529974653
11260,0.07877843496758684
11264,0.14130612854201058
11273,0.06406256411136771
11276,0.06351007646379508
11278,0.06381073373645332
11282,0.15772380331806155
11283,0.14294664249892303
11291,0.14506819473029292
11293,0.1499312198414513
11302,0.17121744863975413
11304,0.06717195128456167
11305,0.15017611548505663
11315,0.14082580480807788
11321,0.12021694603051769
11325,0.15713491929577914
11335,0.14271167206593083
11341,0.14911915160460892
11343,0.1566609885220599
11344,0.1636823571590681
11361,0.1486896223248194
11375,0.13868680061702832
11377,0.0702956391241401
11379,0.16110703065292759
11380,0.1595781451905192
11391,0.14150883749533372
11393,0.16040341191659754
11394,0.16549299009501353
11398,0.14269215587314904
11399,0.14073910882633203
11408,0.11962392309489801
11412,0.15059175295761937
11420,0.15280468471389644
11421,0.1602048305106468
11430,0.06486609538292819
11437,0.15172115688114662
11446,0.23804961321925494
11471,0.1359410727315349
11472,0.15208066520153019
11475,0.061946175548046704
11483,0.14902100641704386
11492,0.14212931524724118
11497,0.13907713653396514
11498,0.131381488701838
11502,0.14066465630735908
11504,0.2444322037680056
11511,0.20225933176182528
11512,0.13841343235406142
11514,0.06073194964758294
11522,0.15255412192997625
11524,0.135676117347654
11533,0.14960009279632025
11534,0.07976230413810965
11541,0.12230349869113442
11542,0.14279682874699787
11547,0.12652592048966504
11548,0.07919570663017177
11566,0.16258128103110508
11572,0.1438831613690376
11574,0.10072492979972389
11576,0.15244937700443312
11577,0.06146983512967869
11580,0.14426569468153558
11598,0.06603156745262574
11603,0.13613178261175776
11613,0.14998702835561134
11614,0.1465096727421202
11620,0.1380920490302845
11621,0.14747609788770058
11622,0.060010942932012645
11626,0.04881462654242738
11630,0.1487720519644034
11636,0.14160156682501118
11637,0.06877690316372105
11639,0.08942906976173425
11647,0.13776171675689244
11653,0.14533076784753138
11654,0.03307534789857842
11660,0.13809845874442414
11664,0.14929249292824487
11667,0.14465631868100332
11679,0.1325460270056062
11687,0.15563015413543632
11691,0.06482246966991051
11696,0.1481856578659875
11702,0.1664860831191574
11703,0.06097851493191324
11705,0.16618664108976444
11711,0.15984935257747052
11716,0.11453922502508727
11717,0.15237645439667802
11722,0.06290738656850868
11724,0.13054812677695535
11728,0.1604745788323872
11737,0.13689511098950452
11738,0.15254182675996072
11744,0.13989359780598346
11747,0.03282651275686915
11753,0.039961121969434465
11757,0.1534802607593774
11758,0.06473236222181061
11760,0.08432624123130862
11762,0.13858700436377394
11764,0.1414092621717355
11768,0.06376270229676442
11773,0.06614468044344854
11774,0.16394086729129362
11783,0.13688894607695537
11785,0.10194648362313727
11787,0.1443300910032774
11791,0.13697857984741846
11796,0.05983095894499024
11797,0.07835922734595847
11798,0.05966165358677828
11803,0.0631125043254568
11808,0.149245613751197
11810,0.15192350092392964
11814,0.14406141203335907
11822,0.15004071238688677
11824,0.06274985269878969
11829,0.1576740066739095
11846,0.15972089156503524
11847,0.13517731956783452
11850,0.22087596872186596
11853,0.060688624107880514
11854,0.06634064316821184
11857,0.13517271733037312
11862,0.13680523955228685
11883,0.06136247476155263
11890,0.15633378883124266
11909,0.031904745106582526
11913,0.161109960108212
11917,0.1425763676060926
11919,0.12750414275038288
11920,0.06472671223339566
11921,0.12200359999147528
11928,0.12435929222201572
11929,0.16265669439032032
11935,0.0380029689465742
11936,0.06138731221574133
11939,0.0623285265343072
11942,0.06054048039464337
11943,0.14327459173936277
11946,0.1388247378420199
11947,0.1397223240311447
11952,0.17138571435122324
11956,0.15076704546225422
11959,0.23340022289080925
11969,0.14956145740394194
11973,0.1527162337428829
11974,0.13937542994234428
11975,0.14986803616359115
11993,0.14965278545350075
11994,0.1505043365111997
11995,0.08288640660682235
12002,0.1522740495110415
12006,0.11322259678250199
12007,0.13745941621147692
12014,0.1507102070087664
12017,0.1698050150784533
12021,0.14557848591438485
12023,0.1602711034403903
12024,0.13687856580299237
12027,0.16971577982032007
12034,0.14128398833726405
12040,0.13450588298756438
12048,0.1361990248877774
12052,0.0666862942673903
12057,0.14643563250432942
12058,0.16410782848934682
12061,0.13051851189046834
12062,0.13670525864776512
12064,0.06696594547570306
12071,0.15370367178167998
12080,0.19009160917412402
12085,0.06367379571921468
12090,0.16374706120850033
12100,0.1492518336702041
12103,0.15301332162896983
12104,0.1377393592679982
12109,0.034486050841293164
12114,0.14344950876510193
12123,0.07120288975119446
12124,0.06536468628669379
12128,0.24001889213492522
12132,0.1389787785799372
12135,0.13144006625503518
12140,0.24223401927442972
12149,0.06052281109597762
12155,0.14646502954947763
12158,0.1561265712269211
12161,0.1678318980025696
12163,0.14596025662983567
12164,0.14164411449715614
12174,0.060971833605932585
12175,0.13548331726879256
12179,0.23035652157701952
12183,0.14863098935320765
12184,0.16350563352257177
12186,0.06378131577037198
12190,0.13482043576262095
12193,0.15419995230513361
12195,0.061464469710287024
12196,0.060032094308689075
12205,0.1416217042586772
12213,0.16085341967071137
12220,0.15025804227886705
12221,0.14344347340043154
12222,0.06532679627178659
12224,0.14382177307595645
12230,0.13806346765955568
12239,0.1423661481051669
12242,0.13130805799375767
12244,0.1355538482557629
12245,0.15847856302256907
12247,0.1442316981434232
12254,0.15405055868769488
12258,0.14374945026541844
12266,0.06585706269997403
12267,0.15720248161642777
12272,0.16209590231353513
12273,0.1418972364394249
12276,0.14584264735787872
12277,0.1511309864223984
12283,0.14953557868506906
12289,0.06368704213947521
12297,0.14059949900693428
12300,0.26168553293325875
12302,0.06535026878654572
12310,0.07246635935713654
12312,0.12332571803438332
12314,0.060755819216989033
12315,0.03285401381962015
12327,0.13331930465813557
12329,0.14372791403978022
12332,0.14233339425500124
12342,0.06322524290981281
12346,0.15125123630423487
12347,0.23502409617488002
12349,0.0652610954805053
12350,0.1299166830172263
12354,0.14091574046237298
12356,0.06133925838190172
12359,0.14344931852485032
12360,0.15491971810119168
12369,0.14373739639593122
12372,0.06540253207942175
12373,0.032389729720024636
12375,0.14708202575316023
12376,0.1597731871328935
12379,0.06554257796414568
12382,0.1450243576818683
12387,0.0670064396663936
12389,0.14827648136016203
12394,0.16270626475080724
12395,0.149188459748663
12396,0.15425439712135114
12404,0.16624269369137704
12405,0.147655589771488
12412,0.2579749973864008
12419,0.10132786910644301
12431,0.12621835343606277
12440,0.14775165784352326
12444,0.1569128072216912
12447,0.06486559877781622
12452,0.12850179544981036
12454,0.15920535127530624
12456,0.15418173314477732
12461,0.06426073522883813
12469,0.1501387066376558
12472,0.07315226397525527
12473,0.060803409285039946
12474,0.13973181903069112
12476,0.16124301018919512
12479,0.21760382060081818
12481,0.15739722916638238
12487,0.06687915744602382
12493,0.13694764505498896
12501,0.14439339699778259
12504,0.1323207669747197
12507,0.13790778108419496
12510,0.14724037567552292
12512,0.25678667369878694
12520,0.16050440776685798
12526,0.13833095958202168
12529,0.13957071475037527
12532,0.1303599246399465
12533,0.15734760493171238
12544,0.2231517521934431
12546,0.1527986574712253
12551,0.15318176446669635
12555,0.2384590519988285
12576,0.11736816488319743
12581,0.15065704038611233
12588,0.15064188267414377
12593,0.09240027853883875
12594,0.13176160133510384
12598,0.14020560255710265
12599,0.15329073417478117
12601,0.12927769134017206
12610,0.15337176137345995
12622,0.06134265781044163
12624,0.14045872777536422
12625,0.13123806741422844
12629,0.35809693720839203
12632,0.032545938025671746
12634,0.06364010957065998
12635,0.13799898839152996
12638,0.15450225000028595
12640,0.060254317591932775
12641,0.1473047818623561
12643,0.1432947055183645
12644,0.03546361664354278
12647,0.13505251154386733
12651,0.16549548634812236
12657,0.14712824085080398
12658,0.15266422969104554
12660,0.14244976514099353
12661,0.12523446520598489
12666,0.14224246946722113
12673,0.11173872889422402
12678,0.13688341337532994
12681,0.15124582297709185
12682,0.23504295992154867
12684,0.03333933088560604
12689,0.1537646390468458
12699,0.15211640287102351
12701,0.14235823048666182
12710,0.09905192244405041
12712,0.15356305818883112
12713,0.15368790700558743
12715,0.14944890561264426
12716,0.1326397452212995
12717,0.14313873682793604
12718,0.14846155562245503
12720,0.12460607471835042
12724,0.14420474528952817
12725,0.15123157188423939
12726,0.14309972028554063
12741,0.1423946660576128
12742,0.1737522271029784
12743,0.17194608605775663
12748,0.14584901490424101
12749,0.033952676446591425
12751,0.1410593412851552
12752,0.14294009171215796
12756,0.14524490837529777
12760,0.1397791219994573
12761,0.14771087891704607
12764,0.1400771546231923
12767,0.06265936856723846
12774,0.152124401326049
12782,0.0719425915469228
12783,0.23857610423703557
12784,0.1421399903742455
12785,0.1449832780017827
12787,0.16211274670916387
12798,0.1394540211801938
12805,0.11938746861907486
12806,0.15045756069965904
12809,0.13203735851324966
12815,0.1558731988696501
12820,0.06121824909738001
12824,0.11237083899772543
12829,0.14389854001288416
12833,0.13737784730634192
12841,0.13626901710924078
12843,0.10886068349032123
12847,0.13881609439060627
12848,0.1459026418180149
12849,0.15525650727822918
12852,0.15141592003386478
12855,0.14635407840432751
12864,0.15085579487710224
12872,0.06649550655591371
12873,0.15713464979904088
12874,0.15207764547697072
12877,0.24300110328365934
12879,0.14045770470413182
12885,0.13378617936703288
12893,0.14210000490265226
12894,0.14575530219108981
12895,0.21370345900512489
12901,0.06096599467910747
12912,0.1305994235720053
12919,0.14159121488148976
12924,0.13205360769254654
12929,0.14217518118098543
12931,0.1445269864655955
12945,0.12929861336673965
12958,0.03715819273085726
12962,0.1455700718528943
12964,0.14843218584936474
12974,0.14951724518710727
12976,0.033633095481209185
12980,0.136539097660829
12984,0.15387965504200865
12987,0.0849065580850568
12991,0.14622215914823858
12995,0.13909563665473623
13001,0.22377804167285412
13005,0.14437631795993094
13006,0.15738083478443166
13015,0.14794311053192946
13017,0.1407453831126616
13033,0.14337623630260948
13034,0.15845371168768232
13035,0.1538951468017129
13038,0.2093219956019814
13044,0.06113230803512007
13045,0.13362327772808943
13052,0.062287662027683544
13059,0.13991586593068564
13060,0.06349314184290042
13061,0.14638598173985268
13066,0.22391522104482975
13080,0.22750201311739135
13082,0.1606113621234647
13105,0.15368342816647984
13106,0.23356225861696844
13121,0.16363642564701722
13123,0.14212436167008688
13125,0.06118533519881316
13129,0.1455246916059779
13130,0.11768439753185428
13132,0.16811294020034584
13133,0.14394568789133658
13135,0.15564207452487785
13141,0.1348722727573907
13145,0.2393157614742196
13149,0.06599177834813567
13153,0.14886585514866194
13158,0.1418937113663257
13159,0.13360839660772908
13169,0.3607784123107658
13170,0.13989209281341486
13178,0.14207278001969262
13179,0.06884004699320655
13180,0.1386127359058507
13181,0.14386438257438516
13183,0.06576293256939265
13196,0.13970925538208392
13200,0.16207643080872325
13202,0.08391125650388405
13204,0.06057610394602089
13208,0.13587052310218498
13212,0.15411628498449606
13213,0.13663329233697208
13218,0.14098350181313532
13225,0.1438938829840271
13229,0.1395402628005746
13232,0.14429636511989724
13233,0.14639206843947014
13234,0.0652471237202002
13249,0.06815023607505276
13253,0.14978736827253833
13255,0.15237072181945932
13257,0.22385225335075346
13266,0.0638300287723925
13269,0.06253683387078277
13270,0.15280991907009173
13274,0.14678043428953455
13281,0.14994925307599066
13287,0.12242941532482139
13305,0.14687831731881465
13308,0.0596008037968392
13309,0.0656640205254276
13310,0.17023201602502205
13314,0.15089810242291393
13315,0.034131646211836335
13324,0.11144293583278933
13326,0.14877252959539822
13333,0.16130798080695147
13336,0.11144371787438677
13345,0.13545657812156783
13348,0.15351501065743844
13350,0.21540894565511098
13354,0.15240946597247004
13360,0.1470400245251183
13364,0.1457237517157757
13366,0.1629246719632713
13368,0.1444804373569086
13375,0.09610736989456055
13376,0.13780856144203305
13380,0.1353502613334885
13382,0.03437460750551945
13384,0.14897916131045721
13387,0.15508279304828168
13390,0.07951871760130616
13398,0.14414138606018143
13403,0.1257425873250134
13404,0.12911924208730563
13405,0.12995576297951358
13409,0.15957390459792128
13411,0.14726143327710506
13414,0.1477705124404756
13416,0.13860862343601532
13417,0.06386049495431484
13418,0.1451886405200145
13422,0.06789288526669032
13430,0.25118429158283745
13435,0.032362749428265086
13439,0.14511319414927704
13446,0.14306689668210779
13448,0.03830566233006121
13449,0.1400845870477757
13451,0.13263588781339344
13455,0.1479592682186975
13468,0.15530485056488155
13470,0.06140768668111418
13474,0.06386478071060445
13478,0.1568038106676689
13485,0.1458086598923462
13488,0.16115229630641598
13489,0.13764917911637653
13500,0.14933629724487046
13505,0.06052281109597762
13506,0.14351342834683092
13517,0.06105022374771998
13518,0.09171408799785899
13523,0.13583384041737875
13529,0.14382177307595645
13532,0.0694598719384785
13534,0.1523517996951125
13539,0.1365677293218299
13547,0.13913019041917968
13548,0.1503368220423001
13550,0.345450448844179
13554,0.15746391949520697
13555,0.17973669369528664
13556,0.15066575887695796
13558,0.06532902887485577
13562,0.14713996621367192
13566,0.14298139442422114
13574,0.06647123859770049
13576,0.14058680370028048
13577,0.15000377168536191
13580,0.03652342347059781
13586,0.20188319107751118
13598,0.2364863950550618
13600,0.14100962262808367
13602,0.1424749429773441
13604,0.13573250742974627
13616,0.14100283048935208
13623,0.13655224441724856
13627,0.158153758079665
13630,0.0645805428453661
13633,0.15150194727817715
13635,0.13950310187001766
13636,0.16089829539121758
13640,0.13658008950784742
13642,0.22456858810482094
13647,0.15174673341968872
13648,0.268382672110621
13652,0.13958144281481233
13659,0.035271080882458596
13660,0.1313052977541462
13666,0.1617620875986894
13667,0.06334195160450912
13672,0.1410000385950697
13673,0.15130820506500994
13675,0.13423279898492835
13678,0.1612161521440518
13682,0.11604133964560251
13684,0.15088486519389055
13689,0.13505170250910503
13690,0.1430448758548944
13696,0.1375616974872326
13706,0.1416987912944733
13710,0.3771291179575972
13711,0.14338441188995102
13712,0.14363094894694975
13717,0.06016340411277352
13718,0.14783719949160015
13719,0.13972846142830928
13720,0.08827602293657293
13722,0.14282203419919157
13723,0.1455428459964244
13726,0.1403446371705804
13733,0.035988818982152566
13739,0.15432886782448674
13743,0.14781219191509332
13750,0.15174720971055158
13751,0.1431914939692286
13754,0.16166989421191733
13756,0.0681149533873569
13760,0.06402989023658844
13762,0.15552394093922514
13763,0.14527214310965006
13766,0.06374549008252117
13767,0.061188110875471095
13769,0.0847368412785614
13770,0.1414074175461272
13774,0.15091337044888686
13776,0.13584495231092267
13780,0.06545908993666949
13784,0.06486518066573699
13789,0.14121009600757975
13790,0.14044417266997006
13792,0.06944562496159211
13795,0.1450121699085783
13797,0.135072966147083
13800,0.13809325175007087
13804,0.1428986491455382
13815,0.14609402120882473
13816,0.14865608952943815
13817,0.15198585503675338
13820,0.22824530759627795
13824,0.15618529467988998
13830,0.1812606100516713
13838,0.1491717219439509
13840,0.061419709088046
13841,0.06222488776877038
13842,0.1512563959463779
13843,0.06558897040110606
13849,0.15488997649242878
13852,0.16089420054750236
13855,0.03244763355717453
13858,0.1290315917522931
13863,0.06254859826760298
13871,0.23913122831660724
13872,0.14596153597258305
13873,0.1379982478408
13874,0.14942818319415102
13877,0.15338378712559453
13879,0.14209445859656952
13885,0.14113136928498665
13886,0.1623443077214249
13892,0.1356457370971751
13895,0.0621873356880667
13906,0.1436334508095021
13907,0.1534967688465708
13908,0.06383679863900348
13909,0.1369930689042888
13911,0.13478389472625632
13918,0.16977571405865688
13919,0.13757245654944836
13927,0.16384369614483843
13930,0.06480832344778108
13931,0.15598496746966914
13933,0.15928029866950053
13938,0.14373661939657054
13943,0.05961480152443844
13944,0.07325183737295494
13946,0.1419108405512962
13949,0.09034595640130037
13952,0.17184674666241676
13957,0.1576158623223769
13958,0.08114802983603352
13965,0.13750095175726834
13970,0.060232979804044504
13972,0.15051425396116574
13981,0.13819128210409665
13983,0.08469860504590962
13985,0.1443802089450397
13986,0.10652979705215207
13993,0.15182092689669197
13995,0.1472290239303897
13998,0.12534260530376248
14000,0.06249250420646076
14002,0.03356020880713668
14003,0.078664949092128
14019,0.15549395167121086
14021,0.36013649609631443
14026,0.14675291384700836
14031,0.06539882862270105
14032,0.16193588678100843
14034,0.14382268937181897
14035,0.15773270944552095
14043,0.07825727591783595
14046,0.16259796157862
14048,0.16026692117523506
14057,0.15549879068608652
14065,0.14041131373201374
14067,0.0663477457527027
14082,0.034605184194391715
14086,0.1463858929334152
14103,0.23189967417148025
14104,0.1644704925010281
14106,0.15733548646470685
14107,0.15063944430153334
14111,0.061546406443977165
14116,0.06052281109597762
14118,0.07143960223122009
14119,0.15245741640270483
14122,0.13334298902743044
14123,0.14153749786154357
14124,0.0646805949411691
14125,0.14476808494952514
14126,0.15251757960404674
14127,0.13473048900926815
14133,0.15304018266816588
14137,0.13552150018875772
14139,0.1387625969311323
14143,0.13833552671276766
14148,0.13827676175155282
14149,0.1390565937143238
14150,0.06584924203706133
14162,0.060701371273023046
14163,0.14412442213318122
14164,0.13692979502724267
14173,0.14268022070078115
14174,0.1666149019227934
14178,0.13650171932992985
14181,0.06588014938864858
14186,0.13704113764494585
14187,0.152340579370009
14188,0.12740981299465887
14192,0.15996273881275647
14193,0.1363250346567939
14198,0.23432247471253934
14200,0.15262450481063886
14201,0.13096112055588205
14208,0.2371093288637465
14214,0.15023369707950834
14220,0.12297414374533046
14224,0.14918635504777392
14229,0.13623188845172698
14233,0.13741640361814836
14241,0.06242452623590108
14242,0.14487756499925053
14246,0.14303872695424452
14247,0.13534365014720504
14250,0.06618834101944697
14251,0.22230495094501404
14254,0.1646851284773168
14257,0.03511906560537338
14259,0.15096392074466727
14261,0.1468284286644031
14281,0.13427714892635298
14282,0.14434657273933318
14285,0.0647901290884054
14286,0.13748333381229108
14293,0.14661656924993863
14297,0.06319837852219592
14298,0.13119978835205456
14301,0.06306262901303632
14308,0.12329524449102705
14311,0.1503624082487883
14313,0.2425244721073623
14314,0.06369946091054268
14315,0.06046967389282529
14320,0.12993199672512828
14325,0.03267058338506799
14333,0.13901315079872725
14336,0.15349898031975043
14338,0.15041269468648066
14354,0.14042938124224796
14359,0.15985175346363273
14361,0.1501592152639317
14362,0.16161297599914118
14363,0.14444619570579628
14369,0.0664443549913031
14370,0.23424663231124448
14376,0.13486181635213132
14382,0.22929523725939846
14387,0.12548746105297218
14389,0.16206404862359072
14390,0.14471142183515118
14392,0.147198198422777
14393,0.11706566908023916
14396,0.1408588550355408
14407,0.14538519691114413
14412,0.1063497171519978
14413,0.17910653236862087
14414,0.059597086856313035
14416,0.14461743439850044
14417,0.13645397323727057
14423,0.15489887927322754
14427,0.1434491225829963
14430,0.14699261888473775
14433,0.1444038894566414
14434,0.13786864097307533
14435,0.1850578641420005
14436,0.14848021603682957
14438,0.060943744672803446
14439,0.1520571276283052
14442,0.11583805460650176
14444,0.13223131906277896
14446,0.14175296596225953
14449,0.22530061216777444
14451,0.12350723297722017
14459,0.1449366714732939
14464,0.15028174441077677
14467,0.15514809178548
14469,0.15767722223245442
14470,0.06333667441815209
14471,0.15793158520767914
14476,0.06052281109597762
14477,0.14051555320970968
14479,0.060882195825627615
14480,0.16005143960720286
14481,0.0323664917012524
14485,0.14365012638213429
14486,0.1424675191962729
14493,0.15137064541520384
14504,0.15238093402531727
14508,0.1456597269244634
14509,0.15053897270451108
14516,0.14761771271473265
14520,0.14619170717479602
14522,0.15729998811907117
14523,0.15186612835708843
14529,0.1496628865465292
14532,0.06385798691036321
14537,0.06043875712639787
14540,0.1396067614693793
14541,0.13752958997885334
14544,0.1410740325067622
14548,0.13745350250055396
14550,0.15803042479916266
14554,0.060869187867918235
14555,0.06475606611644345
14564,0.13629435495444991
14571,0.06341200812567258
14572,0.14344575074122168
14576,0.14285593287216816
14580,0.06126429629921601
14581,0.14213366938983638
14582,0.17225454078716762
14583,0.14798680626152158
14586,0.1370785430691821
14591,0.1419426045088582
14593,0.14637034859014594
14594,0.1324658113845632
14601,0.14600868912909712
14602,0.13629233601189353
14604,0.16263663691410443
14610,0.16552892217614076
14620,0.12808320355457145
14622,0.15595188603413584
14628,0.06467237938695773
14629,0.22507855774145014
14630,0.13518687203564245
14632,0.3659353927608102
14634,0.14046045189323622
14646,0.06283636799909313
14648,0.15524947015642557
14651,0.13484474167505558
14658,0.24608439987852426
14661,0.1431622456641334
14666,0.06025991955120025
14672,0.1612359448276299
14673,0.13866696795241898
14680,0.14126252603869652
14685,0.16873553646391592
14688,0.14949562029620772
14694,0.14346635634178675
14695,0.16779822271378608
14702,0.14819870119188652
14705,0.05966165358677828
14706,0.15393717592041978
14707,0.15700070692968832
14711,0.14045544700870552
14713,0.06529022488862177
14714,0.13577630569315957
14717,0.14795064476242273
14722,0.2394301354952423
14726,0.13847417188568992
14735,0.13819364325339703
14736,0.14091146684702247
14742,0.1641662499459757
14744,0.4039278513034419
14746,0.13844894334306104
14748,0.14314035151461227
14751,0.15276469367343334
14753,0.16411614491377732
14754,0.14783747537300368
14759,0.17133320603240737
14764,0.15329834186204838
14766,0.1501694150549088
14767,0.16106216427487433
14768,0.1576213120434005
14770,0.13880466992400894
14773,0.16277028659836218
14777,0.13946733953483217
14778,0.1490930767002185
14779,0.13501937157116814
14782,0.15126228586188356
14783,0.15366198308341616
14784,0.14654671960926846
14793,0.034057709484045656
14795,0.12696213151391744
14797,0.14924952206019787
14800,0.06403355069839219
14802,0.15080353330969667
14803,0.06429768818366714
14805,0.16754769852417098
14808,0.23287815641258824
14809,0.07030979188491887
14812,0.3690346438348363
14813,0.163101393403583
14814,0.1517952910791355
14818,0.14882351848326528
14819,0.0864313496955717
14820,0.0606733490751569
14821,0.2323650756607526
14822,0.1426650842735523
14826,0.14068163662676947
14827,0.15861677722230105
14831,0.1534748517310043
14832,0.13572264328872466
14839,0.14145485194598814
14842,0.15040610033138396
14848,0.13809763355017907
14849,0.06230381475842143
14855,0.15015212835351918
14856,0.16020692314659316
14865,0.06663867038135252
14866,0.0723720340650452
14869,0.13348382370114661
14873,0.1507275033826717
14877,0.13624584245980814
14881,0.06398785960222614
14882,0.2303211777693365
14883,0.1504434167150131
14885,0.16126899715911977
14889,0.1605742896795439
14890,0.17594462051508486
14892,0.14942553742407316
14893,0.06062294528567442
14894,0.0652145393404797
14897,0.1483755609192351
14901,0.10057095125451607
14904,0.06345839867124128
14908,0.15789687076097103
14914,0.15492037738964937
14916,0.10305071982391419
14917,0.06477256721208854
14918,0.14103299612721892
14923,0.15910749330867216
14927,0.14243895299887693
14929,0.1489276207612592
14931,0.14312363498262873
14935,0.24162404197947104
14948,0.22903981443015503
14950,0.13700496244972324
14951,0.15666536003296025
14952,0.06220960812083463
14954,0.23171534893649876
14960,0.06548553539737528
14962,0.060110341699041794
14970,0.13566319935910368
14973,0.13945806485446444
14976,0.1459048022913271
14978,0.14876153409538925
14982,0.1547838338550025
14985,0.06386762490675965
14986,0.13911383081914475
14987,0.09796464250657706
14988,0.1601871544849687
14991,0.13688508102869748
14997,0.14931243286637788
14998,0.13977809106663158
14999,0.16297639248632237
15000,0.12546670208990518
15005,0.16607381602597884
15006,0.13623381684064814
15009,0.15214299908602394
15015,0.15128964548986373
15018,0.1410740325067622
15029,0.15177333709188295
15037,0.22581998995655544
15041,0.15014718551869027
15042,0.13598703943246482
15047,0.13631546359742683
15050,0.14925991998444263
15053,0.1584955864028132
15056,0.1643490037472515
15057,0.14712124450079586
15058,0.13993136994989686
15060,0.1368881122273689
15062,0.16089849110762208
15066,0.06797239088822657
15067,0.14236283024553018
15068,0.06429912205796275
15069,0.06416561895765105
15072,0.14883063953325837
15077,0.13723062727207777
15089,0.14828266366150222
15093,0.14005551272431516
15099,0.13952265090203494
15101,0.16069705723108402
15103,0.14347372630555752
15104,0.15192993949380468
15105,0.14289046002169487
15108,0.1361226269301691
15109,0.14832406671405554
15112,0.15406357964826067
15114,0.15942243312176796
15117,0.06095295277759829
15122,0.145001465783755
15130,0.060350440971989994
15132,0.06867133337172758
15133,0.13975707101201806
15134,0.06024592532636897
15136,0.16388675300951852
15137,0.2229793940369756
15142,0.06256778000683662
15145,0.13944523431880368
15146,0.03358114327050398
15147,0.14000971804496676
15150,0.2290840572224008
15163,0.15892265961092758
15165,0.06355071220136002
15167,0.1409305945094749
15168,0.0601108520605556
15173,0.13922915763460778
15181,0.15650600820635
15183,0.16671053653520967
15185,0.14813499791915669
15186,0.1530035394632949
15189,0.10236700930076205
15190,0.06688321540310242
15191,0.14539129949344937
15193,0.1588900081194303
15196,0.13727541982019342
15199,0.14626452814709956
15200,0.1602391581932311
15201,0.15458372873132042
15204,0.1633665821547129
15207,0.06653244275055177
15209,0.14684129526160403
15212,0.14097512759145592
15213,0.14113040540622948
15214,0.14061006868338924
15215,0.16482115962180444
15216,0.16095925367827088
15222,0.1434292658076465
15223,0.1393850909225466
15231,0.1423701582772749
15236,0.15713199336491201
15240,0.1849092789971378
15241,0.15361074102099687
15242,0.17113682765662958
15243,0.146764309321505
15247,0.15480075201125396
15250,0.13189955982552873
15253,0.14380156411827202
15254,0.15241395559251672
15255,0.15850373370794973
15260,0.13173250538253847
15265,0.06448414118423199
15275,0.12816331800396444
15280,0.14060249807593436
15281,0.15740648664487888
15282,0.1647835125764338
15283,0.16091042553780655
15284,0.1594881591454698
15292,0.1504158632950251
15293,0.1382407346791216
15300,0.1608580317973551
15301,0.13347549059442607
15302,0.3644907236297168
15303,0.13279732898401905
15306,0.14247127572215218
15311,0.14001966113721578
15313,0.15247051763225908
15320,0.14443011602173236
15322,0.06275950989837525
15324,0.1461364010744693
15327,0.1640005942915072
15329,0.15745851911840222
15340,0.23480854286054995
15349,0.14140651643107963
15355,0.13591041449305785
15356,0.1572633003341757
15359,0.36639729496332635
15360,0.13928296922657107
15361,0.07311137699225922
15364,0.15602917823056506
15367,0.06418240590761067
15368,0.22274557177821996
15372,0.2369142400478469
15374,0.06537429095408494
15377,0.16214476828916988
15383,0.16035689313536516
15386,0.03453142449663351
15391,0.1416225898161865
15394,0.06268065902623977
15395,0.14538598801371874
15396,0.06665824945736011
15397,0.14539950121921197
15400,0.1110501565210437
15404,0.13936786479200436
15408,0.13091809550725508
15409,0.06643897860235123
15411,0.2387858883356423
15414,0.1497770287949183
15416,0.1358405067608211
15421,0.09074786820779784
15423,0.12574531182285767
15425,0.06034649603652615
15426,0.15003769894473282
15428,0.1571917609604348
15429,0.13128052151896058
15437,0.15818558128179055
15438,0.06660200370488358
15449,0.13925030848538056
15456,0.15779190435535434
15459,0.17726003304453622
15460,0.1560073496258287
15465,0.18168326597720505
15466,0.15370868486742556
15468,0.1564273796200394
15469,0.06284981843521449
15470,0.14034021379663
15473,0.20524334315832726
15474,0.1562764747842382
15484,0.1207063535639623
15486,0.14560696599225506
15488,0.1290429692657044
15489,0.03275509681679632
15493,0.15800601952458987
15494,0.1427045715271713
15511,0.0610672075504414
15512,0.1582039476137978
15517,0.15887190234828813
15518,0.1443665015834645
15522,0.06158060569266314
15524,0.15575330236206478
15526,0.13396604135100942
15527,0.15792579331883919
15528,0.13551142791639742
15534,0.1435540778391535
15537,0.15598083434717125
15538,0.14472405860703244
15541,0.033089938795182516
15544,0.1537465314901183
15545,0.1437563350542883
15546,0.060971833605932585
15547,0.069495952942451
15548,0.153257516951771
15549,0.16136448347415955
15550,0.1505293232162376
15551,0.06581544118731124
15552,0.06264886278689134
15553,0.1480235687145367
15562,0.13626653379142728
15563,0.22579349135211782
15564,0.14270363252921747
15567,0.16106292109836043
15568,0.15124818248224578
15569,0.06579150137308315
15573,0.0606733490751569
15574,0.13211586575713724
15579,0.16221657884780968
15581,0.06052861031351051
15582,0.14730231772240776
15586,0.14211433399080517
15589,0.1361183935468152
15591,0.13348382370114661
15594,0.13795015423847592
15596,0.13962040440447668
15598,0.1476798246236459
15600,0.13937048373228708
15603,0.16180321793777777
15617,0.05981383001387121
15619,0.14875648228707058
15625,0.11521495381710584
15633,0.06600147112978676
15636,0.15227043231019236
15637,0.15548016957281224
15640,0.1360654278093845
15641,0.14687752309920024
15642,0.13844629047392232
15643,0.08779703739364536
15650,0.13893410974585038
15653,0.07405051268389932
15655,0.17255799219889595
15661,0.1736982142573611
15663,0.14195145251541977
15665,0.06392245549677894
15667,0.15081181135171212
15671,0.05940399477996102
15673,0.22948728571398652
15676,0.06148078527478486
15679,0.15403904048079145
15684,0.2524800256212205
15685,0.06173319492111572
15690,0.1423330164316637
15695,0.14575446628346156
15699,0.16998783287386746
15701,0.06205323202307199
15705,0.23023287616224825
15709,0.06052281109597762
15717,0.154642766336674
15718,0.25432820086928287
15724,0.14751832824248026
15725,0.14339664620586198
15728,0.14700037482292191
15729,0.1389191264517966
15731,0.1403562888619873
15732,0.14057986734145791
15733,0.14268823475400405
15739,0.2303221934780544
15742,0.060753708537089064
15743,0.06299196737068215
15744,0.1383414776469464
15745,0.037624971481700485
15748,0.06196261814137886
15751,0.1828567422643324
15752,0.15086391688908685
15760,0.0650907615884593
15761,0.06087334026754637
15764,0.14839847859376257
15766,0.1621739919176213
15770,0.0639505472949034
15773,0.06329103182430729
15777,0.1505560623654251
15778,0.16240575033900587
15780,0.07289365990007589
15782,0.3677997420128898
15783,0.15264821734706144
15785,0.13775585543330576
15787,0.1491816630696093
15788,0.1619157851556806
15793,0.2322755826802596
15795,0.1486643257793766
15798,0.1660576233640136
15801,0.15334877200527075
15809,0.1362533622612255
15810,0.13360076104162152
15814,0.1531509090039638
15833,0.2364714838514411
15835,0.15557098516835235
15837,0.05926642675893017
15841,0.15195956998949073
15842,0.03388081544916192
15845,0.13666983980181777
15849,0.06463907844285993
15850,0.0690924226060458
15851,0.062127198158190865
15853,0.1325293928340756
15854,0.15115488637847033
15857,0.06515731574400692
15861,0.24076685067097472
15868,0.22570252813553376
15871,0.14042666524319064
15873,0.1397703881014617
15876,0.14254857483046557
15883,0.14940196913185783
15884,0.13381396244622507
15887,0.08322847199716904
15888,0.13948444797304324
15890,0.13639815423501214
15891,0.1544539158239417
15892,0.1494168693329454
15893,0.1391232045591476
15897,0.13832794329792314
15898,0.23585348162529393
15902,0.1525982553874065
15903,0.06454963052786693
15905,0.14673826845201274
15910,0.1494437758731688
15911,0.14800289606548553
15912,0.15347238058752666
15916,0.06438895447306507
15917,0.06311986364633812
15924,0.16493458847145026
15930,0.17761276860096323
15932,0.1512830861966652
15937,0.14193058080601714
15940,0.14462275453858556
15942,0.15473560120678226
15943,0.23923446060716366
15946,0.1381922536105928
15948,0.06122205599865798
15949,0.06243583467725208
15952,0.14247239715620394
15954,0.06252037102818007
15956,0.14901687311362305
15957,0.08660596048175438
15960,0.07154351017781317
15962,0.1336757313919557
15965,0.14046109124336803
15968,0.15110457806602173
15969,0.14251409648475802
15975,0.14132927598463652
15977,0.23024847292471154
15982,0.14624831509750635
15988,0.15649381580435207
15990,0.06267221336914335
15991,0.06032372700236405
15992,0.03504443289682532
15993,0.17031485814549718
15997,0.15957362921202314
16003,0.12620097361672789
16009,0.1546210117584666
16014,0.15261795267653172
16015,0.15806339739574812
16016,0.06295015831361155
16019,0.15345956083767873
16026,0.14195444758428202
16029,0.15969698009368705
16030,0.158076368027045
16031,0.06177706925216841
16032,0.14050970703790094
16037,0.06438004112303683
16045,0.15692283196191592
16049,0.15352512602902385
16051,0.14728567289959232
16055,0.1663848533827905
16061,0.15031088513814214
16064,0.1531685802412243
16065,0.036820325699385564
16076,0.2807788469383047
16078,0.23374592711832717
16085,0.1542266889175348
16087,0.06258061495215747
16088,0.16053550475769512
16091,0.14870579346309776
16092,0.1439844266740248
16093,0.14314524796546513
16095,0.14176223974348295
16101,0.14037659185115806
16102,0.15632880782855685
16110,0.1556073275010112
16111,0.14143252616828247
16113,0.15996691006027194
16118,0.1596834715474635
16121,0.03385927747486802
16123,0.21581889850701919
16127,0.14536922624113388
16129,0.03273186091985029
16130,0.1372188650225878
16133,0.13882114566044193
16135,0.13235042331118677
16136,0.12910196800477122
16137,0.15372614248929503
16138,0.06694616178123884
16140,0.15843978728411268
16141,0.15770929636575334
16142,0.14332613484091156
16145,0.15618887462098083
16147,0.16441595840215675
16148,0.17841109841870054
16149,0.1381396162336222
16163,0.21851297956500448
16166,0.05994677008125229
16169,0.14451312317640175
16172,0.15743274543776833
16173,0.16684125692420324
16176,0.15344334884710117
16177,0.15493956327875003
16179,0.14496528481397783
16181,0.03288515795298498
16182,0.25254760524389125
16197,0.1504870987581766
16198,0.14191410557937367
16199,0.15259287434205893
16203,0.10052851270284317
16204,0.07071654077375822
16218,0.08767313639930396
16219,0.16726917545419817
16226,0.1617785283213234
16227,0.12603466109088726
16228,0.150544305937816
16229,0.1636378010544826
16230,0.14990789851087047
16235,0.12783762091064257
16237,0.06380440847547421
16240,0.12827966996286227
16242,0.13812512025380153
16246,0.16553470315435473
16247,0.15904776686915792
16248,0.14234215881059054
16254,0.40168558321172343
16256,0.1558272096973917
16258,0.14836827206887204
16260,0.06014303586399671
16266,0.15602917823056506
16270,0.1341771316764308
16271,0.15944798155774112
16272,0.13465270187319237
16274,0.13423628073452085
16275,0.15068053424450925
16276,0.06383162530413433
16277,0.13309078511716702
16278,0.03405372698558578
16279,0.13806346765955568
16280,0.16279620026391425
16284,0.13407726580992071
16286,0.1417343565012062
16288,0.1653936737852905
16293,0.13882030810049753
16299,0.2345353392247929
16300,0.14570577651681002
16307,0.13523361482022805
16314,0.14669568377952202
16315,0.14172908248357305
16319,0.1445285161019878
16320,0.16508680450574606
16321,0.13759158624572576
16325,0.061113486520456714
16329,0.06266712343754373
16333,0.034931381600381284
16335,0.14387572546042496
16336,0.14793893134825575
16342,0.14682784285469241
16343,0.23077080227452262
16346,0.15822160599045085
16347,0.14005212788671573
16348,0.1550523766438753
16350,0.06765983655185216
16352,0.14339390958232426
16354,0.1538595921716228
16356,0.14378882675784765
16357,0.17029869444608325
16358,0.1443729785232603
16362,0.13637353772762192
16364,0.06387855666718384
16367,0.13832120756502267
16371,0.13523557682899312
16374,0.15674063390153264
16376,0.15713246247266985
16377,0.1671467817427901
16378,0.1664408669088219
16381,0.0884289136113361
16384,0.14115421782187698
16386,0.14529765484402807
16388,0.1383638467564736
16391,0.14810414164391808
16394,0.14535505940317683
16397,0.06240301271952209
16398,0.15881969867173965
16400,0.14264913791626857
16404,0.16320293841484063
16409,0.14644664265347807
16411,0.13288795275487952
16418,0.23356227607020516
16420,0.14600626733761052
16421,0.16041215655082255
16425,0.13657813285489473
16426,0.13791294912071264
16429,0.14207156834379445
16430,0.15593041172032918
16431,0.06007996942261598
16437,0.0644462127064668
16438,0.03411376901298274
16439,0.1430584920121514
16440,0.05979900299401262
16441,0.1423940161089241
16451,0.13228510795320966
16461,0.1396088929303897
16464,0.22878847980712308
16466,0.2261783434548519
16467,0.13862362015437105
16468,0.15138000985924874
16469,0.15825733187832236
16470,0.15349963913744943
16483,0.16576584426754695
16488,0.06076940664023138
16490,0.06496462863302689
16496,0.15884600904516377
16502,0.06481332818561904
16511,0.06058909952192199
16512,0.14908796151133957
16513,0.14906880180299487
16514,0.031312553458393816
16515,0.06051232639792544
16517,0.1558609044604074
16520,0.06179002690343573
16525,0.14907652432693425
16529,0.14150478580513723
16532,0.1373432241434229
16536,0.2288851178067305
16540,0.06559341628969229
16542,0.1494814012823687
16548,0.14364138868819235
16549,0.13527884241610125
16551,0.2588550671247089
16552,0.12881792158431435
16557,0.14485980837347573
16558,0.14265154428854224
16559,0.15418929661326924
16561,0.14522316851033865
16562,0.15122503478367194
16564,0.13226716856439893
16566,0.1382173849217223
16572,0.15912822119803768
16573,0.1714224233663306
16574,0.16650563996420073
16575,0.06416359799106125
16579,0.16815445139307236
16582,0.13570409998354363
16584,0.15535220270144312
16586,0.14487634979728206
16588,0.16100746349756984
16595,0.1530038597113342
16597,0.14573552813521323
16600,0.1549540124683282
16601,0.14525468787222998
16606,0.35954972051219497
16608,0.033469135743233666
16611,0.14418605097663525
16613,0.15397637521879357
16619,0.14307646866421014
16622,0.15974380814977832
16624,0.15563494578507903
16626,0.15092861848985448
16628,0.13784366206230292
16630,0.13599175892414445
16631,0.0626897089559929
16634,0.1463863455737823
16638,0.15910045108480958
16643,0.10357233498460139
16645,0.21323520642201385
16649,0.1531729584711617
16651,0.1427319022146836
16652,0.13925309578173034
16653,0.09955309577394018
16669,0.16202894211186086
16672,0.15046238063095868
16677,0.15205077405054665
16679,0.13738871574767203
16680,0.15514460091242485
16681,0.06450204619708988
16684,0.05771374564424522
16685,0.12889321411218657
16686,0.15991573105127874
16689,0.13880867485466153
16690,0.05814841528589574
16692,0.13949728847463946
16693,0.06371954940152666
16696,0.061306642160870596
16703,0.22456062172488805
16704,0.0343460436610798
16707,0.12399489273248203
16711,0.1199750092658942
16713,0.12963508579025182
16714,0.4040375809581585
16716,0.14241819890672378
16717,0.156399358857679
16718,0.1345354638089198
16720,0.06019085606279601
16723,0.14155715300163554
16724,0.22425183111267172
16728,0.25609892112777527
16730,0.13983624180037457
16743,0.11235838653618396
16744,0.0334314497051618
16748,0.15317692085836979
16750,0.14622435792673416
16752,0.14485951816799786
16753,0.14692495039738615
16755,0.15512180516722512
16756,0.06025991955120025
16760,0.14084398427262595
16764,0.061051352433240225
16771,0.14688922250613434
16772,0.16294758129521106
16776,0.14764606362073532
16777,0.0670156622875558
16780,0.15760750817977012
16781,0.1446642896229949
16788,0.1438371708829713
16792,0.12629081278422208
16794,0.156206979430958
16795,0.06309464207805877
16796,0.03751079062950617
16798,0.1420257142227094
16801,0.1464237651671499
16802,0.13856687261642206
16803,0.1470070070125204
16815,0.1527542458907083
16816,0.13761693853527815
16818,0.17281917598958177
16819,0.18470292240868225
16824,0.12031276547168467
16829,0.1415229505236172
16833,0.14114317150512393
16834,0.15323029186248813
16846,0.16367769958865738
16847,0.14377134100397895
16848,0.14300547008804068
16852,0.13935916947085636
16853,0.15324694304668202
16857,0.14883428415464614
16858,0.15828470658102287
16861,0.1505770353306956
16862,0.16062859732510826
16867,0.13319451337662838
16869,0.15101659999769038
16870,0.15064295863350424
16872,0.14127155554372242
16877,0.09202245687869945
16883,0.13681962615172213
16890,0.07887889061865269
16893,0.13699677716429226
16894,0.06804393665106767
16897,0.13566297441882072
16901,0.14429314027250062
16902,0.11320815192566792
16906,0.05754588632917578
16910,0.03689675393085699
16911,0.251011287794007
16921,0.13738717136440015
16926,0.14576061414168343
16928,0.161034947046133
16932,0.17661180659871445
16933,0.13005096865717683
16935,0.1506517416165033
16943,0.16086220647295618
16947,0.036395003610002745
16948,0.1500052408005631
16949,0.06524495911526776
16953,0.15740339207054008
16954,0.13682710063318163
16956,0.13765312151333342
16958,0.033267873135920854
16962,0.14634322975965897
16969,0.06704859050131638
16970,0.033099573350285454
16979,0.15328117345484102
16981,0.15959135266106333
16983,0.160737154637327
16984,0.12309089161587869
16985,0.14560465957992494
16987,0.1478129616907237
16989,0.2543734276535457
16990,0.15537423149040613
16992,0.14205388663997867
16995,0.13680873740618515
16997,0.36056320046509693
17000,0.15926128085645153
17002,0.15293356236560174
17003,0.15768365862443876
17006,0.22391126994521374
17007,0.1646885884393734
17008,0.059387668491429166
17014,0.14326281499742655
17015,0.1447525452325278
17018,0.15866597856093506
17020,0.09576373594812901
17024,0.24066399665297833
17026,0.2198753570885177
17028,0.14398004513386586
17035,0.13675981280108462
17038,0.15894624491330006
17041,0.22871596346754292
17046,0.15066263760843246
17052,0.035576209802769106
17053,0.07193487570410463
17056,0.11851155169901176
17063,0.147595640287582
17068,0.1299873475990908
17073,0.06483723439405212
17077,0.15085846317211657
17078,0.13361346469502033
17081,0.14772855476004518
17083,0.1486825250644958
17085,0.1364310387542805
17086,0.1507735707989515
17087,0.15575709986747127
17088,0.14195901393547514
17090,0.14750233084708952
17093,0.06362708991630421
17094,0.06596242596825526
17095,0.14719304478162326
17096,0.0634569415598846
17099,0.1512157195819644
17101,0.15205939887481615
17102,0.14660342071461602
17104,0.15889669308997897
17105,0.14202715166623542
17115,0.14220402723932474
17116,0.15513386812774502
17122,0.06197452932465009
17123,0.061273880746902876
17127,0.15111257824935537
17128,0.14965298878753805
17131,0.1442746124500718
17136,0.15231513587678658
17140,0.05138422655711035
17141,0.14840176780363454
17146,0.10454832611353518
17147,0.059704149338557166
17149,0.17579742357510156
17155,0.15658487602897006
17158,0.2196758111093132
17159,0.13960450092607923
17163,0.14885909911742556
17164,0.13542772687923227
17165,0.16177760082906836
17169,0.2208982846673676
17170,0.14117957769624453
17171,0.1765315086877673
17172,0.09405604647415222
17175,0.3650659589999633
17177,0.14938747844333447
17181,0.13964445262744532
17183,0.05979792007057351
17188,0.14696222598309414
17189,0.14914310474573045
17191,0.14265923848769532
17192,0.1359339187137448
17194,0.13602179705390455
17210,0.14103408604755308
17212,0.17263371315388729
17219,0.24323390132446998
17220,0.15942614795013993
17225,0.15530251068365836
17227,0.1504425746340942
17228,0.06468241310563666
17229,0.0638035633481959
17231,0.15667276502500638
17232,0.15410656692247737
17233,0.06037874735555658
17237,0.14241059921579538
17240,0.16064766085577417
17241,0.14089994482823154
17243,0.08947073726110255
17246,0.16757282111074137
17247,0.13530557932627352
17251,0.23983534173115337
17253,0.13796200242836235
17254,0.06048556548173763
17256,0.05996423545726255
17257,0.13686296946735582
17262,0.1367921634826019
17267,0.07864309488580425
17268,0.14751932763141068
17269,0.14819453585699277
17270,0.15337133862113875
17275,0.15788739795123222
17276,0.16779264291563217
17277,0.25367502682983556
17279,0.14890090514099205
17283,0.06274793525474985
17287,0.128431065762176
17288,0.06438004112303683
17294,0.14797364516715092
17295,0.03368782679649076
17298,0.14457730414322184
17300,0.058849751101277076
17302,0.15966284685330107
17303,0.15461582613383673
17305,0.13802796034889206
17307,0.15526443559360326
17310,0.12961308126968119
17312,0.06441668379474878
17316,0.1498561027969263
17317,0.13818784426031652
17318,0.06037576669371252
17320,0.0631659388939821
17323,0.14107897457526614
17324,0.14137254290675652
17328,0.22488694033253925
17332,0.1403052689114241
17333,0.13002181751486055
17335,0.034410406840376516
17338,0.1429232098062495
17340,0.1496755702580081
17344,0.15143783164632452
17345,0.16152814276343444
17349,0.14892159390667106
17351,0.14757763747680583
17352,0.13218143404899052
17354,0.06881589462950993
17356,0.22135922858167092
17357,0.14360484036422397
17361,0.06636774475351355
17362,0.16476968168835307
17363,0.14306940600684553
17366,0.14681953671267522
17367,0.1478911518190382
17369,0.06076305330233187
17371,0.15326431634631255
17373,0.1378831954564546
17378,0.15976328430397935
17380,0.1558889424455562
17382,0.14961273787069776
17383,0.15227928863911408
17387,0.13014014271374072
17389,0.15852657383909902
17391,0.08508904189924227
17398,0.14390817645561824
17402,0.15001885125034936
17405,0.23341632681521926
17407,0.06001342972995918
17409,0.14510770472481838
17411,0.1542173687359783
17412,0.059001874836349694
17413,0.15073478052395706
17415,0.14355501001272986
17420,0.13964697741304521
17421,0.14700376674944804
17422,0.1565244020549808
17428,0.15581835211927236
17430,0.08968634784296327
17433,0.14476183467850456
17435,0.15530858122244418
17438,0.11490899103055195
17440,0.06185654731593892
17442,0.1416959714308724
17444,0.13983878026033628
17448,0.15125443906686695
17449,0.2236424200804748
17462,0.14796405443716737
17464,0.14623842112001292
17466,0.06565184947033947
17468,0.14941559662856987
17469,0.1473329317228366
17472,0.12084111807627121
17473,0.1365782124164808
17475,0.14373912199290786
17479,0.06065603178748181
17481,0.14537122112445924
17482,0.1405845413899308
17485,0.059567275462328415
17486,0.24193328474313625
17488,0.15859832420051131
17489,0.033952364741829125
17490,0.12350723297722017
17491,0.07339248407393291
17492,0.14229768873442988
17494,0.09887197442272254
17497,0.22085229623412891
17500,0.14566450502384187
17506,0.14897757535465955
17507,0.1604264881222366
17508,0.24570174384565563
17510,0.14037515064647657
17512,0.238924612133225
17513,0.1630293080347543
17515,0.15068012297258185
17520,0.15589383662507725
17521,0.15852389506263706
17522,0.1422196763992851
17523,0.15086449567213864
17524,0.12413209729183716
17530,0.23568387216465633
17535,0.1559088241417339
17536,0.14677687026076305
17545,0.15016832358277848
17548,0.1634341990027265
17549,0.15064617306447317
17553,0.15049195439228394
17555,0.1597692493289789
17557,0.15714329791993392
17558,0.14343435519594422
17559,0.15016540617232438
17562,0.16387115819433745
17564,0.03840186111351511
17565,0.22296826273589498
17566,0.16356462255435242
17567,0.158266944837477
17568,0.06544260496772215
17569,0.13843468797336694
17572,0.1462493460757015
17573,0.16978750793163755
17575,0.14151795723066432
17577,0.1504953869231276
17578,0.14687978859358783
17580,0.13998949592202345
17581,0.16375706105369925
17585,0.1381045540344989
17586,0.1763771320979922
17591,0.14288714297888866
17594,0.15961421904959694
17596,0.12137365702760226
17599,0.23719493467585556
17602,0.15988744306638636
17603,0.16124839793698606
17606,0.06259819386630212
17614,0.1614962845735753
17621,0.15889208113125491
17624,0.15881118237228226
17626,0.22576214690061333
17628,0.03319882136761186
17629,0.1595166345496777
17630,0.1638320411355793
17631,0.14618621786205788
17633,0.07205437706419486
17636,0.1610939194324222
17641,0.14446316163654516
17642,0.2378756073147549
17645,0.16676535443961446
17646,0.16382682052073422
17650,0.14439719749277016
17655,0.15007023623984586
17659,0.13931548351209544
17660,0.14001718524174017
17662,0.15294746670630946
17664,0.07255940849314639
17671,0.032931976926132
17673,0.14638720158794716
17676,0.1504102193339565
17679,0.1620481102681838
17685,0.16713864583818086
17705,0.17218772979097435
17708,0.16003076488588058
17711,0.14809290736724737
17714,0.1659080255967691
17715,0.0647424840163706
17721,0.135939756497619
17724,0.23715355209266914
17726,0.1416045010968595
17728,0.14934079139258855
17730,0.12488157975171446
17732,0.14318882762885204
17735,0.24361156236249584
17737,0.13166751554211362
17738,0.14904894495901355
17739,0.14726535995062365
17747,0.1420405941798774
17749,0.14764014467468067
17752,0.14289338368214372
17753,0.1465787872082749
17756,0.13805836679056444
17758,0.07828707424286649
17760,0.15645022160102115
17762,0.15118050245073136
17763,0.23514344899577672
17769,0.061947356089253454
17775,0.14372917243298505
17776,0.06710407219379111
17781,0.1600111942857691
17782,0.14785844155988323
17783,0.06141233906436224
17784,0.16210550519172903
17785,0.14206019859313743
17798,0.13809228532012316
17799,0.1573607438818424
17800,0.24881622540308043
17803,0.1414789625480843
17804,0.03814680157792284
17805,0.1453537871718718
17808,0.16115046859151533
17817,0.1531482843489089
17823,0.2685696857160372
17824,0.14307763449821678
17825,0.1567407529910372
17827,0.06068491285187406
17828,0.1515649176820264
17831,0.13662436245848864
17834,0.15183827142738276
17835,0.249048749013178
17837,0.13243806774040726
17838,0.16201008207040524
17839,0.16023253598709805
17843,0.15999991163694544
17846,0.36478839367971544
17847,0.14933177892296542
17848,0.16033765704662853
17853,0.06345404046222006
17856,0.1456365176463443
17859,0.15041700384956902
17863,0.06858669059898784
17868,0.06591250262915506
17869,0.13972289758305825
17870,0.1993653231190117
17875,0.06495760950868791
17876,0.14499441861829568
17877,0.14241495772913343
17879,0.15749631179313875
17884,0.14444047231162915
17885,0.06519109904928526
17886,0.03358839859019631
17890,0.14925670815854017
17897,0.08542701707012325
17900,0.08249220610653636
17902,0.15178913188014553
17903,0.14835756640216075
17908,0.16028055736911206
17914,0.1641052028395312
17915,0.15046680151236067
17916,0.06501002389281571
17920,0.14178790056349508
17921,0.16268591861193465
17924,0.15464178755718677
17925,0.10021596568918191
17926,0.08522709135953889
17928,0.21684381757130267
17930,0.12609731734868287
17932,0.1165957588680024
17933,0.15498693489902843
17939,0.1447604747601747
17941,0.23667501950077488
17943,0.2254705030635192
17947,0.06694372116570006
17948,0.14767050422481157
17950,0.13375794485536127
17956,0.14090850681656183
17959,0.1448390894459512
17970,0.1636203091841669
17973,0.15565729372744153
17974,0.15909164388421268
17975,0.1260676770872816
17976,0.1443141982272663
17980,0.09035444256928442
17986,0.16753686120590072
17987,0.0674280131434906
17990,0.2212649581038294
17994,0.13171968390750868
17999,0.14601865896624489
18002,0.06414175799949766
18003,0.06072787899618497
18005,0.21878912186950736
18007,0.22319686253404866
18013,0.13948251510170662
18015,0.06039339582321826
18016,0.13046161076602444
18018,0.15100957027033035
18019,0.15398080809261608
18026,0.14853851267647963
18030,0.15450833749871296
18032,0.16191677180106748
18035,0.1467207851807866
18039,0.14393364334711134
18042,0.1425472073531039
18044,0.15107975730599793
18045,0.12921841945458826
18046,0.1516581344074469
18052,0.14914892097965415
18054,0.0652228429157221
18055,0.15130765231047869
18059,0.12313098019457396
18066,0.14455206092649175
18072,0.16808352619728692
18073,0.03384318365450864
18077,0.15481237108085297
18081,0.06360400447970473
18083,0.127821665190284
18084,0.15112090567087583
18085,0.14898380575568687
18086,0.12984754401153098
18087,0.1622447431421545
18092,0.1564159572838694
18093,0.08273360256122506
18095,0.061777803485575086
18097,0.1340856770919989
18100,0.15021417400932532
18101,0.1194537863215734
18103,0.15318486632994635
18104,0.14749901977151844
18105,0.14133739247457877
18109,0.1286959249455153
18110,0.1757308971648578
18113,0.1635091075998124
18117,0.06561757873173811
18119,0.15304318558947988
18126,0.16090246406842493
18127,0.060930594390788545
18128,0.05938761082752079
18129,0.14987371856653067
18130,0.16017296419382263
18137,0.3734986504754835
18142,0.1430227997207953
18144,0.05957038026019829
18145,0.12275083851890184
18146,0.1421612455849001
18149,0.16694083622598702
18152,0.06125031859261677
18153,0.2198023983659087
18154,0.1399013632211997
18155,0.13879147229471012
18156,0.1577733759446901
18161,0.16304300950101414
18163,0.06305787400174889
18165,0.06467147333375929
18166,0.14121651497714333
18168,0.14425060642777746
18172,0.06021133710099709
18174,0.14050390105517443
18176,0.06750724678307901
18177,0.07068574546932019
18179,0.16129897570669377
18181,0.15550903486028936
18182,0.06056204102544861
18183,0.15203290291960833
18187,0.1474046821989447
18188,0.23529600954696933
18189,0.15107922957483405
18194,0.14700432628076324
18196,0.1532404615973848
18197,0.1502637181275593
18198,0.09165851563383161
18199,0.1474769854961088
18201,0.14926583908997257
18205,0.14184933980591657
18206,0.14321175003784306
18207,0.1459394618571093
18210,0.13347679878529725
18212,0.15768210446765457
18214,0.1281289982908061
18215,0.14518959982967028
18216,0.14080873990087087
18220,0.06205323202307199
18221,0.23318664141619327
18222,0.06530772524843503
18223,0.17003357089355328
18227,0.1453051022840291
18228,0.16453275328083183
18229,0.06458939507440219
18232,0.1653577852086705
18234,0.14724799407816005
18239,0.14859364999556218
18243,0.17155357505934996
18244,0.06225112329019875
18245,0.16215613631879977
18246,0.09163976359626043
18248,0.1566775891588489
18250,0.24669494949021198
18253,0.23425685781635275
18254,0.1315177481950443
18256,0.14978773788052324
18257,0.13934758532574867
18263,0.060623058044392636
18264,0.032482947233011705
18266,0.13552150018875772
18267,0.03240934107142508
18268,0.172513477676877
18269,0.15208108019170577
18270,0.15969514485196626
18271,0.2515400048844382
18272,0.12548030482976089
18276,0.15878798457472745
18277,0.06631440965455825
18280,0.1379934925926497
18282,0.06108787146694027
18285,0.14564345197966913
18288,0.36493718452069085
18295,0.05933422168020518
18298,0.10911983789839734
18300,0.13941008869460764
18301,0.1363019622456639
18302,0.1392797584647712
18304,0.06458438433863291
18305,0.1336955692979786
18306,0.22718226644417328
18307,0.061258408447918924
18308,0.06477539670646576
18309,0.13357997191780727
18311,0.15068913694980476
18313,0.15972334529012205
18314,0.1570639072470463
18318,0.15565722638363733
18320,0.23040250087576963
18321,0.13107529974718563
18330,0.1583720264030576
18334,0.13430261206409172
18336,0.061704778286898895
18337,0.1407400823905579
18338,0.13595850055245423
18339,0.14067961745436355
18341,0.23515375613971679
18347,0.06590110214366905
18354,0.061111482159919135
18355,0.06170530203398453
18356,0.14896530665937133
18358,0.1292619516403609
18360,0.15646303856177662
18361,0.13932012226626872
18363,0.16493415902350425
18364,0.22729743946969577
18367,0.15870901652675196
18380,0.06319080729733266
18383,0.14710643543643934
18384,0.1434984519783016
18385,0.14725875141386136
18387,0.3677714951573709
18390,0.14824823819281222
18391,0.16641896942991272
18392,0.139076811325825
18395,0.3693055799579665
18396,0.1639728431399655
18397,0.1398179431722712
18399,0.15015645032950084
18400,0.22551406533781157
18403,0.1685930354525577
18404,0.13755138294319896
18406,0.12869217148095685
18407,0.23246284290381433
18413,0.14382177307595645
18415,0.15102492578062998
18417,0.1789121014270362
18420,0.06052281109597762
18422,0.12236504024049619
18425,0.06131662979771675
18426,0.3810782817980388
18427,0.062319170428315876
18428,0.14263123455837962
18429,0.1723649539353015
18430,0.1292604894326729
18431,0.14027519178824596
18432,0.16490921591855007
18433,0.37025927586933427
18435,0.13885779473947432
18436,0.11936610686952524
18437,0.05955550338184723
18439,0.13695900463439256
18444,0.13707808729519214
18446,0.15895928085772054
18448,0.14331048025945714
18455,0.0769077264278218
18457,0.16165635759750202
18459,0.15886942440646726
18463,0.18014283013845922
18464,0.13656073602405314
18467,0.14376093877932275
18469,0.15567094342099835
18471,0.06155785728879867
18475,0.14326607560372273
18476,0.06434998850124653
18477,0.12969837456057168
18483,0.15754582280522342
18488,0.1660723701330833
18489,0.07766364036555166
18490,0.15111768125880903
18492,0.24294890123418805
18493,0.13355782245599004
18494,0.153519375085957
18498,0.0996735961332942
18502,0.14202957892517754
18503,0.034429469000775814
18504,0.14965015482266958
18506,0.13944940129350902
18507,0.15455170400824136
18508,0.13604865309675349
18512,0.1446429823545964
18515,0.062027239226956445
18517,0.16514323010531484
18518,0.15256375878300396
18520,0.14398545282296096
18521,0.1374868861195294
18522,0.14719557042500608
18523,0.1414038398733771
18524,0.06800337461885668
18530,0.1506869238850243
18531,0.14687787465930194
18532,0.06009283648805762
18533,0.14157995680439062
18534,0.1721822269187909
18540,0.13989480767738458
18542,0.1445581932741205
18543,0.14498279635110847
18544,0.154818893412606
18547,0.14985022437730586
18549,0.034407427590016845
18552,0.15815624760653568
18553,0.16906744126305778
18555,0.15885544848665992
18558,0.16881587515529226
18565,0.06304798928297092
18568,0.23529546025944345
18572,0.14483832329671767
18575,0.16536204028789364
18576,0.15396209959278945
18579,0.1416794351579709
18581,0.17091666816436285
18583,0.08936109191352949
18584,0.03262295259904647
18585,0.06485120986774762
18590,0.06049068209251524
18594,0.15373334393819005
18595,0.14523671491590984
18598,0.1455461834633633
18600,0.19568990772637163
18601,0.3641477740942084
18602,0.13966139132448768
18603,0.240993577193501
18604,0.035651064352520544
18610,0.14228607311298133
18611,0.1470280561044127
18615,0.1425661446007721
18617,0.13116056505271176
18619,0.1609791391442895
18623,0.06444131389508581
18630,0.13429856754799147
18631,0.16281202438575018
18632,0.06514702340124164
18633,0.14714131028005886
18638,0.14203828217201023
18639,0.13423126701046328
18640,0.15394956327282538
18641,0.0635685694250361
18645,0.16207118589377528
18648,0.09970922801085874
18649,0.14498998349073638
18651,0.1367557985876991
18653,0.07999165220502726
18656,0.16282916953493162
18657,0.1438612266583735
18658,0.1626119957017974
18659,0.14845538272522812
18661,0.14782299609645153
18663,0.2436532673711494
18668,0.1552951883861382
18669,0.1393861837416011
18671,0.1400828523253023
18672,0.0735326380654922
18673,0.16271087480960644
18679,0.1444422671701761
18689,0.1497857161094976
18690,0.14316321303305082
18692,0.1523263467296215
18694,0.13714441866190874
18695,0.16968434261746124
18698,0.14904514477589245
18699,0.1475575073051051
18704,0.15423571747297024
18706,0.36074509686771306
18709,0.15919346618518243
18712,0.16419947077641514
18713,0.17411412789190014
18717,0.15788660922142628
18719,0.3971040037134341
18724,0.1427239880424439
18725,0.06663326143793227
18728,0.1536799687002187
18729,0.14863407211917387
18732,0.03402226712993943
18733,0.14117184214414366
18734,0.06764599558077597
18735,0.16502232542280842
18736,0.15591008428621098
18739,0.13920867972599046
18740,0.1557888767824896
18742,0.14367792314897365
18743,0.23686020864153698
18749,0.05966165358677828
18750,0.14936512595802348
18751,0.13431233010302826
18755,0.14600010700109284
18756,0.03349004137658261
18759,0.1526803982095785
18760,0.06686651155084665
18762,0.1522546257742639
18765,0.1483959019657835
18766,0.14393937442323054
18769,0.14376469145913365
18772,0.14997777404790608
18773,0.04810519881869283
18774,0.14542569146355638
18778,0.14585330958657378
18780,0.06838111984890752
18782,0.13180379234561057
18784,0.13961582541580622
18785,0.15771204338890865
18786,0.15587272836271898
18801,0.08653849303895172
18804,0.13934180181676273
18807,0.1542701049830481
18810,0.22908391023851704
18811,0.14031154242845062
18815,0.1340856770919989
18816,0.1564427241553515
18818,0.15012415730009843
18819,0.15474592519147407
18820,0.15869290269355923
18821,0.24375039727319303
18822,0.16471045557354339
18825,0.14213493838671626
18827,0.22840713865604562
18831,0.1479332222328239
18832,0.14839152138222791
18834,0.22474286219193254
18836,0.15459800043079494
18837,0.13590579838486105
18840,0.06311337107961124
18842,0.1347381643706504
18847,0.15678707331929403
18849,0.13782906322659993
18852,0.1351204006056305
18854,0.14508087233677097
18855,0.13267434866328606
18857,0.14008400963017265
18859,0.16280877805334476
18860,0.1613332740689088
18861,0.1433664497249924
18862,0.061168607360255506
18864,0.14609986207564515
18868,0.13914279754513934
18870,0.15100103127786743
18871,0.06724089810714061
18874,0.14406015919537624
18880,0.1824883567554144
18882,0.15821896974134964
18884,0.13638284787278773
18889,0.1595535141890331
18892,0.16462943666072324
18894,0.23334441148039445
18895,0.1468329657091253
18897,0.182181922197519
18898,0.06076940664023138
18900,0.1834208369479551
18902,0.15121243001827753
18907,0.15815723851684887
18909,0.16267832115996073
18910,0.36493718452069085
18914,0.14418278859652517
18917,0.13447892536043773
18918,0.14847092773304824
18921,0.24791857036897383
18924,0.14747062471152594
18925,0.13554099526942612
18927,0.14761829936627185
18928,0.06397640911531825
18929,0.14135808589779303
18930,0.13804979329006567
18932,0.14992730249317915
18935,0.062441456693552916
18938,0.05081481815883855
18940,0.1424950240501117
18941,0.14087602527559143
18942,0.14514129410215765
18944,0.06295015798705596
18946,0.15138379507530408
18949,0.14283549578688157
18954,0.061928062203077214
18956,0.15495591741166462
18957,0.07022562390634698
18959,0.1552256399857448
18960,0.0807710746939048
18962,0.15401015888443592
18963,0.15189836977314453
18964,0.2624112098602264
18965,0.1512917468908631
18967,0.13507711842107117
18969,0.15240780449735472
18971,0.2064626566535853
18973,0.1508718928766055
18977,0.15287393152884446
18978,0.15688972073986024
18981,0.1607079173828795
18982,0.06707491683624175
18983,0.15366705326986652
18984,0.13519426620867364
18985,0.142215670997776
18986,0.1627210357710726
18987,0.1398821052680374
18988,0.1377537477532673
18991,0.0666012845538906
18992,0.1469147904600354
18993,0.16518489844856277
18994,0.25315453344359684
18995,0.14640928580646967
18997,0.13690136335009143
18999,0.13297451357821452
19002,0.12886581637304317
19004,0.15055331403736852
19005,0.11034358892588629
19007,0.1370161185098478
19010,0.14913685381865951
19012,0.14256680999428128
19014,0.13651490275451378
19016,0.16076858045621711
19017,0.17205841061790392
19018,0.15660157183835066
19019,0.1536919260955028
19022,0.2183738336352077
19023,0.25852473358722394
19024,0.22895023805412307
19028,0.14510693066640024
19029,0.0612100539332203
19030,0.06708139162803237
19031,0.179974406859376
19034,0.1454499054325139
19035,0.06008168667736523
19036,0.15695973687851555
19037,0.14103651606880174
19038,0.16277659662482205
19040,0.033552559662627816
19042,0.2345156600315985
19043,0.14460744825149618
19044,0.12451192251892522
19047,0.22130145304432589
19048,0.1535982439436192
19049,0.1415972456198609
19051,0.14828778765367656
19053,0.1425682487603776
19054,0.2326488314656095
19056,0.1329709243902582
19057,0.15813129708883147
19058,0.143376606309059
19059,0.13628707348974217
19060,0.1494527826197805
19062,0.15877748032964872
19064,0.15141134680272136
19071,0.22633688399819374
19078,0.10761021417539009
19079,0.13922030925070208
19080,0.13544122187622656
19081,0.06150502339097334
19085,0.14980044749744004
19088,0.15806962278063919
19089,0.14787627780512855
19090,0.147841098773277
19091,0.24527353489103165
19092,0.11656568050945583
19094,0.14069487779489226
19099,0.163256760577059
19100,0.15152826141991804
19101,0.06366837294474635
19103,0.14107121064726239
19104,0.14866274363520662
19106,0.1495677861193061
19107,0.22990290750967518
19108,0.14813927022605033
19109,0.03226609447306659
19111,0.13989574895473786
19112,0.14825864699870234
19113,0.14945111230605965
19114,0.1532256546969279
19116,0.16232576900606588
19117,0.15490276449009727
19121,0.13781520924593332
19125,0.2315212668491225
19127,0.1794472753294813
19128,0.13999766589298046
19136,0.13945831713515258
19137,0.14175962873845574
19142,0.15323561868449834
19143,0.13636728363437461
19144,0.13603583224226418
19146,0.14999884915795988
19147,0.1371243007175974
19152,0.08265597717968817
19154,0.060642207282647874
19157,0.1543337614325816
19160,0.15775209237363338
19161,0.06624800169372722
19162,0.23260200731698724
19165,0.06088116309166639
19167,0.06081122370426271
19168,0.15018105760257802
19171,0.06365995435398619
19172,0.033552559662627816
19173,0.14990006963850544
19174,0.1464237651671499
19176,0.1384003389276525
19177,0.16088546274848575
19178,0.05801227623892373
19179,0.22354770016052858
19180,0.2133749598714716
19182,0.1570272472864379
19184,0.14543400866490105
19185,0.03277308301742091
19187,0.06937620466234157
19189,0.22609731993640725
19191,0.12884221035007637
19193,0.1539585973290726
19194,0.15427158131137
19197,0.1721140547962222
19198,0.14804256664753906
19200,0.15078487310759056
19202,0.033981204918721634
19204,0.08048743619367156
19205,0.14251751988553366
19206,0.1417556937953334
19212,0.060906697091901496
19213,0.14329252093450634
19214,0.3969213749093724
19222,0.15069729188458672
19223,0.1617467147999111
19225,0.21758512777706657
19228,0.17056386776227164
19230,0.3746117430464331
19236,0.15492463565783748
19240,0.15613648099054295
19241,0.16397059354723387
19242,0.14829142746776178
19243,0.3634550506972928
19244,0.14029721991884614
19248,0.14045025966255464
19249,0.15723420351902975
19250,0.15220292876101127
19251,0.15783064132205685
19254,0.15802276552981168
19255,0.14444452232167512
19258,0.14482959280392715
19259,0.15328581999698646
19260,0.23583305203042298
19261,0.13778277270296285
19262,0.0679354455818131
19264,0.13243299264321076
19265,0.16552049838576208
19266,0.1498681794187506
19270,0.13538120133984435
19271,0.15262584467014068
19274,0.14802967234032446
19275,0.1458948269904755
19276,0.10337592847500646
19278,0.06120006900307557
19280,0.13812025941236342
19282,0.14307995503645493
19287,0.1589034499402725
19288,0.13638064503541628
19290,0.15392526757600652
19293,0.15732423374385063
19295,0.22085226549972842
19298,0.21618114962350476
19299,0.18863850914965277
19300,0.06421676256098266
19301,0.14701203291837958
19304,0.15769503956746553
19305,0.1503552526675642
19306,0.1382662875836466
19309,0.16166335001266077
19310,0.14816844186400044
19311,0.22749905645899682
19313,0.16732783491451453
19317,0.16015274090137668
19320,0.16783030649507255
19322,0.06107255857575564
19324,0.15894204540383777
19325,0.1510352692740629
19326,0.10869414020725351
19328,0.14445298240459026
19330,0.1575676963239682
19331,0.41266594223558517
19332,0.1431965393918899
19334,0.16168586432850113
19337,0.1415504758852098
19338,0.15856224501375027
19340,0.12875509021070183
19341,0.13738659181703408
19342,0.14798836757866432
19343,0.17772901140114838
19347,0.36050439661864
19348,0.16850223743060622
19349,0.2173806277445521
19354,0.1594266901964201
19356,0.16051231458784102
19357,0.1388963738836373
19358,0.22334259668184572
19361,0.13843114667760137
19362,0.14408981032642854
19365,0.14480527702505497
19366,0.13279793424908048
19367,0.16157646011731136
19369,0.1388567376242335
19372,0.13716767299902488
19376,0.06325419062947839
19377,0.15813066738492082
19382,0.0661324188165552
19383,0.23491207670253783
19384,0.15937126507356217
19385,0.14091812764693312
19386,0.1703486103943824
19388,0.14149687145172687
19392,0.15111737173830853
19393,0.16295361689072
19394,0.13891188514118868
19395,0.2220652419897207
19396,0.1526254291523783
19397,0.12548835542637657
19399,0.16364544725987046
19400,0.15930071761137687
19402,0.15478758618379632
19403,0.17326158462475377
19404,0.13718776843319253
19405,0.14126001015712375
19406,0.15348775680979493
19408,0.13471843728075938
19412,0.1649847921294976
19414,0.15561921808939522
19419,0.2294173450679752
19421,0.16456205311632655
19424,0.13600672555341906
19429,0.38320291550697033
19431,0.16026583294759156
19432,0.13869658510024002
19434,0.06494166442674208
19435,0.13708873688806192
19436,0.1225260118248236
19438,0.14490056460488318
19439,0.23037851247295138
19441,0.06426659967745067
19442,0.061970561022239815
19443,0.14547730218752808
19447,0.14112626925898233
19448,0.14271167251013256
19449,0.13759188194217167
19450,0.1504150412724399
19452,0.1602808738592498
19455,0.22970514300594447
19458,0.13631215643932965
19459,0.164744888054897
19460,0.14604137624188984
19461,0.03237660743115606
19462,0.1531653433431843
19463,0.1500058152804704
19468,0.14715868564959933
19469,0.06009283648805762
19470,0.39883502968620255
19471,0.22311673333027185
19472,0.15386880746999038
19474,0.14358007053134628
19475,0.1434379997152138
19477,0.1527794496970685
19478,0.1542680673206691
19479,0.23545096409834915
19482,0.14984060789157094
19484,0.2481394748226372
19487,0.14607955807419665
19492,0.13917614197806855
19495,0.14355589876555064
19502,0.1446699563164554
19505,0.1417169868133511
19506,0.1451497694800021
19507,0.13399408292905932
19510,0.12282293206368802
19511,0.37871175972146515
19512,0.03692948283634931
19515,0.16107813467217508
19520,0.15310428748528868
19521,0.1489187892616928
19526,0.15155308203713524
19527,0.14358414306506395
19531,0.24777325787752055
19532,0.13832193348207308
19534,0.14225763316365267
19538,0.15651919583963897
19539,0.06319946459311881
19542,0.10812580506613798
19543,0.1343949651313031
19545,0.15164441857752448
19546,0.15392394268548273
19548,0.17104046538874398
19550,0.16435636468458775
19552,0.14757263374583623
19553,0.030979188820600637
19554,0.15454780520088582
19555,0.14146187287225498
19556,0.15679799364602415
19557,0.15799437465758454
19561,0.15088849952819847
19563,0.14597893413757143
19570,0.12577746450357324
19572,0.15369357242621728
19574,0.22599476401721827
19578,0.14276873488115796
19579,0.1479079057483728
19582,0.18932268233261995
19586,0.033612415939124916
19587,0.10059297106621382
19589,0.1489561068957552
19590,0.06457754840311149
19592,0.13848035349287963
19594,0.06647327506240261
19596,0.23101145721914584
19599,0.14197909967505262
19600,0.13967135632178712
19603,0.12934500131220542
19604,0.1393400131349958
19605,0.17144465149306715
19607,0.13553503130088462
19616,0.06413686038276079
19618,0.06895390718070926
19619,0.06455885280083934
19620,0.1486701398136171
19623,0.14430800694187607
19624,0.17100939255183353
19625,0.14628279191394875
19626,0.16522004661750023
19628,0.14567978400534304
19629,0.1484408536285906
19631,0.1309501765681114
19633,0.14267591157964185
19634,0.15199630177569
19635,0.24660767184406554
19636,0.15413886045016248
19637,0.13394995435814386
19639,0.16084123002738313
19643,0.15096887784395305
19644,0.15773379832973314
19645,0.17282288179669134
19647,0.15335236105948846
19649,0.14897700027720295
19650,0.15097825174484286
19652,0.15979168090323528
19653,0.15715221440792237
19656,0.13745088277157605
19660,0.14627283582394937
19663,0.1519834697320985
19664,0.15688612771845895
19666,0.14522823277354924
19668,0.1574807515253852
19671,0.1481159943043754
19672,0.14884897643700504
19674,0.2208501596853422
19675,0.1428433901467692
19676,0.15031628515839388
19678,0.1529854090954142
19679,0.1535784208137824
19680,0.16527931127971804
19681,0.15769350020513978
19682,0.1508810440950953
19683,0.14221021878258663
19684,0.13856649892512726
19686,0.13855625736338734
19687,0.1626792346813157
19691,0.14643938145134733
19692,0.14224810278298794
19698,0.20432549654821763
19699,0.15230031482321507
19700,0.14740126491053915
19702,0.15553720845920646
19706,0.15585981838984614
19707,0.3777691194984228
19708,0.14449875549075636
19709,0.14738467405557928
19710,0.13627279310413237
19711,0.14530869383080364
19713,0.08168662723530357
19714,0.1558087973243856
19716,0.16477880677836765
19718,0.1256811209504284
19719,0.14913705397447535
19720,0.12724445232591258
19724,0.06572618158787165
19726,0.23873718034007166
19727,0.14508394792362714
19728,0.06097694146271793
19729,0.14268944428672045
19731,0.2336902278105415
19733,0.15863085650227707
19735,0.13927722279490903
19736,0.15399891769299298
19743,0.15633946523765763
19744,0.15809324856452847
19746,0.13529373395648445
19748,0.16171463698202349
19750,0.14629808658896193
19751,0.23123579791711896
19753,0.1483244117036442
19754,0.14716217471979787
19758,0.1363559704393275
19760,0.1567462877307577
19766,0.06274985269878969
19769,0.06175404077959276
19770,0.1562538672440164
19775,0.15415185051091732
19778,0.14680646577879503
19779,0.06331659336621724
19781,0.14087888177064356
19782,0.3778423885404304
19783,0.15493895081409104
19784,0.06076940664023138
19785,0.2383036662005993
19788,0.22419578971741866
19790,0.1495665151526631
19791,0.0688460526960346
19792,0.060207728965029746
19793,0.15277909462032585
19795,0.14845354458554152
19797,0.2352563291969663
19802,0.06636955607299218
19803,0.1575790196224604
19805,0.1550002293226498
19806,0.15433509686712493
19810,0.15777188008697413
19813,0.036306438034439115
19818,0.09992746385241633
19819,0.15387757774484748
19820,0.15170922188982788
19824,0.16337708167041273
19828,0.13744647579480473
19830,0.15733408188640183
19831,0.24178956411760452
19832,0.03303334198050246
19833,0.1619511872016812
19834,0.15195882314064682
19835,0.1417384963118743
19836,0.1321009852610267
19838,0.15529759338960858
19839,0.15256525916460195
19841,0.1522775584320234
19843,0.14720457856284022
19844,0.14841803966458414
19845,0.14587149931032906
19847,0.23009324269396195
19848,0.15803314015439984
19851,0.21985616793939836
19853,0.15904248001952848
19855,0.14682973039351077
19857,0.15720807627581176
19858,0.15497912582601525
19861,0.06227609236728043
19867,0.1527015653894134
19868,0.14624587011478837
19871,0.13337642693022253
19875,0.1481603357824576
19878,0.14532969394550038
19879,0.06387971550658236
19881,0.15423772801407543
19882,0.1468130836898153
19883,0.14123679398097994
19884,0.22959359030976698
19887,0.3766429679881021
19889,0.1522180104721516
19890,0.15436209978534812
19893,0.21842222205702086
19894,0.2377602045963459
19896,0.12835579381027018
19898,0.3790128505523063
19900,0.24461249721986947
19901,0.15177539597805356
19904,0.15523186666670102
19906,0.36510446927406415
19914,0.0348769680561768
19916,0.06490291694679265
19920,0.238267578529301
19921,0.06253624979499002
19922,0.1351911609249135
19924,0.25268697351977604
19925,0.15082299527404452
19926,0.16077779695199274
19935,0.06022947653991372
19937,0.10659221668907616
19938,0.1337598652967798
19941,0.1482767855162201
19943,0.1341176215201258
19946,0.1513547080894262
19949,0.06444480881215156
19953,0.14793443823757624
19955,0.15654509843276337
19957,0.156361761136377
19958,0.15105783092596814
19959,0.15653893928830687
19960,0.1505493496649539
19963,0.16456973655427745
19964,0.348621964530081
19965,0.16793597192608375
19966,0.16097897225203633
19967,0.13103422464889336
19968,0.15739615286556186
19969,0.0597851290289168
19970,0.03710185610182022
19972,0.1127198561268497
19973,0.13942360366854953
19974,0.08390866238007237
19975,0.14722440849014776
19977,0.23904105466491782
19983,0.06067916178540096
19984,0.08440864420390366
19986,0.2279868981580676
19987,0.15086603049485844
19988,0.15137728985581514
19989,0.1414786621764431
19993,0.13144453503687373
19995,0.14072837053334092
19996,0.16263528767945884
20001,0.14677520542269085
20003,0.13396604135100942
20004,0.1645044883525107
20011,0.25680593369450977
20016,0.2047767077010307
20019,0.1580731620372574
20020,0.13771254967605082
20024,0.15929606042956793
20025,0.24470720946991803
20027,0.15163528121918787
20030,0.15980134437508214
20031,0.06330876335452683
20032,0.1550168287538156
20034,0.15497915523308106
20035,0.14186905776303244
20037,0.07787225571283486
20039,0.1270252446816206
20040,0.14500667406367415
20041,0.14219663858665305
20042,0.14804262120880246
20043,0.15017693806099663
20045,0.1334061879014573
20047,0.1554560900037246
20048,0.23596518729970584
20049,0.14942415571300216
20051,0.2571522420564265
20053,0.14974668886937387
20055,0.14982952979766595
20057,0.2456702700327587
20058,0.1493850393791856
20061,0.15038656999972297
20065,0.15432853172622962
20066,0.12982487132480164
20067,0.14036003533881625
20068,0.06039527029923692
20070,0.15279847355153392
20072,0.15929297713326857
20073,0.15970086981210357
20075,0.16446203210562302
20077,0.21699054098800832
20078,0.13976650089754536
20079,0.1465959983623474
20083,0.1368853842849374
20084,0.11098388397516187
20085,0.145494606916201
20086,0.0656257680118552
20088,0.13837382362970493
20089,0.15719183750157925
20090,0.037128349099821864
20091,0.26236125124857573
20094,0.17233391934417447
20096,0.1513110406072537
20098,0.1296999316796941
20100,0.1498127656341388
20102,0.1738705868792534
20103,0.1511324288012533
20104,0.1508962112349708
20106,0.1362891828174291
20108,0.407007227715428
20110,0.15548006625655594
20117,0.16530488339230398
20118,0.36938518537096493
20119,0.16029713451893082
20120,0.24861629298231272
20126,0.13795005455658688
20127,0.1531760921921786
20133,0.13708485363177494
20138,0.14181370392994222
20141,0.15360013397115058
20145,0.17099330893772716
20146,0.06919316773690577
20148,0.15206700128594255
20150,0.14825989146345117
20151,0.15084883600689883
20152,0.14982079229541323
20156,0.14012454751299758
20158,0.1453170585343849
20160,0.14685785207824323
20161,0.06491948304346434
20162,0.1523292702653247
20164,0.16631236212249076
20167,0.12871617462792578
20169,0.16135463053883436
20170,0.15608559282432855
20171,0.14978785475922474
20172,0.06061786516785616
20174,0.12671232158951745
20175,0.1591858894073668
20178,0.14635630013869722
20181,0.1422459551473951
20184,0.06272356565859245
20187,0.2500066962180365
20189,0.1411886362474452
20190,0.14489343070832775
20191,0.16008189571124226
20192,0.14364942859512178
20193,0.15621564071940625
20197,0.22728889202986063
20198,0.1239113357809701
20199,0.1389030537045409
20201,0.1389443381974934
20202,0.12188282875557352
20203,0.1422901216087997
20204,0.1491744735024346
20205,0.14367186200979928
20208,0.061055065739713095
20210,0.14956449545163764
20211,0.14639196545586275
20212,0.15751160429477445
20213,0.15192075213696604
20214,0.15697047693341767
20217,0.1469175040507134
20218,0.15102367715065274
20220,0.14615099486229813
20221,0.13757379929998284
20225,0.143251436900107
20226,0.1618388695011993
20229,0.13854578228129383
20234,0.19482428521136616
20238,0.13721628269778474
20241,0.07150082186983996
20242,0.1528605080476327
20243,0.1636647533799537
20245,0.14434325706801648
20248,0.16231619726739704
20250,0.15372236593675234
20251,0.22859749847708852
20252,0.14483121139951446
20255,0.06356383176101481
20256,0.1408401682370048
20259,0.06628953610361966
20260,0.06576978423930965
20261,0.14580067993122736
20262,0.14176440760671186
20263,0.14216375109267304
20265,0.03267749497696108
20266,0.24662222111845122
20269,0.06027951550738461
20270,0.150072503087248
20274,0.13792600155432713
20276,0.20923172921607747
20277,0.23827504572240485
20278,0.14695335779505692
20282,0.1514727509688057
20285,0.15063707257396566
20286,0.16454636939539335
20287,0.06368304564734902
20288,0.23314643864325707
20291,0.22191579508683618
20292,0.06364431466709786
20293,0.15346994637813993
20296,0.15967587044197304
20300,0.1422693786834118
20302,0.15814216461153002
20303,0.1594262924247725
20305,0.15930227644852485
20306,0.17168582995586298
20309,0.13913841000523988
20314,0.22965503491746436
20315,0.14362600887874616
20316,0.13683581100515377
20317,0.13765026235228356
20318,0.14606744834494603
20319,0.1302475633719154
20320,0.15401603739475486
20323,0.14449724669030814
20324,0.06973512986900748
20325,0.06644350487896716
20326,0.061896567102186016
20327,0.14653716071478595
20330,0.1422097079786729
20331,0.1367892567696078
20342,0.15895231679379596
20343,0.15349196471814452
20345,0.15961013107051736
20347,0.06637751328551669
20348,0.13735947776963284
20352,0.12147991228623972
20354,0.06713124127615146
20355,0.14448918878176592
20356,0.2604459548086663
20357,0.15718930041209783
20359,0.14263914681236375
20361,0.15034819371112176
20363,0.06412935147546668
20365,0.16040848015197992
20367,0.35976348881529013
20370,0.0638560363146628
20372,0.11686841703812662
20373,0.15205959283225226
20375,0.36513904665671315
20376,0.146271159384868
20379,0.06979051873546771
20380,0.14213493838671626
20383,0.13509539964360867
20384,0.1749496100431408
20385,0.12723020250215178
20386,0.14163866089275387
20387,0.18603068625447544
20389,0.14986719447030716
20391,0.16577862770556126
20392,0.07154873057059896
20395,0.1485764659228975
20396,0.21558912370279032
20398,0.2695671779279547
20401,0.1471972777885785
20403,0.1538175713997777
20404,0.14380221478955205
20406,0.22798450362017975
20407,0.14879566657453933
20409,0.1622890529176966
20411,0.14809463443222648
20412,0.1570156511956612
20418,0.1540242624591596
20419,0.15876995811656752
20420,0.06073117317419795
20423,0.13945785620751208
20430,0.16752203426923645
20432,0.13765491286323672
20433,0.37775243925433166
20434,0.23654829939790578
20437,0.156169748542258
20438,0.1547465781540988
20439,0.1507171879831609
20440,0.13061294868454523
20442,0.1426504392378142
20444,0.2357083820591527
20446,0.14094674846756944
20449,0.16405908438675834
20452,0.13558371263737876
20454,0.15287038217724036
20455,0.14400328934516873
20456,0.14329468048537167
20458,0.15689316596272188
20462,0.14811022541387361
20464,0.14494503294303918
20465,0.13289586140530973
20467,0.1517729745681543
20468,0.06023365792932999
20472,0.17448381368217314
20473,0.0681102278313794
20475,0.14554920660654563
20477,0.15460468228073462
20482,0.1378616267284442
20483,0.24225800895005994
20486,0.23934153368583272
20487,0.17919671756370198
20490,0.15510506799048915
20491,0.14075282456320098
20494,0.06641537251491131
20495,0.1361963035629256
20496,0.14164415160046862
20497,0.13896024705446272
20498,0.22884508633587813
20499,0.14450490370513439
20507,0.131075699500855
20508,0.14469534414403218
20509,0.07213842427063581
20510,0.14773242157549019
20511,0.15492559245816456
20512,0.06223656630045482
20513,0.1607210470153741
20517,0.14466595031307491
20518,0.24815855675373397
20522,0.1628167537432792
20525,0.16720335507250658
20526,0.13216191548550865
20531,0.23033438518105664
20534,0.158897270156888
20536,0.13550970736734588
20540,0.14082153175267903
20544,0.14795064476242273
20546,0.1562322933590229
20548,0.06092545743551765
20549,0.1488699367815591
20550,0.06605351208066133
20551,0.13077762277167343
20552,0.14714031275148207
20553,0.1311982435296325
20555,0.2301893448207706
20559,0.17091834853794818
20560,0.14527477525890245
20561,0.23470009666231387
20562,0.1388729735593816
20563,0.13937188622758162
20565,0.16389074192325417
20567,0.1535887318822424
20568,0.16358570556501736
20569,0.1492345688551664
20572,0.14327614861664922
20580,0.16917234304713208
20582,0.14123821224727126
20584,0.2516714614094685
20585,0.1567375833185764
20588,0.05815701690408059
20591,0.15385083419131115
20596,0.14585450398276836
20597,0.06339317572678657
20600,0.14313431800051057
20602,0.2284890624731548
20606,0.062481419487443894
20609,0.1428661227420241
20610,0.1540691992283258
20611,0.1515740508377586
20613,0.14717522371914726
20616,0.2274579748800791
20619,0.03465585339411623
20622,0.14188123015975085
20627,0.13657490020411292
20630,0.14647808956321823
20631,0.06024357682678989
20637,0.13762440237064716
20641,0.2415792124379571
20643,0.2526187857635402
20645,0.15550435575141233
20647,0.13443002199776197
20650,0.1560691348016689
20651,0.13176179112091427
20653,0.1571947480329079
20654,0.1757907057065683
20655,0.06324843014881766
20656,0.17151767783915509
20657,0.134628409508074
20659,0.0334608888394625
20661,0.06557663631530652
20662,0.06478550665879804
20663,0.13987211149117187
20666,0.1450121699085783
20667,0.13630765724319893
20668,0.15176330325418758
20669,0.23277933058469535
20673,0.0680265136292495
20675,0.15836466186406314
20676,0.16408148676746456
20677,0.15199010410885247
20681,0.13057705855409144
20684,0.1434110707187686
20686,0.14486219774585432
20687,0.14983965515061015
20689,0.15664878891169248
20690,0.14438007354872187
20691,0.15314558548811566
20692,0.14786962160758296
20694,0.15143594544110042
20695,0.1566613543326991
20696,0.062435352840257335
20698,0.141671929375499
20700,0.1640544937516541
20703,0.14379139172302677
20704,0.40010554197925163
20705,0.14051555320970968
20706,0.13577319027319004
20707,0.1504806820188883
20710,0.25798548737525495
20711,0.13954719786115344
20712,0.08026853986674674
20713,0.1542869305487638
20714,0.16261478868406012
20715,0.14309193472769802
20716,0.1620391920496692
20722,0.12850406862016525
20724,0.17534702856481627
20726,0.2389368128143494
20728,0.15608662830362466
20729,0.24107067103928692
20730,0.15122064973187035
20734,0.14622596826913323
20735,0.06097851493191324
20736,0.14553122232586255
20737,0.13895201876535754
20738,0.1573819089110149
20742,0.2322338600714918
20743,0.03304256479812752
20744,0.13761736076973705
20745,0.14691297656352828
20746,0.14957872684646262
20751,0.12888088305820353
20754,0.14222119067833042
20756,0.23763708851768656
20758,0.15188270082377944
20759,0.14983706698086166
20760,0.1590985616824512
20761,0.21659963867739188
20762,0.14038034722121676
20763,0.08421871535575651
20764,0.139468186697749
20767,0.250453148442477
20769,0.08011090052313263
20770,0.14799080529396452
20773,0.13743573298627423
20775,0.35739454020581896
20776,0.13993618778354364
20777,0.23394293360931642
20778,0.06484107929230652
20782,0.14260669127299538
20783,0.14041131373201374
20784,0.13734476510532678
20786,0.09345035349712635
20787,0.14206135463642303
20788,0.14498777923818526
20789,0.0382903730637141
20790,0.06653244275055177
20791,0.13748147384869414
20800,0.2475154611398738
20801,0.12679764478108654
20804,0.14539605470449715
20807,0.16665319614146773
20809,0.06230557736272015
20810,0.3681784338595169
20812,0.374303027195434
20814,0.135198903400834
20815,0.14833529135848508
20818,0.03364865247561612
20819,0.15565863614735267
20820,0.1500066643030472
20821,0.1553161172889076
20823,0.1471651909305444
20826,0.17535034079115103
20827,0.2638644498420079
20828,0.1578938287258774
20829,0.12902395053071464
20830,0.16108759897499234
20831,0.14524207625945088
20833,0.1515091736193827
20835,0.06964359424015255
20836,0.14039612040514796
20837,0.16276204755736393
20838,0.14608791946815933
20841,0.15760549852585795
20842,0.1473064987635597
20843,0.15256205859971017
20844,0.13262209119139232
20845,0.14734929495577923
20849,0.21605153914636166
20850,0.14609889782559457
20851,0.16255786804893493
20852,0.16425761907925635
20853,0.15669326818795434
20854,0.14995715678107727
20855,0.14762315437281726
20857,0.06444480881215156
20859,0.14708576227841014
20861,0.14095168046175666
20863,0.16185156537035214
20864,0.2528400380206691
20865,0.14017523895818315
20866,0.06668805273147597
20867,0.2336894589163957
20868,0.21363996995222656
20869,0.1649738519633169
20872,0.1561145359529861
20874,0.06064790658395166
20875,0.1542323775787705
20876,0.1430577916450145
20878,0.15784501806753903
20879,0.15259285996355193
20880,0.06338201395476427
20882,0.22982905971504275
20883,0.2282569584511433
20885,0.03275157217031992
20886,0.1436176102136536
20887,0.06275517863694186
20888,0.1532951080286127
20889,0.1474121376712003
20891,0.14082171133102614
20892,0.15372671594802037
20893,0.15737577642550746
20896,0.1533411695475112
20897,0.03305937581602555
20899,0.15620377200341615
20900,0.2481138641810385
20901,0.14867163716404255
20902,0.14731553726338553
20903,0.1367419902149506
20905,0.13760995657448002
20906,0.22654503680120588
20911,0.15964547042984598
20912,0.16519990224512637
20913,0.17106404726068936
20915,0.13592738783099148
20916,0.16854850904035631
20917,0.3700908210301092
20921,0.13954596054796992
20924,0.1255225088780696
20925,0.1465287951129515
20926,0.14899672147742613
20930,0.1618718651716644
20932,0.15636892242492945
20933,0.14326307409915398
20935,0.15662127450730745
20937,0.10618134753102319
20940,0.16721749647955958
20941,0.06147476530673656
20943,0.1418736554816796
20944,0.06479272678589273
20946,0.08120335246416488
20947,0.14236113069400957
20949,0.14895209731280248
20950,0.13676552781012857
20955,0.1375364597919507
20957,0.16261895623326236
20958,0.14341294046815714
20960,0.1613164018661022
20965,0.23136817727477027
20973,0.23042528246438826
20975,0.13829368470445094
20976,0.1604657211605895
20984,0.15834865001831191
20985,0.14161631632205418
20991,0.2502609327912715
20994,0.03689092540501205
20997,0.14056870157568885
20998,0.142811393261079
21003,0.15157082651670298
21004,0.1543878513380816
21006,0.10820799679914522
21008,0.14834340953265546
21009,0.06383070835515457
21010,0.14602199006677877
21013,0.23360255668686644
21014,0.156910716193437
21016,0.14283941782846699
21017,0.14826820671785212
21021,0.0609459223330591
21023,0.1481228248106384
21024,0.1487389389236
21025,0.1362012019153706
21027,0.14762748568207573
21029,0.0662920211171715
21030,0.06807038596744829
21031,0.06420660522748498
21032,0.1710620483345186
21033,0.15664848458378094
21034,0.2220967986352547
21035,0.06034036043874906
21038,0.155668743141804
21039,0.12047154203998789
21042,0.15319448283949147
21046,0.15004844626563957
21047,0.14953072722533245
21050,0.06325988395137198
21051,0.22384377858552523
21052,0.1496128642291943
21054,0.06004658636809931
21056,0.17532054890511006
21057,0.14841908679984864
21058,0.14440649117816898
21059,0.1361807648733654
21060,0.06476261549014649
21063,0.034868549467346
21066,0.06475201083991039
21074,0.1496926711519273
21076,0.1679579036578046
21077,0.14367846612825985
21078,0.1281025329647414
21080,0.1430701517174145
21084,0.032773008229021135
21090,0.22500651198165644
21093,0.12234535835809617
21094,0.14219481773496692
21095,0.25290731972232067
21096,0.14986860342962754
21097,0.22060944575318372
21098,0.06299036223333207
21099,0.14382933242083643
21102,0.16236631610751046
21103,0.17058514187923007
21104,0.15211091196927773
21105,0.1525959974020693
21106,0.22002590613151435
21107,0.17242972594224915
21108,0.1520886584020411
21109,0.06386049495431484
21114,0.06173319492111572
21119,0.13903987439905335
21120,0.15000655921274977
21121,0.15148605656939937
21125,0.166212279816809
21128,0.14341428264365524
21129,0.06449336787191938
21130,0.1550529441233519
21131,0.13474837281316288
21133,0.23423758100343242
21134,0.1492499830464648
21135,0.13826517032751567
21137,0.13202060299566068
21138,0.14273933913587528
21139,0.06087329044133959
21140,0.15525049976500382
21141,0.14085087755702677
21142,0.15015127428953032
21143,0.14735463630334839
21144,0.14208899505755426
21146,0.09181085638487299
21147,0.14445503518801267
21149,0.15448741885578227
21150,0.15285055639332046
21152,0.231844969797389
21153,0.14694940274143053
21155,0.06931479193509638
21158,0.1368492488087053
21159,0.1467043314025338
21161,0.1638915817931071
21162,0.14169372099222574
21163,0.14848410448465482
21166,0.1511988352243864
21167,0.16587116234865112
21173,0.13212280510334146
21174,0.16487048624276546
21177,0.14842899048380073
21178,0.14427249641517437
21180,0.23340351239502902
21181,0.061811393598185854
21182,0.06334911858271491
21183,0.15451867093376512
21184,0.13895667271046197
21186,0.14718437510314605
21187,0.22467821353629505
21188,0.13437795922779702
21189,0.15841208502072843
21192,0.14730881413425312
21193,0.15722266752398814
21196,0.036231504068760356
21198,0.15267201871556849
21199,0.14731293190126032
21200,0.1684347873089919
21204,0.16315389065010466
21206,0.15494711026450805
21207,0.15008522227015217
21208,0.15236486852503464
21210,0.1367892567696078
21211,0.06016828012250986
21212,0.1409375202867729
21213,0.1333434873814561
21214,0.16204190001670063
21216,0.22798677432486866
21217,0.06679576016533807
21218,0.18067829657418077
21219,0.23380582715281648
21220,0.14265318791317852
21223,0.23620905009888396
21224,0.16265950817293287
21226,0.2410934189860906
21227,0.14596421167213497
21229,0.03444726294784132
21231,0.14917366912710225
21232,0.16630986567563127
21233,0.14227617219673977
21237,0.14168697186530285
21240,0.14667457618661756
21245,0.22558881678152531
21246,0.1547717513491938
21248,0.1552025046650631
21251,0.1372300011595361
21252,0.1480939538922608
21254,0.13911370540204904
21256,0.16142508756902074
21257,0.14367261703169354
21258,0.16144290181666263
21259,0.23486219810445902
21260,0.15533718086106613
21262,0.1394014537289301
21263,0.1670318839354248
21264,0.16917827477185776
21265,0.14893034799318544
21268,0.062105798526096594
21269,0.03291208454471981
21271,0.24068521167364423
21272,0.23341632681521926
21274,0.15612568979031904
21276,0.13960811765624123
21279,0.15390727781444316
21281,0.1433519915926788
21283,0.2168463049053373
21285,0.10915230375245703
21288,0.148632184077516
21289,0.22973519562770348
21291,0.140950365091004
21292,0.06414506460390103
21294,0.16404406915142855
21296,0.14717594917039087
21299,0.14745173831719244
21300,0.1435129949874361
21304,0.03368809489285105
21306,0.0666508412788456
21307,0.14366302652130752
21309,0.1616046142239899
21312,0.14377021925767564
21314,0.16636808719796906
21315,0.3635286310386408
21316,0.1365664699041294
21317,0.14528052759006185
21318,0.09626360417098014
21319,0.16591670642857992
21320,0.15084751242661834
21321,0.1399280307411055
21322,0.22463286532686932
21323,0.16282058675457323
21324,0.1396473071824326
21326,0.24235741938118469
21327,0.14534081010617994
21328,0.14639033772777252
21330,0.1354259229765023
21331,0.14829353262211165
21332,0.2261480898360303
21333,0.14676584157493855
21334,0.1618519643017424
21339,0.06742220764430337
21340,0.03314035822285476
21342,0.06405429015916707
21344,0.17949227214214683
21345,0.2298701761272518
21346,0.24370288537171714
21347,0.06645068896825376
21348,0.06046182719653048
21349,0.13336473971897142
21350,0.15684101987008714
21352,0.06355037020148822
21355,0.06467147333375929
21359,0.20134018797441708
21361,0.1388424030318291
21362,0.136983531661374
21364,0.1510212323666803
21366,0.10438414557423739
21367,0.14574835318896986
21368,0.14334922155285304
21374,0.22261943902278988
21379,0.13655735099990599
21380,0.07787049642085137
21382,0.13025311907456977
21383,0.1108864783453806
21385,0.1374578918875436
21388,0.15294874499520603
21391,0.14979259669685907
21393,0.15239361515240105
21394,0.22892712877151977
21395,0.14021270148215081
21398,0.1478364346877724
21399,0.0610460165768459
21400,0.15293869317400605
21401,0.14284432000849662
21402,0.23547192029751188
21403,0.22065773703245417
21404,0.06167616939462505
21406,0.1416952491870772
21409,0.14771511773713583
21410,0.14410984004001445
21412,0.1672418643705748
21413,0.13718826609076526
21414,0.1620526785494425
21415,0.1614636486019746
21417,0.06050057782586118
21418,0.14341802817013996
21419,0.14399872846205575
21420,0.14916372475331877
21421,0.2336024650766686
21422,0.1414789625480843
21423,0.06457962944136947
21426,0.16413723512245398
21429,0.06050057782586118
21432,0.13798779712270104
21433,0.15729087982269543
21434,0.14836197024815007
21435,0.15100152277381668
21436,0.06004876809830478
21437,0.21284596569516465
21438,0.1468033752644752
21443,0.17220026904009977
21445,0.16841346898967854
21446,0.12715589935572774
21448,0.16495315820675935
21450,0.06095295277759829
21451,0.13844827858921316
21452,0.1407453831126616
21453,0.14839587606486943
21455,0.16196407389488976
21456,0.1665906146664107
21458,0.06038286209898686
21459,0.15344956774669177
21463,0.1517314258723927
21464,0.37219946634391526
21466,0.03394376625297004
21468,0.14880480090451598
21470,0.12785735438224413
21473,0.15648793122635235
21474,0.14411412320358677
21476,0.15134900874281934
21478,0.10029010720683836
21479,0.14505683483169862
21482,0.13679758709189777
21486,0.12981225545714334
21487,0.148353709480314
21488,0.13193631141563467
21489,0.0651094457955312
21490,0.14138044646007183
21492,0.24376268393779008
21493,0.23460457847758773
21495,0.14310424673850256
21499,0.15730885710837345
21500,0.12956496644238036
21503,0.1491460699495269
21504,0.16215286208929092
21511,0.06308900073982475
21513,0.1565925450431961
21514,0.033908353601214726
21515,0.25207873821399934
21516,0.14751407415411763
21517,0.03276741956773048
21519,0.14391962673472675
21521,0.1462218402130855
21522,0.24526177535845392
21525,0.06314131057667731
21526,0.22686236034152854
21527,0.13046461677802404
21529,0.1419873217977401
21530,0.13519962475033054
21531,0.2523023863282856
21532,0.22668477586189623
21533,0.14246946856952653
21534,0.16529484736675715
21538,0.096473960783516
21540,0.15267157837421055
21542,0.13856866553043817
21544,0.14831486306058697
21545,0.07148601943942184
21547,0.14657349404220985
21548,0.15260134632669164
21551,0.13401155870756803
21552,0.16308915055111012
21556,0.13186197753260306
21557,0.14128783095153466
21558,0.13588985504631707
21559,0.22200207707893896
21560,0.12722401331690633
21563,0.06560443299317381
21567,0.15363117341888474
21568,0.1331233045471554
21570,0.06577320227850521
21575,0.1348528941214485
21576,0.37005220350444146
21577,0.06018803387982898
21579,0.14111836731990723
21580,0.06486559877781622
21581,0.15205807663876417
21582,0.1431190698387702
21586,0.15647958409196772
21588,0.1518369393405884
21589,0.15372245166747323
21590,0.13854578228129383
21592,0.15355704745049414
21593,0.1618470271013376
21594,0.16555991301364092
21595,0.08671365645633505
21596,0.15405673836516054
21597,0.14774735408810533
21599,0.14938989146238693
21600,0.06610160747622802
21604,0.06135112555565758
21605,0.14412792568980642
21606,0.3583988087477384
21607,0.147394304484656
21608,0.15864648066436418
21611,0.06737888343081144
21612,0.2344330886697892
21613,0.14809423182429018
21614,0.15991583274105478
21617,0.14390678518630534
21618,0.13967745487232758
21621,0.14849692246116103
21623,0.1655924307282506
21624,0.14438635084631468
21625,0.3975211246217833
21626,0.14382985494956205
21634,0.14576447751808166
21636,0.15030034824443225
21638,0.16021810696938513
21641,0.14188524004068354
21643,0.16015214488398397
21645,0.06388387899655353
21646,0.06399224666828934
21649,0.1620511716443105
21650,0.14902635876612422
21651,0.0614437854172322
21652,0.13526049207884336
21653,0.14906567393448428
21654,0.16835273237868678
21659,0.13936090017979819
21660,0.03380379425575607
21661,0.13000811338469145
21664,0.137031047926637
21665,0.14242333430964027
21666,0.4003550759953097
21669,0.14883936339884465
21671,0.13102461174622113
21673,0.23341632681521926
21675,0.15290534702204558
21676,0.13797834264310885
21677,0.13360073129582545
21678,0.23539497880877305
21680,0.1537556831734289
21681,0.1431696478786716
21683,0.13610151589379707
21684,0.1395919595330818
21685,0.060590016180552125
21686,0.14991957875573997
21688,0.16573043004558344
21689,0.15735885896983898
21690,0.14774326630230025
21692,0.16819194235342527
21693,0.1394591140647666
21694,0.06651054364534013
21695,0.13348382370114661
21696,0.14189276325852468
21697,0.14283975533838109
21698,0.2256960820780233
21699,0.1371509142875591
21705,0.15087477101298236
21709,0.15371674343663735
21710,0.16915407481912656
21711,0.2663029651189223
21714,0.13641130105637808
21715,0.1500721027503176
21716,0.15217058122141355
21719,0.22708596118383034
21721,0.16791936748858738
21723,0.17760838723755146
21727,0.23511384757962167
21728,0.1388605000260808
21729,0.14958578530602398
21730,0.05994364691643545
21731,0.17043882700874494
21732,0.08888768165634961
21733,0.14571641395637974
21734,0.153286999048106
21736,0.1507945444869527
21737,0.1456080288973382
21738,0.14879996313767918
21739,0.18553839351492274
21741,0.17670152131476147
21742,0.16089092314481654
21745,0.22507653792703539
21746,0.06184358686927907
21747,0.1583837977673864
21750,0.10461557723369795
21751,0.11005355317393067
21754,0.1453767149918014
21756,0.15030636533899225
21757,0.14901921237595883
21758,0.15370548616455373
21760,0.1428950015233014
21765,0.15076298554377504
21767,0.12029692630013672
21768,0.14262617286209303
21769,0.15570059048811394
21770,0.14733641110803777
21771,0.1407841872431025
21772,0.16948965943026084
21773,0.1429611687770706
21774,0.15806819842199604
21775,0.13696453568195516
21780,0.15334631045475877
21781,0.16182139736335738
21782,0.16026479449185674
21790,0.15180023032817175
21791,0.15825456845446312
21792,0.15715560114720897
21793,0.22653997449203186
21794,0.08377222793030853
21796,0.0625687100957852
21798,0.15830240395908357
21799,0.15041416533691487
21800,0.16284104628751653
21802,0.1608245298962933
21803,0.15117464613974346
21804,0.15056004662536873
21805,0.13574149737034832
21806,0.1544999008511751
21807,0.2268791227470324
21808,0.14226386075998457
21812,0.1422919538449262
21813,0.03293587585277122
21816,0.15181484421338856
21817,0.1327133033204621
21819,0.1548620074216863
21821,0.06200470101599549
21823,0.15911622709167647
21826,0.14349648493234587
21827,0.13891971448652995
21828,0.15457367984932338
21829,0.11929181658079085
21831,0.14252282663100438
21833,0.15001767503755326
21836,0.23369463089269235
21837,0.15918470981067023
21838,0.12499977509932594
21839,0.14713834042329194
21840,0.14283041599781882
21844,0.14911703660087602
21846,0.14959991660861555
21847,0.15572692353806378
21848,0.23462819609518065
21851,0.15436922174670467
21852,0.17146759467408587
21853,0.1529475440356271
21855,0.13697331358103446
21856,0.23821304396525816
21859,0.1573021597019531
21862,0.09075648222235648
21864,0.08145661256713323
21866,0.23248858206481535
21867,0.14715689108611402
21868,0.16067444954310572
21869,0.1397005555989516
21870,0.14922753457019802
21871,0.16167205769649737
21872,0.06426479675910034
21873,0.22590562044227175
21874,0.138030884803363
21876,0.13722670302099468
21877,0.23733696352015493
21879,0.1627387153623685
21882,0.23403513479424853
21885,0.14122820390356183
21886,0.13469857418868592
21887,0.15755966881970523
21888,0.16011015102269077
21889,0.13271199852653914
21890,0.14470297602625962
21893,0.1461312791771736
21894,0.1419052239357247
21895,0.12695090411317977
21896,0.23266091967000155
21899,0.2341687632475735
21900,0.1564165312681828
21901,0.15138543466581286
21903,0.1416570205310878
21905,0.15708512679707443
21906,0.2266728870166919
21908,0.10308108807372718
21910,0.15570429269879613
21911,0.14376680588771493
21913,0.15470314072183713
21914,0.14254038068323152
21916,0.15100957027033035
21918,0.06014303586399671
21919,0.13844303787253942
21921,0.15315959485305333
21923,0.13995224980731
21925,0.06160409120207375
21926,0.17773073168589426
21927,0.14337637734273015
21928,0.13103339273084125
21930,0.15225995578872678
21931,0.14171153121895413
21934,0.1508523287963474
21935,0.1540530959408517
21936,0.38492225865825846
21937,0.13937048373228708
21938,0.23699559760652705
21939,0.37034853745265645
21941,0.13262929905543536
21942,0.1570104163199105
21945,0.1719059699391754
21946,0.14488978116639786
21947,0.16747609646016648
21948,0.15879170345067709
21952,0.06228940651542317
21953,0.1616245728262243
21957,0.1564824395124959
21958,0.05977033867018801
21959,0.14420435407407814
21961,0.12999496567636287
21962,0.14423169150280143
21963,0.0664122780629995
21964,0.15289256012019334
21967,0.16382991248767723
21969,0.06457681176715716
21970,0.15101810105757155
21971,0.06307650698498452
21973,0.16814892049621383
21974,0.13525282631503882
21980,0.13365416479501246
21981,0.06454096878084865
21983,0.13871339431017268
21984,0.13420068385665365
21985,0.15598673599293925
21986,0.15224238928441572
21990,0.16101300534129762
21991,0.14315694614695915
21992,0.14325742990655008
21994,0.15687568850122025
21995,0.12568743540005642
21996,0.06968726371920117
21997,0.15105130068209008
21998,0.1532502660951393
21999,0.13292805558118284
22002,0.0649090242664726
22004,0.13863616155433067
22005,0.26037673263861116
22007,0.14916677100810616
22008,0.1519464818823672
22009,0.134972360784578
22012,0.3646359202644555
22013,0.1486135419886051
22015,0.06859363667605844
22016,0.12984319406448652
22017,0.06479203955205996
22019,0.2235031022088128
22020,0.1595066295644452
22021,0.032313447074677114
22022,0.14448122758133813
22023,0.15634924980137474
22025,0.1690212964578114
22027,0.16399048596364318
22028,0.06545656052686026
22033,0.13662446907005893
22034,0.16375349117328697
22035,0.14302387788082627
22036,0.1374999711783509
22038,0.05952041899052459
22039,0.1589047661703922
22042,0.23664131166835603
22044,0.15464045777774588
22045,0.14480837019213344
22048,0.23723399126406466
22049,0.14882268316802044
22051,0.1425728457403038
22052,0.0696085551944589
22053,0.15026957374602817
22054,0.1407013436049747
22055,0.12543433110970814
22056,0.1532501508473362
22058,0.23280563905103677
22059,0.14819681124747808
22061,0.06623625452171913
22062,0.149407057020208
22065,0.14693831728007473
22066,0.1388281803327793
22068,0.2362275246249142
22069,0.15733361376829114
22074,0.16035045771544995
22076,0.14381428913058028
22077,0.1481113499034892
22078,0.1540730182765169
22079,0.24447485154939733
22080,0.1560831163438065
22082,0.061167410367153785
22084,0.1590665204532206
22085,0.14508469531235962
22086,0.14983530098694248
22090,0.23380437118769748
22091,0.15377164327198672
22093,0.14934771945875439
22095,0.060207728965029746
22098,0.1741877623131759
22099,0.06692253051133136
22100,0.10556239831848338
22101,0.15109407565470115
22102,0.40940210735544796
22103,0.1145548351959376
22106,0.15292156858089173
22107,0.1487313782836785
22111,0.1520740990056872
22112,0.22376633591897832
22116,0.07981984956758593
22121,0.22337735150442894
22123,0.062101929489853616
22124,0.06489110789505466
22125,0.11277565606582261
22126,0.1509539502874884
22127,0.12412569355027339
22130,0.14360039677611477
22131,0.15783130407190477
22132,0.06149676503742913
22134,0.23973990415316418
22135,0.1565875334024436
22136,0.2390867608512696
22137,0.1609130357418653
22141,0.15894227991230206
22143,0.14374569782965543
22146,0.1623702935782017
22147,0.14437314984895766
22148,0.2312158379665299
22149,0.1305076534195092
22151,0.1602394358102328
22152,0.1370259616389188
22153,0.13896787027891494
22154,0.1429662869871481
22156,0.17231780245528017
22158,0.1295761921711356
22159,0.15834376699640132
22160,0.15125803519501466
22161,0.14372166868999048
22163,0.09644778213391263
22164,0.2306207863898891
22166,0.16014556405399585
22167,0.06379667092294211
22168,0.2685237121460078
22169,0.17145563999645147
22172,0.14937703307501335
22175,0.14086633326307235
22176,0.0647910616869267
22177,0.12960668513979476
22178,0.24985080291842354
22181,0.1451285292107534
22182,0.1437449360766592
22183,0.06368704213947521
22184,0.14521841128211876
22186,0.36044131312633104
22187,0.1647401910333592
22190,0.16615627797781982
22193,0.13753255453382462
22194,0.14735619431913421
22195,0.1651522808523148
22196,0.06311301176847355
22197,0.2319269425004631
22198,0.06052281109597762
22199,0.17611108548786894
22200,0.1435340318107366
22202,0.233624702788732
22203,0.15199806385681897
22204,0.1606026568819505
22205,0.13881212654621336
22206,0.15939760251939056
22208,0.14348889509832224
22210,0.1433304438402711
22212,0.2346692044273777
22214,0.15633519758180564
22216,0.16465548821817236
22219,0.16076111619668784
22222,0.1748776606629037
22223,0.24223327297320568
22224,0.15401841619376136
22225,0.14793381975722686
22226,0.06131037203833097
22227,0.22624761349511135
22229,0.13813106648015577
22231,0.14748179774669365
22233,0.15652387088072772
22234,0.2378891658572001
22235,0.14432612401282996
22236,0.15303925880723018
22237,0.16128228496052732
22240,0.109086659466365
22241,0.16827420580734437
22242,0.16136431302561122
22243,0.1485107947615581
22245,0.15380891647537365
22248,0.15618529467988998
22249,0.1488025767686142
22250,0.1668597537585803
22251,0.15867773644765987
22252,0.061200394872040285
22253,0.15514927250879273
22254,0.1321346500005318
22255,0.16039028048657836
22257,0.15159414216378247
22260,0.15298297921683218
22262,0.16613752734636755
22263,0.14729034143782882
22264,0.15364870775881698
22265,0.14336016138875762
22267,0.3601053794563816
22268,0.16847638877324592
22269,0.2168209639042277
22271,0.06136837271675911
22272,0.14954101827912517
22273,0.1417103249751351
22274,0.17363888137708552
22275,0.07060538953010284
22277,0.4070371423106131
22282,0.15145846424731033
22283,0.0846909987967172
22284,0.06417348993648914
22286,0.15362052779562413
22287,0.06039527029923692
22288,0.15516595182888063
22289,0.14715452929573775
22290,0.11845049515969533
22291,0.14952295522337566
22292,0.06444713688169415
22293,0.15470135465176188
22295,0.148597520149162
22296,0.15316085174711389
22297,0.1659617772627088
22298,0.14377206013078167
22299,0.14140244040582642
22300,0.21189409029262687
22302,0.21100233029883947
22303,0.2254287953663856
22305,0.1391769890495943
22306,0.14693774183634728
22307,0.23392821305716155
22308,0.14424187336723768
22309,0.14535549228242606
22312,0.2629482638217431
22313,0.1270681495434421
22314,0.16622690923189148
22315,0.1485461584346752
22316,0.24482316478661173
22317,0.06052281109597762
22318,0.17144133382786267
22319,0.23915465229188287
22320,0.1509227413269421
22322,0.16278550958117388
22323,0.2302682573661112
22324,0.15542705754247138
22328,0.16596937615744642
22329,0.14928252243444085
22330,0.14244548647985777
22331,0.15080284597148375
22332,0.15585430977199646
22333,0.06420015655298993
22334,0.15466955516606667
22335,0.14651779299487314
22336,0.15938165093582585
22338,0.24123738309113293
22339,0.13717283724933305
22341,0.14128819673991178
22342,0.16122509374623742
22343,0.15795539631330832
22344,0.06661884601760547
22345,0.15864531242689206
22346,0.10532403878063558
22350,0.14403529511108848
22351,0.15972106247933945
22353,0.13944986929836037
22354,0.17368204078516142
22355,0.14777639114083493
22358,0.1408709624195352
22362,0.1565560772223268
22365,0.1617227876538936
22366,0.1599067088718993
22368,0.1377666711691564
22369,0.14347838134648652
22370,0.061178960225999904
22371,0.1155387148976696
22372,0.2359384956482265
22373,0.13521846727393316
22374,0.13295042815028477
22375,0.13860351586964154
22376,0.15563289085967358
22377,0.14308335245107498
22378,0.1507395914342237
22379,0.173903369182224
22382,0.13400247926252482
22386,0.13321452329314223
22387,0.2224856687437638
22388,0.1386950915043293
22390,0.1523067364557455
22391,0.1338547389639639
22392,0.10952553155072964
22393,0.3581482613092799
22394,0.19473088166331143
22395,0.15722818001071212
22397,0.15280571012097624
22399,0.17415091884738645
22401,0.13495414552134744
22402,0.1553150445338305
22403,0.14772236041566097
22405,0.2324679628450503
22406,0.15887208932806632
22407,0.1765911402593935
22408,0.16353840418303145
22409,0.0647236728159927
22410,0.14278555151111794
22411,0.26910080903191547
22413,0.167797987317549
22415,0.1512124308548982
22416,0.15639329988275125
22419,0.16988735973262786
22422,0.17146191140505423
22424,0.1505594606254508
22425,0.24658767670915
22426,0.14854863836235283
22427,0.16214913474290454
22428,0.13817651957689
22429,0.16260010522228915
22430,0.13087225994047036
22431,0.14720654940718583
22432,0.13880392936654395
22433,0.06472671223339566
22436,0.12292097835099886
22437,0.13035767947668525
22438,0.14631486676018618
22439,0.1387681591395604
22440,0.1563611412631379
22441,0.141465610794194
22442,0.14311011820726963
22443,0.15410922202014624
22444,0.12854247406873967
22446,0.06085259623671332
22447,0.1587058049585565
22448,0.14718607397038283
22449,0.14631144577393854
22450,0.14718311017117205
22451,0.16402148128913954
22452,0.22970082570627484
22454,0.06081477761966326
22455,0.4116121091796249
22457,0.1475166306843026
22459,0.14537464758854263
22460,0.15331671904786212
22461,0.13832826536349677
22462,0.15915999940883802
22464,0.14303472019157737
22465,0.13607368806458786
22466,0.23355414325189003
22470,0.2348973978857828
22474,0.16032297608244123
22476,0.1316735202219553
22477,0.1599086869896069
22479,0.1635910280373105
22480,0.2529383986095812
22482,0.15645105111784793
22485,0.15205802019913772
22486,0.15741794595080796
22487,0.139557074241605
22488,0.06637717249812344
22489,0.14699275793854488
22492,0.15979806409199304
22493,0.16290448154542067
22495,0.1440653876161054
22497,0.16999673824211012
22499,0.1391360317866877
22500,0.15028781709712435
22502,0.1537914974994777
22507,0.15001410572662743
22508,0.059646451749630555
22510,0.14318047678562082
22512,0.15690198533918087
22513,0.14869002182214214
22515,0.16404434418303052
22518,0.1503153659820891
22519,0.14457198482299508
22520,0.13998258235690286
22521,0.09922900414190026
22523,0.1486077774046475
22524,0.40471314528649416
22525,0.1536960432108225
22526,0.23718023380891978
22527,0.14995569702458264
22528,0.1394014537289301
22529,0.08435857932716949
22530,0.1790697701523304
22531,0.14834904315183137
22533,0.1585565240288785
22538,0.13937048373228708
22540,0.06059322467910244
22542,0.15697410228456712
22544,0.1625619948164847
22546,0.08146769888264942
22547,0.24579090410094295
22549,0.14447107335939083
22550,0.35008064474154926
22551,0.2485510864336312
22552,0.14684887400870186
22553,0.032799994203174004
22554,0.22357453774635455
22558,0.06438903830854087
22560,0.12981541045951406
22561,0.2013516371015769
22562,0.16850863710647648
22563,0.2628459868895086
22564,0.22122881432616007
22565,0.1615365354976561
22566,0.14847950757837325
22567,0.15969323585088774
22570,0.14599415426448825
22573,0.16335896471863492
22577,0.1550089197492202
22580,0.1538897497885413
22581,0.16330278765643394
22583,0.2236077926813023
22584,0.1523190570772333
22585,0.11095405994447671
22587,0.13138609865585893
22588,0.1504797551865026
22591,0.22839086212472126
22592,0.20378693857038754
22593,0.1605777308897232
22595,0.22051375949201832
22596,0.21760922106610775
22597,0.16030811317098198
22598,0.161935083107224
22599,0.06459002254844622
22600,0.15475336839064768
22601,0.1500230396284126
22602,0.14813694786491785
22603,0.22532950033018334
22604,0.2263993953574816
22605,0.14358903324068842
22606,0.08371892030521379
22607,0.13907713653396514
22608,0.14962825796076976
22609,0.14735482407518125
22610,0.17103848339008695
22611,0.14446327871395098
22612,0.15866711032745537
22613,0.24850532819935123
22614,0.23551549415595918
22615,0.06987060870531628
22618,0.133037903128174
22621,0.1467258892780895
22622,0.14186797108727556
22624,0.14563967791444982
22626,0.15360681522966868
22627,0.15670123152174883
22628,0.14247905973183222
22629,0.1492944228674426
22630,0.14748047951458768
22631,0.12486292594839413
22633,0.14735336818437061
22634,0.15415196915182508
22635,0.14639688200265571
22637,0.13955204443456354
22639,0.1664732127098717
22641,0.1426276000096961
22642,0.17616570152147212
22643,0.15826712125036638
22644,0.4158757567594786
22646,0.149833112265444
22647,0.22736031026958145
22648,0.15038808486349217
22650,0.23282755213592288
22652,0.13757077178482177
22653,0.14303310554588214
22655,0.25177128886574834
22657,0.0326905927608266
22658,0.14188115597043155
22662,0.1463843137566571
22663,0.13982118302016389
22664,0.2347648731694295
22665,0.15521244702844852
22666,0.2490925688330575
22668,0.1631998152438324
22669,0.16226751752505594
22670,0.17610666777524558
22671,0.16151991590213274
22672,0.10607556487595471
22673,0.0719722051648844
22676,0.14990144572065953
22678,0.1546542457651003
22682,0.15621732941441285
22683,0.159660940784455
22684,0.14915099855591135
22685,0.13694770994070463
22686,0.16462662121876534
22687,0.22867548534024112
22688,0.14072375996546116
22690,0.15490788145194415
22691,0.14960659374757282
22692,0.14352121112356045
22694,0.1442648255877735
22695,0.1566973069794788
22696,0.06042579172279698
22697,0.27023146983528246
22699,0.22522372069081134
22702,0.2552558912252149
22704,0.10494337942139918
22705,0.16250284747379912
22706,0.16454309804598485
22709,0.06056314007102638
22711,0.21675147329730424
22712,0.1616627615606161
22714,0.15184845945251937
22715,0.15343888008602194
22716,0.14066148686760893
22717,0.21468538588868508
22718,0.06464446966755627
22720,0.3563059545002452
22721,0.06571193605379677
22724,0.13830993176743905
22725,0.16095872854359586
22726,0.24422969681828433
22728,0.14301907536344183
22729,0.09883493159740236
22730,0.16827377575064653
22732,0.15313515693540558
22733,0.22472139861867935
22734,0.14815288301834056
22735,0.35821075713830997
22736,0.1378086869281331
22737,0.15447220920466675
22738,0.03465585339411623
22739,0.2378012493898276
22740,0.2531435324173791
22742,0.14968458240683885
22743,0.1580829128976642
22745,0.14123503663691184
22746,0.037571387895807516
22748,0.4041891721100857
22749,0.2233848003591117
22751,0.10142556583182281
22752,0.1481943882596869
22753,0.3683171049539831
22756,0.13452553731777905
22757,0.06003779869926618
22758,0.23318588390067752
22759,0.14506454251277562
22762,0.15152818001365687
22763,0.22942577565635205
22764,0.14146382377495184
22766,0.07044169341628205
22768,0.0647374767439102
22769,0.13761111999099393
22770,0.14465371102986568
22772,0.2509910174574673
22773,0.14958426311210177
22775,0.15617094220909325
22776,0.22631982508373147
22777,0.1393449671298882
22779,0.06391989791681649
22780,0.15644708690044556
22781,0.38948889002752474
22783,0.2186204327544267
22784,0.15864982271116815
22786,0.15956562080705117
22789,0.1409174717961498
22791,0.06898631219106827
22793,0.1592153127717641
22794,0.14658728554860267
22795,0.0691348681010061
22796,0.0661055816757214
22798,0.14786170448989577
22800,0.13607368806458786
22801,0.1620306149101834
22802,0.1649392648534185
22804,0.07860452006716943
22808,0.13885913991582047
22810,0.36631545252903724
22811,0.1514971243696182
22812,0.06233775221981264
22813,0.1473619341708215
22814,0.149283563597951
22816,0.14404245985743563
22818,0.14047178693244117
22820,0.23297837661410228
22821,0.061973904898283666
22823,0.15108253018916926
22824,0.1511566347248001
22825,0.14300169052483508
22826,0.26226360889447287
22828,0.148373218451125
22829,0.23735219423121814
22830,0.16546353133226366
22831,0.1647211165128568
22832,0.1406228334692777
22833,0.06372922258010381
22836,0.1611858527658141
22839,0.14240861073893005
22840,0.06448439936851197
22841,0.1490812116125782
22842,0.1396177699481004
22845,0.22337735150442894
22846,0.13969649415216387
22847,0.1518304271280044
22848,0.14011945712925003
22851,0.16221977458137593
22853,0.1344155214927343
22855,0.13503292859269786
22859,0.14718711470874
22860,0.3835815073812538
22861,0.133269696646523
22862,0.22970082570627484
22864,0.14231448684817727
22865,0.03324139635368419
22870,0.15576094413176
22871,0.1504202888215643
22873,0.15884948219249265
22874,0.16418309678099743
22875,0.14924513290568062
22876,0.14172872680346346
22877,0.3576017218347811
22878,0.14297933726966994
22879,0.3634955342908913
22880,0.15404519006334072
22882,0.13672262583898873
22883,0.26234531253283516
22884,0.14015910173317436
22886,0.03451565692667993
22887,0.1477287975602654
22888,0.15162118679815773
22889,0.16403656839694783
22890,0.21710833684823966
22891,0.03658587258788052
22894,0.16607462725167746
22897,0.1551441634578054
22898,0.23459094234794833
22899,0.0636858004078335
22900,0.06414850574354863
22901,0.11695561872133681
22904,0.136720049376656
22905,0.15251692208939252
22906,0.1774304768071787
22907,0.17140997789423368
22908,0.165718791817901
22909,0.0690487413894876
22910,0.16039237559572955
22911,0.1471674229626949
22913,0.15630501435715696
22915,0.15871651213075097
22918,0.13468879929146696
22919,0.23761282175220563
22921,0.24396571293765718
22922,0.06484280077142547
22923,0.12812460686025554
22925,0.14513155504245584
22926,0.1249858818828949
22927,0.1597672745696719
22928,0.1432139659587059
22929,0.23462993686061795
22930,0.12936271201560398
22933,0.1432859721270643
22934,0.16518282990516436
22935,0.13197769201069365
22936,0.1684452839326392
22937,0.14489480396733492
22938,0.16621101046247422
22940,0.13379864901354105
22941,0.4073801334452562
22943,0.14833081791256278
22945,0.13751605043035015
22946,0.1489294998387996
22947,0.22439331851473487
22948,0.23380885670993706
22949,0.23035939586710086
22950,0.15630864348677015
22951,0.1469551716435847
22952,0.14251784947172677
22953,0.1587504605711947
22954,0.14489480396733492
22955,0.36829317570061065
22957,0.4029176183517009
22958,0.14422492290742825
22959,0.13408701698997202
22961,0.15661329241806074
22962,0.1478089410384905
22963,0.1471129665088105
22964,0.14796182279194076
22965,0.15177116482509684
22966,0.15088476488728153
22967,0.1533263549078584
22968,0.3733553532663806
22969,0.14748896465620237
22970,0.13615854909096592
22971,0.16130740155075976
22972,0.3623847126091275
22973,0.1703318848037734
22974,0.23306447485644682
22976,0.14016091089572602
22977,0.13737314083894075
22978,0.1562405061824809
22980,0.14192586265685977
22981,0.0914163038392615
22983,0.14511090590339043
22986,0.1438541097640127
22988,0.16593918077182987
22989,0.36510248561522585
22990,0.1458352171980696
22992,0.1584334015330591
22993,0.033756184813693246
22995,0.14206502794129322
22996,0.10091157703944079
22997,0.06488298374414173
22998,0.1481729453369295
23002,0.1487399411654968
23003,0.13781386834292494
23005,0.21702036538548827
23006,0.1430305720372395
23007,0.1311099434364236
23008,0.1555439999366755
23010,0.15202340362796077
23011,0.07987289419319182
23012,0.1552393309495304
23013,0.24822022519124887
23014,0.1355317135462871
23015,0.15595907867587291
23020,0.15523526428874607
23021,0.15837991823420564
23022,0.22345737366733706
23023,0.06889055655777797
23025,0.23299490093566472
23028,0.245394241055102
23031,0.17696373585362668
23032,0.36589755869982604
23033,0.14702456084420196
23034,0.1540572468776229
23035,0.17185619447081307
23036,0.1576284019522676
23037,0.06572820047781155
23039,0.3785253621175444
23040,0.1456431563979646
23041,0.1479343092465622
23043,0.12648856715081339
23046,0.1431464513111938
23048,0.06538462772404767
23051,0.1556429917512192
23052,0.13893118328951123
23053,0.15313585056069873
23055,0.17289949371514216
23056,0.1389779642323528
23059,0.15514432246427823
23060,0.14223006297001572
23062,0.14976322419103216
23063,0.1491324678585009
23065,0.16195805013411801
23066,0.13904591232918945
23067,0.13908223097852995
23070,0.15564604720862538
23072,0.1565830937506585
23073,0.1468341994051156
23074,0.1447738113703443
23075,0.1352187117132116
23078,0.14670017137638153
23079,0.15853558212625704
23080,0.17103163692647813
23081,0.06326839351506013
23082,0.23572855757768635
23084,0.1388356814133938
23087,0.13316030167638554
23088,0.14987618276959835
23089,0.15964028307532804
23090,0.15977853805192904
23095,0.13987458563127123
23097,0.1450452176172388
23098,0.06095295277759829
23099,0.14725820005469237
23100,0.15199874632714266
23101,0.16725772003109463
23102,0.16636192633118702
23103,0.2324670777502571
23105,0.12536725850325203
23106,0.14108756019636798
23108,0.06125172119658449
23109,0.15974613801323592
23110,0.21779764853421804
23111,0.13581066306886264
23112,0.13488580617726195
23113,0.06298888531553372
23114,0.15511878468405427
23115,0.2636717167054834
23116,0.07019201768726496
23118,0.21885639362287843
23119,0.13556365267495707
23120,0.15907111501111607
23122,0.16535338458679522
23123,0.14257545136804645
23124,0.14545792312998473
23125,0.1242808100198681
23126,0.14533100946961747
23128,0.16006222110381213
23129,0.23997474196060498
23131,0.1451608142843985
23132,0.14932622683331037
23133,0.23253381349355265
23134,0.16135507026791862
23135,0.14508678558762142
23136,0.14706266120132813
23137,0.07213167113206165
23139,0.14390740398230056
23142,0.033153141754535966
23143,0.16066997490984125
23146,0.1545111848981479
23147,0.140336239187892
23148,0.14162993362365892
23149,0.13079656511899593
23151,0.14342878511743976
23152,0.13493498940766252
23153,0.37054024003068936
23154,0.1444260723417352
23156,0.14865763284495262
23157,0.13682902406379513
23158,0.1362357773725728
23161,0.16233958021187234
23162,0.15672368735225567
23163,0.15971691691365253
23164,0.2202975063162983
23166,0.25007191190192707
23167,0.16974718667199964
23168,0.13807357842275594
23169,0.14215234605123228
23170,0.1359766339236569
23171,0.16177540893165007
23172,0.03926089409290451
23173,0.22537984778853926
23174,0.15134376332596144
23176,0.15987851695108193
23177,0.1194073389642839
23178,0.1420949419797629
23179,0.13725662203067232
23180,0.1454338515927881
23181,0.3628846961890404
23182,0.17007217520990375
23183,0.15728324061751914
23184,0.13507843312097978
23185,0.1407920056082978
23186,0.13362825176830007
23187,0.23305391600846476
23188,0.15773973765404217
23191,0.14208320859389797
23192,0.14045544700870552
23193,0.14364520611022444
23194,0.12942275670645514
23196,0.13714175693082462
23197,0.15059712241862097
23198,0.14483023064325
23199,0.06677151119379299
23201,0.22302466958590386
23202,0.16163879609087878
23203,0.1462301451737863
23204,0.06882039588030776
23205,0.1528206413697871
23206,0.1385756903445671
23207,0.06063601679940009
23209,0.1429513009522641
23211,0.1576051038415473
23212,0.06376185163614324
23214,0.14052289466042225
23215,0.14256896030261956
23216,0.1511660407866409
23218,0.2382026249208697
23219,0.1537920699438555
23220,0.16312832745222788
23221,0.06291217037119935
23222,0.15049927979362834
23224,0.15441931696867195
23225,0.150500418044989
23227,0.13933226313472166
23228,0.15840087285422824
23229,0.23945789766231507
23230,0.1406409161884913
23231,0.36382777367064184
23233,0.15791501972211117
23234,0.14922840813963612
23236,0.1499589376015345
23238,0.13746566763295015
23239,0.08257809450517266
23240,0.15718037931483686
23241,0.14392971666394078
23242,0.37413447899322877
23245,0.16548695829600257
23246,0.15366077871249084
23248,0.15527752466546163
23249,0.25299705407975087
23250,0.1527210531551369
23251,0.15707307752630442
23254,0.16272447807270432
23255,0.17109721279456186
23257,0.37347421216960563
23258,0.1662337702079682
23259,0.1511450214253669
23260,0.1577478074196593
23262,0.14783818225413567
23264,0.14220610874246073
23267,0.17487208913446065
23270,0.14965798412921325
23271,0.16394211488508006
23273,0.1632143036324779
23274,0.13898980152254256
23275,0.14350158780091263
23276,0.15402013517095928
23277,0.15775517863880847
23278,0.13795435120266566
23280,0.2578066410846125
23282,0.2354782217005148
23283,0.14255521677570226
23284,0.16136467102959384
23286,0.14002589239745983
23287,0.15275726274031443
23288,0.14996898332157785
23289,0.14489180535217921
23291,0.06366976449900545
23293,0.2157991900530276
23294,0.14272022088239444
23295,0.14244721068224203
23297,0.15659660638231318
23298,0.14484571632012208
23299,0.1571215572826881
23304,0.2348226234401463
23305,0.12479220084299772
23306,0.13553559942028787
23307,0.05990501188053802
23309,0.21875955023780394
23310,0.16092339178956724
23311,0.16336850413276086
23313,0.15220390352351917
23314,0.15394948281357562
23315,0.14197328401010725
23318,0.12657127316971448
23319,0.06512415908988631
23320,0.15869761572127092
23321,0.14660473556907666
23322,0.1417144048420679
23323,0.1497675147819583
23325,0.13583889229599064
23326,0.1534427539739414
23328,0.3611403060929026
23332,0.03226609447306659
23333,0.033629970263837614
23334,0.4123191766034932
23335,0.14640874724009023
23336,0.1383855058253524
23338,0.06935371604752064
23339,0.1498827112574455
23340,0.16953174126953424
23343,0.22188455828900935
23344,0.14673603510172464
23346,0.13268867749843669
23347,0.1614886438053733
23348,0.1467513179902161
23349,0.2337288512301648
23351,0.1503628289522585
23352,0.22918010302898084
23353,0.4038028741585459
23354,0.14215801270670358
23356,0.2609756891251298
23357,0.16766903729060342
23359,0.14487920852547476
23361,0.1556014042442889
23364,0.17515933655238153
23365,0.13466846137673164
23366,0.23220819988288036
23367,0.14300988563360026
23368,0.16953405455621717
23369,0.16823449328762802
23371,0.1606560818450983
23372,0.1412755949967943
23373,0.16119160619106765
23377,0.13777577382757306
23378,0.14682245847500305
23385,0.15972477443644967
23387,0.06472409912716763
23388,0.22290232171100027
23392,0.0677720795811882
23394,0.36631545252903724
23395,0.15241005270937028
23397,0.2720518671710622
23398,0.06235956940172426
23399,0.14967619833705798
23401,0.16301542186834744
23402,0.15033749942989239
23404,0.15436619934795817
23407,0.2289927316040506
23409,0.15644760876026115
23410,0.15968841988544177
23411,0.06038286209898686
23412,0.14745519103723048
23413,0.08372622983120992
23415,0.1486530031253053
23416,0.14185199492615508
23417,0.1413311599890265
23419,0.1421398095833199
23421,0.06941365715073333
23422,0.14113284679742782
23423,0.15006453005945966
23426,0.1529279944393019
23427,0.1511313793837916
23428,0.14536835423106065
23430,0.16504454749730882
23431,0.14008376270010575
23432,0.14152101328247643
23433,0.13955515646634153
23435,0.05934830405886134
23436,0.12877931001339238
23438,0.1563257431369589
23439,0.06254631444833303
23440,0.14476664606543857
23441,0.06524186610004196
23442,0.154273002310948
23443,0.16165603940377055
23444,0.15111589970243466
23447,0.06378447300246892
23450,0.1548646274874533
23452,0.1461113298116063
23453,0.14183295967022108
23454,0.14045770470413182
23455,0.06441548615805533
23456,0.07041494699884338
23457,0.16401307282084218
23459,0.14198612110292427
23462,0.16008099376458404
23463,0.22445138632530423
23466,0.144224533578214
23468,0.1487299505059872
23469,0.1427635284519025
23470,0.1456096764199443
23471,0.23148979400600922
23472,0.24701359350540175
23473,0.15422929326367282
23474,0.23322327223155442
23476,0.15718552530193391
23477,0.13660528321707374
23478,0.15942484850110533
23479,0.23358759808039956
23480,0.1536331143954207
23481,0.1605548369660737
23482,0.1472399197061313
23483,0.21806805605811522
23484,0.14307388403522536
23486,0.15636927539681234
23487,0.1347548625070825
23488,0.1525852487140923
23489,0.12619349496603088
23490,0.2337366969076372
23492,0.1427225093722769
23493,0.03244763355717453
23494,0.24185079255561948
23495,0.37118578604726066
23496,0.15536173311812676
23497,0.1558641738413932
23498,0.09061943515384634
23499,0.1301917015323868
23500,0.1459113092931866
23501,0.060138983000185144
23504,0.16346217821087397
23505,0.1537391022704786
23506,0.13436207228834754
23507,0.22990300690582757
23508,0.1584122866759682
23509,0.11490882241448606
23514,0.15437433766214465
23515,0.0623301971547593
23516,0.066156221943008
23517,0.2562164706441297
23519,0.2402691109656787
23520,0.12866492077827932
23521,0.13630649386649796
23523,0.14496637291874348
23524,0.15474771268993556
23525,0.149218633134149
23526,0.14000300627193754
23528,0.14033837148808936
23529,0.1397963371310855
23530,0.14570845360726453
23531,0.16264537523328593
23532,0.03341115889353416
23533,0.06118806087020948
23534,0.03379136155345425
23535,0.13475334363181896
23538,0.10739661709148966
23540,0.06841731207882362
23542,0.0615599592614347
23544,0.14477867440763373
23550,0.2324432599377866
23551,0.22600907442135124
23552,0.2248300960367278
23553,0.13812853567599012
23554,0.14853728372265307
23556,0.15675734466804742
23557,0.15640148771890183
23560,0.14897080178659228
23561,0.13050308618609952
23564,0.14850362455324925
23565,0.15511232243719897
23566,0.14625246948641926
23568,0.2422152824526896
23569,0.03278130588589104
23571,0.1614799173321668
23572,0.059704149338557166
23573,0.1342160099917462
23574,0.1550205806359741
23575,0.13334025385466652
23576,0.1605335829881388
23577,0.1511173641147317
23578,0.23389915023955676
23581,0.23194721535539792
23582,0.14974594557030213
23583,0.15857362878204118
23584,0.1472555513262334
23585,0.10228173385281464
23586,0.15039517337560257
23590,0.12656926268713864
23592,0.06885688679347508
23593,0.1525246492314536
23596,0.15934946503949002
23598,0.15200302421550907
23599,0.1335779723816269
23602,0.14871186230899577
23603,0.247157673278061
23604,0.22987928626387602
23606,0.13641274451789712
23607,0.14064217330408293
23608,0.10077429329103338
23609,0.24623160682268525
23610,0.16525207272057893
23611,0.07852182719769148
23612,0.06450775638655636
23614,0.06464446966755627
23615,0.14395885536226674
23616,0.13550173335509225
23618,0.16823550776793064
23619,0.1507295616086349
23621,0.1394569094103892
23622,0.14373912199290786
23625,0.1506985598488507
23626,0.146182429069739
23629,0.1455709104575674
23632,0.15211400219969404
23633,0.1493961762980504
23634,0.14387303050054503
23636,0.15908649634749628
23642,0.1552143350064512
23643,0.14246995071601556
23645,0.1472527395141368
23646,0.16276617678465363
23647,0.14340130333265905
23649,0.249345714735114
23651,0.12559120348268904
23652,0.14320425210955826
23653,0.09084237214915557
23654,0.3770639752837232
23655,0.164006942262806
23656,0.15928069036412537
23659,0.1459695558709571
23661,0.06273592950161927
23662,0.15770033393885374
23663,0.16723854280083508
23664,0.16114396164781664
23665,0.14709385166203867
23666,0.16670640848373286
23667,0.14847469484593345
23668,0.062309687100817815
23669,0.16608940735198802
23670,0.14052850482637677
23671,0.16547659752117988
23673,0.13031338248210173
23674,0.14444454775625692
23675,0.14181682819158173
23676,0.23002075400039332
23679,0.22252141738006895
23680,0.1509860724140386
23681,0.13406697508406168
23684,0.37427208716790245
23686,0.1603692447958566
23687,0.13384441013159926
23688,0.03280954443978235
23689,0.16927955835230526
23692,0.377381957531976
23693,0.14324573826230969
23694,0.16522983356849136
23696,0.1360319589982176
23697,0.1411390136569849
23698,0.15224507234389928
23700,0.12223886645047063
23701,0.15422139330073276
23703,0.18549133154792208
23704,0.12474628000402459
23706,0.06275836030874264
23707,0.13240029500128417
23711,0.14415230041255644
23713,0.36643283242542746
23714,0.15531759752686994
23716,0.13531776609333993
23719,0.15095503614002462
23721,0.14063913050674695
23722,0.1374401618484646
23723,0.18345725248241054
23724,0.15034723191287494
23726,0.03471551334274911
23728,0.13585891957910048
23729,0.22990202839189294
23730,0.39761658728848776
23731,0.14054457293752684
23733,0.14121600367338347
23735,0.14400808579066804
23736,0.085559007772895
23737,0.09255751129388004
23738,0.2333950288113731
23740,0.15580890767965538
23742,0.15065925902766572
23743,0.234046515547653
23744,0.13504319952172333
23745,0.2365640732152062
23748,0.155819100754545
23749,0.3723601024855403
23751,0.2250474028794073
23752,0.2391866116823978
23753,0.15228020759235567
23754,0.1473906494058544
23755,0.08403889774360288
23756,0.13761573016812026
23758,0.14994986020766668
23759,0.2267209074110406
23760,0.14248735372971671
23761,0.2558791145965226
23763,0.06448318712647248
23764,0.23016030146325436
23765,0.13754059169333271
23767,0.14241265885701648
23768,0.15116453344384279
23769,0.13916471498626262
23771,0.14779417780666437
23772,0.12975974622721892
23773,0.0684776900931359
23774,0.26310313374284366
23775,0.060461842292073034
23776,0.08160754009392529
23777,0.03265782012547296
23779,0.1287187533781561
23780,0.0791092296382689
23782,0.13486786068498513
23783,0.1456994193192703
23785,0.22895402943979226
23788,0.11235992694846944
23790,0.1646078789505379
23791,0.15372240497790343
23793,0.16603303555111587
23794,0.18355251172503942
23795,0.15134528881065948
23796,0.1436002599222868
23797,0.14937160103183766
23798,0.03156450964606022
23799,0.14235746067069371
23800,0.22078667684925854
23801,0.15462267466450727
23803,0.14522943446028386
23804,0.06860733697547032
23806,0.1405137684395888
23807,0.16129903982035287
23808,0.05964540695639584
23809,0.14916782732844003
23810,0.221095169409812
23815,0.16247376593208718
23816,0.15968145831208339
23818,0.1406051583307694
23819,0.37238661897817965
23821,0.14109749219770382
23823,0.14001607040668784
23824,0.15449747286465476
23825,0.16178644892434285
23829,0.1464237651671499
23830,0.1588043154687092
23831,0.06185909602413513
23832,0.14027569855732575
23833,0.24412147327978836
23835,0.13437136450352455
23836,0.156209126567954
23837,0.1582036366056055
23839,0.08080159434001268
23843,0.2265490032451771
23844,0.15864606184585303
23846,0.17575936572381057
23847,0.13687184878139821
23848,0.13683443040157706
23852,0.16688062770313047
23853,0.14547565466893875
23854,0.14188115597043155
23856,0.13108645620197712
23858,0.1524578382057129
23859,0.38368626789620347
23861,0.15459019357845336
23863,0.1378626687967773
23864,0.14528526392813648
23865,0.14723697166564412
23866,0.14567889650962323
23867,0.14116073480429484
23868,0.1420523316143118
23869,0.03273779672230412
23872,0.1526348665641889
23875,0.13507767174283494
23876,0.14660952833552687
23878,0.15240939521154745
23879,0.13829286934274396
23880,0.2400384294003215
23881,0.15729799322683333
23883,0.16545579143234293
23884,0.14037704696927877
23885,0.16329835824699157
23889,0.2217690659829899
23890,0.14987644209658937
23891,0.1446397073302072
23892,0.14904297523799223
23893,0.17205081934866492
23894,0.15434676621421045
23895,0.14026365695728654
23896,0.09990516140768971
23897,0.15010253628771345
23898,0.15841044544279215
23899,0.0659662216125143
23900,0.09167850402854835
23901,0.14974826732720842
23904,0.15910228249312855
23906,0.2367742278320721
23908,0.14897403276056934
23909,0.15789365874657152
23910,0.21672351466297987
23911,0.17099814221381263
23912,0.14649036237931637
23913,0.1696502777437171
23914,0.23606009732152014
23915,0.13895158181533665
23916,0.1391149074983211
23917,0.1606481278065103
23918,0.10810714092374218
23919,0.23308864380744196
23920,0.1359369004598549
23921,0.15671278565486416
23922,0.22422909588298875
23923,0.23257028463508042
23924,0.15488850319741923
23926,0.1541093191731841
23928,0.23274996213613197
23929,0.22650216231809334
23930,0.15398181680431428
23931,0.0637715462465939
23932,0.14114699728900104
23933,0.149061076174596
23935,0.16035388507824952
23936,0.13695007276230248
23937,0.13831638788443584
23938,0.25106225243630936
23939,0.1633266201351624
23940,0.37108598878771515
23941,0.1561698173937549
23942,0.14081687980641294
23943,0.03603979602081922
23945,0.16747615254543194
23946,0.12267228756380313
23947,0.14501267680425564
23948,0.3766098524411921
23949,0.17195546884989316
23950,0.1390162503128659
23951,0.14739876156861695
23953,0.16744672881670383
23955,0.061973904898283666
23956,0.1531879645272467
23957,0.2290822040829388
23958,0.14149687145172687
23959,0.37108598878771515
23960,0.1392522202790587
23961,0.14832006764083722
23962,0.1196591807013766
23963,0.14128565736349366
23965,0.14537404428433137
23966,0.03492995869974874
23967,0.1524374336492362
23968,0.09115434689507022
23969,0.09941958377642766
23970,0.2393044144077904
23971,0.14751894652607137
23972,0.24035467263248794
23973,0.15355100194544055
23974,0.18169481537664298
23975,0.060685813112882944
23977,0.1433588130817521
23978,0.13947624642782078
23979,0.1339504293846987
23980,0.14570524644556776
23981,0.14575957308031534
23982,0.16001759608196897
23983,0.06052281109597762
23984,0.060236663254425296
23985,0.16049681463915955
23987,0.2524482942059227
23989,0.14481606217185355
23990,0.25291707769036187
23991,0.2256522105087786
23992,0.14628459343381864
23993,0.14703419589030223
23994,0.14483297407639414
23995,0.26154384959478155
23996,0.226728528893825
23998,0.14880207117885785
23999,0.08349432997509278
24000,0.13927725307671213
24001,0.22740744621766407
24002,0.16184362902768032
24003,0.13187436095395746
24004,0.06404220705602004
24005,0.15358331044944348
24006,0.15646094675675382
24007,0.1472908755504558
24008,0.1478975841600286
24010,0.15583161941628648
24012,0.1332599516089932
24014,0.22828068939643792
24015,0.3587672513747531
24016,0.37376886245667507
24018,0.1189357518146852
24019,0.14531863678803966
24020,0.232310223608233
24021,0.14338709240674183
24022,0.23074818840345765
24024,0.1572030716764373
24026,0.17475805679975787
24028,0.15051608829791516
24029,0.15282918783978494
24030,0.15812747519599796
24031,0.16036066968202062
24033,0.06057173984902053
24034,0.4057703381000064
24035,0.2442194101256814
24036,0.14854741620742712
24038,0.14580126462442872
24039,0.16485252362077923
24040,0.059219833761981436
24041,0.13804813642635413
24043,0.2237470921410698
24045,0.23978745910665294
24046,0.1527869102391954
24047,0.1602505389757748
24048,0.23385792542868247
24049,0.23328376453379912
24050,0.4085859564219348
24053,0.03275878089572698
24054,0.0354813794649565
24055,0.15100423355579445
24057,0.14810739250961694
24059,0.1647110964857986
24060,0.1464307249233988
24061,0.15461198261870088
24062,0.1594135162458932
24063,0.16208654675031656
24064,0.37422532568535916
24065,0.23003878233083944
24066,0.15438919008236748
24067,0.0656238525105909
24068,0.159409392054665
24070,0.16539649571152568
24071,0.13932656906479207
24072,0.24018308705356115
24073,0.06473234518504055
24076,0.13708873688806192
24077,0.13587540689815608
24078,0.12819294966027447
24079,0.1399836806697717
24080,0.14301300133817105
24081,0.14861116866114962
24082,0.06419222426351645
24083,0.13469434102986844
24085,0.14924118176803217
24086,0.12806891877155033
24087,0.1539951478917209
24088,0.1645925068540976
24089,0.14029689307981386
24090,0.41217318208269293
24092,0.14744883283615487
24093,0.16318446815631155
24094,0.03366301695304689
24096,0.14041934384277455
24097,0.16384705030090313
24098,0.1455016414352595
24099,0.1394630778807117
24100,0.16298516062441848
24101,0.1369536331499318
24102,0.23341632681521926
24103,0.13535575042214607
24104,0.13476031086933293
24105,0.1570910378556634
24106,0.15623559931110395
24107,0.14528612218574402
24108,0.1350465157019838
24109,0.16637921245689632
24110,0.06416628118254837
24111,0.1492175225143493
24112,0.16210519102900267
24113,0.06596548689425512
24114,0.14046886656756705
24115,0.1576253117268292
24116,0.06977333960371584
24117,0.1646195884968559
24118,0.13961573935808513
24119,0.3644550309276913
24120,0.11531734780461664
24122,0.06179002690343573
24123,0.16571979114021484
24124,0.14751932763141068
24126,0.1699276304458502
24127,0.2315476411114507
24128,0.37437044548438414
24129,0.14097985629076853
24130,0.14681779092521835
24131,0.03358980631367344
24132,0.38036309500969573
24133,0.06008168667736523
24135,0.14415761659800932
24136,0.09673875551327904
24137,0.13718697932545298
24138,0.22841911049308192
24139,0.1458459739978665
24140,0.1518985730925025
24141,0.06667569510033952
24143,0.1597041639355888
24144,0.12976093153342116
24145,0.15807645940872236
24146,0.06480700639878374
24147,0.16377616235759732
24148,0.23063803649507209
24149,0.14193914158139348
24150,0.16262604145927403
24151,0.14242874815683473
24152,0.17056450678067128
24153,0.15827568431937908
24154,0.15774493995218455
24155,0.16127173269331868
24156,0.15365280695559883
24157,0.15146480459124484
24158,0.2451783460414983
24159,0.23707614573905447
24160,0.22487413590800873
24161,0.13553568327023469
24162,0.06561135032497684
24163,0.14517153699656832
24166,0.40292250116660494
24167,0.14031692275705207
24168,0.23544615405223135
24169,0.16235280631543028
24172,0.1576688679128338
24173,0.16066996772154343
24174,0.0710120974100391
24177,0.06808279550958575
24178,0.3964079779331566
24180,0.3482629278688858
24181,0.16257349130371138
24182,0.16433364819646476
24183,0.18018024249571268
24184,0.16520742849281905
24185,0.06164588161131764
24187,0.1480017406000012
24189,0.1471008172843609
24190,0.3766098524411921
24191,0.177739295938558
24193,0.06126753050850267
24195,0.23036028907739456
24196,0.14086897051247374
24198,0.15040185472549195
24200,0.3750229514181301
24201,0.15001156785833505
24203,0.145267974567203
24204,0.16214820135610822
24206,0.16386208907176972
24207,0.24276014661524004
24208,0.14735984359921167
24209,0.1466301057044479
24210,0.14875306927114162
24212,0.13107489436586803
24213,0.15713896674372904
24214,0.16257236808515102
24215,0.16794089355879666
24216,0.2525435520317621
24219,0.14549542514776478
24220,0.14782244521558202
24223,0.2402691109656787
24224,0.14439624155538305
24225,0.1360929062953169
24226,0.23176056141037996
24227,0.1478082155172059
24228,0.12843980118383044
24229,0.14465707670805503
24230,0.14742853645297394
24231,0.23274553941043682
24232,0.06320303154546443
24233,0.13295557981815456
24234,0.15423561701634347
24235,0.08338613148048964
24236,0.3693055799579665
24237,0.13664274772846327
24239,0.15249669447641878
24241,0.13662531907569408
24242,0.06733634379484356
24244,0.1262933099722554
24245,0.25105521737726766
24246,0.1467448460900964
24248,0.16044799439767882
24249,0.1534752684871515
24250,0.22298118967705727
24251,0.14964379872054123
24252,0.13548809705925788
24253,0.14645876295162466
24255,0.25927161120762116
24257,0.15925753457816663
24259,0.13941008869460764
24260,0.14868149214653564
24261,0.14824899640894756
24263,0.1406506464445933
24264,0.13011394428747647
24265,0.15021063658956327
24266,0.14617705245609375
24267,0.138536304928182
24268,0.36611432177301534
24270,0.16005739350602188
24271,0.16332880013964698
24272,0.06888078361862031
24274,0.2378699178109049
24275,0.16299195934665034
24277,0.16263206253797105
24278,0.06851793743815562
24280,0.13730579169541163
24281,0.14376970455349072
24283,0.1582104512406951
24286,0.1657534306452282
24287,0.1407661035907444
24288,0.16202831152700245
24289,0.14120466213506513
24291,0.14918011818707266
24292,0.17694753883741
24293,0.0592571964482377
24295,0.14429758030860243
24296,0.15633165761982215
24297,0.22664587425362606
24298,0.1720862457773801
24299,0.169799419734228
24300,0.15334704697448484
24301,0.14328153399081436
24302,0.14772697445988134
24303,0.3939905058254446
24304,0.25290051326529867
24305,0.15994119084404768
24306,0.14838157157741025
24307,0.14357154504816827
24308,0.16919603591289947
24309,0.0628513146741718
24310,0.14311484217903442
24311,0.15243125948454458
24312,0.1513050744304289
24313,0.15130047563686183
24314,0.13478040445663156
24315,0.1307277241214021
24316,0.1403446371705804
24318,0.0654197678135102
24319,0.24850084302314948
24320,0.14250522945030508
24321,0.14250996566298055
24322,0.2653234044277548
24323,0.24485243569193432
24324,0.15047287727392428
24325,0.3678993791920378
24327,0.1538854831170271
24329,0.23546181611282982
24330,0.16430618250975154
24331,0.15711153067180939
24332,0.15916745078764066
24333,0.37364182176310423
24334,0.14072084060729428
24335,0.22065871129116438
24338,0.15627462969705117
24339,0.062029749166137106
24340,0.1607917595203673
24343,0.36074099952388805
24344,0.06098632679057574
24345,0.1515356782679611
24346,0.143950219388857
24348,0.24765611662203904
24349,0.1436232649513545
24351,0.14299651928613483
24352,0.23207985523607463
24353,0.133269696646523
24354,0.3733976302871333
24355,0.1589516965306101
24356,0.15081125372392382
24357,0.15466941920058624
24358,0.22936804431313146
24359,0.14408310302864788
24361,0.1491982852224027
24362,0.10555814292615541
24363,0.06955068001774599
24364,0.14012658316020102
24365,0.24675710925588146
24367,0.13809583622994281
24368,0.0320990660970173
24369,0.14010140023815382
24372,0.15306790614259172
24373,0.14405383461691929
24374,0.1415139034596519
24375,0.13857371047612727
24377,0.2328605069051516
24378,0.11460497676391478
24379,0.3747782721508419
24380,0.13007068721904744
24381,0.16494515518691438
24382,0.14560178855474745
24383,0.14378658344664402
24384,0.06518927148206025
24385,0.1350674124542471
24386,0.07208853979416328
24387,0.147213781916203
24388,0.15686129616393443
24389,0.1361300060745654
24390,0.06581544118731124
24392,0.13640222822258044
24394,0.16573212232769366
24395,0.23664814792270633
24396,0.40608625897934797
24398,0.16213846605314522
24399,0.059968794068016695
24400,0.0597787336621944
24401,0.11564297376143716
24402,0.1290021584687636
24403,0.15272138389725556
24404,0.14201702198914834
24405,0.16780051929701065
24406,0.2514900647822689
24407,0.13102040802723655
24408,0.14246748289216832
24409,0.14881499956070768
24410,0.06243311559487336
24411,0.10042355073258799
24412,0.06088116309166639
24413,0.0654583148166969
24414,0.14247801680208522
24416,0.2386994015885016
24417,0.1655029463054201
24419,0.1491990138672324
24420,0.13299756272982258
24421,0.07544144267049456
24422,0.1341881751718024
24425,0.2502816006378814
24426,0.06511039564989604
24427,0.23110892683874065
24429,0.14721489031347273
24432,0.13689149933907177
24433,0.1406306438560257
24434,0.1522246964150204
24435,0.39746392724994517
24436,0.14786673090173216
24437,0.1331768403242164
24439,0.1511040152737235
24440,0.1437465708839554
24441,0.16036575480285525
24442,0.16896547745316046
24443,0.13993648006592865
24444,0.14093549284765744
24445,0.1422693786834118
24446,0.14293873385594358
24447,0.234152370890075
24449,0.14590895055885927
24450,0.13794609871931157
24451,0.16318446052240504
24452,0.1525945934660582
24453,0.14613764004762092
24454,0.06180909181642403
24456,0.18062776597707753
24457,0.13539693572584272
24458,0.14961105636354455
24459,0.06369896809493518
24460,0.15229650768640712
24461,0.15352003150538712
24462,0.14753158845517
24464,0.15016200908330463
24465,0.06330394867122219
24466,0.14074229961288293
24467,0.14613369457740927
24468,0.1423098249588625
24469,0.13811146307413263
24474,0.1509701427405566
24475,0.06359544847887111
24476,0.16004448570705293
24477,0.15475250478059896
24478,0.25237512962126757
24480,0.15846125274336154
24481,0.1438230683543447
24483,0.13796846457974538
24484,0.1234940641761372
24485,0.16551342328243154
24486,0.24184154492457133
24487,0.14731972935105409
24488,0.14879605966082196
24489,0.1449741355638919
24491,0.14609517149132492
24492,0.21470163337565193
24494,0.033499050238222645
24496,0.15537642272420177
24497,0.16894895644019706
24499,0.1413443505531838
24501,0.14271352232190151
24502,0.2210554011950497
24503,0.3705728968415692
24504,0.23727157489063347
24505,0.22308658896216035
24506,0.15487195021454878
24507,0.15539687267853952
24508,0.09058312220771486
24509,0.1334437553963931
24510,0.15322434326796117
24511,0.23846721073795854
24512,0.061990638957856066
24513,0.1520133334530522
24514,0.14605363140602665
24515,0.14331490650434617
24517,0.238380350229385
24518,0.06893095702977134
24520,0.06794577094559055
24521,0.0668744844336585
24523,0.14934179542297607
24524,0.06186122291959721
24526,0.13973675885280387
24527,0.14689504789924898
24528,0.14022811108891303
24530,0.14350326125999455
24531,0.17388174151144
24532,0.2435242461876246
24533,0.16680759451789348
24534,0.1559802167600412
24535,0.23244125153036024
24536,0.1586827729367272
24538,0.14694231254745954
24539,0.13347270315721552
24540,0.25323164231706413
24541,0.14425727949553396
24543,0.16666915798970108
24544,0.14682929511869514
24546,0.16029759267395124
24547,0.2277204357217986
24548,0.1376942633670231
24549,0.14774326630230025
24550,0.37819078075443774
24551,0.14664174594646956
24552,0.15545401906814296
24554,0.25087673285499446
24555,0.23835579234152157
24556,0.13656501635320975
24558,0.21158704480762636
24559,0.38036744832567015
24560,0.1365164034456836
24561,0.14259644882558728
24562,0.23993030886330236
24563,0.22359261882110837
24564,0.15415543845608465
24567,0.13259087904717962
24568,0.14651142788433252
24569,0.16069660561648458
24570,0.2046506528631923
24571,0.13973992842510466
24572,0.36701999751560693
24573,0.22537527401101756
24575,0.24075092772571535
24576,0.14770282486645114
24577,0.15896140139224316
24578,0.2556585668080383
24579,0.09362492389137318
24581,0.14050609700480632
24582,0.15051579691713085
24583,0.13823166049621388
24587,0.14561197969352438
24588,0.15151276032275723
24589,0.16744455176357728
24591,0.1633109845839707
24592,0.06412935147546668
24593,0.13957844676066808
24594,0.14569288954144655
24595,0.24501598873021505
24596,0.1505774758889518
24597,0.1406082549607971
24599,0.13735052800989936
24600,0.15555286985640945
24601,0.15204448595673045
24603,0.3691520323637015
24604,0.14970600497528602
24605,0.15142062422088387
24608,0.13487166954615648
24609,0.16823195716679784
24610,0.14924002585106258
24613,0.16133749709601897
24614,0.15715869202031252
24615,0.14204816317042734
24616,0.06570269030067039
24618,0.22577042981404313
24619,0.149451822776691
24620,0.15262491642564613
24621,0.13307553160401017
24622,0.1616783347773293
24623,0.15268649308425594
24624,0.18890328631662404
24625,0.16791600429523496
24628,0.1606570258873674
24629,0.15170082591486994
24630,0.2243992834042658
24631,0.22294798212968328
24632,0.22678973618278092
24633,0.15280214566827505
24634,0.18939140952896275
24635,0.16714859449673522
24636,0.15423225925044418
24637,0.23154758257084126
24638,0.06338278266835834
24639,0.14090883343566055
24640,0.1550995493043068
24641,0.13081295329923295
24642,0.06016278186395677
24643,0.13628642252399997
24644,0.14610102332671698
24645,0.13281283078401956
24646,0.14615055161134233
24647,0.13145143617913854
24648,0.2307636597981297
24649,0.1524753563149258
24650,0.1020485563045571
24651,0.1407773482519409
24652,0.12760236540217706
24653,0.4167501318564877
24654,0.24832534520981553
24655,0.17878017526440493
24656,0.1543817492877378
24657,0.1541587041414145
24658,0.060897925108678926
24659,0.15337491140568096
24660,0.16395722928983933
24661,0.3556754488089482
24662,0.1333688074699212
24663,0.2375103977500879
24664,0.14840429271913452
24665,0.1427503716447612
24666,0.1478706211913644
24667,0.13081665001853562
24668,0.16051718993574127
24669,0.14333623140846208
24670,0.39602123382486537
24671,0.14870208932366502
24672,0.39669793230457057
24673,0.13880055014493126
24674,0.14445762344323976
24675,0.15176160082616233
24676,0.14682903528055524
24677,0.25090362061205457
24678,0.13542098552172036
24679,0.1506161124174311
24680,0.13186232769170192
24681,0.14587758883003318
24682,0.1439835850501636
24683,0.17786603802446524
24684,0.24571164146502622
24685,0.12384824319011287
24686,0.1677001818178873
24687,0.16480164856155322
24688,0.1425728457403038
24689,0.1340856770919989
24690,0.15777616747105636
24691,0.1502886916634713
24692,0.09432466515813015
24693,0.1751720648652206
24694,0.1451167088541528
24695,0.23039605206533245
24696,0.126638638671213
24697,0.1515562616102418
24698,0.14278696858297532
24699,0.12798884996539403
24700,0.06822617102809336
24701,0.15705209092649627
24702,0.3785697350442081
24703,0.14625747850015833
24704,0.14833861567422837
24705,0.250958878169399
24706,0.15960571057306266
24707,0.135423937731541
24708,0.1446551203819404
24709,0.16173700982456202
24710,0.14577564895551423
24711,0.15300526759298275
24712,0.1567418112461929
24713,0.14658446988252638
24714,0.36713498128604033
24715,0.061200394872040285
24716,0.06153965939424914
24717,0.15775984202084478
24718,0.14666481458788055
24719,0.14353587585200403
24720,0.22373887187469865
24721,0.16124558651316476
24722,0.1544667985908335
24723,0.139534326983281
24724,0.08528473316143495
24725,0.36675635882694596
24726,0.16505381285745951
24727,0.14910327847971788
24728,0.1301434195201788
24729,0.14341689462757465
24730,0.15901833136069185
24731,0.13464312877517653
24732,0.36856295360201413
24733,0.1410920009868372
24734,0.1545596105879385
24735,0.1382942811081973
24736,0.3803730681335745
24737,0.38061148534436257
24738,0.23133127467134348
24739,0.16585925379298055
24740,0.15508417414847966
24741,0.16701873634719241
24742,0.16671654021645252
24743,0.06544304156966828
24744,0.15195442907823212
24745,0.13885007160502494
24746,0.15174625044271228
24747,0.1297256938215128
24748,0.1427864064051049
24749,0.16058898152664505
24750,0.03355403154631709
24751,0.13725804635071104
24752,0.15121309921429735
24753,0.13672524648010792
24754,0.259786825641172
24755,0.3755447223573022
24756,0.16713103595602694
24757,0.2462996863617083
24758,0.06692642818511947
24759,0.14603454999630708
24760,0.1286345186338674
24761,0.15783192927152256
24762,0.13758642009405697
24763,0.03494231026705772
24764,0.13637891463029722
24765,0.1312489822276611
24766,0.15660411950349473
24767,0.14392019285890711
24768,0.16305236690795546
24769,0.166057328247777
24770,0.15205069947789823
24771,0.15506458845408783
24772,0.17330487271384795
24773,0.1073963293918176
24774,0.15713154428562623
24775,0.22980871426340024
24776,0.1593356971452876
24777,0.07660888858841844
24778,0.15033716559299468
24779,0.14089807446931912
24780,0.17607498092569193
24781,0.1401533088404569
24782,0.07395276013327175
24783,0.13534214695845337
24784,0.24995869037004
24785,0.15249625367302944
24786,0.1522461201591282
24787,0.13240215236059316
24788,0.3744007727988704
24789,0.14180275613850546
24790,0.1782340247374699
24791,0.17872041654075668
24792,0.1664872328262467
24793,0.1557903177656544
24794,0.23512117694250434
24795,0.3675306023938009
24796,0.101409613297656
24797,0.15702346099065345
24798,0.15286965318755363
24799,0.14344413833728756
24800,0.3757908639645098
24801,0.3778608747244058
24802,0.3754096555282208
24803,0.14029721991884614
24804,0.14841994766145092
24805,0.16110535662767902
24806,0.14444650473735704
24807,0.15309212483716644
24808,0.1369382458079848
24809,0.2442271107101784
24810,0.3972220695306748
24811,0.40305680322152565
24812,0.13623372198089231
24813,0.1381477487398802
24814,0.14909294195683265
24815,0.1507291459686202
24816,0.13957559828983537
24817,0.14304008399595722
24818,0.1307664266841168
24819,0.16107154565731693
24820,0.06196717822313277
24821,0.3973820848221905
24822,0.13929905769031836
24823,0.24747025367454165
24824,0.14617802651840597
24825,0.20477685345233365
24826,0.12929489097978233
24827,0.23811067874404057
24828,0.16575412058913483
24829,0.1415442283855897
24830,0.14558407720367034
24831,0.1637986395940719
24832,0.13908909291497282
24833,0.12725064043046558
24834,0.16284198193309435
24835,0.124635322943585
24836,0.14580526785004472
24837,0.23400982936372178
24838,0.14210774478362018
24839,0.3649179213260467
24840,0.1413087002545915
24841,0.15092102169956878
24842,0.03354416482622523
24843,0.13895230222802465
24844,0.14541580425702072
24845,0.06887855728703435
24846,0.13413616961585598
24847,0.24572240957814145
24848,0.15810257327223493
24849,0.17250885489637066
24850,0.1462961920379456
24851,0.1518206789601561
24852,0.1453777756520059
24853,0.14899702872367102
24854,0.1554168142724968
24855,0.06296524617755454
24856,0.1562709126359422
24857,0.36802488591103305
24858,0.06879017830506531
24859,0.3764398210042723
24860,0.3552712861509075
24861,0.1471446576337927
24862,0.16559365101149146
24863,0.21829725045846374
24864,0.4011166818286285
24865,0.03614416535181273
24866,0.1449108138388668
24867,0.22970585066533444
24868,0.1480941439202528
24869,0.14618302523691687
24870,0.14365881882710194
24871,0.142496771393129
24872,0.1448652698160587
24873,0.18054667608086844
24874,0.15559789850448788
24875,0.23664131166835603
24876,0.15462408716004625
24877,0.1490270985123426
24878,0.34881301016655836
24879,0.13758537028963413
24880,0.06344771859169582
24881,0.16271993377830749
24882,0.14173341484655416
24883,0.24513038235459178
24884,0.15920576694866492
24885,0.1508791348106431
24886,0.17877142507435836
24887,0.1391656113069945
24888,0.15894060412974506
24889,0.13784317096533297
24890,0.36028250875954193
24891,0.14193118994877313
24892,0.23622762909659242
24893,0.06541289884000297
24894,0.152517926183739
24895,0.13475242171647583
24896,0.15988756968123108
24897,0.06585120829098925
24898,0.35837263789815377
24899,0.1500593058825627
24900,0.06259284513079771
24901,0.23786498609957146
24902,0.14019405111216285
24903,0.15330598200269396
24904,0.06422403783745687
24905,0.1722076028867913
24906,0.12050617921554417
24907,0.1524510312151582
24908,0.22994695200189907
24909,0.13413792787463344
24910,0.146078946041047
24911,0.16209924021532723
24912,0.06313443558564806
24913,0.14855745601628612
24914,0.06143710758689398
24915,0.15872240944455618
24916,0.0606733490751569
24917,0.1731941857379121
24918,0.08402648718587012
24919,0.1688971470533659
24920,0.14372687806078205
24921,0.13718055624440428
24922,0.14010960363135397
24923,0.2328351584247479
24924,0.21932939027555245
24925,0.15263979243784934
24926,0.034371550468662596
24927,0.2280464945655621
24928,0.16339305004007612
24929,0.37057093615289244
24930,0.22643715124634495
24931,0.36059205138118794
24932,0.1422404812414312
24933,0.15961479313593224
24934,0.14089649871038157
24935,0.15531783947264252
24936,0.4030702759160568
24937,0.15837121942931412
24938,0.14562498024906173
24939,0.2253642557225224
24940,0.15859121675130422
24941,0.15826799509509773
24942,0.16485203630038078
24943,0.060293629014667394
24944,0.24097237612356306
24945,0.37822480417347737
24946,0.21950870295317984
24947,0.3847782913274061
24948,0.1477448627551357
24949,0.1467555968555546
24950,0.13717217845225224
24951,0.3693055799579665
24952,0.06681888086538826
24953,0.16443533690302437
24954,0.17237340510961652
24955,0.14540306678240483
24956,0.15894418097387594
24957,0.1488527379493635
24958,0.06404220705602004
24959,0.14127678319009881
24960,0.1674343638198707
24961,0.14380259471666054
24962,0.3796386224732982
24963,0.16659913947133573
24964,0.1494810640844037
24965,0.15974087101070195
24966,0.14677720984087186
24967,0.06193900046116754
24968,0.3578380700102272
24969,0.12293932864107275
24970,0.23635658341453172
24971,0.17004829259650248
24972,0.08362674876829258
24973,0.15755929419924372
24974,0.36243192623768644
24975,0.1380384520859843
24976,0.24618574138415206
24977,0.1459375581646977
24978,0.16083522872232825
24979,0.14783609612971424
24980,0.06140340873237292
24981,0.145438824767052
24982,0.2694930873849889
24983,0.16662085474904995
24984,0.14794346581042767
24985,0.1450090020474053
24986,0.13234512276695673
24987,0.1636931148891491
24988,0.1566994733454088
24989,0.23240218253819864
24990,0.16024474887957255
24991,0.23475054817012614
24992,0.22513801111537177
24993,0.23375588800626365
24994,0.14601999804939422
24995,0.14725607141277247
24996,0.061704143441690285
24997,0.146827521374894
24998,0.16582271076419738
24999,0.13956548368095517
25000,0.15419558524049595
25001,0.1309495942295602
25002,0.1440659200730809
25003,0.16635689020971148
25004,0.1637617695583141
25005,0.1349818940002619
25006,0.15406777641197922
25007,0.033394386896007766
25008,0.15551755286107335
25009,0.15830896157108823
25010,0.14430368880331493
25011,0.15741121823916693
25012,0.061130112627345114
25013,0.16854814799189108
25014,0.15582142140898775
25015,0.1395895407708384
25016,0.22050752002166601
25017,0.38118053912086736
25018,0.13954605428804964
25019,0.13559252993791526
25020,0.2093219956019814
25021,0.1566891976663907
25022,0.1635912528715736
25023,0.146374953557839
25024,0.1482381583234479
25025,0.15684524985687723
25026,0.37768248972297386
25027,0.1529854090954142
25028,0.06061850122731502
25029,0.14974878102051403
25030,0.15042170330869525
25031,0.3970984956366707
25032,0.066155641491636
25033,0.14296768126862497
25034,0.21959620071682573
25035,0.15674701432050994
25036,0.13856820817274365
25037,0.40322597314089254
25038,0.13554591643595562
25039,0.3804699637598168
25040,0.09121991015954961
25041,0.26272650109051526
25042,0.17948683414947528
25043,0.14649472240776285
25044,0.15343501124111783
25045,0.17114299410507197
25046,0.3887505859446348
25047,0.06406043367755954
25048,0.23174762416338748
25049,0.377372512212894
25050,0.2411803920963205
25051,0.1373938458904796
25052,0.15172769277505915
25053,0.06357459703562174
25054,0.23546426317671676
25055,0.15081331332139505
25056,0.18154969307448438
25057,0.1456247886461809
25058,0.14164451665394484
25059,0.1530811196867702
25060,0.247153680963859
25061,0.1399898894341551
25062,0.15446426097960667
25063,0.36813951635733233
25064,0.23615228769348362
25065,0.05991849089654595
25066,0.15803461753192632
25067,0.13262292800801054
25068,0.1536401255027869
25069,0.15694305459592
25070,0.36409279511052883
25071,0.1443915077699993
25072,0.1599716940526078
25073,0.3597483985690686
25074,0.15140035750236416
25075,0.16051036050020615
25076,0.15420335054545062
25077,0.1625120032954651
25078,0.07800885183844365
25079,0.15323972028128025
25080,0.4046351685442647
25081,0.14214560509644866
25082,0.22672872748491538
25083,0.1447982884432003
25084,0.1589715202413316
25085,0.3591400496599275
25086,0.152463121000167
25087,0.36621838418268676
25088,0.15129211004597057
25089,0.21778602163724256
25090,0.1343594536392119
25091,0.3712082842261444
25092,0.2252250065487865
25093,0.3655731982977333
25094,0.23473683997044945
25095,0.16236188384208988
25096,0.14578834166001167
25097,0.3599738404909415
25098,0.2537845339711743
25099,0.22009030598846613
25100,0.24455587569234122
25101,0.14008167236961017
25102,0.2398029067878929
25103,0.1654876812928246
25104,0.15963611248011528
25105,0.14591873842835035
25106,0.13658319988426001
25107,0.15506158004020723
25108,0.3764827709198947
25109,0.13545859032978275
25110,0.15578850344513237
25111,0.13802162597855686
25112,0.15687860077355834
25113,0.21741993055351616
25114,0.16069322038091294
25115,0.25302688786534006
25116,0.23242867960629537
25117,0.14884492778815825
25118,0.1542651487279696
25119,0.14781438630248223
25120,0.07964269148182847
25121,0.1339957373150951
25122,0.2578430427305965
25123,0.16140656025881403
25124,0.14819045695911828
25125,0.14669139547285068
25126,0.23932209904482438
25127,0.23450661829192798
25128,0.405055467517243
25129,0.15443996765864693
25130,0.145463108495788
25131,0.15471957904427344
25132,0.1489914265139055
25133,0.159520656284645
25134,0.06191506674563961
25135,0.13861643485026817
25136,0.14851128414805384
25137,0.13939894847443374
25138,0.1452265937057794
25139,0.14123817496579552
25140,0.14508383152423956
25141,0.15825928252717159
25142,0.154595061120398
25143,0.06237138981682238
25144,0.14048347123322763
25145,0.1668777374248042
25146,0.2205127588148719
25147,0.18111649471023897
25148,0.22577974868624867
25149,0.24924462494702185
25150,0.13783541921095904
25151,0.1499806015946566
25152,0.07123920009910295
25153,0.15169223366793022
25154,0.37800035281248134
25155,0.14889373764362954
25156,0.15394951265178586
25157,0.1417103931142541
25158,0.1441606269633867
25159,0.15914970648704374
25160,0.1417589887145629
25161,0.17096375493443597
25162,0.1531334319551112
25163,0.14950045350139346
25164,0.1404569952774172
25165,0.1348722727573907
25166,0.06732287316350405
25167,0.16035586718846345
25168,0.1921958125771672
25169,0.035046441344701085
25170,0.1570407152646855
25171,0.16686864145850264
25172,0.1533533133606086
25173,0.06872720908063852
25174,0.18131242185045934
25175,0.16293430366889566
25176,0.06853464994177993
25177,0.1482318654833063
25178,0.14227108042191727
25179,0.15559953361708082
25180,0.14644649963549772
25181,0.11426339118961912
25182,0.3706286550417456
25183,0.13876742927660837
25184,0.1467741979491924
25185,0.14882289118867076
25186,0.1562838891164462
25187,0.14115472112684427
25188,0.14786879903663586
25189,0.14020312719629602
25190,0.1920490098384973
25191,0.27711589330739717
25192,0.40222899452900873
25193,0.16244722092315972
25194,0.1451259228297863
25195,0.3546001745426458
25196,0.14901921237595883
25197,0.14021944242377957
25198,0.06158895788789761
25199,0.25008966580763503
25200,0.1541604898670935
25201,0.36652425831586616
25202,0.11684493548361527
25203,0.13585041995392058
25204,0.13414259103018136
25205,0.23149319537084798
25206,0.14444577222139887
25207,0.1346148086847476
25208,0.14660169695072375
25209,0.2321834312964808
25210,0.1594608166574453
25211,0.10142032275622702
25212,0.3724509346104088
25213,0.12698590699564818
25214,0.13649400691451272
25215,0.14783439679931332
25216,0.23344607341705126
25217,0.21001013467032464
25218,0.13258274231902697
25219,0.16162348286488948
25220,0.15489745274482172
25221,0.25371362743017295
25222,0.15504511579872837
25223,0.15358639429972287
25224,0.14773740670193186
25225,0.16721639580969108
25226,0.36244870906800286
25227,0.13325498697350754
25228,0.16608352489952227
25229,0.14971953298154014
25230,0.1760233822396735
25231,0.14372617634577026
25232,0.1359426276501756
25233,0.1571554449653897
25234,0.36106011394813037
25235,0.1514771811380829
25236,0.16425659670129014
25237,0.3536704939986947
25238,0.22980964481150584
25239,0.1510284569850732
25240,0.37186427068816896
25241,0.1428433901467692
25242,0.1378916933211427
25243,0.13854578228129383
25244,0.40378362120428474
25245,0.15444619120280545
25246,0.1539505781004841
25247,0.16151787763025563
25248,0.0348377939699639
25249,0.1523064193873703
25250,0.1385957126277586
25251,0.14982046800361462
25252,0.22250489276410115
25253,0.06252081840346405
25254,0.1665767419653817
25255,0.22974246198117945
25256,0.1447881575146458
25257,0.10239770810547431
25258,0.14080873990087087
25259,0.14555892286739192
25260,0.2332779115588592
25261,0.2384281158168091
25262,0.17322361482513823
25263,0.1411332923779249
25264,0.1492823775444715
25265,0.14125245676961048
25266,0.14020130130429106
25267,0.13874830695914897
25268,0.1366589173857281
25269,0.23997126798618035
25270,0.12970901158422993
25271,0.035316326186786
25272,0.1402019129639668
25273,0.3637086439659694
25274,0.13636006040316426
25275,0.24413220676650532
25276,0.1353279532293684
25277,0.13764818969287335
25278,0.23220725840258075
25279,0.14812166113439929
25280,0.3618675208138784
25281,0.23521301202686623
25282,0.16469628829979951
25283,0.17229624431090831
25284,0.22511261219260573
25285,0.15785411514980946
25286,0.14425706149213527
25287,0.07066408872722363
25288,0.14337312055103962
25289,0.15389881352585102
25290,0.14911730130791007
25291,0.14582285526736502
25292,0.1487379002776852
25293,0.22308412310188985
25294,0.26077693053266693
25295,0.15589116199354347
25296,0.1534637093381835
25297,0.1548047694766305
25298,0.062318387933429434
25299,0.16811269539961568
25300,0.06575374407965758
25301,0.15677298954041416
25302,0.13529699561078198
25303,0.17103085899642484
25304,0.1596878211716274
25305,0.24237973804038776
25306,0.1755315357337202
25307,0.14640697694666696
25308,0.13277990546709462
25309,0.1595009970848413
25310,0.14313528073228243
25311,0.1776064751012723
25312,0.135389940350653
25313,0.1602941061686505
25314,0.15313079971923632
25315,0.15897455298812657
25316,0.06400133110482793
25317,0.08769913726687056
25318,0.2238963279643619
25319,0.14419161211537374
25320,0.2212649581038294
25321,0.1515323026052053
25322,0.14306832147174228
25323,0.144891472507993
25324,0.23816463987398426
25325,0.1559903071221534
25326,0.22797717936376594
25327,0.23635742528002285
25328,0.16318640449417138
25329,0.14316224552864695
25330,0.1546538360303726
25331,0.035561203718482086
25332,0.18216080591252173
25333,0.13605800974365387
25334,0.37310624512764784
25335,0.21334207031566957
25336,0.3803604028754288
25337,0.240226743462589
25338,0.09114379430680244
25339,0.2110337786962674
25340,0.16117960126265343
25341,0.1698115681261587
25342,0.14536665631077336
25343,0.3534473573687292
25344,0.22635024396568454
25345,0.15742705762098666
25346,0.16007468251191298
25347,0.1539735165661352
25348,0.16227817945976847
25349,0.14617190127205423
25350,0.1601488242388386
25351,0.14376364515840873
25352,0.06697508574090458
25353,0.1606779833447879
25354,0.15706812798539355
25355,0.17530571842989606
25356,0.1363674037432974
25357,0.06410781951661183
25358,0.2387151934456575
25359,0.3718668458222396
25360,0.15220575415457652
25361,0.1539974117526931
25362,0.2312618165579034
25363,0.13458948633264237
25364,0.13668134313821118
25365,0.15533685590601515
25366,0.3698508622928714
25367,0.1565250132097781
25368,0.13961651759671703
25369,0.1402139492350073
25370,0.14196458275622714
25371,0.14789726704860276
25372,0.1371489483037935
25373,0.23257862159189116
25374,0.23919363282649958
25375,0.2443836154264852
25376,0.15086269908604918
25377,0.40486211993976856
25378,0.13073366867941966
25379,0.13642107677866738
25380,0.037486055915179665
25381,0.08298984873497232
25382,0.1454990266848498
25383,0.155849549548499
25384,0.14143117896998883
25385,0.13930662797348603
25386,0.3655608360131076
25387,0.1248410504624635
25388,0.17421558434342815
25389,0.1384418240403107
25390,0.2521299425056246
25391,0.14084631303925324
25392,0.1519003062984961
25393,0.1340625793143683
25394,0.1374677178054487
25395,0.3642176848324875
25396,0.14307646866421014
25397,0.06738536192764122
25398,0.163715107060416
25399,0.14927193062109223
25400,0.13868594883994526
25401,0.16696477476629856
25402,0.22490660500087548
25403,0.23685506664044184
25404,0.14446640783824014
25405,0.142194074887284
25406,0.09788980078200489
25407,0.1577318162711366
25408,0.15613424364652478
25409,0.15220765906614636
25410,0.2690266833195477
25411,0.10833032101027916
25412,0.3736973142877197
25413,0.14812509945160454
25414,0.2279524315487967
25415,0.16090194703102179
25416,0.1449066351635271
25417,0.1403806658609926
25418,0.22481659501521162
25419,0.14946793534139527
25420,0.1391053462445622
25421,0.14501316906348688
25422,0.23059464455716244
25423,0.4046726708878482
25424,0.17011235048802079
25425,0.14776792040004091
25426,0.24581136255776717
25427,0.14543041048299554
25428,0.16132553454037568
25429,0.23044630594383653
25430,0.11507358515745651
25431,0.16102460109597336
25432,0.16973673797373
25433,0.1603657764174771
25434,0.16266056281202598
25435,0.06819679953184046
25436,0.15927493410650198
25437,0.1828047698029933
25438,0.16695831112630335
25439,0.13815255429947493
25440,0.22549034220493436
25441,0.1524902841959667
25442,0.1480560695194038
25443,0.1373183122732858
25444,0.3700908210301092
25445,0.15130865474544777
25446,0.39742180806548366
25447,0.13367249334109996
25448,0.14852600034157393
25449,0.35614472461795627
25450,0.14718459254381613
25451,0.22275413899314384
25452,0.063003092745332
25453,0.11415215609248593
25454,0.14687296460731988
25455,0.1422947550162787
25456,0.15596631512445167
25457,0.13622145693378326
25458,0.1365825652543595
25459,0.22351029208807868
25460,0.061162438835783754
25461,0.13513921421508207
25462,0.1528481327590896
25463,0.14631486676018618
25464,0.3699834826499263
25465,0.3664160456744943
25466,0.25401515947657877
25467,0.1498638294536325
25468,0.14635677672475444
25469,0.14536343663809215
25470,0.22924578737818926
25471,0.14632463921720035
25472,0.13490735739729248
25473,0.14967274957109972
25474,0.13803053112596336
25475,0.2225843016864514
25476,0.14472469593717668
25477,0.3749926351834513
25478,0.14670800050723426
25479,0.39366484323368417
25480,0.2418595269899226
25481,0.16009881009995652
25482,0.2466075873649519
25483,0.13584573051385804
25484,0.15522525025080647
25485,0.1709577165380344
25486,0.2082614644037313
25487,0.3671819957734185
25488,0.22013791839386163
25489,0.14155871658263008
25490,0.13803248870855545
25491,0.13566033052818244
25492,0.16295455957162935
25493,0.1487775160447892
25494,0.1564751261180544
25495,0.11811617796849647
25496,0.06584883209796
25497,0.1546346654913643
25498,0.06204910569305022
25499,0.16615810236659587
25500,0.243516942935131
25501,0.0839676538039661
25502,0.14349942210353708
25503,0.1561573498472328
25504,0.22232401266293003
25505,0.06385718173933266
25506,0.15127418838165319
25507,0.060701960092064106
25508,0.136954801026638
25509,0.14196927039495522
25510,0.16214132005885182
25511,0.14420094662784852
25512,0.37932637696506377
25513,0.22450520091217388
25514,0.21625816098454953
25515,0.15180249123817421
25516,0.14613376764357555
25517,0.06249471409000888
25518,0.17663966806403333
25519,0.152423338222242
25520,0.14901996834689316
25521,0.14890332128870135
25522,0.1576973875151929
25523,0.22856494501794136
25524,0.14457371880422284
25525,0.13738277420011444
25526,0.06422537066377292
25527,0.13235415419806404
25528,0.22053198619121875
25529,0.15040288132119176
25530,0.06842695490021294
25531,0.1420214138234252
25532,0.14799186181356871
25533,0.1363611763357843
25534,0.15001968158311813
25535,0.3608663676213412
25536,0.23708902104687862
25537,0.24534208887454026
25538,0.13941883437489408
25539,0.1688631554065711
25540,0.15834630039601305
25541,0.12240657896425482
25542,0.17293173792665362
25543,0.13969347462917953
25544,0.14411816557850268
25545,0.15152931523604232
25546,0.14259791686007134
25547,0.148836698138555
25548,0.13413851403424087
25549,0.06742220764430337
25550,0.1477221768483203
25551,0.1390295847754006
25552,0.15528324327206616
25553,0.3744433963055731
25554,0.06591244104699603
25555,0.06850336716587198
25556,0.14994887163218334
25557,0.15692580990731061
25558,0.13880392936654395
25559,0.1553042193382261
25560,0.1466614845600439
25561,0.06581108235120545
25562,0.14918350365741515
25563,0.14399723956632074
25564,0.11846755185992922
25565,0.14892935197079285
25566,0.14379193688172792
25567,0.13421075165486843
25568,0.1405715364818063
25569,0.14736509424403216
25570,0.15906737293200143
25571,0.2569285855733674
25572,0.14280037111637395
25573,0.2109688577194748
25574,0.15058856831702214
25575,0.15202325054589963
25576,0.14276269803348451
25577,0.1493485306038508
25578,0.1631995590786786
25579,0.14152500134880824
25580,0.19650334138075073
25581,0.24396737928046192
25582,0.13353794142936898
25583,0.1390957376568479
25584,0.16592902263401063
25585,0.14953467668791195
25586,0.2299595916870186
25587,0.22454910162597277
25588,0.24056035298875023
25589,0.15082861252283566
25590,0.1401167631728671
25591,0.1606451969743557
25592,0.14558700602327024
25593,0.16015327824990552
25594,0.14986454745229458
25595,0.06879124077148388
25596,0.1411132815162489
25597,0.033382842795846884
25598,0.24049046975729077
25599,0.13190675424024387
25600,0.15941347065758538
25601,0.13990203183957567
25602,0.1501607815040377
25603,0.2342042750453808
25604,0.1521512111216891
25605,0.10944947828724723
25606,0.14912046073981933
25607,0.13753055832014946
25608,0.23245936051492858
25609,0.13453678461076077
25610,0.13463055942750196
25611,0.10022348786886535
25612,0.14337773784328048
25613,0.16830455704832883
25614,0.24109564040982234
25615,0.13715507582412856
25616,0.14095776583998712
25617,0.1648751705757498
25618,0.369113901587437
25619,0.23211289546880176
25620,0.2369605976847652
25621,0.13847550848244272
25622,0.15970654392673314
25623,0.15739210912070997
25624,0.13941054326524557
25625,0.14402568003331362
25626,0.15121744246399832
25627,0.36333297307585743
25628,0.06054167597770303
25629,0.05999416237937298
25630,0.14199756506797243
25631,0.24599186594904004
25632,0.14609884758746217
25633,0.14072564624790296
25634,0.14585221680516777
25635,0.127264770411487
25636,0.15340854591873654
25637,0.06157837005311423
25638,0.15608113495581585
25639,0.15301824920865606
25640,0.17640400851446747
25641,0.15484365518879795
25642,0.15151445749127607
25643,0.15292408176038202
25644,0.22441339224577592
25645,0.14309296517993866
25646,0.17050310564790194
25647,0.15991947350678984
25648,0.1472980756429398
25649,0.2147708921408586
25650,0.15380100962614626
25651,0.16748935715585478
25652,0.2635572771731061
25653,0.15912500389906403
25654,0.1474970415505101
25655,0.37250093206129997
25656,0.40055480597565685
25657,0.16195906298255758
25658,0.06806279449533158
25659,0.13355555549815687
25660,0.13291873364124177
25661,0.22422890066229206
25662,0.15241372775569578
25663,0.14168705692298134
25664,0.23827504572240485
25665,0.15914376415430354
25666,0.06449850093584283
25667,0.10859611662367
25668,0.14882183985995845
25669,0.23230190837263126
25670,0.17354011665721425
25671,0.1504154892873144
25672,0.1698527799904292
25673,0.06291217037119935
25674,0.13364933194922154
25675,0.1362750893973767
25676,0.21123823662428473
25677,0.13742034923855775
25678,0.16611886978435222
25679,0.16371010778104741
25680,0.15602807393431106
25681,0.14690496733964445
25682,0.15533458788459983
25683,0.4076772462636786
25684,0.1517399776824626
25685,0.15026202091631613
25686,0.15982297661807549
25687,0.13615854909096592
25688,0.25868216368218044
25689,0.15423959189056666
25690,0.14806166840247484
25691,0.13768410502681874
25692,0.14415466337173127
25693,0.14584136455209912
25694,0.20084812250187392
25695,0.16058843681276155
25696,0.1387238440067441
25697,0.3670069497463012
25698,0.14108063790500214
25699,0.06597910801912467
25700,0.151094440201229
25701,0.15746919073302146
25702,0.16946230827729955
25703,0.23714079458143797
25704,0.3748598765782825
25705,0.14195566627167402
25706,0.14629401519862423
25707,0.23471338882196857
25708,0.22766007375283956
25709,0.1344589082939721
25710,0.06527236509345755
25711,0.22786580862091435
25712,0.14053360299006468
25713,0.061394409799882324
25714,0.06590847039609556
25715,0.15510691176345043
25716,0.1454265483572591
25717,0.03334784717574637
25718,0.16455971968999944
25719,0.1822762324746352
25720,0.15835101688965644
25721,0.23003612980291646
25722,0.366906373306419
25723,0.14413001348920274
25724,0.14067466256721034
25725,0.1429930676744207
25726,0.06443432342804568
25727,0.14024957565740326
25728,0.13307553160401017
25729,0.13629051772359946
25730,0.157469323855628
25731,0.1652266697558289
25732,0.14471293959659187
25733,0.12889218434250527
25734,0.23410319239622354
25735,0.1361695633020366
25736,0.15292507363224017
25737,0.14495058813168216
25738,0.22354767720052643
25739,0.06125143192227005
25740,0.1412897819957518
25741,0.1512132413762538
25742,0.1368964028998343
25743,0.13919569196392764
25744,0.13676107284454975
25745,0.1135795450827911
25746,0.16719334903828728
25747,0.1401407272150133
25748,0.14349812666529585
25749,0.24525102878976857
25750,0.15316136317212162
25751,0.3651542083981674
25752,0.15356433010358908
25753,0.36899739636590434
25754,0.14832177674394773
25755,0.03607026281581
25756,0.16655992337862227
25757,0.1630547005708225
25758,0.131075699500855
25759,0.2144840198799357
25760,0.15118066393293877
25761,0.14799744289904737
25762,0.13304638426376217
25763,0.13488668526182465
25764,0.13998134839416063
25765,0.14820908541880937
25766,0.15126454739628
25767,0.40790526318293396
25768,0.1415662387281255
25769,0.1522983259633561
25770,0.060156269978985044
25771,0.2275681310339995
25772,0.13431794957954032
25773,0.15031727934575906
25774,0.3725409665017913
25775,0.1661032206588275
25776,0.1405529524253226
25777,0.21967383964789794
25778,0.1669941515046685
25779,0.15833544201846755
25780,0.22074252053783788
25781,0.15157084905775023
25782,0.14968710355549747
25783,0.15969679461528133
25784,0.15908683551626562
25785,0.06092545743551765
25786,0.15340061320327722
25787,0.13736362163575808
25788,0.375214739350368
25789,0.14894844927652204
25790,0.14011030730606067
25791,0.1385649013377647
25792,0.15515408343299292
25793,0.15606540988489506
25794,0.14682018510399386
25795,0.17492999559391498
25796,0.14517110529865826
25797,0.16641342333465037
25798,0.1339666135720961
25799,0.23992313114856545
25800,0.17412741582561844
25801,0.13742624449002627
25802,0.2353380649188879
25803,0.1658319173849012
25804,0.033183450222183344
25805,0.14909357961432265
25806,0.14882346005286654
25807,0.3673578137396879
25808,0.13975319437066952
25809,0.14403375596002244
25810,0.15841785111323112
25811,0.05882058409286758
25812,0.13967161215431476
25813,0.15000841477358967
25814,0.3670835102732112
25815,0.13725804635071104
25816,0.1445590307630875
25817,0.36712859125990005
25818,0.06417601914044259
25819,0.17459339402867777
25820,0.1459513988486439
25821,0.13995614365634465
25822,0.15820864682475258
25823,0.167204571903002
25824,0.06406043367755954
25825,0.15695391574310852
25826,0.1594727407610775
25827,0.06516085991344422
25828,0.22786774986335728
25829,0.08032102354808664
25830,0.14451098531995726
25831,0.15289237959681787
25832,0.15513072912421216
25833,0.1346440371272304
25834,0.22157004976845274
25835,0.15400614493835982
25836,0.3639294288370692
25837,0.21716889139218742
25838,0.15517240507118008
25839,0.14870842101543955
25840,0.15138174033438562
25841,0.1675964305886646
25842,0.12756201249955862
25843,0.1417654483811164
25844,0.21834159654073035
25845,0.23792806898840915
25846,0.06484522482290662
25847,0.1378695533568928
25848,0.06543885398178984
25849,0.13639779695178436
25850,0.13876033414745736
25851,0.14327723341271334
25852,0.13791688906631594
25853,0.06433444491288022
25854,0.1524702595357878
25855,0.16113841886396119
25856,0.1463307164751637
25857,0.16288956804945134
25858,0.237612371237751
25859,0.13346455285211756
25860,0.15758934466424288
25861,0.3765894426656548
25862,0.17577529336198397
25863,0.13709759279673905
25864,0.13609464307974814
25865,0.14091172651016304
25866,0.24293030133732743
25867,0.14249101833063904
25868,0.23029499223074634
25869,0.15021187251634568
25870,0.1529090734238326
25871,0.24642787515966738
25872,0.06641939617370017
25873,0.15285752366468586
25874,0.1428975866232278
25875,0.14247368804311197
25876,0.1480414324394176
25877,0.15200495478854018
25878,0.21992232262335543
25879,0.1780803942204556
25880,0.16954788293177184
25881,0.06338680759448115
25882,0.1576577345010967
25883,0.16150679717138458
25884,0.13989685548659841
25885,0.22763789257165037
25886,0.3766201437766863
25887,0.15722771556163728
25888,0.15001482151620163
25889,0.1361035249305123
25890,0.14340635247048963
25891,0.14039255100669304
25892,0.16183061732634857
25893,0.1504157596961384
25894,0.3663580383633013
25895,0.13796139716427105
25896,0.22742455461252703
25897,0.25650800684209113
25898,0.1451007469541128
25899,0.06591296426593221
25900,0.14382177307595645
25901,0.1527524449624576
25902,0.14310441706304505
25903,0.1427943243872755
25904,0.16242372445998057
25905,0.16109821478725392
25906,0.1360557088698023
25907,0.13794638372501614
25908,0.15698578690683523
25909,0.15215574764062095
25910,0.15189457189013006
25911,0.14256202650584093
25912,0.14292566235739662
25913,0.23154915248749136
25914,0.16374886141611505
25915,0.1418431196040433
25916,0.15017188442995744
25917,0.14479196905069366
25918,0.14180003563134988
25919,0.062481419487443894
25920,0.13795158048302633
25921,0.21926464348574545
25922,0.13956725825802155
25923,0.14092878998772704
25924,0.2253450225787385
25925,0.1534767496551697
25926,0.17955657808820685
25927,0.14354555751204723
25928,0.22522226198627732
25929,0.1456825613641444
25930,0.15346673420823614
25931,0.14520627214967746
25932,0.15359237206175314
25933,0.16130844167401284
25934,0.14442525501515716
25935,0.06774110037892933
25936,0.16192691151452257
25937,0.13533577574293723
25938,0.06090679897837923
25939,0.23340694245466193
25940,0.171769141041578
25941,0.1463942198961251
25942,0.14017108760613484
25943,0.14927959551576955
25944,0.23419844293222383
25945,0.13309204381387857
25946,0.13932055267658763
25947,0.23122648131234397
25948,0.14829151012209424
25949,0.37052509362457675
25950,0.1375896549837877
25951,0.13562311952841333
25952,0.15009364404161982
25953,0.15283509124404568
25954,0.0610533007305591
25955,0.16582619724853176
25956,0.1517157470990747
25957,0.13665239423293718
25958,0.15478059486606727
25959,0.16231233068145978
25960,0.134306604125039
25961,0.14522683890163088
25962,0.23392902672676832
25963,0.1421037059302741
25964,0.17338551670592853
25965,0.15333114548381657
25966,0.135166826831831
25967,0.15185508824002522
25968,0.14312909000870588
25969,0.14077696188910113
25970,0.15556638063707168
25971,0.06873264563103725
25972,0.2970579433360591
25973,0.07164465554596551
25974,0.14141307434924183
25975,0.15871655089912703
25976,0.15928026320013386
25977,0.2457581504513075
25978,0.1728255301847088
25979,0.16172120764743475
25980,0.2290976866507898
25981,0.38227531214339416
25982,0.033942690578308024
25983,0.06289377031655595
25984,0.060906697091901496
25985,0.24676441219914952
25986,0.15430794051459573
25987,0.13912256063045417
25988,0.15000961949550184
25989,0.13673540616498878
25990,0.14359406854143314
25991,0.1743856980968829
25992,0.12978335462454818
25993,0.23568973992909825
25994,0.15340349754930094
25995,0.13697502246719784
25996,0.15496236389145507
25997,0.15731732371431273
25998,0.15696437821888168
25999,0.15984293614036463
26000,0.1464355205103433
26001,0.12666167780015744
26002,0.14362708572866809
26003,0.13460761529187806
26004,0.15374948309751496
26005,0.15471392484810756
26006,0.15440812605656937
26007,0.14754091155682567
26008,0.16542057887307152
26009,0.1412623406861975
26010,0.16989470789389433
26011,0.06359544847887111
26012,0.15182008391863655
26013,0.1489112824001482
26014,0.13667428680401045
26015,0.16072374478229268
26016,0.2260379771325997
26017,0.23629639550328244
26018,0.13574697710370454
26019,0.06040044636603665
26020,0.10143281176548966
26021,0.22544449894188567
26022,0.15229438417844182
26023,0.15049347882579311
26024,0.09783214376892219
26025,0.16461841324645812
26026,0.2303781256281784
26027,0.3877092974465515
26028,0.06832465690591123
26029,0.06023299863739694
26030,0.13729475287277346
26031,0.1518470760484984
26032,0.4098915206363297
26033,0.1338988297723836
26034,0.148956665706734
26035,0.06722718410157555
26036,0.13611254735150605
26037,0.22802250970257798
26038,0.1519339007771065
26039,0.16973348368330105
26040,0.23677484270859858
26041,0.14428505386060406
26042,0.06798767867882888
26043,0.13722400859715495
26044,0.1518278444654177
26045,0.15945035320911824
26046,0.1602559276828301
26047,0.23236955075090754
26048,0.15042805301941123
26049,0.23756162801839345
26050,0.14935398086527532
26051,0.14415263876539422
26052,0.0650255133167435
26053,0.15693517649548916
26054,0.06437591732611882
26055,0.14797352510979395
26056,0.24680603592845224
26057,0.1315278476160949
26058,0.21438878022479188
26059,0.14310441706304505
26060,0.14690793511930558
26061,0.13777325479211286
26062,0.14758865935786655
26063,0.14786382188022634
26064,0.1486001586406994
26065,0.16911498980165435
26066,0.15432097516837792
26067,0.0642140397585133
26068,0.15956919821570467
26069,0.14571219540947378
26070,0.21944126257610208
26071,0.1435579082157773
26072,0.14742401509350564
26073,0.1627959047331118
26074,0.16080750668655272
26075,0.15437163470045465
26076,0.14972512062878676
26077,0.2530428905898865
26078,0.36835114395278873
26079,0.16155277965203552
26080,0.16807531490806393
26081,0.15378710662910453
26082,0.1260218132939029
26083,0.14652151369137525
26084,0.12963655109785877
26085,0.14978782265580445
26086,0.13764885509884117
26087,0.1365661387324378
26088,0.13803248870855545
26089,0.1599918929488905
26090,0.15955992036662298
26091,0.12997230938966303
26092,0.2493881672308483
26093,0.14291301795884775
26094,0.1440950905483194
26095,0.06486555225958797
26096,0.14511828702159285
26097,0.3729828908545449
26098,0.4123814295825869
26099,0.1503836989270059
26100,0.1427243851721031
26101,0.07060578692840212
26102,0.16236983082674122
26103,0.2148449020256566
26104,0.373006565726232
26105,0.06485884316036891
26106,0.06098425718002943
26107,0.16003323580126785
26108,0.06921746978406511
26109,0.15690939387143366
26110,0.15228314205874305
26111,0.13740672692805067
26112,0.1496830553729093
26113,0.1504519336407239
26114,0.15666820350765756
26115,0.13527810227329348
26116,0.1341342412302287
26117,0.14653671584055528
26118,0.1479949720382841
26119,0.1577174264592015
26120,0.4023586595591912
26121,0.140123108546556
26122,0.16408840016595608
26123,0.1475040819606266
26124,0.23375635251032242
26125,0.1492717148470951
26126,0.142522121790099
26127,0.129711716637786
26128,0.06768198241477104
26129,0.1379168367917169
26130,0.032799994203174004
26131,0.15572771204806865
26132,0.06819679953184046
26133,0.2589821538949578
26134,0.14286345832779226
26135,0.13864049458952835
26136,0.14574911608130828
26137,0.15487743598312367
26138,0.14751396043990778
26139,0.14528417674309055
26140,0.24666851683048424
26141,0.06669581493265628
26142,0.2511279083735581
26143,0.16426387937421982
26144,0.16237283810060732
26145,0.14652483984476022
26146,0.1465818700258902
26147,0.033865734527825424
26148,0.14797554341225128
26149,0.14919618607731183
26150,0.06561135032497684
26151,0.14790913790870205
26152,0.14586368907079628
26153,0.12590249421635985
26154,0.2253277965521397
26155,0.1504609496202451
26156,0.1323542961566572
26157,0.15513231759097584
26158,0.06104879000433788
26159,0.15243358374345883
26160,0.1362317683381287
26161,0.23943349381049922
26162,0.1456126629911355
26163,0.1438904054859679
26164,0.25400327655053806
26165,0.14735892936948655
26166,0.14252486902202932
26167,0.13757830882444796
26168,0.1770666000811748
26169,0.0737175967942512
26170,0.15047928557858417
26171,0.16927118610676747
26172,0.23489728659112044
26173,0.15352361391192934
26174,0.402675446166342
26175,0.0707427840380582
26176,0.1584589667486311
26177,0.3709640743310445
26178,0.08428737480557347
26179,0.15601605444514122
26180,0.1431002366499236
26181,0.14207036513975188
26182,0.2644496286291511
26183,0.1430512617757887
26184,0.1424122308699822
26185,0.24662644712747467
26186,0.1524641910966338
26187,0.14757601552147023
26188,0.16130498735882487
26189,0.06588197305643913
26190,0.15130703497131456
26191,0.14549345023602347
26192,0.14444730484986618
26193,0.16109821478725392
26194,0.14310441706304505
26195,0.11327810329348109
26196,0.061415470345937244
26197,0.14104966597599994
26198,0.16855306482611626
26199,0.15245296907024494
26200,0.23533531114091097
26201,0.15371805393661914
26202,0.24670813427384328
26203,0.22295849694157013
26204,0.1551674992820641
26205,0.24867712187276506
26206,0.14107435615340388
26207,0.16657027276729813
26208,0.37916886844814873
26209,0.2276981994159148
26210,0.1602534002113608
26211,0.40786716697907616
26212,0.06474972381672232
26213,0.2302860491501432
26214,0.40968488586104385
26215,0.14895434025951423
26216,0.1585939467885083
26217,0.15110373764337154
26218,0.13501937157116814
26219,0.16817960809550964
26220,0.14742283723252358
26221,0.1415028594092107
26222,0.15326960636705697
26223,0.1427324330582689
26224,0.15578960297701827
26225,0.13376025111146242
26226,0.13720512854043335
26227,0.15272355173970975
26228,0.14511405101046182
26229,0.15806485054294178
26230,0.2510529420573927
26231,0.06314057142010572
26232,0.15787405797333437
26233,0.14711559059002335
26234,0.14040119905668963
26235,0.24487322417049726
26236,0.13632707085541984
26237,0.14071038395724916
26238,0.1509953146942617
26239,0.25179496757366265
26240,0.13962592050857878
26241,0.13640372013783278
26242,0.13983568804516974
26243,0.1556545669982837
26244,0.15727362219089921
26245,0.15318117822505523
26246,0.15059385470659425
26247,0.1522445088877382
26248,0.15686790864947328
26249,0.25832504963238173
26250,0.14157184635237915
26251,0.22944036566144094
26252,0.13696867809019667
26253,0.1535641043344448
26254,0.15448600681216454
26255,0.17761431781204548
26256,0.24917613115044324
26257,0.13860364018241889
26258,0.23194064164797443
26259,0.3751066050580357
26260,0.1533676421866749
26261,0.16189970410256124
26262,0.12881867834140004
26263,0.17097961389946692
26264,0.1537671310276534
26265,0.1598670322607929
26266,0.1505109156958939
26267,0.16748494630274866
26268,0.1408098349888287
26269,0.12903735420741222
26270,0.14567815363346778
26271,0.23408945962405792
26272,0.17479292291728027
26273,0.16209394080946707
26274,0.13932092954106517
26275,0.14743214343895905
26276,0.16314613589514268
26277,0.17283992942827925
26278,0.16577797706786573
26279,0.15651237817701502
26280,0.1598801089805082
26281,0.06795480264885144
26282,0.17181986629229373
26283,0.23439463974432054
26284,0.13397148583114554
26285,0.23244125153036024
26286,0.06308204144873339
26287,0.15121800394363097
26288,0.22391730228418613
26289,0.16098110366580873
26290,0.14919001369225707
26291,0.14322077725834273
26292,0.1823677132921884
26293,0.1750064480074136
26294,0.37491270971859114
26295,0.06095295277759829
26296,0.11865473431858536
26297,0.1349577380594358
26298,0.06641469841564297
26299,0.13062774535847158
26300,0.1410740325067622
26301,0.2201195722175909
26302,0.14470095702452784
26303,0.15119254514394984
26304,0.1382562452844988
26305,0.23482250347743241
26306,0.14572216125230422
26307,0.13231629018342453
26308,0.25993580120158477
26309,0.24199957543471123
26310,0.1741923646450603
26311,0.38984120823023216
26312,0.15280680514389836
26313,0.06515442026910173
26314,0.14523040200282963
26315,0.17071576925053786
26316,0.13348072282267678
26317,0.4045162555653126
26318,0.16075666308795783
26319,0.15860734283571687
26320,0.13863581848423495
26321,0.15483897279326175
26322,0.1305641854416106
26323,0.1640867749802746
26324,0.14951395115284866
26325,0.16060269452114273
26326,0.03323489853495901
26327,0.06492445781982523
26328,0.1521309758753893
26329,0.15231721544249358
26330,0.14111679157079995
26331,0.41287488451026605
26332,0.15223634672871383
26333,0.06596242596825526
26334,0.1505624220383879
26335,0.2325929523291824
26336,0.17589816932212876
26337,0.1498341058370183
26338,0.1437988719305361
26339,0.1501335202844102
26340,0.03284091532520051
26341,0.06444750986304637
26342,0.36897298114515953
26343,0.13983855987288787
26344,0.14972691506627014
26345,0.16236257827111808
26346,0.17518228817987913
26347,0.1481211243038291
26348,0.15846356707471212
26349,0.13667393077443074
26350,0.22010765410432007
26351,0.1485404216350579
26352,0.17143043576930453
26353,0.0744656223528054
26354,0.03592543400358592
26355,0.15425837445891544
26356,0.1510703544113906
26357,0.1414268333777292
26358,0.14273331504327272
26359,0.03188217779920933
26360,0.16684797002666912
26361,0.12898422662105574
26362,0.14105092133803268
26363,0.06465100766710155
26364,0.15000814717342034
26365,0.14325376376249163
26366,0.13718701607478695
26367,0.16802125312818472
26368,0.36988491206908697
26369,0.14517565091867232
26370,0.1604557986295064
26371,0.06269578203627335
26372,0.2553098919991862
26373,0.13923723992136913
26374,0.15131121140386142
26375,0.14563363893702366
26376,0.1377010237014942
26377,0.06017516473190088
26378,0.14606657105110887
26379,0.13389008011057477
26380,0.14065856394187298
26381,0.23396447857123134
26382,0.159984990139196
26383,0.258746398473876
26384,0.061415081095906085
26385,0.2588084683132388
26386,0.19720786659145842
26387,0.26741744137953194
26388,0.16023109329928473
26389,0.13825114271638617
26390,0.14999085837601175
26391,0.06532213196552342
26392,0.14448282246275063
26393,0.15193398578454315
26394,0.1535618233327582
26395,0.1350379649104082
26396,0.15282879621236412
26397,0.14291860341251084
26398,0.13961588938336866
26399,0.1691429451540956
26400,0.06075529394130373
26401,0.1629520470460748
26402,0.24096880089764341
26403,0.1547046504756306
26404,0.15089796627759208
26405,0.0618260806224142
26406,0.21530778079361731
26407,0.13568253843627393
26408,0.16226320044664208
26409,0.15767179312169957
26410,0.1440494671736538
26411,0.15744664555013416
26412,0.061285832700662485
26413,0.16235878407574977
26414,0.23009992343266628
26415,0.1309763431777863
26416,0.15592212240621728
26417,0.22139401852042512
26418,0.16986080341238177
26419,0.413031921926566
26420,0.14033453012432134
26421,0.2357659594141989
26422,0.14444492204285037
26423,0.1362508513121744
26424,0.23026051515336382
26425,0.14049531224851883
26426,0.13809356726419333
26427,0.22110240149170188
26428,0.15082564373395996
26429,0.1545961455299627
26430,0.14795986641293443
26431,0.13291384188339067
26432,0.12033278877279206
26433,0.14342974615055998
26434,0.13307802523852247
26435,0.0635270412045314
26436,0.1585716890962647
26437,0.15260698532770567
26438,0.16027004518151194
26439,0.14518416859277208
26440,0.13940536277574783
26441,0.14287844715237938
26442,0.16610934623826018
26443,0.1441757009502361
26444,0.14978175198825497
26445,0.1374186226303163
26446,0.1518437189705548
26447,0.14909396697751218
26448,0.13810608486550038
26449,0.1349633308185186
26450,0.06388468448123598
26451,0.1602090817196554
26452,0.13703072546566425
26453,0.24459813998039548
26454,0.13469499855672099
26455,0.060867717486691765
26456,0.23828435706333317
26457,0.15233303743615242
26458,0.1570018440929755
26459,0.23154392045085123
26460,0.14471211039785975
26461,0.17045670042911376
26462,0.13824913239565803
26463,0.374906089539295
26464,0.14544039735391365
26465,0.14763443743167728
26466,0.2316636787892919
26467,0.23307815154606246
