id_cliente,mes,objetivo,prediccion
2,202610,0,0.13860015597851488
3,202610,0,0.05931851826537803
7,202610,0,0.132335832944958
8,202610,1,0.13854586409945255
10,202610,0,0.05222305409091544
11,202610,0,0.13595639940860393
12,202610,0,0.050425001203730724
14,202610,0,0.09682714739089004
16,202610,0,0.1263179998147451
25,202610,0,0.1291365873517751
32,202610,0,0.10448256045412903
38,202610,0,0.11065675749745496
42,202610,0,0.15578709889494619
48,202610,0,0.154845173727472
53,202610,1,0.13784772988323768
55,202610,1,0.057408809694692815
63,202610,0,0.11583762400144174
65,202610,0,0.12490729379977705
66,202610,1,0.11866778007953745
70,202610,0,0.14661919365928794
74,202610,0,0.12586959302864173
76,202610,0,0.12245227924070588
83,202610,0,0.0630707917457608
90,202610,0,0.08504010144182156
97,202610,1,0.14535949595091863
98,202610,0,0.16773571617806496
102,202610,1,0.13136245526619028
104,202610,0,0.11331905274661024
107,202610,0,0.25366442919949506
118,202610,0,0.13192904127480004
121,202610,0,0.057388316420359756
122,202610,1,0.13100223534234604
124,202610,0,0.14194404011324308
125,202610,0,0.15518310083435924
126,202610,1,0.11767950899890975
137,202610,0,0.1323890894861239
138,202610,1,0.25145819816035014
143,202610,0,0.056198123810426465
144,202610,0,0.15267634591292192
147,202610,0,0.15453927644023652
157,202610,0,0.14019751769331812
163,202610,0,0.11888404603807763
165,202610,0,0.11601949123045532
167,202610,1,0.13492052620361825
173,202610,1,0.05337512114232951
177,202610,1,0.140144425833095
197,202610,0,0.07160018388917287
203,202610,0,0.1504178509764207
205,202610,0,0.12118344278260966
206,202610,0,0.053716768952393135
209,202610,0,0.05751473204227653
228,202610,0,0.149541892736166
231,202610,0,0.1363377140765841
237,202610,0,0.13982647558829076
242,202610,1,0.12872538688657595
243,202610,0,0.045999835135573375
247,202610,0,0.1264842291990328
249,202610,0,0.053440034127711374
253,202610,0,0.1616839312946461
256,202610,0,0.11327634137975952
261,202610,0,0.11614946198452979
263,202610,0,0.03295766768171444
272,202610,1,0.04553192959035161
275,202610,0,0.04608580884499302
279,202610,0,0.15793907858022696
280,202610,0,0.11860817002765182
288,202610,0,0.14738434342259477
292,202610,0,0.12439585137213291
297,202610,0,0.1254759766529488
299,202610,0,0.11629925315832258
300,202610,1,0.14254529115450523
302,202610,0,0.044864271014043756
304,202610,0,0.13905139459491342
305,202610,1,0.11346904861530467
308,202610,0,0.2110414924939648
312,202610,1,0.2221249116902143
317,202610,0,0.15957057202695232
318,202610,0,0.15854254093190245
319,202610,0,0.14369927538414037
321,202610,0,0.1483317881412634
323,202610,0,0.06638558776904867
325,202610,0,0.1349658221573254
339,202610,0,0.12005663994256408
340,202610,0,0.12887724115627266
347,202610,1,0.343586400975864
353,202610,1,0.1290920888841139
355,202610,0,0.11952559962126881
359,202610,0,0.1317198759362175
368,202610,0,0.15313052275343164
371,202610,0,0.1060105754260488
378,202610,0,0.12390078899014377
388,202610,0,0.1262195947414698
389,202610,0,0.12407984397455149
390,202610,0,0.14896580267557324
392,202610,0,0.09930371301716301
400,202610,1,0.1332796516261339
403,202610,1,0.11940067647450851
404,202610,1,0.04682357592931308
409,202610,0,0.1280583971354002
412,202610,0,0.06863965837475704
420,202610,0,0.16694383174278785
422,202610,0,0.10000089974415761
425,202610,1,0.1315864341155319
428,202610,0,0.12934198777232658
429,202610,0,0.038555828885029966
430,202610,0,0.12746571677105423
434,202610,0,0.06119037585181692
437,202610,0,0.15081331809114654
440,202610,1,0.16971829827170903
443,202610,1,0.07400447782531963
445,202610,1,0.13179955497422402
447,202610,0,0.05560347337320052
461,202610,0,0.13944106799933675
464,202610,0,0.045366882063859304
466,202610,0,0.13399094260636996
468,202610,0,0.21589440167335772
470,202610,0,0.1331408008626899
473,202610,0,0.12684644012191218
474,202610,1,0.13453759023693884
475,202610,0,0.05976885517531144
476,202610,0,0.14455853954624404
477,202610,0,0.12011304720235325
480,202610,0,0.05451677591962163
483,202610,0,0.14633755983387717
487,202610,0,0.1657804273847214
489,202610,1,0.12243969652044896
495,202610,0,0.14109556936477155
496,202610,0,0.13151333779706642
497,202610,1,0.10779769658492631
499,202610,0,0.11352806410719808
502,202610,0,0.057806151418035794
504,202610,0,0.1278972677015915
508,202610,0,0.06577751176377243
514,202610,0,0.12379236082217561
515,202610,0,0.1374896218344289
538,202610,0,0.1175519453419081
548,202610,0,0.11619901182087138
551,202610,0,0.12135554412456363
553,202610,0,0.11809106159656624
560,202610,0,0.05572305602871933
564,202610,0,0.10939495538005263
567,202610,1,0.1417045666857575
570,202610,1,0.13648202075881494
572,202610,0,0.05752622153227355
577,202610,0,0.05385900073393345
578,202610,0,0.22944284176447408
579,202610,1,0.14662410688773597
591,202610,0,0.05278963145136113
593,202610,0,0.11312265984584384
603,202610,0,0.13268711392107785
604,202610,0,0.12628335811577934
606,202610,0,0.1296334078527638
614,202610,0,0.13383417421982022
616,202610,0,0.04126901083503468
622,202610,0,0.11919487088229495
623,202610,1,0.15967102989768336
626,202610,0,0.05172584689056154
627,202610,1,0.142383788014382
632,202610,0,0.055410118353853524
637,202610,0,0.04856173695041504
640,202610,0,0.08854734013656283
644,202610,0,0.13097846398420557
647,202610,0,0.10510150500585816
648,202610,0,0.04291246601859363
653,202610,0,0.1401875257606984
654,202610,0,0.047633123533452885
659,202610,0,0.14113719937076447
661,202610,0,0.0577951936774124
667,202610,1,0.14709542518215138
670,202610,0,0.04877049763021773
671,202610,0,0.055744838582285745
673,202610,0,0.12156504352842967
674,202610,0,0.10039682005467093
679,202610,0,0.12659263594866785
682,202610,0,0.1207296934450502
683,202610,0,0.12961688057116533
687,202610,0,0.1374748516787616
688,202610,0,0.06665053204524345
689,202610,0,0.1356573347641444
701,202610,0,0.11645207690122646
705,202610,0,0.13370432438269597
707,202610,0,0.11581788624989997
710,202610,0,0.09971752213546661
714,202610,0,0.13431141678674458
715,202610,1,0.13891520350690953
716,202610,0,0.11966817998345042
717,202610,0,0.13478462540439753
721,202610,0,0.1461468695007402
729,202610,0,0.05923112840827443
732,202610,0,0.12213324394735656
734,202610,0,0.13525861091488414
736,202610,0,0.12973703262135305
738,202610,1,0.1323794297662242
740,202610,0,0.2117591288954858
742,202610,0,0.05436477182863693
750,202610,0,0.12675766820041667
764,202610,0,0.1373472999708843
767,202610,0,0.10677336321884164
768,202610,0,0.1356319261565344
773,202610,0,0.0512945711639677
774,202610,0,0.14351241200821005
777,202610,0,0.0530696787795252
778,202610,0,0.15284297728354398
779,202610,1,0.12255386810442868
784,202610,0,0.14124234208939668
785,202610,0,0.16440002924727545
786,202610,0,0.13733049167073466
787,202610,0,0.2500260520950516
788,202610,0,0.14932882688635815
790,202610,0,0.15692690831092976
794,202610,0,0.056274576551479
796,202610,0,0.11742003216328367
802,202610,0,0.05662374403386277
812,202610,0,0.13682825058417986
814,202610,0,0.04125575457117479
816,202610,0,0.053677440205791925
817,202610,0,0.14128561239700818
828,202610,1,0.1620316609956577
834,202610,0,0.12881483573032065
835,202610,0,0.14767101518214043
836,202610,0,0.11986342163119863
837,202610,0,0.12849200231476526
840,202610,0,0.04419846331194801
841,202610,0,0.06226607184425242
843,202610,1,0.1303734201952816
850,202610,0,0.06680811773432856
854,202610,0,0.06019905210551074
857,202610,0,0.151731366504099
858,202610,0,0.12197211005124357
859,202610,0,0.053183895127891796
864,202610,0,0.12396100682301993
869,202610,1,0.1037140423457705
883,202610,0,0.11559911793868002
885,202610,1,0.11387777237323887
887,202610,0,0.05946573514127895
899,202610,1,0.2367982447128466
902,202610,0,0.1331170105422048
907,202610,1,0.2098257818739925
912,202610,0,0.13848668982842444
913,202610,0,0.1232984376363965
915,202610,0,0.10676634944003428
916,202610,0,0.13713722191642547
917,202610,0,0.1207340129580363
918,202610,0,0.12594354564169824
923,202610,1,0.3521433486475476
924,202610,0,0.12993486528944823
929,202610,0,0.13863151013292443
933,202610,0,0.13029232225104428
934,202610,0,0.12022424384806181
936,202610,0,0.12096201682194513
939,202610,1,0.11682162716555898
941,202610,0,0.04704572835382098
946,202610,0,0.08316117054645002
948,202610,0,0.05745227242065113
952,202610,0,0.12051998016320822
959,202610,0,0.1252357281158943
963,202610,0,0.1357472838960684
965,202610,0,0.09172034247579806
970,202610,0,0.15275684263500902
975,202610,0,0.15957085835393214
979,202610,0,0.13066118666639984
982,202610,0,0.08288973042071311
986,202610,0,0.055553944443643824
988,202610,0,0.16830467234297466
992,202610,0,0.14281696961025234
1003,202610,0,0.04475262711108416
1004,202610,0,0.131053495502817
1007,202610,0,0.12940265231533638
1009,202610,1,0.1341642896218103
1014,202610,0,0.10241073514310642
1017,202610,0,0.05563607527613457
1018,202610,0,0.11237666920753897
1022,202610,0,0.11452684509946766
1040,202610,1,0.11706479846331905
1043,202610,0,0.06352140996700188
1045,202610,1,0.10862606628118733
1046,202610,0,0.14602400663665766
1052,202610,0,0.11941555138837581
1061,202610,0,0.04797593116300905
1063,202610,0,0.14072066097621272
1064,202610,0,0.13027830487209768
1067,202610,0,0.11750634843230624
1070,202610,0,0.0785091826647915
1075,202610,0,0.04651050378748136
1085,202610,1,0.1255902777233601
1088,202610,0,0.13504458293691415
1105,202610,0,0.05098802452427077
1112,202610,1,0.12610051488978005
1116,202610,0,0.19625551335662345
1117,202610,0,0.16833914126560492
1123,202610,0,0.12871283496335614
1125,202610,0,0.14250382634442282
1132,202610,0,0.11792341105599216
1139,202610,0,0.1085891051256649
1140,202610,0,0.15546440746791554
1160,202610,0,0.054148265457862534
1161,202610,0,0.14749807967280912
1165,202610,0,0.06156333173156935
1171,202610,0,0.2085369257294976
1179,202610,0,0.05514298877102387
1181,202610,0,0.08671704544287151
1185,202610,0,0.1275550971026664
1186,202610,0,0.1109653856119803
1197,202610,0,0.13529231735987818
1202,202610,0,0.15161644750805153
1205,202610,0,0.051748316340529954
1206,202610,0,0.14926914819566137
1207,202610,0,0.1729327233476017
1213,202610,0,0.1327719999443766
1216,202610,0,0.06149205711676991
1228,202610,0,0.134386875245473
1232,202610,0,0.11488034663867026
1233,202610,1,0.20957330761434292
1238,202610,0,0.11575459759338495
1241,202610,0,0.0630998659502802
1244,202610,0,0.10191794749635001
1246,202610,0,0.10570757117055025
1247,202610,0,0.12655233686318196
1257,202610,1,0.11189547899707757
1258,202610,0,0.09198825621994411
1263,202610,0,0.16100346956233108
1286,202610,1,0.12607180378910388
1289,202610,0,0.13347609322639178
1292,202610,0,0.11331685012918527
1301,202610,0,0.15297544977436553
1302,202610,0,0.05883246059770405
1303,202610,0,0.1529988614407806
1308,202610,0,0.17569164476002702
1309,202610,0,0.12128499204542269
1310,202610,1,0.12709957772594016
1312,202610,0,0.13534257265649977
1314,202610,0,0.12450122198967396
1322,202610,0,0.08065668654838276
1326,202610,0,0.05446203104611748
1327,202610,1,0.13854310304883832
1328,202610,0,0.06077072219920419
1334,202610,0,0.11812036516803384
1336,202610,0,0.12600914672513142
1337,202610,0,0.05249367232677782
1338,202610,0,0.08488388403461464
1340,202610,0,0.14190844769606928
1351,202610,1,0.14333403106791134
1352,202610,0,0.2265815113412298
1361,202610,0,0.15123430231235713
1365,202610,0,0.1725661468831657
1368,202610,0,0.23535677995441473
1370,202610,0,0.08293186678989233
1378,202610,0,0.13652787160930566
1379,202610,0,0.1502579437462756
1381,202610,0,0.13822094715891414
1388,202610,0,0.12648895775895092
1392,202610,0,0.13880355751857773
1393,202610,0,0.11348771295709571
1395,202610,0,0.12013687132754299
1400,202610,0,0.12642574047639019
1404,202610,0,0.057001690103837016
1405,202610,0,0.06232677952677288
1411,202610,0,0.14916161055648966
1414,202610,0,0.13488387871621355
1415,202610,0,0.05657323717093978
1420,202610,0,0.10731080797013783
1423,202610,1,0.13135034485213354
1425,202610,0,0.08194593985898434
1434,202610,0,0.19522307258936064
1444,202610,1,0.18966278886006321
1445,202610,0,0.13001036496563237
1453,202610,0,0.1330724354052483
1455,202610,0,0.21735720642091166
1459,202610,0,0.14114657163871655
1460,202610,0,0.1601417769871746
1465,202610,0,0.24308744389245288
1474,202610,0,0.14567785054481325
1475,202610,0,0.05127036886080573
1476,202610,0,0.06893364200716003
1477,202610,0,0.11438599821994924
1481,202610,1,0.12635653296052143
1489,202610,0,0.08802903792436358
1495,202610,0,0.12247310336144807
1496,202610,0,0.06575218761482157
1501,202610,0,0.12217567507599732
1504,202610,0,0.053432997480935385
1506,202610,0,0.14259840616291364
1508,202610,0,0.12768525194843913
1516,202610,0,0.140518391658455
1532,202610,1,0.2462413453180728
1533,202610,0,0.12672002130963286
1535,202610,0,0.0783446971510402
1538,202610,1,0.1360712042457662
1541,202610,0,0.0574253830700662
1546,202610,0,0.054879708059094694
1552,202610,0,0.05850574105686821
1553,202610,1,0.14352192658437674
1558,202610,0,0.12765711421856252
1559,202610,0,0.10736308333229275
1564,202610,0,0.10215749428159974
1566,202610,0,0.11821045805390241
1567,202610,0,0.1604391309498864
1573,202610,0,0.16419872916403355
1576,202610,0,0.06438065556109823
1577,202610,0,0.06355319659872324
1578,202610,0,0.10583980713677782
1583,202610,0,0.12516473883164914
1586,202610,0,0.12646553178902176
1587,202610,0,0.07383438248215198
1589,202610,0,0.15171657518161324
1590,202610,1,0.15661867067807125
1591,202610,0,0.12303358541394645
1592,202610,0,0.0593504485599552
1598,202610,0,0.058545039993280056
1602,202610,0,0.1534527455104594
1604,202610,0,0.06951339313185292
1606,202610,0,0.0507617450226736
1610,202610,1,0.1359462128546523
1614,202610,0,0.045475967380492185
1615,202610,0,0.20413304435077603
1616,202610,1,0.15754243515401903
1619,202610,0,0.13175506541139095
1623,202610,0,0.12004753843840998
1626,202610,1,0.1107164142431138
1631,202610,0,0.12387171735758813
1639,202610,0,0.052402504266498985
1648,202610,0,0.04483345708241197
1653,202610,0,0.05301854148637328
1659,202610,0,0.12627694324489064
1669,202610,0,0.1370097198476274
1673,202610,0,0.12649035490306557
1677,202610,1,0.132564665478754
1678,202610,0,0.12311115939096824
1680,202610,1,0.11886402347914318
1682,202610,0,0.23882719718682366
1683,202610,0,0.1340971973300848
1692,202610,0,0.12808649722778828
1693,202610,0,0.17209061537003886
1694,202610,1,0.16399317205895478
1695,202610,0,0.1338547121443454
1696,202610,1,0.14160309164740642
1698,202610,0,0.15360841648005613
1706,202610,0,0.2372103016798966
1707,202610,0,0.1248800932753797
1709,202610,0,0.1220901643493074
1710,202610,0,0.14214469743055513
1719,202610,0,0.11175151913235193
1720,202610,0,0.05707524173975882
1723,202610,0,0.14260205378929072
1724,202610,1,0.14360274122841868
1726,202610,0,0.1272903414619491
1727,202610,1,0.15987488634493205
1730,202610,0,0.12256613351426889
1732,202610,0,0.11807595913747848
1733,202610,0,0.12316099230366115
1736,202610,0,0.1001350519835981
1743,202610,0,0.13378150156885482
1751,202610,0,0.12613961618240535
1752,202610,0,0.13040243173351715
1754,202610,0,0.14901098593215495
1756,202610,0,0.06297037021234328
1760,202610,0,0.11663252484833825
1764,202610,0,0.16045922106507007
1765,202610,0,0.06871797166105229
1776,202610,0,0.11493155237559911
1778,202610,0,0.048731983132092614
1779,202610,0,0.1374383118460155
1781,202610,0,0.05740369016269786
1783,202610,1,0.08840746790452458
1795,202610,0,0.15766964506373016
1798,202610,1,0.14655598792993196
1805,202610,1,0.13059405804491428
1808,202610,0,0.04225175854472004
1809,202610,0,0.14493781651820883
1814,202610,0,0.12252956429573351
1819,202610,0,0.1279277869493281
1821,202610,0,0.11898953060210314
1822,202610,0,0.11274868853697018
1824,202610,0,0.14930734978536314
1827,202610,0,0.12510125308320857
1832,202610,1,0.13412318680505889
1834,202610,0,0.13638542200667708
1844,202610,0,0.17166881260103162
1851,202610,0,0.1716939971940387
1867,202610,0,0.1394387544854244
1869,202610,0,0.11374166346057597
1875,202610,0,0.23401085972554564
1882,202610,0,0.13455188231675946
1897,202610,0,0.12068327688368059
1910,202610,0,0.11640672658714864
1917,202610,0,0.14119303969630126
1918,202610,0,0.11647731706085714
1919,202610,1,0.12294909445531328
1923,202610,1,0.1217006365193458
1935,202610,0,0.11285715535531043
1936,202610,0,0.15668974633164925
1937,202610,0,0.04866321908708462
1944,202610,0,0.12440551384803278
1949,202610,0,0.14220972666567122
1950,202610,0,0.06773856856463961
1952,202610,0,0.046742778879453065
1955,202610,0,0.13665586334971394
1956,202610,0,0.1426328636324137
1964,202610,1,0.11186795811743878
1965,202610,1,0.1287908184364313
1969,202610,0,0.04250455328267443
1970,202610,0,0.11941833145567109
1971,202610,0,0.12100060548605404
1972,202610,1,0.13375126685538152
1977,202610,0,0.1367874261228731
1982,202610,0,0.11834551937441046
1995,202610,0,0.12121818855566516
1996,202610,0,0.1207773227524669
1997,202610,1,0.15871697626488948
2002,202610,0,0.12871154503956778
2004,202610,0,0.1244450809762677
2011,202610,0,0.14290267070537263
2013,202610,0,0.13700754330687753
2014,202610,0,0.13355206286068652
2018,202610,0,0.13182048562494977
2026,202610,0,0.12426996161191459
2040,202610,0,0.12628846111675554
2043,202610,0,0.12881757269285798
2052,202610,1,0.1509761792746693
2060,202610,0,0.13574956669806937
2069,202610,0,0.11403313123409745
2073,202610,0,0.07959026992527576
2075,202610,0,0.22400473521878034
2076,202610,0,0.03348997311290812
2082,202610,0,0.10218029767070498
2083,202610,1,0.12987870663795476
2089,202610,0,0.05205453878848183
2091,202610,0,0.14853049874095073
2100,202610,1,0.1430362630837635
2103,202610,0,0.07141294941243995
2109,202610,0,0.05558351116286816
2111,202610,1,0.11621122401134858
2112,202610,0,0.132153793732598
2113,202610,0,0.15917977000463204
2119,202610,0,0.05329952606174844
2121,202610,0,0.1347678236570474
2125,202610,0,0.12642289208261007
2127,202610,0,0.2273902965040479
2128,202610,0,0.12688170333625381
2132,202610,0,0.15765940065700235
2138,202610,0,0.16190915150866006
2139,202610,1,0.13323517787374026
2142,202610,0,0.12817327164507566
2146,202610,0,0.1336900683801939
2148,202610,0,0.046202166397645
2149,202610,0,0.14839765733308502
2156,202610,0,0.04731698902490997
2157,202610,0,0.142681520169341
2159,202610,0,0.12213398638822934
2160,202610,0,0.12018162396740145
2164,202610,1,0.15617812478059687
2169,202610,0,0.15030236336953098
2170,202610,0,0.05563407964508038
2180,202610,0,0.14497002511368592
2186,202610,0,0.06679220246857834
2188,202610,0,0.0480234125348578
2190,202610,0,0.11765860478702976
2197,202610,0,0.150314487191306
2203,202610,0,0.09461347180113766
2204,202610,0,0.14273756498717638
2205,202610,0,0.15134340606121408
2207,202610,0,0.13680421547314858
2209,202610,0,0.06952063411766804
2211,202610,0,0.10190198382667688
2214,202610,1,0.12348130269132342
2219,202610,0,0.14801356110418798
2220,202610,0,0.046995071561418904
2226,202610,0,0.1501265136407591
2229,202610,0,0.1203297792922223
2234,202610,0,0.138833359435258
2237,202610,0,0.16345812037378482
2240,202610,0,0.10831218747777561
2249,202610,0,0.051035875242156845
2252,202610,0,0.1428632070466525
2264,202610,0,0.16041681697123789
2269,202610,0,0.15381911436131115
2272,202610,0,0.057213985644502204
2278,202610,1,0.12008875542109766
2283,202610,0,0.10950941441208885
2284,202610,0,0.13386945913178794
2287,202610,0,0.16638099498731948
2288,202610,1,0.2427676996987686
2290,202610,0,0.10529122158924228
2294,202610,0,0.13823938611915246
2298,202610,0,0.061063648749060395
2328,202610,0,0.12940524375729773
2329,202610,0,0.15377840401025047
2330,202610,0,0.14815804814687866
2336,202610,0,0.11748760973246476
2338,202610,0,0.1402442519474466
2341,202610,0,0.19277332263936212
2353,202610,0,0.156915521885032
2356,202610,0,0.06091416237458422
2358,202610,1,0.13177065353910108
2366,202610,0,0.12929784033985633
2382,202610,1,0.11287568861119354
2392,202610,1,0.15504986668730686
2399,202610,1,0.13426679813920675
2401,202610,0,0.12679497704570064
2404,202610,0,0.051497726928398296
2408,202610,0,0.12111761098844503
2409,202610,0,0.12298125678899811
2410,202610,0,0.1183285927002894
2415,202610,0,0.14261354889336778
2421,202610,0,0.21176234406254685
2425,202610,0,0.1368677350676916
2427,202610,0,0.16016638419792342
2429,202610,0,0.1305573413360246
2432,202610,0,0.13049893701337398
2435,202610,0,0.11127611682116804
2436,202610,0,0.13129744798561327
2441,202610,0,0.1532055846956875
2447,202610,0,0.11742204780117686
2449,202610,0,0.059702027595299585
2450,202610,1,0.10687806633005852
2454,202610,0,0.056244457607239444
2460,202610,0,0.07091099690455711
2466,202610,0,0.135947204549204
2472,202610,0,0.14801911746159918
2479,202610,0,0.10333783523791734
2483,202610,0,0.15089442595583694
2484,202610,0,0.1493176992768831
2492,202610,0,0.16175656438397867
2493,202610,0,0.055578806238698035
2495,202610,0,0.13622259355782992
2498,202610,0,0.16656349052941874
2501,202610,0,0.12031502939768839
2507,202610,0,0.17132008306530236
2510,202610,0,0.13551148079311007
2512,202610,0,0.03647482760775388
2513,202610,0,0.14198352713049986
2516,202610,0,0.06118399652714792
2517,202610,0,0.12361419608591252
2534,202610,0,0.13468904848810384
2538,202610,0,0.04930582311375416
2544,202610,0,0.13215140034867656
2561,202610,0,0.118289882669769
2563,202610,0,0.11952041478485645
2567,202610,0,0.12076769225530297
2569,202610,0,0.10523172826653093
2571,202610,0,0.1265225423084557
2576,202610,0,0.13007532318444304
2588,202610,0,0.13840445325251485
2592,202610,0,0.043345181643776744
2593,202610,0,0.14197202625727467
2602,202610,1,0.10524315359227554
2604,202610,0,0.12520731319144743
2613,202610,0,0.11379666216721704
2617,202610,0,0.1307479978021814
2618,202610,1,0.11592563889197705
2620,202610,0,0.1190106960774705
2626,202610,0,0.05858079650240386
2628,202610,0,0.2221709519742182
2629,202610,0,0.05257863902736902
2634,202610,0,0.04705272273005278
2636,202610,0,0.1161675886975457
2637,202610,0,0.1350616908720012
2649,202610,0,0.13616254823959328
2653,202610,0,0.1801511310104028
2661,202610,0,0.11885870477097808
2662,202610,0,0.10027481368253065
2668,202610,0,0.09510058198293192
2673,202610,0,0.10836766729150009
2682,202610,0,0.13392340367387173
2684,202610,0,0.1302904959183446
2685,202610,1,0.10756560880674505
2686,202610,0,0.10387525525666468
2706,202610,0,0.1285682523195246
2709,202610,0,0.1194354479315856
2710,202610,0,0.12602286512031535
2712,202610,0,0.09552627137072867
2717,202610,0,0.11091939254229014
2718,202610,0,0.14461268498694177
2720,202610,0,0.11034314266273752
2726,202610,0,0.15549894910678208
2732,202610,0,0.14417573009064028
2735,202610,0,0.14237907685679274
2736,202610,0,0.1193615070825822
2754,202610,0,0.12671642594652446
2755,202610,0,0.05506063884691679
2758,202610,0,0.12381684459381169
2759,202610,0,0.06149396168904172
2761,202610,1,0.149663049741396
2768,202610,0,0.14711842981862408
2769,202610,0,0.1449647699290804
2770,202610,0,0.130837203559043
2776,202610,0,0.04759659440522773
2779,202610,0,0.21456639742830377
2782,202610,0,0.11355287932724163
2783,202610,1,0.12248840824968926
2790,202610,0,0.05028311393188377
2794,202610,0,0.11885282390289897
2796,202610,0,0.05924950574436001
2801,202610,0,0.12298553590432425
2807,202610,0,0.1260019138967704
2810,202610,0,0.09707212099226382
2811,202610,0,0.058117056755560934
2813,202610,0,0.1407991563148098
2820,202610,0,0.1385776841724666
2822,202610,0,0.137752518259683
2830,202610,0,0.13653103317251225
2831,202610,0,0.1406066791559898
2835,202610,0,0.14309683027167433
2837,202610,0,0.15671110406577118
2852,202610,0,0.13521596605305258
2861,202610,0,0.1174175475244167
2864,202610,0,0.057493603682830144
2868,202610,0,0.14060561330202143
2869,202610,0,0.05305353700126666
2870,202610,0,0.3090775704084896
2879,202610,1,0.15241542394427268
2883,202610,0,0.05743748702537096
2888,202610,0,0.04533699679665544
2890,202610,0,0.04726815945824875
2891,202610,0,0.3273236499530978
2892,202610,0,0.04732870377239902
2895,202610,0,0.16592233701106454
2904,202610,1,0.051651022021815575
2908,202610,0,0.145747448583296
2909,202610,1,0.12067245365898858
2911,202610,0,0.03944719402992245
2918,202610,0,0.10817540422099307
2920,202610,1,0.14973483191507184
2923,202610,0,0.11549772586847132
2931,202610,0,0.15940331092519736
2936,202610,0,0.13926243026265123
2938,202610,0,0.22515319720776814
2940,202610,0,0.15378245642327262
2942,202610,0,0.12944821028819406
2943,202610,0,0.04452201312023405
2945,202610,0,0.13700531473627836
2949,202610,0,0.05355835448359628
2954,202610,1,0.12480274035372083
2959,202610,0,0.12909203317661735
2966,202610,0,0.15493660283980562
2969,202610,0,0.14050000971712873
2970,202610,0,0.12427186441618128
2975,202610,0,0.12096380773020635
2976,202610,0,0.12484028916798158
2987,202610,0,0.1107934196868889
2993,202610,0,0.05277508157155723
2995,202610,0,0.057423354504849276
2998,202610,0,0.05148627134377953
3002,202610,0,0.12925587105944966
3004,202610,0,0.12141739341595452
3008,202610,0,0.14852798510600732
3010,202610,0,0.1330034707812742
3019,202610,0,0.050614542001463037
3020,202610,0,0.13680399375690316
3027,202610,0,0.05485275792337733
3030,202610,0,0.16900027872590745
3031,202610,0,0.13793312062616847
3037,202610,0,0.13460774076099363
3038,202610,0,0.10990963504403968
3039,202610,0,0.06724063276562606
3043,202610,0,0.12170375949699216
3048,202610,0,0.05474293206804053
3049,202610,0,0.12633926177240432
3050,202610,0,0.12266876462640014
3051,202610,1,0.11348175506194398
3053,202610,0,0.04686939907183123
3054,202610,0,0.06341822963610944
3056,202610,0,0.11242916443889367
3064,202610,1,0.05992320020388149
3067,202610,1,0.11956488552604311
3069,202610,0,0.20385331183821565
3071,202610,0,0.15108609482388666
3072,202610,0,0.1276964389398341
3075,202610,0,0.1398128092484477
3078,202610,0,0.11773418973585408
3080,202610,0,0.11032881015377576
3085,202610,1,0.12922396853843796
3089,202610,0,0.20998194687773977
3104,202610,0,0.12428021130454554
3106,202610,1,0.13640123378042768
3109,202610,0,0.162021584222345
3125,202610,0,0.1040965770582479
3126,202610,0,0.08574342242958145
3134,202610,0,0.12917750605915498
3137,202610,0,0.057939069845546136
3139,202610,0,0.10603824721153185
3142,202610,0,0.14971287429184035
3147,202610,0,0.053063824159639617
3160,202610,0,0.10807197148973767
3168,202610,0,0.11504568719486005
3169,202610,0,0.1481050680020371
3172,202610,0,0.10328677358692463
3174,202610,0,0.12671635789000663
3176,202610,0,0.049788459766489906
3178,202610,0,0.16468983051225122
3179,202610,0,0.05479188442952255
3181,202610,0,0.11919056651453937
3190,202610,0,0.12120409125074857
3192,202610,0,0.1591899992051114
3196,202610,0,0.1421310895913776
3197,202610,0,0.16308028194114463
3206,202610,0,0.13689779951658534
3208,202610,0,0.05813681595095641
3210,202610,0,0.10326320636689378
3214,202610,0,0.2029011836326653
3216,202610,1,0.24845202219475887
3217,202610,0,0.13509631606853537
3220,202610,0,0.07860985476011184
3221,202610,1,0.09532692599523304
3223,202610,0,0.1785843644566357
3228,202610,0,0.05421758591547114
3232,202610,0,0.11779103713467229
3246,202610,0,0.10122139215542061
3247,202610,0,0.12463220590386492
3253,202610,0,0.05309371023085433
3256,202610,0,0.05903555633705429
3257,202610,0,0.12156514447344831
3262,202610,0,0.11015374021820436
3263,202610,1,0.22648848061436666
3265,202610,0,0.13444454674988607
3269,202610,0,0.05308668230800979
3276,202610,0,0.0660332466848453
3279,202610,0,0.25019788846334806
3282,202610,0,0.10267803870335555
3284,202610,0,0.06119810668238417
3285,202610,0,0.13530459797997507
3294,202610,1,0.1509565045750119
3295,202610,0,0.1355946000362728
3297,202610,0,0.08290463003475296
3298,202610,0,0.12387288103440944
3302,202610,1,0.12698405867805376
3303,202610,0,0.12739240829643986
3309,202610,0,0.13452007485134773
3311,202610,0,0.05554043757308996
3312,202610,0,0.13713434188817997
3313,202610,0,0.1495574478308653
3321,202610,0,0.11224059364338738
3322,202610,0,0.11814397288715152
3325,202610,0,0.12671662764351652
3326,202610,1,0.05288146860357403
3329,202610,0,0.1991799871596091
3343,202610,1,0.13545830914632379
3345,202610,0,0.14721295692607053
3347,202610,0,0.11162885021503924
3349,202610,0,0.13152561358522927
3350,202610,0,0.07958872708161088
3354,202610,0,0.14134224907581516
3356,202610,0,0.22201500133945432
3363,202610,0,0.13523472513033688
3372,202610,0,0.09041117829404798
3376,202610,0,0.109516580755147
3380,202610,0,0.11526361834938552
3383,202610,0,0.13264314597462581
3385,202610,0,0.12284701294842704
3387,202610,0,0.13501861457038872
3395,202610,0,0.060247958958402716
3396,202610,0,0.04747576313693361
3397,202610,0,0.11513364872225766
3411,202610,0,0.07803878093185714
3413,202610,0,0.05047253634058725
3415,202610,0,0.10310245027510781
3420,202610,0,0.13870918635000623
3424,202610,1,0.14208601500430373
3428,202610,1,0.11824688345879204
3430,202610,1,0.124536716632002
3441,202610,1,0.14728079661678511
3444,202610,0,0.12932103918592155
3446,202610,0,0.14709791899153438
3447,202610,0,0.05243009357979037
3448,202610,0,0.10934129589479423
3454,202610,0,0.05169766508438806
3466,202610,0,0.13112575359725154
3471,202610,0,0.15290653078278685
3474,202610,0,0.052284533684007074
3488,202610,0,0.1525545291111553
3496,202610,0,0.06418114993024787
3498,202610,0,0.13755481032911837
3499,202610,0,0.10070000290229965
3508,202610,0,0.11939830746976045
3511,202610,0,0.06018004630163931
3514,202610,0,0.08869036409804704
3524,202610,0,0.0772006449273497
3526,202610,0,0.09855742432149614
3529,202610,0,0.06705935056391413
3552,202610,0,0.05193644216755622
3561,202610,0,0.051725186829025355
3564,202610,0,0.19436028019806703
3566,202610,0,0.05437445860218881
3567,202610,1,0.13677019381925548
3576,202610,0,0.15542351909107854
3578,202610,1,0.12488821271509054
3581,202610,0,0.04915797474844958
3582,202610,0,0.13005105798647262
3583,202610,0,0.21109857605833582
3587,202610,0,0.13183927474170035
3589,202610,0,0.14526558791355756
3590,202610,0,0.0967567378172566
3592,202610,0,0.1386643105632916
3594,202610,0,0.05788558384743389
3598,202610,0,0.1260858736798946
3602,202610,0,0.14513068676442686
3605,202610,0,0.1494053960281057
3607,202610,0,0.13664922775526497
3608,202610,0,0.16591404941418045
3610,202610,0,0.1419943023108175
3619,202610,0,0.10503814140570263
3621,202610,0,0.047796962708612035
3622,202610,0,0.10698499529251335
3623,202610,0,0.19940392373968882
3628,202610,0,0.12436128265188742
3629,202610,0,0.134135704021415
3646,202610,1,0.13416788127322546
3647,202610,0,0.04508650804991377
3653,202610,0,0.16057670450682063
3657,202610,0,0.14039720679203993
3658,202610,0,0.10153644588646318
3661,202610,0,0.053655953539822616
3665,202610,0,0.1314359414238141
3668,202610,0,0.04350060744577918
3670,202610,0,0.09102149825408486
3672,202610,0,0.04721809493167116
3675,202610,0,0.11040545197853449
3680,202610,0,0.05314932023336251
3683,202610,1,0.21394802419156375
3685,202610,1,0.16370470318723282
3697,202610,0,0.06672185638538651
3698,202610,0,0.047403381034674404
3699,202610,0,0.1434095398685475
3703,202610,0,0.04099612628426652
3711,202610,0,0.1363973894571895
3712,202610,0,0.15283854388603707
3716,202610,0,0.13496777620490757
3717,202610,0,0.13860110144328905
3721,202610,0,0.14705221544761607
3722,202610,1,0.15506504914960995
3725,202610,0,0.08117239953401789
3726,202610,0,0.13673998739913049
3732,202610,1,0.12602941844811455
3735,202610,0,0.14890853736486706
3736,202610,0,0.22126144664125286
3740,202610,0,0.11539551650546027
3743,202610,0,0.20465653226059155
3746,202610,0,0.12088216717858706
3748,202610,0,0.10615904317466227
3751,202610,0,0.0796133419014761
3753,202610,0,0.09908538949627868
3754,202610,0,0.09634405910689095
3755,202610,0,0.060404908383296325
3764,202610,0,0.10269542781510597
3768,202610,0,0.12578537450643365
3772,202610,1,0.21656252359257133
3781,202610,0,0.1253814533103911
3782,202610,0,0.14915709696846982
3787,202610,0,0.06779466738279262
3796,202610,0,0.1317168983958978
3800,202610,0,0.13187044187425054
3804,202610,0,0.05805583894473121
3820,202610,0,0.15739992329469438
3821,202610,0,0.1558526420984714
3824,202610,0,0.09731326893574758
3825,202610,0,0.13105380522612503
3826,202610,0,0.15937376979325465
3831,202610,0,0.10395000945746831
3834,202610,0,0.11230416371155756
3835,202610,0,0.13722417563946748
3836,202610,0,0.12053779109482068
3840,202610,0,0.08768771942441997
3841,202610,0,0.1533032043526466
3842,202610,0,0.12887217168806406
3847,202610,0,0.10336032971309582
3848,202610,0,0.17451006649516457
3854,202610,1,0.0510386122132515
3863,202610,0,0.14822742358335877
3869,202610,0,0.1188302443221908
3875,202610,0,0.12312306044869614
3876,202610,0,0.14177438852066512
3877,202610,0,0.22825174068142576
3878,202610,0,0.1532042656765964
3879,202610,0,0.14632272597474347
3881,202610,0,0.16313278463710182
3882,202610,0,0.053481857192112424
3887,202610,0,0.11908246420565406
3890,202610,0,0.11187870519931188
3894,202610,1,0.21977132485663345
3897,202610,0,0.13247787797741406
3904,202610,0,0.05438726997986837
3905,202610,0,0.2568899079590909
3908,202610,0,0.15144087504159964
3915,202610,1,0.048372856064389055
3917,202610,0,0.16798424494389186
3927,202610,0,0.15208590139185424
3928,202610,1,0.1526602408607156
3931,202610,0,0.1613186983974602
3934,202610,1,0.10011848790502459
3937,202610,1,0.1454974209890587
3938,202610,0,0.15521469375812766
3944,202610,0,0.15602385516413708
3947,202610,0,0.1087926039214087
3950,202610,0,0.13851033719183642
3971,202610,0,0.10959339492191365
3982,202610,0,0.06639081335630806
3988,202610,0,0.21656942372602955
3991,202610,0,0.051336481357860314
3992,202610,0,0.10998730159270034
3997,202610,0,0.11149998084693408
4005,202610,0,0.0513323057910238
4006,202610,1,0.08830871868056572
4008,202610,0,0.1203667465272228
4016,202610,0,0.0556614633565592
4018,202610,0,0.11964952831941239
4020,202610,0,0.14293093305505167
4027,202610,0,0.06272682445501224
4035,202610,1,0.13356463698213905
4038,202610,0,0.11917000846044266
4041,202610,1,0.12570612293051536
4044,202610,0,0.1400310781718278
4045,202610,0,0.11248987119687626
4048,202610,0,0.12371318937659101
4051,202610,0,0.1177466180202343
4054,202610,0,0.134153359236165
4055,202610,0,0.11776098508722846
4061,202610,1,0.229808850433815
4065,202610,0,0.11859664875294915
4066,202610,0,0.12810566427191067
4067,202610,0,0.10753960490936691
4073,202610,0,0.09751949292403933
4079,202610,0,0.05069171168309806
4084,202610,0,0.08822068436205939
4087,202610,0,0.15934531105994257
4089,202610,0,0.04549339358489248
4091,202610,0,0.23210418259498497
4092,202610,0,0.10799797803801078
4102,202610,0,0.24092898504833454
4108,202610,0,0.15292238633997862
4113,202610,0,0.164318493834331
4116,202610,0,0.15373501234356968
4117,202610,0,0.03781113141049037
4122,202610,0,0.05071021599226929
4124,202610,0,0.13459285818065186
4125,202610,0,0.11881779481234961
4128,202610,0,0.1442284201441803
4129,202610,0,0.14365868194358156
4130,202610,0,0.11955784559863654
4134,202610,0,0.1305408027806506
4141,202610,0,0.14291294611115893
4142,202610,0,0.12134162811905787
4144,202610,0,0.12909134431588462
4147,202610,0,0.21441230366847538
4150,202610,0,0.04439661067394707
4151,202610,1,0.11971609637413662
4158,202610,0,0.16058774096878933
4162,202610,0,0.13906469289375267
4163,202610,0,0.11639979589638064
4166,202610,0,0.055994296129763074
4167,202610,0,0.11747599427240935
4168,202610,0,0.1217619182642101
4175,202610,0,0.057632728827825476
4176,202610,1,0.12339775283360438
4179,202610,0,0.06596250142592759
4180,202610,0,0.14906846995802298
4183,202610,1,0.1385550245763834
4189,202610,0,0.1345035741140592
4192,202610,0,0.13289702255873906
4195,202610,0,0.13310020594271682
4197,202610,0,0.14658230757801977
4198,202610,0,0.12152239591542394
4202,202610,0,0.1100193192056596
4208,202610,0,0.12817538789214203
4222,202610,0,0.13626245818148927
4225,202610,0,0.05852878136140434
4227,202610,0,0.13029424223929503
4229,202610,0,0.11827951094503972
4230,202610,0,0.1341298106725143
4234,202610,0,0.13657757221676847
4236,202610,0,0.1396156010371635
4244,202610,0,0.23152137597414657
4247,202610,0,0.13160127922744588
4249,202610,0,0.125811757625905
4258,202610,0,0.13314437614373617
4266,202610,0,0.15735095053514359
4277,202610,1,0.24252253417925299
4281,202610,1,0.12626292862283683
4283,202610,0,0.09263022287869116
4286,202610,0,0.10249421592210578
4287,202610,0,0.1192811066616047
4289,202610,0,0.10177613545231397
4291,202610,0,0.16217354698752484
4292,202610,0,0.1425868220129194
4295,202610,0,0.13464160827765206
4296,202610,0,0.05527397149983979
4297,202610,1,0.14287300781125645
4309,202610,0,0.05093511269509592
4323,202610,0,0.1627073368108126
4324,202610,0,0.13676594801893693
4327,202610,0,0.1091637983053952
4328,202610,0,0.12210782751624616
4330,202610,0,0.0560387897052007
4334,202610,0,0.0707653220408809
4338,202610,0,0.05312133771765782
4341,202610,0,0.13254709210970983
4343,202610,0,0.19794676302838884
4349,202610,0,0.04857941410249184
4366,202610,0,0.10134830586080114
4367,202610,0,0.05145103179926465
4373,202610,0,0.09887235663760892
4374,202610,0,0.18430396069261146
4377,202610,0,0.12584808326327027
4384,202610,0,0.14386518204871962
4390,202610,0,0.1275342267869217
4395,202610,1,0.15724000176307637
4403,202610,0,0.12906073503707657
4409,202610,0,0.08580249192918375
4410,202610,0,0.14251553473104378
4419,202610,0,0.15707350684207777
4427,202610,0,0.09884825188914119
4428,202610,0,0.1422252350419156
4429,202610,0,0.13793548563571803
4430,202610,0,0.03243537853967172
4431,202610,0,0.11421135657807958
4433,202610,0,0.05136659908773791
4434,202610,0,0.13911824454507038
4441,202610,1,0.1481081540581319
4442,202610,0,0.0489016846854636
4444,202610,0,0.10673059301554431
4447,202610,1,0.1432338169044938
4449,202610,1,0.15910217084211836
4453,202610,0,0.15650404595030648
4456,202610,0,0.07634924969295016
4457,202610,0,0.11859619982246963
4459,202610,0,0.12163846940332569
4463,202610,0,0.14643265185821838
4465,202610,0,0.15184095448192222
4466,202610,0,0.06099417026462832
4469,202610,0,0.08337213513648188
4471,202610,1,0.11595616907994338
4485,202610,0,0.21604606940320945
4486,202610,0,0.12165628667851609
4488,202610,0,0.12736892870242053
4490,202610,0,0.11201980792055805
4492,202610,0,0.13999386604898903
4496,202610,1,0.1329317235888163
4498,202610,0,0.11777930173839309
4500,202610,0,0.06345347472744599
4502,202610,0,0.13434531285743306
4507,202610,0,0.13065826025719968
4509,202610,1,0.14971637162456455
4511,202610,0,0.14203179625129458
4512,202610,0,0.10749639014137609
4516,202610,0,0.12340426518218961
4520,202610,0,0.10960210205774247
4524,202610,0,0.13923808367249135
4536,202610,0,0.10642282292112046
4538,202610,0,0.05512426443527143
4549,202610,0,0.05833777857089298
4550,202610,0,0.053053259217436984
4554,202610,0,0.12634445887491405
4561,202610,0,0.13735786314833698
4564,202610,0,0.11756714034381902
4565,202610,1,0.14182798832784457
4566,202610,0,0.1244123836256222
4568,202610,0,0.15014141452313123
4576,202610,1,0.06089579645275546
4579,202610,0,0.13256520104488026
4580,202610,0,0.14453125428992633
4586,202610,0,0.0536855542345322
4594,202610,0,0.12930368834932165
4598,202610,0,0.10832608682515033
4601,202610,1,0.12201853294537127
4602,202610,0,0.12754548016399855
4609,202610,0,0.1548189853426355
4610,202610,0,0.11367047447682874
4611,202610,0,0.10144802353076515
4619,202610,0,0.15933675768111794
4624,202610,0,0.14039914336015025
4627,202610,0,0.11247785437619524
4628,202610,0,0.11480939706104724
4631,202610,0,0.09987096613262571
4632,202610,0,0.12328116036344129
4634,202610,0,0.12534091708039544
4635,202610,0,0.05915147052830343
4637,202610,0,0.14083240010279152
4641,202610,0,0.13025263495579464
4643,202610,0,0.0661509018307504
4651,202610,1,0.27653929042464465
4654,202610,1,0.06894444088624885
4660,202610,0,0.0563869852065082
4665,202610,0,0.13368547837018877
4667,202610,0,0.059079681322503734
4668,202610,0,0.12914543365576822
4670,202610,0,0.13229262662033
4674,202610,0,0.04709082693762132
4676,202610,0,0.12381936013660536
4683,202610,0,0.146102322321583
4684,202610,0,0.049888906557980804
4687,202610,0,0.12387819796610491
4694,202610,0,0.13258038330949398
4698,202610,1,0.05657181938043368
4701,202610,1,0.21529156409675976
4704,202610,0,0.14102408920994108
4706,202610,0,0.12498951439151486
4732,202610,0,0.14125432568424148
4734,202610,0,0.1475996172843512
4735,202610,0,0.10786181403127877
4744,202610,0,0.05023507561869631
4755,202610,0,0.10380827378886995
4756,202610,0,0.12400863844447511
4759,202610,0,0.05280481688738586
4762,202610,0,0.04416305404764568
4763,202610,0,0.1132936763968233
4765,202610,0,0.14621752624453044
4767,202610,0,0.13023446206755215
4770,202610,0,0.12179752028574665
4775,202610,0,0.12742185652395147
4780,202610,0,0.1618132480500911
4788,202610,0,0.1549926109766484
4789,202610,0,0.12768937642815606
4792,202610,0,0.04546711134939944
4794,202610,0,0.1522328208861149
4795,202610,0,0.11538271185494067
4797,202610,0,0.14191425665082733
4803,202610,0,0.05263081319828331
4805,202610,0,0.13751696806588098
4807,202610,1,0.12552533441466499
4810,202610,0,0.15077479915831954
4812,202610,0,0.16049250238388663
4814,202610,0,0.12418380279666513
4818,202610,0,0.1302059793749158
4820,202610,0,0.06114014923330962
4822,202610,0,0.12691022374658803
4827,202610,0,0.10158795773162972
4828,202610,0,0.05666665345380125
4831,202610,0,0.054964708645715246
4833,202610,1,0.20341983063374966
4839,202610,0,0.129880135811269
4841,202610,0,0.11742548875212339
4842,202610,0,0.06775012731733644
4844,202610,0,0.12017108874121916
4852,202610,0,0.047313514173631395
4861,202610,0,0.062134107144706
4863,202610,0,0.23549328692860197
4868,202610,0,0.12456822313229461
4878,202610,0,0.11868209737735153
4881,202610,0,0.12619141295301514
4883,202610,0,0.1492728821537515
4884,202610,0,0.1338070762838183
4886,202610,1,0.11607159026115738
4890,202610,0,0.13167212553849367
4891,202610,1,0.13008910741693183
4894,202610,0,0.03735572107769503
4895,202610,0,0.14257191183924378
4898,202610,0,0.12407311358610458
4899,202610,0,0.04271319649653418
4900,202610,0,0.12454598855462937
4901,202610,0,0.07130459606574177
4902,202610,0,0.038278384950797
4912,202610,0,0.12074653968109181
4918,202610,0,0.10583784371382228
4919,202610,0,0.11411495286544063
4922,202610,1,0.13966509449148268
4934,202610,0,0.054890264861313987
4937,202610,0,0.11786968125557713
4939,202610,0,0.05156411519782281
4941,202610,0,0.14191341547030836
4945,202610,0,0.05609517169937718
4950,202610,0,0.04766779327883088
4952,202610,0,0.1027862664554876
4953,202610,0,0.13350898911937414
4954,202610,0,0.12772044011880576
4955,202610,0,0.12481347886441099
4956,202610,0,0.15167927012181617
4957,202610,0,0.14986034501531587
4966,202610,1,0.09307771316444036
4967,202610,0,0.04978540070692544
4970,202610,0,0.15345587641547945
4971,202610,0,0.11949066852426811
4979,202610,0,0.12120325806136725
4983,202610,0,0.12377247389319637
4989,202610,0,0.11217375730824962
4995,202610,0,0.13099959256445057
5002,202610,0,0.0947778735204753
5004,202610,0,0.16684414264292963
5006,202610,1,0.20863168472654195
5007,202610,0,0.12412788718881314
5009,202610,0,0.0494297272436013
5010,202610,0,0.11609243450835131
5016,202610,0,0.13505298385473338
5026,202610,1,0.23217349740310014
5033,202610,0,0.049075569785835896
5038,202610,0,0.0486826850342823
5041,202610,0,0.1378898584888897
5045,202610,0,0.09648453588985359
5049,202610,0,0.04718474592425593
5050,202610,0,0.14449412340535997
5051,202610,0,0.056135322251216355
5055,202610,0,0.1265186738851232
5058,202610,0,0.059984976914512114
5059,202610,0,0.047482851470309076
5065,202610,1,0.13237145949009746
5072,202610,0,0.12018222331140375
5073,202610,0,0.13082766338036808
5074,202610,0,0.22511280396555106
5076,202610,0,0.1354997004310528
5078,202610,0,0.058289835305652245
5081,202610,0,0.11399352911848669
5082,202610,0,0.13414824587216972
5084,202610,0,0.03680673993725875
5092,202610,0,0.11965300860058041
5094,202610,1,0.13740522482932357
5105,202610,0,0.12465838279921228
5107,202610,0,0.1265195153658479
5111,202610,0,0.07870636650941483
5120,202610,0,0.0625860109870927
5121,202610,0,0.106934010522996
5123,202610,0,0.1227377202182913
5126,202610,1,0.2007094056567286
5141,202610,0,0.12362506392343355
5144,202610,0,0.1472927870051054
5147,202610,0,0.15252969426389706
5149,202610,0,0.04611247497046047
5152,202610,0,0.05612863454613624
5153,202610,1,0.13012171204223136
5160,202610,0,0.14051007023599224
5163,202610,1,0.1291824686077224
5170,202610,0,0.12560824628667772
5171,202610,0,0.15379287810109804
5176,202610,0,0.16025080595059968
5178,202610,0,0.16128185580362125
5189,202610,0,0.16284430182280146
5192,202610,0,0.04693265525367249
5195,202610,0,0.06544391670469703
5204,202610,0,0.1337099664890987
5208,202610,0,0.12813594122078595
5211,202610,0,0.09560343749697775
5216,202610,0,0.05466906877376724
5217,202610,0,0.12043361441811345
5222,202610,0,0.22820605538281166
5225,202610,0,0.14152324050975507
5228,202610,0,0.11957075610645275
5239,202610,0,0.03290897242090006
5241,202610,0,0.06917258123411493
5242,202610,0,0.1798742205218146
5243,202610,0,0.13436842804182206
5246,202610,0,0.13848232932831658
5247,202610,0,0.16545519624053992
5248,202610,0,0.13185128378373784
5249,202610,0,0.056959110687880184
5251,202610,0,0.1641183748026893
5255,202610,0,0.14403029337092502
5257,202610,0,0.16436760103987783
5259,202610,0,0.07547312790617246
5260,202610,0,0.15346155499671066
5269,202610,0,0.12820695734474302
5273,202610,0,0.046684736980676
5281,202610,0,0.14379214586772784
5284,202610,0,0.1702825100062258
5286,202610,0,0.06026469311513981
5292,202610,0,0.06107673549142287
5293,202610,0,0.11648801555378642
5295,202610,1,0.11613040262216077
5299,202610,0,0.11879298604796047
5301,202610,0,0.11514892789240884
5303,202610,0,0.08830556103611777
5305,202610,0,0.13152553339808976
5315,202610,0,0.12065480424862657
5316,202610,1,0.1454506026183271
5319,202610,0,0.09780446678618748
5325,202610,0,0.06178178107779509
5328,202610,1,0.14332829867911434
5331,202610,0,0.1168261406545169
5333,202610,0,0.08670267897158064
5335,202610,0,0.1301281475866417
5337,202610,1,0.1680466285901312
5339,202610,0,0.0809330229614068
5340,202610,0,0.11156961607587747
5341,202610,0,0.11289463644158867
5343,202610,0,0.08819147363778268
5347,202610,0,0.15828151450856437
5353,202610,0,0.12467918373267244
5355,202610,0,0.12156075436761073
5359,202610,0,0.13980199041149044
5363,202610,0,0.12463502040085832
5365,202610,0,0.13461896169883825
5373,202610,0,0.1022034322842736
5377,202610,0,0.13808005046986277
5379,202610,0,0.05612381268057529
5385,202610,0,0.13406161942252104
5386,202610,0,0.04454714792860319
5387,202610,0,0.13469444497974323
5389,202610,0,0.047374384627036956
5390,202610,0,0.05862478298052155
5391,202610,1,0.10267093364742873
5396,202610,0,0.0631227997223246
5397,202610,0,0.052975025202680694
5404,202610,0,0.12222360099195988
5407,202610,0,0.13540161436681045
5410,202610,0,0.04867804481162724
5411,202610,0,0.055838027077824696
5412,202610,0,0.10116333890734887
5413,202610,0,0.048053741005493526
5417,202610,0,0.15575123103751645
5418,202610,0,0.15617758758310715
5424,202610,0,0.11381802117772398
5425,202610,0,0.20130573670975913
5427,202610,0,0.15310951841362402
5428,202610,0,0.12308707233514689
5429,202610,0,0.17031029163740283
5433,202610,0,0.12815357251832196
5434,202610,0,0.053942499317648836
5440,202610,0,0.14585344995224345
5441,202610,0,0.1460689771244692
5447,202610,1,0.09738936730227164
5448,202610,0,0.14534003302883666
5456,202610,0,0.13797269124244577
5460,202610,0,0.03686293968164214
5464,202610,1,0.15074644465370185
5465,202610,0,0.15864558015087699
5468,202610,0,0.04884757488612713
5470,202610,0,0.13087900425062526
5475,202610,0,0.11866204915689406
5487,202610,0,0.15076902580981616
5494,202610,1,0.11094593786952626
5501,202610,0,0.06500273905851678
5504,202610,0,0.11427539605481438
5508,202610,0,0.14175589414298917
5510,202610,0,0.10139655511034777
5514,202610,0,0.056624792073633676
5517,202610,1,0.14400082964901662
5526,202610,1,0.14883715279711465
5528,202610,0,0.1432252193038939
5540,202610,0,0.11876796927270189
5543,202610,0,0.1250366009123389
5544,202610,1,0.050922928010071214
5545,202610,0,0.13466998425363394
5546,202610,0,0.09570367678072052
5548,202610,0,0.05939262899749269
5551,202610,0,0.2609035800755148
5553,202610,0,0.12270831080304072
5556,202610,0,0.1407936223950944
5560,202610,0,0.1325688275951956
5563,202610,0,0.13092029869237104
5565,202610,1,0.2066119477506033
5569,202610,0,0.0526273234928843
5572,202610,0,0.05445139125969736
5576,202610,0,0.04693121783963728
5582,202610,0,0.12310839137292304
5586,202610,0,0.052013036021757886
5598,202610,0,0.052218070311588795
5605,202610,0,0.13273000730795867
5608,202610,0,0.13636016205678334
5609,202610,0,0.16033811513018623
5610,202610,0,0.12142925336628158
5612,202610,1,0.11248275501639346
5620,202610,1,0.13809576976221782
5622,202610,0,0.07785022855710017
5628,202610,0,0.12487813319241238
5632,202610,0,0.12126164223896084
5635,202610,0,0.1176438258402566
5640,202610,0,0.04597298244757372
5641,202610,0,0.08280137849836525
5647,202610,0,0.04767508129777492
5648,202610,1,0.13804377578658794
5649,202610,1,0.12280981862235567
5654,202610,0,0.14338245298814703
5662,202610,0,0.1339597850445085
5663,202610,1,0.05203254823082297
5665,202610,0,0.141235585001753
5667,202610,0,0.13807507740950392
5674,202610,0,0.06403919769272433
5691,202610,0,0.13564925398046
5694,202610,0,0.12491089178170653
5695,202610,1,0.13412100224811663
5698,202610,1,0.14391811942055793
5703,202610,1,0.14315975293486582
5706,202610,0,0.12902450582238276
5708,202610,0,0.11689297421765263
5716,202610,0,0.06748103116120534
5722,202610,0,0.05964125296600284
5738,202610,0,0.13139153206558177
5745,202610,0,0.13742344723857863
5746,202610,0,0.1175713802326821
5755,202610,0,0.13845410738581437
5756,202610,0,0.04777465934046005
5760,202610,0,0.14933191463502524
5761,202610,0,0.13344244249627657
5762,202610,0,0.05565841375704175
5763,202610,0,0.05675422006616042
5765,202610,0,0.14423382074427665
5766,202610,0,0.14713127232331308
5773,202610,0,0.13537414211936313
5775,202610,0,0.14719515435852148
5781,202610,0,0.12424824839185436
5786,202610,0,0.12698413132092234
5789,202610,0,0.14301746621725642
5799,202610,0,0.12432455477404883
5802,202610,0,0.12148324695552684
5806,202610,1,0.1214320258999099
5808,202610,0,0.14099792702749608
5811,202610,0,0.12310671938657414
5812,202610,0,0.23577235924574694
5813,202610,0,0.12864564556636346
5821,202610,0,0.12957720082157442
5829,202610,0,0.17074675048098126
5836,202610,0,0.12710559356633286
5838,202610,0,0.11756519745909633
5840,202610,0,0.13918771789007642
5842,202610,0,0.14375876485308126
5844,202610,0,0.1507072858334423
5858,202610,1,0.1480793269489989
5861,202610,0,0.11647651918912032
5864,202610,0,0.13365795393427932
5865,202610,0,0.14034623803556912
5871,202610,0,0.15577915024263533
5875,202610,0,0.12669696892111187
5877,202610,0,0.045258552888809214
5879,202610,0,0.14990101476828913
5881,202610,0,0.12851726608210967
5888,202610,0,0.20397216643728233
5891,202610,0,0.05019636841078299
5895,202610,1,0.2535795683470384
5896,202610,1,0.05923387275672032
5900,202610,0,0.15061092361903064
5903,202610,0,0.03490956817587852
5909,202610,0,0.12756887924228208
5914,202610,0,0.15899227252339784
5918,202610,0,0.12722399748008043
5923,202610,1,0.11557464138831665
5933,202610,0,0.05232843083128924
5945,202610,0,0.05232349279255317
5948,202610,0,0.05871659813598709
5949,202610,0,0.047186106868719845
5950,202610,0,0.13827681089605415
5952,202610,0,0.13965810468575374
5955,202610,0,0.15271171503787914
5959,202610,0,0.13616877367156813
5961,202610,0,0.14519267275249656
5964,202610,0,0.07957347885669028
5966,202610,0,0.16200059328616676
5978,202610,0,0.10835912632797137
5980,202610,0,0.11083396898732838
5983,202610,0,0.153352715881942
5985,202610,0,0.12739059436114
5995,202610,0,0.13795525777755366
6003,202610,1,0.20772264254410314
6008,202610,1,0.1126381452889184
6009,202610,0,0.14409162120176242
6013,202610,0,0.2813512181278998
6016,202610,0,0.08574093665836617
6017,202610,1,0.12592248843388087
6021,202610,0,0.12946323862410558
6023,202610,0,0.12789667896816087
6025,202610,1,0.16244720929422524
6029,202610,0,0.1258513717811827
6033,202610,0,0.1263125856383584
6036,202610,0,0.054306358663829095
6039,202610,0,0.11471048105168767
6046,202610,0,0.20006660680984945
6047,202610,0,0.10167742589372122
6048,202610,0,0.11892268019016398
6050,202610,0,0.1732226998526346
6051,202610,0,0.11358803159714699
6054,202610,0,0.05479136958202926
6059,202610,1,0.13499531158914013
6061,202610,0,0.13926291223388357
6062,202610,0,0.06263286729080667
6065,202610,0,0.11767224406133295
6068,202610,0,0.09852287685127739
6069,202610,0,0.2115163352774526
6070,202610,0,0.1523202703521168
6072,202610,0,0.07859698169828418
6076,202610,0,0.13632729600704663
6082,202610,0,0.05480166271422036
6101,202610,1,0.11477634761315149
6104,202610,0,0.12317216188746422
6110,202610,0,0.1281555500896215
6122,202610,0,0.12426842367697992
6123,202610,0,0.13288727943507891
6124,202610,1,0.1106303403690378
6126,202610,0,0.04847378541386293
6128,202610,0,0.13580625837409474
6131,202610,0,0.056646627858718074
6138,202610,1,0.15779126467563115
6139,202610,0,0.10743992127380078
6140,202610,0,0.16057552306281206
6142,202610,0,0.23325666933487973
6143,202610,0,0.0966639906858745
6144,202610,1,0.1365270300488503
6147,202610,0,0.14654392294610463
6152,202610,0,0.16926002751247712
6164,202610,0,0.11946938300582745
6171,202610,0,0.17714521674337652
6173,202610,0,0.12945236012347605
6175,202610,0,0.1593954094715711
6176,202610,0,0.05675446500281122
6179,202610,0,0.1367568385832761
6180,202610,1,0.152483761658891
6181,202610,0,0.11171563455603455
6184,202610,0,0.05317449152670175
6191,202610,0,0.0691407911430785
6195,202610,0,0.22035849288914475
6200,202610,0,0.11347046702723469
6201,202610,0,0.1451493583505467
6206,202610,0,0.12392974065213096
6208,202610,0,0.1426574359788611
6213,202610,1,0.10648302702052646
6216,202610,1,0.11415793484147993
6219,202610,0,0.12763466349878097
6220,202610,1,0.11167317216666932
6223,202610,0,0.05814832424299426
6224,202610,0,0.13846705917541877
6237,202610,0,0.06465251652310228
6248,202610,1,0.11369884824518159
6255,202610,0,0.09547804392888126
6264,202610,0,0.16479986985173048
6265,202610,0,0.14031991816238426
6273,202610,0,0.11711238833910123
6275,202610,0,0.15000500304517475
6279,202610,0,0.11926539969019526
6284,202610,0,0.13985192728298326
6285,202610,1,0.06175582701117403
6295,202610,0,0.12297487285797228
6297,202610,0,0.06058426391056516
6300,202610,1,0.12635104216206874
6306,202610,0,0.05030573074964183
6311,202610,0,0.21124951762294816
6327,202610,0,0.10411967206989914
6330,202610,0,0.1259258690524801
6337,202610,1,0.129749147151432
6338,202610,0,0.12564207501110647
6343,202610,0,0.16496035479508264
6345,202610,0,0.20661205263888913
6349,202610,0,0.1925679535125083
6351,202610,0,0.10600560894632476
6357,202610,0,0.05723892189482182
6358,202610,1,0.125086537152252
6360,202610,0,0.12689726903500473
6389,202610,0,0.04888907585670286
6392,202610,0,0.14960426213060654
6402,202610,1,0.15458819227264636
6403,202610,1,0.11853107213085284
6404,202610,0,0.11255316127155907
6406,202610,0,0.0521414861121415
6407,202610,0,0.13362164297212886
6414,202610,0,0.05963822004744852
6419,202610,0,0.12089203335053766
6425,202610,0,0.1262182569817121
6428,202610,0,0.0528189987557762
6431,202610,0,0.11833923444296289
6435,202610,0,0.13102040372654702
6436,202610,0,0.0670885768722691
6440,202610,0,0.10293990865317826
6446,202610,0,0.12940700992447476
6458,202610,1,0.25450116394749617
6459,202610,0,0.053812559628109435
6465,202610,0,0.10729450278116402
6473,202610,0,0.12719656777933525
6476,202610,0,0.06453006052191801
6477,202610,0,0.10518347308135516
6478,202610,0,0.13282827152150958
6481,202610,1,0.06473746186801292
6488,202610,1,0.1028464797189238
6491,202610,0,0.20493701884927756
6494,202610,0,0.1288710239206479
6501,202610,0,0.13054774952129097
6502,202610,0,0.18687856602138267
6503,202610,0,0.12239009256089857
6514,202610,0,0.03702566759528503
6516,202610,0,0.11927404748197737
6534,202610,0,0.12433858325207327
6536,202610,1,0.12790373307607583
6538,202610,1,0.18268730257263177
6541,202610,0,0.053276848085966874
6551,202610,1,0.13619292555762802
6553,202610,0,0.13375949433681747
6557,202610,0,0.11566434888885825
6559,202610,0,0.13503364524930625
6560,202610,0,0.17973409842384477
6562,202610,0,0.13132337036943523
6569,202610,1,0.12309452386087827
6575,202610,0,0.1450442310873288
6583,202610,0,0.05072729495208658
6588,202610,0,0.13545403470607065
6590,202610,0,0.08564200605582685
6594,202610,0,0.11040822117889028
6599,202610,0,0.11557241882019141
6602,202610,0,0.14186676757356725
6603,202610,0,0.1338799269758789
6605,202610,1,0.14761122625276482
6606,202610,0,0.11603989153450608
6614,202610,0,0.14312443281665846
6618,202610,0,0.10649465770375337
6628,202610,0,0.12970668860349194
6629,202610,1,0.14839191001066965
6633,202610,0,0.04711006666532831
6639,202610,0,0.10529424036233437
6648,202610,0,0.15295358729729697
6654,202610,0,0.11672910363741844
6656,202610,0,0.05116735985986354
6657,202610,0,0.1876948901303448
6663,202610,0,0.05805752005521545
6664,202610,0,0.11208468673340295
6666,202610,0,0.047550603173693064
6670,202610,0,0.11509857946857902
6671,202610,0,0.11360373946458836
6682,202610,1,0.13795760411820923
6683,202610,0,0.05222114249887557
6693,202610,0,0.14466881683122326
6694,202610,0,0.13433311447969015
6695,202610,0,0.1530817504304617
6699,202610,0,0.1400944607856979
6701,202610,0,0.1181795969550804
6706,202610,0,0.05869671843906812
6707,202610,0,0.057718138441894766
6709,202610,1,0.21298160918237644
6713,202610,1,0.10674975892381103
6720,202610,0,0.1076478265264679
6721,202610,0,0.05319522642573495
6726,202610,0,0.13807671393242166
6735,202610,0,0.10828263483362985
6741,202610,1,0.10087166699623082
6745,202610,0,0.14517279439339148
6746,202610,0,0.11044802123274848
6751,202610,0,0.0593559217808463
6752,202610,1,0.15612181743537207
6759,202610,0,0.14031978611615512
6760,202610,0,0.09663338682090204
6765,202610,0,0.13870026292338464
6767,202610,0,0.11081404043298138
6768,202610,0,0.10796375737989237
6772,202610,0,0.1141486160396757
6774,202610,0,0.07346622422672941
6776,202610,0,0.14663602896449354
6779,202610,0,0.12660314022367192
6789,202610,0,0.11032737394679924
6792,202610,0,0.21436021123984328
6797,202610,0,0.04934973424760263
6801,202610,1,0.08287716598267769
6807,202610,0,0.10649382155032536
6808,202610,0,0.14566590335484791
6811,202610,0,0.14689237795020715
6813,202610,0,0.056204409125152704
6814,202610,0,0.12584470462502617
6817,202610,0,0.1347796049153462
6826,202610,0,0.12268487608497489
6828,202610,1,0.1126500162291483
6830,202610,0,0.06600380036006707
6832,202610,0,0.14802597403641857
6834,202610,0,0.12370718152913547
6838,202610,0,0.15864868585165823
6840,202610,0,0.10594157882908829
6844,202610,1,0.1742090328974489
6850,202610,0,0.11388783562272499
6851,202610,0,0.12852387510876254
6854,202610,0,0.21377807483160594
6856,202610,0,0.19404028544952603
6858,202610,0,0.10555680169421586
6864,202610,1,0.15352507976813823
6866,202610,0,0.12061470622984109
6871,202610,0,0.15507750761686315
6872,202610,0,0.12738248712178935
6877,202610,1,0.1481822064187141
6879,202610,0,0.14282066186590248
6881,202610,0,0.05538929422699622
6882,202610,0,0.14787646029110807
6883,202610,0,0.13101897377364174
6894,202610,0,0.15513050864048186
6899,202610,0,0.05649171534868944
6903,202610,0,0.1316747908748124
6904,202610,1,0.05869247049688668
6908,202610,0,0.1414210645415451
6914,202610,0,0.14175411665678003
6915,202610,0,0.1247359217352696
6917,202610,0,0.12337275000424135
6922,202610,0,0.07487211236639006
6933,202610,0,0.058957011710539124
6944,202610,0,0.12512248545547347
6948,202610,0,0.1466274066565585
6957,202610,0,0.0981432583831179
6962,202610,0,0.10949799250970907
6964,202610,0,0.11920937002188516
6965,202610,0,0.08320573086482005
6979,202610,1,0.15493219009231932
6987,202610,0,0.11100122922474814
6989,202610,0,0.02678263328710505
6991,202610,0,0.12496161602212039
6992,202610,0,0.11190014907337376
7002,202610,1,0.13851941889689823
7007,202610,1,0.16313151926214248
7010,202610,0,0.14492581189275902
7012,202610,0,0.14726652583219205
7019,202610,0,0.12443174858658511
7021,202610,0,0.049744560781558075
7023,202610,0,0.11156690670608381
7033,202610,0,0.043901199003493506
7034,202610,0,0.11285452284206175
7043,202610,0,0.11301805677891927
7047,202610,0,0.12811333895724214
7050,202610,0,0.12200685155356678
7052,202610,1,0.14267025935616914
7057,202610,0,0.10130724885238994
7068,202610,1,0.16524616652392218
7069,202610,0,0.06286454723938979
7070,202610,0,0.06474165682072608
7072,202610,0,0.15945497745317821
7078,202610,0,0.13925708031630338
7081,202610,0,0.10426328834550197
7082,202610,0,0.05615119291266083
7088,202610,0,0.12622709524032963
7093,202610,0,0.13936122612947627
7094,202610,1,0.13999380624602487
7100,202610,0,0.14777515850637427
7103,202610,0,0.05346672812557403
7104,202610,0,0.09697275206015832
7109,202610,0,0.04782897644846577
7111,202610,0,0.1316826917085104
7113,202610,0,0.04916781075649775
7119,202610,0,0.11419184576748083
7122,202610,0,0.04988944053089192
7134,202610,0,0.25123189355636916
7136,202610,1,0.13147927247282845
7141,202610,0,0.111172657114308
7143,202610,1,0.14464412060193302
7147,202610,0,0.07092358536507766
7153,202610,0,0.1247209030055238
7155,202610,0,0.133166150424592
7156,202610,0,0.1330366691773671
7159,202610,1,0.1182905631173478
7163,202610,0,0.25576049108659493
7171,202610,0,0.1608142207650555
7173,202610,0,0.09321277638165042
7177,202610,0,0.12773476771934028
7179,202610,0,0.1500743161762852
7182,202610,1,0.08683784584875412
7184,202610,1,0.11061300622579219
7185,202610,1,0.1439847099339349
7191,202610,0,0.15253068681432352
7196,202610,0,0.1600595499388021
7197,202610,0,0.05014600590158425
7199,202610,0,0.13158122876448797
7204,202610,1,0.11382340067986639
7205,202610,0,0.055262872959237395
7209,202610,0,0.057976561134248296
7213,202610,0,0.13337598793472383
7215,202610,0,0.064233551845162
7216,202610,0,0.0972961702621268
7217,202610,0,0.13251056930817404
7224,202610,0,0.11409885957406382
7229,202610,1,0.23804385735165437
7230,202610,0,0.13551501961391943
7235,202610,0,0.16479355234244825
7237,202610,0,0.18353533440948952
7245,202610,0,0.12511260236105187
7246,202610,0,0.11621809688276358
7252,202610,0,0.06961642725970046
7257,202610,0,0.11531825196102594
7258,202610,0,0.11828327320465443
7261,202610,0,0.11003711046504726
7269,202610,0,0.13706367003414702
7270,202610,0,0.12565085295758058
7274,202610,0,0.054659733902105614
7283,202610,0,0.15102126422354048
7291,202610,0,0.1308063623380517
7299,202610,0,0.12059794426782604
7301,202610,0,0.047963206866148474
7304,202610,0,0.12287379389265916
7311,202610,0,0.13907451371602536
7314,202610,0,0.14962319027362506
7321,202610,1,0.14506545654811734
7324,202610,0,0.12636132807118758
7326,202610,0,0.14970444998095564
7328,202610,0,0.20999950740796605
7332,202610,0,0.13073859041032615
7333,202610,0,0.14564672669021983
7335,202610,0,0.14112407182460987
7336,202610,0,0.06679948855500674
7337,202610,0,0.15695174636413173
7344,202610,0,0.12225888350867163
7348,202610,0,0.13715791529151605
7351,202610,0,0.12696804586334298
7352,202610,0,0.06965050115579546
7361,202610,0,0.12981140730638677
7371,202610,0,0.14672278502272545
7373,202610,0,0.12369458380750309
7374,202610,0,0.15419307517385367
7376,202610,0,0.08739015106463231
7383,202610,0,0.21512222507104048
7390,202610,0,0.06634743472325677
7391,202610,0,0.06527327890703774
7392,202610,0,0.12938845390648732
7395,202610,0,0.049254643188969646
7400,202610,0,0.13529136138384062
7403,202610,0,0.12505367558389427
7404,202610,0,0.11082218784651146
7405,202610,1,0.15491695600083885
7407,202610,0,0.1313674060976041
7412,202610,1,0.1415957336508315
7414,202610,0,0.11554042459409737
7425,202610,1,0.1386020312907828
7429,202610,0,0.12888796905617023
7435,202610,0,0.14183687004056747
7436,202610,0,0.12163600048535717
7438,202610,0,0.11394387673530934
7441,202610,0,0.05687901071392689
7443,202610,0,0.2236913048770071
7444,202610,0,0.17260967030541804
7452,202610,0,0.08406089785937955
7456,202610,0,0.11543225809801497
7462,202610,0,0.08102867538257197
7472,202610,0,0.1306977056615613
7473,202610,1,0.13025574404156035
7482,202610,0,0.17208868259073565
7483,202610,0,0.1010606819263645
7488,202610,0,0.159091626580217
7489,202610,1,0.13181936716810713
7490,202610,0,0.15122505736732525
7492,202610,0,0.13739542353387224
7497,202610,1,0.11134094380315468
7500,202610,0,0.09853424491851885
7504,202610,0,0.06405533130186894
7507,202610,0,0.13658282845708378
7511,202610,0,0.05491896374296163
7519,202610,0,0.1279055593976817
7520,202610,0,0.25119748133890607
7522,202610,0,0.055634819916379426
7530,202610,0,0.04818984138905679
7534,202610,0,0.1349844899467895
7536,202610,0,0.13754752043567606
7541,202610,0,0.12815439637599582
7543,202610,0,0.05319642294207114
7545,202610,0,0.14129102618484404
7556,202610,0,0.11333984111980373
7558,202610,0,0.13878763028614113
7560,202610,0,0.14379837100556894
7561,202610,0,0.13089862724735662
7571,202610,0,0.1314474620022946
7579,202610,0,0.12392379024450252
7580,202610,0,0.0951282015232206
7581,202610,0,0.1253417495382036
7582,202610,0,0.13421989376807153
7586,202610,0,0.13627346388225905
7590,202610,0,0.15541492254236244
7592,202610,0,0.1257901038346887
7594,202610,0,0.12082148662510489
7595,202610,0,0.15319389944173273
7601,202610,0,0.10813669440617155
7602,202610,0,0.12285689159485536
7603,202610,0,0.1489566013725079
7611,202610,0,0.12599455824924327
7617,202610,0,0.03051963397993857
7618,202610,0,0.13255411162955075
7619,202610,0,0.12043542252225452
7621,202610,1,0.1314071578395627
7625,202610,0,0.06653499573093856
7628,202610,0,0.1197217839678288
7630,202610,0,0.04565841125016849
7631,202610,0,0.052589243523717674
7633,202610,0,0.14582958998126805
7634,202610,0,0.11497461959744885
7641,202610,0,0.1568299707985634
7642,202610,0,0.14348994645575447
7646,202610,0,0.10795316444550486
7647,202610,1,0.06718618170860209
7648,202610,0,0.13085053037104213
7654,202610,1,0.09502843796505252
7662,202610,0,0.13562074511108105
7666,202610,0,0.11529771951269892
7674,202610,0,0.11123246095230568
7676,202610,0,0.10211889084316766
7677,202610,1,0.1162648561870253
7679,202610,0,0.13671533086492407
7681,202610,0,0.12739352716529218
7686,202610,0,0.04880984833844123
7692,202610,0,0.13226183609230058
7694,202610,0,0.1305728484077148
7696,202610,0,0.17035202025069962
7700,202610,1,0.12585029632838957
7707,202610,0,0.053445587902583434
7708,202610,0,0.05070517979077329
7712,202610,0,0.057967477947765335
7715,202610,0,0.1270537809452282
7716,202610,0,0.053932968776432534
7717,202610,0,0.16566973842355784
7719,202610,0,0.05794807759305122
7723,202610,0,0.0665391752709291
7726,202610,0,0.14400808680366428
7734,202610,0,0.15757591822795045
7739,202610,0,0.09397029527102907
7743,202610,0,0.1181072724072775
7751,202610,0,0.059362258731941994
7752,202610,0,0.13063123711944846
7755,202610,0,0.12492502639956979
7758,202610,0,0.04616659286194587
7761,202610,0,0.12320616415189968
7767,202610,0,0.05057244019003093
7773,202610,0,0.09867788155191858
7779,202610,0,0.07882411443525439
7785,202610,0,0.07023652017873276
7792,202610,0,0.05127326257981254
7800,202610,0,0.12470658119781994
7801,202610,0,0.11663019496301684
7802,202610,0,0.12619697398600072
7804,202610,0,0.10304904312206284
7808,202610,0,0.16740894964416955
7809,202610,1,0.04752887482145092
7811,202610,0,0.12361195641891413
7812,202610,1,0.12310419223527176
7816,202610,0,0.059496075178451964
7822,202610,0,0.06759897070658945
7823,202610,0,0.06511879671242006
7826,202610,0,0.12297274847014668
7832,202610,0,0.12390449805344728
7833,202610,0,0.14536967052587327
7838,202610,0,0.04991710537617671
7839,202610,1,0.13198802676452803
7840,202610,0,0.11891974587546537
7846,202610,1,0.1640530513275976
7849,202610,0,0.1419938812020124
7851,202610,0,0.1378989356629812
7857,202610,0,0.13242533042840932
7877,202610,0,0.05235372001677447
7885,202610,0,0.20793783246949973
7895,202610,1,0.10670777123966718
7900,202610,0,0.1265794287140782
7907,202610,0,0.1324348059928659
7910,202610,0,0.05238728031540742
7914,202610,0,0.13365166555444738
7917,202610,1,0.051599200987805585
7918,202610,0,0.1336308171757473
7919,202610,0,0.05855293844606834
7921,202610,0,0.047063217090711144
7928,202610,0,0.12685839288440182
7933,202610,0,0.14213971094108876
7937,202610,0,0.1257188889714776
7938,202610,1,0.17458393008483417
7941,202610,0,0.11489537091674974
7947,202610,0,0.08438728705483857
7955,202610,0,0.1277926095149166
7956,202610,0,0.13536118886834142
7957,202610,0,0.11391673920642512
7958,202610,1,0.3029002768497117
7964,202610,0,0.1338161276639589
7967,202610,1,0.136284380230524
7968,202610,0,0.11590505158942714
7971,202610,1,0.12343802729181307
7975,202610,1,0.1434440798404079
7980,202610,0,0.06612399739601829
7983,202610,0,0.141903046093063
8004,202610,0,0.20305381585408058
8013,202610,1,0.15334001098966304
8016,202610,0,0.12339682108633158
8017,202610,0,0.05122826323687103
8024,202610,0,0.16454184884050216
8028,202610,1,0.14020955412817349
8031,202610,0,0.11568777174711789
8032,202610,0,0.0558895490079382
8035,202610,0,0.12129290512519814
8036,202610,0,0.10605418669979656
8037,202610,0,0.05450472022321773
8052,202610,0,0.1366650984717531
8053,202610,1,0.05703810486148288
8055,202610,0,0.06246464768055635
8059,202610,0,0.12787631158840065
8063,202610,0,0.12131427984481326
8064,202610,0,0.1133758824729091
8068,202610,0,0.10913423080111288
8070,202610,0,0.05972203173570019
8072,202610,0,0.14524065755563573
8073,202610,1,0.1493308998961923
8085,202610,0,0.15075834693899604
8089,202610,0,0.13134278964147633
8097,202610,0,0.047282802302370655
8100,202610,0,0.13104297793181577
8102,202610,0,0.16238419656750513
8105,202610,0,0.05001821605890756
8114,202610,0,0.12377155324688714
8117,202610,0,0.12096903216852102
8120,202610,0,0.11520527103832562
8126,202610,0,0.11493200399777175
8127,202610,1,0.10311190180594036
8128,202610,0,0.06662512013470046
8135,202610,0,0.05737367802289429
8136,202610,0,0.14483125812370123
8137,202610,0,0.12876583331115338
8141,202610,0,0.14327285596807257
8148,202610,0,0.09302013788417275
8169,202610,0,0.05596378024166757
8173,202610,0,0.05165283723245412
8178,202610,0,0.12346599499408845
8179,202610,0,0.21068745518218804
8182,202610,0,0.0382661469289501
8184,202610,0,0.10800054318503521
8186,202610,0,0.15124437803447466
8189,202610,0,0.13024516045095147
8196,202610,0,0.15560963122257235
8204,202610,1,0.11556397153988499
8216,202610,0,0.13778871043754184
8217,202610,1,0.19428927242248067
8219,202610,0,0.1269512026544574
8221,202610,0,0.13248280518545663
8225,202610,1,0.2222002968213163
8227,202610,0,0.05818166496212597
8229,202610,1,0.10064732667906147
8232,202610,0,0.14399331243363916
8245,202610,0,0.1218833946300886
8246,202610,0,0.24776651384176057
8248,202610,0,0.12074165633455848
8249,202610,0,0.13839691876417895
8250,202610,0,0.11281357700870889
8256,202610,0,0.05483261900701083
8258,202610,0,0.16530787141912914
8259,202610,0,0.049855195755859255
8268,202610,0,0.12647363622996455
8270,202610,1,0.12432185560958738
8271,202610,0,0.11928864920435021
8272,202610,0,0.14323846012077449
8273,202610,0,0.13592216004906535
8275,202610,0,0.14129135736684403
8277,202610,0,0.1561632854256764
8281,202610,1,0.14439024139073062
8283,202610,0,0.13535754629366997
8285,202610,0,0.13502932829644562
8288,202610,0,0.058195182358502386
8299,202610,0,0.0662948516167943
8300,202610,0,0.12149856901946962
8301,202610,0,0.03858089790783608
8307,202610,0,0.13815252055858324
8315,202610,0,0.12954519323893626
8324,202610,0,0.12133863563246379
8326,202610,0,0.1309028243153189
8327,202610,1,0.12309217850645209
8328,202610,1,0.15497293697854383
8334,202610,1,0.12939025536594534
8351,202610,0,0.049463373575630507
8367,202610,0,0.05690854272470727
8368,202610,0,0.15074882270343834
8371,202610,0,0.17007396296246585
8383,202610,0,0.12603183889917563
8386,202610,0,0.13362481800878495
8389,202610,0,0.11753958291434359
8402,202610,0,0.05195615236607339
8404,202610,0,0.1341709881864281
8409,202610,1,0.12512274399783294
8416,202610,1,0.14293140248345362
8417,202610,0,0.12409310317397187
8419,202610,0,0.13949788726314355
8420,202610,1,0.148811873262662
8421,202610,0,0.14700712100595095
8422,202610,0,0.04909650333426192
8425,202610,0,0.1411021560154009
8429,202610,0,0.11546597000637765
8433,202610,0,0.15264874125384015
8436,202610,1,0.13117350936653327
8437,202610,0,0.1061204187773213
8440,202610,0,0.04792314435468331
8446,202610,1,0.14554776351452295
8455,202610,0,0.13293066226074748
8462,202610,0,0.13400472441871936
8471,202610,0,0.14015896123879223
8479,202610,0,0.1611665781767695
8482,202610,0,0.054779275237885075
8485,202610,0,0.14898683275230537
8489,202610,0,0.0550370566366954
8490,202610,0,0.05332839735997074
8492,202610,0,0.05139590045842893
8496,202610,0,0.13604251654628607
8497,202610,0,0.14493864582923544
8498,202610,0,0.12012169248953355
8500,202610,0,0.13509490200569907
8501,202610,0,0.14174284447569616
8508,202610,0,0.1422786738980069
8512,202610,0,0.1706422982555237
8519,202610,0,0.13350825918722642
8522,202610,0,0.1606606921370208
8536,202610,0,0.05285486001912352
8545,202610,0,0.12145244859869779
8546,202610,0,0.12098753484330929
8554,202610,0,0.13931286441559168
8556,202610,0,0.12020996315993998
8557,202610,0,0.14594066394579555
8559,202610,0,0.13694657864200308
8560,202610,0,0.12672946218447662
8563,202610,0,0.13047959181076302
8565,202610,0,0.13615208939761117
8574,202610,0,0.1129839970246354
8578,202610,0,0.06351414332818398
8585,202610,0,0.04958938872646649
8599,202610,1,0.2142530385870638
8602,202610,0,0.14396087062451426
8605,202610,0,0.10748288853139745
8609,202610,0,0.11490624480759558
8610,202610,1,0.128231382771396
8614,202610,0,0.09173442038351061
8619,202610,0,0.13035248143720168
8621,202610,1,0.10787193521685766
8629,202610,0,0.13652762441852137
8632,202610,0,0.14013871972849737
8635,202610,0,0.05105671155999026
8639,202610,0,0.05000974517949383
8642,202610,0,0.04999292002015181
8643,202610,0,0.1230784103754734
8649,202610,0,0.14260125565958753
8655,202610,0,0.14982415937908825
8657,202610,0,0.11883647788382797
8662,202610,0,0.12482725932936872
8663,202610,0,0.1350508734465154
8666,202610,0,0.1316414920501264
8674,202610,0,0.05545547461648131
8676,202610,0,0.13087370301075396
8680,202610,1,0.13877753103325097
8686,202610,0,0.1297509989662137
8691,202610,0,0.11402843555504209
8701,202610,0,0.12834360824001517
8702,202610,0,0.1322934485408156
8705,202610,1,0.15371135441041212
8714,202610,0,0.057225410975051016
8716,202610,1,0.12220738301662395
8718,202610,0,0.11258554108202817
8731,202610,0,0.12963265333261703
8736,202610,0,0.12940795782970546
8738,202610,0,0.14525711430356353
8745,202610,0,0.04884012033827349
8749,202610,0,0.11474457408529874
8754,202610,0,0.14274977956153212
8755,202610,0,0.12342620239612444
8760,202610,0,0.11242105798846917
8762,202610,0,0.06274443339460997
8767,202610,0,0.05595408551239751
8768,202610,0,0.1370280790673011
8769,202610,0,0.04760597416253281
8770,202610,1,0.10647032286691482
8771,202610,0,0.14950212953829253
8772,202610,1,0.11063000854411785
8781,202610,0,0.05376014006498906
8782,202610,1,0.11522336868245985
8789,202610,0,0.15084294130059034
8795,202610,0,0.10911717192389948
8796,202610,0,0.046347308362059206
8807,202610,1,0.13996545795594062
8811,202610,0,0.12902336606640716
8815,202610,0,0.13331207999644426
8820,202610,0,0.10516000344911712
8821,202610,1,0.059296189549884686
8825,202610,0,0.1383958431026243
8832,202610,0,0.12728622047392582
8839,202610,0,0.06747116884343418
8841,202610,0,0.13381265316024377
8844,202610,0,0.13324044090479523
8848,202610,0,0.12169014176582592
8849,202610,0,0.06407149942953531
8856,202610,0,0.1368312080937608
8865,202610,0,0.11168946421289688
8874,202610,0,0.15476831284739911
8875,202610,0,0.11787316505546501
8879,202610,0,0.06715495247810654
8882,202610,0,0.1162426034656587
8885,202610,0,0.1207965048725385
8892,202610,0,0.14609889857550312
8897,202610,0,0.12779468182393186
8899,202610,1,0.16000206460267852
8905,202610,0,0.06296973199818275
8911,202610,1,0.13980232617673688
8912,202610,1,0.12469394756729058
8921,202610,0,0.049131150331476414
8926,202610,0,0.11522465799186302
8928,202610,0,0.13179140731352473
8930,202610,1,0.13422384522855552
8935,202610,0,0.126926974115089
8939,202610,0,0.05407096624620245
8941,202610,0,0.1521325251621538
8942,202610,0,0.049741336498256926
8949,202610,0,0.10076288642972751
8951,202610,0,0.05776623189377243
8954,202610,0,0.14497896444687744
8958,202610,0,0.1319092777163715
8964,202610,0,0.06830465852030293
8972,202610,0,0.05541970807508469
8978,202610,0,0.13211094703351697
8979,202610,0,0.07246219314949397
8980,202610,1,0.15086308519266572
8983,202610,1,0.14469113200892567
8988,202610,0,0.15292572227788
8997,202610,0,0.12967429903093575
8998,202610,0,0.053235311806526776
8999,202610,0,0.14299822692515615
9005,202610,1,0.1640603684194076
9006,202610,0,0.05190253403841818
9008,202610,0,0.14714203006965137
9012,202610,0,0.16657155190160605
9024,202610,0,0.11875902043619432
9026,202610,0,0.12185378110556219
9030,202610,0,0.1366228061669448
9034,202610,0,0.039488150506844726
9036,202610,0,0.14987920297301827
9038,202610,0,0.05218616422478121
9040,202610,0,0.1334203478943731
9041,202610,0,0.08112582257592785
9042,202610,0,0.048836869383748
9046,202610,0,0.05778126534032776
9049,202610,0,0.05233101527958099
9051,202610,0,0.14702781876387386
9054,202610,0,0.1582236492787124
9057,202610,0,0.05925057405052508
9062,202610,0,0.05125938068953915
9072,202610,0,0.12990419881296722
9075,202610,0,0.10499613958234007
9079,202610,0,0.13855324966450047
9081,202610,0,0.062498059330553156
9086,202610,1,0.23492108595554725
9090,202610,1,0.11948514816491143
9091,202610,0,0.10234759458014493
9099,202610,1,0.07684660667975161
9110,202610,0,0.06443054047781871
9113,202610,0,0.1343074577145008
9116,202610,0,0.12925518907899025
9120,202610,0,0.049207353037855645
9126,202610,0,0.16751818865288656
9133,202610,0,0.10066127510520022
9135,202610,0,0.15169217750715921
9144,202610,0,0.11946421663200515
9146,202610,0,0.15421239158914235
9153,202610,0,0.11362684730006159
9155,202610,0,0.05212942730017886
9160,202610,0,0.08121510340052844
9165,202610,0,0.13939108772019765
9172,202610,0,0.1312682692198412
9174,202610,0,0.04684344131144984
9179,202610,0,0.0973970890866009
9180,202610,0,0.13061690259556166
9192,202610,0,0.20354707740245095
9194,202610,0,0.053827003833832356
9195,202610,0,0.20485050687016682
9199,202610,0,0.1129554657222883
9204,202610,0,0.10837096277994629
9205,202610,0,0.05061796991791717
9210,202610,0,0.11331473418253112
9216,202610,1,0.17061961561166142
9219,202610,0,0.1307207671774467
9225,202610,1,0.060893629647215605
9227,202610,0,0.11740228849590863
9228,202610,0,0.12898928110354416
9233,202610,0,0.1448774490989805
9235,202610,0,0.13084300210500882
9237,202610,0,0.05474325890661822
9239,202610,0,0.05287352590292168
9240,202610,0,0.04900055496113286
9241,202610,0,0.21964739088761961
9242,202610,0,0.10983947874850786
9246,202610,0,0.05734892397140316
9248,202610,0,0.1443751087151683
9253,202610,0,0.1186136180577161
9254,202610,0,0.13878993804129053
9260,202610,0,0.12477476387713582
9261,202610,0,0.04234151039722566
9262,202610,0,0.12831080676892054
9263,202610,0,0.17622027000042584
9266,202610,0,0.21851765979147741
9268,202610,0,0.1171535823896155
9275,202610,0,0.05447296144708778
9278,202610,0,0.13556562583071238
9287,202610,0,0.13010845171866212
9288,202610,0,0.11304475216776622
9292,202610,0,0.1510091749814127
9308,202610,0,0.13785262698757356
9309,202610,0,0.13154342413810216
9310,202610,0,0.15974577822186897
9312,202610,0,0.09632917569171293
9314,202610,0,0.05813827130003045
9316,202610,0,0.049757877976193236
9318,202610,0,0.12780455225505624
9322,202610,0,0.15657042002903424
9325,202610,0,0.14997899190329061
9326,202610,1,0.1473623465004252
9327,202610,0,0.13488737750314655
9336,202610,0,0.10963527691950256
9340,202610,0,0.15507006938830034
9342,202610,0,0.15017395943858572
9346,202610,0,0.11826000686283548
9351,202610,0,0.2087553091642109
9355,202610,0,0.14597885041725786
9357,202610,0,0.11816160712008576
9358,202610,0,0.16660306913638886
9363,202610,0,0.1278513865138933
9365,202610,0,0.1451013973054706
9371,202610,0,0.1251789099356863
9372,202610,0,0.11850704603518644
9374,202610,0,0.07030330290778564
9378,202610,0,0.18272319773398316
9383,202610,1,0.11396282477878127
9385,202610,0,0.06984912743953317
9386,202610,0,0.16085066096261355
9413,202610,0,0.06714048931428837
9418,202610,0,0.13442127730158546
9420,202610,0,0.11751447976879593
9421,202610,1,0.13996665415539497
9422,202610,0,0.058097140195422524
9423,202610,0,0.11468610229466718
9425,202610,0,0.12946659472971142
9426,202610,0,0.15657583955501753
9434,202610,0,0.14053466147025778
9436,202610,0,0.10893955397911619
9439,202610,0,0.060459737046242114
9442,202610,0,0.05130813879794764
9446,202610,0,0.053588273488313846
9455,202610,1,0.14791892975959353
9457,202610,0,0.13771604837800114
9460,202610,0,0.1546854014370565
9461,202610,0,0.13957007749816377
9467,202610,0,0.11906365286026514
9472,202610,0,0.11433450815395674
9473,202610,0,0.18147215056385121
9483,202610,0,0.10540204771773408
9485,202610,0,0.1249095934565446
9492,202610,0,0.06748611348645296
9500,202610,0,0.1272177254091289
9501,202610,1,0.21795818339409048
9507,202610,0,0.13154233980590907
9513,202610,0,0.07219417620755246
9514,202610,0,0.16350682713189266
9516,202610,0,0.14475620440007161
9520,202610,0,0.0755776929718615
9524,202610,1,0.1200903317996219
9532,202610,0,0.11734651985181321
9542,202610,0,0.1201695208707048
9544,202610,0,0.20334186342579733
9548,202610,0,0.13812847094092276
9553,202610,0,0.1355213626383022
9554,202610,1,0.116624487998383
9556,202610,0,0.05974692573386978
9558,202610,0,0.14222755482155033
9559,202610,0,0.1595811008663429
9565,202610,0,0.1539747536060325
9571,202610,0,0.13769919379949655
9575,202610,0,0.1372339983848787
9576,202610,1,0.149894279009583
9587,202610,0,0.12657688222829896
9602,202610,0,0.17388337002779394
9609,202610,0,0.0577289740051303
9612,202610,1,0.19037303748922854
9618,202610,0,0.08823732960824864
9622,202610,0,0.13857842161291065
9624,202610,0,0.11873640520158195
9633,202610,0,0.13705304225256656
9648,202610,0,0.1204839064434484
9658,202610,0,0.13404065290792685
9668,202610,0,0.10661076484042052
9673,202610,1,0.12206891032729225
9702,202610,0,0.05535566303494671
9705,202610,0,0.13900191032056614
9706,202610,0,0.053875586299647324
9707,202610,0,0.15192902613404516
9708,202610,0,0.08012567762192892
9709,202610,0,0.052604758538575665
9710,202610,0,0.1560329345511236
9720,202610,1,0.1404966099950593
9726,202610,0,0.14725311416782316
9736,202610,1,0.23580358172488758
9740,202610,1,0.12743760803194795
9753,202610,0,0.06478000390413495
9756,202610,1,0.1377535137179906
9757,202610,0,0.08872380735333628
9761,202610,0,0.05010694864519425
9765,202610,0,0.22005366404018475
9768,202610,0,0.16195422369108978
9769,202610,0,0.142530088131645
9775,202610,0,0.052074148604635856
9778,202610,0,0.13472147218787883
9787,202610,0,0.14340701366513406
9788,202610,0,0.08770537499592397
9789,202610,0,0.1541254969397425
9791,202610,1,0.11843132923983245
9792,202610,0,0.14064063392512993
9793,202610,0,0.11367363520901386
9795,202610,1,0.06614813865391342
9815,202610,0,0.12047070298107374
9816,202610,0,0.05413314146590888
9822,202610,0,0.059882588688862926
9823,202610,0,0.1426238062260331
9827,202610,0,0.1204603798091545
9835,202610,0,0.13514877377546647
9840,202610,0,0.03958444859699666
9841,202610,0,0.13531976059677994
9849,202610,0,0.12214153793466229
9853,202610,0,0.12570695264208032
9856,202610,1,0.1066253142938518
9864,202610,1,0.1385028890235309
9867,202610,1,0.13273161966227512
9869,202610,0,0.05374673139608533
9873,202610,0,0.04639714507799378
9879,202610,1,0.12288649318613643
9881,202610,0,0.038959570820035795
9892,202610,0,0.13766484014158525
9898,202610,0,0.1271341013849513
9899,202610,0,0.1304985755650712
9915,202610,0,0.1284777303783719
9922,202610,1,0.12715671162087908
9925,202610,0,0.11899075500136372
9936,202610,0,0.1543349876739109
9940,202610,0,0.12078260711756322
9941,202610,0,0.04139474346507135
9942,202610,1,0.15137035322883552
9947,202610,0,0.0509050518104997
9953,202610,0,0.10044836963669852
9957,202610,0,0.12935680054727008
9962,202610,0,0.04767770783696805
9963,202610,0,0.1229832994385028
9964,202610,0,0.14821869770010385
9965,202610,0,0.14825688275061943
9966,202610,1,0.14098989384239824
9968,202610,0,0.1404748062819786
9971,202610,0,0.09549032489069278
9973,202610,0,0.13842121375631605
9980,202610,0,0.05809908329352372
9983,202610,1,0.16209650294928643
9985,202610,0,0.05602155898532127
10002,202610,0,0.17474243310327647
10003,202610,1,0.12682236480201758
10005,202610,0,0.055735724347346687
10007,202610,0,0.1141565679598076
10009,202610,0,0.1674049125576838
10010,202610,0,0.15361372180337018
10013,202610,0,0.14835536366745297
10014,202610,0,0.0557824149855933
10017,202610,0,0.13222479034177972
10023,202610,1,0.11012839607141682
10024,202610,0,0.13927361514960776
10028,202610,0,0.12122949575893101
10030,202610,0,0.06844439049752579
10037,202610,0,0.14643712332785044
10046,202610,0,0.09375602749213643
10051,202610,0,0.10776261401455663
10063,202610,0,0.1037798588248474
10065,202610,0,0.10869430179928102
10067,202610,0,0.12405781715421951
10069,202610,0,0.2087605186201406
10073,202610,0,0.056383761284651654
10074,202610,0,0.1174184636999123
10079,202610,1,0.04514916840181065
10096,202610,0,0.05123172319097744
10099,202610,0,0.05066296198999966
10100,202610,0,0.0623648033184688
10101,202610,0,0.13403762692649873
10103,202610,0,0.05565602847821487
10105,202610,1,0.13953652298958114
10107,202610,1,0.13653232181891828
10110,202610,0,0.16288546733310832
10112,202610,1,0.05122609539680982
10113,202610,0,0.1410065535728943
10116,202610,0,0.05436854662377603
10124,202610,0,0.15935730843841536
10127,202610,0,0.11162958244635758
10129,202610,0,0.16243683172166593
10139,202610,0,0.16010811231308886
10140,202610,0,0.17926439940471214
10145,202610,0,0.24243890235622403
10149,202610,0,0.11301669169680142
10150,202610,0,0.1223551454186402
10151,202610,0,0.17149648423169364
10164,202610,0,0.12181348384712527
10165,202610,0,0.04482690180059454
10166,202610,0,0.05137099203555112
10168,202610,0,0.12384474881483025
10174,202610,0,0.09796464701475043
10183,202610,1,0.1492676003092855
10186,202610,0,0.05927725524534888
10189,202610,0,0.12694329395979334
10192,202610,0,0.13559494071596578
10193,202610,0,0.13432144763585774
10197,202610,0,0.049764646488742806
10201,202610,0,0.1260145861048557
10206,202610,0,0.13217634600311232
10210,202610,1,0.11739959381228703
10211,202610,0,0.11201904410437721
10216,202610,0,0.12439526294043221
10224,202610,0,0.12209215024811877
10234,202610,0,0.1336241905479169
10236,202610,0,0.10705027073599942
10239,202610,0,0.15932793971887685
10245,202610,0,0.13526343834493523
10247,202610,0,0.06855999905117272
10250,202610,0,0.053994011228532354
10253,202610,0,0.13269568738881804
10254,202610,0,0.11560305939507112
10263,202610,0,0.15245805873450713
10264,202610,0,0.1607585760858099
10265,202610,0,0.11854428255825127
10275,202610,0,0.049684861282361326
10279,202610,1,0.06488410140905868
10280,202610,0,0.12466131045748768
10283,202610,1,0.3326841080326547
10286,202610,0,0.12393688105146515
10287,202610,0,0.15930123909907773
10293,202610,0,0.13132563334322037
10294,202610,0,0.11053089462528189
10303,202610,0,0.05657326202183878
10306,202610,1,0.14483284247744374
10308,202610,0,0.14434075269125277
10311,202610,0,0.11144201967249556
10318,202610,0,0.12998250473286624
10322,202610,1,0.055785679001583766
10323,202610,0,0.15843992105944102
10324,202610,0,0.09361613237936062
10327,202610,0,0.1116568375331225
10330,202610,0,0.1310471966423892
10331,202610,0,0.11890233810379855
10333,202610,0,0.04673649623757955
10334,202610,0,0.13531181858160712
10335,202610,0,0.12098160096399312
10338,202610,0,0.1415186879200138
10339,202610,0,0.12403834980614989
10346,202610,0,0.19915577594017964
10348,202610,0,0.0493568847551055
10354,202610,0,0.2129899885534947
10356,202610,0,0.11319517514774705
10367,202610,0,0.06936841891614016
10375,202610,0,0.1290699813606474
10384,202610,0,0.13169857170924895
10386,202610,0,0.05400259266116617
10389,202610,0,0.12015593718137792
10393,202610,0,0.12418123258097884
10396,202610,1,0.12258888697147925
10404,202610,0,0.12969681261528115
10408,202610,0,0.05584708502550125
10415,202610,1,0.13289828501823972
10416,202610,0,0.0952949540083185
10419,202610,1,0.0841432474635348
10429,202610,0,0.14790906803893158
10431,202610,1,0.15343666472806783
10434,202610,0,0.16498700580593376
10435,202610,0,0.11346188425882653
10441,202610,0,0.19587793596806508
10442,202610,1,0.24310242893313305
10448,202610,0,0.16157820500279751
10449,202610,0,0.07650532280224383
10452,202610,0,0.053683090570013164
10453,202610,0,0.1266217839019382
10454,202610,0,0.12747231813409116
10455,202610,1,0.0761316552826917
10461,202610,0,0.11445522311725524
10462,202610,0,0.04569096827322879
10472,202610,0,0.0575295506828864
10474,202610,0,0.15907347628643967
10476,202610,0,0.14580877276818288
10478,202610,0,0.04323743425157004
10483,202610,0,0.09161691222300956
10485,202610,0,0.12071551793026777
10492,202610,0,0.12447823020075793
10493,202610,0,0.14100882694182654
10499,202610,0,0.06389395805404463
10501,202610,0,0.049517350255498534
10503,202610,0,0.10942496072997206
10506,202610,1,0.11994189157972544
10509,202610,0,0.12583345431091633
10512,202610,0,0.13956676502981774
10513,202610,0,0.11709695236420352
10516,202610,0,0.12973272270225278
10517,202610,0,0.1253768579056544
10523,202610,0,0.13626583202206508
10525,202610,0,0.13055952425728623
10529,202610,0,0.11513171293266404
10532,202610,0,0.1400827449830131
10537,202610,0,0.12819318131961835
10541,202610,0,0.1405475066256514
10545,202610,0,0.10397263012829648
10547,202610,0,0.130352067094518
10548,202610,0,0.12251573043301693
10552,202610,0,0.05058675140380872
10554,202610,0,0.13271897732326396
10557,202610,0,0.1412745645713121
10564,202610,0,0.15012571744298067
10566,202610,0,0.10614376228016577
10574,202610,0,0.05036224491438882
10591,202610,0,0.12335187171465928
10593,202610,1,0.10925060744788401
10596,202610,0,0.15555054882328823
10600,202610,0,0.15806059982577167
10601,202610,0,0.059334870856547164
10606,202610,0,0.04361249842294589
10611,202610,0,0.10100437418299545
10619,202610,0,0.14696908081867174
10620,202610,1,0.15177924773159493
10622,202610,0,0.0548173920614187
10626,202610,0,0.1185975866523093
10629,202610,0,0.05952421654428874
10630,202610,0,0.13450543410452215
10631,202610,0,0.1544786234050439
10633,202610,0,0.05806461241595714
10638,202610,0,0.13756448520401654
10639,202610,0,0.179159312577972
10640,202610,0,0.06980680711284623
10641,202610,0,0.05275562464406466
10647,202610,1,0.12771712504214097
10651,202610,1,0.12137188595761475
10657,202610,0,0.13242688195510524
10661,202610,0,0.13494201826983043
10663,202610,0,0.11159753292613772
10664,202610,0,0.13524251658355854
10667,202610,0,0.11787058521873821
10671,202610,0,0.14168320668358475
10672,202610,0,0.10186631867106481
10675,202610,0,0.14666619583120283
10679,202610,0,0.14231839026860835
10680,202610,1,0.15085539269854434
10681,202610,0,0.12253852282107275
10682,202610,0,0.1495654516248989
10683,202610,0,0.04687877233493958
10688,202610,0,0.11385223850316745
10689,202610,0,0.12290478110884175
10693,202610,1,0.11328599176617535
10701,202610,0,0.13927686610766277
10704,202610,0,0.14444658601536356
10709,202610,0,0.16228571396350425
10711,202610,0,0.14849541642118017
10713,202610,0,0.1149176024355541
10715,202610,0,0.1172472974045348
10716,202610,0,0.1471295173032572
10718,202610,0,0.05239860554590441
10721,202610,0,0.1323180307070869
10724,202610,0,0.12410377023221271
10730,202610,0,0.10835864829067031
10731,202610,0,0.05621180207869368
10733,202610,0,0.11522187156380476
10734,202610,0,0.16591571262551388
10737,202610,0,0.13878321832621965
10744,202610,0,0.038486694684266416
10745,202610,1,0.1263397823979799
10750,202610,0,0.10230958885842706
10756,202610,1,0.12134393763369909
10762,202610,0,0.13438855970949193
10770,202610,0,0.10350668175223449
10774,202610,1,0.11750772334964424
10776,202610,0,0.1483599875846126
10777,202610,1,0.3154029921307161
10780,202610,0,0.04983723019753731
10782,202610,0,0.23055343377401175
10783,202610,0,0.12488622561047913
10789,202610,0,0.13827500943034618
10791,202610,0,0.14674806562386664
10793,202610,0,0.14985349752013738
10795,202610,0,0.15725709629584889
10807,202610,0,0.12161409430148633
10813,202610,0,0.11986018971805365
10815,202610,0,0.11681934393600799
10816,202610,1,0.12289610423624175
10817,202610,0,0.11777409378575589
10819,202610,0,0.1160943813746762
10824,202610,0,0.13939273655836576
10828,202610,0,0.15568752541623987
10829,202610,0,0.1478128211438993
10830,202610,0,0.05424213180985901
10832,202610,0,0.12790567453383855
10836,202610,0,0.1487443578606995
10839,202610,0,0.15253153043647558
10843,202610,0,0.1177104276174462
10844,202610,0,0.11669695686855915
10852,202610,0,0.14455159255259242
10860,202610,1,0.05920951725016852
10862,202610,1,0.22319415923716945
10866,202610,0,0.21374533736236342
10871,202610,0,0.12054774737009355
10872,202610,0,0.12031734786046062
10873,202610,0,0.04987623121034774
10878,202610,0,0.18753740474074151
10887,202610,1,0.11361118220807716
10888,202610,1,0.26499428193199653
10889,202610,0,0.053492325318713035
10892,202610,0,0.13685796132930445
10895,202610,0,0.14587120143584603
10899,202610,0,0.15963965136350483
10901,202610,0,0.15110763702865906
10904,202610,0,0.145159398102853
10907,202610,0,0.11074009427753101
10910,202610,0,0.11742878538843896
10911,202610,0,0.10661176880922912
10917,202610,0,0.1145203509809013
10918,202610,1,0.12035899507881297
10920,202610,0,0.1087685546029193
10921,202610,0,0.04404026958435403
10922,202610,0,0.061054536687725675
10928,202610,1,0.04858635168206453
10929,202610,0,0.05785245306874552
10930,202610,0,0.04890723899197644
10933,202610,0,0.13469720524475723
10934,202610,0,0.051796189865848004
10938,202610,1,0.1352771847628721
10939,202610,0,0.14599076947795792
10942,202610,0,0.04723506636398977
10943,202610,0,0.052045972732611016
10945,202610,0,0.14870098788865935
10946,202610,0,0.1312414669083976
10949,202610,0,0.08416081237710739
10951,202610,0,0.11774624185497873
10952,202610,0,0.14975287482950744
10953,202610,0,0.05006108656818222
10955,202610,0,0.05454599403662947
10956,202610,0,0.14276298867481077
10959,202610,0,0.1562384841661866
10963,202610,0,0.10336929728193943
10965,202610,0,0.12213263567087153
10971,202610,0,0.07113632346504808
10975,202610,0,0.14531233114689535
10979,202610,0,0.1138347107993572
10980,202610,1,0.05522579798715453
10983,202610,0,0.13025768597986093
10984,202610,0,0.1256358178848809
10989,202610,0,0.05418748490341245
10992,202610,0,0.1240893287628932
10996,202610,0,0.22412517024788967
11001,202610,0,0.04216442136263818
11003,202610,0,0.05119092705716209
11004,202610,0,0.07175840009958219
11005,202610,1,0.20189113832868863
11008,202610,0,0.05724069534989775
11013,202610,0,0.23309051360502786
11016,202610,0,0.05049277273756017
11017,202610,0,0.0438027436505853
11018,202610,0,0.1435851005461798
11021,202610,0,0.15938182835034947
11023,202610,1,0.05156756005759824
11028,202610,0,0.20251207169786486
11032,202610,1,0.16566924496154373
11034,202610,0,0.12858094796313907
11035,202610,0,0.05780852101763285
11036,202610,0,0.08133874495259219
11040,202610,0,0.14436729565543746
11041,202610,0,0.09804041450192638
11043,202610,0,0.12820806622117714
11047,202610,0,0.19492873683330642
11056,202610,0,0.15967363296795334
11058,202610,0,0.13022366933760668
11059,202610,0,0.07561938933174082
11060,202610,0,0.09705185012059717
11064,202610,0,0.14536930227893244
11066,202610,0,0.06918205889601899
11068,202610,1,0.13056669938448864
11069,202610,0,0.12140808581340164
11071,202610,0,0.1340826730691419
11072,202610,0,0.12663646321278946
11077,202610,0,0.1222655278594427
11078,202610,0,0.20099950999182414
11079,202610,1,0.1247091937882853
11080,202610,0,0.11404109244712093
11092,202610,0,0.11903702967872462
11093,202610,0,0.1596007338814564
11097,202610,0,0.05135472875585869
11098,202610,0,0.13085385684908257
11104,202610,1,0.04995688761309679
11113,202610,0,0.13508532055428613
11114,202610,0,0.11354320684549239
11117,202610,0,0.13175471564548738
11120,202610,1,0.14972144473762972
11121,202610,0,0.05530695880894943
11124,202610,0,0.167083254896489
11126,202610,0,0.11442955743282682
11131,202610,0,0.12071991400025185
11143,202610,0,0.1405302920425448
11144,202610,1,0.1748831698904125
11146,202610,0,0.08651201229689261
11148,202610,0,0.11306074663415783
11154,202610,0,0.12568182889642543
11156,202610,1,0.0556343540439011
11157,202610,1,0.19095403249414242
11164,202610,0,0.13409318337880494
11172,202610,0,0.1333020736380421
11173,202610,0,0.05195086182246477
11174,202610,0,0.10896828001216524
11175,202610,0,0.11920271701686594
11179,202610,0,0.11385000266301434
11180,202610,0,0.14518358803025588
11184,202610,0,0.059003174366570044
11188,202610,0,0.11609620806127816
11189,202610,0,0.06217393311678696
11190,202610,0,0.09330586794272962
11192,202610,0,0.14045646578220186
11197,202610,0,0.05240416341235812
11198,202610,0,0.273559533625661
11201,202610,0,0.15231488507691832
11204,202610,0,0.1308617965766964
11211,202610,0,0.12582708467633588
11212,202610,0,0.13929446607072357
11217,202610,0,0.14558426810862715
11218,202610,0,0.135698290287654
11219,202610,0,0.14070341248943435
11227,202610,0,0.13372232568546694
11241,202610,0,0.13812371172995377
11247,202610,1,0.18552655416816094
11251,202610,0,0.05993886207808312
11254,202610,0,0.058102195338398915
11260,202610,0,0.06807849722819438
11264,202610,0,0.12207511526565931
11271,202610,0,0.08201225268562094
11273,202610,0,0.05883139407013881
11274,202610,0,0.12580055291406364
11276,202610,0,0.048320422399287605
11278,202610,0,0.04897442587471013
11282,202610,0,0.13673081897710687
11283,202610,0,0.1267713894417463
11291,202610,0,0.13138648793057314
11293,202610,0,0.12869084075452455
11302,202610,0,0.14026367258842548
11304,202610,0,0.05338935343224618
11305,202610,0,0.1417612652678054
11307,202610,1,0.13146657664054692
11315,202610,0,0.15971391730161394
11321,202610,0,0.10472282768452648
11324,202610,1,0.11444826917725492
11325,202610,0,0.13180336735963993
11326,202610,1,0.13299639938842497
11335,202610,0,0.1278786230408355
11341,202610,0,0.12114543838159766
11343,202610,0,0.1261328039011905
11344,202610,0,0.16880688070623015
11350,202610,0,0.20587176726261014
11361,202610,0,0.12349730623560636
11369,202610,1,0.2275350935101126
11375,202610,0,0.1354035241225048
11377,202610,0,0.0551665421986947
11379,202610,0,0.15584410270826354
11380,202610,0,0.1422108941421638
11381,202610,0,0.2155824294981644
11391,202610,0,0.1251152381844626
11393,202610,0,0.14669484083275433
11394,202610,0,0.16564044503419284
11398,202610,0,0.1410109586450653
11399,202610,0,0.13719941427724994
11401,202610,1,0.15031533814110512
11408,202610,0,0.11297460546752265
11412,202610,0,0.13024303117349628
11420,202610,0,0.13447187804713068
11421,202610,0,0.16554684105596673
11422,202610,1,0.054883226967084954
11426,202610,1,0.20051771239786365
11430,202610,0,0.06343063782576225
11434,202610,0,0.14122047193254425
11437,202610,0,0.11863534464784532
11446,202610,0,0.22463074786786807
11447,202610,0,0.1586875035993545
11471,202610,0,0.109693882074295
11472,202610,0,0.14139020529825952
11475,202610,0,0.06529405261472221
11477,202610,1,0.13772325122864104
11478,202610,1,0.11048393281506687
11483,202610,0,0.11900262418814068
11492,202610,0,0.12964648424356734
11495,202610,0,0.15128176495459458
11497,202610,0,0.13791411474611193
11498,202610,0,0.08364640358935661
11502,202610,0,0.1171821638554625
11504,202610,0,0.23824675430411246
11508,202610,1,0.14912680525819016
11509,202610,1,0.1584925747019094
11511,202610,0,0.18679119549824832
11512,202610,0,0.11716386786240787
11514,202610,0,0.05856578584255619
11522,202610,0,0.1378415930914746
11524,202610,0,0.14433528933147013
11533,202610,0,0.17444188785466824
11534,202610,0,0.08659046286802599
11538,202610,0,0.05872141381557461
11541,202610,0,0.12071329902478727
11542,202610,0,0.11833161803420573
11545,202610,1,0.14747102345922017
11546,202610,0,0.14765610775132681
11547,202610,0,0.12351284603208447
11548,202610,0,0.08519666699532218
11560,202610,0,0.14630667496874747
11566,202610,0,0.16341924081075287
11572,202610,0,0.14379474807613998
11574,202610,0,0.09836321791730353
11576,202610,0,0.1260858326224384
11577,202610,0,0.05358450712370343
11580,202610,0,0.11960496958272304
11598,202610,0,0.06360935375239093
11602,202610,1,0.11799426024951257
11603,202610,0,0.10705266242143316
11606,202610,1,0.11784313567343384
11612,202610,1,0.15217823364637956
11613,202610,0,0.1401786437265663
11614,202610,0,0.1342560191323085
11620,202610,0,0.120746242129346
11621,202610,0,0.14737117815821874
11622,202610,0,0.046839184271022176
11623,202610,1,0.11616666228922642
11624,202610,1,0.133814887697261
11626,202610,0,0.07718169185258916
11630,202610,0,0.1418326993786625
11636,202610,0,0.13725190795593206
11637,202610,0,0.05886408214875761
11639,202610,0,0.08985063621142275
11643,202610,0,0.2530028363597816
11644,202610,1,0.10862885118665198
11645,202610,1,0.24182025810439414
11647,202610,0,0.16107786310595024
11653,202610,0,0.11880217219265364
11654,202610,0,0.06099134761207761
11655,202610,1,0.13188520809103396
11660,202610,0,0.12770949950610647
11661,202610,0,0.11311157646760545
11664,202610,0,0.15648359560038566
11667,202610,0,0.13732422741474332
11679,202610,0,0.10027809262237224
11687,202610,0,0.1450189200000226
11691,202610,0,0.05672171046404028
11696,202610,0,0.12138977162162232
11699,202610,1,0.332152564279998
11700,202610,0,0.15118832043497388
11702,202610,0,0.16447899662649365
11703,202610,0,0.05364232965129246
11705,202610,0,0.150337073327327
11711,202610,0,0.13094443781240406
11716,202610,0,0.1079183687890688
11717,202610,0,0.16242237131546658
11719,202610,0,0.1629580092775989
11722,202610,0,0.06210676175144976
11724,202610,0,0.12164121101293827
11728,202610,0,0.13991392895672325
11736,202610,0,0.12939108057536003
11737,202610,0,0.10506667321549606
11738,202610,0,0.11961977213576319
11744,202610,0,0.13049039961859699
11747,202610,0,0.05774665688112467
11753,202610,0,0.07438886245026952
11757,202610,0,0.14454111370758205
11758,202610,0,0.07743365334527152
11760,202610,0,0.089355847915036
11761,202610,0,0.3132500806613094
11762,202610,0,0.1326292138718903
11764,202610,0,0.13798939274595257
11768,202610,0,0.06499576618894018
11773,202610,0,0.07177330558396589
11774,202610,0,0.16695852642974582
11783,202610,0,0.09278325205702144
11785,202610,0,0.1025526490224124
11787,202610,0,0.14793399885760236
11788,202610,0,0.1293873558272366
11791,202610,0,0.10516464883817768
11796,202610,0,0.051924202322317446
11797,202610,0,0.08449755635665117
11798,202610,0,0.0543561442905695
11799,202610,0,0.1318917468539511
11803,202610,0,0.059614366201672354
11806,202610,1,0.2827498896818701
11808,202610,0,0.1306953178375327
11810,202610,0,0.11811602523107965
11814,202610,0,0.1353345663000947
11816,202610,0,0.12800308954672177
11818,202610,0,0.1079692934117318
11822,202610,0,0.12516088068624937
11824,202610,0,0.05206182983211926
11829,202610,0,0.1455907635768364
11835,202610,0,0.17348470275773475
11840,202610,0,0.15647844925337004
11846,202610,0,0.1320359924539936
11847,202610,0,0.11576228329700129
11850,202610,0,0.24531800834551262
11853,202610,0,0.05555169353696838
11854,202610,0,0.07203377134269279
11857,202610,0,0.12933655945925615
11862,202610,0,0.10562328870844391
11871,202610,0,0.14028123638064657
11879,202610,0,0.1626873262125358
11880,202610,0,0.05752725810195287
11883,202610,0,0.058977132178389124
11890,202610,0,0.12309867912931764
11898,202610,0,0.14709187784761882
11900,202610,1,0.15429154175738313
11904,202610,1,0.138768204421891
11905,202610,0,0.14871382031017824
11909,202610,0,0.05028301832065141
11912,202610,0,0.1470143555944836
11913,202610,0,0.14248874183677673
11917,202610,0,0.14254771059119278
11919,202610,0,0.12000941566257517
11920,202610,0,0.06168593447847348
11921,202610,0,0.10639462170253249
11922,202610,1,0.12937277345398424
11924,202610,1,0.1181876710272832
11928,202610,0,0.10730372217723455
11929,202610,0,0.14188368783060507
11935,202610,0,0.06812291693043401
11936,202610,0,0.051294313312490396
11939,202610,0,0.05045044623205488
11942,202610,0,0.05396240344763674
11943,202610,0,0.11652357751963718
11945,202610,0,0.21701919537794442
11946,202610,0,0.12113492991510684
11947,202610,0,0.1138111064489878
11952,202610,0,0.1495587709297299
11956,202610,0,0.14169706689449843
11958,202610,1,0.2152905720822254
11959,202610,0,0.2147738304668626
11967,202610,1,0.1275702340341022
11969,202610,0,0.11833308170262218
11973,202610,0,0.14645404206196716
11974,202610,0,0.1376872561417042
11975,202610,0,0.14180764204064397
11993,202610,0,0.16252870945637082
11994,202610,0,0.13436966836385392
11995,202610,0,0.06937558123224398
12002,202610,0,0.1240931960567984
12004,202610,0,0.10859420948954017
12006,202610,0,0.09982972870069874
12007,202610,0,0.10902936965970741
12014,202610,0,0.14519497360378994
12017,202610,0,0.16665351336415793
12018,202610,0,0.14268354591505894
12019,202610,1,0.07620949813008863
12021,202610,0,0.13864649027227183
12023,202610,0,0.15862169918792182
12024,202610,0,0.13113272502223958
12027,202610,0,0.16868096568994084
12034,202610,0,0.11856418873129197
12040,202610,0,0.13047518568706834
12044,202610,1,0.14147466948229404
12047,202610,0,0.12362731814834393
12048,202610,0,0.11808887071445545
12052,202610,0,0.0632258529972
12057,202610,0,0.1454528108583143
12058,202610,0,0.18698443011818675
12061,202610,0,0.12149735531429912
12062,202610,0,0.1259505953567501
12064,202610,0,0.06793946828629678
12067,202610,0,0.12844185401298897
12070,202610,1,0.13085766391718345
12071,202610,0,0.14093813111872272
12080,202610,0,0.17133116335536724
12085,202610,0,0.056045621016419876
12090,202610,0,0.1284199726115768
12091,202610,1,0.1420292686409529
12092,202610,1,0.045475960852661375
12100,202610,0,0.11686463602019442
12103,202610,0,0.13856944733511223
12104,202610,0,0.14333630329872452
12109,202610,0,0.05006911654977376
12113,202610,1,0.1360140944657477
12114,202610,0,0.13059421938552984
12123,202610,0,0.07033179780837923
12124,202610,0,0.06531728201621818
12128,202610,0,0.24016893160690744
12131,202610,1,0.15658182484162114
12132,202610,0,0.11755175346122833
12135,202610,0,0.12339690366875178
12140,202610,0,0.24882323901138456
12147,202610,1,0.13490475538147206
12149,202610,0,0.05352558024902526
12155,202610,0,0.1096197052374521
12156,202610,1,0.13551239185046857
12158,202610,0,0.16248325276268602
12161,202610,0,0.1562798907090947
12163,202610,0,0.13183012174802497
12164,202610,0,0.12765250072082296
12171,202610,1,0.1597803238237827
12174,202610,0,0.06180152728156071
12175,202610,0,0.14420175265053267
12179,202610,0,0.20702904102045397
12183,202610,0,0.13477836551275196
12184,202610,0,0.14024177618658104
12186,202610,0,0.06356933139079803
12190,202610,0,0.13322059910024425
12193,202610,0,0.13626589290672034
12195,202610,0,0.058987227128744824
12196,202610,0,0.050712947019478066
12203,202610,1,0.12018496463512274
12205,202610,0,0.151603673110865
12213,202610,0,0.15834208501698305
12220,202610,0,0.1490315054798682
12221,202610,0,0.14817994441061372
12222,202610,0,0.06771076581792694
12224,202610,0,0.12489223390127417
12230,202610,0,0.12525797746100148
12235,202610,0,0.12878051177621766
12239,202610,0,0.10752375933113524
12242,202610,0,0.12190635368596422
12244,202610,0,0.13247070978583553
12245,202610,0,0.1442118796520327
12247,202610,0,0.15404065582850443
12254,202610,0,0.17237058715942263
12258,202610,0,0.15101915270090657
12266,202610,0,0.06190128337973204
12267,202610,0,0.15182682446450238
12271,202610,1,0.07493828021246392
12272,202610,0,0.1621419059238595
12273,202610,0,0.13866677193290503
12276,202610,0,0.13716200793644326
12277,202610,0,0.11746376311621735
12283,202610,0,0.13936631967763877
12288,202610,1,0.11886764089086269
12289,202610,0,0.05214621027881909
12297,202610,0,0.11438203396427728
12300,202610,0,0.278564856218559
12302,202610,0,0.06187865266602946
12305,202610,1,0.13792918127963058
12308,202610,1,0.155702436834152
12310,202610,0,0.07379302259462836
12312,202610,0,0.13697539479879578
12314,202610,0,0.0563253011401481
12315,202610,0,0.050608856508926006
12327,202610,0,0.1179323916783294
12329,202610,0,0.13507216662089064
12332,202610,0,0.12345636020216322
12342,202610,0,0.059022766609116865
12346,202610,0,0.11409911618362281
12347,202610,0,0.22616878038686852
12349,202610,0,0.05763954270078388
12350,202610,0,0.10294466399178671
12354,202610,0,0.13088220464049355
12356,202610,0,0.04277417033852855
12359,202610,0,0.1348101928155119
12360,202610,0,0.17340952050779954
12369,202610,0,0.14317745636605236
12372,202610,0,0.04838518714250507
12373,202610,0,0.05032803070803686
12374,202610,0,0.12228924024907682
12375,202610,0,0.16134460571601983
12376,202610,0,0.14139396976656018
12379,202610,0,0.05796512153246835
12382,202610,0,0.11978626861257921
12387,202610,0,0.06223538476897265
12389,202610,0,0.13308992076345208
12394,202610,0,0.1576829119099588
12395,202610,0,0.11467205044483914
12396,202610,0,0.1469228296833059
12404,202610,0,0.15908255346706296
12405,202610,0,0.13152994380970262
12408,202610,1,0.058236454275249844
12412,202610,0,0.24201995210445354
12413,202610,1,0.17513675283331323
12419,202610,0,0.10172689660123399
12429,202610,1,0.14017365582210764
12431,202610,0,0.11108004547570911
12435,202610,1,0.1555104406115528
12440,202610,0,0.1320471376894954
12444,202610,0,0.15828618952070883
12447,202610,0,0.053312216013035804
12452,202610,0,0.12856331170959664
12454,202610,0,0.14149780110016086
12456,202610,0,0.12225826913825782
12458,202610,1,0.12869746859290077
12459,202610,1,0.10162593659993087
12461,202610,0,0.0626792777603283
12467,202610,1,0.15428649933761487
12469,202610,0,0.12556244760848947
12470,202610,1,0.13046850210394123
12472,202610,0,0.07836759444664564
12473,202610,0,0.055022439570664945
12474,202610,0,0.12923814028357988
12476,202610,0,0.13792059057356124
12479,202610,0,0.1969149529990794
12481,202610,0,0.12954821069906114
12484,202610,0,0.15948419015602086
12487,202610,0,0.06413537677313196
12491,202610,0,0.13436025250156877
12493,202610,0,0.1375078981200035
12497,202610,1,0.11474574968968698
12501,202610,0,0.1465225510984051
12502,202610,1,0.14536152226400698
12504,202610,0,0.11299249872069442
12507,202610,0,0.12491050175612482
12510,202610,0,0.11729157169191946
12512,202610,0,0.2589933782716717
12515,202610,1,0.2659404890677153
12518,202610,1,0.11834459155676585
12519,202610,0,0.11698958004251181
12520,202610,0,0.1408417580124055
12526,202610,0,0.12242807235826748
12529,202610,0,0.15965760688118963
12532,202610,0,0.12285230901342878
12533,202610,0,0.14830561276904805
12544,202610,0,0.2114343278383111
12546,202610,0,0.11945241447427216
12551,202610,0,0.1457278877377563
12554,202610,1,0.1484946202730758
12555,202610,0,0.25488577187719547
12559,202610,1,0.12140291146515564
12569,202610,1,0.1512718403604599
12576,202610,0,0.12209739736339918
12581,202610,0,0.14740347626067274
12587,202610,1,0.13781157866616373
12588,202610,0,0.15001976028626432
12593,202610,0,0.10100793966485948
12594,202610,0,0.1156312982581792
12598,202610,0,0.11060066251420475
12599,202610,0,0.1701699922669634
12601,202610,0,0.1424833077238749
12607,202610,1,0.057494669445618735
12610,202610,0,0.17542993565147658
12615,202610,0,0.15533900518268437
12616,202610,0,0.10993833332475139
12622,202610,0,0.06185578721445569
12623,202610,0,0.11718070167775359
12624,202610,0,0.11546850361352705
12625,202610,0,0.1461154050761392
12629,202610,0,0.32675542417946224
12630,202610,1,0.15922223122450543
12632,202610,0,0.05282453762943152
12634,202610,0,0.04180641009760577
12635,202610,0,0.1271496255287861
12638,202610,0,0.14260495229978382
12640,202610,0,0.04501706685682303
12641,202610,0,0.11408190385139164
12642,202610,1,0.14634724481336286
12643,202610,0,0.10849568513022391
12644,202610,0,0.06349890356984322
12647,202610,0,0.12121403242373999
12651,202610,0,0.18643866868109263
12657,202610,0,0.1358729336776956
12658,202610,0,0.12500582052115317
12660,202610,0,0.1518844491512811
12661,202610,0,0.11968288693317998
12666,202610,0,0.09866769549690903
12672,202610,1,0.07237998751562404
12673,202610,0,0.10486378734111107
12676,202610,0,0.16585902617355208
12678,202610,0,0.12673571295262345
12681,202610,0,0.1553827566942125
12682,202610,0,0.21816492447326544
12684,202610,0,0.05530903012754671
12686,202610,0,0.15078410116754
12689,202610,0,0.13719020988265115
12699,202610,0,0.15112504493587767
12701,202610,0,0.13098217014797545
12705,202610,1,0.14606371388582082
12710,202610,0,0.10376390175946583
12712,202610,0,0.12709362913083863
12713,202610,0,0.15048530590819478
12715,202610,0,0.11755140732340015
12716,202610,0,0.13337078616824002
12717,202610,0,0.12792158359544442
12718,202610,0,0.14701411936219505
12720,202610,0,0.13138997307448538
12724,202610,0,0.12280888570377688
12725,202610,0,0.16504602085841805
12726,202610,0,0.12228841865361134
12732,202610,1,0.2472662540812798
12737,202610,1,0.15362555129944705
12741,202610,0,0.1578017668728715
12742,202610,0,0.16934164582635763
12743,202610,0,0.13762587457434622
12748,202610,0,0.11937431634450348
12749,202610,0,0.05916136505628739
12751,202610,0,0.1443347603096926
12752,202610,0,0.1416458529081331
12754,202610,1,0.1305319587647752
12756,202610,0,0.11094662941155947
12760,202610,0,0.11195484373647012
12761,202610,0,0.14434173972214032
12764,202610,0,0.1491920895012519
12767,202610,0,0.05733875084030877
12768,202610,1,0.11318265280512271
12772,202610,0,0.13298270730007783
12774,202610,0,0.13849774762191494
12782,202610,0,0.07482310899029566
12783,202610,0,0.2319960183548426
12784,202610,0,0.11880361064943411
12785,202610,0,0.13013252099924696
12787,202610,0,0.15723357666578147
12798,202610,0,0.11525501504811575
12801,202610,0,0.1595576471356289
12805,202610,0,0.13314833627017325
12806,202610,0,0.1037924210478209
12809,202610,0,0.09037491639317281
12815,202610,0,0.122242610113085
12820,202610,0,0.05605824666515565
12821,202610,1,0.12949200732425206
12824,202610,0,0.08579423159448869
12829,202610,0,0.13011099498369816
12832,202610,0,0.13387319765652528
12833,202610,0,0.1322864709073162
12839,202610,1,0.3302288501262575
12841,202610,0,0.13106105567543513
12843,202610,0,0.10698407861628186
12847,202610,0,0.13032427498501012
12848,202610,0,0.14091937961979717
12849,202610,0,0.11976917348606565
12851,202610,1,0.1539174486571538
12852,202610,0,0.12780677825574221
12855,202610,0,0.12847343371235923
12857,202610,1,0.12056556442893888
12864,202610,0,0.1758607696980734
12872,202610,0,0.060379909801122386
12873,202610,0,0.16888202492257884
12874,202610,0,0.13483310914189878
12875,202610,0,0.05654521269693687
12877,202610,0,0.20715249481024328
12879,202610,0,0.13369905772324234
12885,202610,0,0.14309006451783474
12886,202610,0,0.1479672442191139
12891,202610,0,0.13820009476455783
12893,202610,0,0.14022117272484202
12894,202610,0,0.16785394364412326
12895,202610,0,0.20890450751174403
12896,202610,1,0.1377864909094619
12901,202610,0,0.05374343941077267
12908,202610,0,0.11040045264198245
12912,202610,0,0.11891490312558198
12913,202610,1,0.11354424271752156
12919,202610,0,0.13962185889112716
12923,202610,1,0.16946262560169956
12924,202610,0,0.13091184599585048
12925,202610,0,0.09598376322844994
12929,202610,0,0.12307980328737088
12931,202610,0,0.13648195004065966
12942,202610,0,0.1403753654195691
12945,202610,0,0.11468668059526509
12949,202610,1,0.15334396024863692
12958,202610,0,0.05682402414510378
12962,202610,0,0.16783273413584385
12964,202610,0,0.1309395349144021
12974,202610,0,0.15562457645999553
12976,202610,0,0.05893293337949397
12980,202610,0,0.13053419053429258
12982,202610,0,0.10414083571927199
12984,202610,0,0.12322079545336449
12985,202610,1,0.08685747329479859
12987,202610,0,0.08411195700656804
12991,202610,0,0.14071383535301263
12995,202610,0,0.12195692680740468
12999,202610,1,0.22004711380632452
13001,202610,0,0.2182020457006486
13005,202610,0,0.16915210427128022
13006,202610,0,0.12813709261747286
13010,202610,1,0.15143977592528382
13013,202610,1,0.10581847653572266
13015,202610,0,0.12316166911067528
13017,202610,0,0.13879729321896847
13027,202610,0,0.13561119765811078
13033,202610,0,0.15358846992573313
13034,202610,0,0.12264682904132747
13035,202610,0,0.11747450268651032
13038,202610,0,0.21360719018505364
13041,202610,0,0.13653439094782865
13044,202610,0,0.059869693343291966
13045,202610,0,0.13442293677171718
13046,202610,1,0.06165784426514079
13052,202610,0,0.05106321994944752
13054,202610,1,0.20463660729206487
13056,202610,1,0.14646730936682414
13059,202610,0,0.13058659816279955
13060,202610,0,0.04465707556827283
13061,202610,0,0.1309166799609906
13066,202610,0,0.22996953956510388
13068,202610,1,0.1975623569140852
13073,202610,1,0.1408461341858726
13075,202610,1,0.13900752350585782
13076,202610,1,0.14504859503076742
13078,202610,1,0.1497909279187529
13080,202610,0,0.22653005630843703
13082,202610,0,0.16394071931029686
13096,202610,1,0.10406871878146685
13100,202610,0,0.12836217212111667
13105,202610,0,0.13874560091034266
13106,202610,0,0.23451959607052653
13121,202610,0,0.16539048543897816
13123,202610,0,0.16200492404207414
13125,202610,0,0.04380986367472746
13129,202610,0,0.13671439703100607
13130,202610,0,0.11512932614362131
13132,202610,0,0.16457429559632172
13133,202610,0,0.12050945570893995
13135,202610,0,0.14410450646038722
13141,202610,0,0.12222557165608496
13143,202610,1,0.1322374697354272
13145,202610,0,0.23010170252810383
13149,202610,0,0.06744134662614511
13150,202610,1,0.11231815074304813
13153,202610,0,0.15355310213795317
13158,202610,0,0.12598788349227197
13159,202610,0,0.14995500812349422
13169,202610,0,0.34916018155232315
13170,202610,0,0.12563485046361997
13178,202610,0,0.14155604128991553
13179,202610,0,0.07134992116149397
13180,202610,0,0.13530950200241418
13181,202610,0,0.12449876175502751
13183,202610,0,0.05742603612123974
13191,202610,0,0.13664485918414468
13196,202610,0,0.12444755451310481
13200,202610,0,0.13160653350496027
13202,202610,0,0.10880921179210894
13204,202610,0,0.05454170477903649
13208,202610,0,0.12695339748327503
13212,202610,0,0.12687857118779058
13213,202610,0,0.14948778432587886
13215,202610,0,0.13717181838338524
13217,202610,0,0.12117632620735938
13218,202610,0,0.13975373661005394
13224,202610,1,0.11007225536275944
13225,202610,0,0.10943645680336479
13229,202610,0,0.1221833566877314
13230,202610,1,0.1599159103097776
13232,202610,0,0.1254753934892626
13233,202610,0,0.14175348893284964
13234,202610,0,0.05623282690419056
13249,202610,0,0.05855516012718027
13253,202610,0,0.1312589302411926
13255,202610,0,0.1426043973309087
13257,202610,0,0.22983476035536052
13260,202610,0,0.12745767645652514
13266,202610,0,0.04749211322360587
13269,202610,0,0.05750787385791012
13270,202610,0,0.1423976947904101
13274,202610,0,0.1346054817674716
13281,202610,0,0.12859339290667396
13287,202610,0,0.09698862204057192
13305,202610,0,0.1270069898186177
13308,202610,0,0.04859386029584379
13309,202610,0,0.06467280588368536
13310,202610,0,0.15314534539376987
13311,202610,1,0.10620546490138238
13314,202610,0,0.14883373701542046
13315,202610,0,0.05606786333382932
13317,202610,1,0.12908914698245538
13324,202610,0,0.10346940589293176
13326,202610,0,0.13867208718919327
13328,202610,0,0.12073785478175751
13329,202610,0,0.13139709097607447
13333,202610,0,0.14237824332066873
13335,202610,0,0.22078665908653594
13336,202610,0,0.10038982026357052
13345,202610,0,0.14249684869356008
13348,202610,0,0.14757977267701322
13350,202610,0,0.20488616564208767
13354,202610,0,0.15176280036400677
13357,202610,1,0.21881505355553277
13360,202610,0,0.14864241362519232
13364,202610,0,0.15198272471785562
13366,202610,0,0.1475038119887977
13367,202610,1,0.07290118198172725
13368,202610,0,0.12608693415498795
13375,202610,0,0.09619400075237271
13376,202610,0,0.1302403914670035
13378,202610,1,0.15487902221316754
13380,202610,0,0.10162968232254843
13382,202610,0,0.054749281035498205
13383,202610,1,0.1914586248638175
13384,202610,0,0.1632229145073625
13387,202610,0,0.14720922377878504
13390,202610,0,0.08706028025057731
13392,202610,1,0.16014915853239092
13393,202610,0,0.14238754853593
13395,202610,0,0.16109043574048126
13398,202610,0,0.14252046771639354
13403,202610,0,0.12322101443412521
13404,202610,0,0.08254972482624508
13405,202610,0,0.1503642603272807
13409,202610,0,0.18058987394091003
13411,202610,0,0.12304424140889458
13414,202610,0,0.13585460179486322
13416,202610,0,0.11779286330322222
13417,202610,0,0.056886730431048076
13418,202610,0,0.1343142909175972
13422,202610,0,0.06626379454703761
13430,202610,0,0.24326552528155385
13435,202610,0,0.053505544512126926
13437,202610,0,0.14668389244767427
13439,202610,0,0.13924174766050731
13446,202610,0,0.11145677787592818
13448,202610,0,0.08810697921320917
13449,202610,0,0.13380250457724574
13451,202610,0,0.13352426611679719
13454,202610,1,0.11482841338143407
13455,202610,0,0.14089825010433413
13459,202610,0,0.16371079094226532
13468,202610,0,0.1425153227443683
13470,202610,0,0.059299615969770805
13474,202610,0,0.06443592364665586
13478,202610,0,0.15386587738929827
13481,202610,1,0.24737648806976895
13485,202610,0,0.13058856561060597
13487,202610,1,0.14961207884295616
13488,202610,0,0.155785433200746
13489,202610,0,0.11212575125293833
13490,202610,0,0.12407311493961841
13491,202610,0,0.21990298199044028
13500,202610,0,0.13365495143954786
13504,202610,1,0.19462223170868537
13505,202610,0,0.05882403985666241
13506,202610,0,0.136356602908873
13517,202610,0,0.06824195109512389
13518,202610,0,0.0938884661756025
13523,202610,0,0.13000957129555699
13524,202610,1,0.13200302080194007
13529,202610,0,0.1370681772579644
13532,202610,0,0.06755867384699296
13534,202610,0,0.1348235630788366
13537,202610,0,0.1421085325904731
13539,202610,0,0.13602338267977
13547,202610,0,0.13948072810121329
13548,202610,0,0.14802349701584247
13550,202610,0,0.32391038546594814
13554,202610,0,0.16701311962376095
13555,202610,0,0.19022482523494266
13556,202610,0,0.15105777664298084
13558,202610,0,0.061258579435593354
13562,202610,0,0.127179095243231
13566,202610,0,0.13823497131948193
13574,202610,0,0.07664300668017641
13576,202610,0,0.14241762768803623
13577,202610,0,0.18486849493875646
13580,202610,0,0.0657767619941434
13582,202610,1,0.15644535678511565
13584,202610,1,0.1706738214693139
13586,202610,0,0.2161469149765113
13588,202610,0,0.16578648775512517
13596,202610,1,0.14437948112104695
13597,202610,0,0.21154563297249918
13598,202610,0,0.24548648587248967
13600,202610,0,0.12654138432252315
13602,202610,0,0.108231354037638
13604,202610,0,0.1317487664812712
13605,202610,1,0.40470038651248275
13608,202610,0,0.13811838581261882
13609,202610,1,0.15444631325554495
13616,202610,0,0.1423441506995308
13619,202610,0,0.22625925591761425
13623,202610,0,0.13289461618503373
13625,202610,1,0.1744592049033069
13627,202610,0,0.17084723938630259
13628,202610,0,0.1477738210306285
13630,202610,0,0.06903965242544968
13631,202610,0,0.1481624133419143
13633,202610,0,0.15797575281819945
13635,202610,0,0.150426177406166
13636,202610,0,0.16734225001036468
13640,202610,0,0.13480356479685335
13642,202610,0,0.2409833937441561
13643,202610,1,0.06176129379688304
13647,202610,0,0.14989031092995792
13648,202610,0,0.3046159624346208
13650,202610,0,0.22671100184579182
13652,202610,0,0.13119286384288462
13659,202610,0,0.055913471164339194
13660,202610,0,0.10223651285131535
13661,202610,0,0.12828423880882917
13663,202610,0,0.18966034129481896
13666,202610,0,0.14766488471310574
13667,202610,0,0.06238370962359261
13670,202610,1,0.16289935162577296
13672,202610,0,0.12455850443565412
13673,202610,0,0.1576895307790859
13675,202610,0,0.12026510792488002
13678,202610,0,0.12991646911940022
13679,202610,1,0.12991186208941174
13682,202610,0,0.10195694180138162
13684,202610,0,0.1300598314358699
13689,202610,0,0.13490669356415955
13690,202610,0,0.12803845858683102
13694,202610,1,0.13804277872110435
13696,202610,0,0.14508063588015846
13700,202610,1,0.23000700019085146
13705,202610,1,0.2248100130805406
13706,202610,0,0.14742318232476567
13710,202610,0,0.34782135142670273
13711,202610,0,0.14414065184579145
13712,202610,0,0.15239166164015877
13717,202610,0,0.06085874445188533
13718,202610,0,0.117251484122981
13719,202610,0,0.13633753509201657
13720,202610,0,0.11313686966571061
13722,202610,0,0.11710976129058796
13723,202610,0,0.15286417711697767
13726,202610,0,0.12470002370314585
13733,202610,0,0.06370792829676386
13735,202610,1,0.21672175279047534
13737,202610,0,0.06474109982510415
13739,202610,0,0.15554502180805865
13742,202610,1,0.1386273204413661
13743,202610,0,0.1504724683831263
13750,202610,0,0.12805724746529945
13751,202610,0,0.09253571481801103
13752,202610,0,0.1324659915453793
13754,202610,0,0.20298003861862124
13756,202610,0,0.06722311205146274
13759,202610,1,0.05707599349602726
13760,202610,0,0.061564212366368685
13762,202610,0,0.15765796356421236
13763,202610,0,0.12926344430809486
13764,202610,1,0.14401150218847913
13766,202610,0,0.07276221014879558
13767,202610,0,0.06276053465777301
13769,202610,0,0.11159018087298557
13770,202610,0,0.12304171878039123
13772,202610,1,0.1346196277877467
13774,202610,0,0.1774724365606343
13776,202610,0,0.1406358014560482
13780,202610,0,0.06968980827846014
13781,202610,0,0.21066932961690038
13782,202610,0,0.21989557305323268
13784,202610,0,0.06253087202344959
13787,202610,1,0.1245504078049838
13789,202610,0,0.13941949045032928
13790,202610,0,0.1472207680056867
13792,202610,0,0.0897559850654776
13795,202610,0,0.14018529112476105
13797,202610,0,0.1216209346473124
13800,202610,0,0.11850125957081466
13804,202610,0,0.12367802263891965
13806,202610,0,0.12241217441947239
13809,202610,0,0.11534786571436098
13815,202610,0,0.12212097617435066
13816,202610,0,0.15903281283330398
13817,202610,0,0.16340205178991005
13820,202610,0,0.21623133048066065
13821,202610,0,0.12008604465348828
13824,202610,0,0.161875268262526
13829,202610,1,0.25899717978479286
13830,202610,0,0.1762812993304929
13831,202610,1,0.11213816266517931
13833,202610,1,0.14214238873528773
13838,202610,0,0.1258697377483146
13840,202610,0,0.057839669857461216
13841,202610,0,0.06738616105703678
13842,202610,0,0.14932912283492472
13843,202610,0,0.06784626783462475
13849,202610,0,0.1324410650079156
13850,202610,0,0.14469387948477688
13852,202610,0,0.14620593159180378
13855,202610,0,0.054696207816814
13858,202610,0,0.13566655496382152
13863,202610,0,0.053605665799602825
13871,202610,0,0.24229115160527845
13872,202610,0,0.13600318895247135
13873,202610,0,0.11467506730685112
13874,202610,0,0.1339205657905552
13877,202610,0,0.15643544798579823
13878,202610,0,0.13139515085781076
13879,202610,0,0.1354141873140733
13880,202610,1,0.17148822974973965
13884,202610,1,0.15131202684682504
13885,202610,0,0.14878162883115978
13886,202610,0,0.14143570767875646
13892,202610,0,0.11113978167419106
13895,202610,0,0.0655404768832579
13899,202610,1,0.13889836211901266
13906,202610,0,0.1651366334226423
13907,202610,0,0.14965332686200022
13908,202610,0,0.05203804039058963
13909,202610,0,0.1213002911455357
13911,202610,0,0.11049815293358006
13912,202610,1,0.13956073475424824
13914,202610,0,0.1350905641718394
13918,202610,0,0.17619977261786868
13919,202610,0,0.15495566390464086
13923,202610,0,0.15558875077283527
13927,202610,0,0.18616242015072307
13929,202610,1,0.3623301310293843
13930,202610,0,0.054843888155832056
13931,202610,0,0.14542183980267145
13933,202610,0,0.16503832349117034
13935,202610,0,0.14472219298208908
13938,202610,0,0.16051337607123953
13943,202610,0,0.05979430233062844
13944,202610,0,0.06879577718400211
13946,202610,0,0.135043565312964
13948,202610,1,0.1552034030780994
13949,202610,0,0.10706289861446656
13950,202610,0,0.09444052634916551
13952,202610,0,0.18667688240475608
13957,202610,0,0.1465814142476555
13958,202610,0,0.07908139765313289
13965,202610,0,0.08495702351702636
13970,202610,0,0.05427499217898077
13972,202610,0,0.15238213072461426
13981,202610,0,0.17209770584798323
13983,202610,0,0.08523796761591258
13984,202610,0,0.14418672319814843
13985,202610,0,0.12055450854332263
13986,202610,0,0.12213975078235804
13991,202610,0,0.09552760181931534
13992,202610,0,0.15884860049185803
13993,202610,0,0.15427005304873148
13994,202610,1,0.14335246455668493
13995,202610,0,0.1276794619192688
13998,202610,0,0.11194182830011823
14000,202610,0,0.04980656492750934
14002,202610,0,0.06075448350978636
14003,202610,0,0.0781023181861484
14006,202610,0,0.1553276515104109
14007,202610,1,0.12409799845141754
14011,202610,0,0.13034922544672126
14019,202610,0,0.17151357968666073
14020,202610,0,0.13855506494662698
14021,202610,0,0.35243767876814797
14022,202610,0,0.10917863117071004
14026,202610,0,0.14758494306996792
14031,202610,0,0.07081055506059422
14032,202610,0,0.14667204587471694
14034,202610,0,0.12526937863486043
14035,202610,0,0.14715425857919034
14043,202610,0,0.07473227286987286
14044,202610,1,0.35121213275583896
14046,202610,0,0.14281731492303182
14048,202610,0,0.1478437904820694
14053,202610,1,0.14249122609621004
14056,202610,0,0.1546531830068814
14057,202610,0,0.1359689348252241
14062,202610,0,0.1250500602588263
14065,202610,0,0.11760568049143885
14067,202610,0,0.06562783907240854
14073,202610,1,0.1469311896512466
14082,202610,0,0.060063891139166034
14083,202610,0,0.168828239968115
14086,202610,0,0.13939176065652292
14089,202610,1,0.23187852253973468
14090,202610,1,0.169282743132818
14094,202610,0,0.22655126592247302
14102,202610,0,0.06185409182906328
14103,202610,0,0.23367273330012356
14104,202610,0,0.17447303023063562
14106,202610,0,0.18866007435204754
14107,202610,0,0.15144577436168682
14109,202610,0,0.14185727401874004
14111,202610,0,0.05382341296814665
14113,202610,0,0.12917713904209618
14115,202610,0,0.13476738113972592
14116,202610,0,0.05553741971345939
14118,202610,0,0.06629810387196944
14119,202610,0,0.14087135880462875
14122,202610,0,0.11548351074243651
14123,202610,0,0.13113228596666215
14124,202610,0,0.06378994397134484
14125,202610,0,0.1419783885677125
14126,202610,0,0.16201327713611152
14127,202610,0,0.13512010599654214
14133,202610,0,0.15445112428900654
14137,202610,0,0.13874083771569304
14138,202610,1,0.14624040996064053
14139,202610,0,0.13196172213378599
14143,202610,0,0.11756819598085111
14148,202610,0,0.12759828429076334
14149,202610,0,0.11646515603062396
14150,202610,0,0.058572637224311976
14154,202610,1,0.0570602189330453
14162,202610,0,0.059800462223522345
14163,202610,0,0.12999157317276608
14164,202610,0,0.12473302119464526
14168,202610,1,0.1253848133831023
14169,202610,0,0.1506449282041523
14173,202610,0,0.10921127900784318
14174,202610,0,0.16113207933307225
14178,202610,0,0.15153759094158173
14181,202610,0,0.0749200869820265
14186,202610,0,0.11430037895332844
14187,202610,0,0.14343135688688102
14188,202610,0,0.1252995125774451
14190,202610,0,0.04739350148226818
14192,202610,0,0.16110011183670903
14193,202610,0,0.14956930827248288
14195,202610,0,0.15314625786845995
14198,202610,0,0.23587779273231751
14200,202610,0,0.1563643381253209
14201,202610,0,0.1316398358715211
14208,202610,0,0.21675586407954728
14212,202610,0,0.14667410643512402
14214,202610,0,0.13236092835095392
14216,202610,1,0.10901082418286522
14220,202610,0,0.11119247144989805
14221,202610,1,0.15530280018263207
14224,202610,0,0.1423131984495733
14229,202610,0,0.12134292426214106
14232,202610,0,0.15483433619850362
14233,202610,0,0.1056458270662324
14235,202610,0,0.14053460503685086
14236,202610,1,0.11440803029431489
14241,202610,0,0.05833045102252686
14242,202610,0,0.14031422408293845
14243,202610,1,0.15610114676373948
14246,202610,0,0.12911306814841125
14247,202610,0,0.1148713038326257
14250,202610,0,0.06126492964016083
14251,202610,0,0.21705816535264882
14254,202610,0,0.15518918624532868
14255,202610,1,0.14800733035646893
14257,202610,0,0.07630146534700141
14258,202610,1,0.14581325986701615
14259,202610,0,0.14462193892453437
14261,202610,0,0.11042273509321396
14262,202610,0,0.16261351793189252
14265,202610,1,0.22431018430808508
14267,202610,0,0.1302516073718346
14272,202610,1,0.24744145706315637
14281,202610,0,0.11405911718654048
14282,202610,0,0.14515376425009408
14283,202610,1,0.13865627253445725
14285,202610,0,0.05605234901529744
14286,202610,0,0.143760101735761
14288,202610,1,0.2303651505693125
14292,202610,0,0.14301579360796485
14293,202610,0,0.14304285812794018
14294,202610,0,0.19348967790705587
14296,202610,0,0.2297722669775638
14297,202610,0,0.055922460807319524
14298,202610,0,0.1128282684608631
14301,202610,0,0.05287719978277167
14303,202610,1,0.11648865707132244
14306,202610,1,0.14288214937283866
14308,202610,0,0.12385727205011264
14311,202610,0,0.14199225012852476
14313,202610,0,0.24309357484801544
14314,202610,0,0.05402022993955586
14315,202610,0,0.051444629653951385
14317,202610,1,0.33819826877011155
14318,202610,0,0.14638803595030764
14320,202610,0,0.13989560306852206
14325,202610,0,0.057866622966122945
14330,202610,1,0.14451637720357266
14333,202610,0,0.13903962931840463
14336,202610,0,0.14812452816055427
14338,202610,0,0.13808375130688677
14340,202610,0,0.13791138557807348
14343,202610,1,0.0670638244390311
14344,202610,0,0.17746431815412722
14346,202610,1,0.15315846778867073
14354,202610,0,0.1405989522634979
14356,202610,1,0.1461609185124759
14359,202610,0,0.1485360694740616
14361,202610,0,0.13539201938322817
14362,202610,0,0.13967908466373194
14363,202610,0,0.1589137077971948
14367,202610,0,0.13549550257692075
14368,202610,1,0.14895933822863688
14369,202610,0,0.078192137887227
14370,202610,0,0.24135414611805484
14376,202610,0,0.11231054643109772
14381,202610,1,0.16494928411593054
14382,202610,0,0.2332815395025989
14387,202610,0,0.11973958568454883
14388,202610,1,0.1640780198124839
14389,202610,0,0.15682805810220962
14390,202610,0,0.1294956920722602
14392,202610,0,0.1349477902921304
14393,202610,0,0.09720644072302954
14396,202610,0,0.13927024609779254
14407,202610,0,0.12557602237972765
14410,202610,0,0.1419138746482075
14412,202610,0,0.10941881952789616
14413,202610,0,0.15475519235424495
14414,202610,0,0.045892454614389656
14416,202610,0,0.14252348129876546
14417,202610,0,0.13183163071665258
14420,202610,0,0.12172585100049599
14423,202610,0,0.15507490857395229
14427,202610,0,0.16405847764141704
14430,202610,0,0.1786963147188056
14433,202610,0,0.13331141700746543
14434,202610,0,0.12263688326255026
14435,202610,0,0.2029439408894568
14436,202610,0,0.11937814322201623
14437,202610,1,0.17244582633434233
14438,202610,0,0.05177625301181741
14439,202610,0,0.1302228064270973
14440,202610,1,0.11669812389451877
14442,202610,0,0.10525843206387293
14443,202610,0,0.14518044832473012
14444,202610,0,0.08200198019151592
14446,202610,0,0.11807005075422775
14448,202610,0,0.15858130670625267
14449,202610,0,0.23342999294952554
14450,202610,1,0.14834149728643672
14451,202610,0,0.12457373991087484
14459,202610,0,0.154358686062575
14464,202610,0,0.1315617540298589
14466,202610,0,0.15180017184393704
14467,202610,0,0.1526212014082623
14469,202610,0,0.14951355136289413
14470,202610,0,0.05730866143454627
14471,202610,0,0.15643261237116415
14476,202610,0,0.05459805828376569
14477,202610,0,0.14650768981312362
14479,202610,0,0.06191059536638208
14480,202610,0,0.1593759162010648
14481,202610,0,0.05558064292058302
14484,202610,0,0.13593024873796616
14485,202610,0,0.10000900410735361
14486,202610,0,0.14284797471057306
14488,202610,0,0.15827797887787431
14489,202610,1,0.20824822799036763
14493,202610,0,0.12498259651892538
14495,202610,1,0.1301695473980998
14499,202610,0,0.12550855860030138
14504,202610,0,0.1597224602830057
14505,202610,1,0.07479139981126118
14508,202610,0,0.14189197784813673
14509,202610,0,0.1451361138740281
14510,202610,0,0.16253350583013798
14512,202610,1,0.08153129428667649
14516,202610,0,0.15659216090956288
14520,202610,0,0.12990028524559402
14522,202610,0,0.15088679402219865
14523,202610,0,0.12085867864276091
14529,202610,0,0.1577890029454899
14532,202610,0,0.06235683875796651
14537,202610,0,0.06330808676858485
14538,202610,0,0.12998053439921062
14540,202610,0,0.1329094949292734
14541,202610,0,0.11448113803051563
14542,202610,0,0.1734070570324978
14544,202610,0,0.14409563351359658
14545,202610,1,0.1421327906027526
14548,202610,0,0.08884665579785657
14550,202610,0,0.18082930916725343
14551,202610,0,0.1466434215309572
14553,202610,1,0.1585524481852949
14554,202610,0,0.06278937163843477
14555,202610,0,0.05594492107700887
14563,202610,0,0.13365174714807876
14564,202610,0,0.14254856570948118
14570,202610,1,0.2689482249313981
14571,202610,0,0.07737732583498173
14572,202610,0,0.14740650906868244
14574,202610,0,0.14770826507706672
14576,202610,0,0.12364926961973585
14580,202610,0,0.06998483912091301
14581,202610,0,0.12403446088947744
14582,202610,0,0.17053661236149514
14583,202610,0,0.12409409258962267
14586,202610,0,0.12436223485920046
14591,202610,0,0.13150308420530166
14593,202610,0,0.15220524948885483
14594,202610,0,0.13316582671746144
14595,202610,1,0.20542282497103367
14596,202610,1,0.11468027283156695
14598,202610,1,0.24300146195936287
14599,202610,0,0.13772753823308656
14601,202610,0,0.1375749639660742
14602,202610,0,0.09812486629893329
14603,202610,0,0.1610058596525033
14604,202610,0,0.151127655826164
14610,202610,0,0.1816566662597253
14617,202610,0,0.23714466904739
14618,202610,0,0.12400508047473478
14620,202610,0,0.14087028447307523
14622,202610,0,0.19182654118335934
14624,202610,1,0.15128044206068048
14628,202610,0,0.06650710493505141
14629,202610,0,0.27185531337784347
14630,202610,0,0.1295704783781436
14632,202610,0,0.35524604570406404
14634,202610,0,0.12141154057016856
14638,202610,1,0.11772637108278029
14639,202610,1,0.16437090236431795
14640,202610,0,0.16093111917753938
14645,202610,1,0.16102501202996297
14646,202610,0,0.05341130685615043
14648,202610,0,0.15043202382738233
14650,202610,0,0.1609833750137986
14651,202610,0,0.13057320403464945
14654,202610,1,0.1512215702850031
14658,202610,0,0.24439803784793573
14661,202610,0,0.14038621422692174
14666,202610,0,0.061794093998876386
14672,202610,0,0.17303651957771185
14673,202610,0,0.12295729537083727
14675,202610,0,0.21415148800346498
14678,202610,0,0.13731559478632466
14680,202610,0,0.12290465982928432
14684,202610,1,0.34920373565259094
14685,202610,0,0.20693256621072803
14688,202610,0,0.1423233400923798
14692,202610,0,0.14409455600849055
14693,202610,1,0.15605011389184018
14694,202610,0,0.1315379981086079
14695,202610,0,0.18354507223083066
14702,202610,0,0.15268018756197782
14705,202610,0,0.05253935906729605
14706,202610,0,0.1449279220461949
14707,202610,0,0.14934454116400644
14711,202610,0,0.1365430122153136
14713,202610,0,0.06708536676282846
14714,202610,0,0.1346507659003911
14717,202610,0,0.13747432335672158
14721,202610,0,0.1362123926442506
14722,202610,0,0.22346770896133278
14726,202610,0,0.13781563107915518
14730,202610,1,0.22720088658366858
14735,202610,0,0.11840157980111299
14736,202610,0,0.15444497110363242
14742,202610,0,0.1793081722880866
14744,202610,0,0.3950337675335944
14746,202610,0,0.1362097869068424
14748,202610,0,0.13689955927505737
14751,202610,0,0.16706463844930167
14753,202610,0,0.17256748745236294
14754,202610,0,0.14930641028848582
14755,202610,0,0.11248877843634394
14759,202610,0,0.15122186502017604
14760,202610,1,0.1405298669708479
14764,202610,0,0.16588822930581062
14766,202610,0,0.14763128994931748
14767,202610,0,0.17310390227485747
14768,202610,0,0.15541213918043292
14770,202610,0,0.12957402464183007
14773,202610,0,0.16950063935710774
14777,202610,0,0.13253808427834418
14778,202610,0,0.11945426941815943
14779,202610,0,0.10823942007819781
14782,202610,0,0.1329596476669607
14783,202610,0,0.1570588912009132
14784,202610,0,0.12136785342243994
14791,202610,0,0.1548518744539641
14793,202610,0,0.056377379196927924
14794,202610,0,0.24822907072326286
14795,202610,0,0.13185584505912118
14796,202610,0,0.39233768623321713
14797,202610,0,0.14851824084885284
14800,202610,0,0.05503488310334236
14802,202610,0,0.13889312894316766
14803,202610,0,0.05386131810963877
14804,202610,1,0.1477851593506487
14805,202610,0,0.16279515410319692
14806,202610,1,0.2173336744637605
14808,202610,0,0.24898709722630039
14809,202610,0,0.0674639432159091
14812,202610,0,0.37398769277159877
14813,202610,0,0.15287533403735784
14814,202610,0,0.13948616773201994
14818,202610,0,0.16829328871248442
14819,202610,0,0.10074620587129154
14820,202610,0,0.05367291499228212
14821,202610,0,0.25252851416200434
14822,202610,0,0.1458980256861335
14824,202610,0,0.2386637326586895
14826,202610,0,0.1492232360965905
14827,202610,0,0.11861571377405351
14831,202610,0,0.1602693854773068
14832,202610,0,0.12989148002748296
14834,202610,0,0.17741296965185888
14839,202610,0,0.15285190702323567
14841,202610,0,0.15681579883810107
14842,202610,0,0.15925790211133492
14848,202610,0,0.1287402591157481
14849,202610,0,0.05950551979916099
14852,202610,0,0.1419849018760767
14855,202610,0,0.12746817869607643
14856,202610,0,0.16134068613136532
14865,202610,0,0.06853811980247641
14866,202610,0,0.059743647972373325
14869,202610,0,0.11733192746303096
14873,202610,0,0.15907778214576188
14874,202610,1,0.1724012947948425
14877,202610,0,0.12814182033237168
14878,202610,0,0.137518969371417
14881,202610,0,0.05912799560548865
14882,202610,0,0.2356555705181186
14883,202610,0,0.1476850853982976
14885,202610,0,0.16289059326758762
14889,202610,0,0.1722343760914492
14890,202610,0,0.15561305857579277
14892,202610,0,0.13306114747963244
14893,202610,0,0.057586742681318984
14894,202610,0,0.06327815739642896
14895,202610,0,0.14472838079001474
14896,202610,1,0.16409070433247636
14897,202610,0,0.15268534819388332
14901,202610,0,0.11598617290362173
14904,202610,0,0.04769130005437182
14906,202610,1,0.13639737677215766
14908,202610,0,0.14238114850039715
14909,202610,0,0.16325226722189465
14910,202610,0,0.10986872677250024
14914,202610,0,0.13651750071650615
14916,202610,0,0.09504108503208832
14917,202610,0,0.04914369342102359
14918,202610,0,0.1202718949282189
14919,202610,0,0.24382152210077593
14923,202610,0,0.1241981805283185
14925,202610,1,0.1283167553205014
14927,202610,0,0.13172917487681804
14928,202610,0,0.1031689840277384
14929,202610,0,0.14230247218535086
14931,202610,0,0.14550586113877026
14934,202610,0,0.13361184099507306
14935,202610,0,0.24219917992349657
14948,202610,0,0.260790537455919
14949,202610,1,0.12417198436279465
14950,202610,0,0.1328136931529316
14951,202610,0,0.1440548836971722
14952,202610,0,0.06306445931853633
14954,202610,0,0.2189887125269712
14960,202610,0,0.07112114696813696
14962,202610,0,0.056059769605523835
14966,202610,1,0.1435953811127168
14970,202610,0,0.12755358641718373
14973,202610,0,0.1305307992167258
14976,202610,0,0.14742465613569983
14978,202610,0,0.13698801922568568
14979,202610,0,0.12809447918306838
14980,202610,1,0.15042772908474994
14982,202610,0,0.1311919752994652
14983,202610,1,0.13228495212348418
14985,202610,0,0.06056664577752359
14986,202610,0,0.1292502208728438
14987,202610,0,0.11771939200272036
14988,202610,0,0.1841531448130873
14991,202610,0,0.12191082726464694
14994,202610,0,0.24506868079089175
14995,202610,1,0.13984408039083415
14996,202610,0,0.16451326604408673
14997,202610,0,0.14343718632743221
14998,202610,0,0.14897094831627516
14999,202610,0,0.1380745023347815
15000,202610,0,0.12137509878801633
15003,202610,0,0.14238055516635553
15005,202610,0,0.15428554670010822
15006,202610,0,0.13569228451492754
15007,202610,1,0.15177408465027722
15009,202610,0,0.1533989121813634
15012,202610,0,0.19641125320304523
15015,202610,0,0.14247164871121934
15018,202610,0,0.1365465367577766
15028,202610,1,0.14976466442694775
15029,202610,0,0.15711490811344056
15034,202610,1,0.13406276010696977
15036,202610,0,0.13753018484777796
15037,202610,0,0.22502542181185486
15040,202610,0,0.17175597154981215
15041,202610,0,0.14656977335665253
15042,202610,0,0.1271457831884241
15046,202610,0,0.20047140839437197
15047,202610,0,0.12233530016925628
15050,202610,0,0.14061542872613542
15051,202610,1,0.1355946865951889
15053,202610,0,0.15315642902188295
15056,202610,0,0.15708880257620866
15057,202610,0,0.15961658740314108
15058,202610,0,0.13417524765458227
15060,202610,0,0.09965173935511132
15061,202610,0,0.144443178451145
15062,202610,0,0.1497286115507859
15066,202610,0,0.06274007783485959
15067,202610,0,0.1624714896736473
15068,202610,0,0.06512344726417968
15069,202610,0,0.06359199562671977
15072,202610,0,0.14021662898287118
15076,202610,1,0.1586379223419447
15077,202610,0,0.1384417502901357
15078,202610,1,0.14579254983208334
15089,202610,0,0.14309520678944396
15093,202610,0,0.1390270166562823
15096,202610,0,0.12736954236751197
15097,202610,0,0.10382712178735186
15099,202610,0,0.1253058100092689
15101,202610,0,0.1689236811802195
15103,202610,0,0.1502759081632322
15104,202610,0,0.12862465749331314
15105,202610,0,0.12469906846607044
15108,202610,0,0.13580343109397727
15109,202610,0,0.12700487950629352
15112,202610,0,0.13983485796252734
15114,202610,0,0.15278429699548118
15117,202610,0,0.06270517448540511
15118,202610,1,0.22075631573065702
15121,202610,1,0.15313427886337763
15122,202610,0,0.10918005422300983
15126,202610,0,0.14582368017616465
15128,202610,0,0.14998431752242472
15129,202610,0,0.16765551773940335
15130,202610,0,0.05138510992692874
15131,202610,1,0.14772484315399667
15132,202610,0,0.06332851115776021
15133,202610,0,0.1176917301072329
15134,202610,0,0.05619770329240642
15136,202610,0,0.14659149008197467
15137,202610,0,0.21977722171836742
15139,202610,0,0.11757790805884386
15142,202610,0,0.06599885157322075
15145,202610,0,0.12295818631426221
15146,202610,0,0.05953690618711388
15147,202610,0,0.12740088206257436
15150,202610,0,0.21685655755181385
15159,202610,0,0.1385317086240787
15163,202610,0,0.16092865107795862
15165,202610,0,0.05933981943821859
15167,202610,0,0.12371625858807216
15168,202610,0,0.05448584380889023
15173,202610,0,0.1270482386362815
15181,202610,0,0.1317587990810147
15183,202610,0,0.158596137721711
15185,202610,0,0.17869930746438337
15186,202610,0,0.15739723408218118
15189,202610,0,0.11753941377799583
15190,202610,0,0.05281003916831215
15191,202610,0,0.12022324192762072
15193,202610,0,0.15760633464947266
15196,202610,0,0.11935591506600701
15199,202610,0,0.15033606356493362
15200,202610,0,0.14929454348161736
15201,202610,0,0.1780272551921749
15204,202610,0,0.16783929288459448
15207,202610,0,0.058937186205541676
15209,202610,0,0.15976128952580024
15212,202610,0,0.12470307920276077
15213,202610,0,0.1319632627094829
15214,202610,0,0.15712222129996772
15215,202610,0,0.15717513449975262
15216,202610,0,0.156514332536192
15222,202610,0,0.13159396342393173
15223,202610,0,0.10560012050160165
15224,202610,0,0.23496994383999867
15227,202610,0,0.128689749824519
15231,202610,0,0.12204038521472836
15232,202610,1,0.13111533636771436
15234,202610,0,0.1520642149397749
15236,202610,0,0.13099118767664408
15240,202610,0,0.16975688579370551
15241,202610,0,0.16906260744223875
15242,202610,0,0.17483951608116127
15243,202610,0,0.17190927406282774
15244,202610,1,0.2193411063194902
15247,202610,0,0.14401619348919148
15250,202610,0,0.1207816339989972
15253,202610,0,0.13930501697895592
15254,202610,0,0.13285962940278298
15255,202610,0,0.15012192620542714
15260,202610,0,0.11719259251843893
15262,202610,1,0.16012893015675225
15265,202610,0,0.05387647010432969
15275,202610,0,0.12107114799103598
15276,202610,1,0.15837117682013888
15280,202610,0,0.15433223489532727
15281,202610,0,0.15264221176873446
15282,202610,0,0.1900675534774609
15283,202610,0,0.1499893672474629
15284,202610,0,0.18601482917435866
15289,202610,0,0.14258776299514364
15292,202610,0,0.1526841064747366
15293,202610,0,0.10530881102326276
15300,202610,0,0.1764563082822521
15301,202610,0,0.14036221319140668
15302,202610,0,0.3382184132004343
15303,202610,0,0.13124573625121627
15306,202610,0,0.11350401915672702
15307,202610,0,0.1635651801939523
15310,202610,0,0.19025908549672182
15311,202610,0,0.14021826638174953
15313,202610,0,0.1638369730206072
15318,202610,1,0.23369486223169303
15320,202610,0,0.1284975437351764
15322,202610,0,0.05372315561587086
15323,202610,1,0.1900359322080806
15324,202610,0,0.13746112095341978
15327,202610,0,0.16885115298719092
15328,202610,1,0.3542705783225535
15329,202610,0,0.13694087947884848
15335,202610,1,0.1394489502360748
15340,202610,0,0.24959092910958375
15342,202610,1,0.05771851855406892
15349,202610,0,0.12781003208084069
15355,202610,0,0.11853276388212061
15356,202610,0,0.1460190261091731
15359,202610,0,0.35781726490412674
15360,202610,0,0.11989028081218944
15361,202610,0,0.07795325281980169
15364,202610,0,0.1601212717718794
15365,202610,1,0.12284334837886862
15367,202610,0,0.07373569822658906
15368,202610,0,0.22501554627652035
15370,202610,1,0.1283840371564326
15372,202610,0,0.23726869964473632
15373,202610,0,0.14694070678189763
15374,202610,0,0.05806702136090619
15377,202610,0,0.17831367517822397
15381,202610,0,0.13255085897291347
15383,202610,0,0.15166724128184547
15386,202610,0,0.0478142678980981
15387,202610,0,0.16109860107514046
15391,202610,0,0.1530971450618835
15392,202610,1,0.13469042927629718
15394,202610,0,0.04159965392995813
15395,202610,0,0.16009653335373056
15396,202610,0,0.06199233983590505
15397,202610,0,0.11855526329855365
15399,202610,0,0.12359790216322476
15400,202610,0,0.08944441842398013
15404,202610,0,0.14642390378824535
15405,202610,1,0.3505624892085081
15406,202610,1,0.12256953781421266
15407,202610,0,0.12706351570346183
15408,202610,0,0.11083617513437649
15409,202610,0,0.05170428608871293
15411,202610,0,0.2099048127291982
15414,202610,0,0.16322380205601691
15416,202610,0,0.11269613741833834
15421,202610,0,0.10020028975326992
15423,202610,0,0.11924052304723996
15424,202610,1,0.15853096044111378
15425,202610,0,0.05057297384500967
15426,202610,0,0.16509252650234246
15428,202610,0,0.15223325930298673
15429,202610,0,0.12754055940778733
15430,202610,0,0.14577420255973259
15437,202610,0,0.16286388500371765
15438,202610,0,0.06353835475261561
15447,202610,1,0.1646868091579467
15449,202610,0,0.12162180001828303
15451,202610,0,0.142269523460357
15455,202610,0,0.14100449722589145
15456,202610,0,0.16165791252345257
15459,202610,0,0.16863793258119472
15460,202610,0,0.14270586998085816
15461,202610,1,0.12568288711559042
15462,202610,0,0.14480230559774063
15465,202610,0,0.15648367463288682
15466,202610,0,0.1478210034169832
15467,202610,0,0.14150251171774486
15468,202610,0,0.1748678805131333
15469,202610,0,0.06613606043153951
15470,202610,0,0.13379881268292323
15473,202610,0,0.2064073183457542
15474,202610,0,0.16345856015516497
15478,202610,1,0.1773096906629265
15484,202610,0,0.11782959028407959
15486,202610,0,0.14551499654643377
15488,202610,0,0.13324540610503305
15489,202610,0,0.06115584220930365
15491,202610,1,0.2204870231144423
15492,202610,1,0.1278398013431682
15493,202610,0,0.121199781935476
15494,202610,0,0.11807761465239251
15499,202610,1,0.07683290009720355
15502,202610,1,0.12887923886369107
15511,202610,0,0.06169863280709425
15512,202610,0,0.15329959360935844
15513,202610,1,0.05423674896769587
15517,202610,0,0.1684171446180552
15518,202610,0,0.14470805712593712
15522,202610,0,0.05452155571752315
15524,202610,0,0.16315531021893087
15526,202610,0,0.12980264996886123
15527,202610,0,0.12294709318207679
15528,202610,0,0.10567078503385623
15532,202610,1,0.16277640355754722
15534,202610,0,0.14656328441812422
15537,202610,0,0.17548011155957757
15538,202610,0,0.1504786815817981
15541,202610,0,0.06421649024901614
15544,202610,0,0.14370998913839894
15545,202610,0,0.1377358740638579
15546,202610,0,0.05397803931321691
15547,202610,0,0.05739163010725329
15548,202610,0,0.16738464604441664
15549,202610,0,0.18777564762390073
15550,202610,0,0.1274003306756129
15551,202610,0,0.06969749356102178
15552,202610,0,0.0601505839648094
15553,202610,0,0.11585836203626272
15558,202610,1,0.12668191683122604
15559,202610,1,0.16590101276196503
15562,202610,0,0.111878659343157
15563,202610,0,0.2231432261809371
15564,202610,0,0.16418743390248805
15567,202610,0,0.14600465573898638
15568,202610,0,0.1391671593579025
15569,202610,0,0.0639928593608541
15573,202610,0,0.060321231946209024
15574,202610,0,0.10315712640825443
15579,202610,0,0.13344372660178416
15581,202610,0,0.06012293993747698
15582,202610,0,0.1376278295823038
15586,202610,0,0.14588276282493293
15589,202610,0,0.13636323475870146
15590,202610,0,0.11640511634121646
15591,202610,0,0.12731637408768998
15594,202610,0,0.11676340209321966
15596,202610,0,0.14146212128519592
15598,202610,0,0.13632300601294942
15600,202610,0,0.11879303299026797
15603,202610,0,0.1589139939851195
15609,202610,0,0.15439166055120612
15610,202610,0,0.23794091367183262
15613,202610,0,0.12427126171348746
15617,202610,0,0.049645406032240706
15619,202610,0,0.16613318555141326
15620,202610,1,0.281789540993487
15621,202610,1,0.13897536359250462
15625,202610,0,0.11631365486499977
15632,202610,1,0.13801730810017612
15633,202610,0,0.06811873760256675
15636,202610,0,0.18982325980817769
15637,202610,0,0.1462954192746326
15640,202610,0,0.1233102596125763
15641,202610,0,0.12876792151868147
15642,202610,0,0.11094470751138527
15643,202610,0,0.10356559486836561
15645,202610,0,0.15047763400729078
15650,202610,0,0.12635082241895135
15653,202610,0,0.07540715544074485
15655,202610,0,0.1757807305982791
15661,202610,0,0.16196098336434636
15663,202610,0,0.14225425145740392
15665,202610,0,0.06190991501391374
15667,202610,0,0.13911787604353318
15671,202610,0,0.05757843576284509
15672,202610,1,0.14079561611928063
15673,202610,0,0.24161300652501905
15676,202610,0,0.06483532787109192
15679,202610,0,0.14653808868354007
15680,202610,0,0.15361978861150985
15684,202610,0,0.23632705402640153
15685,202610,0,0.051276171647504684
15690,202610,0,0.12840144419164035
15695,202610,0,0.11762450244751797
15696,202610,1,0.12049222689411945
15698,202610,1,0.23559432998312058
15699,202610,0,0.21336349629182752
15701,202610,0,0.07519577401354938
15705,202610,0,0.23834341314184854
15709,202610,0,0.0578748258600847
15717,202610,0,0.14278950446206845
15718,202610,0,0.2741112336598212
15721,202610,0,0.3348251495428952
15723,202610,1,0.1654739632850319
15724,202610,0,0.16731542229855775
15725,202610,0,0.11314031138596721
15728,202610,0,0.13613147435869366
15729,202610,0,0.1484438010828142
15731,202610,0,0.12431323171696533
15732,202610,0,0.13400155447501086
15733,202610,0,0.13742466380022567
15739,202610,0,0.21516640434760304
15742,202610,0,0.05438233724483758
15743,202610,0,0.0572073558609184
15744,202610,0,0.1085641582749205
15745,202610,0,0.06076638123156042
15746,202610,1,0.14857634993149751
15748,202610,0,0.061230246155274046
15751,202610,0,0.18218249474901665
15752,202610,0,0.1391880434236741
15760,202610,0,0.07012770901130568
15761,202610,0,0.06332778209494618
15764,202610,0,0.14381418318365372
15766,202610,0,0.19862456704393472
15770,202610,0,0.04751492621679295
15771,202610,0,0.14199999411817935
15773,202610,0,0.057661964426900296
15774,202610,0,0.14761317485031955
15776,202610,1,0.20523758299003847
15777,202610,0,0.13313416512757525
15778,202610,0,0.19943132063794378
15780,202610,0,0.06608078049634766
15782,202610,0,0.3261198483952453
15783,202610,0,0.15430006456695355
15785,202610,0,0.13654785099110192
15787,202610,0,0.14471463341095034
15788,202610,0,0.1876154858761073
15789,202610,0,0.11350557291787391
15793,202610,0,0.23169899055883952
15795,202610,0,0.16007928507827754
15798,202610,0,0.17552134430079586
15801,202610,0,0.17449495712762172
15802,202610,0,0.13424376059115825
15804,202610,0,0.13505644709520429
15809,202610,0,0.13421777490984615
15810,202610,0,0.12987292186602753
15814,202610,0,0.12987008159789343
15831,202610,0,0.0742089538147819
15833,202610,0,0.24951226447634584
15835,202610,0,0.15793139524588728
15837,202610,0,0.04412611101678122
15841,202610,0,0.11950348381759951
15842,202610,0,0.07773564363155684
15845,202610,0,0.13672135999084634
15849,202610,0,0.0612531359246961
15850,202610,0,0.07199610570282078
15851,202610,0,0.044622377041259896
15853,202610,0,0.12331835640433442
15854,202610,0,0.15214488703558973
15857,202610,0,0.061036036108165395
15861,202610,0,0.2604273671360627
15862,202610,0,0.16404748420770643
15863,202610,0,0.1459708292897172
15868,202610,0,0.21656567805140706
15871,202610,0,0.12314424868673297
15873,202610,0,0.11344732247078942
15876,202610,0,0.13534002032570636
15880,202610,0,0.13518154314873743
15883,202610,0,0.122788952755529
15884,202610,0,0.1067949401872913
15886,202610,1,0.13293006829616136
15887,202610,0,0.09876310989952945
15888,202610,0,0.12367599369884319
15889,202610,0,0.14281165920917213
15890,202610,0,0.13876483682832466
15891,202610,0,0.14326675336614425
15892,202610,0,0.12572154677793113
15893,202610,0,0.13311243594286107
15897,202610,0,0.10260280861745295
15898,202610,0,0.24599169060438703
15902,202610,0,0.15115133492995383
15903,202610,0,0.06977099996563921
15904,202610,0,0.15262467310981878
15905,202610,0,0.16313058762426016
15909,202610,1,0.19596845633630725
15910,202610,0,0.1423909543048961
15911,202610,0,0.1337376506056786
15912,202610,0,0.1324935320814157
15916,202610,0,0.05872881571794974
15917,202610,0,0.0523858063894222
15924,202610,0,0.1722108999971096
15930,202610,0,0.1693744333050476
15932,202610,0,0.1687405690716081
15937,202610,0,0.12566412742018376
15938,202610,0,0.1340622087985802
15939,202610,1,0.24180466264800582
15940,202610,0,0.15339836650644031
15941,202610,1,0.1429568885826167
15942,202610,0,0.13017117305789844
15943,202610,0,0.2910787607491168
15944,202610,0,0.06074515838150494
15945,202610,0,0.12307421617419441
15946,202610,0,0.13420673029714641
15948,202610,0,0.059493615482946224
15949,202610,0,0.06537634603844505
15952,202610,0,0.12464344471659972
15953,202610,0,0.16050311683682142
15954,202610,0,0.06110410116592758
15956,202610,0,0.13558031502499013
15957,202610,0,0.10435988804983122
15960,202610,0,0.06587173260296456
15962,202610,0,0.13613423030359764
15965,202610,0,0.1262390542780502
15968,202610,0,0.15642055609248073
15969,202610,0,0.15440783928786922
15975,202610,0,0.11797851294733949
15977,202610,0,0.24383449146838937
15982,202610,0,0.13671550494448806
15987,202610,0,0.15441861255004255
15988,202610,0,0.1418500022302361
15990,202610,0,0.06724450760604785
15991,202610,0,0.04987677351734307
15992,202610,0,0.07749014870322299
15993,202610,0,0.18961472982470687
15997,202610,0,0.13465339035452356
15998,202610,0,0.20222731507060632
16003,202610,0,0.12008199372045414
16007,202610,1,0.1436954852943298
16009,202610,0,0.1417172673062266
16012,202610,0,0.14089687227657116
16013,202610,1,0.14774391355928676
16014,202610,0,0.17151419569017798
16015,202610,0,0.14540222212561346
16016,202610,0,0.062416418518374775
16018,202610,0,0.2197504952329032
16019,202610,0,0.1397232095149884
16021,202610,0,0.14259124296787332
16022,202610,1,0.11479305926376512
16026,202610,0,0.11967066422609672
16028,202610,1,0.15169447158343077
16029,202610,0,0.163640314126746
16030,202610,0,0.14495332802929847
16031,202610,0,0.0545738301190089
16032,202610,0,0.14008825763930835
16035,202610,0,0.1537868982537148
16037,202610,0,0.05949783465707462
16038,202610,1,0.18146113839052858
16041,202610,1,0.22258974186452749
16043,202610,0,0.1142165810330226
16045,202610,0,0.17860110841279253
16049,202610,0,0.14684559321974647
16051,202610,0,0.12737099045581188
16055,202610,0,0.18007909557863344
16060,202610,1,0.15823342465099835
16061,202610,0,0.1689214833640822
16063,202610,0,0.1348727568744684
16064,202610,0,0.13848086583789507
16065,202610,0,0.068572329536637
16076,202610,0,0.22898055343530782
16078,202610,0,0.23343628338114644
16080,202610,1,0.25413745765861373
16082,202610,1,0.16949822244720922
16085,202610,0,0.1406227591112281
16087,202610,0,0.0649018373237444
16088,202610,0,0.1874501408565074
16091,202610,0,0.1457325069203061
16092,202610,0,0.13977342480386784
16093,202610,0,0.15171474835996437
16095,202610,0,0.15880497242587094
16099,202610,1,0.17865610795073247
16101,202610,0,0.11083541542007284
16102,202610,0,0.15850110218107372
16110,202610,0,0.15523462396469406
16111,202610,0,0.13336830756084475
16113,202610,0,0.17200618882168944
16118,202610,0,0.1696688230967553
16121,202610,0,0.06445240478232098
16123,202610,0,0.21623925419074025
16127,202610,0,0.14757226124032854
16128,202610,1,0.18576243072224952
16129,202610,0,0.053167626158253885
16130,202610,0,0.12513212154961267
16133,202610,0,0.12109593266727704
16135,202610,0,0.13478599578591052
16136,202610,0,0.12877229469440865
16137,202610,0,0.1792385817922831
16138,202610,0,0.058450272048588006
16140,202610,0,0.178516073800269
16141,202610,0,0.147287288515201
16142,202610,0,0.12731458321834288
16144,202610,1,0.14580975189140202
16145,202610,0,0.16047103107098182
16147,202610,0,0.1592738464463167
16148,202610,0,0.194097330357173
16149,202610,0,0.15919568737960887
16157,202610,1,0.11493300438637884
16158,202610,0,0.15709750172374046
16162,202610,1,0.1493362642855309
16163,202610,0,0.22206551154227125
16164,202610,1,0.07564786171777373
16165,202610,1,0.23892849093177948
16166,202610,0,0.05245235837575766
16169,202610,0,0.12539692318027362
16172,202610,0,0.13561792507119236
16173,202610,0,0.1582495463804549
16176,202610,0,0.12931622619570712
16177,202610,0,0.1440492276068103
16179,202610,0,0.14593927035670035
16181,202610,0,0.05658986669628614
16182,202610,0,0.28013945044735994
16184,202610,1,0.12769223140546818
16192,202610,0,0.20823261221172648
16193,202610,0,0.13304266273299756
16197,202610,0,0.17415978783237482
16198,202610,0,0.13165302508907856
16199,202610,0,0.13197223477223952
16201,202610,0,0.138533968000568
16202,202610,1,0.14722909280452864
16203,202610,0,0.10520164905108378
16204,202610,0,0.0716586836522303
16209,202610,0,0.15479554422949343
16213,202610,1,0.4174975132715817
16218,202610,0,0.08607451376089535
16219,202610,0,0.18751840886275742
16220,202610,0,0.0971249612871116
16221,202610,1,0.15045886262813743
16222,202610,0,0.24751543603607423
16226,202610,0,0.16055011132373836
16227,202610,0,0.1136934746532925
16228,202610,0,0.1534729559906197
16229,202610,0,0.16603445431454078
16230,202610,0,0.14250572846973078
16231,202610,1,0.11026180549344215
16235,202610,0,0.1263630915928702
16237,202610,0,0.06869608937860074
16240,202610,0,0.12567919344999187
16242,202610,0,0.1369911196827323
16246,202610,0,0.1675244863247562
16247,202610,0,0.14595232002714592
16248,202610,0,0.1350622042078109
16250,202610,1,0.1569381187380155
16251,202610,1,0.1261439315064575
16254,202610,0,0.3993951135827821
16256,202610,0,0.16288448505390524
16258,202610,0,0.13095028192489913
16260,202610,0,0.05717876276734832
16263,202610,1,0.41186228750279297
16266,202610,0,0.14320209629234087
16270,202610,0,0.14328355665237813
16271,202610,0,0.14162835662651116
16272,202610,0,0.14362373120717006
16274,202610,0,0.1387211112695558
16275,202610,0,0.14731097660221829
16276,202610,0,0.06034336442115029
16277,202610,0,0.15617859717448476
16278,202610,0,0.06311652088593254
16279,202610,0,0.13856285816862393
16280,202610,0,0.15695526193627948
16283,202610,0,0.3630133477360812
16284,202610,0,0.13554059637585425
16286,202610,0,0.10837332106231294
16288,202610,0,0.16698939923780376
16292,202610,1,0.15086693026691864
16293,202610,0,0.13280733696334443
16294,202610,1,0.16542793277401308
16295,202610,1,0.13498785369256563
16299,202610,0,0.24664116319222554
16300,202610,0,0.15397426766506417
16307,202610,0,0.12513198858804359
16314,202610,0,0.1417962536888753
16315,202610,0,0.1271176335915424
16318,202610,1,0.14795856785898562
16319,202610,0,0.14391777322013016
16320,202610,0,0.16752303760769777
16321,202610,0,0.13499291917445702
16322,202610,1,0.14941692717800736
16324,202610,1,0.12440831209204462
16325,202610,0,0.055409850501491845
16329,202610,0,0.06354541414309837
16333,202610,0,0.06058084672305693
16334,202610,0,0.12740008273896647
16335,202610,0,0.15667627495825268
16336,202610,0,0.1538633078477862
16338,202610,0,0.13629769943598297
16342,202610,0,0.1562461152553618
16343,202610,0,0.2551865443012313
16344,202610,1,0.1581349699778155
16345,202610,0,0.12123861282421755
16346,202610,0,0.14875968818347252
16347,202610,0,0.13428400915747388
16348,202610,0,0.16914393001371605
16350,202610,0,0.06028892339967039
16352,202610,0,0.11497540304595215
16353,202610,0,0.058699827652705955
16354,202610,0,0.14743975054798153
16356,202610,0,0.15207193151289972
16357,202610,0,0.1797607664793356
16358,202610,0,0.12621899546997833
16362,202610,0,0.12560062824043305
16363,202610,1,0.14894684136118724
16364,202610,0,0.053723232164675526
16366,202610,1,0.27526343057372543
16367,202610,0,0.15920172444724104
16370,202610,1,0.25390711332393145
16371,202610,0,0.11740300026870214
16374,202610,0,0.1545671387463786
16376,202610,0,0.13876109253694288
16377,202610,0,0.17942740195034623
16378,202610,0,0.1577452947441115
16381,202610,0,0.09308575039110739
16383,202610,0,0.1380148743662567
16384,202610,0,0.14282850004263659
16385,202610,1,0.11868795963775117
16386,202610,0,0.13551174767190707
16388,202610,0,0.12120334240670193
16390,202610,0,0.14436539715650729
16391,202610,0,0.16689868310192202
16394,202610,0,0.13271311567449853
16397,202610,0,0.06587252357093014
16398,202610,0,0.14605661296179767
16400,202610,0,0.14282321175775708
16404,202610,0,0.1543467571300973
16409,202610,0,0.11326786885516511
16411,202610,0,0.10917737897542787
16414,202610,0,0.13615000114904482
16418,202610,0,0.25721673471994294
16420,202610,0,0.12453039786933012
16421,202610,0,0.15134510409872495
16425,202610,0,0.11378874963869343
16426,202610,0,0.13440883759473324
16428,202610,1,0.14703259973684416
16429,202610,0,0.14494093475420008
16430,202610,0,0.13914352986477102
16431,202610,0,0.05863388183812452
16432,202610,1,0.16372521027666415
16437,202610,0,0.0620260960126652
16438,202610,0,0.06054061859313531
16439,202610,0,0.10782112741065131
16440,202610,0,0.06579326591114815
16441,202610,0,0.15833653749109958
16446,202610,0,0.13603529010088242
16451,202610,0,0.12121999405593012
16461,202610,0,0.12737471665424357
16463,202610,1,0.1245739341432003
16464,202610,0,0.2016940889383698
16466,202610,0,0.21382392834381414
16467,202610,0,0.12344840267767282
16468,202610,0,0.1817160148964899
16469,202610,0,0.13268744187995424
16470,202610,0,0.1782211960391325
16472,202610,1,0.06516856813900755
16477,202610,0,0.2619475307208703
16480,202610,1,0.15006283993088518
16483,202610,0,0.1635663265592671
16487,202610,0,0.18814797734144545
16488,202610,0,0.05610879342586463
16490,202610,0,0.05637935895582292
16496,202610,0,0.19121813804883822
16497,202610,1,0.14206095716744477
16500,202610,1,0.1332986147767809
16502,202610,0,0.06732947839540392
16508,202610,1,0.2521984389589865
16510,202610,0,0.14574677564804056
16511,202610,0,0.06666063650621251
16512,202610,0,0.1459451852680143
16513,202610,0,0.14233694862279664
16514,202610,0,0.035980295667997424
16515,202610,0,0.05340376675305084
16517,202610,0,0.14174099837284296
16519,202610,0,0.05543803923079708
16520,202610,0,0.06630849214762448
16525,202610,0,0.15050048432456872
16526,202610,0,0.24538484656984944
16529,202610,0,0.13486295953118835
16532,202610,0,0.15346998794904074
16533,202610,0,0.12304487102409796
16536,202610,0,0.2640759568269383
16540,202610,0,0.07699326060440266
16542,202610,0,0.1320716435937043
16544,202610,0,0.24187750655227158
16548,202610,0,0.1315635289343951
16549,202610,0,0.12376220835737645
16551,202610,0,0.3085827267561862
16552,202610,0,0.13337574367374283
16555,202610,1,0.1355653724977461
16557,202610,0,0.1351862927072341
16558,202610,0,0.11736960132661817
16559,202610,0,0.15133174319095924
16560,202610,0,0.143544855047048
16561,202610,0,0.13586940757933536
16562,202610,0,0.13130268975769607
16564,202610,0,0.12211332524320775
16565,202610,0,0.23827069752671517
16566,202610,0,0.13107151707082323
16572,202610,0,0.14949530239198003
16573,202610,0,0.1456010149406751
16574,202610,0,0.17991901341403146
16575,202610,0,0.06907164014330279
16578,202610,1,0.35965525476495913
16579,202610,0,0.18163066891166268
16580,202610,0,0.23942201145474207
16582,202610,0,0.10394607090955876
16584,202610,0,0.15792059192295033
16586,202610,0,0.12897466807697042
16588,202610,0,0.1303503806513013
16595,202610,0,0.14229760474902092
16597,202610,0,0.11140449620804764
16600,202610,0,0.14951060914033082
16601,202610,0,0.15971148366439894
16604,202610,1,0.05332395175835436
16606,202610,0,0.33579090126631045
16608,202610,0,0.06148023808548789
16611,202610,0,0.14709581867552163
16612,202610,1,0.13334008372075654
16613,202610,0,0.16989108022675514
16615,202610,0,0.15075127248697212
16617,202610,1,0.14647382760609626
16619,202610,0,0.15100303963518072
16621,202610,1,0.21706712334593026
16622,202610,0,0.14944071037802723
16624,202610,0,0.13218218793304748
16626,202610,0,0.1587349092586249
16628,202610,0,0.1256027356209697
16629,202610,0,0.1347569442642141
16630,202610,0,0.1345550816147385
16631,202610,0,0.07834469959371003
16634,202610,0,0.12271802106288224
16638,202610,0,0.1479914111664689
16640,202610,1,0.1722400648001799
16643,202610,0,0.11584471118278125
16645,202610,0,0.20179469700943084
16649,202610,0,0.14411959860820137
16651,202610,0,0.15537535704142424
16652,202610,0,0.14528343154830348
16653,202610,0,0.10692764305431424
16659,202610,0,0.15429574036062757
16660,202610,0,0.1192228253562935
16662,202610,1,0.05952281628437255
16668,202610,1,0.1328639946390007
16669,202610,0,0.14435096903061845
16670,202610,1,0.2766334853756773
16672,202610,0,0.14434835254164544
16674,202610,0,0.17432575208076886
16677,202610,0,0.15655613524594153
16678,202610,1,0.14932073892041567
16679,202610,0,0.14935961755497587
16680,202610,0,0.16256068591883102
16681,202610,0,0.06068895320536927
16684,202610,0,0.042431443515098186
16685,202610,0,0.1308140171603947
16686,202610,0,0.16842338934384524
16687,202610,0,0.1182955299517474
16688,202610,0,0.1687136154964376
16689,202610,0,0.11442039197333503
16690,202610,0,0.04064736377794397
16692,202610,0,0.1363610105892218
16693,202610,0,0.054678310096630225
16696,202610,0,0.07093469613544494
16697,202610,0,0.13448011402832485
16701,202610,1,0.1647003075778653
16703,202610,0,0.22447607894535143
16704,202610,0,0.06400708437865285
16705,202610,0,0.15550645688519563
16707,202610,0,0.1233686423275046
16711,202610,0,0.12023364638594128
16712,202610,1,0.16130262700376582
16713,202610,0,0.1220845269915907
16714,202610,0,0.3927693948643053
16715,202610,1,0.14422550094906175
16716,202610,0,0.1142631770648148
16717,202610,0,0.1493233550204383
16718,202610,0,0.1257135170303802
16719,202610,0,0.15546142841580377
16720,202610,0,0.051085302806172225
16723,202610,0,0.12011579413667002
16724,202610,0,0.2096184713550999
16728,202610,0,0.2933480762238506
16730,202610,0,0.1330421953235654
16735,202610,0,0.1632548070546468
16741,202610,0,0.13291783334071638
16742,202610,0,0.10096361822834125
16743,202610,0,0.10771544771705321
16744,202610,0,0.056768539339762634
16748,202610,0,0.1498703739968369
16750,202610,0,0.15507851346692844
16751,202610,1,0.12917694132570368
16752,202610,0,0.15875748408135845
16753,202610,0,0.1264239856814996
16754,202610,1,0.1352051740461361
16755,202610,0,0.15261911985882354
16756,202610,0,0.05852794805560035
16758,202610,1,0.1608384860881803
16760,202610,0,0.13976562353452257
16762,202610,1,0.1668911334289425
16764,202610,0,0.061524434278392694
16770,202610,0,0.23231755240658294
16771,202610,0,0.1246032304030152
16772,202610,0,0.18303374999264307
16776,202610,0,0.1396288738771805
16777,202610,0,0.07884089316939456
16780,202610,0,0.1744152314983324
16781,202610,0,0.14488759161143466
16784,202610,1,0.26355010071144036
16788,202610,0,0.13724161477075592
16792,202610,0,0.13758718366129297
16793,202610,1,0.18987217108726245
16794,202610,0,0.17211423761279077
16795,202610,0,0.0615803740471215
16796,202610,0,0.0728948008992101
16798,202610,0,0.11071989946235677
16801,202610,0,0.1461252120639765
16802,202610,0,0.1224127934215434
16803,202610,0,0.15891116159915789
16808,202610,1,0.22002549258589998
16809,202610,0,0.24578492430912172
16810,202610,1,0.12657021418582637
16815,202610,0,0.13389520669139365
16816,202610,0,0.08588339575542077
16818,202610,0,0.1569068121373346
16819,202610,0,0.16225352275165988
16820,202610,0,0.14386656944980816
16824,202610,0,0.13916039179758155
16829,202610,0,0.12642209449294212
16833,202610,0,0.11695859134520105
16834,202610,0,0.13006707072471413
16840,202610,1,0.14768359585669308
16846,202610,0,0.14757744168279657
16847,202610,0,0.15116033057379172
16848,202610,0,0.13246589738594308
16849,202610,1,0.13544881946169357
16852,202610,0,0.12146732316784979
16853,202610,0,0.14270805249296917
16857,202610,0,0.12991428928583543
16858,202610,0,0.17495179446020434
16859,202610,1,0.13058509665627338
16860,202610,0,0.14105132702177112
16861,202610,0,0.13138359842190497
16862,202610,0,0.16270248798787243
16867,202610,0,0.12932510074855608
16869,202610,0,0.13090948022263588
16870,202610,0,0.13524729441759126
16871,202610,1,0.2668969957955082
16872,202610,0,0.13549775320158378
16876,202610,0,0.15738609388024788
16877,202610,0,0.12243544855241724
16881,202610,1,0.17317251196847738
16883,202610,0,0.11255517139763889
16890,202610,0,0.07483541210282646
16893,202610,0,0.1306681630280076
16894,202610,0,0.06782990921582724
16897,202610,0,0.1209686172599385
16901,202610,0,0.11212443595282068
16902,202610,0,0.10986474894292612
16906,202610,0,0.045014942948490205
16909,202610,1,0.14411554191128043
16910,202610,0,0.07012923056292802
16911,202610,0,0.2520500005432896
16916,202610,1,0.25807684247862017
16921,202610,0,0.1058856647143043
16923,202610,0,0.10513420944216571
16926,202610,0,0.17000604009317444
16928,202610,0,0.15873856475601528
16930,202610,1,0.0620110737206105
16932,202610,0,0.17958540623633454
16933,202610,0,0.13683880306176346
16935,202610,0,0.14635909516423107
16942,202610,1,0.13223191721381952
16943,202610,0,0.134622749369948
16944,202610,0,0.13768257567446862
16947,202610,0,0.05807295088273835
16948,202610,0,0.13685813161577823
16949,202610,0,0.056456854970503276
16952,202610,0,0.2747103089750294
16953,202610,0,0.14811716366911604
16954,202610,0,0.13542180982194157
16956,202610,0,0.13803575113505556
16958,202610,0,0.06655565934473248
16959,202610,0,0.14444882916303706
16962,202610,0,0.15832306865409118
16963,202610,1,0.17225920753325139
16969,202610,0,0.06550715688226522
16970,202610,0,0.05700907391249885
16972,202610,0,0.14939597809023775
16975,202610,1,0.3510087895565057
16977,202610,0,0.12408034006672225
16979,202610,0,0.12646530016313112
16981,202610,0,0.1484313463185005
16983,202610,0,0.1470072875088341
16984,202610,0,0.11978034410315597
16985,202610,0,0.12160286641603711
16986,202610,1,0.10247787468059444
16987,202610,0,0.18001655782006548
16989,202610,0,0.2500158561192969
16990,202610,0,0.16441139571648852
16992,202610,0,0.13083706785166285
16994,202610,0,0.2084166371130935
16995,202610,0,0.10896451299907406
16996,202610,1,0.26071903640706223
16997,202610,0,0.3387836281183595
16999,202610,0,0.19485951606996743
17000,202610,0,0.15319866040047833
17002,202610,0,0.14671205697351997
17003,202610,0,0.17068365242281858
17004,202610,0,0.3715665993544621
17006,202610,0,0.22966362685651048
17007,202610,0,0.1531625220352525
17008,202610,0,0.05315635418357313
17013,202610,1,0.1287787634593427
17014,202610,0,0.12360587268574975
17015,202610,0,0.15445055534074692
17017,202610,0,0.12105787661200879
17018,202610,0,0.17293908846845726
17020,202610,0,0.08614579393657715
17023,202610,0,0.14357305065932172
17024,202610,0,0.26415968454041144
17026,202610,0,0.24213483925764454
17028,202610,0,0.13927847941888752
17035,202610,0,0.14175951867108977
17036,202610,1,0.37811291541332487
17038,202610,0,0.12468662524119294
17039,202610,0,0.1392627219209463
17041,202610,0,0.24870613860281882
17046,202610,0,0.16286073334939696
17052,202610,0,0.0788917472546179
17053,202610,0,0.09812884640184616
17056,202610,0,0.11859505249262046
17057,202610,0,0.13136043411569454
17062,202610,1,0.15234906789954555
17063,202610,0,0.13510550329894952
17067,202610,0,0.15567631518559755
17068,202610,0,0.12830632021860447
17072,202610,1,0.3621168235477372
17073,202610,0,0.0614529456219974
17075,202610,1,0.13851010335293643
17077,202610,0,0.1426600377675563
17078,202610,0,0.11668126043503325
17079,202610,0,0.14663536431026672
17080,202610,1,0.13343101509068891
17081,202610,0,0.14847903415006417
17083,202610,0,0.14748271835079374
17085,202610,0,0.13084294297485796
17086,202610,0,0.15194268286466364
17087,202610,0,0.13292244568609068
17088,202610,0,0.13847450640498152
17090,202610,0,0.1389863861139055
17093,202610,0,0.05701798651695047
17094,202610,0,0.0639439075199729
17095,202610,0,0.12297775953757639
17096,202610,0,0.06556065431300419
17099,202610,0,0.1669491507430723
17101,202610,0,0.1460244362895906
17102,202610,0,0.14305406105007384
17104,202610,0,0.13334118409783421
17105,202610,0,0.12462702005819402
17112,202610,1,0.13896811413402602
17113,202610,1,0.14620933277709838
17115,202610,0,0.12757373143103967
17116,202610,0,0.14764869581316953
17122,202610,0,0.05784156003182426
17123,202610,0,0.06458029019376325
17124,202610,1,0.13029644690806988
17127,202610,0,0.13725210484497968
17128,202610,0,0.15534724455080792
17129,202610,0,0.15513580467901442
17131,202610,0,0.15860382206035184
17136,202610,0,0.14135499552412845
17140,202610,0,0.07683203142182438
17141,202610,0,0.1476440050780602
17146,202610,0,0.09775260032563901
17147,202610,0,0.05476244953376789
17149,202610,0,0.1621025921978914
17153,202610,1,0.2494460223006221
17155,202610,0,0.15792334055605092
17158,202610,0,0.20735040767291374
17159,202610,0,0.12392972523318628
17162,202610,1,0.12324427775740056
17163,202610,0,0.14525770420164927
17164,202610,0,0.1378226900830522
17165,202610,0,0.1506227431727667
17167,202610,0,0.28633639214409917
17169,202610,0,0.20556161143752005
17170,202610,0,0.12349590056036075
17171,202610,0,0.16446093246964574
17172,202610,0,0.10729399962793874
17175,202610,0,0.35123219593326305
17176,202610,1,0.23613825190767096
17177,202610,0,0.13439601143519217
17181,202610,0,0.11759494753303254
17183,202610,0,0.053835583370956716
17186,202610,1,0.15325886439411537
17188,202610,0,0.12534059877046363
17189,202610,0,0.1272727242800667
17191,202610,0,0.11203420626870136
17192,202610,0,0.129210171591001
17194,202610,0,0.12639110250596622
17208,202610,1,0.15230406247553305
17210,202610,0,0.11080754061600176
17211,202610,1,0.15864643784777888
17212,202610,0,0.1625694238387139
17219,202610,0,0.22664873891666318
17220,202610,0,0.1361432685619063
17222,202610,1,0.16129428576877186
17225,202610,0,0.14470812790026044
17227,202610,0,0.14489690940126604
17228,202610,0,0.05679719179499884
17229,202610,0,0.061826120866849694
17230,202610,1,0.11717769414421857
17231,202610,0,0.16146220153330926
17232,202610,0,0.16121216302288421
17233,202610,0,0.05633058469658034
17236,202610,0,0.1174266107988512
17237,202610,0,0.11214087379850952
17240,202610,0,0.1558723435117812
17241,202610,0,0.13492133570056727
17243,202610,0,0.13338070537459376
17246,202610,0,0.18959423961779204
17247,202610,0,0.10135444407910321
17248,202610,1,0.12966949848263917
17249,202610,1,0.13645014752466994
17251,202610,0,0.24701396540255846
17253,202610,0,0.11798560894902321
17254,202610,0,0.05605131588427263
17256,202610,0,0.053276525697523745
17257,202610,0,0.13904928418031723
17262,202610,0,0.11440956490088829
17266,202610,1,0.24157375156520727
17267,202610,0,0.07450746182549538
17268,202610,0,0.1268459511385023
17269,202610,0,0.13883312625125752
17270,202610,0,0.1616150109786942
17271,202610,0,0.13084308199518388
17275,202610,0,0.1965546594434362
17276,202610,0,0.16673101289281983
17277,202610,0,0.2490146794085507
17279,202610,0,0.12334275784732213
17281,202610,1,0.2755405526039469
17283,202610,0,0.05768033648195613
17285,202610,0,0.11619356344074899
17286,202610,1,0.05923079566363948
17287,202610,0,0.1401058796650168
17288,202610,0,0.060242671685246094
17294,202610,0,0.12082313039018626
17295,202610,0,0.06166880601851428
17296,202610,1,0.12350062158618709
17297,202610,0,0.14411514259407684
17298,202610,0,0.14481086203259957
17299,202610,0,0.22674765394607618
17300,202610,0,0.04745536875408551
17302,202610,0,0.1574590258139432
17303,202610,0,0.12925347669139986
17305,202610,0,0.14737603672647717
17306,202610,0,0.1501659765293825
17307,202610,0,0.18438216587782358
17310,202610,0,0.11750005515767051
17312,202610,0,0.06509426527554855
17316,202610,0,0.1254177643181996
17317,202610,0,0.12213736350437882
17318,202610,0,0.04578649359623014
17320,202610,0,0.04963914399901578
17321,202610,1,0.13760273409149132
17323,202610,0,0.13564073874102045
17324,202610,0,0.11307381520509861
17325,202610,1,0.138906830110836
17327,202610,1,0.1489244332621125
17328,202610,0,0.22787283675109188
17330,202610,0,0.12497322957790839
17332,202610,0,0.14608086005263732
17333,202610,0,0.11122397314466455
17335,202610,0,0.06943156739539107
17336,202610,1,0.12912649713065902
17338,202610,0,0.12863389524767257
17340,202610,0,0.15756690977827373
17341,202610,0,0.1215238154200985
17343,202610,1,0.1506793785320536
17344,202610,0,0.15692312520401144
17345,202610,0,0.16954865436417502
17348,202610,0,0.1683609649720137
17349,202610,0,0.1708731791959059
17351,202610,0,0.1251261106608066
17352,202610,0,0.13724789506042187
17354,202610,0,0.0661211144036917
17355,202610,1,0.13224132619575074
17356,202610,0,0.21788695952472192
17357,202610,0,0.15913110847590387
17360,202610,0,0.27378798540307603
17361,202610,0,0.06790543593290985
17362,202610,0,0.17509059951379793
17363,202610,0,0.1703688081539083
17365,202610,0,0.35273336924356136
17366,202610,0,0.15585251255661703
17367,202610,0,0.11590334135226847
17369,202610,0,0.07006006572468385
17371,202610,0,0.17772716196287613
17373,202610,0,0.16922876850088894
17378,202610,0,0.16708736215475048
17380,202610,0,0.1481342703292424
17381,202610,0,0.12498761777950249
17382,202610,0,0.15926699961076862
17383,202610,0,0.14225734722858513
17387,202610,0,0.14986331176264509
17389,202610,0,0.14821638178414168
17391,202610,0,0.0868259980916629
17398,202610,0,0.1398159169656347
17399,202610,0,0.1729065235289814
17402,202610,0,0.13049666791676676
17405,202610,0,0.23088521444932383
17407,202610,0,0.052276249623437174
17409,202610,0,0.1304613134985223
17411,202610,0,0.15677468504467748
17412,202610,0,0.04499235543911608
17413,202610,0,0.13327935691165135
17415,202610,0,0.13760993378427538
17416,202610,1,0.21445553280239169
17420,202610,0,0.12853211606084602
17421,202610,0,0.13193150325610903
17422,202610,0,0.130568351081392
17426,202610,1,0.1437218554766588
17428,202610,0,0.14972541016399668
17430,202610,0,0.12673057589441608
17433,202610,0,0.12209934887517052
17435,202610,0,0.15272514311363847
17438,202610,0,0.10736068225893139
17440,202610,0,0.05922137751255568
17441,202610,0,0.35365440702904866
17442,202610,0,0.13228623646871837
17444,202610,0,0.1412481499412899
17448,202610,0,0.16252306216783466
17449,202610,0,0.21967851655423487
17456,202610,1,0.11730687820813249
17462,202610,0,0.14115556477951616
17463,202610,1,0.14334972461969453
17464,202610,0,0.13711687875822598
17466,202610,0,0.06959772973853925
17468,202610,0,0.16472278314722222
17469,202610,0,0.15481664683481078
17472,202610,0,0.11900452902162836
17473,202610,0,0.14423107082670109
17475,202610,0,0.1404444739231005
17479,202610,0,0.05492716967152976
17480,202610,1,0.16041353163846792
17481,202610,0,0.13358001190837004
17482,202610,0,0.14583316480846117
17485,202610,0,0.05225693232586915
17486,202610,0,0.2181299404168781
17487,202610,0,0.13341961344480746
17488,202610,0,0.15821041497704413
17489,202610,0,0.06265921327401026
17490,202610,0,0.11900725771168202
17491,202610,0,0.08353856526081568
17492,202610,0,0.1383803332161027
17494,202610,0,0.099988947831495
17497,202610,0,0.21733278003747897
17500,202610,0,0.1344536648861252
17506,202610,0,0.15964926251374312
17507,202610,0,0.13399594860608616
17508,202610,0,0.2492052092651386
17509,202610,0,0.14240765168578742
17510,202610,0,0.12193871029935428
17512,202610,0,0.23046799583540756
17513,202610,0,0.15873821111351266
17515,202610,0,0.1579096059610404
17519,202610,0,0.16858394319334888
17520,202610,0,0.13894720831063329
17521,202610,0,0.12913964965463676
17522,202610,0,0.16446365270075308
17523,202610,0,0.13455210831661032
17524,202610,0,0.12114785855310291
17527,202610,1,0.3528931876594477
17528,202610,1,0.14939008295012202
17530,202610,0,0.22906852898900273
17532,202610,0,0.06460296233221355
17535,202610,0,0.15268722012070615
17536,202610,0,0.1371647610330362
17545,202610,0,0.15117519469993995
17548,202610,0,0.1565767819018354
17549,202610,0,0.14180463401842652
17553,202610,0,0.16435081125265363
17555,202610,0,0.16866668770212626
17557,202610,0,0.1366911020765636
17558,202610,0,0.12922097803030275
17559,202610,0,0.15983601193437086
17562,202610,0,0.1667395135455939
17564,202610,0,0.06294693050551385
17565,202610,0,0.22473746594030516
17566,202610,0,0.1641054565170906
17567,202610,0,0.1442399305437052
17568,202610,0,0.06510646518359928
17569,202610,0,0.12857372961685207
17572,202610,0,0.13275404980359368
17573,202610,0,0.18007873082242212
17574,202610,0,0.1445089942602692
17575,202610,0,0.13247381426716168
17576,202610,1,0.17322991951611907
17577,202610,0,0.1482634704347706
17578,202610,0,0.1332244494841194
17580,202610,0,0.12127004498447391
17581,202610,0,0.16941932848630767
17584,202610,0,0.10551929349491602
17585,202610,0,0.13089400752318178
17586,202610,0,0.160833397700693
17590,202610,1,0.22764711917665664
17591,202610,0,0.139369477595115
17592,202610,1,0.12759092968361807
17594,202610,0,0.16959413718906102
17596,202610,0,0.11881541287312387
17599,202610,0,0.2293474616242758
17602,202610,0,0.15312488100238789
17603,202610,0,0.1691603766436466
17605,202610,1,0.13653135965003926
17606,202610,0,0.05808777471362218
17612,202610,1,0.14799372344655967
17614,202610,0,0.17287513216156394
17621,202610,0,0.16255735130201449
17622,202610,1,0.4037238271348266
17624,202610,0,0.19361728530569947
17626,202610,0,0.2414637773241565
17628,202610,0,0.06726002155988879
17629,202610,0,0.12582104522011017
17630,202610,0,0.16619317948983559
17631,202610,0,0.13492701572153498
17632,202610,0,0.22258610355476924
17633,202610,0,0.09253234946236999
17636,202610,0,0.1766470316593419
17637,202610,1,0.23487638553112167
17641,202610,0,0.1470741442174739
17642,202610,0,0.2545310938116542
17644,202610,1,0.2179569868144205
17645,202610,0,0.1742727232720186
17646,202610,0,0.18316079830785548
17650,202610,0,0.1342282717399501
17651,202610,1,0.18238509309251486
17655,202610,0,0.11990779797679957
17658,202610,1,0.1471331212981961
17659,202610,0,0.11393811763321107
17660,202610,0,0.14457769565187795
17662,202610,0,0.1373909631828972
17664,202610,0,0.08377493943274268
17665,202610,1,0.14355482385274676
17671,202610,0,0.06024547393250408
17673,202610,0,0.14606713384475062
17676,202610,0,0.15427509483089935
17677,202610,0,0.1687869196332769
17679,202610,0,0.16433071741887037
17681,202610,1,0.15168859188526648
17685,202610,0,0.16107723368119764
17693,202610,1,0.16535305737164813
17694,202610,0,0.13249933700306377
17695,202610,1,0.18008464140169653
17700,202610,1,0.15787607782553734
17703,202610,1,0.12809027525221367
17705,202610,0,0.18693916040226624
17706,202610,0,0.13961649355730885
17708,202610,0,0.13677758341812737
17711,202610,0,0.15578193000589569
17714,202610,0,0.16721310437610457
17715,202610,0,0.059781492559432214
17718,202610,0,0.12339567854926967
17721,202610,0,0.13931094572331157
17724,202610,0,0.24781671344272937
17726,202610,0,0.15187944852349217
17727,202610,1,0.11213943369688034
17728,202610,0,0.12480673836334166
17729,202610,1,0.14201341439919973
17730,202610,0,0.11366071428120104
17732,202610,0,0.12402338428372828
17735,202610,0,0.2727332466940071
17737,202610,0,0.11284456907947066
17738,202610,0,0.14963091651108054
17739,202610,0,0.15213549682981609
17740,202610,1,0.1683916463696228
17741,202610,1,0.15474344598842954
17747,202610,0,0.1470497104698537
17749,202610,0,0.13648139687101588
17752,202610,0,0.12794666652340825
17753,202610,0,0.17926164877178877
17755,202610,1,0.14398627305655032
17756,202610,0,0.12585764463078564
17757,202610,0,0.12318320152034232
17758,202610,0,0.08901289820970827
17760,202610,0,0.14083971089579225
17762,202610,0,0.13700246735447016
17763,202610,0,0.2185878807008939
17766,202610,1,0.17116838410779803
17769,202610,0,0.06076169602709971
17770,202610,1,0.22136228766930294
17771,202610,1,0.24606703618104422
17773,202610,0,0.21600436437515202
17775,202610,0,0.1423923941604233
17776,202610,0,0.05678653668923877
17779,202610,1,0.14768112783680337
17780,202610,1,0.14092684543582684
17781,202610,0,0.1763074703983422
17782,202610,0,0.11217891212835496
17783,202610,0,0.05785327523363331
17784,202610,0,0.1786514432009859
17785,202610,0,0.13060070876713978
17789,202610,1,0.11459252762597583
17793,202610,1,0.15610763414807424
17795,202610,1,0.24514546238842339
17796,202610,1,0.12020483751046926
17797,202610,0,0.12645550346661202
17798,202610,0,0.11391691732083158
17799,202610,0,0.16195155959035934
17800,202610,0,0.2770853078180372
17803,202610,0,0.10906111782312984
17804,202610,0,0.0783321864376363
17805,202610,0,0.11530662387437932
17808,202610,0,0.1529210058525122
17815,202610,0,0.1245782719318212
17817,202610,0,0.14022585163377813
17820,202610,1,0.10727612141054559
17823,202610,0,0.2580578415838421
17824,202610,0,0.14076227981114015
17825,202610,0,0.13215407609365493
17827,202610,0,0.063085677524749
17828,202610,0,0.1434941109393463
17830,202610,0,0.12930557012258667
17831,202610,0,0.11091681464945484
17834,202610,0,0.12631317375164713
17835,202610,0,0.2747145172009393
17837,202610,0,0.1278114669243576
17838,202610,0,0.16699586812894726
17839,202610,0,0.14598168581971094
17843,202610,0,0.2006365374857608
17844,202610,1,0.3843094312776592
17846,202610,0,0.3597328086255748
17847,202610,0,0.15339079518168436
17848,202610,0,0.14003065860278047
17851,202610,1,0.05893339151783727
17853,202610,0,0.07237399927073164
17856,202610,0,0.13596029170287055
17857,202610,1,0.10418709105400945
17858,202610,1,0.260122674038546
17859,202610,0,0.12662744512754467
17863,202610,0,0.06619394832539127
17867,202610,0,0.1385672062122101
17868,202610,0,0.06395697717125733
17869,202610,0,0.12449195698593025
17870,202610,0,0.19077896366482006
17875,202610,0,0.06345742144370274
17876,202610,0,0.14047812394664722
17877,202610,0,0.15282955304009152
17879,202610,0,0.17675087621468835
17883,202610,1,0.11855828433565202
17884,202610,0,0.14886596806336078
17885,202610,0,0.06594338288065303
17886,202610,0,0.0713628794229828
17890,202610,0,0.16741731639029925
17894,202610,1,0.1460546096108149
17896,202610,0,0.11293332269589064
17897,202610,0,0.0973167766214634
17900,202610,0,0.08509765102816244
17901,202610,0,0.13601739793209203
17902,202610,0,0.14865811704200227
17903,202610,0,0.1421412223581291
17908,202610,0,0.15200584486073246
17913,202610,1,0.12151263829768182
17914,202610,0,0.17176213446161637
17915,202610,0,0.1381428469326945
17916,202610,0,0.06086780664957446
17920,202610,0,0.1361508210057901
17921,202610,0,0.18411429974182533
17924,202610,0,0.14454534272975036
17925,202610,0,0.11844450755575651
17926,202610,0,0.09090501664051621
17927,202610,0,0.13213421168556988
17928,202610,0,0.21795809379530165
17930,202610,0,0.1281159798597027
17931,202610,1,0.18170996059034628
17932,202610,0,0.11626515291599866
17933,202610,0,0.14689384948115236
17935,202610,0,0.1465273883743664
17939,202610,0,0.15676644102232465
17941,202610,0,0.2595668157173981
17942,202610,0,0.24899540714199217
17943,202610,0,0.21652624919315736
17944,202610,0,0.14191474388888237
17945,202610,1,0.11814785525262075
17946,202610,1,0.1852038371563143
17947,202610,0,0.06357620826027091
17948,202610,0,0.12993482837715867
17950,202610,0,0.15373393609912842
17953,202610,1,0.2191144555725606
17956,202610,0,0.1463828173802478
17957,202610,0,0.23828014692449384
17959,202610,0,0.12836035669718068
17963,202610,0,0.13471708596673704
17964,202610,0,0.1321303096037811
17966,202610,0,0.11823758975427964
17968,202610,0,0.2242863826574354
17969,202610,0,0.14948451506384028
17970,202610,0,0.16582950582904182
17973,202610,0,0.1410296881454501
17974,202610,0,0.1623674488588037
17975,202610,0,0.13231542597015128
17976,202610,0,0.14926541213035924
17980,202610,0,0.1059808203049176
17985,202610,1,0.1276246006795431
17986,202610,0,0.16331139253457455
17987,202610,0,0.06944657169391352
17990,202610,0,0.2139882929627172
17994,202610,0,0.13720130700610808
17999,202610,0,0.11496051726051183
18001,202610,1,0.22569645132972097
18002,202610,0,0.06156502670038271
18003,202610,0,0.05040453608074847
18004,202610,0,0.3430642048941665
18005,202610,0,0.200594195734467
18007,202610,0,0.2266955004015291
18008,202610,0,0.23423694303052192
18010,202610,1,0.17870461037733923
18011,202610,0,0.12042639071468951
18013,202610,0,0.09688515173508232
18015,202610,0,0.055903737226753764
18016,202610,0,0.13195350717390125
18018,202610,0,0.11368604759823342
18019,202610,0,0.1276928670644723
18022,202610,1,0.06000647455607425
18024,202610,0,0.11547659313442882
18026,202610,0,0.1505128711367606
18029,202610,1,0.22265739651015518
18030,202610,0,0.14920747411416352
18032,202610,0,0.1655934328234119
18035,202610,0,0.13366537632962072
18039,202610,0,0.1325122900765299
18042,202610,0,0.11223457949263396
18044,202610,0,0.14537935375787747
18045,202610,0,0.11240281441983525
18046,202610,0,0.14667678084606062
18051,202610,0,0.11385369938868475
18052,202610,0,0.1307892087343595
18053,202610,1,0.15573088232265894
18054,202610,0,0.07011642258952991
18055,202610,0,0.13208921141659621
18059,202610,0,0.1149576212998244
18064,202610,0,0.15932713171670526
18066,202610,0,0.12711717870213463
18067,202610,1,0.17098503549446417
18072,202610,0,0.16089821475469457
18073,202610,0,0.0498650268389087
18074,202610,1,0.13907036224858077
18077,202610,0,0.15302700757865786
18080,202610,0,0.11461302441782872
18081,202610,0,0.05458161441132981
18083,202610,0,0.11593801660379827
18084,202610,0,0.13573193858678753
18085,202610,0,0.1280633114839799
18086,202610,0,0.12755559693054477
18087,202610,0,0.1458721335924261
18089,202610,1,0.12904481335959117
18090,202610,0,0.13226629898697034
18092,202610,0,0.16557808945870947
18093,202610,0,0.10503050419564211
18094,202610,1,0.13833909088780105
18095,202610,0,0.06678610478786785
18097,202610,0,0.121636146263964
18100,202610,0,0.14483632492591175
18101,202610,0,0.1217797580041142
18102,202610,0,0.13625630838402727
18103,202610,0,0.16555800168585913
18104,202610,0,0.15902922302907396
18105,202610,0,0.1242827817359794
18109,202610,0,0.09354723146923774
18110,202610,0,0.17528637854798784
18112,202610,1,0.06773965083150515
18113,202610,0,0.1831780258634401
18115,202610,0,0.12926808944088558
18116,202610,1,0.21688031518894854
18117,202610,0,0.06278136485338222
18119,202610,0,0.12942976486950888
18126,202610,0,0.18352211148156972
18127,202610,0,0.05415649175698367
18128,202610,0,0.04540374197326798
18129,202610,0,0.14751209171893925
18130,202610,0,0.12567751753940246
18136,202610,0,0.24087452691344494
18137,202610,0,0.3790896123661346
18138,202610,0,0.15187653668440326
18141,202610,0,0.15853182512271063
18142,202610,0,0.1503449717012567
18144,202610,0,0.047931505282015924
18145,202610,0,0.10607981485134224
18146,202610,0,0.1391849366105112
18149,202610,0,0.1865522305282165
18150,202610,1,0.165475899309785
18151,202610,1,0.13096659963584417
18152,202610,0,0.0585596121480865
18153,202610,0,0.20973273645099913
18154,202610,0,0.14895664901128988
18155,202610,0,0.14921549926338465
18156,202610,0,0.17360219341509442
18161,202610,0,0.15069935538573348
18163,202610,0,0.07439956007850637
18165,202610,0,0.06990003784971248
18166,202610,0,0.14453101701366922
18167,202610,1,0.14806181471528204
18168,202610,0,0.14603312454309897
18172,202610,0,0.05102364591102198
18174,202610,0,0.16777975280746335
18176,202610,0,0.06375591725969325
18177,202610,0,0.07569849180873385
18179,202610,0,0.15112914917042503
18180,202610,0,0.1495624262025952
18181,202610,0,0.1643015618642788
18182,202610,0,0.055865394181106205
18183,202610,0,0.15022218186793093
18184,202610,1,0.21968651952260926
18187,202610,0,0.11903294859252797
18188,202610,0,0.2213237521157096
18189,202610,0,0.13923573833746794
18192,202610,1,0.18816519883161711
18194,202610,0,0.14390343659570037
18196,202610,0,0.13341652492237113
18197,202610,0,0.1521110339112928
18198,202610,0,0.08790324299258205
18199,202610,0,0.1569483638465281
18201,202610,0,0.1481679404240809
18203,202610,0,0.05027762193662989
18205,202610,0,0.1407676401742724
18206,202610,0,0.13154978286135688
18207,202610,0,0.15401123298213007
18210,202610,0,0.12257596990321856
18212,202610,0,0.12585368818800236
18213,202610,0,0.1465230124368023
18214,202610,0,0.12124071340912462
18215,202610,0,0.12617373981106023
18216,202610,0,0.1366533685393623
18219,202610,1,0.14194475529955572
18220,202610,0,0.07778384035758616
18221,202610,0,0.2283467052319443
18222,202610,0,0.05149802864054433
18223,202610,0,0.20518694758538342
18224,202610,1,0.14776740015728818
18227,202610,0,0.1553892993653248
18228,202610,0,0.167064517578197
18229,202610,0,0.06327946836693871
18230,202610,1,0.2676326956114571
18231,202610,1,0.34853035817956063
18232,202610,0,0.1777892383745144
18234,202610,0,0.14984547429431286
18235,202610,0,0.15235794935288655
18238,202610,1,0.14401717497020092
18239,202610,0,0.12690080010692734
18241,202610,1,0.13471309348322702
18242,202610,0,0.12748996982754096
18243,202610,0,0.1464235605461911
18244,202610,0,0.0647269759131628
18245,202610,0,0.1654455667769831
18246,202610,0,0.09382683094771356
18248,202610,0,0.13485912260587085
18249,202610,0,0.1341989594310161
18250,202610,0,0.2568665983123936
18252,202610,0,0.13371940532430887
18253,202610,0,0.25490558360000093
18254,202610,0,0.13408064291153193
18256,202610,0,0.13473925139419424
18257,202610,0,0.1312752584289176
18262,202610,0,0.16220558610038083
18263,202610,0,0.06553241769998439
18264,202610,0,0.053695152051419684
18266,202610,0,0.143893046615282
18267,202610,0,0.05744898410826468
18268,202610,0,0.11252417253045449
18269,202610,0,0.1542545416748639
18270,202610,0,0.15901299382388312
18271,202610,0,0.2326835749375867
18272,202610,0,0.11704266923599269
18273,202610,0,0.11055946781779914
18276,202610,0,0.1510301255534755
18277,202610,0,0.06563231538408296
18280,202610,0,0.11020784618988372
18282,202610,0,0.0517406733510153
18285,202610,0,0.14484385191807156
18288,202610,0,0.3237935265635866
18290,202610,0,0.12137924946411492
18291,202610,0,0.136231756717638
18293,202610,1,0.13857442034192616
18294,202610,1,0.11964101564334054
18295,202610,0,0.05329320106722339
18296,202610,0,0.1641169363876528
18298,202610,0,0.12518395236500493
18300,202610,0,0.12536943129982708
18301,202610,0,0.12900914131231542
18302,202610,0,0.11088446640733131
18303,202610,1,0.182025482773683
18304,202610,0,0.07066051788263522
18305,202610,0,0.1322450780988994
18306,202610,0,0.21053019124401015
18307,202610,0,0.05777815724428302
18308,202610,0,0.05453125084830655
18309,202610,0,0.11949902083353524
18311,202610,0,0.157951510975694
18313,202610,0,0.14346629719137477
18314,202610,0,0.1522784401189754
18317,202610,0,0.13625210078216135
18318,202610,0,0.1702206562596892
18319,202610,1,0.23051405685394236
18320,202610,0,0.21395420915468105
18321,202610,0,0.12379237733686951
18323,202610,1,0.1329107532417111
18325,202610,0,0.30977364720389333
18326,202610,0,0.11877226242464106
18330,202610,0,0.13687187611118162
18331,202610,1,0.2623288852688189
18334,202610,0,0.12441936518302485
18336,202610,0,0.05190536250365338
18337,202610,0,0.13052004640774068
18338,202610,0,0.11678799865545282
18339,202610,0,0.14336302599907197
18340,202610,1,0.2247383980470899
18341,202610,0,0.23781786004920655
18347,202610,0,0.07572050141921216
18348,202610,1,0.1411160444555045
18349,202610,1,0.14800085322729506
18352,202610,1,0.12502642385446625
18354,202610,0,0.05838873587458322
18355,202610,0,0.055705075546152
18356,202610,0,0.13492188901187688
18358,202610,0,0.12459744691715323
18359,202610,1,0.12961425027996876
18360,202610,0,0.16999638816166052
18361,202610,0,0.12963151210602217
18363,202610,0,0.15011486951195863
18364,202610,0,0.22780728273542922
18366,202610,1,0.14498017129460422
18367,202610,0,0.13598438977111135
18368,202610,0,0.06164075409184359
18369,202610,1,0.2119161779864868
18371,202610,1,0.33952838738876423
18372,202610,1,0.2264951689366109
18373,202610,1,0.13690092977902876
18376,202610,1,0.05903363880550036
18380,202610,0,0.04952164772000377
18381,202610,1,0.23408727946921667
18383,202610,0,0.11894338902950391
18384,202610,0,0.11419610808581367
18385,202610,0,0.1559671156671446
18386,202610,0,0.11625101993957188
18387,202610,0,0.3348354601809983
18390,202610,0,0.1295007776004548
18391,202610,0,0.16959260707815077
18392,202610,0,0.1329925707892758
18393,202610,1,0.13566284964709782
18395,202610,0,0.333321706396027
18396,202610,0,0.17353864949832135
18397,202610,0,0.11329006651127514
18399,202610,0,0.14973996929384192
18400,202610,0,0.2237924333685944
18401,202610,1,0.13460173529973973
18403,202610,0,0.17508637193542223
18404,202610,0,0.1328198281124078
18406,202610,0,0.12862441409011632
18407,202610,0,0.2196031339869616
18411,202610,0,0.14251230993113193
18412,202610,0,0.13640149818124347
18413,202610,0,0.1290160667359638
18414,202610,1,0.131415667928574
18415,202610,0,0.13703287774948758
18417,202610,0,0.15028858226930603
18418,202610,0,0.11854260372952784
18420,202610,0,0.06072471719859837
18422,202610,0,0.10978767171577308
18423,202610,1,0.21723347126062498
18425,202610,0,0.06497262560871314
18426,202610,0,0.37285436974534675
18427,202610,0,0.041322350011995634
18428,202610,0,0.14358023175200127
18429,202610,0,0.14131031896559196
18430,202610,0,0.12308395384059685
18431,202610,0,0.13697058736194456
18432,202610,0,0.1534969787091762
18433,202610,0,0.3767945066870416
18434,202610,1,0.1403395560036484
18435,202610,0,0.1407947042740879
18436,202610,0,0.09984007662894631
18437,202610,0,0.04932212266196008
18439,202610,0,0.11739895382387502
18440,202610,0,0.13440117666258336
18441,202610,1,0.23864213709954266
18444,202610,0,0.12200111712819588
18445,202610,1,0.32772738649016114
18446,202610,0,0.13353299694679094
18447,202610,0,0.13033778646833324
18448,202610,0,0.15134243503791114
18455,202610,0,0.10585195599900765
18456,202610,1,0.050728732302825874
18457,202610,0,0.12498470633990495
18459,202610,0,0.16100288810177055
18460,202610,0,0.11309759163379131
18462,202610,1,0.05476852479183983
18463,202610,0,0.1804176368484429
18464,202610,0,0.12086380392316586
18466,202610,0,0.15352827587573017
18467,202610,0,0.12897716031528492
18469,202610,0,0.1501920435295063
18470,202610,1,0.1081218695293943
18471,202610,0,0.050516629060641915
18475,202610,0,0.12717648788392028
18476,202610,0,0.05420477813118455
18477,202610,0,0.1213851190404816
18478,202610,0,0.23113395703178738
18483,202610,0,0.11833032849543598
18485,202610,1,0.13101722974128882
18488,202610,0,0.15334283421460973
18489,202610,0,0.07248186488362748
18490,202610,0,0.12391797604777126
18492,202610,0,0.2521135499802391
18493,202610,0,0.12964322942341677
18494,202610,0,0.1461768554573953
18498,202610,0,0.1024287234367937
18502,202610,0,0.1251265235990607
18503,202610,0,0.0663929874368555
18504,202610,0,0.1449909200707078
18506,202610,0,0.12520478294466333
18507,202610,0,0.136352192386508
18508,202610,0,0.14139239804265422
18512,202610,0,0.12625502171879044
18514,202610,1,0.10912148630957827
18515,202610,0,0.04405006416209069
18517,202610,0,0.156448566387987
18518,202610,0,0.13343173737320654
18519,202610,1,0.14698303954254646
18520,202610,0,0.12842783382653375
18521,202610,0,0.11052609917291363
18522,202610,0,0.14722322194392484
18523,202610,0,0.12534538847864202
18524,202610,0,0.07716671308428336
18525,202610,1,0.15288505875906452
18526,202610,0,0.2286858084931903
18530,202610,0,0.11892749433706627
18531,202610,0,0.15102622182770525
18532,202610,0,0.06099412249897134
18533,202610,0,0.1360113136673775
18534,202610,0,0.1577598391877448
18537,202610,1,0.12886533450119805
18540,202610,0,0.13590290857806794
18542,202610,0,0.12002037455314092
18543,202610,0,0.12707820242875928
18544,202610,0,0.14296567021729664
18547,202610,0,0.13037661730495873
18549,202610,0,0.059300771305931206
18552,202610,0,0.15668481203546655
18553,202610,0,0.18064355563693024
18554,202610,1,0.1331355204293152
18555,202610,0,0.1364123569370434
18556,202610,1,0.053966330893713096
18558,202610,0,0.16161266700600763
18561,202610,0,0.13435819600038124
18563,202610,1,0.24854161079275142
18565,202610,0,0.061541921449647714
18568,202610,0,0.2563244500295893
18570,202610,0,0.1283527665740457
18571,202610,1,0.1263279511843842
18572,202610,0,0.11941629317370013
18575,202610,0,0.1519524134398523
18576,202610,0,0.16295088809566968
18579,202610,0,0.1403153172134416
18581,202610,0,0.14519359937742432
18583,202610,0,0.10069809595179588
18584,202610,0,0.05634920208219063
18585,202610,0,0.057960077948115925
18590,202610,0,0.05698065843827867
18593,202610,0,0.1436036686614985
18594,202610,0,0.1420107071768909
18595,202610,0,0.10842539274561475
18597,202610,1,0.10606143201467802
18598,202610,0,0.1220156064493456
18600,202610,0,0.18949094799412092
18601,202610,0,0.3337372373888314
18602,202610,0,0.11223012854488751
18603,202610,0,0.21777747897182512
18604,202610,0,0.046593098973039745
18610,202610,0,0.13906032071688204
18611,202610,0,0.1336603572513534
18612,202610,0,0.14228451180588478
18613,202610,0,0.10480781013110918
18614,202610,1,0.3646659271084112
18615,202610,0,0.1543091915218476
18617,202610,0,0.12939033037992997
18618,202610,1,0.09125399005519598
18619,202610,0,0.1698430915405024
18623,202610,0,0.06354849080210599
18627,202610,0,0.23723854901193941
18630,202610,0,0.12435858903163062
18631,202610,0,0.15572133485887377
18632,202610,0,0.0590615302008177
18633,202610,0,0.12236513966536502
18634,202610,1,0.14793724286091942
18635,202610,0,0.38189367204029173
18637,202610,0,0.33883305710867484
18638,202610,0,0.14765200104323056
18639,202610,0,0.11022809206061603
18640,202610,0,0.12513619488379152
18641,202610,0,0.04744370060701882
18645,202610,0,0.17351702852115702
18648,202610,0,0.10089429589890352
18649,202610,0,0.12708940925546533
18651,202610,0,0.11167662583054964
18653,202610,0,0.07855673819736592
18656,202610,0,0.1608558133366877
18657,202610,0,0.1359425315496446
18658,202610,0,0.14408523413570823
18659,202610,0,0.1309630237528112
18661,202610,0,0.15937452419967538
18663,202610,0,0.25310658476286035
18668,202610,0,0.1478558268690597
18669,202610,0,0.12741197010261848
18671,202610,0,0.14693581956387852
18672,202610,0,0.09819308732008405
18673,202610,0,0.1397249430632321
18678,202610,1,0.3564346720484217
18679,202610,0,0.1300917838508482
18680,202610,0,0.13671165116253717
18685,202610,1,0.1462769244072169
18686,202610,1,0.10951254101643279
18687,202610,1,0.06621791499704352
18689,202610,0,0.13716172233141913
18690,202610,0,0.1573480782269206
18691,202610,1,0.16032209344703843
18692,202610,0,0.13634587700635348
18694,202610,0,0.13603558354991876
18695,202610,0,0.1893514127716643
18697,202610,1,0.13214461063970404
18698,202610,0,0.15689703720842557
18699,202610,0,0.12159340553324151
18700,202610,1,0.25597616778906224
18704,202610,0,0.16298275550765187
18705,202610,1,0.1216168923088967
18706,202610,0,0.3335738744767163
18708,202610,0,0.12663548696997726
18709,202610,0,0.156640337778372
18711,202610,1,0.19396688857150524
18712,202610,0,0.1622069208869902
18713,202610,0,0.165967295034396
18714,202610,1,0.12963119458164749
18716,202610,0,0.24689863880963167
18717,202610,0,0.14278539095760656
18719,202610,0,0.3852303929537945
18721,202610,0,0.2560010419059123
18723,202610,1,0.1472109814679991
18724,202610,0,0.12455173087830072
18725,202610,0,0.0660842926127415
18728,202610,0,0.14364813586897368
18729,202610,0,0.12126614937097874
18732,202610,0,0.06771184257979426
18733,202610,0,0.15069960632476923
18734,202610,0,0.06086218224595421
18735,202610,0,0.16094973844746333
18736,202610,0,0.1593739175867589
18739,202610,0,0.11388603403451908
18740,202610,0,0.14458690050005854
18742,202610,0,0.15939548247581933
18743,202610,0,0.24442183290979844
18744,202610,0,0.1376692989283067
18749,202610,0,0.05267064842364259
18750,202610,0,0.14134541765503564
18751,202610,0,0.12129846332782385
18753,202610,0,0.1292281491188127
18754,202610,0,0.18059213090722478
18755,202610,0,0.1273492386334914
18756,202610,0,0.06906371722970737
18757,202610,1,0.3441202812988269
18759,202610,0,0.1523127827409609
18760,202610,0,0.0721839217132663
18762,202610,0,0.15955981605514635
18763,202610,0,0.11036770740140496
18764,202610,1,0.2664175742490547
18765,202610,0,0.13501775227686252
18766,202610,0,0.10610735365377609
18767,202610,1,0.14192400871833075
18768,202610,1,0.1318708943474292
18769,202610,0,0.11676020713257451
18772,202610,0,0.12705903173037553
18773,202610,0,0.08063911048254604
18774,202610,0,0.1425330316560215
18778,202610,0,0.13540039147955682
18779,202610,1,0.2514017598647744
18780,202610,0,0.07460491073722
18782,202610,0,0.13937258123570417
18783,202610,1,0.12230440810000583
18784,202610,0,0.12957056764174427
18785,202610,0,0.14047586265220996
18786,202610,0,0.1327468161020375
18789,202610,0,0.1340502172912575
18792,202610,1,0.11681218089884908
18797,202610,0,0.1314973676724746
18798,202610,0,0.061452403005529024
18799,202610,1,0.20612660577101247
18801,202610,0,0.08726397136754083
18802,202610,0,0.145925802865478
18804,202610,0,0.14721420052045278
18807,202610,0,0.1380221657174941
18810,202610,0,0.20876767427722295
18811,202610,0,0.11749028583599676
18812,202610,0,0.2648408494378655
18814,202610,1,0.2524567582196425
18815,202610,0,0.12573344487454646
18816,202610,0,0.16596119974406265
18818,202610,0,0.16494516905635687
18819,202610,0,0.16226896101676325
18820,202610,0,0.1721323928335192
18821,202610,0,0.2385547586364876
18822,202610,0,0.18714442085203664
18825,202610,0,0.13613464503711462
18826,202610,1,0.12936878548114988
18827,202610,0,0.22245087586903542
18828,202610,1,0.14214089837854357
18831,202610,0,0.1268956818904265
18832,202610,0,0.1411979308744698
18833,202610,1,0.1187291161703366
18834,202610,0,0.22089840816032957
18835,202610,0,0.10825692101784523
18836,202610,0,0.11473186822663531
18837,202610,0,0.11448995105101423
18840,202610,0,0.06842976543004489
18842,202610,0,0.09553537687464446
18847,202610,0,0.12289431001429603
18849,202610,0,0.13675936407597533
18851,202610,0,0.2129228222329359
18852,202610,0,0.13219098218959024
18854,202610,0,0.16001677728284
18855,202610,0,0.12865150847476298
18857,202610,0,0.12215681045210773
18859,202610,0,0.16592317357420427
18860,202610,0,0.16642210284205333
18861,202610,0,0.14858964694998744
18862,202610,0,0.0559581587784417
18864,202610,0,0.12736402395567378
18868,202610,0,0.12108765590215459
18870,202610,0,0.13521078493033234
18871,202610,0,0.060459862947814504
18872,202610,0,0.15174384465053217
18874,202610,0,0.13300515695043277
18875,202610,0,0.15215111339927673
18880,202610,0,0.18121210615190037
18882,202610,0,0.14015224504087442
18883,202610,1,0.2312640136175314
18884,202610,0,0.12599822522608214
18885,202610,0,0.25673472117927565
18886,202610,1,0.13692510483837825
18888,202610,1,0.17319691574263685
18889,202610,0,0.14552804226998925
18892,202610,0,0.15931350881766387
18894,202610,0,0.22549216869240665
18895,202610,0,0.13814611138751273
18897,202610,0,0.17061755053834549
18898,202610,0,0.05321394040613979
18899,202610,1,0.15043699217917217
18900,202610,0,0.21068618453921334
18902,202610,0,0.15380930239799506
18907,202610,0,0.16267415977877217
18908,202610,0,0.12201019612140564
18909,202610,0,0.17871061396447657
18910,202610,0,0.32175276214417575
18912,202610,1,0.12935511464262767
18914,202610,0,0.13857158253201207
18917,202610,0,0.13213516832960517
18918,202610,0,0.12294210652836347
18919,202610,0,0.20068522788966364
18920,202610,0,0.129118052521615
18921,202610,0,0.24314465053842393
18923,202610,1,0.34359349229815306
18924,202610,0,0.14790422272432546
18925,202610,0,0.11754382796478641
18927,202610,0,0.1586517544253607
18928,202610,0,0.06027462821395745
18929,202610,0,0.10975186690711883
18930,202610,0,0.1339561545846122
18932,202610,0,0.15088794606438655
18934,202610,1,0.11391348689630655
18935,202610,0,0.05826325930607758
18938,202610,0,0.08516790779727845
18940,202610,0,0.1052130726548933
18941,202610,0,0.13917066023042562
18942,202610,0,0.15329250134159925
18943,202610,1,0.1437705816823619
18944,202610,0,0.06213950132996855
18945,202610,1,0.06119837200469509
18946,202610,0,0.15184246471017662
18948,202610,1,0.16291997730050456
18949,202610,0,0.12093538187977257
18950,202610,1,0.12238540545553275
18952,202610,0,0.16739472974327102
18953,202610,1,0.2350872885332235
18954,202610,0,0.0610330045781954
18956,202610,0,0.16376290129948143
18957,202610,0,0.06521361097073604
18959,202610,0,0.1644225700385973
18960,202610,0,0.11325594620174004
18961,202610,1,0.16259900060702653
18962,202610,0,0.1600175825500874
18963,202610,0,0.17120554048223843
18964,202610,0,0.24040280672774844
18965,202610,0,0.1340150092412437
18967,202610,0,0.10877350458679806
18969,202610,0,0.13238727764486566
18971,202610,0,0.21539879200772613
18973,202610,0,0.13426620796062483
18975,202610,1,0.25304266131932934
18976,202610,1,0.11013471614416098
18977,202610,0,0.12221815788499685
18978,202610,0,0.16100626703901336
18979,202610,0,0.12291484968827604
18980,202610,1,0.33726640089978893
18981,202610,0,0.1536951317109082
18982,202610,0,0.06339679678061712
18983,202610,0,0.14224277969485485
18984,202610,0,0.12366116010420843
18985,202610,0,0.12990035280680587
18986,202610,0,0.1427368907495739
18987,202610,0,0.13392240862082136
18988,202610,0,0.0982839475684091
18991,202610,0,0.0788954101231624
18992,202610,0,0.12560040092094632
18993,202610,0,0.1420794864929416
18994,202610,0,0.24883498160768408
18995,202610,0,0.12449549313960111
18996,202610,0,0.12054220371111535
18997,202610,0,0.12814908581088524
18999,202610,0,0.1293189973775747
19002,202610,0,0.11305414848817646
19003,202610,0,0.3454156802824291
19004,202610,0,0.10810584608519233
19005,202610,0,0.09934120619218005
19007,202610,0,0.11290321724840913
19009,202610,1,0.13343910569501963
19010,202610,0,0.14172347289719123
19011,202610,1,0.14159677316660518
19012,202610,0,0.129049326344489
19013,202610,0,0.14757183725380812
19014,202610,0,0.11629417263370972
19015,202610,0,0.19728354276358734
19016,202610,0,0.13932628423999754
19017,202610,0,0.18321398605103364
19018,202610,0,0.1408484138042009
19019,202610,0,0.12385460763712118
19021,202610,0,0.13249409085322958
19022,202610,0,0.2023255021563052
19023,202610,0,0.2683141277468544
19024,202610,0,0.21610269929003584
19027,202610,1,0.20982158559658753
19028,202610,0,0.12413564741171862
19029,202610,0,0.051076846009833504
19030,202610,0,0.06229537420664514
19031,202610,0,0.17508076889954016
19033,202610,1,0.16129602881014463
19034,202610,0,0.1454806223424115
19035,202610,0,0.049777616954297756
19036,202610,0,0.15649215606404177
19037,202610,0,0.12239090437679037
19038,202610,0,0.15960674892751575
19040,202610,0,0.06432491508797133
19041,202610,1,0.13222761818682355
19042,202610,0,0.22332115887688306
19043,202610,0,0.1207790460504449
19044,202610,0,0.10258603973888569
19046,202610,0,0.09003555644584736
19047,202610,0,0.23412219903256826
19048,202610,0,0.17115625042838017
19049,202610,0,0.12812662184966125
19051,202610,0,0.14686560713718383
19053,202610,0,0.1200246109603338
19054,202610,0,0.2629702816149642
19055,202610,0,0.14091269369939805
19056,202610,0,0.12036834936189458
19057,202610,0,0.15566925413175065
19058,202610,0,0.13639079528167353
19059,202610,0,0.10433954266384528
19060,202610,0,0.13981747601810715
19062,202610,0,0.14313179860691863
19063,202610,0,0.168169300012541
19064,202610,0,0.15368277310298534
19066,202610,1,0.13509824909297846
19068,202610,1,0.26471503817120856
19069,202610,1,0.1685043762827191
19071,202610,0,0.2592748344958917
19072,202610,1,0.1505489335063712
19074,202610,1,0.15955196531070814
19078,202610,0,0.1284695012977826
19079,202610,0,0.12764226030323458
19080,202610,0,0.10452565564099739
19081,202610,0,0.06636263422008408
19082,202610,1,0.13634589421689222
19085,202610,0,0.14473018070984853
19086,202610,1,0.14348135366915976
19087,202610,1,0.1368395143812464
19088,202610,0,0.15075506245272213
19089,202610,0,0.15789990347468147
19090,202610,0,0.15080231148647688
19091,202610,0,0.25610542422910243
19092,202610,0,0.11579540419519213
19093,202610,1,0.15036412696303264
19094,202610,0,0.1367029731921348
19099,202610,0,0.16539315892309595
19100,202610,0,0.13815331918638218
19101,202610,0,0.06824894836693383
19103,202610,0,0.15794907554681017
19104,202610,0,0.15952375855142742
19105,202610,0,0.1385528667956589
19106,202610,0,0.13287116592577347
19107,202610,0,0.21353095066355776
19108,202610,0,0.15358601457735904
19109,202610,0,0.0547725469790262
19111,202610,0,0.12235066166646512
19112,202610,0,0.14705654432296028
19113,202610,0,0.12681459872274653
19114,202610,0,0.13051668739954128
19116,202610,0,0.15684642822966563
19117,202610,0,0.16766197481107517
19118,202610,1,0.06719859234956599
19121,202610,0,0.13165476935872977
19125,202610,0,0.21219823155985035
19126,202610,1,0.12958096678010173
19127,202610,0,0.2022512297219548
19128,202610,0,0.12459926357574506
19130,202610,1,0.13166389205420062
19132,202610,0,0.14277644053140512
19134,202610,0,0.15277058696524087
19136,202610,0,0.12853745097731245
19137,202610,0,0.11606220535134965
19142,202610,0,0.15256251320034286
19143,202610,0,0.1171006084844129
19144,202610,0,0.12935901172096745
19145,202610,1,0.12150118073040525
19146,202610,0,0.14809506864164643
19147,202610,0,0.11582209087889839
19148,202610,1,0.3288492253357623
19150,202610,1,0.12064637870226554
19152,202610,0,0.07292916327396413
19154,202610,0,0.05311370154365016
19155,202610,1,0.15203978835913873
19156,202610,1,0.161739321900414
19157,202610,0,0.13998125589769211
19158,202610,1,0.17053732756727058
19160,202610,0,0.1241384230334234
19161,202610,0,0.06045243366513709
19162,202610,0,0.22685121890781043
19164,202610,0,0.15788138064565452
19165,202610,0,0.06092381741556138
19166,202610,1,0.14121170462881985
19167,202610,0,0.062149711810966596
19168,202610,0,0.14781926867927392
19171,202610,0,0.061352400180547696
19172,202610,0,0.05755077050364916
19173,202610,0,0.14333277766271582
19174,202610,0,0.14975536285010443
19175,202610,0,0.2600709989889366
19176,202610,0,0.1301715912722298
19177,202610,0,0.15910287929263867
19178,202610,0,0.045913527861818786
19179,202610,0,0.2233768476425462
19180,202610,0,0.19923514322491528
19182,202610,0,0.1435620935527621
19184,202610,0,0.15066946966723727
19185,202610,0,0.06700743493080623
19186,202610,1,0.1449919556780257
19187,202610,0,0.05771847917229942
19189,202610,0,0.21752006284873524
19190,202610,0,0.20683231299589622
19191,202610,0,0.10938856704038918
19193,202610,0,0.12736233066326627
19194,202610,0,0.17044661127674576
19195,202610,0,0.1470452433809197
19197,202610,0,0.17687828824729787
19198,202610,0,0.12731159734680222
19199,202610,1,0.3397640962215087
19200,202610,0,0.17064959556681228
19202,202610,0,0.06570156314172829
19203,202610,1,0.1401016235851944
19204,202610,0,0.10229214552366633
19205,202610,0,0.13021347494614316
19206,202610,0,0.12250802930194027
19209,202610,0,0.22018715292584648
19211,202610,1,0.15072765346776903
19212,202610,0,0.06063839370802596
19213,202610,0,0.1217866553259812
19214,202610,0,0.3909150031299852
19217,202610,1,0.1331815574018829
19218,202610,1,0.15098849838939724
19219,202610,0,0.15776777762105312
19220,202610,0,0.16504055957495925
19221,202610,0,0.19026572034302036
19222,202610,0,0.14859676091900068
19223,202610,0,0.13700109889459466
19225,202610,0,0.23090512737839772
19226,202610,0,0.12651275361863887
19228,202610,0,0.13379293702286557
19230,202610,0,0.3671898857484734
19234,202610,0,0.22973786249942546
19235,202610,0,0.10887273339551509
19236,202610,0,0.13645262702176383
19240,202610,0,0.14551265048785908
19241,202610,0,0.1458206847264489
19242,202610,0,0.13959662155438587
19243,202610,0,0.31446947028624195
19244,202610,0,0.12323994884604846
19246,202610,0,0.15124852282729406
19248,202610,0,0.138339454515562
19249,202610,0,0.15500942178603075
19250,202610,0,0.13905880556082661
19251,202610,0,0.162797837641115
19252,202610,1,0.12971555249486086
19254,202610,0,0.14325528096824588
19255,202610,0,0.1491798068172047
19257,202610,0,0.05970170148122507
19258,202610,0,0.1608555077851772
19259,202610,0,0.1266206199636547
19260,202610,0,0.23413929021198332
19261,202610,0,0.1165405326881984
19262,202610,0,0.06389636238176286
19264,202610,0,0.1365752233536261
19265,202610,0,0.1885614785747856
19266,202610,0,0.14996209342572814
19267,202610,1,0.14570473664219313
19270,202610,0,0.1273629475343434
19271,202610,0,0.11508609884273382
19274,202610,0,0.14445381619985237
19275,202610,0,0.14409018835787396
19276,202610,0,0.09386402284495234
19278,202610,0,0.053458240247852985
19280,202610,0,0.11826459905392639
19281,202610,0,0.33632386879810633
19282,202610,0,0.15089874715770282
19285,202610,0,0.12622633946051776
19287,202610,0,0.16977576193129282
19288,202610,0,0.1333564599406068
19290,202610,0,0.14358083233748736
19291,202610,0,0.23796294498354115
19292,202610,1,0.12537389432603252
19293,202610,0,0.14076681084529916
19294,202610,1,0.14418532221743896
19295,202610,0,0.22281452842839186
19296,202610,1,0.13396280727954
19297,202610,0,0.06305567909553142
19298,202610,0,0.19900110061359266
19299,202610,0,0.19855452199216345
19300,202610,0,0.057763613728686866
19301,202610,0,0.11867304350827315
19302,202610,0,0.13296284858180443
19304,202610,0,0.13032838702079932
19305,202610,0,0.15506050647015537
19306,202610,0,0.11417706849095743
19308,202610,1,0.3161770891987984
19309,202610,0,0.15231962041183708
19310,202610,0,0.11875665307424219
19311,202610,0,0.23211346818487488
19313,202610,0,0.18916033937385762
19314,202610,0,0.16541108897910714
19315,202610,0,0.16007437260360943
19317,202610,0,0.14000633708448276
19320,202610,0,0.16926283421787622
19322,202610,0,0.04813066297751832
19323,202610,0,0.13978028885975968
19324,202610,0,0.17189662566401898
19325,202610,0,0.14727012196304112
19326,202610,0,0.11523627030231111
19328,202610,0,0.13648351124797334
19329,202610,1,0.16742248960717893
19330,202610,0,0.1448712612901676
19331,202610,0,0.4099987215145679
19332,202610,0,0.13017211738296763
19333,202610,1,0.13939684820334367
19334,202610,0,0.13884407622179615
19336,202610,1,0.11637841146078277
19337,202610,0,0.13931449312420954
19338,202610,0,0.14773028042259892
19340,202610,0,0.1257920055728987
19341,202610,0,0.13365701205647829
19342,202610,0,0.14073215302141345
19343,202610,0,0.14079008153792238
19347,202610,0,0.32052090518710347
19348,202610,0,0.1617093521942565
19349,202610,0,0.2171817553070747
19350,202610,1,0.12867548368705373
19351,202610,0,0.12173696334977527
19352,202610,0,0.07043739008376533
19353,202610,0,0.12869618384156267
19354,202610,0,0.1540428750986045
19356,202610,0,0.1375456231652306
19357,202610,0,0.12330004782961394
19358,202610,0,0.21574130719004353
19361,202610,0,0.11299273388777858
19362,202610,0,0.14023562285568997
19363,202610,1,0.1238354202761266
19365,202610,0,0.1309996619927527
19366,202610,0,0.13524921974320187
19367,202610,0,0.15619974346313786
19369,202610,0,0.1251352190235968
19370,202610,0,0.2047027085157182
19371,202610,1,0.14293099173130938
19372,202610,0,0.14774023065981712
19376,202610,0,0.05433582382622088
19377,202610,0,0.13468305303623535
19380,202610,1,0.11651024649675637
19381,202610,1,0.16311703497265387
19382,202610,0,0.06553005063408472
19383,202610,0,0.24627736280200535
19384,202610,0,0.15682773173589834
19385,202610,0,0.13703404765180066
19386,202610,0,0.15140800039573418
19387,202610,1,0.2773798192650943
19388,202610,0,0.14348762594028852
19389,202610,1,0.26300759787589834
19390,202610,0,0.12637379759918285
19392,202610,0,0.13412614966570155
19393,202610,0,0.1564781590039234
19394,202610,0,0.12012509002970859
19395,202610,0,0.2427823171246179
19396,202610,0,0.13777719796517832
19397,202610,0,0.09708773517063629
19398,202610,1,0.26205622645628074
19399,202610,0,0.14454306962792957
19400,202610,0,0.1564943838818469
19402,202610,0,0.14670086778150956
19403,202610,0,0.1365147326727263
19404,202610,0,0.11422652305121316
19405,202610,0,0.1370132209861862
19406,202610,0,0.13274611474094428
19408,202610,0,0.09845430566353572
19409,202610,1,0.10563183374910237
19411,202610,1,0.21771646052695148
19412,202610,0,0.16155878978183397
19413,202610,0,0.13273974297180435
19414,202610,0,0.13994180871757297
19419,202610,0,0.2138684970735933
19421,202610,0,0.14891136866827426
19422,202610,1,0.146544045734262
19424,202610,0,0.11568634138729289
19425,202610,0,0.15781012004754377
19426,202610,0,0.14645817811422254
19428,202610,0,0.1402325406202505
19429,202610,0,0.3708076471471774
19431,202610,0,0.15234988054573834
19432,202610,0,0.145529571875827
19434,202610,0,0.06362384169157384
19435,202610,0,0.12570690072331858
19436,202610,0,0.11635174678418146
19438,202610,0,0.11831164203336587
19439,202610,0,0.26006733327589715
19440,202610,1,0.06162093021232217
19441,202610,0,0.060214964098953036
19442,202610,0,0.06254904368470549
19443,202610,0,0.12734877513522308
19444,202610,1,0.1391810499007861
19446,202610,1,0.14454389545315902
19447,202610,0,0.10373389850244198
19448,202610,0,0.1128900338723886
19449,202610,0,0.10065244167191072
19450,202610,0,0.15749378321121324
19452,202610,0,0.1446839467915212
19455,202610,0,0.25973088971204944
19458,202610,0,0.13909105665214588
19459,202610,0,0.15705958336790882
19460,202610,0,0.1387375297251067
19461,202610,0,0.05290322845933726
19462,202610,0,0.11633855363147926
19463,202610,0,0.12540377751697943
19468,202610,0,0.15605536132125977
19469,202610,0,0.06016903928737432
19470,202610,0,0.32821647576842056
19471,202610,0,0.22024511793235443
19472,202610,0,0.14667642735509426
19474,202610,0,0.14759828376570194
19475,202610,0,0.12276032705874754
19477,202610,0,0.136435700630381
19478,202610,0,0.13153838962396308
19479,202610,0,0.25857462079843835
19482,202610,0,0.14326443468062278
19484,202610,0,0.2591324565288431
19487,202610,0,0.1258793662589971
19488,202610,1,0.12956217782333646
19489,202610,0,0.23622647974625546
19490,202610,1,0.14464308803359102
19492,202610,0,0.13013659632880412
19495,202610,0,0.1290790035708441
19496,202610,1,0.203018326536548
19497,202610,1,0.10307372333560896
19502,202610,0,0.13766745472259218
19503,202610,1,0.2896721418753782
19505,202610,0,0.0966358114543397
19506,202610,0,0.11349666307322515
19507,202610,0,0.12125066856731821
19509,202610,1,0.2615126040430001
19510,202610,0,0.11182295072886685
19511,202610,0,0.3392299759921877
19512,202610,0,0.06323221639388016
19513,202610,1,0.2286579567407343
19514,202610,0,0.11058695017649943
19515,202610,0,0.13880181984113155
19520,202610,0,0.16262218309255652
19521,202610,0,0.1423627757473835
19524,202610,0,0.2183783742495377
19525,202610,1,0.16688817865525776
19526,202610,0,0.156119018143503
19527,202610,0,0.1392788017927234
19529,202610,1,0.14557828896468392
19530,202610,1,0.16929767649507158
19531,202610,0,0.2482238651065794
19532,202610,0,0.11162745073148893
19534,202610,0,0.14990548581214563
19538,202610,0,0.15500274652588272
19539,202610,0,0.04700609201984754
19542,202610,0,0.11126493324685903
19543,202610,0,0.11868756607094443
19545,202610,0,0.1501534072372802
19546,202610,0,0.14702969935139698
19548,202610,0,0.18647997844940076
19549,202610,0,0.2607919004791017
19550,202610,0,0.17189197307304616
19552,202610,0,0.12688560047116093
19553,202610,0,0.04567789844427332
19554,202610,0,0.12220731942292465
19555,202610,0,0.13538189072876103
19556,202610,0,0.16292454721209093
19557,202610,0,0.131055162865763
19558,202610,1,0.18168875805244492
19561,202610,0,0.15562522273250692
19562,202610,0,0.1376820583830911
19563,202610,0,0.1524481171011237
19565,202610,1,0.24677652943911235
19568,202610,0,0.12438418435627409
19570,202610,0,0.12854385926058093
19572,202610,0,0.13215591569850407
19574,202610,0,0.2398830753861323
19576,202610,0,0.22192216150779437
19578,202610,0,0.11394444718846236
19579,202610,0,0.13912577402956242
19580,202610,1,0.21791195090508247
19581,202610,1,0.12995542433989057
19582,202610,0,0.18274471916145058
19585,202610,1,0.1457481312309671
19586,202610,0,0.06616450159028951
19587,202610,0,0.09486435730459952
19589,202610,0,0.11963212442153845
19590,202610,0,0.06350951967248764
19592,202610,0,0.12792785490674186
19594,202610,0,0.07166383127108249
19595,202610,0,0.13231905834167726
19596,202610,0,0.19909434198996348
19597,202610,0,0.14392798126875786
19599,202610,0,0.1162974713524317
19600,202610,0,0.11878412877811356
19601,202610,0,0.1327237896926548
19602,202610,1,0.10962643693220339
19603,202610,0,0.11544803891997922
19604,202610,0,0.12232719807381387
19605,202610,0,0.153185067728049
19606,202610,0,0.15794782019502945
19607,202610,0,0.10730460945388673
19608,202610,1,0.24937582171313452
19609,202610,0,0.1373475792154744
19611,202610,1,0.11253918823591384
19613,202610,0,0.16409140781551698
19616,202610,0,0.0593730857239314
19618,202610,0,0.06322928797319834
19619,202610,0,0.05512398423147902
19620,202610,0,0.12190921522403243
19622,202610,1,0.160691329703036
19623,202610,0,0.11891414487990315
19624,202610,0,0.1907449212350322
19625,202610,0,0.14624778857175555
19626,202610,0,0.17800073169586803
19628,202610,0,0.14998849985688903
19629,202610,0,0.1693080867947924
19630,202610,0,0.04924859695845026
19631,202610,0,0.11023057027510169
19633,202610,0,0.1319786209652655
19634,202610,0,0.1252499654116264
19635,202610,0,0.2408247493939447
19636,202610,0,0.13958055417075182
19637,202610,0,0.13471833461357716
19639,202610,0,0.14433132525073594
19643,202610,0,0.13786257851599462
19644,202610,0,0.15367305242314822
19645,202610,0,0.1681073182850494
19647,202610,0,0.16142208481928932
19649,202610,0,0.15895669656844338
19650,202610,0,0.1385065594855233
19652,202610,0,0.15504774215861697
19653,202610,0,0.1734081378827234
19656,202610,0,0.1312321903162086
19657,202610,1,0.10831127110775061
19658,202610,1,0.35844658402515417
19660,202610,0,0.1545361708201303
19662,202610,0,0.12663123814046906
19663,202610,0,0.15131800821150593
19664,202610,0,0.18817173254009975
19665,202610,1,0.1533767617426902
19666,202610,0,0.15208310264862057
19667,202610,0,0.12511412746615677
19668,202610,0,0.1261084888157116
19671,202610,0,0.12603639950686585
19672,202610,0,0.1341745823771785
19674,202610,0,0.2146593510396323
19675,202610,0,0.1423720970231637
19676,202610,0,0.15559808059159147
19677,202610,0,0.13486917669970575
19678,202610,0,0.1457564149231856
19679,202610,0,0.146581073804962
19680,202610,0,0.19189600786359307
19681,202610,0,0.12675472557267822
19682,202610,0,0.1237095760422621
19683,202610,0,0.1545384092343877
19684,202610,0,0.11652602029660106
19686,202610,0,0.13203253455143218
19687,202610,0,0.15405608660050787
19689,202610,0,0.13753939468079793
19691,202610,0,0.12378104086227305
19692,202610,0,0.12873469459911363
19694,202610,1,0.14390046482213478
19698,202610,0,0.21451076444481873
19699,202610,0,0.14003767984452364
19700,202610,0,0.12803609424874007
19702,202610,0,0.1485406760283524
19704,202610,1,0.25634730828083363
19705,202610,1,0.14371938129449205
19706,202610,0,0.16651577826010563
19707,202610,0,0.3513038038183525
19708,202610,0,0.13122360080865914
19709,202610,0,0.14835323406987022
19710,202610,0,0.11717512263632554
19711,202610,0,0.15098095807984402
19712,202610,1,0.2270522895051359
19713,202610,0,0.0832720966769172
19714,202610,0,0.14511745855164604
19715,202610,1,0.15371492037850634
19716,202610,0,0.16361734617821563
19717,202610,1,0.22163558655285487
19718,202610,0,0.12906298349483616
19719,202610,0,0.16586667625577026
19720,202610,0,0.10920970855371674
19721,202610,1,0.047583939787425096
19722,202610,0,0.14987608944421474
19723,202610,1,0.1284456885794909
19724,202610,0,0.0552162697065275
19726,202610,0,0.25151715557643567
19727,202610,0,0.14509387073692345
19728,202610,0,0.05664191423859374
19729,202610,0,0.15092637881051996
19730,202610,1,0.12971145651216026
19731,202610,0,0.21077483152576212
19732,202610,1,0.23536847714751116
19733,202610,0,0.1490681844760463
19734,202610,1,0.1547645826287834
19735,202610,0,0.12019874525094594
19736,202610,0,0.15106292560233522
19739,202610,1,0.15786927064252185
19740,202610,0,0.14982641067126184
19743,202610,0,0.1409591474570233
19744,202610,0,0.13955190736932815
19746,202610,0,0.11558345730481324
19748,202610,0,0.11720131684272199
19749,202610,1,0.10947678814798965
19750,202610,0,0.14434757885983976
19751,202610,0,0.21620375622686475
19753,202610,0,0.12242753682914585
19754,202610,0,0.14784892271707928
19758,202610,0,0.11056059491249862
19759,202610,1,0.19566832064347128
19760,202610,0,0.15114515037912796
19765,202610,1,0.13509985849234765
19766,202610,0,0.06495978038691047
19768,202610,1,0.13246206349959927
19769,202610,0,0.046716742873251435
19770,202610,0,0.14839644107500394
19771,202610,0,0.2659794211875824
19772,202610,1,0.15156566501208404
19775,202610,0,0.14997301635936539
19778,202610,0,0.11456006197441702
19779,202610,0,0.04542403245711085
19780,202610,1,0.13440468741863085
19781,202610,0,0.12839248838498973
19782,202610,0,0.34964720067885624
19783,202610,0,0.1179158293380445
19784,202610,0,0.052279443606967894
19785,202610,0,0.26392067947367076
19786,202610,0,0.12547452034412337
19787,202610,1,0.22764348011820898
19788,202610,0,0.22566376273576352
19790,202610,0,0.11620062537156055
19791,202610,0,0.056407531897982276
19792,202610,0,0.05560644365899568
19793,202610,0,0.12889044010427037
19794,202610,0,0.14764928497642646
19795,202610,0,0.1312406543074863
19796,202610,1,0.14884463821968644
19797,202610,0,0.2817097643711868
19798,202610,0,0.14178028618649627
19800,202610,1,0.13036347356007355
19802,202610,0,0.07063883148269709
19803,202610,0,0.16826896992438872
19804,202610,0,0.13493073224134802
19805,202610,0,0.13326569729073617
19806,202610,0,0.14881718169651142
19807,202610,1,0.396107836439013
19810,202610,0,0.171523991429845
19811,202610,0,0.1450866708789128
19813,202610,0,0.06913041477536025
19817,202610,1,0.24144767131586445
19818,202610,0,0.1182422573603712
19819,202610,0,0.14782533403443626
19820,202610,0,0.16028426092455908
19824,202610,0,0.19234176036095038
19825,202610,1,0.2541560387154079
19828,202610,0,0.10908628620186198
19830,202610,0,0.14101089757754018
19831,202610,0,0.25599970575385494
19832,202610,0,0.05457919972514231
19833,202610,0,0.17172235421289947
19834,202610,0,0.14826376479311817
19835,202610,0,0.1365561580995945
19836,202610,0,0.13302560328390983
19838,202610,0,0.139256558380594
19839,202610,0,0.1508162662754587
19841,202610,0,0.14371614436748914
19843,202610,0,0.11852889065137007
19844,202610,0,0.12197973072963222
19845,202610,0,0.1289143011220579
19846,202610,0,0.16345209667243785
19847,202610,0,0.2215713951190229
19848,202610,0,0.14634516521280752
19851,202610,0,0.20670151158816458
19853,202610,0,0.14235496632951977
19855,202610,0,0.13238347914657086
19857,202610,0,0.15255671098092297
19858,202610,0,0.1264436364115388
19861,202610,0,0.05792314022658635
19862,202610,1,0.11179058062400636
19866,202610,1,0.3241763477825253
19867,202610,0,0.16663756087218912
19868,202610,0,0.1576891606351137
19871,202610,0,0.12007439438491048
19872,202610,0,0.20708219484651172
19874,202610,0,0.21332190397313006
19875,202610,0,0.15211794200642076
19876,202610,0,0.1456200905303247
19878,202610,0,0.1405127288130775
19879,202610,0,0.054956509747459505
19881,202610,0,0.19112677256148572
19882,202610,0,0.1170479821354262
19883,202610,0,0.11137941732878284
19884,202610,0,0.24285081669009428
19886,202610,1,0.12843597322343572
19887,202610,0,0.3724242250795552
19889,202610,0,0.13903334776632018
19890,202610,0,0.12441580060271086
19891,202610,0,0.12424641858831915
19892,202610,1,0.27936552220128524
19893,202610,0,0.2261325223299761
19894,202610,0,0.29145986545118
19895,202610,1,0.2623543624343017
19896,202610,0,0.13650621017057557
19897,202610,1,0.14005936104955247
19898,202610,0,0.314172179763145
19899,202610,1,0.14572826625876256
19900,202610,0,0.2730620898500383
19901,202610,0,0.15730912872789254
19902,202610,1,0.2680363478794695
19904,202610,0,0.15960563163159394
19906,202610,0,0.3720920382976462
19910,202610,1,0.12993505640688624
19911,202610,1,0.13498493307405093
19913,202610,0,0.11882986144803746
19914,202610,0,0.058182831209950894
19916,202610,0,0.06099730881383762
19920,202610,0,0.23397882952339835
19921,202610,0,0.0592759638757582
19922,202610,0,0.12806965478337137
19923,202610,1,0.1548031681451497
19924,202610,0,0.27195728171724964
19925,202610,0,0.14077239225555085
19926,202610,0,0.16080364089190424
19930,202610,1,0.1498139385743177
19932,202610,0,0.16527166639927302
19934,202610,1,0.33718821277424577
19935,202610,0,0.05577215603518622
19936,202610,0,0.1648127533227849
19937,202610,0,0.1282305820074958
19938,202610,0,0.12450496259113712
19939,202610,0,0.15243777065272954
19940,202610,0,0.13461052123054704
19941,202610,0,0.1480062046250939
19942,202610,1,0.16642712610628202
19943,202610,0,0.12089337936770415
19946,202610,0,0.14254344268870262
19947,202610,1,0.14280008297287347
19949,202610,0,0.06107729607528438
19951,202610,1,0.23947871954983302
19953,202610,0,0.12387848423790608
19955,202610,0,0.15530693665076978
19957,202610,0,0.14958749544150435
19958,202610,0,0.14686222818780317
19959,202610,0,0.1979294195740847
19960,202610,0,0.11973951259505798
19963,202610,0,0.12364749817618559
19964,202610,0,0.34902685206470285
19965,202610,0,0.1583161334589722
19966,202610,0,0.1568607648115538
19967,202610,0,0.11947620647105399
19968,202610,0,0.1609762476385448
19969,202610,0,0.044297589028484685
19970,202610,0,0.06783633706860993
19972,202610,0,0.10904447123950223
19973,202610,0,0.13988193429730122
19974,202610,0,0.1237688033452921
19975,202610,0,0.12416509327633046
19977,202610,0,0.29142012650878163
19981,202610,0,0.32108940535622044
19982,202610,0,0.13888291515576356
19983,202610,0,0.06039991971486865
19984,202610,0,0.07845768145697597
19986,202610,0,0.23658913405933085
19987,202610,0,0.14829960413985632
19988,202610,0,0.12193214933933894
19989,202610,0,0.10300068258188816
19990,202610,1,0.11283491819725898
19993,202610,0,0.11038274466488722
19994,202610,0,0.1434849519631455
19995,202610,0,0.10577465103134168
19996,202610,0,0.15425430212974248
19997,202610,1,0.1332252293674884
19998,202610,1,0.23175800538816133
19999,202610,1,0.1187936689918306
20000,202610,0,0.07059283862299258
20001,202610,0,0.15857112982661656
20002,202610,1,0.06752388952310445
20003,202610,0,0.11691341237802762
20004,202610,0,0.16254457763956587
20005,202610,1,0.2095570003523434
20006,202610,0,0.1168872141721882
20007,202610,1,0.13538659284305207
20010,202610,0,0.20247940873440046
20011,202610,0,0.2474613336277163
20014,202610,1,0.11096186390431832
20015,202610,1,0.09923462312613313
20016,202610,0,0.2037372559069741
20017,202610,1,0.16169038150203693
20019,202610,0,0.14500483502119776
20020,202610,0,0.1040221897849838
20022,202610,1,0.26418802282285736
20023,202610,0,0.12340217101139873
20024,202610,0,0.1376586542465619
20025,202610,0,0.2432954810908774
20026,202610,1,0.115253583801843
20027,202610,0,0.14912042291925895
20030,202610,0,0.1606524716180571
20031,202610,0,0.05842093915334544
20032,202610,0,0.13495776594280867
20033,202610,1,0.12619257451090057
20034,202610,0,0.1409493796168287
20035,202610,0,0.1416268807512521
20036,202610,1,0.16379648671051783
20037,202610,0,0.06041912737623709
20039,202610,0,0.16092699188035767
20040,202610,0,0.140296902858697
20041,202610,0,0.14973890480936147
20042,202610,0,0.15924183404130568
20043,202610,0,0.15497272448410276
20044,202610,1,0.13574547205568774
20045,202610,0,0.1201849186357933
20047,202610,0,0.14945876724594886
20048,202610,0,0.24151868462322457
20049,202610,0,0.129667069454414
20051,202610,0,0.2584572310044
20052,202610,1,0.18063427383700326
20053,202610,0,0.13886507165314987
20055,202610,0,0.14806796878418163
20057,202610,0,0.2067729740827315
20058,202610,0,0.15014884943161014
20061,202610,0,0.14483745132118592
20063,202610,0,0.15386350847971442
20064,202610,1,0.16931574604362776
20065,202610,0,0.1419512207933558
20066,202610,0,0.11931824895167847
20067,202610,0,0.1448613285568542
20068,202610,0,0.06125092851428011
20069,202610,0,0.24200668667275005
20070,202610,0,0.1523879223920533
20072,202610,0,0.1267999157863182
20073,202610,0,0.1821110870472721
20075,202610,0,0.17624433493948674
20077,202610,0,0.2221228945674517
20078,202610,0,0.13092556076075001
20079,202610,0,0.1533996658369517
20080,202610,1,0.16513146125127817
20083,202610,0,0.11710927529714496
20084,202610,0,0.0958495589052828
20085,202610,0,0.13658930593188703
20086,202610,0,0.06241530251769408
20087,202610,1,0.13787969380784562
20088,202610,0,0.124506612420882
20089,202610,0,0.14024756681092834
20090,202610,0,0.06892917288859964
20091,202610,0,0.29420470354328476
20092,202610,1,0.1868644228721913
20094,202610,0,0.14871026549802419
20096,202610,0,0.132602679134372
20097,202610,1,0.3406443009482811
20098,202610,0,0.11910851764548729
20099,202610,1,0.11390791736202957
20100,202610,0,0.14574737904290255
20101,202610,1,0.1521867259212001
20102,202610,0,0.19789872278446147
20103,202610,0,0.1640892426741125
20104,202610,0,0.15563155621829117
20106,202610,0,0.13035211823380402
20107,202610,0,0.2720189353680294
20108,202610,0,0.39598013132969906
20110,202610,0,0.16410679884290605
20115,202610,0,0.06937569386811142
20117,202610,0,0.1727447280081712
20118,202610,0,0.34484929650861096
20119,202610,0,0.13304112727993314
20120,202610,0,0.27193154918991397
20121,202610,0,0.06047254303869141
20122,202610,1,0.33253755905432475
20124,202610,0,0.16759113680007226
20126,202610,0,0.11461144928233136
20127,202610,0,0.12353251766800366
20129,202610,0,0.11751551201285648
20130,202610,1,0.12008589667251386
20133,202610,0,0.12396539199936803
20135,202610,1,0.23272980196107765
20138,202610,0,0.12866148305712427
20141,202610,0,0.14208543678857116
20145,202610,0,0.16165303258703012
20146,202610,0,0.0601532276475632
20148,202610,0,0.1432300630632305
20150,202610,0,0.15462230467799182
20151,202610,0,0.13743332733492378
20152,202610,0,0.16495301872485185
20155,202610,1,0.2379658338707295
20156,202610,0,0.12306556189998456
20158,202610,0,0.13642810913130962
20160,202610,0,0.14351180332311292
20161,202610,0,0.06864490334829497
20162,202610,0,0.12645018949957731
20163,202610,1,0.0505392150137311
20164,202610,0,0.18078758244255247
20165,202610,0,0.28007365335694445
20166,202610,1,0.21686958461909223
20167,202610,0,0.11553070967312835
20169,202610,0,0.14805637444485684
20170,202610,0,0.15245420657038486
20171,202610,0,0.1351827559446173
20172,202610,0,0.058408625766434095
20174,202610,0,0.11855085748347165
20175,202610,0,0.14863646262223804
20176,202610,1,0.12428839142367704
20177,202610,0,0.14027176505000505
20178,202610,0,0.144187962584913
20181,202610,0,0.13085223386169928
20182,202610,1,0.15793638106574107
20183,202610,1,0.21918118515999335
20184,202610,0,0.05059418628459295
20185,202610,1,0.12914264628362662
20186,202610,0,0.19122213956607784
20187,202610,0,0.26089350321979604
20189,202610,0,0.13498688502433415
20190,202610,0,0.1373469671682217
20191,202610,0,0.12424858499816242
20192,202610,0,0.15182893451203594
20193,202610,0,0.13566688282476724
20194,202610,1,0.12710698952544638
20196,202610,1,0.3813257121142133
20197,202610,0,0.27554867841426917
20198,202610,0,0.12197905121176182
20199,202610,0,0.12601901895932385
20201,202610,0,0.1338320920937876
20202,202610,0,0.11235653442588683
20203,202610,0,0.14283627131504228
20204,202610,0,0.143093370742475
20205,202610,0,0.14265719464836016
20206,202610,1,0.22221764673254485
20207,202610,1,0.22691661935819363
20208,202610,0,0.0679313169840642
20209,202610,1,0.14089086900284659
20210,202610,0,0.13818985832693687
20211,202610,0,0.14300897538694599
20212,202610,0,0.14401024009133906
20213,202610,0,0.13822239791403013
20214,202610,0,0.15370557711221333
20217,202610,0,0.1160797316871818
20218,202610,0,0.1320275260608754
20220,202610,0,0.14100760891685102
20221,202610,0,0.121698350212669
20224,202610,0,0.3512477968158522
20225,202610,0,0.13573793473048712
20226,202610,0,0.15400669162384292
20228,202610,1,0.1325662955329601
20229,202610,0,0.13453999795242808
20230,202610,1,0.21708605287901075
20233,202610,1,0.1284681632444927
20234,202610,0,0.16961051143643538
20237,202610,1,0.24107524138009165
20238,202610,0,0.1363494184731266
20239,202610,0,0.20139872024339198
20241,202610,0,0.06132720338092291
20242,202610,0,0.14260641081777992
20243,202610,0,0.15482680412702382
20245,202610,0,0.15101155758803786
20246,202610,1,0.14480037909340743
20248,202610,0,0.15496505871664673
20249,202610,1,0.12610355117387548
20250,202610,0,0.15670682973934402
20251,202610,0,0.22868496849470707
20252,202610,0,0.13014396308797033
20253,202610,0,0.05402536717987113
20254,202610,0,0.1930714789746625
20255,202610,0,0.06178685872595428
20256,202610,0,0.13859950770818524
20257,202610,0,0.22138818204559688
20259,202610,0,0.051194355902114186
20260,202610,0,0.065952826171651
20261,202610,0,0.12270256362973778
20262,202610,0,0.11764108132336738
20263,202610,0,0.11197475873872133
20264,202610,0,0.15430095610846237
20265,202610,0,0.054397517308038615
20266,202610,0,0.2423530884071925
20269,202610,0,0.058035085358246856
20270,202610,0,0.14004968089903505
20274,202610,0,0.09789913451973288
20275,202610,1,0.34300023060521007
20276,202610,0,0.225630895844554
20277,202610,0,0.2470737221708757
20278,202610,0,0.11768594983216484
20279,202610,1,0.12124312072738595
20280,202610,1,0.2756510303340867
20281,202610,1,0.14209472949253632
20282,202610,0,0.12228331074400778
20283,202610,0,0.13676560281493605
20285,202610,0,0.12835106077310343
20286,202610,0,0.1559503807280877
20287,202610,0,0.06830478600208283
20288,202610,0,0.23749370930473662
20290,202610,1,0.12033629064787517
20291,202610,0,0.22824867507828253
20292,202610,0,0.06745050847809225
20293,202610,0,0.14728936016994032
20294,202610,0,0.144181526940497
20295,202610,0,0.3185245591127229
20296,202610,0,0.14476937237715606
20297,202610,1,0.3451088454854409
20298,202610,1,0.13462107089536218
20300,202610,0,0.12523742424307802
20302,202610,0,0.1317525660688179
20303,202610,0,0.14965717393835548
20305,202610,0,0.16601207433411963
20306,202610,0,0.1472081429109669
20309,202610,0,0.12365165285691779
20311,202610,1,0.12035411657973291
20313,202610,0,0.11843272075671343
20314,202610,0,0.23077690083282204
20315,202610,0,0.13339964636468005
20316,202610,0,0.1352663625889214
20317,202610,0,0.11911363334572408
20318,202610,0,0.15172003802978998
20319,202610,0,0.12302808729878026
20320,202610,0,0.16986173108880565
20322,202610,0,0.1192223657105343
20323,202610,0,0.1524772967586599
20324,202610,0,0.057324176643264065
20325,202610,0,0.05821266358197198
20326,202610,0,0.06776071272835307
20327,202610,0,0.1268358497627812
20328,202610,1,0.1270651451932939
20330,202610,0,0.11173145782184898
20331,202610,0,0.15566647312712195
20332,202610,1,0.24335430976814781
20333,202610,1,0.148551866405321
20335,202610,1,0.2461620957130892
20338,202610,0,0.36276383724638933
20342,202610,0,0.16834406592307383
20343,202610,0,0.11390896042340047
20345,202610,0,0.1931187039442046
20346,202610,0,0.15179179852430819
20347,202610,0,0.05768975009954866
20348,202610,0,0.1350074760804089
20349,202610,0,0.13682387433732687
20352,202610,0,0.1077119224242486
20354,202610,0,0.06641335591975107
20355,202610,0,0.1188271631163405
20356,202610,0,0.25041052016218
20357,202610,0,0.1474045719113633
20359,202610,0,0.12287007531529973
20360,202610,0,0.0793743521477979
20361,202610,0,0.15703852246593508
20363,202610,0,0.054652039411064786
20364,202610,1,0.061560407943894335
20365,202610,0,0.14960308320000043
20366,202610,1,0.1228707671735467
20367,202610,0,0.33104368801718387
20368,202610,1,0.1261554126540053
20369,202610,0,0.3343607519708691
20370,202610,0,0.06151549919343847
20372,202610,0,0.10538378615365568
20373,202610,0,0.12705666737573182
20374,202610,1,0.14352405121320805
20375,202610,0,0.34269349151062983
20376,202610,0,0.13581564465820778
20377,202610,0,0.13755436387807182
20379,202610,0,0.06212394849426379
20380,202610,0,0.1391318813999236
20382,202610,0,0.0595280781944386
20383,202610,0,0.13323190979662186
20384,202610,0,0.18423000994505875
20385,202610,0,0.10676131915573189
20386,202610,0,0.11960342578379439
20387,202610,0,0.17049682712243086
20389,202610,0,0.12688585479276138
20390,202610,1,0.07449941074325979
20391,202610,0,0.17017095019036682
20392,202610,0,0.077902908225411
20395,202610,0,0.14105841985434284
20396,202610,0,0.2367794276871661
20397,202610,0,0.23446233818550502
20398,202610,0,0.2987204072494424
20401,202610,0,0.13040964889737192
20402,202610,1,0.1320013463073052
20403,202610,0,0.13610489723296998
20404,202610,0,0.12348823922639879
20406,202610,0,0.24868066495600322
20407,202610,0,0.14988791613365013
20409,202610,0,0.14058708089328256
20411,202610,0,0.1214191302800803
20412,202610,0,0.1359951982170188
20414,202610,1,0.16701410112427498
20415,202610,0,0.12129105833980564
20418,202610,0,0.10217679913885719
20419,202610,0,0.13552265102400338
20420,202610,0,0.04679245683457518
20423,202610,0,0.13227891423317412
20425,202610,0,0.14130768313378553
20428,202610,0,0.24036226519916015
20429,202610,0,0.11824549111669817
20430,202610,0,0.1792250586783257
20431,202610,1,0.10939357715973562
20432,202610,0,0.12539311099847125
20433,202610,0,0.35091526282806784
20434,202610,0,0.25914791499728007
20436,202610,0,0.1264571756726851
20437,202610,0,0.12204715900219017
20438,202610,0,0.160133387593233
20439,202610,0,0.1209056421289853
20440,202610,0,0.12746564248061343
20441,202610,1,0.11383411089380907
20442,202610,0,0.12656823256066382
20444,202610,0,0.2614968956749736
20446,202610,0,0.11945341587733553
20449,202610,0,0.16024985358903313
20450,202610,0,0.322106429933913
20451,202610,1,0.3383677413538477
20452,202610,0,0.11025574201786971
20453,202610,1,0.19686692569075703
20454,202610,0,0.12694355921216943
20455,202610,0,0.12505737467117894
20456,202610,0,0.12374170892801159
20458,202610,0,0.13939899773073947
20460,202610,1,0.1443846371604011
20461,202610,0,0.1558518199244652
20462,202610,0,0.14345419766494008
20464,202610,0,0.16060649991653758
20465,202610,0,0.11214319127339181
20466,202610,0,0.12404488015255612
20467,202610,0,0.14671300394866413
20468,202610,0,0.05745715965952297
20472,202610,0,0.17392093469244127
20473,202610,0,0.06213503204563136
20475,202610,0,0.12740596099508766
20477,202610,0,0.14701328416868392
20482,202610,0,0.12120373128824705
20483,202610,0,0.23522993685286178
20485,202610,0,0.14974745384789387
20486,202610,0,0.24639759708357212
20487,202610,0,0.15012103735562599
20489,202610,0,0.2179404920215263
20490,202610,0,0.12981519429998947
20491,202610,0,0.12749867520366331
20494,202610,0,0.06092919536866136
20495,202610,0,0.14585421412440397
20496,202610,0,0.10973907389790398
20497,202610,0,0.12103990386316915
20498,202610,0,0.21051893659083185
20499,202610,0,0.12576808235392253
20501,202610,1,0.2590679420376847
20502,202610,0,0.15166844431690216
20507,202610,0,0.10002296171817847
20508,202610,0,0.1496270535946715
20509,202610,0,0.07274754130875372
20510,202610,0,0.1384695908751567
20511,202610,0,0.14231118589045036
20512,202610,0,0.06538262735278752
20513,202610,0,0.16910694750582717
20515,202610,0,0.33616080863186387
20517,202610,0,0.14801109458042536
20518,202610,0,0.2562574835925758
20521,202610,0,0.16990460527686296
20522,202610,0,0.1465108390969893
20523,202610,1,0.13485985235157502
20525,202610,0,0.15086953303777145
20526,202610,0,0.12956027218978403
20527,202610,1,0.24985417487297434
20530,202610,0,0.12583816361715586
20531,202610,0,0.20995375371437935
20534,202610,0,0.16263839407418862
20535,202610,1,0.22788044487426323
20536,202610,0,0.1281599261402768
20540,202610,0,0.1281573704531663
20541,202610,0,0.15113555504882337
20543,202610,1,0.13450840426733077
20544,202610,0,0.14797290411965008
20546,202610,0,0.16200220099197796
20547,202610,1,0.25434670211818794
20548,202610,0,0.05449952472767291
20549,202610,0,0.1137600477098337
20550,202610,0,0.059041145720355175
20551,202610,0,0.11060098334283312
20552,202610,0,0.15162755339164402
20553,202610,0,0.12353088554487834
20555,202610,0,0.22586169986235305
20558,202610,1,0.14388834159059746
20559,202610,0,0.16279343983894154
20560,202610,0,0.14499847786724504
20561,202610,0,0.24974458431352028
20562,202610,0,0.13101847499313124
20563,202610,0,0.14307761983350087
20565,202610,0,0.15246346956932794
20566,202610,1,0.16199511909152747
20567,202610,0,0.13670384018280723
20568,202610,0,0.1983296227894398
20569,202610,0,0.12658870181314702
20572,202610,0,0.1317750931024311
20577,202610,1,0.1475857512484757
20578,202610,1,0.20170266559822014
20580,202610,0,0.15801167925478116
20581,202610,0,0.15456119426200254
20582,202610,0,0.1429805293715778
20584,202610,0,0.2700186890071116
20585,202610,0,0.15060001232166925
20587,202610,0,0.12455744557400161
20588,202610,0,0.04807411554670276
20589,202610,0,0.10256016015442633
20590,202610,1,0.202729849505796
20591,202610,0,0.15098907430450523
20595,202610,1,0.18558377663978393
20596,202610,0,0.1210668987087578
20597,202610,0,0.05211090183469508
20600,202610,0,0.14788791530963905
20601,202610,0,0.13505234317199447
20602,202610,0,0.2074521803739306
20603,202610,1,0.0741509020584201
20604,202610,1,0.14833568968954133
20605,202610,1,0.13522469444684046
20606,202610,0,0.06908955323839552
20609,202610,0,0.14938282318891988
20610,202610,0,0.14781083004640913
20611,202610,0,0.1350534353893164
20613,202610,0,0.11684696497172548
20616,202610,0,0.20802394996663157
20617,202610,0,0.06416028303719445
20618,202610,1,0.11836155715599872
20619,202610,0,0.055099095657416636
20622,202610,0,0.1576742975947542
20627,202610,0,0.14238085074570156
20630,202610,0,0.12606624017881418
20631,202610,0,0.05507235726339641
20632,202610,1,0.1690363859560077
20635,202610,0,0.148809162300981
20637,202610,0,0.10670542320824193
20639,202610,1,0.14439016795659732
20641,202610,0,0.24945894536319574
20643,202610,0,0.22999730600180862
20644,202610,0,0.22547686731495953
20645,202610,0,0.1464436529473066
20647,202610,0,0.09940163190846041
20648,202610,1,0.15788278179355433
20650,202610,0,0.14260078767226747
20651,202610,0,0.1242753128506861
20653,202610,0,0.1703111971946381
20654,202610,0,0.14485088957754638
20655,202610,0,0.052844686529755866
20656,202610,0,0.15380466741056636
20657,202610,0,0.15010542801130594
20659,202610,0,0.0706840558468443
20660,202610,0,0.14179791236816947
20661,202610,0,0.07098742153984329
20662,202610,0,0.07190933497027348
20663,202610,0,0.12575941384047182
20664,202610,0,0.14028905196691507
20666,202610,0,0.13778016493061992
20667,202610,0,0.11362995011491502
20668,202610,0,0.14650018625776293
20669,202610,0,0.25391431652028024
20670,202610,0,0.06211373435059734
20671,202610,0,0.04271986164847953
20673,202610,0,0.06572310434018352
20675,202610,0,0.14145136798084806
20676,202610,0,0.18487678905110846
20677,202610,0,0.14466262811471023
20679,202610,0,0.13150346190075088
20680,202610,1,0.2472886030950691
20681,202610,0,0.11732564226764579
20683,202610,1,0.12552553231720975
20684,202610,0,0.11452039659297698
20685,202610,1,0.17465238139651215
20686,202610,0,0.13937249979891314
20687,202610,0,0.13367705208727065
20689,202610,0,0.1313188889031525
20690,202610,0,0.14061141233454144
20691,202610,0,0.1271950250525709
20692,202610,0,0.13708331510492242
20694,202610,0,0.12455281476367842
20695,202610,0,0.16551139319676553
20696,202610,0,0.0700267954104775
20698,202610,0,0.13370874550548684
20699,202610,1,0.1365932840259364
20700,202610,0,0.1637639742693957
20701,202610,0,0.16941904686481543
20703,202610,0,0.13138205179438053
20704,202610,0,0.35256498102135414
20705,202610,0,0.14424442829689135
20706,202610,0,0.11798723830838811
20707,202610,0,0.1425458439375871
20708,202610,1,0.34979312084952474
20709,202610,1,0.13347845099577688
20710,202610,0,0.2554979854538185
20711,202610,0,0.12584283518827696
20712,202610,0,0.07390698802824378
20713,202610,0,0.15606694865951887
20714,202610,0,0.15784604050237527
20715,202610,0,0.14176415832021202
20716,202610,0,0.1590213438489295
20718,202610,1,0.20625734560330228
20720,202610,1,0.08792617780829709
20722,202610,0,0.1377032908651826
20724,202610,0,0.16755180388084384
20726,202610,0,0.22575563377983185
20727,202610,0,0.1564992371036715
20728,202610,0,0.1660654465007847
20729,202610,0,0.2365340374910174
20730,202610,0,0.16340411790621678
20731,202610,0,0.31814462829843776
20732,202610,0,0.21867369876520534
20733,202610,1,0.16069004354839572
20734,202610,0,0.1580145708813769
20735,202610,0,0.06321423167875558
20736,202610,0,0.12754012719081473
20737,202610,0,0.1255819584063211
20738,202610,0,0.14756449437889738
20739,202610,0,0.16190050433515454
20741,202610,0,0.17891824951139404
20742,202610,0,0.261802443661314
20743,202610,0,0.06347272762418796
20744,202610,0,0.11576137924018737
20745,202610,0,0.13080676451431444
20746,202610,0,0.15507084794785111
20747,202610,0,0.2248512901847559
20750,202610,0,0.15327212084587988
20751,202610,0,0.07613169737942307
20752,202610,1,0.14167243335435784
20753,202610,1,0.11999176890356947
20754,202610,0,0.16106925313638557
20756,202610,0,0.24417812206163717
20758,202610,0,0.1310590257592118
20759,202610,0,0.13030914390535092
20760,202610,0,0.16930651370032399
20761,202610,0,0.2117278537962782
20762,202610,0,0.12116480798011633
20763,202610,0,0.09098923972114652
20764,202610,0,0.12367277063305152
20767,202610,0,0.22814548267645984
20769,202610,0,0.08700508409521852
20770,202610,0,0.13443701451662224
20771,202610,0,0.1115450169029447
20773,202610,0,0.13610537978293516
20774,202610,1,0.2630390593993493
20775,202610,0,0.31405926962661646
20776,202610,0,0.11736545081565909
20777,202610,0,0.218802931342676
20778,202610,0,0.07209253328659321
20779,202610,0,0.13607940736347907
20780,202610,1,0.25979821510883344
20781,202610,1,0.21885078563074242
20782,202610,0,0.1315512649043188
20783,202610,0,0.1198161065747843
20784,202610,0,0.11283603197877522
20785,202610,1,0.12125450107408488
20786,202610,0,0.12365148949684181
20787,202610,0,0.12855083180651164
20788,202610,0,0.12886353808819728
20789,202610,0,0.07485112206834181
20790,202610,0,0.06097551087353797
20791,202610,0,0.1598110577734962
20792,202610,1,0.18746795506846878
20793,202610,1,0.11311998804745718
20797,202610,0,0.12209643924961852
20800,202610,0,0.24430993822790067
20801,202610,0,0.14208649469301152
20802,202610,0,0.14209156096542283
20804,202610,0,0.1533302967891992
20805,202610,1,0.16702382152818723
20806,202610,0,0.11863774928719892
20807,202610,0,0.1859474967104244
20809,202610,0,0.05128530154400123
20810,202610,0,0.3125688552684843
20812,202610,0,0.36087512317663156
20813,202610,0,0.1543260865485434
20814,202610,0,0.13448328511063712
20815,202610,0,0.13313942392351583
20817,202610,1,0.14449638600998324
20818,202610,0,0.05278671378519912
20819,202610,0,0.1521315650102577
20820,202610,0,0.15983293963079787
20821,202610,0,0.12988413137321492
20823,202610,0,0.12945006050741617
20824,202610,1,0.18997029075876626
20825,202610,0,0.16712169890471004
20826,202610,0,0.1551571697577073
20827,202610,0,0.2772913514467647
20828,202610,0,0.14670298880500363
20829,202610,0,0.10842735118262663
20830,202610,0,0.16759887832285603
20831,202610,0,0.12420791409625098
20832,202610,0,0.20569723350604543
20833,202610,0,0.14319992684420552
20835,202610,0,0.06027485586498134
20836,202610,0,0.1280967634510403
20837,202610,0,0.16549735001894936
20838,202610,0,0.14409641327565004
20840,202610,0,0.16204857022373012
20841,202610,0,0.13034935543241255
20842,202610,0,0.15469099871817213
20843,202610,0,0.14325638919334968
20844,202610,0,0.1258315577489687
20845,202610,0,0.10943303324593887
20848,202610,0,0.24842330571291749
20849,202610,0,0.22243235081518942
20850,202610,0,0.12917975251492722
20851,202610,0,0.1472586961288746
20852,202610,0,0.1471973383924819
20853,202610,0,0.1652314094960327
20854,202610,0,0.12871161059103384
20855,202610,0,0.14437133637799415
20857,202610,0,0.07654739768547376
20859,202610,0,0.14881216608368075
20860,202610,1,0.22359389322883413
20861,202610,0,0.12781454496059586
20862,202610,1,0.22425296057991226
20863,202610,0,0.17956040011779562
20864,202610,0,0.25061968828548564
20865,202610,0,0.12494626562429134
20866,202610,0,0.07721294196743438
20867,202610,0,0.20886996640455205
20868,202610,0,0.24646274207132196
20869,202610,0,0.16420277979901726
20872,202610,0,0.1705516658884573
20873,202610,1,0.14893922974311943
20874,202610,0,0.05645647523311787
20875,202610,0,0.13247738609546497
20876,202610,0,0.12408536432258767
20877,202610,1,0.3985407572412294
20878,202610,0,0.166702576714298
20879,202610,0,0.1393049402951406
20880,202610,0,0.06094634124597466
20881,202610,0,0.14889875456772744
20882,202610,0,0.22998195883682726
20883,202610,0,0.21202404020122334
20884,202610,1,0.13248813858189418
20885,202610,0,0.06466250853559045
20886,202610,0,0.13305985530001563
20887,202610,0,0.06902153894729607
20888,202610,0,0.14064617010248487
20889,202610,0,0.1354813397181152
20891,202610,0,0.1392145025653352
20892,202610,0,0.13662968788581634
20893,202610,0,0.1203026602268104
20894,202610,0,0.33429285650879204
20895,202610,0,0.3459862986635052
20896,202610,0,0.12254375351275132
20897,202610,0,0.06322243401411469
20898,202610,1,0.1304737082469767
20899,202610,0,0.15187238994588964
20900,202610,0,0.23905607018126532
20901,202610,0,0.15842680653051786
20902,202610,0,0.13933715023245605
20903,202610,0,0.09957490575402951
20904,202610,1,0.11971367894909951
20905,202610,0,0.12782250598303557
20906,202610,0,0.19049655720723824
20907,202610,0,0.1166512870091818
20909,202610,1,0.13854787387615572
20910,202610,0,0.15201035795849485
20911,202610,0,0.13597026813482357
20912,202610,0,0.12708031876576573
20913,202610,0,0.1476262122384896
20915,202610,0,0.131272950565569
20916,202610,0,0.17791914301195327
20917,202610,0,0.29935755727194646
20918,202610,1,0.14128049155907824
20919,202610,1,0.12843027264404303
20920,202610,1,0.15982662185280588
20921,202610,0,0.11932602236283293
20923,202610,1,0.4207676495097732
20924,202610,0,0.11593541604149381
20925,202610,0,0.13484346128493732
20926,202610,0,0.14298255874520674
20927,202610,1,0.13285539643187327
20928,202610,0,0.1474353005335092
20929,202610,1,0.3227226892237902
20930,202610,0,0.14165459710524428
20931,202610,0,0.13796117806526553
20932,202610,0,0.11547240278724376
20933,202610,0,0.12918450490454383
20935,202610,0,0.1732809771976215
20937,202610,0,0.10420172720355539
20938,202610,0,0.22923252475783215
20939,202610,1,0.18142087093298911
20940,202610,0,0.1862028735941441
20941,202610,0,0.05910492681722563
20942,202610,1,0.11590069470072181
20943,202610,0,0.1140022020162566
20944,202610,0,0.05547341081994143
20945,202610,0,0.15999040351165036
20946,202610,0,0.10190023403740771
20947,202610,0,0.1364482152792553
20948,202610,1,0.14791726205252398
20949,202610,0,0.12549088673771386
20950,202610,0,0.10443924521552694
20952,202610,0,0.14279523060579766
20953,202610,1,0.15794682366849577
20954,202610,0,0.13852537964142728
20955,202610,0,0.11466878127799635
20957,202610,0,0.15106450914977654
20958,202610,0,0.15825721985611504
20959,202610,0,0.2565394285855953
20960,202610,0,0.13803935233462147
20964,202610,1,0.23596068148968535
20965,202610,0,0.21727302923598898
20969,202610,0,0.15509632680597088
20970,202610,1,0.12988269298234256
20971,202610,1,0.35313468036113815
20973,202610,0,0.2310309671529622
20974,202610,1,0.14548748749082588
20975,202610,0,0.10591994379326634
20976,202610,0,0.1501891662427696
20977,202610,0,0.11826197357065585
20979,202610,1,0.1419409061564125
20980,202610,1,0.1535901878094336
20981,202610,0,0.1356444813037817
20982,202610,0,0.20589130662000593
20984,202610,0,0.16592169007193985
20985,202610,0,0.14843105895512726
20987,202610,0,0.14837436506402224
20988,202610,0,0.16910714303164393
20989,202610,0,0.3644610940675463
20990,202610,1,0.2597147115042373
20991,202610,0,0.24562289278128568
20992,202610,1,0.32592883121417054
20994,202610,0,0.06395467783134584
20996,202610,0,0.13699578836803228
20997,202610,0,0.1668688615951136
20998,202610,0,0.1402558734363859
20999,202610,0,0.16194873420759406
21000,202610,0,0.4093334621494647
21002,202610,1,0.17120778526794858
21003,202610,0,0.14798433895744004
21004,202610,0,0.16411622388571348
21005,202610,0,0.16209441675956393
21006,202610,0,0.11017778214786653
21007,202610,1,0.07654287307611196
21008,202610,0,0.13175261061739385
21009,202610,0,0.059102593042629784
21010,202610,0,0.14520678941149132
21011,202610,1,0.3417015889932322
21012,202610,0,0.11712872813689504
21013,202610,0,0.23325873339629882
21014,202610,0,0.13930969205544055
21016,202610,0,0.15464405542432083
21017,202610,0,0.12209583778214797
21018,202610,0,0.3216827064884275
21020,202610,1,0.1896631276784549
21021,202610,0,0.05028138820968463
21023,202610,0,0.1226832531197408
21024,202610,0,0.13808580855804067
21025,202610,0,0.13561265515158774
21026,202610,1,0.14472548357746354
21027,202610,0,0.14625508404341742
21029,202610,0,0.07485756045660909
21030,202610,0,0.08046463630105583
21031,202610,0,0.06001698469167789
21032,202610,0,0.16654385810919872
21033,202610,0,0.15599471438193757
21034,202610,0,0.2150442320954371
21035,202610,0,0.05850036569009967
21036,202610,0,0.2180329218788483
21037,202610,1,0.2477787055080295
21038,202610,0,0.13622107320927596
21039,202610,0,0.10618286144574306
21040,202610,1,0.1270357841344888
21042,202610,0,0.1523743991948439
21043,202610,1,0.14248306165248042
21044,202610,0,0.055908018144109665
21046,202610,0,0.10612836255224432
21047,202610,0,0.14618410445914212
21048,202610,1,0.1467105881616656
21049,202610,1,0.15300967006637506
21050,202610,0,0.05544830079391931
21051,202610,0,0.21959192309406939
21052,202610,0,0.1428205997305687
21054,202610,0,0.06131614542934042
21056,202610,0,0.1611850320097072
21057,202610,0,0.13394344623588067
21058,202610,0,0.1324144858139679
21059,202610,0,0.11242558177873917
21060,202610,0,0.06375255574831208
21061,202610,1,0.2367331845475759
21062,202610,0,0.1698784476870381
21063,202610,0,0.057670723804045344
21065,202610,0,0.12673993419677795
21066,202610,0,0.06480523030074355
21068,202610,0,0.1457856233023409
21070,202610,0,0.13476601047002806
21071,202610,1,0.15486389622834634
21073,202610,0,0.11188738072920358
21074,202610,0,0.1433601037924464
21075,202610,0,0.11737734159950294
21076,202610,0,0.1470189356653663
21077,202610,0,0.14325238896792053
21078,202610,0,0.11451977051734831
21080,202610,0,0.14304652991203914
21081,202610,1,0.2587325435809824
21083,202610,0,0.15485954042369035
21084,202610,0,0.05564820289469232
21085,202610,1,0.2773173287590827
21087,202610,1,0.173237519559315
21088,202610,0,0.16186335875001479
21090,202610,0,0.22864610619808914
21091,202610,1,0.1367015731416538
21093,202610,0,0.16005352883280646
21094,202610,0,0.13543133604904425
21095,202610,0,0.1979694536395589
21096,202610,0,0.1500646678499742
21097,202610,0,0.20752199565358403
21098,202610,0,0.0658539585472334
21099,202610,0,0.13924204112875263
21100,202610,1,0.08074469540674992
21101,202610,1,0.06906482921402012
21102,202610,0,0.15423128132969233
21103,202610,0,0.1399212406488128
21104,202610,0,0.11129067386355343
21105,202610,0,0.12360929045539167
21106,202610,0,0.21950028739023766
21107,202610,0,0.16746189216895108
21108,202610,0,0.14053492117630867
21109,202610,0,0.06367948862826239
21110,202610,1,0.05896548877479189
21112,202610,0,0.33261367247919565
21113,202610,0,0.13771328059391064
21114,202610,0,0.06143820726798298
21115,202610,0,0.14704819109507303
21116,202610,0,0.12432927648580697
21117,202610,0,0.13780133650790435
21118,202610,1,0.2281376431059843
21119,202610,0,0.13877758590357064
21120,202610,0,0.12788334192189782
21121,202610,0,0.12605843505081252
21122,202610,1,0.35772730593626145
21125,202610,0,0.16393204841791015
21126,202610,0,0.14368761214450462
21127,202610,0,0.05962313360683892
21128,202610,0,0.15405682213620087
21129,202610,0,0.07045201176517715
21130,202610,0,0.1303655902016579
21131,202610,0,0.147449004538689
21133,202610,0,0.22696717856546791
21134,202610,0,0.13903721710450048
21135,202610,0,0.12608165289235604
21137,202610,0,0.11105123966818722
21138,202610,0,0.15645474587060598
21139,202610,0,0.06389446180618341
21140,202610,0,0.1173288062735668
21141,202610,0,0.12122568878782278
21142,202610,0,0.13211843188319086
21143,202610,0,0.15560158895067563
21144,202610,0,0.10986774920630381
21146,202610,0,0.10242127666735515
21147,202610,0,0.15621171703680847
21148,202610,1,0.2198470240058659
21149,202610,0,0.11646764451392427
21150,202610,0,0.14744377245415877
21151,202610,1,0.17621330206069086
21152,202610,0,0.2289881632114429
21153,202610,0,0.14556165246407887
21154,202610,1,0.3419713486633983
21155,202610,0,0.07396015863482186
21156,202610,1,0.11085706801991597
21157,202610,1,0.2556954540546662
21158,202610,0,0.11242355639313112
21159,202610,0,0.14640766711972586
21160,202610,1,0.3942955117876631
21161,202610,0,0.15350893069499444
21162,202610,0,0.13000137142470808
21163,202610,0,0.16640880244461112
21166,202610,0,0.1558408976986291
21167,202610,0,0.17081464974169244
21168,202610,1,0.23806570997077064
21169,202610,0,0.24537933778098986
21171,202610,1,0.1419879916767615
21172,202610,0,0.24266168204319802
21173,202610,0,0.1237911268834817
21174,202610,0,0.14830416600705293
21175,202610,1,0.14729788352625797
21177,202610,0,0.14341456516395054
21178,202610,0,0.13925761504309034
21180,202610,0,0.23172976623550817
21181,202610,0,0.058100482227307015
21182,202610,0,0.059680178745707295
21183,202610,0,0.16061157540965149
21184,202610,0,0.13361158048807464
21185,202610,0,0.14353013355995248
21186,202610,0,0.10357621822819786
21187,202610,0,0.2164159074802391
21188,202610,0,0.139199672036972
21189,202610,0,0.15768579030336313
21192,202610,0,0.14775387280857896
21193,202610,0,0.1490174138533905
21194,202610,1,0.12226422849144457
21196,202610,0,0.06564385190184223
21197,202610,1,0.12882275526778017
21198,202610,0,0.1441277319770005
21199,202610,0,0.12890389570599942
21200,202610,0,0.15941752715399032
21201,202610,0,0.22417372337540847
21202,202610,1,0.13168317297639123
21203,202610,1,0.12619821864017133
21204,202610,0,0.1613457956685994
21205,202610,1,0.16390285059996346
21206,202610,0,0.1336967509866664
21207,202610,0,0.11753671363264372
21208,202610,0,0.14996794151577497
21209,202610,1,0.25316919676973565
21210,202610,0,0.14554366699145982
21211,202610,0,0.0610237082126065
21212,202610,0,0.12289020605031978
21213,202610,0,0.10402344435266186
21214,202610,0,0.13177977810568883
21216,202610,0,0.19146976498011908
21217,202610,0,0.06260668990429062
21218,202610,0,0.16571544077255612
21219,202610,0,0.2248230762671633
21220,202610,0,0.11767688104938494
21221,202610,0,0.13503142647635477
21222,202610,1,0.22160747503513714
21223,202610,0,0.23236848789444164
21224,202610,0,0.17020455145546406
21225,202610,0,0.16264576390555596
21226,202610,0,0.27087255082017414
21227,202610,0,0.1200749787076849
21229,202610,0,0.06491941509635879
21230,202610,0,0.103723092710233
21231,202610,0,0.14308982938965237
21232,202610,0,0.17723868693079106
21233,202610,0,0.13239571082631943
21234,202610,0,0.24247496705789023
21235,202610,0,0.1652335001325347
21237,202610,0,0.11657400789774694
21238,202610,0,0.2995025859092588
21239,202610,1,0.18166358189329213
21240,202610,0,0.1419744311452771
21243,202610,0,0.22268445244695606
21244,202610,0,0.12579753356504528
21245,202610,0,0.22154611665462498
21246,202610,0,0.1567814646884365
21247,202610,0,0.13415478078557447
21248,202610,0,0.1401198345537849
21251,202610,0,0.12013642153006754
21252,202610,0,0.12407247252727506
21253,202610,0,0.21699212087277947
21254,202610,0,0.13280761813244849
21255,202610,0,0.3289271844683514
21256,202610,0,0.12469931012378632
21257,202610,0,0.14412668942349527
21258,202610,0,0.17624182783190137
21259,202610,0,0.23581512935952706
21260,202610,0,0.16917875082091946
21262,202610,0,0.12858353837480963
21263,202610,0,0.1889386422960433
21264,202610,0,0.16595011222740863
21265,202610,0,0.12120104225617032
21266,202610,0,0.14786429901455844
21267,202610,1,0.23921345295370744
21268,202610,0,0.06533394520555467
21269,202610,0,0.05429538248955868
21270,202610,1,0.12511912362115157
21271,202610,0,0.23823572696640008
21272,202610,0,0.21398696464045674
21273,202610,0,0.14137225659552835
21274,202610,0,0.14297990164058422
21275,202610,1,0.2948434405495388
21276,202610,0,0.09725158694178059
21279,202610,0,0.12276358066516238
21280,202610,0,0.1333261549432417
21281,202610,0,0.11583391707267066
21283,202610,0,0.2012303438152703
21284,202610,1,0.23324244296804789
21285,202610,0,0.0896487630991515
21286,202610,1,0.14692933077405915
21288,202610,0,0.12029426566994747
21289,202610,0,0.1946938392087945
21291,202610,0,0.10615909299554627
21292,202610,0,0.06371444176594926
21294,202610,0,0.16330550057162938
21296,202610,0,0.13388060363830284
21299,202610,0,0.11066270597506217
21300,202610,0,0.13896466140818434
21301,202610,0,0.23833656314249238
21304,202610,0,0.06789055114777608
21305,202610,0,0.22672562186707473
21306,202610,0,0.06372570992700168
21307,202610,0,0.11468318585021224
21309,202610,0,0.15280400062957836
21311,202610,1,0.1531262465946905
21312,202610,0,0.13460911558085123
21314,202610,0,0.14636692113048894
21315,202610,0,0.3150713367585371
21316,202610,0,0.1401078895114068
21317,202610,0,0.13620585856785433
21318,202610,0,0.09538186227002725
21319,202610,0,0.1693404633126792
21320,202610,0,0.1392822339669452
21321,202610,0,0.12622080939967045
21322,202610,0,0.21514520389998362
21323,202610,0,0.18188578800420066
21324,202610,0,0.1188190260142946
21325,202610,1,0.14994546822687874
21326,202610,0,0.2580551113422007
21327,202610,0,0.13836808581993595
21328,202610,0,0.151929097002481
21329,202610,1,0.15703021375626952
21330,202610,0,0.1202869047274171
21331,202610,0,0.14566103897512236
21332,202610,0,0.220052626873587
21333,202610,0,0.1228995269791343
21334,202610,0,0.14101276955990308
21335,202610,0,0.12446038630795844
21338,202610,1,0.34370457121447345
21339,202610,0,0.06891108941641338
21340,202610,0,0.05650546443710881
21341,202610,0,0.25095931963249996
21342,202610,0,0.06952221883113897
21343,202610,0,0.40882655755546593
21344,202610,0,0.1620142323651535
21345,202610,0,0.23867217630516252
21346,202610,0,0.24258579308347983
21347,202610,0,0.06922897201688924
21348,202610,0,0.05647161127840607
21349,202610,0,0.1380689983757749
21350,202610,0,0.1729641811395975
21351,202610,0,0.1310631411156628
21352,202610,0,0.07003890452442668
21355,202610,0,0.06942783541530649
21356,202610,0,0.12197921926497221
21358,202610,1,0.12618740163703013
21359,202610,0,0.1610248296420666
21361,202610,0,0.14064156408430817
21362,202610,0,0.13568225177603546
21363,202610,1,0.27376832481266317
21364,202610,0,0.11430291658784592
21365,202610,1,0.14445223751021535
21366,202610,0,0.11050511915072415
21367,202610,0,0.14955421015251735
21368,202610,0,0.14859516546960994
21369,202610,1,0.1585708808879159
21370,202610,1,0.1186991933681626
21372,202610,0,0.24508429502864484
21373,202610,1,0.19801855536991633
21374,202610,0,0.2137627010780236
21376,202610,0,0.22740010206496522
21377,202610,0,0.14935976656359462
21379,202610,0,0.10888318047595312
21380,202610,0,0.08550990237924594
21381,202610,1,0.1479466621185775
21382,202610,0,0.11320752078137099
21383,202610,0,0.11065257314369546
21384,202610,1,0.13798788792384578
21385,202610,0,0.12852972500192686
21386,202610,1,0.12647259093243704
21387,202610,1,0.22359797079583404
21388,202610,0,0.15896526036333614
21389,202610,1,0.20766079566075132
21390,202610,1,0.34849435443306404
21391,202610,0,0.18106367519905395
21393,202610,0,0.13177151469563383
21394,202610,0,0.21670376772030167
21395,202610,0,0.12526122042360774
21396,202610,1,0.16814222576573543
21398,202610,0,0.14850288093469416
21399,202610,0,0.05926413205100597
21400,202610,0,0.16290864759012244
21401,202610,0,0.1397673893417247
21402,202610,0,0.2367264139862023
21403,202610,0,0.2189748068151127
21404,202610,0,0.0673790278729582
21405,202610,1,0.13650103334820216
21406,202610,0,0.1339509419223913
21407,202610,1,0.14563616469198923
21408,202610,1,0.11913981865488783
21409,202610,0,0.11207039043519236
21410,202610,0,0.15516074271528218
21412,202610,0,0.161189536815485
21413,202610,0,0.11661143255742397
21414,202610,0,0.13833901016383798
21415,202610,0,0.14358109237877636
21416,202610,1,0.10750200891813204
21417,202610,0,0.05079516144831914
21418,202610,0,0.1493899914234321
21419,202610,0,0.0979851064571407
21420,202610,0,0.12690689259839338
21421,202610,0,0.22955027475663642
21422,202610,0,0.11978984668270955
21423,202610,0,0.07724389830341907
21424,202610,1,0.11454665454003131
21425,202610,0,0.15232214340679323
21426,202610,0,0.17270905132738112
21429,202610,0,0.06109344817840409
21430,202610,1,0.3008444906837144
21432,202610,0,0.16565099660914884
21433,202610,0,0.13872628970782486
21434,202610,0,0.12639237640326983
21435,202610,0,0.16406217595331166
21436,202610,0,0.06551148235700921
21437,202610,0,0.23402405085924383
21438,202610,0,0.11323750787786489
21440,202610,0,0.16651826928177502
21443,202610,0,0.1734859286795844
21444,202610,1,0.17622988981314838
21445,202610,0,0.14588357995490348
21446,202610,0,0.1246795350420377
21447,202610,0,0.11377632103643
21448,202610,0,0.1846282140531949
21449,202610,0,0.13231566368379802
21450,202610,0,0.062166681110402223
21451,202610,0,0.14688893042737164
21452,202610,0,0.12339834785686601
21453,202610,0,0.13725518016040592
21455,202610,0,0.15325242996889202
21456,202610,0,0.16037203530403962
21457,202610,1,0.12717012946585848
21458,202610,0,0.054004333607708996
21459,202610,0,0.17163786906492526
21460,202610,1,0.15096295359559736
21461,202610,0,0.1447418190056468
21463,202610,0,0.14811213199396578
21464,202610,0,0.3720737410915455
21465,202610,0,0.32125074431337763
21466,202610,0,0.07354014409139448
21468,202610,0,0.12673160687095206
21469,202610,1,0.11578930472953437
21470,202610,0,0.1061408382876714
21472,202610,1,0.35847139821789364
21473,202610,0,0.14471231823294953
21474,202610,0,0.13638710007361957
21476,202610,0,0.14036971871105988
21477,202610,0,0.1662328754502105
21478,202610,0,0.12319298243130228
21479,202610,0,0.14329209814217012
21481,202610,0,0.24127506505651447
21482,202610,0,0.12081789956957346
21483,202610,1,0.3694657121388423
21484,202610,1,0.14873152333453418
21486,202610,0,0.11705461259715386
21487,202610,0,0.1281030901749647
21488,202610,0,0.11271020367298491
21489,202610,0,0.06624903086467859
21490,202610,0,0.14160859429917466
21491,202610,0,0.13801155856029318
21492,202610,0,0.25941329171562305
21493,202610,0,0.2465155537506609
21495,202610,0,0.16045197702631406
21498,202610,0,0.2496775566707804
21499,202610,0,0.14058590024361647
21500,202610,0,0.13848326879550324
21501,202610,1,0.2115643355474851
21503,202610,0,0.14716164651043287
21504,202610,0,0.15663624110332
21506,202610,0,0.12367508281629337
21507,202610,0,0.14765749734915137
21508,202610,1,0.22487385599957452
21509,202610,0,0.12792049090764832
21511,202610,0,0.05870761409038743
21513,202610,0,0.1352232614143335
21514,202610,0,0.06941934061415128
21515,202610,0,0.23094647908237
21516,202610,0,0.12805584092528693
21517,202610,0,0.06894360375286282
21518,202610,0,0.13670388129870334
21519,202610,0,0.11353747968166389
21520,202610,0,0.16203945683290974
21521,202610,0,0.14355514868002395
21522,202610,0,0.277654132308089
21525,202610,0,0.08590125536056938
21526,202610,0,0.17700045990310204
21527,202610,0,0.1337240033069263
21528,202610,1,0.13066177838181905
21529,202610,0,0.13639770911055282
21530,202610,0,0.08146762081997272
21531,202610,0,0.25522699200823595
21532,202610,0,0.21551310536307178
21533,202610,0,0.10772532621195452
21534,202610,0,0.1622011193127124
21535,202610,1,0.1284062643242158
21537,202610,0,0.14725506929336704
21538,202610,0,0.07249906097190213
21539,202610,1,0.39160463361377656
21540,202610,0,0.12863464592594714
21541,202610,1,0.25037957549286166
21542,202610,0,0.12907237421307122
21543,202610,0,0.1421979819583203
21544,202610,0,0.1451294261560116
21545,202610,0,0.05629066707573083
21547,202610,0,0.13711374333214402
21548,202610,0,0.121686937525344
21550,202610,1,0.145711562893051
21551,202610,0,0.1009915137905949
21552,202610,0,0.17865413698480814
21554,202610,0,0.2458461591104668
21556,202610,0,0.11613020655864312
21557,202610,0,0.12163762431827557
21558,202610,0,0.12343140314682506
21559,202610,0,0.19759095188917816
21560,202610,0,0.0963728889944773
21561,202610,1,0.12951626491323817
21563,202610,0,0.06747098792254562
21567,202610,0,0.17836667843931378
21568,202610,0,0.15197931194177589
21570,202610,0,0.06894618957018873
21571,202610,0,0.11986624227549719
21573,202610,1,0.3407156502732213
21574,202610,0,0.28014848955513344
21575,202610,0,0.1559954356603864
21576,202610,0,0.34219252759738555
21577,202610,0,0.07012814308665388
21578,202610,1,0.14528146251658489
21579,202610,0,0.1140112591014206
21580,202610,0,0.07056299711241143
21581,202610,0,0.13248147549127026
21582,202610,0,0.11869164637901443
21583,202610,1,0.1368139646702179
21586,202610,0,0.15303202268997032
21587,202610,0,0.12068107927906653
21588,202610,0,0.11663403404714079
21589,202610,0,0.13069678144330663
21590,202610,0,0.11305257611585397
21591,202610,1,0.139585839379984
21592,202610,0,0.1435015149723629
21593,202610,0,0.1806975635437824
21594,202610,0,0.18012444251295365
21595,202610,0,0.07571461057577324
21596,202610,0,0.1381133833810054
21597,202610,0,0.13648573225150054
21598,202610,1,0.26674958472450827
21599,202610,0,0.1395121451206609
21600,202610,0,0.06720596873090795
21602,202610,1,0.3362807567749307
21603,202610,0,0.3124034286749012
21604,202610,0,0.06458980675821767
21605,202610,0,0.1319942320058436
21606,202610,0,0.3267371902354101
21607,202610,0,0.12864420780292454
21608,202610,0,0.15913034273803667
21611,202610,0,0.06174653283574082
21612,202610,0,0.2603027252012136
21613,202610,0,0.14504147631576458
21614,202610,0,0.16305732788385466
21615,202610,1,0.1600887707403065
21616,202610,1,0.10483047400500418
21617,202610,0,0.1348950883109665
21618,202610,0,0.11738540738218316
21619,202610,1,0.14633397809320067
21620,202610,1,0.14826497957001963
21621,202610,0,0.12799118998934111
21622,202610,0,0.3019500741724429
21623,202610,0,0.14551676583802992
21624,202610,0,0.11480778113966275
21625,202610,0,0.3516704603975591
21626,202610,0,0.13389835554123417
21627,202610,0,0.14361078090992607
21628,202610,0,0.16480687196266255
21629,202610,1,0.12626323257504626
21632,202610,1,0.22650057029723245
21633,202610,0,0.11114401414621666
21634,202610,0,0.13323225038228106
21636,202610,0,0.14885780846136007
21637,202610,0,0.31794186703935046
21638,202610,0,0.12765669970449148
21641,202610,0,0.12165810776793398
21642,202610,0,0.15285468065294308
21643,202610,0,0.15029155084902843
21644,202610,1,0.12668668086434803
21645,202610,0,0.05276159318833237
21646,202610,0,0.07557429589890025
21647,202610,1,0.24422486773767355
21648,202610,1,0.2152334597599947
21649,202610,0,0.15163141372747962
21650,202610,0,0.1292581301757943
21651,202610,0,0.06527525883751746
21652,202610,0,0.13714068875152735
21653,202610,0,0.13646318561557702
21654,202610,0,0.17122725001800654
21655,202610,1,0.1667514156708243
21657,202610,1,0.1768282965164794
21659,202610,0,0.11449027024400227
21660,202610,0,0.056441487604869986
21661,202610,0,0.12408386428016029
21662,202610,1,0.2133142946039201
21664,202610,0,0.13634414152736574
21665,202610,0,0.12104758624538797
21666,202610,0,0.39246213527144924
21669,202610,0,0.12679505186182818
21671,202610,0,0.11988200539911104
21672,202610,1,0.12779685538992078
21673,202610,0,0.23023489221762147
21675,202610,0,0.1374174616108498
21676,202610,0,0.12502249370712346
21677,202610,0,0.10378866800421876
21678,202610,0,0.21217415304454876
21679,202610,1,0.15969082810592145
21680,202610,0,0.13595089515963302
21681,202610,0,0.15473022386458377
21683,202610,0,0.1274765070015842
21684,202610,0,0.12523747269557509
21685,202610,0,0.056822450961592406
21686,202610,0,0.13835698866174495
21687,202610,1,0.16023119870560557
21688,202610,0,0.14313017795011215
21689,202610,0,0.13665178281328375
21690,202610,0,0.1573181235440128
21691,202610,1,0.2529835982874278
21692,202610,0,0.14278397142018867
21693,202610,0,0.12486690092048713
21694,202610,0,0.07499307253814673
21695,202610,0,0.12142851566341747
21696,202610,0,0.11471850671301312
21697,202610,0,0.13676085092731605
21698,202610,0,0.2433367098385745
21699,202610,0,0.12479312626738104
21700,202610,0,0.15872005748284385
21702,202610,1,0.20501457759513428
21703,202610,1,0.1365952506038121
21704,202610,1,0.1685649549907432
21705,202610,0,0.13936345293322702
21707,202610,0,0.14242251993211275
21709,202610,0,0.1722556758939628
21710,202610,0,0.15113612430365894
21711,202610,0,0.2727568111187006
21714,202610,0,0.1325702674114829
21715,202610,0,0.16977948319844924
21716,202610,0,0.12886155993011086
21717,202610,1,0.13236132138470896
21719,202610,0,0.23541894586865916
21720,202610,0,0.1586685284327811
21721,202610,0,0.17424632260998454
21723,202610,0,0.16282603994643918
21724,202610,0,0.12143100952109474
21726,202610,1,0.14695901445227572
21727,202610,0,0.25689803561463653
21728,202610,0,0.1275270756259448
21729,202610,0,0.15047761110219485
21730,202610,0,0.06753838150189932
21731,202610,0,0.1767364658442438
21732,202610,0,0.09555602057099268
21733,202610,0,0.1362189016847352
21734,202610,0,0.141534063555989
21735,202610,0,0.16538310429187572
21736,202610,0,0.1194211225590313
21737,202610,0,0.14048919069048538
21738,202610,0,0.192039598512382
21739,202610,0,0.1672262586171418
21740,202610,1,0.13039012679687828
21741,202610,0,0.169214627980347
21742,202610,0,0.1573069773574011
21743,202610,0,0.12986127014009283
21744,202610,1,0.06031067843105623
21745,202610,0,0.20154258021593163
21746,202610,0,0.062236502546177595
21747,202610,0,0.137656282715347
21749,202610,0,0.10901570487496752
21750,202610,0,0.157682153486599
21751,202610,0,0.1286102886907391
21753,202610,1,0.3318161664644738
21754,202610,0,0.12818797045650296
21756,202610,0,0.16235212566253313
21757,202610,0,0.14490431619552827
21758,202610,0,0.14518801948671606
21759,202610,1,0.16764240265206184
21760,202610,0,0.11447300718635124
21761,202610,1,0.15034124324951792
21763,202610,1,0.29274778569475013
21764,202610,1,0.142762695002379
21765,202610,0,0.14215317239399483
21767,202610,0,0.11534585719771868
21768,202610,0,0.13450179331929765
21769,202610,0,0.12894454662461388
21770,202610,0,0.11747695227761942
21771,202610,0,0.11086196997624936
21772,202610,0,0.15283947464534897
21773,202610,0,0.14080276114260548
21774,202610,0,0.18184950665663954
21775,202610,0,0.13066541356006714
21777,202610,0,0.34052538077654154
21778,202610,0,0.13360196100368923
21779,202610,0,0.1147309365564352
21780,202610,0,0.13731704969776398
21781,202610,0,0.14171156745551192
21782,202610,0,0.1340694860755728
21783,202610,0,0.3068008586944657
21785,202610,1,0.3476216736344477
21786,202610,1,0.11062635654559808
21790,202610,0,0.15073618835337
21791,202610,0,0.15896556479017176
21792,202610,0,0.1406495490864348
21793,202610,0,0.1971276369247031
21794,202610,0,0.12148654524576002
21795,202610,0,0.1273399430927618
21796,202610,0,0.05250829119541275
21797,202610,1,0.10438309286122821
21798,202610,0,0.15495218658057466
21799,202610,0,0.11631059858946444
21800,202610,0,0.13798205381646453
21801,202610,0,0.12348038243357332
21802,202610,0,0.12694456417193908
21803,202610,0,0.13448952146190343
21804,202610,0,0.1473119919143151
21805,202610,0,0.10625599181031194
21806,202610,0,0.15110504114953277
21807,202610,0,0.2294889356354617
21808,202610,0,0.1494672625177552
21810,202610,0,0.13807741832423084
21812,202610,0,0.11002899475582228
21813,202610,0,0.07561623527190876
21814,202610,1,0.1426265813276566
21815,202610,1,0.34706404512294176
21816,202610,0,0.16919519426810203
21817,202610,0,0.10630478729024176
21818,202610,1,0.14299762028918397
21819,202610,0,0.13600557055675677
21820,202610,0,0.22164325774733168
21821,202610,0,0.06642863432062283
21823,202610,0,0.13752452483284489
21825,202610,0,0.36616218418190805
21826,202610,0,0.13621461542065158
21827,202610,0,0.12283133318845997
21828,202610,0,0.142494605574841
21829,202610,0,0.10720709193259081
21830,202610,1,0.23607576046319173
21831,202610,0,0.15215241524225595
21832,202610,1,0.05753774742490482
21833,202610,0,0.12353388593778857
21835,202610,0,0.13347588475717953
21836,202610,0,0.2275890492147795
21837,202610,0,0.18304066513205328
21838,202610,0,0.12998571990800925
21839,202610,0,0.15637398727235374
21840,202610,0,0.10784457102049087
21842,202610,0,0.13630536457794917
21844,202610,0,0.14629052784503452
21845,202610,1,0.15168633821026253
21846,202610,0,0.1358032126877612
21847,202610,0,0.15712830008957987
21848,202610,0,0.206736840602136
21849,202610,1,0.07388897870709661
21850,202610,1,0.3494649131191812
21851,202610,0,0.15521399909114142
21852,202610,0,0.20534878275993762
21853,202610,0,0.17344519058782062
21854,202610,1,0.12290261840869622
21855,202610,0,0.10792887540332124
21856,202610,0,0.22208291499880659
21859,202610,0,0.17666106025857684
21860,202610,1,0.34667140396811014
21861,202610,0,0.07496486778832877
21862,202610,0,0.08556742710402877
21863,202610,1,0.20072148960297703
21864,202610,0,0.09383206614412559
21865,202610,0,0.12218753361779901
21866,202610,0,0.24746941170572478
21867,202610,0,0.13839493585126086
21868,202610,0,0.1499704653543169
21869,202610,0,0.12613290195370377
21870,202610,0,0.10087041300190772
21871,202610,0,0.18304445237194325
21872,202610,0,0.06489170796894511
21873,202610,0,0.20709621381940177
21874,202610,0,0.12630952197993317
21875,202610,1,0.11911529613998813
21876,202610,0,0.10468388691880227
21877,202610,0,0.2070746806608987
21879,202610,0,0.16989771093094044
21880,202610,1,0.25317608434890043
21882,202610,0,0.2080866156721475
21885,202610,0,0.13546888664027534
21886,202610,0,0.09337031776061122
21887,202610,0,0.13778990288343976
21888,202610,0,0.1780825792777811
21889,202610,0,0.13121022772624488
21890,202610,0,0.14998728204320097
21891,202610,0,0.12797866382681342
21892,202610,0,0.12222361591954786
21893,202610,0,0.1527429282923664
21894,202610,0,0.13760069476453024
21895,202610,0,0.1197345297364442
21896,202610,0,0.22405874379429283
21897,202610,1,0.1532395249277207
21898,202610,0,0.19640648850555004
21899,202610,0,0.2244395323838006
21900,202610,0,0.1482747468479117
21901,202610,0,0.14329701378304002
21902,202610,0,0.19805446355291034
21903,202610,0,0.14014111156111952
21904,202610,1,0.12638482899157416
21905,202610,0,0.13952880338534684
21906,202610,0,0.24117775539289513
21907,202610,1,0.25121491180691985
21908,202610,0,0.11552084881957296
21909,202610,0,0.3931965019040948
21910,202610,0,0.1477065922429568
21911,202610,0,0.12719190142539294
21913,202610,0,0.154508235203986
21914,202610,0,0.12163832116870657
21915,202610,1,0.11111735739030741
21916,202610,0,0.11904771742259536
21917,202610,1,0.1803634116854493
21918,202610,0,0.062104762371837444
21919,202610,0,0.1082278730852462
21921,202610,0,0.14316972311200907
21922,202610,0,0.1554644463944627
21923,202610,0,0.1283153941377991
21925,202610,0,0.0700461947661182
21926,202610,0,0.1651898570479086
21927,202610,0,0.1458333012676234
21928,202610,0,0.13545453365178686
21929,202610,1,0.23122376674286155
21930,202610,0,0.13331776383534358
21931,202610,0,0.12464515818409072
21934,202610,0,0.1601456878200926
21935,202610,0,0.13527289870708187
21936,202610,0,0.35523379677888134
21937,202610,0,0.11340856804839096
21938,202610,0,0.2129757350633634
21939,202610,0,0.3320127819927039
21940,202610,0,0.3450666367887233
21941,202610,0,0.12009036527812268
21942,202610,0,0.15621366926461314
21943,202610,0,0.21034646837941398
21945,202610,0,0.16282181353022965
21946,202610,0,0.12112370187505302
21947,202610,0,0.16999847709072805
21948,202610,0,0.14104382081743047
21949,202610,1,0.2183325112255916
21951,202610,1,0.1689574796794497
21952,202610,0,0.06939117063755572
21953,202610,0,0.14421925108359326
21954,202610,1,0.22633138909878067
21957,202610,0,0.1679281859401715
21958,202610,0,0.05723097199850572
21959,202610,0,0.13314952906162128
21960,202610,1,0.24710265068273812
21961,202610,0,0.13207662258056532
21962,202610,0,0.15829781330325127
21963,202610,0,0.06252926341794399
21964,202610,0,0.15817174210892856
21965,202610,1,0.33751396924713256
21966,202610,1,0.35960411389690017
21967,202610,0,0.16039994667626667
21969,202610,0,0.06900202330959823
21970,202610,0,0.1418773315766329
21971,202610,0,0.04744056269432728
21973,202610,0,0.1782861783181036
21974,202610,0,0.11842533811717508
21976,202610,1,0.15097343947033626
21978,202610,0,0.3173589299012642
21979,202610,1,0.1573771268980716
21980,202610,0,0.12874581588163647
21981,202610,0,0.05796802611378342
21982,202610,0,0.3191156519492427
21983,202610,0,0.11770211773656174
21984,202610,0,0.12100133573166845
21985,202610,0,0.11764267699005009
21986,202610,0,0.15418935474678452
21987,202610,0,0.1470729312822273
21988,202610,1,0.14009733455070988
21990,202610,0,0.128713139847297
21991,202610,0,0.1257399759046192
21992,202610,0,0.11059301199534967
21994,202610,0,0.17919604768441208
21995,202610,0,0.10384659218430858
21996,202610,0,0.08813363937856483
21997,202610,0,0.11944582474513922
21998,202610,0,0.14766414435420666
21999,202610,0,0.13503806331512014
22002,202610,0,0.05902875548018003
22004,202610,0,0.13787114693778088
22005,202610,0,0.2557074591067272
22006,202610,0,0.1304296449588688
22007,202610,0,0.1386551092355845
22008,202610,0,0.12900135959771633
22009,202610,0,0.11199941265679068
22010,202610,0,0.2185795233637101
22011,202610,0,0.20616959424940534
22012,202610,0,0.3372007436855716
22013,202610,0,0.12810684050954363
22014,202610,0,0.14831610378852086
22015,202610,0,0.07095655226826802
22016,202610,0,0.14783493371271156
22017,202610,0,0.05483602453869088
22018,202610,1,0.12357230370240074
22019,202610,0,0.21845707900776462
22020,202610,0,0.17449688463423232
22021,202610,0,0.050543946730967015
22022,202610,0,0.10285987463396508
22023,202610,0,0.1297840380447635
22024,202610,0,0.39006011806845525
22025,202610,0,0.1680978540834121
22026,202610,1,0.16958346583075878
22027,202610,0,0.1683839467272163
22028,202610,0,0.06927905439588523
22029,202610,0,0.2069132619777214
22030,202610,0,0.16374821846769266
22031,202610,0,0.29370703943848087
22032,202610,0,0.05529599510370331
22033,202610,0,0.144126833878812
22034,202610,0,0.19894809735937868
22035,202610,0,0.1419255753764148
22036,202610,0,0.1315658652770755
22037,202610,1,0.14486259058875553
22038,202610,0,0.0373124357843699
22039,202610,0,0.14072256085558554
22040,202610,1,0.13974559861121635
22041,202610,0,0.1575087805529781
22042,202610,0,0.22888223681116165
22043,202610,1,0.15573404305070376
22044,202610,0,0.12692151887834227
22045,202610,0,0.12919830504149998
22046,202610,0,0.13239475782178006
22047,202610,1,0.26158287261213464
22048,202610,0,0.2416229010460271
22049,202610,0,0.1373878442046976
22050,202610,0,0.1296947072154199
22051,202610,0,0.11985155169500242
22052,202610,0,0.07396646472480861
22053,202610,0,0.1694933785206404
22054,202610,0,0.13018445311344826
22055,202610,0,0.11699636552145684
22056,202610,0,0.1310299477786552
22057,202610,0,0.22136587737939536
22058,202610,0,0.22821842542597393
22059,202610,0,0.13751462034871853
22060,202610,1,0.15486207590053236
22061,202610,0,0.07399149903023879
22062,202610,0,0.14619705505582264
22063,202610,1,0.14930702359708536
22064,202610,1,0.11583150129671328
22065,202610,0,0.13669408855475512
22066,202610,0,0.12530095695403778
22067,202610,0,0.10699165188616966
22068,202610,0,0.2030490693414842
22069,202610,0,0.13042009799268167
22070,202610,1,0.12732821281284215
22071,202610,1,0.1792673405178811
22072,202610,0,0.1824420230770709
22073,202610,1,0.2778252168249477
22074,202610,0,0.18244464898719998
22075,202610,1,0.4005221337661672
22076,202610,0,0.14433536072110945
22077,202610,0,0.12906978415748635
22078,202610,0,0.1424797141110859
22079,202610,0,0.22338362070483445
22080,202610,0,0.166273247148805
22081,202610,1,0.12369460631364722
22082,202610,0,0.048277924237434544
22083,202610,0,0.2196018707735167
22084,202610,0,0.13571714570027826
22085,202610,0,0.1372853129739469
22086,202610,0,0.14277150545922715
22087,202610,1,0.10126573671624904
22088,202610,1,0.23729858355393288
22089,202610,1,0.3386016881260588
22090,202610,0,0.2120566247286703
22091,202610,0,0.1501883590929159
22092,202610,0,0.14387534783741157
22093,202610,0,0.13421128187691866
22094,202610,0,0.13096002560488695
22095,202610,0,0.06481921350996439
22096,202610,1,0.24655395482920364
22097,202610,0,0.0610268050655007
22098,202610,0,0.11819527279158178
22099,202610,0,0.05313228006208142
22100,202610,0,0.09326377121453376
22101,202610,0,0.1729732216666149
22102,202610,0,0.38456217404200566
22103,202610,0,0.13218076097858233
22104,202610,0,0.12884817889807565
22105,202610,1,0.24470047859569896
22106,202610,0,0.13768393682960062
22107,202610,0,0.15071389907976648
22108,202610,1,0.3364841157439404
22109,202610,0,0.12285594271922061
22110,202610,1,0.32746209296469636
22111,202610,0,0.16220865198065246
22112,202610,0,0.195404536623276
22113,202610,1,0.23782763189182574
22114,202610,0,0.2553897902143175
22115,202610,1,0.1821736577448598
22116,202610,0,0.08967908573677692
22117,202610,1,0.05975769796221602
22118,202610,1,0.13808080194028619
22119,202610,1,0.14107680976615583
22120,202610,1,0.2431187499475971
22121,202610,0,0.19026488787471954
22122,202610,1,0.168645295301293
22123,202610,0,0.06987978289988452
22124,202610,0,0.06907797884801979
22125,202610,0,0.10256035777395543
22126,202610,0,0.1642457835643806
22127,202610,0,0.09224392968259988
22128,202610,0,0.11454335351408705
22129,202610,0,0.10605657146016918
22130,202610,0,0.13021211309696876
22131,202610,0,0.17710657041808603
22132,202610,0,0.06930009842548844
22133,202610,1,0.09653233684064663
22134,202610,0,0.24045639026336013
22135,202610,0,0.15793765243546953
22136,202610,0,0.2475440664759119
22137,202610,0,0.18367816775617166
22138,202610,1,0.14371689284085512
22139,202610,1,0.40827774681639456
22140,202610,0,0.12453252927483804
22141,202610,0,0.15736759689616064
22142,202610,0,0.14295160776014493
22143,202610,0,0.14500637089062335
22144,202610,0,0.13223478374763842
22145,202610,1,0.15216406316296077
22146,202610,0,0.15943402639467805
22147,202610,0,0.1352988136007238
22148,202610,0,0.25260126339684164
22149,202610,0,0.1280500047732794
22150,202610,1,0.08951120779437853
22151,202610,0,0.14867529065843088
22152,202610,0,0.13064607486214835
22153,202610,0,0.14677155880115933
22154,202610,0,0.12356589560289026
22155,202610,0,0.1338934503164921
22156,202610,0,0.19347471391866766
22157,202610,1,0.22202548380771303
22158,202610,0,0.13665781425910087
22159,202610,0,0.1588732897742277
22160,202610,0,0.14155169763000738
22161,202610,0,0.14650500211457385
22162,202610,0,0.10360264168408566
22163,202610,0,0.08945685943060477
22164,202610,0,0.20803452279154536
22165,202610,1,0.12361663240951136
22166,202610,0,0.13147207228436147
22167,202610,0,0.06837608619309919
22168,202610,0,0.26152723488891355
22169,202610,0,0.1762256303631697
22170,202610,1,0.13596418557318093
22171,202610,1,0.35839636628546245
22172,202610,0,0.18481396337085132
22173,202610,0,0.15652610082377388
22174,202610,0,0.2683553300112232
22175,202610,0,0.13964324980020654
22176,202610,0,0.0689176509350225
22177,202610,0,0.11716606875606125
22178,202610,0,0.27392151239729984
22179,202610,0,0.16128138364781497
22180,202610,0,0.14813927659634274
22181,202610,0,0.14144109946487127
22182,202610,0,0.1278367122465459
22183,202610,0,0.06640799297623849
22184,202610,0,0.13753541061205304
22185,202610,1,0.16612625302757225
22186,202610,0,0.3569129837027425
22187,202610,0,0.15911782024191357
22188,202610,0,0.2927885273642732
22189,202610,1,0.2709683062251596
22190,202610,0,0.18380805063615896
22191,202610,1,0.2027793283936313
22192,202610,0,0.14690258388756733
22193,202610,0,0.10997305183904285
22194,202610,0,0.12157348070026519
22195,202610,0,0.18863571861139453
22196,202610,0,0.061044498017646345
22197,202610,0,0.22104277751307405
22198,202610,0,0.05905713830626482
22199,202610,0,0.187388349101936
22200,202610,0,0.1456085527883232
22201,202610,0,0.10356138814168749
22202,202610,0,0.22498649294075132
22203,202610,0,0.12699437645871683
22204,202610,0,0.14559071030334955
22205,202610,0,0.13127398863602296
22206,202610,0,0.14758097266308262
22207,202610,0,0.3393916546975085
22208,202610,0,0.14092767412990964
22209,202610,1,0.39036027486950176
22210,202610,0,0.11877764535956269
22211,202610,1,0.24797426661845962
22212,202610,0,0.22483099340922205
22213,202610,0,0.12043139242762098
22214,202610,0,0.1365112640878185
22215,202610,0,0.34593188364401506
22216,202610,0,0.17088480282859445
22217,202610,0,0.12557201394643572
22218,202610,1,0.09152611399612837
22219,202610,0,0.1584178748789945
22220,202610,1,0.12974844575862196
22221,202610,0,0.1315085829051348
22222,202610,0,0.1779987441808955
22223,202610,0,0.35661191982182716
22224,202610,0,0.12057036727125658
22225,202610,0,0.15526508507773884
22226,202610,0,0.07221308757356695
22227,202610,0,0.2263783423276815
22228,202610,1,0.2496907402372934
22229,202610,0,0.12369373803127717
22230,202610,1,0.14115910554057035
22231,202610,0,0.14227324640453648
22232,202610,0,0.22164952089714615
22233,202610,0,0.13602910310276062
22234,202610,0,0.24867901710377743
22235,202610,0,0.13993754590066923
22236,202610,0,0.15595836957519632
22237,202610,0,0.1585243168454264
22238,202610,1,0.16665282243559182
22239,202610,1,0.2705553121887128
22240,202610,0,0.11182024544604474
22241,202610,0,0.15060863485886491
22242,202610,0,0.14409097691692474
22243,202610,0,0.12592774251932853
22244,202610,0,0.12677368720708146
22245,202610,0,0.14029419120348144
22246,202610,0,0.14670602441763916
22247,202610,1,0.11254475630385566
22248,202610,0,0.16758050417714931
22249,202610,0,0.13962228164025423
22250,202610,0,0.1843313971738783
22251,202610,0,0.1586492193403615
22252,202610,0,0.05530977115238866
22253,202610,0,0.14119648775803031
22254,202610,0,0.1334153672554399
22255,202610,0,0.13347528552929303
22256,202610,1,0.2740076948059214
22257,202610,0,0.09904103019472867
22258,202610,0,0.2457605787461996
22259,202610,1,0.3345797241047232
22260,202610,0,0.13740968131158535
22261,202610,1,0.15979896517971784
22262,202610,0,0.1470743984527637
22263,202610,0,0.15551500027265655
22264,202610,0,0.18516544007089727
22265,202610,0,0.13502437916599153
22266,202610,1,0.23206077647254186
22267,202610,0,0.34711930302662536
22268,202610,0,0.19791116001299508
22269,202610,0,0.23143436600158265
22270,202610,0,0.11133017628459435
22271,202610,0,0.061199001941128005
22272,202610,0,0.15127471185594007
22273,202610,0,0.14242782654039088
22274,202610,0,0.18578638309016876
22275,202610,0,0.0600631459471817
22276,202610,1,0.16520288853560455
22277,202610,0,0.37126698239777256
22278,202610,1,0.24003139536855247
22279,202610,0,0.13525434152566312
22280,202610,0,0.13552889365977921
22281,202610,0,0.16334962310161627
22282,202610,0,0.12070111833087675
22283,202610,0,0.08830678047046074
22284,202610,0,0.05109285932154544
22285,202610,0,0.1740310478884303
22286,202610,0,0.15749616617578685
22287,202610,0,0.06495719224708586
22288,202610,0,0.12424514862689788
22289,202610,0,0.1459776907127888
22290,202610,0,0.11888825018515467
22291,202610,0,0.14090347997003588
22292,202610,0,0.06460177526935636
22293,202610,0,0.1342729214723323
22294,202610,0,0.1708260895869048
22295,202610,0,0.1322022278073464
22296,202610,0,0.16107746373154766
22297,202610,0,0.13620278756253107
22298,202610,0,0.13734194142591052
22299,202610,0,0.11742085030237936
22300,202610,0,0.21623347099553822
22301,202610,0,0.14168507856229098
22302,202610,0,0.203215854909991
22303,202610,0,0.19484135973128822
22304,202610,1,0.1620145950450866
22305,202610,0,0.11249243748356356
22306,202610,0,0.15324022672750534
22307,202610,0,0.2381794620861074
22308,202610,0,0.13096124030936282
22309,202610,0,0.14506368510788395
22310,202610,1,0.14350734833909756
22311,202610,0,0.25533697402429134
22312,202610,0,0.2566169835823119
22313,202610,0,0.11144633274316408
22314,202610,0,0.15446980806932148
22315,202610,0,0.11731588949554332
22316,202610,0,0.2308424577998473
22317,202610,0,0.061526098647234094
22318,202610,0,0.15063592692530572
22319,202610,0,0.255664683504243
22320,202610,0,0.1522831555283069
22321,202610,1,0.18388470099809864
22322,202610,0,0.19103904275153802
22323,202610,0,0.27777532160447377
22324,202610,0,0.15344429554016661
22325,202610,1,0.15384188581482705
22326,202610,0,0.2241328468466467
22327,202610,0,0.17143950681793235
22328,202610,0,0.13014670913133417
22329,202610,0,0.12211386609190131
22330,202610,0,0.13487347652248546
22331,202610,0,0.16635723055458518
22332,202610,0,0.12509321709162521
22333,202610,0,0.05022121548671902
22334,202610,0,0.15594946790776296
22335,202610,0,0.14162995068419607
22336,202610,0,0.18567162111345423
22337,202610,0,0.2609122408214716
22338,202610,0,0.22300494417036484
22339,202610,0,0.14858085383077188
22340,202610,1,0.22814639481393165
22341,202610,0,0.12084689676416357
22342,202610,0,0.13097953727363662
22343,202610,0,0.17167179463618623
22344,202610,0,0.07826616071458786
22345,202610,0,0.1984536650466519
22346,202610,0,0.11487108756194507
22347,202610,0,0.15678249602808078
22348,202610,1,0.2424941413990537
22349,202610,0,0.1420540906058871
22350,202610,0,0.13595390945796662
22351,202610,0,0.12597924996445525
22352,202610,1,0.16110598626297232
22353,202610,0,0.13352913257666213
22354,202610,0,0.1716976530477215
22355,202610,0,0.12158314971628512
22356,202610,1,0.15255120103443032
22357,202610,1,0.12384259592769782
22358,202610,0,0.15540123180837423
22359,202610,0,0.36944354533389395
22360,202610,0,0.1282293859437062
22361,202610,1,0.13313797166808175
22362,202610,0,0.15343395824999514
22363,202610,1,0.1404841257826305
22364,202610,0,0.13399107861206797
22365,202610,0,0.14897776547826674
22366,202610,0,0.15509248782238966
22367,202610,0,0.16497587473575348
22368,202610,0,0.1236306324591382
22369,202610,0,0.11788979272764703
22370,202610,0,0.053679936421995096
22371,202610,0,0.11145729484496948
22372,202610,0,0.2305187437364703
22373,202610,0,0.1254655845239346
22374,202610,0,0.11302442915488349
22375,202610,0,0.12399801032951634
22376,202610,0,0.16355049489205492
22377,202610,0,0.1138766441383626
22378,202610,0,0.14631543337393116
22379,202610,0,0.1316707555454506
22380,202610,1,0.3511913770727723
22381,202610,1,0.10867087505137725
22382,202610,0,0.13015125605583966
22383,202610,1,0.137621473318765
22384,202610,1,0.13058616605338255
22385,202610,0,0.15101561752655998
22386,202610,0,0.16927687357438229
22387,202610,0,0.22889044306703635
22388,202610,0,0.12464480146817654
22389,202610,1,0.23609535601614948
22390,202610,0,0.13871217332463429
22391,202610,0,0.10701025333426686
22392,202610,0,0.11103053890116889
22393,202610,0,0.3144790236194226
22394,202610,0,0.19411452992608813
22395,202610,0,0.20130446972339958
22396,202610,1,0.3872579723077615
22397,202610,0,0.1550307493243396
22398,202610,0,0.2075407262312807
22399,202610,0,0.20555053662422174
22400,202610,1,0.13173598205119247
22401,202610,0,0.14247684296560842
22402,202610,0,0.1594688322712956
22403,202610,0,0.1459888484332778
22404,202610,0,0.14621337099109974
22405,202610,0,0.20540956548011818
22406,202610,0,0.13507524406402951
22407,202610,0,0.20718341947448962
22408,202610,0,0.15199296591805067
22409,202610,0,0.07313581182995636
22410,202610,0,0.11944509619993474
22411,202610,0,0.2831200271497783
22412,202610,1,0.393063535847528
22413,202610,0,0.1529345354851369
22414,202610,0,0.2425979522068679
22415,202610,0,0.14123316495551244
22416,202610,0,0.14836033612715457
22417,202610,0,0.1299908050115621
22418,202610,1,0.18295454429693547
22419,202610,0,0.15219973286281507
22420,202610,0,0.136239940883984
22421,202610,0,0.14529890738428106
22422,202610,0,0.15133561801223294
22423,202610,0,0.1333218928652278
22424,202610,0,0.15781166521690335
22425,202610,0,0.26262685178926076
22426,202610,0,0.14500150278974247
22427,202610,0,0.11512988870639888
22428,202610,0,0.12888437394870206
22429,202610,0,0.14028332265074567
22430,202610,0,0.09796462843781056
22431,202610,0,0.12795385096432355
22432,202610,0,0.13215521949977513
22433,202610,0,0.0695429537341762
22434,202610,0,0.10659096368696332
22435,202610,1,0.17325635559739824
22436,202610,0,0.11736632598334895
22437,202610,0,0.13205468073945117
22438,202610,0,0.13980406174878204
22439,202610,0,0.12827676451840814
22440,202610,0,0.15424693156189956
22441,202610,0,0.11856748772664892
22442,202610,0,0.11574166379282368
22443,202610,0,0.15615263876575405
22444,202610,0,0.11588441287175485
22445,202610,0,0.14261000210225433
22446,202610,0,0.05657647377345768
22447,202610,0,0.14920867572086724
22448,202610,0,0.15948012074162238
22449,202610,0,0.11810245269242521
22450,202610,0,0.15241157110483172
22451,202610,0,0.12324533458895108
22452,202610,0,0.23116814783313122
22453,202610,0,0.11253893454013562
22454,202610,0,0.052826138184927575
22455,202610,0,0.390318254207985
22456,202610,1,0.12237779511720798
22457,202610,0,0.14072342462112875
22458,202610,1,0.20902479675435856
22459,202610,0,0.10900396084998532
22460,202610,0,0.14063389944160698
22461,202610,0,0.1202255311821076
22462,202610,0,0.18607150549760282
22463,202610,1,0.24064534448089903
22464,202610,0,0.12294740857583907
22465,202610,0,0.13156294639100016
22466,202610,0,0.21956346474879498
22467,202610,0,0.1391464547447327
22468,202610,1,0.13632521720813864
22469,202610,1,0.23549912501015513
22470,202610,0,0.18723769778354096
22471,202610,0,0.13789967047993906
22472,202610,1,0.055293526184152356
22473,202610,0,0.15391035454023955
22474,202610,0,0.1871166123155135
22475,202610,0,0.36909231063318443
22476,202610,0,0.11421146408695765
22477,202610,0,0.14648712546616927
22478,202610,1,0.13469875523649275
22479,202610,0,0.14086746265929626
22480,202610,0,0.25768175442130625
22481,202610,1,0.3566592268428263
22482,202610,0,0.12840195165994708
22483,202610,1,0.07140923365581668
22484,202610,0,0.1792733977400199
22485,202610,0,0.11997609170502206
22486,202610,0,0.16770974299446229
22487,202610,0,0.12489622364436097
22488,202610,0,0.07913573125737272
22489,202610,0,0.11217008438306308
22490,202610,1,0.1400212638023804
22491,202610,1,0.23061650703837006
22492,202610,0,0.14324514900910906
22493,202610,0,0.1286625153634523
22494,202610,0,0.1276597004562714
22495,202610,0,0.14582752199189064
22496,202610,0,0.16028325313544223
22497,202610,0,0.15856501334452155
22498,202610,1,0.11273374486101016
22499,202610,0,0.12699518805763904
22500,202610,0,0.12813431734560773
22501,202610,0,0.3241103242459923
22502,202610,0,0.1566231722606495
22503,202610,1,0.1277983271686418
22504,202610,1,0.23573977257942977
22505,202610,1,0.19775545396227348
22506,202610,0,0.14328231811539247
22507,202610,0,0.13534629168539794
22508,202610,0,0.055587657116183894
22509,202610,0,0.3812466533474997
22510,202610,0,0.12433788774687377
22511,202610,1,0.11495325104047238
22512,202610,0,0.1522961681837494
22513,202610,0,0.13010653367198727
22514,202610,0,0.14887675119580873
22515,202610,0,0.15529294738001578
22516,202610,0,0.10309465543826726
22517,202610,0,0.14535630849251557
22518,202610,0,0.14134620808286244
22519,202610,0,0.143139996338386
22520,202610,0,0.1413387608755062
22521,202610,0,0.11261394801522893
22522,202610,1,0.205648078971269
22523,202610,0,0.17747982716328828
22524,202610,0,0.38120200324631864
22525,202610,0,0.14730252156228713
22526,202610,0,0.24099920820637333
22527,202610,0,0.14086822000357616
22528,202610,0,0.12299454128323477
22529,202610,0,0.10369885651301294
22530,202610,0,0.15012014656578235
22531,202610,0,0.13846306652111265
22532,202610,1,0.13073206278342733
22533,202610,0,0.1756486797470674
22534,202610,1,0.36212855251918785
22535,202610,1,0.34802407584779455
22536,202610,0,0.40403857612612165
22537,202610,0,0.1531971815429071
22538,202610,0,0.12250253566494673
22539,202610,0,0.15185145552784185
22540,202610,0,0.06236218661362668
22541,202610,1,0.2329473950691496
22542,202610,0,0.12975301904259626
22543,202610,1,0.24343850977188952
22544,202610,0,0.1434395979416685
22545,202610,0,0.12532147173491714
22546,202610,0,0.09216471479400716
22547,202610,0,0.24500029642581103
22548,202610,0,0.14011679623225304
22549,202610,0,0.12437442020992151
22550,202610,0,0.30346937369860816
22551,202610,0,0.28828716472972366
22552,202610,0,0.11899796627996499
22553,202610,0,0.06633419052438128
22554,202610,0,0.20657673845127925
22555,202610,1,0.4049753613834677
22556,202610,1,0.15631263243410595
22557,202610,0,0.14828636088587993
22558,202610,0,0.07055238013709317
22559,202610,1,0.12291992852671511
22560,202610,0,0.11440628743445262
22561,202610,0,0.188920922913324
22562,202610,0,0.18438619306171486
22563,202610,0,0.2305204418852448
22564,202610,0,0.19150144440175076
22565,202610,0,0.12577754531565333
22566,202610,0,0.13041931885971048
22567,202610,0,0.1450440597390104
22568,202610,0,0.11483671392130647
22569,202610,1,0.16713977751282552
22570,202610,0,0.12184698600666093
22571,202610,1,0.2210039643033751
22572,202610,0,0.39140088380107835
22573,202610,0,0.170813097400163
22574,202610,0,0.056142279050921236
22575,202610,1,0.16417982932342923
22576,202610,1,0.13764748430453264
22577,202610,0,0.1755597711959724
22578,202610,0,0.16216555009798247
22579,202610,1,0.21495301295720298
22580,202610,0,0.15275307759213086
22581,202610,0,0.15558544623590734
22582,202610,0,0.23302571669282604
22583,202610,0,0.19668234839597723
22584,202610,0,0.15796483385776117
22585,202610,0,0.10936538999717287
22586,202610,0,0.12380760246306086
22587,202610,0,0.08339059442774621
22588,202610,0,0.12530024176986396
22589,202610,1,0.1482944881247396
22590,202610,1,0.13270005453670983
22591,202610,0,0.229478519979631
22592,202610,0,0.20315845308266245
22593,202610,0,0.18738160438950058
22594,202610,0,0.1913896682770534
22595,202610,0,0.19306328853528051
22596,202610,0,0.2711759019268736
22597,202610,0,0.1422016850230754
22598,202610,0,0.15149868619687
22599,202610,0,0.06645108830607094
22600,202610,0,0.15539730721780218
22601,202610,0,0.14453225111099108
22602,202610,0,0.16629070769490117
22603,202610,0,0.20766410497080626
22604,202610,0,0.24690017874718362
22605,202610,0,0.14138587069968045
22606,202610,0,0.08039815205086986
22607,202610,0,0.13377764876709475
22608,202610,0,0.1296142741679223
22609,202610,0,0.12067976452923869
22610,202610,0,0.1675187810003946
22611,202610,0,0.1548324620078956
22612,202610,0,0.12546419678767476
22613,202610,0,0.26887372669804244
22614,202610,0,0.22740529298435871
22615,202610,0,0.060666905127373834
22616,202610,1,0.20499879857159772
22617,202610,1,0.12658729416016518
22618,202610,0,0.142135518294812
22619,202610,0,0.22651067136050804
22620,202610,1,0.15683075792070572
22621,202610,0,0.13091051172062643
22622,202610,0,0.1336706085341698
22623,202610,1,0.27515919972523883
22624,202610,0,0.14059383778491302
22625,202610,0,0.12144497440479808
22626,202610,0,0.16800228388594146
22627,202610,0,0.18328393395699
22628,202610,0,0.11974558696092806
22629,202610,0,0.13033173445344298
22630,202610,0,0.13695809103124
22631,202610,0,0.11442731841665471
22632,202610,1,0.20816522995765452
22633,202610,0,0.13986404318792495
22634,202610,0,0.11898864521735138
22635,202610,0,0.14053514459527292
22636,202610,0,0.25773382600158506
22637,202610,0,0.12008725080937542
22638,202610,1,0.10901062335994538
22639,202610,0,0.18823338116002264
22640,202610,0,0.13167709543313286
22641,202610,0,0.11642076205062511
22642,202610,0,0.1533061384207026
22643,202610,0,0.1433723611546265
22644,202610,0,0.4107354982239736
22645,202610,1,0.16226122749899805
22646,202610,0,0.1232999084596633
22647,202610,0,0.23938707460072559
22648,202610,0,0.11625239338061412
22649,202610,0,0.35322461379949144
22650,202610,0,0.23396827218042854
22651,202610,0,0.23150636331411742
22652,202610,0,0.1447880172727206
22653,202610,0,0.12717725111908942
22654,202610,1,0.23433822310559677
22655,202610,0,0.23712608971974397
22656,202610,1,0.15363980511792558
22657,202610,0,0.05691658719393905
22658,202610,0,0.13565455470852059
22659,202610,0,0.13665756260223058
22660,202610,0,0.08650340746723353
22661,202610,0,0.13475871142278512
22662,202610,0,0.11829670804563094
22663,202610,0,0.1315470820951976
22664,202610,0,0.23086077292930127
22665,202610,0,0.14786821993442364
22666,202610,0,0.2163683581517161
22667,202610,1,0.07000115749605906
22668,202610,0,0.1476093343093421
22669,202610,0,0.15375045504714302
22670,202610,0,0.17875913805436108
22671,202610,0,0.17416022097195627
22672,202610,0,0.09659332833486027
22673,202610,0,0.09079954111620127
22674,202610,1,0.19708542793900644
22675,202610,0,0.20788255887390206
22676,202610,0,0.11899311744518154
22677,202610,0,0.37738706834287755
22678,202610,0,0.14368996309245594
22679,202610,0,0.1431885885705804
22680,202610,0,0.14424042925799935
22681,202610,0,0.18601120009705518
22682,202610,0,0.1665866533674443
22683,202610,0,0.12617374004484247
22684,202610,0,0.10886243314562223
22685,202610,0,0.11723939702383415
22686,202610,0,0.15664852433132948
22687,202610,0,0.19558543207333254
22688,202610,0,0.10782421405749765
22689,202610,1,0.1128248212539326
22690,202610,0,0.1592094559832899
22691,202610,0,0.16608906005311733
22692,202610,0,0.1300150269155518
22693,202610,0,0.1493632627502549
22694,202610,0,0.1618875229335874
22695,202610,0,0.1587794650645139
22696,202610,0,0.06878621603029512
22697,202610,0,0.3067090819263707
22698,202610,0,0.14247517355338807
22699,202610,0,0.22256508426962193
22700,202610,1,0.2623476409002812
22701,202610,0,0.379310868438925
22702,202610,0,0.2745916888006779
22703,202610,1,0.15816285730655152
22704,202610,0,0.10671662457620548
22705,202610,0,0.162742435231943
22706,202610,0,0.19388545859322
22707,202610,0,0.1308194428738456
22708,202610,0,0.12390300430578467
22709,202610,0,0.05795746843348879
22710,202610,1,0.11494586507918482
22711,202610,0,0.23697411180686134
22712,202610,0,0.1405332897021981
22713,202610,0,0.3270495514743
22714,202610,0,0.14081830365719603
22715,202610,0,0.11296286895270002
22716,202610,0,0.11254318017381082
22717,202610,0,0.20906614544925717
22718,202610,0,0.05745477009269783
22719,202610,1,0.24315586226389085
22720,202610,0,0.3315511164878375
22721,202610,0,0.09397719167889337
22722,202610,0,0.145456997661563
22723,202610,1,0.22660087402467333
22724,202610,0,0.14408504598675217
22725,202610,0,0.14374423089744764
22726,202610,0,0.2702697117514222
22727,202610,1,0.1566324182547655
22728,202610,0,0.11664497639132863
22729,202610,0,0.11956565961607271
22730,202610,0,0.1658409943308017
22731,202610,1,0.12891504664256676
22732,202610,0,0.17099251850031671
22733,202610,0,0.23933651484227844
22734,202610,0,0.14751877935553304
22735,202610,0,0.3931944960507451
22736,202610,0,0.12665413993212016
22737,202610,0,0.1404797929551759
22738,202610,0,0.054485349526437465
22739,202610,0,0.28231318857112714
22740,202610,0,0.25354280724312994
22741,202610,1,0.11865167459590899
22742,202610,0,0.15502640812853116
22743,202610,0,0.16361930785244608
22744,202610,1,0.1510398638281756
22745,202610,0,0.14200219796660413
22746,202610,0,0.06871757843075536
22747,202610,1,0.11915481710317626
22748,202610,0,0.39743637566811135
22749,202610,0,0.2047170588007188
22750,202610,1,0.1302845301186687
22751,202610,0,0.09182306541574553
22752,202610,0,0.12756793175358813
22753,202610,0,0.3556986782506658
22754,202610,1,0.3490423074703912
22755,202610,0,0.15285498622639726
22756,202610,0,0.12488821062858012
22757,202610,0,0.06214474927600156
22758,202610,0,0.22487452310999015
22759,202610,0,0.10694192038513754
22760,202610,0,0.13768777913029237
22761,202610,1,0.3580170218835739
22762,202610,0,0.14069443664362008
22763,202610,0,0.22518966261665305
22764,202610,0,0.1395043766753923
22765,202610,0,0.4207346290290518
22766,202610,0,0.08048893446994224
22767,202610,1,0.20882827605583104
22768,202610,0,0.06694604304482854
22769,202610,0,0.1156409660392227
22770,202610,0,0.11347266684706418
22771,202610,1,0.17080325862860696
22772,202610,0,0.2642035990128326
22773,202610,0,0.12306576763663547
22774,202610,1,0.22260390918297493
22775,202610,0,0.12841947461655812
22776,202610,0,0.20161419186122873
22777,202610,0,0.12123148313395801
22778,202610,1,0.13953607261936676
22779,202610,0,0.0773406465331064
22780,202610,0,0.17977542578841102
22781,202610,0,0.39664976678304503
22782,202610,0,0.1275723544759986
22783,202610,0,0.19620371532636008
22784,202610,0,0.13956954957343368
22785,202610,0,0.12886922506875945
22786,202610,0,0.1603529159928953
22787,202610,0,0.16655864587012556
22788,202610,1,0.12726689605051017
22789,202610,0,0.145061758214848
22790,202610,1,0.36410633267933135
22791,202610,0,0.08070653816037712
22792,202610,0,0.3451235701524251
22793,202610,0,0.1355294531920792
22794,202610,0,0.12790306899723308
22795,202610,0,0.07075385567673544
22796,202610,0,0.07659975882458729
22797,202610,1,0.15926909587741406
22798,202610,0,0.13661877008237946
22799,202610,0,0.15278935452497394
22800,202610,0,0.14421854429847938
22801,202610,0,0.16153857512555608
22802,202610,0,0.18612972628841581
22803,202610,1,0.27466730166404996
22804,202610,0,0.060775357325134824
22805,202610,1,0.1231839023061709
22806,202610,1,0.265958063767356
22807,202610,1,0.12603953968348316
22808,202610,0,0.12187833863555965
22809,202610,0,0.3887350787900309
22810,202610,0,0.3293389423040551
22811,202610,0,0.1283167473633681
22812,202610,0,0.05028787007536375
22813,202610,0,0.13512201968823861
22814,202610,0,0.1592963454252847
22815,202610,0,0.1334024524603367
22816,202610,0,0.12441870282083428
22817,202610,1,0.0636091296258029
22818,202610,0,0.1428583256065417
22819,202610,1,0.16097613916876222
22820,202610,0,0.2186107069845788
22821,202610,0,0.059392608931355964
22822,202610,1,0.31054454138563803
22823,202610,0,0.1698504206867185
22824,202610,0,0.1609483153761447
22825,202610,0,0.11021051520338092
22826,202610,0,0.25084895536972845
22827,202610,1,0.20166003923864584
22828,202610,0,0.13618060799138829
22829,202610,0,0.23162151436904166
22830,202610,0,0.17930987370343857
22831,202610,0,0.14912531294636072
22832,202610,0,0.15401074820367472
22833,202610,0,0.06394807224075415
22834,202610,1,0.28039538648589934
22835,202610,1,0.1617381664041737
22836,202610,0,0.15413881458782602
22837,202610,1,0.13210932563239233
22838,202610,1,0.406640275315494
22839,202610,0,0.10623735918722986
22840,202610,0,0.061943826590440135
22841,202610,0,0.1266771267741476
22842,202610,0,0.11302675662700087
22843,202610,1,0.17249124066677288
22844,202610,0,0.12732586418425276
22845,202610,0,0.21722018088897524
22846,202610,0,0.11392873371282616
22847,202610,0,0.15058982172368862
22848,202610,0,0.1387580306780021
22849,202610,0,0.3613037581690092
22850,202610,1,0.24497371287898678
22851,202610,0,0.13423638596256846
22852,202610,1,0.14930961191043013
22853,202610,0,0.13057497583149813
22854,202610,1,0.15635526502225186
22855,202610,0,0.13188024296313366
22856,202610,0,0.12758919474916555
22857,202610,0,0.12617503074780534
22858,202610,0,0.14527264637864767
22859,202610,0,0.11718960073067605
22860,202610,0,0.35485929032722263
22861,202610,0,0.11147810509280431
22862,202610,0,0.21260453145295977
22863,202610,0,0.2177051012968364
22864,202610,0,0.15829012496905143
22865,202610,0,0.07496927258220577
22866,202610,0,0.2915331008783784
22867,202610,1,0.33629634503317823
22868,202610,0,0.12873598927185076
22869,202610,0,0.3915418247438409
22870,202610,0,0.1418871001317589
22871,202610,0,0.15669012387109163
22872,202610,0,0.20633227029465168
22873,202610,0,0.1256464868093468
22874,202610,0,0.13276561343430426
22875,202610,0,0.132140862567115
22876,202610,0,0.13691405933859851
22877,202610,0,0.3611110656188102
22878,202610,0,0.12174457085540508
22879,202610,0,0.32323414129547084
22880,202610,0,0.14676365121807172
22881,202610,0,0.10343828988424315
22882,202610,0,0.12009580935870297
22883,202610,0,0.3199431769773098
22884,202610,0,0.13539495767919393
22885,202610,1,0.1486378667855866
22886,202610,0,0.066388891662158
22887,202610,0,0.13782716158452948
22888,202610,0,0.13372348451443503
22889,202610,0,0.16791390441032525
22890,202610,0,0.19598809378485932
22891,202610,0,0.06781475558573492
22892,202610,1,0.11385724381523012
22893,202610,1,0.13395116129773174
22894,202610,0,0.16074559280666167
22895,202610,0,0.05283400384007325
22896,202610,1,0.17459653536227301
22897,202610,0,0.16925758329448973
22898,202610,0,0.23670792650092648
22899,202610,0,0.06993133179840333
22900,202610,0,0.053139345014295264
22901,202610,0,0.129395029043391
22902,202610,0,0.13976412580374553
22903,202610,0,0.1227869969951211
22904,202610,0,0.12300178623205331
22905,202610,0,0.1633847076702502
22906,202610,0,0.17862595515517957
22907,202610,0,0.17811812411681782
22908,202610,0,0.13454634434701515
22909,202610,0,0.08161659147971516
22910,202610,0,0.1611196509237108
22911,202610,0,0.16510105345123943
22912,202610,1,0.14492031435960168
22913,202610,0,0.15129368063731635
22914,202610,0,0.0627083012303887
22915,202610,0,0.15828596176874998
22916,202610,0,0.16918381251983602
22917,202610,1,0.27419615478453013
22918,202610,0,0.09709397426287707
22919,202610,0,0.22494196648405682
22920,202610,0,0.0638155893364422
22921,202610,0,0.24898611804456375
22922,202610,0,0.06641877918975424
22923,202610,0,0.13444313892873766
22924,202610,0,0.36187144921805015
22925,202610,0,0.16472468787367214
22926,202610,0,0.11014742387135874
22927,202610,0,0.1680297626467767
22928,202610,0,0.13090091975108656
22929,202610,0,0.23070950209862395
22930,202610,0,0.10180348303185767
22931,202610,1,0.14545357278253412
22932,202610,1,0.22346574681405507
22933,202610,0,0.1449870795462935
22934,202610,0,0.16355455888850237
22935,202610,0,0.11173323280837871
22936,202610,0,0.15208438669065788
22937,202610,0,0.14555953012954342
22938,202610,0,0.15504333666561224
22939,202610,1,0.1384451265675899
22940,202610,0,0.1393191894867568
22941,202610,0,0.3752306239460886
22942,202610,1,0.12586048612471984
22943,202610,0,0.12812848362628831
22944,202610,0,0.23725724209723592
22945,202610,0,0.11396149088731074
22946,202610,0,0.1303295387742076
22947,202610,0,0.21018159848459012
22948,202610,0,0.21153150003909507
22949,202610,0,0.24190806207437188
22950,202610,0,0.14260803240062742
22951,202610,0,0.10857819338313969
22952,202610,0,0.14386762261531327
22953,202610,0,0.16550138786949042
22954,202610,0,0.14813893121413488
22955,202610,0,0.3372140094247271
22956,202610,1,0.1275121390922202
22957,202610,0,0.3732110648940834
22958,202610,0,0.14650351247198032
22959,202610,0,0.103681217414531
22960,202610,0,0.29595677270723275
22961,202610,0,0.14483921022479554
22962,202610,0,0.12206914417314842
22963,202610,0,0.1260490373430227
22964,202610,0,0.17204384335973366
22965,202610,0,0.1712665803829908
22966,202610,0,0.14135779604505866
22967,202610,0,0.16520096731036915
22968,202610,0,0.3451214228404271
22969,202610,0,0.13152729030766758
22970,202610,0,0.12220705637604258
22971,202610,0,0.149740295159036
22972,202610,0,0.3299584515583482
22973,202610,0,0.1785702250336299
22974,202610,0,0.22327817904792166
22975,202610,1,0.13888053445925755
22976,202610,0,0.12758008726151743
22977,202610,0,0.14944441575480538
22978,202610,0,0.1606432498533691
22979,202610,1,0.14734048153003235
22980,202610,0,0.135460467032668
22981,202610,0,0.08811565186731853
22982,202610,0,0.24994474015864654
22983,202610,0,0.1303810035931208
22984,202610,1,0.23944669126246942
22985,202610,1,0.386224788337949
22986,202610,0,0.12556905759322218
22987,202610,0,0.17981906809595424
22988,202610,0,0.1845691001944385
22989,202610,0,0.3465618209977873
22990,202610,0,0.13014272351141604
22991,202610,0,0.217085591076931
22992,202610,0,0.12086073532464589
22993,202610,0,0.06112102277924634
22994,202610,0,0.1614691102386723
22995,202610,0,0.1339120417836043
22996,202610,0,0.11670693972542547
22997,202610,0,0.06733215269036608
22998,202610,0,0.13280320778574392
22999,202610,0,0.09764924853789801
23000,202610,0,0.10124536614974255
23001,202610,1,0.4030254367575461
23002,202610,0,0.18048055812816244
23003,202610,0,0.10657142620082445
23004,202610,0,0.1779004355269043
23005,202610,0,0.22059805589886508
23006,202610,0,0.12923871091794595
23007,202610,0,0.12695466752317833
23008,202610,0,0.14492977713889293
23009,202610,0,0.338811428032976
23010,202610,0,0.14280860787541905
23011,202610,0,0.09774186636779922
23012,202610,0,0.16657787886151657
23013,202610,0,0.24297318619587313
23014,202610,0,0.0987572317856893
23015,202610,0,0.12971139679307703
23016,202610,1,0.22803401725202482
23017,202610,1,0.20554532609367757
23018,202610,1,0.15194398503843204
23019,202610,0,0.3361105230422822
23020,202610,0,0.13948862843917978
23021,202610,0,0.12939970935210887
23022,202610,0,0.21603474716836144
23023,202610,0,0.0665428552759714
23024,202610,1,0.21160727555719852
23025,202610,0,0.24198708904219174
23026,202610,0,0.2894315709453103
23027,202610,1,0.3232966145925262
23028,202610,0,0.25540968185876023
23029,202610,1,0.11340689724168072
23030,202610,1,0.11715342716796191
23031,202610,0,0.1693568177628534
23032,202610,0,0.32431356978876125
23033,202610,0,0.13224212047781608
23034,202610,0,0.11376725039321156
23035,202610,0,0.14417636794505612
23036,202610,0,0.15259689123961254
23037,202610,0,0.08001597036607663
23038,202610,1,0.38140409445702045
23039,202610,0,0.3255266244536606
23040,202610,0,0.13081272300559582
23041,202610,0,0.12373015267891795
23042,202610,0,0.178928012694531
23043,202610,0,0.11716289840692423
23044,202610,0,0.2744572298778478
23045,202610,1,0.15534088770867233
23046,202610,0,0.15000331495729619
23047,202610,1,0.2785523865708644
23048,202610,0,0.06376218017157309
23049,202610,0,0.3546091048757976
23050,202610,0,0.13458178325323017
23051,202610,0,0.17220178181959023
23052,202610,0,0.1321734275418351
23053,202610,0,0.12178830978457733
23054,202610,0,0.13069923739860898
23055,202610,0,0.1732456667201785
23056,202610,0,0.1382483111269568
23057,202610,1,0.1476053823486881
23058,202610,0,0.14028762170804576
23059,202610,0,0.16267848564353993
23060,202610,0,0.12671419784190704
23061,202610,0,0.13657035661975592
23062,202610,0,0.1153123589140562
23063,202610,0,0.12694543710942346
23064,202610,0,0.13124611622830354
23065,202610,0,0.14686312965857298
23066,202610,0,0.1253353129976238
23067,202610,0,0.11424998277917506
23068,202610,0,0.18461509980686086
23069,202610,0,0.13585324949698221
23070,202610,0,0.15169469423942117
23071,202610,0,0.04958525136926348
23072,202610,0,0.12897304545290098
23073,202610,0,0.1387007426383708
23074,202610,0,0.11772070595839021
23075,202610,0,0.13727068940461234
23076,202610,1,0.16623646889404972
23077,202610,0,0.2410366711292295
23078,202610,0,0.12158585933936848
23079,202610,0,0.16611811861347792
23080,202610,0,0.16898489678213913
23081,202610,0,0.044410087240741615
23082,202610,0,0.25090255923033916
23083,202610,0,0.1365708261809278
23084,202610,0,0.11858494439151256
23085,202610,0,0.13982484579337134
23086,202610,0,0.11698456421306101
23087,202610,0,0.13189018297643218
23088,202610,0,0.15943416162111376
23089,202610,0,0.1382138936199208
23090,202610,0,0.1490486513976823
23091,202610,1,0.11870525318691519
23092,202610,1,0.1508859428173156
23093,202610,0,0.1519114126887992
23094,202610,1,0.23780776430310538
23095,202610,0,0.13662663180114476
23096,202610,1,0.06012720584249098
23097,202610,0,0.11856097538400834
23098,202610,0,0.06168716326502016
23099,202610,0,0.13612760324263648
23100,202610,0,0.13985218692051712
23101,202610,0,0.16658111369832843
23102,202610,0,0.18138869485681408
23103,202610,0,0.2089741891085546
23104,202610,0,0.1094743122284249
23105,202610,0,0.10463953460238515
23106,202610,0,0.10555896182536269
23107,202610,0,0.22891214057990128
23108,202610,0,0.05630071475542149
23109,202610,0,0.17392108033739714
23110,202610,0,0.20215599074237017
23111,202610,0,0.11201083263883903
23112,202610,0,0.11185355596657041
23113,202610,0,0.07089346809844677
23114,202610,0,0.15971162765760186
23115,202610,0,0.30646618009394666
23116,202610,0,0.08579236121980335
23117,202610,1,0.14797431948383288
23118,202610,0,0.22556383589536824
23119,202610,0,0.1321063762364349
23120,202610,0,0.14153227677838323
23121,202610,0,0.2298902579194416
23122,202610,0,0.18275298380104213
23123,202610,0,0.11698738568187633
23124,202610,0,0.12886374492002053
23125,202610,0,0.10749993083376447
23126,202610,0,0.13042513703657033
23127,202610,0,0.1334560095081911
23128,202610,0,0.15318934433945225
23129,202610,0,0.2147915744588057
23130,202610,0,0.11303725451100154
23131,202610,0,0.13336895430340698
23132,202610,0,0.15089799865911105
23133,202610,0,0.22034444413669405
23134,202610,0,0.1271307048943965
23135,202610,0,0.1325953843787802
23136,202610,0,0.1401036084921878
23137,202610,0,0.06957565477396473
23138,202610,0,0.14045877302772827
23139,202610,0,0.15063772709809664
23140,202610,1,0.16856821239080547
23141,202610,1,0.3478444793878024
23142,202610,0,0.06499686701021863
23143,202610,0,0.124408498061331
23144,202610,1,0.3315893570949606
23145,202610,1,0.3421835550520427
23146,202610,0,0.1541505994628666
23147,202610,0,0.11973097624963662
23148,202610,0,0.14124370228477678
23149,202610,0,0.10846340367096548
23150,202610,1,0.128692825379665
23151,202610,0,0.12489848289571265
23152,202610,0,0.13368532538696623
23153,202610,0,0.325755882735784
23154,202610,0,0.12001677463134137
23155,202610,0,0.12638041283193627
23156,202610,0,0.14743314597026042
23157,202610,0,0.12908903030544874
23158,202610,0,0.1631302168429975
23159,202610,1,0.3200159738258007
23160,202610,0,0.16095595555803763
23161,202610,0,0.14692475218085727
23162,202610,0,0.16943562920747296
23163,202610,0,0.15903526085762795
23164,202610,0,0.16990425683636332
23165,202610,1,0.22756097165662514
23166,202610,0,0.24887003658934265
23167,202610,0,0.17943213658685633
23168,202610,0,0.15583067038164672
23169,202610,0,0.12832063031262905
23170,202610,0,0.1104028228969925
23171,202610,0,0.14631324703910892
23172,202610,0,0.07947875471986374
23173,202610,0,0.2290405889331235
23174,202610,0,0.140485405279213
23175,202610,0,0.13521240821034078
23176,202610,0,0.13085312458181667
23177,202610,0,0.11721328563067517
23178,202610,0,0.13409747479622455
23179,202610,0,0.12565808493443886
23180,202610,0,0.13610141616489443
23181,202610,0,0.36100246216033294
23182,202610,0,0.14852424414312895
23183,202610,0,0.12974442819092932
23184,202610,0,0.11572536668719989
23185,202610,0,0.16957074375927458
23186,202610,0,0.1277704295578167
23187,202610,0,0.21745775409091586
23188,202610,0,0.13807756934293072
23189,202610,1,0.1119356702867921
23190,202610,1,0.2994413953980881
23191,202610,0,0.1472947706036828
23192,202610,0,0.13521238812096162
23193,202610,0,0.14090423777319783
23194,202610,0,0.12366556443011927
23195,202610,1,0.14230813874955933
23196,202610,0,0.12401001661103606
23197,202610,0,0.12301925270864349
23198,202610,0,0.16139760406774437
23199,202610,0,0.06977005987229429
23200,202610,1,0.1388320632360664
23201,202610,0,0.24491200857355022
23202,202610,0,0.18017932572820322
23203,202610,0,0.12263801347695531
23204,202610,0,0.07203332100969845
23205,202610,0,0.16737115709542782
23206,202610,0,0.12196389518184439
23207,202610,0,0.0729624136453683
23208,202610,1,0.14897846249557337
23209,202610,0,0.15109324436255522
23210,202610,1,0.12096265528237668
23211,202610,0,0.1726366750387878
23212,202610,0,0.06513346150615437
23213,202610,1,0.2340866971563196
23214,202610,0,0.13195728484026373
23215,202610,0,0.1331548193005196
23216,202610,0,0.14745480667303162
23217,202610,0,0.11183196709775095
23218,202610,0,0.22164852834607396
23219,202610,0,0.13514768502119712
23220,202610,0,0.15434389619408256
23221,202610,0,0.05886726652666955
23222,202610,0,0.15308212161852908
23223,202610,0,0.33879488903082017
23224,202610,0,0.13267724822617488
23225,202610,0,0.13669709782673084
23226,202610,1,0.13846060416846673
23227,202610,0,0.11157091936215208
23228,202610,0,0.13982262022984232
23229,202610,0,0.240633028081443
23230,202610,0,0.11609431326563543
23231,202610,0,0.31671572721567887
23232,202610,0,0.21503995955128682
23233,202610,0,0.17309848365972733
23234,202610,0,0.1341783769835093
23235,202610,1,0.15905539786284306
23236,202610,0,0.1344904437104777
23237,202610,1,0.13406947543354264
23238,202610,0,0.11826603018281771
23239,202610,0,0.09392304550208262
23240,202610,0,0.15496965119916298
23241,202610,0,0.1459688115223425
23242,202610,0,0.3555329311018247
23243,202610,0,0.1334343002721677
23244,202610,1,0.38605208814496905
23245,202610,0,0.16728949910033228
23246,202610,0,0.11056757985551824
23247,202610,0,0.22403515381678138
23248,202610,0,0.15400569890704663
23249,202610,0,0.2490397619034312
23250,202610,0,0.1182781569131214
23251,202610,0,0.15052858464004104
23252,202610,1,0.15198323119033677
23253,202610,0,0.13851255700237397
23254,202610,0,0.13606461160394742
23255,202610,0,0.13909363799863958
23256,202610,0,0.1228636591294761
23257,202610,0,0.38466747914734223
23258,202610,0,0.1624361245720086
23259,202610,0,0.11957734470694799
23260,202610,0,0.13632073906450054
23261,202610,1,0.24187705851598054
23262,202610,0,0.13639953184660586
23263,202610,0,0.1495217196412925
23264,202610,0,0.15002138687131233
23265,202610,0,0.26650775554493294
23266,202610,1,0.32027009761916686
23267,202610,0,0.16054941883973683
23268,202610,0,0.32562077464102807
23269,202610,1,0.3969389104685461
23270,202610,0,0.18586233956829318
23271,202610,0,0.14406484392085156
23272,202610,1,0.14378347816553572
23273,202610,0,0.15351499902592688
23274,202610,0,0.13859956764654816
23275,202610,0,0.14026842209935567
23276,202610,0,0.14053536229222144
23277,202610,0,0.14377737589869422
23278,202610,0,0.13893269590643706
23279,202610,1,0.14694425397268854
23280,202610,0,0.25796683562958395
23281,202610,0,0.14636064812785668
23282,202610,0,0.2276351509624397
23283,202610,0,0.135346670158375
23284,202610,0,0.14703922495694657
23285,202610,1,0.1494219201455
23286,202610,0,0.12622571050364956
23287,202610,0,0.14336489945873887
23288,202610,0,0.14670455723178047
23289,202610,0,0.15215240336389751
23290,202610,1,0.13664559619827527
23291,202610,0,0.06413790797158136
23292,202610,1,0.12322355137768588
23293,202610,0,0.21748284082892533
23294,202610,0,0.12509595182538893
23295,202610,0,0.14231191222711523
23296,202610,0,0.1597383553295716
23297,202610,0,0.14095137133316024
23298,202610,0,0.10004163891772658
23299,202610,0,0.1421536112873977
23300,202610,1,0.21983528123419127
23301,202610,0,0.14970808835926114
23302,202610,0,0.2694802730208573
23303,202610,1,0.14247850273280283
23304,202610,0,0.21554735882075066
23305,202610,0,0.12412890683451573
23306,202610,0,0.10010950638532336
23307,202610,0,0.05447912539311771
23308,202610,1,0.15937441319953988
23309,202610,0,0.1937757260200094
23310,202610,0,0.1440539772714147
23311,202610,0,0.16816326127158457
23312,202610,1,0.14137425030008485
23313,202610,0,0.13686257487560324
23314,202610,0,0.17483405873692393
23315,202610,0,0.12725901780519724
23316,202610,1,0.14479984099558466
23317,202610,1,0.2934608550054061
23318,202610,0,0.1427180360493479
23319,202610,0,0.05629760495142562
23320,202610,0,0.13898143411161137
23321,202610,0,0.14603143868384935
23322,202610,0,0.12209985820841217
23323,202610,0,0.15504547410766956
23324,202610,0,0.19037687387224866
23325,202610,0,0.10966086795948911
23326,202610,0,0.14273914968154539
23327,202610,1,0.1984001527170884
23328,202610,0,0.3433345301296274
23329,202610,1,0.32157663773777245
23330,202610,1,0.12028480443926026
23331,202610,1,0.1589270069900653
23332,202610,0,0.05421692937059133
23333,202610,0,0.06057415404512351
23334,202610,0,0.3455090552751109
23335,202610,0,0.12689455381578676
23336,202610,0,0.1377240033727061
23337,202610,0,0.3382831225048215
23338,202610,0,0.08533243744473602
23339,202610,0,0.13566892020411406
23340,202610,0,0.16432822962479443
23341,202610,1,0.1394114299398059
23342,202610,1,0.11354243963306143
23343,202610,0,0.19579497310103544
23344,202610,0,0.14220050692745878
23345,202610,0,0.20323346584104568
23346,202610,0,0.11236530575720453
23347,202610,0,0.1276720132509082
23348,202610,0,0.12526981538814683
23349,202610,0,0.22746313526195416
23350,202610,1,0.23112081910251617
23351,202610,0,0.12222343882139125
23352,202610,0,0.2113508070789951
23353,202610,0,0.36602854985751226
23354,202610,0,0.1466672759328366
23355,202610,0,0.1671391619091407
23356,202610,0,0.3127269617659554
23357,202610,0,0.15506239805166808
23358,202610,1,0.28468875232902435
23359,202610,0,0.1246209564831986
23360,202610,0,0.1271910204831422
23361,202610,0,0.13831924239559484
23362,202610,0,0.15205725470858503
23363,202610,1,0.2062743503729179
23364,202610,0,0.13736955674642984
23365,202610,0,0.14082527676984666
23366,202610,0,0.22246866621917447
23367,202610,0,0.13942568462078955
23368,202610,0,0.1635228786852696
23369,202610,0,0.18495450933448498
23370,202610,1,0.3393049276120895
23371,202610,0,0.14488086863156427
23372,202610,0,0.14340634352136294
23373,202610,0,0.15299254295989187
23374,202610,1,0.1499674837265426
23375,202610,1,0.34386751027545864
23376,202610,0,0.13418039108651608
23377,202610,0,0.12005045575748031
23378,202610,0,0.1409979374506923
23379,202610,0,0.11983926612145598
23380,202610,0,0.23777661081777202
23381,202610,1,0.16739661125032015
23382,202610,1,0.13312134540279863
23383,202610,0,0.1513353564393858
23384,202610,1,0.27361639459537507
23385,202610,0,0.14694444203602286
23386,202610,1,0.3121415400375895
23387,202610,0,0.05458202068965803
23388,202610,0,0.21545794677076804
23389,202610,0,0.33526249327493113
23390,202610,1,0.14380427376887256
23391,202610,1,0.14944407690340208
23392,202610,0,0.05564779980398777
23393,202610,1,0.15832586977658356
23394,202610,0,0.34160299403209393
23395,202610,0,0.16848638512442854
23396,202610,1,0.2433213512643499
23397,202610,0,0.27545779645749874
23398,202610,0,0.061249880717272505
23399,202610,0,0.15227541278720963
23400,202610,1,0.14322290744584332
23401,202610,0,0.14093312226235621
23402,202610,0,0.13509253140111854
23403,202610,1,0.3449521671436635
23404,202610,0,0.16954738604804015
23405,202610,1,0.21772661241526828
23406,202610,0,0.162320503794289
23407,202610,0,0.24007368308073088
23408,202610,1,0.132739420795631
23409,202610,0,0.10388344624712507
23410,202610,0,0.1549525120990443
23411,202610,0,0.06344417870204913
23412,202610,0,0.15917682822479598
23413,202610,0,0.09761233815024602
23414,202610,1,0.17985751704008898
23415,202610,0,0.15218205620365452
23416,202610,0,0.15967802517564345
23417,202610,0,0.12348170801784072
23418,202610,1,0.34024820136769696
23419,202610,0,0.12826774010217346
23420,202610,1,0.2165413294681506
23421,202610,0,0.08674035671270765
23422,202610,0,0.1356905750970497
23423,202610,0,0.1530720267925748
23424,202610,1,0.13335637704651004
23425,202610,0,0.15511209302378537
23426,202610,0,0.13643987308647632
23427,202610,0,0.15896164323594267
23428,202610,0,0.12278410991855163
23429,202610,1,0.1729856880008669
23430,202610,0,0.1797810002999038
23431,202610,0,0.1322981666294448
23432,202610,0,0.12268090326499466
23433,202610,0,0.13989916594804777
23434,202610,0,0.2624239051635501
23435,202610,0,0.05357997597138547
23436,202610,0,0.12134925599459857
23437,202610,0,0.11785539966685585
23438,202610,0,0.14148277604956752
23439,202610,0,0.06036624770349274
23440,202610,0,0.15319669829102003
23441,202610,0,0.06668906718040685
23442,202610,0,0.13099931324548678
23443,202610,0,0.1335226440725488
23444,202610,0,0.11216933804032991
23445,202610,1,0.13476595534839467
23446,202610,0,0.1496448679540118
23447,202610,0,0.07411242083431888
23448,202610,0,0.22657169771333352
23449,202610,0,0.1490253347220518
23450,202610,0,0.15182770454586386
23451,202610,0,0.12336814127152872
23452,202610,0,0.12907993152648944
23453,202610,0,0.15090401888041124
23454,202610,0,0.12635014910652176
23455,202610,0,0.054644936671928226
23456,202610,0,0.057469792404776565
23457,202610,0,0.192766570377162
23458,202610,1,0.19778060297789302
23459,202610,0,0.14855791778489677
23460,202610,1,0.2431555698735373
23461,202610,0,0.27220510555819316
23462,202610,0,0.1757742441964911
23463,202610,0,0.2069309090372588
23464,202610,0,0.14721959492887526
23465,202610,1,0.14923006381565945
23466,202610,0,0.13783829051642382
23467,202610,1,0.3459908968672423
23468,202610,0,0.16311829638602246
23469,202610,0,0.12914140911368516
23470,202610,0,0.13458409439988997
23471,202610,0,0.2241547353066357
23472,202610,0,0.2389488545821014
23473,202610,0,0.16052962369494791
23474,202610,0,0.22123872967858463
23475,202610,0,0.3454154558251769
23476,202610,0,0.11438330768459704
23477,202610,0,0.10951697949626381
23478,202610,0,0.15239268718934929
23479,202610,0,0.25688253659874005
23480,202610,0,0.16036391774240819
23481,202610,0,0.13233859628375644
23482,202610,0,0.1258829688703434
23483,202610,0,0.22640482271616535
23484,202610,0,0.14795139697260049
23485,202610,1,0.12704877142086474
23486,202610,0,0.1413410128203437
23487,202610,0,0.12763682458750877
23488,202610,0,0.14519280760475464
23489,202610,0,0.12198321367346929
23490,202610,0,0.2448722677084214
23491,202610,1,0.15636753027740918
23492,202610,0,0.14435535991672863
23493,202610,0,0.055339822191878274
23494,202610,0,0.2415976005875608
23495,202610,0,0.3749019347623742
23496,202610,0,0.1709145544672262
23497,202610,0,0.1389663855115385
23498,202610,0,0.10984585416220485
23499,202610,0,0.13161527635483594
23500,202610,0,0.13128686735076567
23501,202610,0,0.050962083995232436
23502,202610,1,0.3977614105147814
23503,202610,1,0.3071392289961057
23504,202610,0,0.190972518803263
23505,202610,0,0.11502791414425999
23506,202610,0,0.11063388701197237
23507,202610,0,0.21235819827099495
23508,202610,0,0.14703594209000664
23509,202610,0,0.1720788372094498
23510,202610,1,0.32511406212433275
23511,202610,1,0.17880658252661705
23512,202610,0,0.22290703446924173
23513,202610,0,0.12845984712442707
23514,202610,0,0.170314171746892
23515,202610,0,0.06357609020339344
23516,202610,0,0.06310072691679801
23517,202610,0,0.24676575986432378
23518,202610,0,0.23664513094641834
23519,202610,0,0.23658797044329913
23520,202610,0,0.10608125658132589
23521,202610,0,0.14314563999560428
23522,202610,0,0.20370666295436987
23523,202610,0,0.12165615626694516
23524,202610,0,0.14670230276887514
23525,202610,0,0.12546321160656562
23526,202610,0,0.13087596729262954
23527,202610,0,0.23610109918397762
23528,202610,0,0.12463208264916287
23529,202610,0,0.12327849219986263
23530,202610,0,0.13626579987965373
23531,202610,0,0.15146999018044313
23532,202610,0,0.05711935920571092
23533,202610,0,0.05170375483415209
23534,202610,0,0.0670228734836456
23535,202610,0,0.10717087910507739
23536,202610,1,0.13594661882959136
23537,202610,1,0.22400793458840715
23538,202610,0,0.098400101118813
23539,202610,1,0.21282566982530388
23540,202610,0,0.0708647866738353
23541,202610,1,0.13108087033618776
23542,202610,0,0.05950039722976276
23543,202610,0,0.3536228390348501
23544,202610,0,0.162223260903171
23545,202610,0,0.11691469532317275
23546,202610,1,0.09632894161046626
23547,202610,1,0.12223138189579498
23548,202610,0,0.22949596873649933
23549,202610,1,0.06464258801381102
23550,202610,0,0.2034705947651975
23551,202610,0,0.19628475652433447
23552,202610,0,0.18241282817577345
23553,202610,0,0.13399025924433663
23554,202610,0,0.15256229574436617
23555,202610,0,0.11863865519399548
23556,202610,0,0.1453349226343959
23557,202610,0,0.17513552333207721
23558,202610,1,0.25877443219686413
23559,202610,1,0.3028909696549736
23560,202610,0,0.16390599607315653
23561,202610,0,0.11768487058607331
23562,202610,1,0.26267151111035275
23563,202610,1,0.10130801211150313
23564,202610,0,0.11035653364146321
23565,202610,0,0.17313240087605505
23566,202610,0,0.14024552948692945
23567,202610,1,0.16451521939290137
23568,202610,0,0.24574807264417847
23569,202610,0,0.04943811759401817
23570,202610,0,0.14557238536280112
23571,202610,0,0.16285813192939627
23572,202610,0,0.05957363009296608
23573,202610,0,0.12473079074341811
23574,202610,0,0.14451709259513043
23575,202610,0,0.11567448183951805
23576,202610,0,0.18050434430245602
23577,202610,0,0.15873526162667376
23578,202610,0,0.20250118772414324
23579,202610,0,0.11156843108710061
23580,202610,1,0.2481697172461886
23581,202610,0,0.26034577353165284
23582,202610,0,0.1433846998027696
23583,202610,0,0.15389662070423052
23584,202610,0,0.1450835640746847
23585,202610,0,0.12094625161357786
23586,202610,0,0.13974720503799884
23587,202610,0,0.06272826249099524
23588,202610,0,0.22663064948035636
23589,202610,0,0.17788005236273108
23590,202610,0,0.10509551186090227
23591,202610,0,0.07135825077416495
23592,202610,0,0.07995308081157251
23593,202610,0,0.12305884302823125
23594,202610,1,0.2071378899058872
23595,202610,0,0.36307364755246185
23596,202610,0,0.14534836423133152
23597,202610,1,0.22345001896976938
23598,202610,0,0.1310256984457101
23599,202610,0,0.1144645581075358
23600,202610,1,0.2692980181939554
23601,202610,1,0.34814355886346493
23602,202610,0,0.14361255570141288
23603,202610,0,0.2925224430260543
23604,202610,0,0.18484351026347137
23605,202610,1,0.1384986309192304
23606,202610,0,0.10440418595923283
23607,202610,0,0.1180501511713856
23608,202610,0,0.12397383591806013
23609,202610,0,0.2344919769352549
23610,202610,0,0.14836079320868165
23611,202610,0,0.07736069764164875
23612,202610,0,0.06296009625658743
23613,202610,1,0.26755604521109483
23614,202610,0,0.06715686933024317
23615,202610,0,0.11214535332547215
23616,202610,0,0.1413495235615231
23617,202610,0,0.18205767354128982
23618,202610,0,0.1611269037744996
23619,202610,0,0.14406421590781163
23620,202610,1,0.26598828346020664
23621,202610,0,0.14291125488500467
23622,202610,0,0.13334131356896162
23623,202610,1,0.20814068260252003
23624,202610,1,0.12207895137548383
23625,202610,0,0.13523559164567528
23626,202610,0,0.15035413985835608
23627,202610,0,0.144246603360205
23628,202610,0,0.1177825111111686
23629,202610,0,0.13203962530118957
23630,202610,1,0.3312808244766638
23631,202610,1,0.15044089390447493
23632,202610,0,0.1306824181771656
23633,202610,0,0.15776670041621205
23634,202610,0,0.14103518330977444
23635,202610,1,0.14535124688812126
23636,202610,0,0.1380377062998393
23637,202610,1,0.25131018325313353
23638,202610,0,0.22379137277624447
23639,202610,1,0.3286735728143706
23640,202610,1,0.13776254342470418
23641,202610,0,0.15010398802050984
23642,202610,0,0.15316936164347073
23643,202610,0,0.15067550655548295
23644,202610,1,0.4141768015279279
23645,202610,0,0.14735085049624355
23646,202610,0,0.1527795113919713
23647,202610,0,0.12215490123658776
23648,202610,0,0.17000046675126884
23649,202610,0,0.23110965518856505
23650,202610,0,0.13034654255737682
23651,202610,0,0.12222052415240711
23652,202610,0,0.12062436480936871
23653,202610,0,0.10125454540641143
23654,202610,0,0.35703335417162235
23655,202610,0,0.157279708565542
23656,202610,0,0.13632480339159037
23657,202610,0,0.07716751981701746
23658,202610,0,0.12252733059216733
23659,202610,0,0.1482020768990675
23660,202610,0,0.12771031463959256
23661,202610,0,0.05928900567087841
23662,202610,0,0.13023465980663682
23663,202610,0,0.16945279845558522
23664,202610,0,0.15276185409497287
23665,202610,0,0.12255995555946256
23666,202610,0,0.16546441605819506
23667,202610,0,0.14475999829196773
23668,202610,0,0.051410245729741975
23669,202610,0,0.15404644965643224
23670,202610,0,0.12391809445390252
23671,202610,0,0.15046278845052172
23672,202610,0,0.1646300191781971
23673,202610,0,0.1350182168453728
23674,202610,0,0.12634371494020724
23675,202610,0,0.1303065499764906
23676,202610,0,0.22734910916380185
23677,202610,0,0.2460562245308431
23678,202610,1,0.25138899913981566
23679,202610,0,0.19038112587755773
23680,202610,0,0.17710789132359853
23681,202610,0,0.1347574562284501
23682,202610,1,0.14325076242360957
23683,202610,1,0.14473084089951482
23684,202610,0,0.3196328359896136
23685,202610,1,0.19983360823387572
23686,202610,0,0.13543722836026992
23687,202610,0,0.12913514517502556
23688,202610,0,0.060134143932464246
23689,202610,0,0.14408038936327275
23690,202610,1,0.1577363698877573
23691,202610,0,0.14899806997028914
23692,202610,0,0.3540781386429937
23693,202610,0,0.14316582624090804
23694,202610,0,0.1591674536812881
23695,202610,0,0.236615992030421
23696,202610,0,0.11205678859301374
23697,202610,0,0.1431871855318425
23698,202610,0,0.13819676343655232
23699,202610,1,0.2179293695280352
23700,202610,0,0.1046881232432852
23701,202610,0,0.15258234937090967
23702,202610,1,0.29449546071223937
23703,202610,0,0.18632355917899684
23704,202610,0,0.11408371477417907
23705,202610,0,0.27031405051867224
23706,202610,0,0.06339708102468548
23707,202610,0,0.13228793326606475
23708,202610,1,0.1557176865474885
23709,202610,1,0.1359090909031729
23710,202610,0,0.16335080493842766
23711,202610,0,0.14621683529175217
23712,202610,1,0.11737274774668358
23713,202610,0,0.32849564024763495
23714,202610,0,0.14334357697400119
23715,202610,0,0.23083732415538347
23716,202610,0,0.11911921315874555
23717,202610,1,0.297329866136909
23718,202610,1,0.11673151307987073
23719,202610,0,0.16311039105206054
23720,202610,1,0.3472604551483223
23721,202610,0,0.14043128992037135
23722,202610,0,0.1469147795844
23723,202610,0,0.1555067627409984
23724,202610,0,0.15516766924372088
23725,202610,1,0.14582741281081646
23726,202610,0,0.07331103249442551
23727,202610,1,0.12766732301332012
23728,202610,0,0.10939748819373923
23729,202610,0,0.24575978565305726
23730,202610,0,0.3889350232154936
23731,202610,0,0.13564255836444977
23732,202610,1,0.36037298875554485
23733,202610,0,0.14021815198413415
23734,202610,0,0.17397284392626944
23735,202610,0,0.1556704832999633
23736,202610,0,0.08194450583149337
23737,202610,0,0.09684344017067598
23738,202610,0,0.22395005267972243
23739,202610,1,0.3511465114921656
23740,202610,0,0.16111729429718794
23741,202610,1,0.1625642718921126
23742,202610,0,0.1435424812573148
23743,202610,0,0.24640608342910308
23744,202610,0,0.12615291595869782
23745,202610,0,0.22902795468893705
23746,202610,1,0.19454017945313365
23747,202610,1,0.0899789626708037
23748,202610,0,0.1528302080622963
23749,202610,0,0.3053231749931939
23750,202610,1,0.32988434921442783
23751,202610,0,0.2190447847990496
23752,202610,0,0.24544570095845814
23753,202610,0,0.1370263439506904
23754,202610,0,0.1238921763437345
23755,202610,0,0.08710314641394594
23756,202610,0,0.1262723551702907
23757,202610,1,0.15187516484934324
23758,202610,0,0.13877190177488238
23759,202610,0,0.23997678354795302
23760,202610,0,0.16426305298388805
23761,202610,0,0.29000506110522706
23762,202610,0,0.25447938465309594
23763,202610,0,0.06838199281688366
23764,202610,0,0.21640528483005234
23765,202610,0,0.11021584670175898
23766,202610,0,0.16576890958874332
23767,202610,0,0.10924697716055379
23768,202610,0,0.14402780789542136
23769,202610,0,0.13105094297923137
23770,202610,1,0.12968231119457493
23771,202610,0,0.15781016035357587
23772,202610,0,0.11426335832515788
23773,202610,0,0.08675827673131148
23774,202610,0,0.3211637334785885
23775,202610,0,0.06504993975710757
23776,202610,0,0.09567374804324283
23777,202610,0,0.04269805885759517
23778,202610,0,0.1306589595714987
23779,202610,0,0.09985827646843574
23780,202610,0,0.08320113974449639
23781,202610,0,0.11522025369979276
23782,202610,0,0.10875207128915013
23783,202610,0,0.12781582037539108
23784,202610,1,0.1287103312705629
23785,202610,0,0.23310433446146794
23786,202610,1,0.14545477612829946
23787,202610,0,0.054314172150458584
23788,202610,0,0.10857088548824562
23789,202610,0,0.2260499047855687
23790,202610,0,0.1334931502785602
23791,202610,0,0.1293061598168448
23792,202610,0,0.30630885052669193
23793,202610,0,0.17684363905769063
23794,202610,0,0.17520194055132168
23795,202610,0,0.14211767535002476
23796,202610,0,0.1444682815929007
23797,202610,0,0.12135189854514593
23798,202610,0,0.0374012540019417
23799,202610,0,0.13166490007404735
23800,202610,0,0.20397112997726194
23801,202610,0,0.13790568342043155
23802,202610,1,0.22555876478210318
23803,202610,0,0.12868627658796608
23804,202610,0,0.07835076658397097
23805,202610,1,0.1317711519022109
23806,202610,0,0.10487977331911259
23807,202610,0,0.17733103233665912
23808,202610,0,0.06081262869713573
23809,202610,0,0.14820111707398329
23810,202610,0,0.21612227839091303
23811,202610,1,0.2541296074787434
23812,202610,1,0.2604848245791469
23813,202610,0,0.10978416500146523
23814,202610,1,0.2039292645466806
23815,202610,0,0.19071171339179646
23816,202610,0,0.1764307563451936
23817,202610,1,0.12226734265989483
23818,202610,0,0.11893562987030765
23819,202610,0,0.379227848142651
23820,202610,1,0.11610708305783986
23821,202610,0,0.15146959437632815
23822,202610,0,0.3506661760473727
23823,202610,0,0.14535148584740024
23824,202610,0,0.14403315784664336
23825,202610,0,0.16010210756056942
23826,202610,1,0.2022574991512151
23827,202610,1,0.1499220218356656
23828,202610,0,0.3295984226715564
23829,202610,0,0.14696749082750446
23830,202610,0,0.1756234110612072
23831,202610,0,0.05519722265099207
23832,202610,0,0.12311083347955551
23833,202610,0,0.2497760569614896
23834,202610,0,0.20482422455502444
23835,202610,0,0.12908074188179233
23836,202610,0,0.1209232921759374
23837,202610,0,0.13854897858027115
23838,202610,1,0.2568165929289226
23839,202610,0,0.09502937559060814
23840,202610,1,0.14145758003983758
23841,202610,1,0.2666716148361638
23842,202610,0,0.2421680867063719
23843,202610,0,0.25637711344830555
23844,202610,0,0.13428766453607074
23845,202610,1,0.15461381026278354
23846,202610,0,0.18216207311513358
23847,202610,0,0.11305160574245408
23848,202610,0,0.11601116165140854
23849,202610,0,0.22503029669714314
23850,202610,0,0.35930098945790423
23851,202610,0,0.14502790532257365
23852,202610,0,0.14316967772102682
23853,202610,0,0.13862551576921325
23854,202610,0,0.1368395415043753
23855,202610,1,0.14545203585016064
23856,202610,0,0.13573568864129387
23857,202610,1,0.29469548817704594
23858,202610,0,0.15000855646602054
23859,202610,0,0.37306158234954384
23860,202610,1,0.35685546398757373
23861,202610,0,0.13858308517160953
23862,202610,1,0.14098341524652536
23863,202610,0,0.13064640315656545
23864,202610,0,0.1256542485406693
23865,202610,0,0.14833075605709672
23866,202610,0,0.12761294415860916
23867,202610,0,0.11478951805706596
23868,202610,0,0.12976357001493374
23869,202610,0,0.05438184197899871
23870,202610,1,0.26535190649356954
23871,202610,1,0.1246612506562042
23872,202610,0,0.14383122523038447
23873,202610,1,0.13357017279187242
23874,202610,1,0.11002872450839128
23875,202610,0,0.09551091958143747
23876,202610,0,0.14125257338994782
23877,202610,0,0.12834298765876617
23878,202610,0,0.12039657768507339
23879,202610,0,0.13151117965231102
23880,202610,0,0.23969192761754415
23881,202610,0,0.12463435987133589
23882,202610,1,0.14944854593392026
23883,202610,0,0.1584343609319486
23884,202610,0,0.12687198404377584
23885,202610,0,0.17118720364899725
23886,202610,1,0.23689442146747688
23887,202610,1,0.15313250083928504
23888,202610,0,0.14482869863661976
23889,202610,0,0.2037650674251006
23890,202610,0,0.1169549429942912
23891,202610,0,0.1315935257202231
23892,202610,0,0.146494127357527
23893,202610,0,0.19571167463016487
23894,202610,0,0.13346368182073004
23895,202610,0,0.11167991166554418
23896,202610,0,0.12010333142092415
23897,202610,0,0.14373447486832314
23898,202610,0,0.1667311370819391
23899,202610,0,0.06100485983733157
23900,202610,0,0.0943178875114492
2,202611,0,0.13886128632912081
3,202611,0,0.05806653789599241
7,202611,0,0.1365054992595712
10,202611,0,0.053621093770951735
11,202611,0,0.1357988121828324
12,202611,0,0.054995769594316075
14,202611,0,0.09786079133525244
16,202611,0,0.12274615247705657
25,202611,0,0.12730414920033534
32,202611,0,0.10669892420888462
38,202611,0,0.11576617649455752
42,202611,0,0.1565261420684054
48,202611,1,0.1519570636452609
63,202611,0,0.11920195328512936
65,202611,0,0.12114551157461827
70,202611,0,0.13809031537862237
74,202611,0,0.12212876866669335
76,202611,0,0.12398742777937463
83,202611,0,0.0630707917457608
90,202611,0,0.08407814478019035
98,202611,0,0.16762291896377582
104,202611,0,0.11339937934908303
107,202611,1,0.24877171226573003
118,202611,1,0.1295407192247143
121,202611,0,0.05769124174343716
124,202611,0,0.142047980325245
125,202611,0,0.14652828968507198
137,202611,0,0.128566078461703
143,202611,0,0.05966653525244539
144,202611,0,0.14978681168378005
147,202611,1,0.1511942532092468
157,202611,0,0.14019751769331812
163,202611,0,0.11642229289513562
165,202611,1,0.1146126362267622
197,202611,0,0.06995697207157041
203,202611,0,0.15639656524659293
205,202611,0,0.12118344278260966
206,202611,1,0.05115185037654799
209,202611,0,0.05751473204227653
228,202611,0,0.16023891873573354
231,202611,0,0.13728544027970277
237,202611,0,0.14375512264693174
243,202611,0,0.046507647013468316
247,202611,0,0.11507651211365273
249,202611,0,0.054897872544079566
253,202611,0,0.1682604950395164
256,202611,1,0.11749451970850296
261,202611,0,0.12262259269862201
263,202611,0,0.03170943289098553
275,202611,0,0.04531431138094584
279,202611,0,0.1656080526230353
280,202611,0,0.12033798847508631
288,202611,1,0.13572700104118707
292,202611,0,0.12499731260812913
297,202611,0,0.12463924114819612
299,202611,0,0.11836579228908684
302,202611,0,0.04490082518371578
304,202611,0,0.1388358750874849
308,202611,0,0.20934255496438753
317,202611,1,0.15737897657180153
318,202611,0,0.1567867438050846
319,202611,0,0.15213151846700362
321,202611,1,0.14722783594759625
323,202611,0,0.06652132462597532
325,202611,0,0.1334409989981386
339,202611,0,0.12231906423199701
340,202611,0,0.12680424126941686
355,202611,0,0.12086863790336841
359,202611,0,0.11845645046449932
368,202611,0,0.15990722407839308
371,202611,0,0.10585993394488337
378,202611,0,0.12203495683879417
388,202611,1,0.12112688756211128
389,202611,1,0.13388555131022634
390,202611,0,0.14799136809318433
392,202611,0,0.11019955005362551
409,202611,0,0.1243906246005836
412,202611,0,0.06512265306798604
420,202611,0,0.15637847576123304
422,202611,0,0.10049866626441063
428,202611,0,0.12859364409722784
429,202611,0,0.039148262681338725
430,202611,0,0.12520633931503797
434,202611,0,0.06034657973727061
437,202611,0,0.14977758868810032
447,202611,0,0.059941781304787625
461,202611,1,0.14006107349573463
464,202611,0,0.04289032500076344
466,202611,0,0.1288717235674623
468,202611,0,0.2154068200104426
470,202611,0,0.13510053453947915
473,202611,0,0.1330324914419602
475,202611,0,0.060072689194083595
476,202611,0,0.14455853954624404
477,202611,1,0.11952794613373902
480,202611,0,0.05431670404365836
483,202611,0,0.1473346189289746
487,202611,0,0.16469499420736794
495,202611,0,0.13431095198930268
496,202611,0,0.13151333779706642
499,202611,0,0.11219567090917207
502,202611,0,0.05374170015596251
504,202611,0,0.12709745460499053
508,202611,0,0.06367916921818056
514,202611,0,0.1247772204341188
515,202611,0,0.14295700097040648
538,202611,0,0.11478814842212787
548,202611,0,0.11764868223925201
551,202611,0,0.12252863426735357
553,202611,0,0.11515889882060792
560,202611,0,0.05469677461567898
564,202611,0,0.10530887258535945
572,202611,0,0.05597268553961652
577,202611,0,0.05403334923225073
578,202611,0,0.22376534737763412
591,202611,0,0.052778659209872486
593,202611,0,0.11319837438781491
603,202611,1,0.12935272333946035
604,202611,0,0.12661767977754193
606,202611,0,0.129709560688362
614,202611,0,0.15039566977779498
616,202611,0,0.040289656668240345
622,202611,0,0.12129963563039946
626,202611,0,0.05238109218229379
632,202611,0,0.058423888385063995
637,202611,0,0.04931561640229256
640,202611,0,0.08709114635986566
644,202611,1,0.12625195751425716
647,202611,0,0.10961017722824408
648,202611,0,0.04285123055556587
653,202611,0,0.14190038961909116
654,202611,0,0.051186019552409506
659,202611,0,0.15153518110712705
661,202611,0,0.05667846248355644
670,202611,0,0.04870365211036911
671,202611,0,0.05129032744543008
673,202611,0,0.12699718757197923
674,202611,0,0.09465273771566467
679,202611,1,0.1266774517228652
682,202611,0,0.1231364615063783
683,202611,0,0.12953605413860456
687,202611,0,0.1442226485803516
688,202611,0,0.061520114867341685
689,202611,0,0.13704483013863297
701,202611,0,0.11788853156431607
705,202611,0,0.1368742753269871
707,202611,0,0.11443844505286267
710,202611,0,0.09922711676589208
714,202611,0,0.12801028649408672
716,202611,0,0.11840779239880202
717,202611,0,0.13729329540319354
721,202611,1,0.1547255088688827
729,202611,0,0.059324346509660314
732,202611,0,0.12358776731462266
734,202611,0,0.13816300334490714
736,202611,0,0.13792546463174174
740,202611,1,0.21207939422773653
742,202611,0,0.05394891633618391
750,202611,0,0.12685213201399917
764,202611,0,0.12125367803677575
767,202611,0,0.10765423686439408
768,202611,0,0.13841928794363995
773,202611,1,0.0512945711639677
774,202611,0,0.13492957905627528
777,202611,0,0.053877862134553714
778,202611,1,0.14169714971867994
784,202611,0,0.14222449293774753
785,202611,0,0.16211167121621495
786,202611,0,0.14162173457174448
787,202611,0,0.2550495285611036
788,202611,0,0.14592749123490015
790,202611,0,0.15384583746153319
794,202611,0,0.055341803504268074
796,202611,0,0.11678177792092546
802,202611,0,0.05998331559553297
812,202611,0,0.13917585956692374
814,202611,0,0.041218922480668156
816,202611,0,0.05575328391464593
817,202611,0,0.14417485855649417
834,202611,0,0.1288822211967667
835,202611,0,0.14682089851378957
836,202611,0,0.12201448441557054
837,202611,0,0.12849200231476526
840,202611,0,0.04505000364531039
841,202611,0,0.06089859242132159
850,202611,1,0.06680811773432856
854,202611,0,0.06464929707875128
857,202611,1,0.13787130582162452
858,202611,0,0.12148168781029609
859,202611,0,0.05422423106378624
864,202611,1,0.12396100682301993
883,202611,0,0.12078127983259104
887,202611,0,0.05471481390913726
902,202611,0,0.1331170105422048
912,202611,1,0.13983921746750494
913,202611,0,0.11935126229785532
915,202611,0,0.1064256334192976
916,202611,0,0.13540143962863097
917,202611,0,0.1193097999347458
918,202611,1,0.12594354564169824
924,202611,0,0.13078300463203937
929,202611,0,0.1409220355374875
933,202611,0,0.1288015041022251
934,202611,1,0.12167250935396744
936,202611,0,0.11966290985201508
941,202611,0,0.04736878011728056
946,202611,0,0.08316117054645002
948,202611,0,0.05745227242065113
952,202611,0,0.1241322595340425
959,202611,0,0.12822611702624837
963,202611,0,0.1448018651483014
965,202611,0,0.09274479752500053
970,202611,0,0.153320271048331
975,202611,0,0.15771240120812488
979,202611,0,0.1268672393935221
982,202611,0,0.08591495715626102
986,202611,0,0.05277132711240461
988,202611,1,0.16358407724987156
992,202611,0,0.13672873331627686
1003,202611,0,0.03768507770537755
1004,202611,0,0.13591473563601977
1007,202611,0,0.12790758273404024
1014,202611,0,0.10117467611729349
1017,202611,0,0.05747914031964225
1018,202611,0,0.1115869609953304
1022,202611,1,0.10919779722580174
1043,202611,0,0.061567022172192114
1046,202611,0,0.14655474037282673
1052,202611,0,0.11793059857762046
1061,202611,0,0.04791460685521299
1063,202611,0,0.14155148151205635
1064,202611,0,0.13404060978475002
1067,202611,0,0.121938807055339
1070,202611,0,0.07545791454680442
1075,202611,0,0.04782802184718542
1088,202611,1,0.13579160888752617
1105,202611,0,0.05098802452427077
1116,202611,0,0.19823942844780534
1117,202611,0,0.18466528895582895
1123,202611,0,0.12871283496335614
1125,202611,0,0.14330000815458724
1132,202611,0,0.11310448032902984
1139,202611,1,0.10773900129286378
1140,202611,1,0.15710919737817577
1160,202611,0,0.054148265457862534
1161,202611,0,0.14686934876900437
1165,202611,0,0.06486152127871184
1171,202611,0,0.209854451632068
1179,202611,1,0.05514298877102387
1181,202611,0,0.08334263726607054
1185,202611,0,0.12752711050588483
1186,202611,1,0.1109653856119803
1197,202611,0,0.13514956040158602
1202,202611,0,0.1440885657013816
1205,202611,0,0.04971021692683876
1206,202611,0,0.15177849784249672
1207,202611,1,0.18097307151365088
1213,202611,0,0.13465743076151063
1216,202611,0,0.062383437210754816
1228,202611,0,0.12893974431596233
1232,202611,0,0.11766634521092109
1238,202611,0,0.11575459759338495
1241,202611,0,0.06203531325019588
1244,202611,1,0.0912059944470466
1246,202611,0,0.10347547738646856
1247,202611,1,0.12372900303654044
1258,202611,0,0.08915761212190601
1263,202611,0,0.16470038602901657
1289,202611,0,0.13425442016154676
1292,202611,1,0.11370969361003547
1301,202611,0,0.15402966950320487
1302,202611,0,0.052946757917594886
1303,202611,0,0.14594687298870063
1308,202611,1,0.18179962343059528
1309,202611,1,0.1210643994519503
1312,202611,0,0.13493154437758828
1314,202611,0,0.13094019007843166
1322,202611,0,0.07846584077008194
1326,202611,0,0.050020548694984214
1328,202611,0,0.060752265696190286
1334,202611,0,0.11828798969648016
1336,202611,0,0.12546946503395773
1337,202611,0,0.04954225625523609
1338,202611,0,0.09074769942165278
1340,202611,0,0.14140536799092654
1352,202611,1,0.2217928531704963
1361,202611,0,0.15923037512130805
1365,202611,0,0.1725661468831657
1368,202611,0,0.2542596001875009
1370,202611,0,0.08165959828928245
1378,202611,0,0.13629576455890874
1379,202611,1,0.1467023097349509
1381,202611,0,0.13822094715891414
1388,202611,0,0.1278792416970626
1392,202611,1,0.1510422767416091
1393,202611,0,0.11080786456912942
1395,202611,0,0.12607469735622162
1400,202611,0,0.12228431356908434
1404,202611,0,0.05345698279737879
1405,202611,0,0.06171316027522447
1411,202611,0,0.14483063800776333
1414,202611,0,0.1362277030185393
1415,202611,0,0.05196660251651769
1420,202611,0,0.10946367967995724
1425,202611,0,0.08194593985898434
1434,202611,0,0.1953228771748856
1445,202611,1,0.12888785398082303
1453,202611,0,0.13291767675459099
1455,202611,0,0.21774425551861976
1459,202611,1,0.13814222848180485
1460,202611,0,0.1593758842897168
1465,202611,0,0.2432038392107903
1474,202611,0,0.1459322280523013
1475,202611,0,0.053645530793811444
1476,202611,0,0.06460420228536079
1477,202611,0,0.11369350546792928
1489,202611,0,0.0885127520133223
1495,202611,0,0.1214793449587605
1496,202611,0,0.0585268023254074
1501,202611,0,0.11806276754475663
1504,202611,0,0.053861942874275356
1506,202611,0,0.14151414213597427
1508,202611,1,0.12597990354241115
1516,202611,0,0.13349449009878842
1533,202611,1,0.12817668362063034
1535,202611,0,0.07938856203632227
1541,202611,0,0.05213998313515751
1546,202611,0,0.05653115403772657
1552,202611,0,0.05158934095653732
1558,202611,0,0.1267671603851547
1559,202611,0,0.11207348551747716
1564,202611,0,0.10494225003314027
1566,202611,0,0.11834086922884968
1567,202611,0,0.16082711877827863
1573,202611,0,0.16276574574481617
1576,202611,0,0.06638345988751725
1577,202611,0,0.061486313375384904
1578,202611,0,0.11313042791611624
1583,202611,1,0.1254025355671566
1586,202611,0,0.1235421551673792
1587,202611,0,0.07410291731519103
1589,202611,0,0.15492312457494792
1591,202611,0,0.12335819433158818
1592,202611,0,0.06044760601712909
1598,202611,0,0.05739975899709898
1602,202611,0,0.15061514678097335
1604,202611,0,0.06746872863270237
1606,202611,0,0.04896897420513414
1614,202611,0,0.044916071865596714
1615,202611,0,0.2039568907928142
1619,202611,0,0.12149703260651852
1623,202611,0,0.11963063567676234
1631,202611,0,0.1254752863803619
1639,202611,0,0.05319647533199524
1648,202611,0,0.046752228824539006
1653,202611,1,0.05277657983145461
1659,202611,0,0.12920278238464322
1669,202611,0,0.13482310361759858
1673,202611,0,0.12795246165028176
1678,202611,0,0.12311115939096824
1682,202611,0,0.23902898742662668
1683,202611,0,0.13528971124689004
1692,202611,0,0.12425733968514054
1693,202611,0,0.17209061537003886
1695,202611,0,0.1344922414404887
1698,202611,0,0.1492237540820401
1706,202611,0,0.23684996003185602
1707,202611,1,0.12625631938546167
1709,202611,0,0.12599574389587231
1710,202611,0,0.14224330887168807
1719,202611,0,0.1134564100052589
1720,202611,0,0.055904326710199084
1723,202611,1,0.14065983926079478
1726,202611,0,0.1280809369691971
1730,202611,0,0.11972773830682246
1732,202611,0,0.11321409451289345
1733,202611,0,0.12498910847950959
1736,202611,0,0.08935817723554595
1743,202611,0,0.13247837716189984
1751,202611,0,0.12689177238892144
1752,202611,0,0.13327189378280835
1754,202611,0,0.1507302460757249
1756,202611,0,0.06167295924860448
1760,202611,0,0.11420738885449493
1764,202611,1,0.16067368208470537
1765,202611,0,0.06861024788063931
1776,202611,0,0.11666393080654985
1778,202611,0,0.04939912450373616
1779,202611,0,0.1373334007172053
1781,202611,0,0.058033590076105396
1795,202611,0,0.15972775195565037
1808,202611,0,0.04234753012053548
1809,202611,0,0.14317933244339173
1814,202611,0,0.12140064564072987
1819,202611,1,0.12927465021416917
1821,202611,0,0.11631382373313714
1822,202611,0,0.11239974876459323
1824,202611,0,0.14429670515306575
1827,202611,0,0.1273093694687627
1834,202611,0,0.13542214476879458
1844,202611,0,0.1714687869394336
1851,202611,0,0.17015181612253033
1867,202611,0,0.13650977639221668
1869,202611,0,0.11374166346057597
1875,202611,0,0.23024278648434052
1882,202611,0,0.13455188231675946
1897,202611,0,0.11410445605845568
1910,202611,0,0.11190747900057384
1917,202611,0,0.14104464607199063
1918,202611,0,0.09774211486177904
1935,202611,0,0.11552607235085857
1936,202611,0,0.15764844752527088
1937,202611,0,0.0513900127562152
1944,202611,1,0.1226719375690289
1949,202611,0,0.14321089926185504
1950,202611,1,0.06668596491576376
1952,202611,0,0.04259245573869684
1955,202611,1,0.1458791404928608
1956,202611,0,0.13797504941761568
1969,202611,0,0.04551238916151764
1970,202611,0,0.11822005627208926
1971,202611,0,0.11795507705998605
1977,202611,0,0.15403591958972446
1982,202611,0,0.10969306829566722
1995,202611,0,0.11561813891015557
1996,202611,1,0.11957038624173769
2002,202611,0,0.13419250228645882
2004,202611,0,0.1251229905565711
2011,202611,0,0.1413448059702191
2013,202611,0,0.1389906617567081
2014,202611,0,0.1338127127724505
2018,202611,1,0.13254037556339363
2026,202611,0,0.11923980751174483
2040,202611,0,0.123781877249614
2043,202611,0,0.12991506822134877
2060,202611,0,0.12401959670382097
2069,202611,0,0.1132187818011311
2073,202611,0,0.08998054373250083
2075,202611,1,0.22192699464297141
2076,202611,0,0.03145658406843088
2082,202611,0,0.10521358303088951
2089,202611,0,0.051051064770509
2091,202611,0,0.14415128235788424
2103,202611,0,0.06711228967012207
2109,202611,0,0.05762855486088866
2112,202611,0,0.13245641050558926
2113,202611,0,0.1607060426329397
2119,202611,0,0.05405696718980973
2121,202611,0,0.13238868040381477
2125,202611,0,0.12976650008795954
2127,202611,0,0.23013169761379584
2128,202611,0,0.133506166613824
2132,202611,0,0.15765940065700235
2138,202611,1,0.1598757723333603
2142,202611,1,0.12712131322300502
2146,202611,0,0.1336900683801939
2148,202611,0,0.044208765965657704
2149,202611,0,0.15356941641132482
2156,202611,0,0.045598606093309506
2157,202611,0,0.14656693656196243
2159,202611,0,0.1272855343498478
2160,202611,0,0.11908244921065972
2169,202611,0,0.1552732867896471
2170,202611,0,0.0642955358162597
2180,202611,1,0.14353615417246748
2186,202611,0,0.06623322762895255
2188,202611,0,0.048150198221078945
2190,202611,0,0.1174059562235741
2197,202611,1,0.14683370866304932
2203,202611,0,0.11308866952316052
2204,202611,0,0.14314812568916224
2205,202611,0,0.1584698984672105
2207,202611,0,0.1372627617693337
2209,202611,0,0.06384687683985413
2211,202611,0,0.10443688884667861
2219,202611,1,0.14026249050873277
2220,202611,0,0.047787562878198436
2226,202611,0,0.1503872918192518
2229,202611,0,0.11241128873460995
2234,202611,0,0.13754800143972937
2237,202611,0,0.16190435364486586
2240,202611,0,0.10858195940647175
2249,202611,0,0.05139411655264034
2252,202611,0,0.14422040776202988
2264,202611,0,0.15751201957695135
2269,202611,0,0.15201167947080566
2272,202611,0,0.05877848647468793
2283,202611,0,0.10765955506232656
2284,202611,0,0.1304505068263816
2287,202611,0,0.15159679458855432
2290,202611,0,0.10547847036279966
2294,202611,1,0.136087871867846
2298,202611,0,0.05854141795860865
2328,202611,0,0.12873926256251772
2329,202611,0,0.1516642940657705
2330,202611,0,0.14815804814687866
2336,202611,0,0.11855081435240447
2338,202611,0,0.1327959099473108
2341,202611,0,0.19223419553424514
2353,202611,0,0.14315663487303965
2356,202611,0,0.06078275752300915
2366,202611,0,0.13063017596908227
2401,202611,0,0.12203893911241878
2404,202611,0,0.05049226122537273
2408,202611,0,0.11927939864499468
2409,202611,0,0.12393012464962927
2410,202611,0,0.1183285927002894
2415,202611,1,0.13456145896245453
2421,202611,0,0.22717725179308376
2425,202611,0,0.14763129317054924
2427,202611,0,0.16455744870206654
2429,202611,0,0.13986284930887252
2432,202611,0,0.13135623782783165
2435,202611,0,0.11074321724145447
2436,202611,0,0.132008309786809
2441,202611,1,0.15213355670662138
2447,202611,0,0.12111658990079464
2449,202611,0,0.05909329556594238
2454,202611,0,0.061410490949031504
2460,202611,0,0.07110815985073364
2466,202611,1,0.1589338112336445
2472,202611,0,0.14308880704065416
2479,202611,0,0.0935653825012632
2483,202611,0,0.1500183511711005
2484,202611,0,0.1451248890557096
2492,202611,0,0.16100283712499874
2493,202611,0,0.056386990214685295
2495,202611,0,0.1347804150506934
2498,202611,0,0.16354509877484688
2501,202611,0,0.12081044853958324
2507,202611,1,0.16966446743960395
2510,202611,0,0.13681403397946393
2512,202611,0,0.03655132587056053
2513,202611,1,0.14382405380211113
2516,202611,0,0.06195081168312042
2517,202611,0,0.12636397092525897
2534,202611,1,0.13468904848810384
2538,202611,0,0.0424810384956435
2544,202611,1,0.13215140034867656
2561,202611,0,0.12624663325919214
2563,202611,0,0.11967471465306559
2567,202611,0,0.12420536002811838
2569,202611,0,0.10482033255894047
2571,202611,1,0.1286698792074767
2576,202611,0,0.13047900434296
2588,202611,0,0.13780895226425074
2592,202611,0,0.042759064932903317
2593,202611,0,0.1395702139133619
2604,202611,0,0.12062954143211946
2613,202611,0,0.11168038660057121
2617,202611,1,0.13113264293225108
2620,202611,0,0.12710489255701524
2626,202611,0,0.05701611868701861
2628,202611,1,0.21655996653100074
2629,202611,0,0.05464471578985036
2634,202611,0,0.047943036195437896
2636,202611,1,0.11839246566771879
2637,202611,0,0.13782812694295984
2649,202611,0,0.14008795000259724
2653,202611,0,0.17159890204018421
2661,202611,0,0.12143416854557298
2662,202611,0,0.10326899286450068
2668,202611,0,0.0947982718477544
2673,202611,1,0.09807560829188738
2682,202611,1,0.1409907461811564
2684,202611,0,0.1281705808318119
2686,202611,0,0.10569468322393157
2706,202611,0,0.12493117870955214
2709,202611,0,0.12264218218266099
2710,202611,0,0.12451901911402824
2712,202611,0,0.09552627137072867
2717,202611,0,0.11653553446204781
2718,202611,0,0.14476243000769143
2720,202611,0,0.10920909581528473
2726,202611,0,0.15082113540351977
2732,202611,0,0.13976391614176925
2735,202611,0,0.1399161565052219
2736,202611,0,0.11435961614991416
2754,202611,0,0.12736837087783257
2755,202611,0,0.061471072824900184
2758,202611,0,0.1222712169116588
2759,202611,0,0.06158060141929247
2768,202611,0,0.15725234661974694
2769,202611,0,0.13047689160531104
2770,202611,0,0.13182615066482908
2776,202611,0,0.04732641360378652
2779,202611,0,0.210166365513168
2782,202611,1,0.11154368313153974
2790,202611,0,0.04906930395871306
2794,202611,0,0.12461953626385082
2796,202611,0,0.0581158350665652
2801,202611,0,0.12691465390630013
2807,202611,1,0.12737153453479608
2810,202611,0,0.09754201014230261
2811,202611,1,0.058117056755560934
2813,202611,0,0.14016977881363712
2820,202611,0,0.1385776841724666
2822,202611,0,0.1464778634227278
2830,202611,0,0.12838463832629904
2831,202611,0,0.15481978816951336
2835,202611,0,0.14096330146471148
2837,202611,0,0.15291957447967663
2852,202611,0,0.14714004190231103
2861,202611,0,0.11817608523309783
2864,202611,0,0.05387693410016302
2868,202611,1,0.13645974970653377
2869,202611,0,0.052336775481207985
2870,202611,0,0.2865418985151048
2883,202611,0,0.058212874229438154
2888,202611,1,0.041741172275303766
2890,202611,0,0.04726815945824875
2891,202611,1,0.3318958301143949
2892,202611,0,0.04732870377239902
2895,202611,0,0.16499820395024778
2908,202611,0,0.1337842502287949
2911,202611,0,0.03870581049303562
2918,202611,0,0.1164428456611118
2923,202611,1,0.11395699010636173
2931,202611,0,0.14828618098570023
2936,202611,0,0.1352892774939594
2938,202611,0,0.21854479214117323
2940,202611,0,0.1460512585680832
2942,202611,0,0.12944821028819406
2943,202611,0,0.04452201312023405
2945,202611,0,0.14473907918457626
2949,202611,0,0.05014555638077822
2959,202611,0,0.12927557944377652
2966,202611,0,0.1658104394489852
2969,202611,0,0.14186326311059427
2970,202611,0,0.1275881716505541
2975,202611,0,0.11796793373976862
2976,202611,0,0.1233969780149066
2987,202611,0,0.1107934196868889
2993,202611,0,0.05376730861553673
2995,202611,0,0.06069168170993611
2998,202611,0,0.04922053353927953
3002,202611,0,0.13004689485521684
3004,202611,0,0.12058893383048924
3008,202611,0,0.14852798510600732
3010,202611,0,0.132433033548706
3019,202611,0,0.05612967351332717
3020,202611,1,0.13466400293124156
3027,202611,0,0.060295660751463316
3030,202611,0,0.16862010849568965
3031,202611,0,0.1341118250549129
3037,202611,0,0.13441109862744713
3038,202611,0,0.11036193190395809
3039,202611,0,0.07167872054914991
3043,202611,0,0.12133433856225569
3048,202611,0,0.0531313192994329
3049,202611,0,0.13308522386821897
3050,202611,1,0.12193539526013315
3053,202611,0,0.04735688039857178
3054,202611,0,0.06342313693746653
3056,202611,0,0.11773716557371913
3069,202611,0,0.24075931207512777
3071,202611,0,0.15117189021648153
3072,202611,0,0.1284141901654418
3075,202611,0,0.13737487023032027
3078,202611,0,0.11498439170488169
3080,202611,0,0.11630986936087145
3089,202611,1,0.20368851565034193
3104,202611,0,0.12193083026978535
3109,202611,0,0.15758151946200985
3125,202611,1,0.11037629435440156
3126,202611,0,0.0908841308339284
3134,202611,1,0.12917750605915498
3137,202611,0,0.05692873255333663
3139,202611,0,0.10341811334249064
3142,202611,0,0.1407262378385937
3147,202611,0,0.05170772769345801
3160,202611,1,0.1057644329193499
3168,202611,0,0.11439975712978324
3169,202611,0,0.14831228334229266
3172,202611,0,0.09979437137747042
3174,202611,0,0.12671635789000663
3176,202611,1,0.049138704964368764
3178,202611,0,0.16203538381148072
3179,202611,0,0.05206064773970475
3181,202611,0,0.1186784291214545
3190,202611,0,0.12133418437428244
3192,202611,0,0.1586369808077569
3196,202611,0,0.15447777101763394
3197,202611,0,0.16304833484502593
3206,202611,0,0.13664399254067225
3208,202611,0,0.06166711939557648
3210,202611,0,0.10326320636689378
3214,202611,0,0.20148053971296864
3217,202611,1,0.13528222907683227
3220,202611,0,0.08122851339312169
3223,202611,1,0.17590819909405875
3228,202611,0,0.05772880989894014
3232,202611,0,0.11540015128265671
3246,202611,1,0.09866281690664361
3247,202611,0,0.12463220590386492
3253,202611,0,0.057571352260604995
3256,202611,0,0.059745783854485535
3257,202611,0,0.12156514447344831
3262,202611,0,0.10730357539720596
3265,202611,1,0.1363751985418986
3269,202611,0,0.056193246372102434
3276,202611,0,0.06697212866564042
3279,202611,0,0.23200023180207674
3282,202611,0,0.10138706544090041
3284,202611,0,0.06364371583724777
3285,202611,0,0.1395496758695997
3295,202611,0,0.13668644083043177
3297,202611,0,0.08858437996249409
3298,202611,0,0.12400705203440984
3303,202611,1,0.12706316718351046
3309,202611,1,0.13467086197579797
3311,202611,0,0.05259537032821711
3312,202611,1,0.13601211525144014
3313,202611,0,0.1495574478308653
3321,202611,0,0.10948149199766032
3322,202611,1,0.11880128856400765
3325,202611,0,0.12716552619345312
3329,202611,0,0.20643138102863798
3345,202611,0,0.15903204180985994
3347,202611,0,0.11401918922038794
3349,202611,0,0.12962972979034054
3350,202611,0,0.08651036572769019
3354,202611,0,0.14049057856966715
3356,202611,0,0.22686979388185724
3363,202611,0,0.13074389653373247
3372,202611,0,0.10014444114030131
3376,202611,0,0.10805422603288152
3380,202611,0,0.11190807726875074
3383,202611,0,0.13221589664518552
3385,202611,0,0.12365241729209407
3387,202611,0,0.13324508332241494
3395,202611,0,0.056791215933060926
3396,202611,0,0.047788811353981095
3397,202611,0,0.11632800602778647
3411,202611,0,0.07906041647808826
3413,202611,0,0.04651353783658014
3415,202611,0,0.10521743246755721
3420,202611,1,0.1293720229553703
3444,202611,0,0.12932103918592155
3446,202611,0,0.1414690599865282
3447,202611,0,0.05728169033411754
3448,202611,0,0.1096841263649792
3454,202611,0,0.05106102947566869
3466,202611,0,0.12772589525120154
3471,202611,0,0.1543220903009604
3474,202611,0,0.05018745370997552
3488,202611,0,0.15292692282752532
3496,202611,0,0.06275298958262986
3498,202611,0,0.14625448084543352
3499,202611,1,0.10076441581562834
3508,202611,0,0.11473206206470232
3511,202611,0,0.0630724077356234
3514,202611,0,0.08962030831647215
3524,202611,0,0.07786685221724472
3526,202611,0,0.0894572640077884
3529,202611,0,0.06949749219487986
3552,202611,0,0.055531344071215245
3561,202611,0,0.05184117696890799
3564,202611,0,0.19834056361553173
3566,202611,0,0.050383352449019134
3576,202611,0,0.15493979763184926
3581,202611,0,0.04800697231661779
3582,202611,0,0.13005105798647262
3583,202611,0,0.20987062298931883
3587,202611,0,0.12988581694774393
3589,202611,0,0.1473373290865398
3590,202611,0,0.10634261658978143
3592,202611,0,0.1383934782685151
3594,202611,0,0.05507223933158528
3598,202611,0,0.12644770007935197
3602,202611,1,0.14515973203607546
3605,202611,0,0.1411202003368074
3607,202611,1,0.13195196475280718
3608,202611,0,0.16844259580449855
3610,202611,0,0.1392016880764704
3619,202611,0,0.10447520167359964
3621,202611,1,0.047796962708612035
3622,202611,0,0.1070995763062559
3623,202611,0,0.2043173977771005
3628,202611,0,0.12809605472746396
3629,202611,0,0.13491357894551206
3647,202611,0,0.04578844525677559
3653,202611,0,0.16057670450682063
3657,202611,0,0.1426055820037968
3658,202611,0,0.09672823030399902
3661,202611,0,0.05701985997763594
3665,202611,0,0.13415878292828692
3668,202611,0,0.047888358119109485
3670,202611,0,0.08836446234007113
3672,202611,0,0.049794197663166874
3675,202611,0,0.11040545197853449
3680,202611,0,0.058102682008796584
3697,202611,0,0.0665235968512332
3698,202611,0,0.04752106828563432
3699,202611,0,0.1444362812313778
3703,202611,0,0.04559947810930822
3711,202611,0,0.1363973894571895
3712,202611,0,0.14890873859058917
3716,202611,0,0.13502467418261424
3717,202611,0,0.14090374269051809
3721,202611,0,0.14997820772448323
3725,202611,1,0.08655856033445819
3726,202611,0,0.13723667717149307
3735,202611,0,0.14732175300264375
3736,202611,0,0.20756863955004204
3740,202611,0,0.11533314421767267
3743,202611,1,0.20620443261221127
3746,202611,1,0.12486818355850365
3748,202611,0,0.11406899127488186
3751,202611,0,0.08416880433695395
3753,202611,0,0.0989234691003375
3754,202611,0,0.08788085499080181
3755,202611,0,0.057072989742629025
3764,202611,0,0.09836878218222063
3768,202611,0,0.1262571982764772
3781,202611,0,0.13155129621216688
3782,202611,0,0.14851969737561732
3787,202611,0,0.06905877369450876
3796,202611,1,0.1317168983958978
3800,202611,0,0.1298940219135087
3804,202611,0,0.05767230212518493
3820,202611,0,0.14249324783448045
3821,202611,0,0.15930134583435615
3824,202611,0,0.0968624347286073
3825,202611,0,0.13492999787266902
3826,202611,0,0.16513198455315936
3831,202611,0,0.10511915238705544
3834,202611,0,0.11395666872920444
3835,202611,0,0.13651791513515782
3836,202611,0,0.12163363121030522
3840,202611,0,0.09353508020112618
3841,202611,0,0.14875716745574863
3842,202611,1,0.12763867691905603
3847,202611,1,0.1063659344485046
3848,202611,0,0.1655943320268594
3863,202611,0,0.145483228429727
3869,202611,0,0.11392736950007121
3875,202611,0,0.12312306044869614
3876,202611,1,0.14060039027446222
3877,202611,0,0.22660300206144154
3878,202611,0,0.150644720493861
3879,202611,0,0.14896370310183887
3881,202611,0,0.15249905550687867
3882,202611,0,0.05888768709786792
3887,202611,0,0.12128692105727641
3890,202611,0,0.11371461284309749
3897,202611,1,0.12480980655145747
3904,202611,0,0.05262827514518926
3905,202611,0,0.24888502006382807
3908,202611,0,0.1509060022986145
3917,202611,0,0.16349978656156683
3927,202611,0,0.15052752502802783
3931,202611,0,0.16236602845027023
3938,202611,0,0.16053978797891724
3944,202611,0,0.1574093263838691
3947,202611,0,0.10244922611873689
3950,202611,0,0.13969510373162544
3971,202611,0,0.11422766329096641
3982,202611,0,0.06724339016028778
3988,202611,1,0.21589745018554635
3991,202611,0,0.05111837170496205
3992,202611,0,0.10998730159270034
3997,202611,0,0.10624540462014982
4005,202611,0,0.052433903630373396
4008,202611,0,0.1187562563327022
4016,202611,0,0.055876620312720664
4018,202611,0,0.11895728551873927
4020,202611,0,0.14195779328670596
4027,202611,0,0.06422847303021802
4038,202611,0,0.11353571369957835
4044,202611,1,0.1400310781718278
4045,202611,0,0.11156327737428362
4048,202611,0,0.13069294795878791
4051,202611,0,0.11339024716416811
4054,202611,0,0.13030464483257143
4055,202611,0,0.1176935254025391
4065,202611,0,0.11452909451445628
4066,202611,0,0.12810566427191067
4067,202611,1,0.10224462489424818
4073,202611,0,0.08722589074653142
4079,202611,0,0.05069171168309806
4084,202611,0,0.08826178479909964
4087,202611,0,0.16405939957759016
4089,202611,0,0.04942273399877899
4091,202611,0,0.23401182439536966
4092,202611,0,0.11219252199346168
4102,202611,0,0.23502653654964276
4108,202611,0,0.15786305860624644
4113,202611,0,0.16356804737398986
4116,202611,0,0.1517669093637927
4117,202611,0,0.03924420990481337
4122,202611,1,0.04485078074175712
4124,202611,0,0.13698704016824273
4125,202611,0,0.11923547046438149
4128,202611,0,0.1405347600629641
4129,202611,0,0.1397654753477569
4130,202611,0,0.13109076602111377
4134,202611,0,0.13061296687492016
4141,202611,1,0.1440106621787781
4142,202611,1,0.11322302824528412
4144,202611,0,0.1296850378781967
4147,202611,0,0.2198158462387621
4150,202611,0,0.044975761107857275
4158,202611,0,0.15917478671337723
4162,202611,0,0.13602355787849651
4163,202611,0,0.11746833185682537
4166,202611,0,0.054988102863401826
4167,202611,0,0.11760980481284025
4168,202611,0,0.12504724030109332
4175,202611,0,0.05742840661724913
4179,202611,0,0.06596250142592759
4180,202611,0,0.13104002800944517
4189,202611,0,0.13409789547213408
4192,202611,0,0.1366286215981774
4195,202611,0,0.13075827232040732
4197,202611,0,0.1453617649214023
4198,202611,0,0.12649829986565359
4202,202611,0,0.11358765893388055
4208,202611,0,0.12623527089507056
4222,202611,0,0.13813468325382558
4225,202611,0,0.054143902720466895
4227,202611,0,0.12864823923381524
4229,202611,0,0.12244092817079869
4230,202611,0,0.1341298106725143
4234,202611,1,0.14082533560506588
4236,202611,1,0.13973084352826037
4244,202611,0,0.22940811157848154
4247,202611,0,0.129546797785668
4249,202611,0,0.13293448394173682
4258,202611,0,0.13879156139787838
4266,202611,0,0.16216234718433453
4283,202611,0,0.09462428942951483
4286,202611,0,0.10648496941790553
4287,202611,0,0.10233779624161382
4289,202611,0,0.10317201829748353
4291,202611,0,0.16366625324800813
4292,202611,0,0.14188389647047386
4295,202611,1,0.13294120351333985
4296,202611,0,0.05682149838522132
4309,202611,0,0.05591438747568735
4323,202611,0,0.16126845031552206
4324,202611,0,0.13072002117820616
4327,202611,0,0.1091637983053952
4328,202611,0,0.12334049777821891
4330,202611,0,0.061561189223710816
4334,202611,0,0.07090080066525445
4338,202611,0,0.05307584470922601
4341,202611,0,0.13530105339120121
4343,202611,0,0.2012068420933536
4349,202611,0,0.049035525813976334
4366,202611,0,0.10390108307194
4367,202611,0,0.055624747740201166
4373,202611,0,0.09862949784375365
4374,202611,0,0.1819048834696841
4377,202611,1,0.12777548810420786
4384,202611,0,0.14386518204871962
4390,202611,0,0.11402599034707474
4403,202611,0,0.12857903264074586
4409,202611,0,0.09221255898904712
4410,202611,1,0.13724095622069965
4419,202611,0,0.15707350684207777
4427,202611,0,0.0923331988719613
4428,202611,0,0.14375323865243264
4429,202611,0,0.14153381468324988
4430,202611,0,0.031095655638751222
4431,202611,0,0.11421135657807958
4433,202611,0,0.0513975541875548
4434,202611,0,0.1381489322025088
4442,202611,0,0.05297321539251386
4444,202611,0,0.1070547199250625
4453,202611,1,0.16008129203030735
4456,202611,0,0.07609165025751478
4457,202611,0,0.11317366427782209
4459,202611,0,0.12465657985698045
4463,202611,0,0.1475186700321199
4465,202611,0,0.15467157315635646
4466,202611,0,0.06102524215270597
4469,202611,0,0.07912968270016761
4485,202611,1,0.21615300855954167
4486,202611,0,0.11999738845238259
4488,202611,0,0.12972853238907836
4490,202611,0,0.11210272980352158
4492,202611,0,0.12852132626058177
4498,202611,1,0.11605614498792009
4500,202611,0,0.06348130959358413
4502,202611,0,0.13136564736360573
4507,202611,0,0.1293250383708496
4511,202611,0,0.14374682388221308
4512,202611,0,0.10590103954662365
4516,202611,0,0.1197888357209135
4520,202611,0,0.11458326116402313
4524,202611,1,0.1395013202225535
4536,202611,0,0.10642282292112046
4538,202611,0,0.054846722743496626
4549,202611,0,0.05807540642323947
4550,202611,1,0.04927364588626471
4554,202611,0,0.13391231403833137
4561,202611,0,0.13832146065450163
4564,202611,0,0.11535877233707402
4566,202611,0,0.13372216943088217
4568,202611,0,0.15393020901667126
4579,202611,1,0.13256520104488026
4580,202611,0,0.13766865604347858
4586,202611,0,0.050468064213493743
4594,202611,0,0.1304951829150096
4598,202611,0,0.1074508550992141
4602,202611,0,0.12889928682055812
4609,202611,0,0.16014440772933455
4610,202611,0,0.11309893128112386
4611,202611,0,0.10460575775885354
4619,202611,0,0.16076597308869922
4624,202611,0,0.1518929142738483
4627,202611,0,0.11106815023472608
4628,202611,1,0.11446575600279627
4631,202611,0,0.10480750217132538
4632,202611,0,0.12783721229102257
4634,202611,1,0.13249183537442355
4635,202611,0,0.05748358801832518
4637,202611,0,0.1422009979735587
4641,202611,0,0.1337943194063574
4643,202611,0,0.06852990449350506
4660,202611,0,0.05614379658987576
4665,202611,0,0.1351782831360911
4667,202611,0,0.056809877500668925
4668,202611,0,0.13300894836751234
4670,202611,0,0.14042262007877293
4674,202611,0,0.04543048237083929
4676,202611,0,0.1245586929496951
4683,202611,0,0.13686297869238143
4684,202611,0,0.05029432560441926
4687,202611,0,0.12450675600695811
4694,202611,1,0.13680313846548622
4704,202611,0,0.13986780485520334
4706,202611,0,0.12620719088758112
4732,202611,0,0.14211053756768643
4734,202611,0,0.1434907635503217
4735,202611,0,0.11006926184543142
4744,202611,0,0.05064598369895487
4755,202611,0,0.10218498913337026
4756,202611,1,0.12400863844447511
4759,202611,0,0.054931332314756234
4762,202611,0,0.04410182541456782
4763,202611,1,0.110291986881458
4765,202611,0,0.14263859631461018
4767,202611,0,0.12757906796796
4770,202611,1,0.12100078131577748
4775,202611,0,0.11841582440494604
4780,202611,0,0.16328913171765413
4788,202611,1,0.15177022474814753
4789,202611,0,0.12562590883185412
4792,202611,1,0.04882951870549619
4794,202611,0,0.13469516011500582
4795,202611,0,0.11538271185494067
4797,202611,0,0.13183087127625343
4803,202611,0,0.049353667495357516
4805,202611,1,0.137322403586727
4810,202611,0,0.14275890465327956
4812,202611,0,0.1633297314092889
4814,202611,0,0.12274182164254616
4818,202611,0,0.1252699023910518
4820,202611,0,0.04832234102136128
4822,202611,0,0.1267845003997656
4827,202611,0,0.1020153876661547
4828,202611,0,0.06087252950792968
4831,202611,0,0.05601625939116587
4839,202611,0,0.1331256860345158
4841,202611,0,0.1062648730036266
4842,202611,0,0.06999722827540496
4844,202611,0,0.12301694813882369
4852,202611,0,0.04953215917887632
4861,202611,0,0.0668333745420559
4863,202611,0,0.23354839297036628
4868,202611,1,0.1180684680438764
4878,202611,0,0.11576658739934532
4881,202611,0,0.1257451721317445
4883,202611,0,0.1626595124367293
4884,202611,0,0.13076708007402488
4890,202611,0,0.1283209397146215
4894,202611,0,0.041327272928469605
4895,202611,0,0.13742820606250744
4898,202611,0,0.11655537436802463
4899,202611,0,0.04371694837043769
4900,202611,1,0.12202347760058828
4901,202611,0,0.07442667421539045
4902,202611,0,0.04179810479333498
4912,202611,1,0.12074653968109181
4918,202611,1,0.11003954154059709
4919,202611,0,0.11342785148171096
4934,202611,0,0.056622127386559126
4937,202611,0,0.11669155078415193
4939,202611,0,0.05463496698071808
4941,202611,1,0.13996970795778335
4945,202611,0,0.06179011778251911
4950,202611,1,0.04773024350319065
4952,202611,0,0.09764711474994833
4953,202611,0,0.13850917407608945
4954,202611,0,0.12772044011880576
4955,202611,0,0.12042245524443936
4956,202611,1,0.14698349484578602
4957,202611,1,0.15926487829647348
4967,202611,0,0.05094380965504612
4970,202611,0,0.15250615006445173
4971,202611,1,0.1162019482654644
4979,202611,0,0.13144710606040227
4983,202611,0,0.12509901026986722
4989,202611,0,0.1162410908263663
4995,202611,0,0.13143497518626113
5002,202611,1,0.08774344232305314
5004,202611,0,0.16273572862781954
5007,202611,0,0.12701773621286547
5009,202611,0,0.04988319566862652
5010,202611,0,0.11230308667520283
5016,202611,0,0.13874174861029032
5033,202611,0,0.04974858102829246
5038,202611,0,0.04720932562638808
5041,202611,1,0.13655340544537217
5045,202611,0,0.09784829430938456
5049,202611,0,0.04674670057779399
5050,202611,1,0.14242634172179366
5051,202611,0,0.057619956000342934
5055,202611,0,0.12674540485960437
5058,202611,0,0.0631474525684771
5059,202611,0,0.047604634731675435
5072,202611,1,0.12044386473661883
5073,202611,0,0.13082766338036808
5074,202611,0,0.2286316960577736
5076,202611,0,0.1359824576399927
5078,202611,0,0.056976855928863146
5081,202611,0,0.1110203986394232
5082,202611,0,0.13064662773158112
5084,202611,0,0.03914238405667761
5092,202611,1,0.1265262189468622
5105,202611,0,0.12290292733161395
5107,202611,0,0.1356942548632932
5111,202611,0,0.08022959313917229
5120,202611,0,0.056988949743830175
5121,202611,0,0.10676692958622257
5123,202611,0,0.12308607937564725
5141,202611,0,0.12260467878478905
5144,202611,0,0.1464778730924806
5147,202611,0,0.1515968727329456
5149,202611,0,0.044378859039049895
5152,202611,0,0.05249659150596961
5160,202611,0,0.1368614140051099
5170,202611,0,0.12612818665104675
5171,202611,0,0.15297618342452562
5176,202611,0,0.16025080595059968
5178,202611,0,0.16769350959992416
5189,202611,1,0.16274674953399518
5192,202611,0,0.04693265525367249
5195,202611,0,0.06485808401218283
5204,202611,0,0.1337099664890987
5208,202611,0,0.12733962411960614
5211,202611,0,0.09539393279383729
5216,202611,0,0.048470386236707325
5217,202611,0,0.12103820373639651
5222,202611,1,0.2236630025921892
5225,202611,0,0.13898861834144674
5228,202611,0,0.13837506278137282
5239,202611,0,0.03548521139507636
5241,202611,0,0.06764437391460147
5242,202611,1,0.17636374869874477
5243,202611,0,0.1282341961049927
5246,202611,0,0.13788720531556656
5247,202611,0,0.17196534085353016
5248,202611,1,0.14098174556367468
5249,202611,0,0.05706602139090667
5251,202611,0,0.16200784913988525
5255,202611,0,0.140762518535427
5257,202611,0,0.15788548115009465
5259,202611,0,0.07761535899605011
5260,202611,0,0.15105666857663982
5269,202611,0,0.1264787163535999
5273,202611,1,0.04666253196220044
5281,202611,0,0.14145662323467836
5284,202611,0,0.16713092949892264
5286,202611,0,0.06790331812043879
5292,202611,0,0.05980741053938167
5293,202611,0,0.1124823619860643
5299,202611,0,0.11281655229155202
5301,202611,0,0.11529484796233247
5303,202611,0,0.08606292658708505
5305,202611,0,0.13513512171089942
5315,202611,1,0.118283644718971
5319,202611,0,0.09889693493327144
5325,202611,0,0.06136901316884095
5331,202611,0,0.11865756296556522
5333,202611,0,0.08490526593691435
5335,202611,0,0.12825817251505736
5339,202611,0,0.0850331269549897
5340,202611,0,0.11213238840714859
5341,202611,0,0.11481338750420625
5343,202611,0,0.08862151706122762
5347,202611,0,0.16029988175579107
5353,202611,0,0.12394291479870453
5355,202611,0,0.12290370581470379
5359,202611,1,0.1417424598264073
5363,202611,0,0.1258910433012327
5365,202611,0,0.13101724376054114
5373,202611,0,0.10270687014160297
5377,202611,0,0.14739317634566648
5379,202611,0,0.05528398285923566
5385,202611,0,0.13473033400216938
5386,202611,0,0.045121760190675986
5387,202611,0,0.13340726518811663
5389,202611,0,0.04874623001230814
5390,202611,0,0.06317889045084735
5396,202611,0,0.06336394080100412
5397,202611,0,0.05046160516821731
5404,202611,0,0.12255899865260013
5407,202611,0,0.1346752805973071
5410,202611,0,0.04272644441958036
5411,202611,0,0.05928697354814688
5412,202611,0,0.10007498085693664
5413,202611,0,0.0488922256204895
5417,202611,1,0.1570018711960344
5418,202611,0,0.15221684283690703
5424,202611,0,0.11549538104506583
5425,202611,1,0.20835686068131443
5427,202611,0,0.15407646295000266
5428,202611,0,0.12191754890581188
5429,202611,1,0.1709022999616503
5433,202611,0,0.13261670189127242
5434,202611,1,0.05349249785774196
5440,202611,1,0.15588194720260656
5441,202611,0,0.14299918768051653
5448,202611,0,0.14025594004862846
5456,202611,0,0.14356920511435697
5460,202611,0,0.03983864378374479
5465,202611,0,0.150148215780251
5468,202611,0,0.05010375140382864
5470,202611,0,0.12972780929784658
5475,202611,0,0.11591790392006389
5487,202611,0,0.1509267949059676
5501,202611,0,0.0652205951095696
5504,202611,0,0.11537482740392149
5508,202611,0,0.1452707304833453
5510,202611,0,0.10089589671334293
5514,202611,0,0.05332715330299643
5528,202611,0,0.14478652505816061
5540,202611,0,0.11272121517151722
5543,202611,0,0.12283248103833334
5545,202611,0,0.12568797188315292
5546,202611,0,0.09095941424693209
5548,202611,0,0.06486971408089755
5551,202611,0,0.26141172442063887
5553,202611,0,0.12436143158020871
5556,202611,0,0.13984529030268306
5560,202611,0,0.13568163228122412
5563,202611,0,0.13013455507432342
5569,202611,0,0.05152056775153698
5572,202611,0,0.052564892539114866
5576,202611,0,0.0468660718372988
5582,202611,0,0.11809079842439535
5586,202611,0,0.05426948761224271
5598,202611,0,0.05211974001151283
5605,202611,0,0.13227035265255238
5608,202611,0,0.13226844623006015
5609,202611,1,0.1618577580769036
5610,202611,0,0.12382608486931981
5622,202611,0,0.07643596791565312
5628,202611,0,0.12271347541510931
5632,202611,0,0.12162416831613605
5635,202611,1,0.1180043219752129
5640,202611,0,0.04492206329847638
5641,202611,0,0.08485760773489706
5647,202611,0,0.0464017193979008
5654,202611,0,0.15637288547647807
5662,202611,1,0.1339500080535805
5665,202611,0,0.14198853676330464
5667,202611,0,0.1316464047812069
5674,202611,0,0.07173164592261434
5691,202611,0,0.13444564586380733
5694,202611,0,0.11949317194105395
5706,202611,0,0.13452413835538238
5708,202611,1,0.11492802337701698
5716,202611,0,0.06463079266923333
5722,202611,0,0.060992298071436635
5738,202611,0,0.13139153206558177
5745,202611,0,0.1336152362864337
5746,202611,0,0.11559073248193168
5755,202611,0,0.13890302323330664
5756,202611,0,0.05355252652727869
5760,202611,0,0.14795650706635444
5761,202611,0,0.1284851767496039
5762,202611,0,0.05301023249514613
5763,202611,0,0.05268890329075882
5765,202611,0,0.15597996208022255
5766,202611,1,0.14454246351113578
5773,202611,0,0.1325692724403131
5775,202611,1,0.1453795598941024
5781,202611,0,0.12073892932858886
5786,202611,0,0.129055131879523
5789,202611,0,0.14055050174816158
5799,202611,1,0.12275965161280164
5802,202611,0,0.11843053452868905
5808,202611,0,0.13679485663048746
5811,202611,0,0.12166250828108109
5812,202611,0,0.22823607663574536
5813,202611,0,0.1282052119331289
5821,202611,0,0.1393716107721719
5829,202611,0,0.17452637359111164
5836,202611,1,0.13054189104940395
5838,202611,0,0.12688870480120815
5840,202611,1,0.14153354851772454
5842,202611,0,0.14107666347570455
5844,202611,1,0.14562287643146074
5861,202611,0,0.1156591111316004
5864,202611,0,0.13208134341603964
5865,202611,1,0.14683222532517243
5871,202611,0,0.15670990710632515
5875,202611,0,0.129815550609301
5877,202611,1,0.049360332490444296
5879,202611,0,0.14990101476828913
5881,202611,0,0.12745070669564362
5888,202611,1,0.20463544424249375
5891,202611,0,0.05004766341165358
5900,202611,1,0.14973668257128475
5903,202611,0,0.03490956817587852
5909,202611,0,0.12333938477042317
5914,202611,0,0.17202194103221705
5918,202611,0,0.12394981217007092
5933,202611,0,0.05306655983837613
5945,202611,0,0.052256916333856165
5948,202611,0,0.05686772673026626
5949,202611,0,0.04427632409014349
5950,202611,0,0.1364544306779991
5952,202611,0,0.15195928198096212
5955,202611,0,0.15202387775526782
5959,202611,0,0.15172294350224577
5961,202611,0,0.14490586560246618
5964,202611,0,0.07199062197852635
5966,202611,0,0.1627323921373162
5978,202611,0,0.11985818468996959
5980,202611,0,0.11069535441643177
5983,202611,0,0.15163351402660136
5985,202611,0,0.12369785020173281
5995,202611,0,0.13624926408039872
6009,202611,0,0.1439835765986405
6013,202611,1,0.2676754164322531
6016,202611,0,0.08501078569244852
6021,202611,0,0.12945014267153868
6023,202611,0,0.1307574554808598
6029,202611,0,0.12116475807907987
6033,202611,0,0.12533507487095202
6036,202611,0,0.054306358663829095
6039,202611,0,0.111615086078972
6046,202611,0,0.19544247999867467
6047,202611,0,0.10214054976394972
6048,202611,1,0.12137356858533564
6050,202611,1,0.16226680308503463
6051,202611,0,0.11397988399125152
6054,202611,0,0.05128884740573261
6061,202611,0,0.14014149004622764
6062,202611,1,0.06359498900509274
6065,202611,0,0.1164418843209372
6068,202611,0,0.0945894284548375
6069,202611,0,0.20881636608520998
6070,202611,0,0.14107246147803643
6072,202611,0,0.08045059140837305
6076,202611,0,0.13632729600704663
6082,202611,0,0.05767372488489194
6104,202611,0,0.12228462105480643
6110,202611,0,0.12729639282063754
6122,202611,0,0.11680001393145828
6123,202611,0,0.14601644672584477
6126,202611,0,0.04893214226761858
6128,202611,0,0.13610560980512043
6131,202611,0,0.060000935379974044
6139,202611,0,0.10743992127380078
6140,202611,0,0.16349198084867375
6142,202611,0,0.2434020122311528
6143,202611,0,0.09689260613698514
6147,202611,0,0.1427184499529257
6152,202611,0,0.17182274892228663
6164,202611,0,0.11494079541436975
6171,202611,0,0.16907744076937611
6173,202611,0,0.1263492639070742
6175,202611,0,0.16196729264984303
6176,202611,0,0.05629696014003345
6179,202611,0,0.13667296914400606
6181,202611,0,0.11171563455603455
6184,202611,1,0.052029243114652
6191,202611,0,0.07313578840941279
6195,202611,1,0.21632707950216506
6200,202611,0,0.11412261592863415
6201,202611,0,0.14299866988683074
6206,202611,1,0.12300134136925794
6208,202611,0,0.14611597711701899
6219,202611,0,0.13026616231610025
6223,202611,0,0.05793586464447455
6224,202611,0,0.14456739496259916
6237,202611,0,0.06510711002001827
6255,202611,0,0.10474682021037807
6264,202611,1,0.15877357040598594
6265,202611,0,0.13431045042792986
6273,202611,0,0.11412182575381909
6275,202611,1,0.15303721316246283
6279,202611,0,0.11926539969019526
6284,202611,0,0.14036703390810545
6295,202611,0,0.12297487285797228
6297,202611,1,0.05804231026434978
6306,202611,0,0.05024449754595701
6311,202611,0,0.20704435013924816
6327,202611,0,0.10327121471332028
6330,202611,0,0.11557444111371556
6338,202611,0,0.1243320858959589
6343,202611,0,0.1535735450993368
6345,202611,0,0.21485452952614778
6349,202611,1,0.18815335189724255
6351,202611,0,0.10774808288083468
6357,202611,0,0.06780463924480494
6360,202611,0,0.1253714081241179
6389,202611,0,0.04719316876045713
6392,202611,0,0.15182920466687058
6404,202611,0,0.12247744481700251
6406,202611,0,0.0521414861121415
6407,202611,0,0.12826302724560307
6414,202611,0,0.06022451124438572
6419,202611,0,0.12364817047785442
6425,202611,0,0.12671333847095823
6428,202611,0,0.05259251956814487
6431,202611,0,0.12352038499260759
6435,202611,0,0.13466922434441173
6436,202611,0,0.0670885768722691
6440,202611,0,0.10293990865317826
6446,202611,0,0.1340586911421473
6459,202611,1,0.0545520643061019
6465,202611,0,0.11200838780053843
6473,202611,0,0.13029454242418181
6476,202611,0,0.06629347119831253
6477,202611,0,0.10997715388855908
6478,202611,0,0.1281622354944757
6491,202611,1,0.20964456147104923
6494,202611,0,0.12977012584790013
6501,202611,0,0.11934713160463307
6502,202611,0,0.1953941933787509
6503,202611,0,0.12156078137738947
6514,202611,0,0.035171256497156377
6516,202611,0,0.1187476841134981
6534,202611,0,0.12600240187362716
6541,202611,0,0.056014877341574086
6553,202611,0,0.13114607143645032
6557,202611,0,0.11571538026160649
6559,202611,0,0.13815815263688722
6560,202611,0,0.180989987222468
6562,202611,0,0.1303892428960398
6575,202611,0,0.14578295770461222
6583,202611,0,0.04713418155104548
6588,202611,0,0.13687051066967437
6590,202611,0,0.08348325893552896
6594,202611,0,0.10998789370622312
6599,202611,1,0.12251690358417619
6602,202611,0,0.13517098636315578
6603,202611,0,0.13742553815342098
6606,202611,0,0.11488240893155124
6614,202611,0,0.14357456292014775
6618,202611,0,0.10403820776626956
6628,202611,0,0.13756091539992685
6633,202611,0,0.04802057419925584
6639,202611,0,0.10752648223527127
6648,202611,0,0.14936151101975675
6654,202611,0,0.11691487507347213
6656,202611,0,0.05134034570717758
6657,202611,0,0.1771020209024047
6663,202611,0,0.056969675230996865
6664,202611,0,0.11184931604516017
6666,202611,0,0.04749831912847236
6670,202611,0,0.11295574541966039
6671,202611,0,0.11467823406432401
6683,202611,0,0.0582222266328256
6693,202611,1,0.13774195133110778
6694,202611,0,0.13512835027663522
6695,202611,0,0.13992005864277096
6699,202611,0,0.1399970959128278
6701,202611,0,0.125091738725307
6706,202611,0,0.058364555152993706
6707,202611,0,0.05566389854908654
6720,202611,0,0.10516790296736621
6721,202611,0,0.05319522642573495
6726,202611,0,0.14335339576570322
6735,202611,0,0.10986934595880482
6745,202611,0,0.14758345089448924
6746,202611,0,0.11399189993729501
6751,202611,0,0.0648671434446554
6759,202611,0,0.13389022851146004
6760,202611,0,0.102422785868239
6765,202611,0,0.13166042112467954
6767,202611,1,0.11066763285195418
6768,202611,1,0.10526006278483092
6772,202611,1,0.11043146836199266
6774,202611,0,0.07111480440766545
6776,202611,0,0.14788443456197808
6779,202611,0,0.12690803990203006
6789,202611,0,0.10803207348062692
6792,202611,0,0.2155666468654074
6797,202611,0,0.05086895343488504
6807,202611,0,0.11332933128675447
6808,202611,0,0.14843894314893685
6811,202611,0,0.14565533279348047
6813,202611,0,0.052436409691162464
6814,202611,0,0.12585397598281825
6817,202611,0,0.14807148255312255
6826,202611,0,0.1263404950554501
6830,202611,0,0.06544290661534018
6832,202611,0,0.14614224842881937
6834,202611,1,0.12047832161495729
6838,202611,0,0.15864868585165823
6840,202611,0,0.10800503416639226
6850,202611,0,0.11418684414331261
6851,202611,0,0.12996412877785188
6854,202611,0,0.21788222581151184
6856,202611,0,0.19369324486396303
6858,202611,0,0.10359960646494869
6866,202611,0,0.10976969940320551
6871,202611,0,0.15528643595686362
6872,202611,0,0.12681600649606353
6879,202611,0,0.14501945652166817
6881,202611,0,0.05538929422699622
6882,202611,0,0.14683467271487508
6883,202611,0,0.13101897377364174
6894,202611,0,0.15435940591341193
6899,202611,0,0.05666404946832463
6903,202611,0,0.12994573591460304
6908,202611,0,0.14417887318757236
6914,202611,0,0.14366752316291617
6915,202611,0,0.12425848943035153
6917,202611,0,0.12301885491291166
6922,202611,0,0.07218314582979814
6933,202611,0,0.061298913033584056
6944,202611,0,0.12284559007384806
6948,202611,0,0.1485940845686742
6957,202611,0,0.10354497409908274
6962,202611,1,0.10825378017310033
6964,202611,0,0.1114509759702483
6965,202611,1,0.08053842629783121
6987,202611,0,0.10991697990236014
6989,202611,0,0.02953904953267325
6991,202611,0,0.12856339800060512
6992,202611,0,0.11186235121469888
7010,202611,1,0.1400694596956669
7012,202611,1,0.14766340091072822
7019,202611,0,0.1271125473183985
7021,202611,0,0.05040170035745677
7023,202611,0,0.10628208080958992
7033,202611,0,0.04191443783567074
7034,202611,0,0.11532291178127596
7043,202611,0,0.11315436313951137
7047,202611,0,0.12319219469191912
7050,202611,0,0.12352960490575768
7057,202611,0,0.10146647693060355
7069,202611,0,0.06153921695358616
7070,202611,0,0.059597069991545036
7072,202611,0,0.1583402097163231
7078,202611,1,0.13840152869756517
7081,202611,0,0.10043801674003532
7082,202611,0,0.05414155633294708
7088,202611,0,0.12253829545792838
7093,202611,0,0.14307477541800662
7100,202611,0,0.14813792492511535
7103,202611,1,0.05204534953186159
7104,202611,0,0.09697275206015832
7109,202611,0,0.04904559097412547
7111,202611,0,0.1381991083987871
7113,202611,0,0.04732786489135593
7119,202611,0,0.1102297135733169
7122,202611,0,0.051073460258335826
7134,202611,0,0.2587260102513351
7141,202611,1,0.1131475865098958
7147,202611,0,0.06691355872400201
7153,202611,1,0.12509098232033436
7155,202611,0,0.13626826717672708
7156,202611,0,0.1332018447858169
7163,202611,0,0.2486735891819412
7171,202611,1,0.15690797191442907
7173,202611,0,0.09476411684587714
7177,202611,0,0.12769873886211533
7179,202611,0,0.16085158220921267
7191,202611,0,0.15321958938632754
7196,202611,0,0.16314556885735879
7197,202611,0,0.05250243546279341
7199,202611,1,0.13787560404280086
7205,202611,0,0.0569379593316776
7209,202611,0,0.05759246005848976
7213,202611,1,0.13075904483300305
7215,202611,0,0.0741070630883237
7216,202611,0,0.0984905099254216
7217,202611,0,0.12906006270294107
7224,202611,0,0.11466791387937564
7230,202611,0,0.13526390063856697
7235,202611,0,0.16512647500299826
7237,202611,0,0.17851936150077055
7245,202611,0,0.1252067903733548
7246,202611,0,0.11277124294769511
7252,202611,0,0.06511515517971858
7257,202611,0,0.11556473562669552
7258,202611,0,0.1181365799647693
7261,202611,0,0.10932206070826588
7269,202611,0,0.13798495766208815
7270,202611,0,0.12624710249469767
7274,202611,1,0.05183686594484627
7283,202611,0,0.15235798084964708
7291,202611,1,0.13136905700705595
7299,202611,0,0.12487741129523322
7301,202611,0,0.05007298842256013
7304,202611,0,0.12636132239491024
7311,202611,0,0.14199389131087808
7314,202611,0,0.1477848211161802
7324,202611,1,0.13386932243887306
7326,202611,1,0.14772482694632183
7328,202611,1,0.205138222000301
7332,202611,0,0.13073859041032615
7333,202611,0,0.1403381719443613
7335,202611,0,0.1410382826936545
7336,202611,0,0.06199582942976904
7337,202611,0,0.15467272261345125
7344,202611,0,0.10875962042839196
7348,202611,0,0.13449901431245304
7351,202611,0,0.12841831593534062
7352,202611,0,0.07519006863255746
7361,202611,1,0.13053189350279618
7371,202611,0,0.14618352806776994
7373,202611,0,0.12348110352245503
7374,202611,1,0.15101075153243357
7376,202611,0,0.08535395891335196
7383,202611,0,0.21512222507104048
7390,202611,0,0.06635591010294879
7391,202611,0,0.0659084881036973
7392,202611,0,0.1265762059304437
7395,202611,0,0.05197657257134889
7400,202611,0,0.13769446071834474
7403,202611,0,0.1256283281869634
7404,202611,0,0.11082218784651146
7407,202611,1,0.1324488738873021
7414,202611,0,0.11358675878820924
7429,202611,0,0.13457003190453107
7435,202611,0,0.1414067639609064
7436,202611,0,0.12423608522300067
7438,202611,0,0.11662419527709911
7441,202611,0,0.05699824568340217
7443,202611,0,0.2238277947316693
7444,202611,0,0.17260967030541804
7452,202611,0,0.08652316197229551
7456,202611,0,0.10501210530130609
7462,202611,0,0.0815056948218827
7472,202611,1,0.14351279110680273
7482,202611,1,0.1720950510924063
7483,202611,0,0.10346734187549897
7488,202611,1,0.16747000294304437
7490,202611,0,0.14052072861134288
7492,202611,0,0.13636714950694964
7500,202611,1,0.09261122047161104
7504,202611,0,0.06405533130186894
7507,202611,0,0.13756754566828566
7511,202611,0,0.05443750170134568
7519,202611,0,0.11772696419775913
7520,202611,0,0.25282219167321723
7522,202611,0,0.05241719941639018
7530,202611,0,0.04823639734212453
7534,202611,1,0.13867885746699374
7536,202611,0,0.1357044985605997
7541,202611,0,0.12796081515694457
7543,202611,0,0.052363982783614316
7545,202611,0,0.1366785294779863
7556,202611,1,0.10729444556267069
7558,202611,0,0.14967972249327274
7560,202611,0,0.14036815815001166
7561,202611,0,0.1340515701007513
7571,202611,0,0.13148046860199458
7579,202611,0,0.12364200161699859
7580,202611,0,0.1013650771222769
7581,202611,0,0.12383324720217137
7582,202611,1,0.12323997142240982
7586,202611,0,0.1371159841539706
7590,202611,0,0.15162298086870088
7592,202611,0,0.12504843776451607
7594,202611,0,0.12193675644938883
7595,202611,0,0.1517457713157777
7601,202611,0,0.12168675568643324
7602,202611,0,0.12506258184406815
7603,202611,0,0.14725100609777161
7611,202611,0,0.12588694056819089
7617,202611,0,0.03051963397993857
7618,202611,0,0.1263112650982341
7619,202611,0,0.11982825507509937
7625,202611,0,0.06601549331652413
7628,202611,0,0.1165456676153997
7630,202611,0,0.04433557956096697
7631,202611,0,0.053216854583582114
7633,202611,0,0.14519891309561803
7634,202611,0,0.1148631767585672
7641,202611,0,0.15409696679820403
7642,202611,0,0.1409479118365905
7646,202611,0,0.10519923817503969
7648,202611,1,0.1338185093644516
7662,202611,0,0.13065235020247362
7666,202611,0,0.11349246210964069
7674,202611,0,0.11041236256473683
7676,202611,0,0.10097327530738678
7679,202611,0,0.1335802335390697
7681,202611,0,0.12418581520961454
7686,202611,0,0.04830387179067628
7692,202611,1,0.13112720007525472
7694,202611,1,0.13117670812589935
7696,202611,0,0.17013728101712264
7707,202611,0,0.05340738193660442
7708,202611,0,0.05239528010104934
7712,202611,0,0.05995460461888652
7715,202611,0,0.11909141779603147
7716,202611,0,0.05496944217769094
7717,202611,0,0.15934981077189672
7719,202611,0,0.049302195798977766
7723,202611,0,0.06788907057570073
7726,202611,0,0.14400808680366428
7734,202611,0,0.14630698110589646
7739,202611,0,0.09370078109204999
7743,202611,0,0.11893801072544818
7751,202611,0,0.05446375297262973
7752,202611,0,0.13242922233643722
7755,202611,0,0.12436695601584286
7758,202611,0,0.04605552799069162
7761,202611,0,0.11680166811402086
7767,202611,0,0.048122351449815096
7773,202611,0,0.09867788155191858
7779,202611,0,0.08062932879049299
7785,202611,0,0.06870879351391837
7792,202611,0,0.04903737582530852
7800,202611,0,0.12416775055190968
7801,202611,0,0.11101571864423636
7802,202611,0,0.12290860953736894
7804,202611,1,0.10180248363356188
7808,202611,0,0.15932162692192922
7811,202611,0,0.12720331029014742
7816,202611,0,0.060290186519158295
7822,202611,0,0.06059540320585817
7823,202611,0,0.06638088515232836
7826,202611,1,0.12188324068480173
7832,202611,0,0.12454054251579483
7833,202611,0,0.14157118816053016
7838,202611,0,0.04952768794029769
7840,202611,0,0.1240341786626592
7849,202611,1,0.14434416479818427
7851,202611,1,0.13612234688645064
7857,202611,0,0.1334303393614219
7877,202611,0,0.052872260064665444
7885,202611,0,0.20214852738544628
7900,202611,0,0.1263378668145633
7907,202611,0,0.14052173243024468
7910,202611,0,0.05450032988591786
7914,202611,1,0.1295518236520339
7918,202611,0,0.13483547689113512
7919,202611,0,0.0545700112191266
7921,202611,1,0.04678238542050952
7928,202611,0,0.12667893669791855
7933,202611,0,0.1422233368364262
7937,202611,1,0.12606534592094726
7941,202611,0,0.1272520770571551
7947,202611,0,0.08438503069457487
7955,202611,0,0.12645013835251775
7956,202611,0,0.1390868974136609
7957,202611,0,0.11763680142975746
7964,202611,0,0.13938384241472998
7968,202611,0,0.12210370517725753
7980,202611,0,0.05897625979382661
7983,202611,1,0.14082571758360302
8004,202611,0,0.22438410397337324
8016,202611,0,0.11228379522125335
8017,202611,0,0.05295100312866662
8024,202611,0,0.16558400299501666
8031,202611,0,0.10608514139858205
8032,202611,0,0.054858155822354024
8035,202611,0,0.12268177416554471
8036,202611,0,0.1167481064013722
8037,202611,0,0.0520004363811358
8052,202611,0,0.13865889469687903
8055,202611,0,0.06019411864904702
8059,202611,0,0.12944431647904972
8063,202611,0,0.1215561113482474
8064,202611,0,0.12425860816762917
8068,202611,0,0.11007294306239206
8070,202611,0,0.05861143716966837
8072,202611,0,0.14115154680544925
8085,202611,0,0.15201343758404434
8089,202611,0,0.13388562500253712
8097,202611,0,0.042114628474338694
8100,202611,0,0.12982109060011374
8102,202611,0,0.16428420336159283
8105,202611,0,0.054113454228371265
8114,202611,0,0.12144972201780817
8117,202611,0,0.11838137608632514
8120,202611,0,0.11193718130737157
8126,202611,0,0.11712802391796952
8128,202611,0,0.07065267091495572
8135,202611,0,0.057103797191081836
8136,202611,1,0.14577466159909128
8137,202611,0,0.1325954861997229
8141,202611,1,0.14327285596807257
8148,202611,0,0.09302013788417275
8169,202611,0,0.049093101460162776
8173,202611,0,0.0552653650341255
8178,202611,0,0.11836500749070294
8179,202611,0,0.21057333357576502
8182,202611,0,0.037650817113189045
8184,202611,0,0.10887961951873874
8186,202611,0,0.14680552567259708
8189,202611,0,0.13024516045095147
8196,202611,0,0.15614935120218817
8216,202611,0,0.13427837427522124
8219,202611,0,0.126567296531851
8221,202611,0,0.1289623862622492
8227,202611,0,0.05520207280763506
8232,202611,0,0.13391458744069265
8245,202611,0,0.12110446691402005
8246,202611,1,0.2464908200685542
8248,202611,0,0.11680270065505567
8249,202611,0,0.1416901887814377
8250,202611,0,0.1158469145780145
8256,202611,0,0.05211792899002432
8258,202611,0,0.16038213194261455
8259,202611,0,0.045723939529618916
8268,202611,0,0.11967973165715572
8271,202611,0,0.11572693297542128
8272,202611,1,0.14858881524081644
8273,202611,0,0.13592216004906535
8275,202611,0,0.14252640361438712
8277,202611,0,0.1628004010175956
8283,202611,0,0.1280379836637869
8285,202611,1,0.13266755278444675
8288,202611,0,0.06035148688807086
8299,202611,0,0.0662948516167943
8300,202611,0,0.12112886418099719
8301,202611,0,0.0432921048858221
8307,202611,0,0.13815252055858324
8315,202611,0,0.13160606384192272
8324,202611,0,0.1160630850479749
8326,202611,0,0.1294479547255922
8351,202611,0,0.0478749792901578
8367,202611,0,0.0528723593028704
8368,202611,0,0.1513559881436802
8371,202611,0,0.1726076288832765
8383,202611,0,0.12302077409646464
8386,202611,0,0.13363457492662323
8389,202611,1,0.11676589764814349
8402,202611,0,0.05222149694675864
8404,202611,0,0.12382707622850196
8417,202611,1,0.12076060128574097
8419,202611,1,0.13433349788535923
8421,202611,0,0.14911812691418275
8422,202611,0,0.04471683569164447
8425,202611,0,0.1378482425662736
8429,202611,0,0.11350421442874697
8433,202611,0,0.16074756506786672
8437,202611,0,0.0982063718650636
8440,202611,0,0.045460613572163064
8455,202611,0,0.1425925524908435
8462,202611,1,0.13605425801274748
8471,202611,1,0.13965096133732405
8479,202611,0,0.15424937958883886
8482,202611,0,0.05125466938559429
8485,202611,0,0.1499907112491399
8489,202611,0,0.0554791167895839
8490,202611,0,0.05232377460659685
8492,202611,0,0.05123532381845431
8496,202611,0,0.1326527253275059
8497,202611,0,0.15566082565362893
8498,202611,0,0.11825873700736841
8500,202611,0,0.13942887821441216
8501,202611,0,0.1400822317965695
8508,202611,0,0.13552214641238083
8512,202611,0,0.16323894196732353
8519,202611,1,0.13294699620933542
8522,202611,0,0.15990896831480567
8536,202611,0,0.05353698392652527
8545,202611,0,0.12217009555609555
8546,202611,0,0.12098753484330929
8554,202611,0,0.13862654583154035
8556,202611,0,0.12183055321864462
8557,202611,0,0.14536103713136392
8559,202611,0,0.1375299665026728
8560,202611,0,0.1320172099544036
8563,202611,0,0.12369936943133082
8565,202611,0,0.13954860059221097
8574,202611,0,0.11784326294790522
8578,202611,0,0.05585101624318079
8585,202611,0,0.05042256062767796
8602,202611,0,0.1548611988136742
8605,202611,0,0.10528715556140547
8609,202611,0,0.1029883257550207
8614,202611,0,0.09104314602475769
8619,202611,0,0.12804815595523217
8629,202611,0,0.13398296574266474
8632,202611,0,0.14101567641293652
8635,202611,0,0.05033016987929867
8639,202611,0,0.051357629110021855
8642,202611,0,0.059212133840126004
8643,202611,0,0.12006806386869631
8649,202611,1,0.14191553711874946
8655,202611,0,0.1499056059501573
8657,202611,0,0.11925229793955346
8662,202611,0,0.12004575584021604
8663,202611,1,0.13909991996323287
8666,202611,0,0.1327696253069832
8674,202611,0,0.05764195453822263
8676,202611,0,0.1294209914480895
8686,202611,0,0.1456978606279345
8691,202611,0,0.11850212563696066
8701,202611,1,0.13140506239115696
8702,202611,0,0.13031201254245703
8714,202611,0,0.05690065318551869
8718,202611,0,0.11290357682355842
8731,202611,0,0.12841210757421093
8736,202611,1,0.127880157216231
8738,202611,0,0.1402350840328226
8745,202611,0,0.04869035318664696
8749,202611,0,0.11474457408529874
8754,202611,0,0.13989983648818397
8755,202611,1,0.12410503950041897
8760,202611,0,0.10731915782712394
8762,202611,0,0.06357598830421507
8767,202611,0,0.05358178803776521
8768,202611,0,0.1340044255999442
8769,202611,0,0.047914240584530976
8771,202611,0,0.14950212953829253
8781,202611,1,0.05750176232271921
8789,202611,1,0.15191592018258088
8795,202611,0,0.10743583422639043
8796,202611,0,0.04721773900790114
8811,202611,0,0.13020144724788252
8815,202611,0,0.12491855246097634
8820,202611,0,0.11120049472200143
8825,202611,0,0.12639981565076083
8832,202611,0,0.12850631350869002
8839,202611,0,0.07082463505078242
8841,202611,0,0.13241200192990202
8844,202611,1,0.13876930493009434
8848,202611,0,0.12461740033960846
8849,202611,0,0.06500194109360458
8856,202611,0,0.14228708665233275
8865,202611,1,0.11080571735740062
8874,202611,1,0.15414906475627854
8875,202611,0,0.11499142464297891
8879,202611,0,0.06642038324827865
8882,202611,0,0.11771441778537048
8885,202611,0,0.1204843404390491
8892,202611,0,0.14401538051130697
8897,202611,0,0.1365644590288677
8905,202611,0,0.06527142205236977
8921,202611,0,0.049131150331476414
8926,202611,1,0.11504846988235763
8928,202611,0,0.13179136127857294
8935,202611,0,0.126926974115089
8939,202611,0,0.054112671636262086
8941,202611,0,0.1496736964299957
8942,202611,0,0.05261565983061784
8949,202611,0,0.10252968554740576
8951,202611,0,0.056721653634777464
8954,202611,1,0.15077596484452743
8958,202611,0,0.13176631670618233
8964,202611,0,0.06690429739219861
8972,202611,0,0.05520537623757882
8978,202611,0,0.1312807191522085
8979,202611,0,0.06595281498267345
8988,202611,0,0.15309501048325505
8997,202611,0,0.13169355598537347
8998,202611,0,0.04728551635584936
8999,202611,0,0.13821729621323528
9006,202611,0,0.05190253403841818
9008,202611,1,0.14550667065636588
9012,202611,0,0.1687023303013706
9024,202611,0,0.10793344586002442
9026,202611,0,0.12003015710133984
9030,202611,0,0.13337914788689992
9034,202611,0,0.03874976941984126
9036,202611,0,0.1511812949397294
9038,202611,0,0.04988515748949024
9040,202611,0,0.13606708095588688
9041,202611,0,0.08112548326545306
9042,202611,0,0.049474226773396225
9046,202611,0,0.055331364013507175
9049,202611,1,0.049525272191163865
9051,202611,0,0.14903711097840372
9054,202611,0,0.1468148477318885
9057,202611,0,0.056833646795321324
9062,202611,0,0.050317548901226535
9072,202611,0,0.1341171317906929
9075,202611,0,0.10479350790177167
9079,202611,0,0.13931754757190465
9081,202611,0,0.05949878403600571
9091,202611,0,0.0949351045316886
9110,202611,0,0.06016387537215394
9113,202611,0,0.1350901921067893
9116,202611,0,0.1298689799583054
9120,202611,0,0.0501710500337182
9126,202611,0,0.17506557632348899
9133,202611,0,0.08911218630874963
9135,202611,0,0.15018079954087155
9144,202611,0,0.12071405297515464
9146,202611,0,0.15084505737302326
9153,202611,0,0.11171914602787142
9155,202611,0,0.05212942730017886
9160,202611,0,0.08187708750507393
9165,202611,0,0.13617011492777042
9172,202611,0,0.12677942464841774
9174,202611,0,0.052582016459820906
9179,202611,0,0.09747060019193306
9180,202611,0,0.1306253308909133
9192,202611,1,0.2081738441330176
9194,202611,1,0.05494935938542943
9195,202611,0,0.20555908859289818
9199,202611,0,0.11518584186185996
9204,202611,0,0.10448274093143262
9205,202611,0,0.0502194015069262
9210,202611,0,0.1160106167595421
9219,202611,1,0.12823039618864127
9227,202611,1,0.11696076604857186
9228,202611,0,0.1300246926205803
9233,202611,0,0.14095263104316907
9235,202611,0,0.13248646429651886
9237,202611,0,0.05452086877864304
9239,202611,0,0.052708596073316405
9240,202611,0,0.04905267212791949
9241,202611,0,0.22038751369967516
9242,202611,0,0.10957392425228767
9246,202611,0,0.05775727034069538
9248,202611,0,0.14029375346591524
9253,202611,0,0.11986700895733719
9254,202611,0,0.1425785026447877
9260,202611,0,0.12472625618018024
9261,202611,0,0.04471154623834915
9262,202611,0,0.14782027396384073
9263,202611,0,0.17127748807007673
9266,202611,1,0.2190380067159793
9268,202611,0,0.10900394905380542
9275,202611,0,0.053066949488147434
9278,202611,0,0.1345923403337745
9287,202611,0,0.12837889180917045
9288,202611,1,0.12210995378406493
9292,202611,0,0.1516175119089174
9308,202611,0,0.1375252681497206
9309,202611,0,0.13154342413810216
9310,202611,0,0.1606207006943524
9312,202611,0,0.0962672369182888
9314,202611,0,0.05690764444487905
9316,202611,0,0.04752118867617839
9318,202611,0,0.1281929894370137
9322,202611,0,0.15484072373360155
9325,202611,0,0.15113512279597155
9327,202611,0,0.12798562352257986
9336,202611,0,0.11006935896387006
9340,202611,0,0.15023539512911108
9342,202611,0,0.1490736133024548
9346,202611,0,0.11789883403795894
9351,202611,0,0.2118191201941346
9355,202611,1,0.14397812737209348
9357,202611,0,0.11779879157319051
9358,202611,1,0.1651975423338867
9363,202611,1,0.1319930791181623
9365,202611,1,0.14469315278466052
9371,202611,1,0.12389492834010964
9372,202611,0,0.11850704603518644
9374,202611,0,0.06965022671546653
9378,202611,0,0.18400229150491176
9385,202611,0,0.06945580824882935
9386,202611,1,0.16168535127233222
9413,202611,0,0.06771900726765114
9418,202611,0,0.13628198808788708
9420,202611,0,0.12730139147948955
9422,202611,0,0.06041229522534037
9423,202611,0,0.10965870059167698
9425,202611,0,0.13373902731457848
9426,202611,0,0.15867567659160717
9434,202611,0,0.13939019261875812
9436,202611,0,0.10962029204854024
9439,202611,0,0.06015042658016986
9442,202611,1,0.05270990522488234
9446,202611,0,0.053544363052931324
9457,202611,1,0.13623920917557727
9460,202611,0,0.1487826678909482
9461,202611,0,0.14215160847213026
9467,202611,0,0.12275289092368638
9472,202611,0,0.11555802949718917
9473,202611,1,0.18791919177022154
9483,202611,0,0.10398391521552547
9485,202611,0,0.12619329811450422
9492,202611,0,0.06620593591764029
9500,202611,0,0.12664188797973355
9507,202611,0,0.13319285703714268
9513,202611,1,0.07767734252763081
9514,202611,0,0.16342135952068373
9516,202611,0,0.14591320614039724
9520,202611,0,0.07597702668206506
9532,202611,1,0.12225792296093341
9542,202611,0,0.12438716714401091
9544,202611,0,0.20762471312239741
9548,202611,0,0.14360973769403493
9553,202611,1,0.13610501682594342
9556,202611,0,0.06243080207404594
9558,202611,0,0.1502267387708972
9559,202611,1,0.1560279199202951
9565,202611,0,0.15610345864030634
9571,202611,0,0.12874260327023898
9575,202611,0,0.14601554280551265
9587,202611,0,0.12657688222829896
9602,202611,0,0.16706324900166292
9609,202611,0,0.05357871642540033
9618,202611,0,0.08725700832751243
9622,202611,0,0.14090573089449182
9624,202611,0,0.12165459845781318
9633,202611,1,0.12057359239614437
9648,202611,0,0.11890499596819665
9658,202611,0,0.12387692779589995
9668,202611,0,0.10856402947509573
9702,202611,0,0.05589174866885643
9705,202611,0,0.1391330917626083
9706,202611,0,0.05478284162914257
9707,202611,0,0.14971584407273794
9708,202611,0,0.08410109105565416
9709,202611,1,0.05546496169096003
9710,202611,0,0.16093249158107198
9726,202611,0,0.14608730507581547
9753,202611,0,0.06718721474415061
9757,202611,0,0.0877127624798779
9761,202611,0,0.05404688442089459
9765,202611,0,0.1954179169553993
9768,202611,0,0.16509602252382335
9769,202611,0,0.14270012872237162
9775,202611,0,0.05051739702436536
9778,202611,0,0.13472147218787883
9787,202611,1,0.14263403885661122
9788,202611,0,0.08860564873370676
9789,202611,0,0.15086817361449556
9792,202611,0,0.14009127213411146
9793,202611,1,0.11431999731361013
9815,202611,0,0.11882958708262197
9816,202611,0,0.048975936910246445
9822,202611,0,0.06093960269550973
9823,202611,0,0.14622574666054688
9827,202611,0,0.11913263792498065
9835,202611,0,0.1335129848730559
9840,202611,0,0.04002078055588659
9841,202611,0,0.13515517764439416
9849,202611,0,0.12214153793466229
9853,202611,0,0.12569769055772098
9869,202611,0,0.055741529510393066
9873,202611,0,0.04457263314707915
9881,202611,0,0.03622319707179268
9892,202611,0,0.13839614940909475
9898,202611,0,0.1235895156870563
9899,202611,0,0.13651454442167021
9915,202611,0,0.12301240945077584
9925,202611,1,0.11666099764153376
9936,202611,0,0.1543349876739109
9940,202611,0,0.12637770932793033
9941,202611,0,0.04151355937304208
9947,202611,0,0.05338898860409988
9953,202611,1,0.09999479522162506
9957,202611,0,0.12994995865691575
9962,202611,0,0.05128443708664414
9963,202611,0,0.12348536329886797
9964,202611,0,0.14319961543515683
9965,202611,0,0.14978642405173043
9968,202611,0,0.13943364240644177
9971,202611,0,0.09425951301532226
9973,202611,0,0.13963744527970479
9980,202611,0,0.05813800810578231
9985,202611,1,0.0560863577835555
10002,202611,0,0.17884719280911437
10005,202611,0,0.062240862899023176
10007,202611,0,0.10842114862233172
10009,202611,1,0.17067191972528786
10010,202611,0,0.15823509075576112
10013,202611,0,0.14963255732027186
10014,202611,0,0.05476160288055765
10017,202611,0,0.12935129732351613
10024,202611,0,0.13825785280009775
10028,202611,1,0.11943022691483825
10030,202611,0,0.07532033296180085
10037,202611,0,0.146646192819006
10046,202611,0,0.09228724378360847
10051,202611,0,0.10996366203599828
10063,202611,0,0.10687461200663574
10065,202611,1,0.11096208743308093
10067,202611,0,0.12126857004736787
10069,202611,1,0.20939954318288392
10073,202611,0,0.05531032041402377
10074,202611,1,0.1174184636999123
10096,202611,0,0.054082850886688225
10099,202611,0,0.053764904286591086
10100,202611,0,0.06492996162330884
10101,202611,0,0.13480191671623337
10103,202611,0,0.05541118798974306
10110,202611,0,0.1631826195608841
10113,202611,0,0.13818961908917438
10116,202611,0,0.05597156197910018
10124,202611,0,0.15572541163392278
10127,202611,0,0.10955402215806842
10129,202611,0,0.15836777158112048
10139,202611,0,0.16441643736487235
10140,202611,0,0.16271194504090858
10145,202611,0,0.2440622447795151
10149,202611,0,0.10760064536895157
10150,202611,1,0.12199857245413989
10151,202611,0,0.1694853140582404
10164,202611,1,0.12485764690127733
10165,202611,0,0.0491479022703825
10166,202611,0,0.04685340411334478
10168,202611,0,0.12538441304928863
10174,202611,0,0.09796464701475043
10186,202611,0,0.05984986348582957
10189,202611,0,0.13174705994655211
10192,202611,1,0.1348247677466643
10193,202611,0,0.13432144763585774
10197,202611,0,0.05244821442179335
10201,202611,0,0.12574584239633071
10206,202611,0,0.13373950977606944
10211,202611,0,0.11422341945945587
10216,202611,0,0.12340076359219103
10224,202611,0,0.12133688614356886
10234,202611,0,0.1287147769408406
10236,202611,0,0.10780920850852319
10239,202611,0,0.1621950977973646
10245,202611,1,0.1290795334438953
10247,202611,0,0.06239293239448344
10250,202611,0,0.05495679722780534
10253,202611,0,0.13500651718966034
10254,202611,0,0.11771292901749168
10263,202611,0,0.15692022674068987
10264,202611,0,0.16326994093187874
10265,202611,0,0.11803409506970022
10275,202611,0,0.05199840155241272
10280,202611,0,0.12371386410606519
10286,202611,0,0.1206638788323252
10287,202611,0,0.1645848694726138
10293,202611,0,0.13060575219695034
10294,202611,0,0.1108606468209641
10303,202611,0,0.056181659037896264
10308,202611,0,0.14058757062237784
10311,202611,0,0.11346285753137389
10318,202611,0,0.1296346158170428
10323,202611,0,0.17066929815044898
10324,202611,0,0.09748323026438947
10327,202611,0,0.11295836738291172
10330,202611,0,0.12682598439799772
10331,202611,0,0.11898207584729346
10333,202611,0,0.047295650987643385
10334,202611,0,0.14363036514702757
10335,202611,0,0.11376930775726571
10338,202611,0,0.14207631719363792
10339,202611,0,0.1127948494291719
10346,202611,1,0.1909412297776655
10348,202611,0,0.0496996061573413
10354,202611,0,0.22153150531764376
10356,202611,0,0.11544323587351595
10367,202611,0,0.07251433551983386
10375,202611,0,0.13016989027902903
10384,202611,0,0.1274713937474065
10386,202611,0,0.05484814753884273
10389,202611,0,0.12012272877388516
10393,202611,0,0.11910205164915576
10404,202611,0,0.12924406430592458
10408,202611,0,0.0551330732687599
10416,202611,0,0.09550013764216757
10429,202611,1,0.14943801394515807
10434,202611,0,0.17154349895756804
10435,202611,1,0.11322293615029014
10441,202611,1,0.195107415910806
10448,202611,0,0.16157820500279751
10449,202611,0,0.08211342348913742
10452,202611,0,0.05352494013254843
10453,202611,0,0.12719737134807213
10454,202611,0,0.12747231813409116
10461,202611,0,0.11268880026429988
10462,202611,0,0.0475347742672583
10472,202611,0,0.05787320390517393
10474,202611,0,0.15670415256001013
10476,202611,0,0.14185058859592925
10478,202611,0,0.03938880071815642
10483,202611,0,0.09879115272211847
10485,202611,1,0.13134131080264308
10492,202611,0,0.12207715347593855
10493,202611,0,0.14649312425978286
10499,202611,0,0.06793652404236528
10501,202611,0,0.052813472379203474
10503,202611,1,0.11508801654094443
10509,202611,0,0.12583345431091633
10512,202611,0,0.1335374350768348
10513,202611,0,0.10588219319108257
10516,202611,0,0.13259430798602292
10517,202611,0,0.1253768579056544
10523,202611,1,0.1447172409800171
10525,202611,0,0.135439090916879
10529,202611,0,0.12011879082501138
10532,202611,0,0.1400827449830131
10537,202611,0,0.12839940667783115
10541,202611,0,0.15116228939028456
10545,202611,0,0.1024133427930961
10547,202611,1,0.1309314141365862
10548,202611,0,0.12426041923048024
10552,202611,0,0.05058675140380872
10554,202611,0,0.13305544934217325
10557,202611,0,0.144974832440577
10564,202611,0,0.14915801356533936
10566,202611,1,0.10825605180087773
10574,202611,0,0.05125037146922023
10591,202611,0,0.1221102006158366
10596,202611,0,0.15555054882328823
10600,202611,0,0.16531099675585595
10601,202611,1,0.060112118871957235
10606,202611,0,0.043487475606497454
10611,202611,0,0.11068024267568488
10619,202611,1,0.1455887166723706
10622,202611,0,0.04992707700269659
10626,202611,0,0.11538034791152801
10629,202611,0,0.05916657302578564
10630,202611,0,0.13616507104605363
10631,202611,0,0.1481426519450726
10633,202611,0,0.06195461815786544
10638,202611,0,0.13711507764916767
10639,202611,0,0.18211873754532118
10640,202611,0,0.06771873335753197
10641,202611,1,0.05878291668748187
10657,202611,0,0.12695025277666852
10661,202611,1,0.13626458507805467
10663,202611,0,0.1113948021438019
10664,202611,0,0.13174663952898732
10667,202611,0,0.11873044326666306
10671,202611,0,0.1413751143591316
10672,202611,0,0.10191413482597056
10675,202611,0,0.1417926598649014
10679,202611,0,0.1462823969561714
10681,202611,0,0.11911893237494058
10682,202611,1,0.15051218287183993
10683,202611,0,0.05110131760042653
10688,202611,0,0.1163735592994972
10689,202611,1,0.12290478110884175
10701,202611,0,0.1470442945826045
10704,202611,0,0.14444658601536356
10709,202611,0,0.1674268706125821
10711,202611,1,0.14924371884559542
10713,202611,1,0.1197629513825384
10715,202611,0,0.1172472974045348
10716,202611,1,0.14660366426125038
10718,202611,0,0.05119286105539812
10721,202611,1,0.13339112276468834
10724,202611,0,0.11852534592567236
10730,202611,1,0.11008502539312127
10731,202611,0,0.056145593851847794
10733,202611,0,0.11375666842222536
10734,202611,1,0.17501236772696319
10737,202611,0,0.1355558904887697
10744,202611,0,0.038486694684266416
10750,202611,0,0.10231273563167247
10762,202611,1,0.13334581599316003
10770,202611,0,0.1027587733872412
10776,202611,0,0.154402421470026
10780,202611,0,0.049499800604148485
10782,202611,0,0.21669204677287246
10783,202611,1,0.1255131890877595
10789,202611,0,0.1263963522618765
10791,202611,1,0.12779409559297344
10793,202611,0,0.15057896086540162
10795,202611,0,0.15884954100354526
10807,202611,0,0.11720312587924377
10813,202611,0,0.11858726886545873
10815,202611,0,0.1142566441251514
10817,202611,0,0.11953593168144386
10819,202611,0,0.11582619425188176
10824,202611,0,0.13618703871519858
10828,202611,0,0.1593012283030572
10829,202611,1,0.15104673595931806
10830,202611,0,0.06176243064212122
10832,202611,0,0.13253295738109502
10836,202611,0,0.1520725606652524
10839,202611,0,0.15084440957608214
10843,202611,0,0.11725853257168467
10844,202611,0,0.12104734158901177
10852,202611,1,0.14361747809940092
10866,202611,0,0.2070474210439095
10871,202611,1,0.11658720692290096
10872,202611,0,0.12543971663751388
10873,202611,0,0.04868112209723499
10878,202611,0,0.1855327370059046
10889,202611,0,0.05374238696046982
10892,202611,1,0.139142470511413
10895,202611,1,0.1541604765058624
10899,202611,0,0.1593901409369384
10901,202611,0,0.1510571004580277
10904,202611,0,0.1434153695206554
10907,202611,1,0.11074009427753101
10910,202611,0,0.11849900987801888
10911,202611,0,0.11028502342127018
10917,202611,0,0.11969252869126336
10920,202611,0,0.10866086715994773
10921,202611,0,0.04087469772826857
10922,202611,0,0.05554206473430341
10929,202611,0,0.058833242075913984
10930,202611,0,0.049184286713653255
10933,202611,0,0.1374809378668738
10934,202611,0,0.05270814340594692
10939,202611,0,0.12966122269964608
10942,202611,0,0.046844078926553546
10943,202611,0,0.05117543487040908
10945,202611,0,0.15252921193800667
10946,202611,0,0.11570349632023703
10949,202611,0,0.08092759892330344
10951,202611,0,0.11769376062545726
10952,202611,0,0.15001311853847166
10953,202611,0,0.04772822397513874
10955,202611,0,0.05333675035558528
10956,202611,0,0.14407554203194858
10959,202611,0,0.15886585864526934
10963,202611,0,0.10291719749992892
10965,202611,0,0.1250958726154103
10971,202611,0,0.07320429543319147
10975,202611,0,0.1461654232085818
10979,202611,0,0.1127313069378862
10983,202611,0,0.12961489754578917
10984,202611,0,0.12564630798034973
10989,202611,0,0.05128224523986084
10992,202611,0,0.12682926008708217
10996,202611,1,0.22562047772138508
11001,202611,0,0.049194211162128555
11003,202611,0,0.05300322952654436
11004,202611,0,0.07300886169018576
11008,202611,0,0.05815018896486594
11013,202611,1,0.23309051360502786
11016,202611,0,0.05045656509343684
11017,202611,0,0.04086111105058105
11018,202611,1,0.15034711535705741
11021,202611,0,0.15752671575953645
11028,202611,0,0.20090140112383004
11034,202611,0,0.12668807093364695
11035,202611,0,0.05828167752282527
11036,202611,0,0.08285123077103375
11040,202611,1,0.14467366903617776
11041,202611,0,0.11127864492078339
11043,202611,1,0.13022898720911014
11047,202611,0,0.18592850292521051
11056,202611,0,0.15914491089304467
11058,202611,0,0.1304799143076326
11059,202611,0,0.07300972719908574
11060,202611,0,0.0971736197344982
11064,202611,0,0.1454715608450687
11066,202611,0,0.06835026915471554
11069,202611,0,0.11073247637422357
11071,202611,0,0.13592280068816867
11072,202611,0,0.12889503945147932
11077,202611,0,0.1222655278594427
11078,202611,1,0.2037235008592845
11080,202611,0,0.11462434993383899
11092,202611,0,0.11715829810438701
11093,202611,1,0.16035158593258902
11097,202611,0,0.05125187858201461
11098,202611,0,0.13050488709265212
11113,202611,1,0.13479008142197232
11114,202611,0,0.1143602712860587
11117,202611,1,0.13064544525672284
11121,202611,0,0.053363716663191736
11124,202611,0,0.16141543682372642
11126,202611,1,0.11566370569556238
11131,202611,0,0.12068167430305998
11143,202611,0,0.14097709402793385
11146,202611,0,0.08392931680653373
11148,202611,1,0.11319021892674719
11154,202611,0,0.12579793006593368
11164,202611,0,0.13305778630687662
11172,202611,0,0.1285627206270166
11173,202611,0,0.05347386352283106
11174,202611,0,0.1088581147072783
11175,202611,0,0.12096164773888933
11179,202611,1,0.11293167866906567
11180,202611,0,0.14475368797064941
11184,202611,0,0.059003174366570044
11188,202611,0,0.11705548999170429
11189,202611,0,0.06217393311678696
11190,202611,0,0.09521485143988873
11192,202611,1,0.14045646578220186
11197,202611,0,0.05210252024468471
11198,202611,1,0.266321182073011
11201,202611,0,0.15097199579152368
11204,202611,0,0.13145395152695555
11211,202611,0,0.12458520585392922
11212,202611,0,0.13929446607072357
11217,202611,1,0.14663315395204637
11218,202611,0,0.13947711831262716
11219,202611,0,0.1409144711772171
11227,202611,0,0.13375088015509132
11241,202611,0,0.14224803062740568
11251,202611,0,0.05993886207808312
11254,202611,0,0.06249815225034434
11260,202611,0,0.06931211230034165
11264,202611,0,0.11990022529593314
11271,202611,1,0.0802534700221019
11273,202611,0,0.060268608852199174
11274,202611,1,0.12490955841588014
11276,202611,0,0.049225195701603386
11278,202611,0,0.052954642359296575
11282,202611,0,0.13566677506092875
11283,202611,0,0.1302042910902144
11291,202611,0,0.13114235158875245
11293,202611,0,0.12954854224929488
11302,202611,0,0.1416176761369043
11304,202611,0,0.052119510584209314
11305,202611,0,0.14783432476870176
11315,202611,0,0.16396894451004676
11321,202611,0,0.10636127490006538
11325,202611,0,0.1280424407805528
11335,202611,0,0.12306856425241243
11341,202611,0,0.11416332031334914
11343,202611,0,0.12946611421416074
11344,202611,0,0.16578163824970507
11350,202611,1,0.18791775497022314
11361,202611,0,0.12091995258143541
11375,202611,0,0.12782063961004456
11377,202611,0,0.07554988841534484
11379,202611,0,0.1507689151899161
11380,202611,0,0.1497591908273899
11381,202611,1,0.21386839007518918
11391,202611,0,0.121515500175403
11393,202611,0,0.1376965362555455
11394,202611,0,0.16047999658391926
11398,202611,0,0.1402520877525122
11399,202611,0,0.1357827739869472
11408,202611,0,0.11402637339629403
11412,202611,0,0.12531770379137339
11420,202611,0,0.13461696945520799
11421,202611,0,0.16240657532600342
11430,202611,0,0.055525392611017556
11434,202611,1,0.1402815381048762
11437,202611,0,0.11838661151687116
11446,202611,0,0.2221405102024628
11447,202611,1,0.15659208546671227
11471,202611,0,0.11121344355256685
11472,202611,0,0.12263474849169526
11475,202611,0,0.0680395911933662
11483,202611,0,0.11203656843604252
11492,202611,0,0.1277504049879091
11495,202611,1,0.1481378388032614
11497,202611,0,0.12269676661507091
11498,202611,0,0.0852342486169058
11502,202611,0,0.1165447722708047
11504,202611,0,0.25864270943349016
11511,202611,0,0.18249373854896528
11512,202611,0,0.11028056791270488
11514,202611,0,0.05708906330139764
11522,202611,0,0.13727599682067831
11524,202611,0,0.14452202352908639
11533,202611,0,0.180577196699548
11534,202611,0,0.08708494641064109
11538,202611,1,0.05929544303593356
11541,202611,0,0.11818231990161057
11542,202611,0,0.13155110257466116
11546,202611,1,0.1369236077800629
11547,202611,0,0.11510742832132718
11548,202611,0,0.09254008976838915
11560,202611,1,0.15193458472050025
11566,202611,0,0.15381260628419274
11572,202611,0,0.13953279907504657
11574,202611,0,0.09643362166640569
11576,202611,0,0.13253505311111696
11577,202611,0,0.05193823142136814
11580,202611,0,0.11509206991415487
11598,202611,0,0.061454164853983854
11603,202611,0,0.11069380226378878
11613,202611,0,0.14060135505846827
11614,202611,0,0.13467714231875585
11620,202611,0,0.11278152884894702
11621,202611,0,0.1466206805051643
11622,202611,0,0.047608940802427197
11626,202611,0,0.07798727033207918
11630,202611,0,0.1434517697574673
11636,202611,0,0.1329800191315652
11637,202611,0,0.060667058088138145
11639,202611,0,0.09023647949063793
11643,202611,1,0.24067003975605236
11647,202611,0,0.16134279942691598
11653,202611,0,0.10685135020359172
11654,202611,0,0.06254091551599872
11660,202611,0,0.12810582167496118
11661,202611,1,0.11670321778020275
11664,202611,0,0.15064054597553525
11667,202611,0,0.13577353975564815
11679,202611,0,0.09877524078505949
11687,202611,0,0.143547655024456
11691,202611,0,0.05513248210213777
11696,202611,0,0.12508314125465114
11700,202611,1,0.14667965815545134
11702,202611,0,0.1738416161897016
11703,202611,0,0.05438031986076228
11705,202611,0,0.14515121542317191
11711,202611,0,0.13234514755797241
11716,202611,0,0.10485203262393969
11717,202611,0,0.1520954352816276
11719,202611,1,0.163602539676544
11722,202611,0,0.05439320415724611
11724,202611,0,0.11506437473103702
11728,202611,0,0.12350304925916787
11736,202611,1,0.13186615515781785
11737,202611,0,0.107903083079279
11738,202611,0,0.12654877669071118
11744,202611,0,0.12764754419279478
11747,202611,0,0.058884494605117764
11753,202611,0,0.07624325026974323
11757,202611,0,0.14830245508724074
11758,202611,0,0.08187705665458747
11760,202611,0,0.08370283296282696
11761,202611,1,0.30049474249999203
11762,202611,0,0.13295767364805275
11764,202611,0,0.13548452336774813
11768,202611,0,0.06462804583591483
11773,202611,0,0.0719284176304644
11774,202611,0,0.17209229034347762
11783,202611,0,0.09088014943922422
11785,202611,0,0.10289288873524864
11787,202611,0,0.1436259050451429
11788,202611,1,0.12805697149412046
11791,202611,0,0.10628677434723549
11796,202611,0,0.046558208510673486
11797,202611,0,0.07955403337974136
11798,202611,0,0.055787898045156
11799,202611,1,0.11563563778121219
11803,202611,0,0.053951186105790055
11808,202611,0,0.11956393659992141
11810,202611,0,0.1235682002140482
11814,202611,0,0.12717318763570246
11816,202611,1,0.13544341249065064
11818,202611,1,0.10479124052923104
11822,202611,0,0.13378565379199442
11824,202611,0,0.056056419302356705
11829,202611,0,0.1386338094266251
11835,202611,1,0.17601471480922962
11840,202611,1,0.15596929026279696
11846,202611,0,0.11696636519253899
11847,202611,0,0.11554539142968057
11850,202611,0,0.22525239138304431
11853,202611,0,0.056508256709074695
11854,202611,0,0.06757536941359994
11857,202611,0,0.13627160724667106
11862,202611,0,0.11304046019776129
11871,202611,1,0.13387139428447548
11879,202611,1,0.149635428649789
11880,202611,1,0.05679710797785828
11883,202611,0,0.05859815390770542
11890,202611,0,0.12284244057115777
11898,202611,1,0.12822071271137192
11905,202611,1,0.14064264151206618
11909,202611,0,0.05058841178573783
11912,202611,1,0.13792072639561265
11913,202611,0,0.13384771885462476
11917,202611,0,0.1535536797208799
11919,202611,0,0.1161629700264272
11920,202611,0,0.05864828810067511
11921,202611,0,0.12459161043434618
11928,202611,0,0.1164212636139044
11929,202611,0,0.1372709825480529
11935,202611,0,0.06768649145620581
11936,202611,0,0.04958494928521231
11939,202611,0,0.04804263579711118
11942,202611,0,0.05601115170478593
11943,202611,0,0.11704120860066719
11945,202611,1,0.2220301785499701
11946,202611,0,0.12323087472446216
11947,202611,0,0.10745310789916598
11952,202611,0,0.15450409910730253
11956,202611,0,0.14005126299837892
11959,202611,0,0.21634874530587475
11969,202611,0,0.11161560285258774
11973,202611,0,0.1351833114254398
11974,202611,0,0.12979660801264384
11975,202611,0,0.12446301598412061
11993,202611,0,0.1618491659052676
11994,202611,0,0.13320040542296355
11995,202611,0,0.0696652887223731
12002,202611,0,0.12527252232015723
12004,202611,1,0.09898529310190937
12006,202611,0,0.09832371381124715
12007,202611,0,0.11545006656743309
12014,202611,0,0.13853243063527673
12017,202611,0,0.18225309360682232
12018,202611,1,0.14689815176684184
12021,202611,0,0.13428494327859294
12023,202611,0,0.15437368284289785
12024,202611,0,0.12446519585141057
12027,202611,0,0.168202942086504
12034,202611,0,0.11688952828883917
12040,202611,0,0.1243026246191315
12047,202611,1,0.11897577293037218
12048,202611,0,0.12025860370899362
12052,202611,0,0.0644833554582449
12057,202611,0,0.14158743615421399
12058,202611,0,0.1804251438450309
12061,202611,0,0.125558480034956
12062,202611,0,0.1294279828362204
12064,202611,0,0.06584059100468401
12067,202611,1,0.12977579462576347
12071,202611,0,0.13702073118610852
12080,202611,0,0.16894274217011734
12085,202611,0,0.05760721526309522
12090,202611,0,0.1301873843067142
12100,202611,0,0.11774138417340761
12103,202611,0,0.1322940260788701
12104,202611,0,0.1334122469788375
12109,202611,0,0.056585188667221384
12114,202611,0,0.13203846642364048
12123,202611,0,0.06806128737478884
12124,202611,0,0.0649864210959044
12128,202611,0,0.2047261120165752
12132,202611,0,0.11854222333844865
12135,202611,0,0.12627067224559338
12140,202611,0,0.2449253629010916
12149,202611,0,0.05650648040102953
12155,202611,0,0.10704803222388679
12158,202611,0,0.16869169335610007
12161,202611,0,0.1501352809776117
12163,202611,0,0.1194349943641007
12164,202611,0,0.1263503925779558
12174,202611,0,0.06224677358058042
12175,202611,0,0.14245109306958376
12179,202611,0,0.20998298146643918
12183,202611,0,0.13038750666663798
12184,202611,0,0.146628698465074
12186,202611,0,0.056329389675427693
12190,202611,0,0.1324323307377084
12193,202611,0,0.1261108198936362
12195,202611,0,0.05563576700204674
12196,202611,0,0.05174317659209476
12205,202611,0,0.15280631492090066
12213,202611,0,0.16015800278330847
12220,202611,0,0.13875618226500025
12221,202611,0,0.14197383027666138
12222,202611,0,0.06143446868521641
12224,202611,0,0.12423561664185513
12230,202611,0,0.1246080545112014
12235,202611,1,0.13228987626268898
12239,202611,0,0.10184586363053706
12242,202611,0,0.12348007036437193
12244,202611,0,0.13874216707058418
12245,202611,0,0.13768354155085183
12247,202611,0,0.14762976948325796
12254,202611,0,0.1631952432080897
12258,202611,0,0.1436832540616862
12266,202611,0,0.059625649744583814
12267,202611,0,0.1482364464145635
12272,202611,0,0.15485945613180677
12273,202611,0,0.1406500617141485
12276,202611,0,0.13645122447910338
12277,202611,0,0.11450438312299685
12283,202611,0,0.14096064283066173
12289,202611,0,0.05508720806334895
12297,202611,0,0.12079108865571314
12300,202611,0,0.2808926888589936
12302,202611,0,0.06405710061409967
12310,202611,0,0.07032446475691771
12312,202611,0,0.14049550951298442
12314,202611,0,0.056854190302751635
12315,202611,0,0.0513129621443293
12327,202611,0,0.12201811920599928
12329,202611,0,0.14112635546798422
12332,202611,0,0.12014017218166577
12342,202611,0,0.05599146791027321
12346,202611,0,0.13658688932437804
12347,202611,0,0.22836484457225653
12349,202611,0,0.06236024424729344
12350,202611,0,0.10522466966765293
12354,202611,0,0.1220520135814498
12356,202611,0,0.04007545522376331
12359,202611,0,0.1364915102448372
12360,202611,0,0.14514641001856476
12369,202611,0,0.1442634928307594
12372,202611,0,0.048449810485059225
12373,202611,0,0.04908026047996501
12374,202611,1,0.12039583138335183
12375,202611,0,0.15934756345265252
12376,202611,0,0.13849651687356646
12379,202611,0,0.05602247137531616
12382,202611,0,0.11992326589992044
12387,202611,0,0.059490106514817044
12389,202611,0,0.13496153221091164
12394,202611,0,0.15260751634113887
12395,202611,0,0.11010666214687666
12396,202611,0,0.13536948978982066
12404,202611,0,0.14747437770081762
12405,202611,0,0.12827941598729992
12412,202611,0,0.2369810138295364
12419,202611,0,0.10617238497908714
12431,202611,0,0.11079522146449365
12440,202611,0,0.1307085456729906
12444,202611,0,0.1629389228034966
12447,202611,0,0.04771581642296354
12452,202611,0,0.12909792321037336
12454,202611,0,0.14225144455757943
12456,202611,0,0.12095516969059385
12461,202611,0,0.057771950054080354
12469,202611,0,0.12328512735424227
12472,202611,0,0.07839013333558678
12473,202611,0,0.058920357667113336
12474,202611,0,0.12333242387018088
12476,202611,0,0.13135645447049535
12479,202611,0,0.19726391198240953
12481,202611,0,0.12592077119077533
12484,202611,1,0.1536501845629547
12487,202611,0,0.059282691731921695
12491,202611,1,0.13686010297560486
12493,202611,0,0.14087796354331047
12501,202611,0,0.13870330924370516
12504,202611,0,0.112014801924101
12507,202611,0,0.12297686724830978
12510,202611,0,0.11334430430659725
12512,202611,0,0.2531404152677591
12519,202611,1,0.11902719897608811
12520,202611,0,0.13643590677760245
12526,202611,0,0.1279900849167478
12529,202611,0,0.18055569815633563
12532,202611,0,0.12586774984017923
12533,202611,0,0.1523389394714192
12544,202611,0,0.19991337902763268
12546,202611,0,0.11508834488961672
12551,202611,0,0.15041775730093182
12555,202611,0,0.23320170405841137
12576,202611,0,0.11998078514616133
12581,202611,0,0.13465667690669417
12588,202611,0,0.14820253750140547
12593,202611,0,0.09701239637399692
12594,202611,0,0.11395830441881824
12598,202611,0,0.1196023908993361
12599,202611,0,0.17272120590674586
12601,202611,0,0.15032838360950626
12610,202611,0,0.15910232771633445
12615,202611,1,0.15526912361118944
12616,202611,1,0.11177767858569512
12622,202611,0,0.06133788067182437
12623,202611,1,0.11637227226374952
12624,202611,0,0.11502343278775483
12625,202611,0,0.14946222185430383
12629,202611,0,0.31567496610787615
12632,202611,0,0.048305501556016456
12634,202611,0,0.044273116588507126
12635,202611,0,0.1304527602234792
12638,202611,0,0.14407754117898683
12640,202611,0,0.04442491162412185
12641,202611,0,0.13450984811966563
12643,202611,0,0.10648656780252685
12644,202611,0,0.06263271042193665
12647,202611,0,0.11997853387255675
12651,202611,0,0.1775595117422421
12657,202611,0,0.136292819080233
12658,202611,0,0.12385512723378976
12660,202611,0,0.14811234762075684
12661,202611,0,0.1194249164356355
12666,202611,0,0.10415625762086249
12673,202611,0,0.09993337981762658
12676,202611,1,0.15959897587934208
12678,202611,0,0.12174261225887599
12681,202611,0,0.14545279492333993
12682,202611,0,0.21444004637082392
12684,202611,0,0.06005177334558298
12686,202611,1,0.1772143012661031
12689,202611,0,0.13675084697339607
12699,202611,0,0.1545599533508454
12701,202611,0,0.12922869511122986
12710,202611,0,0.10205154698317219
12712,202611,0,0.13097733244209164
12713,202611,0,0.14938834044493696
12715,202611,0,0.1090519624369282
12716,202611,0,0.13637854990011142
12717,202611,0,0.1261072830921338
12718,202611,0,0.14378266775923018
12720,202611,0,0.12822439769994448
12724,202611,0,0.12421296787607561
12725,202611,0,0.16067660096674943
12726,202611,0,0.13303924898373076
12741,202611,0,0.13957379433775588
12742,202611,0,0.17248121010156006
12743,202611,0,0.1417755545976463
12748,202611,0,0.11521126872906391
12749,202611,0,0.05547693612065255
12751,202611,0,0.14547921118382276
12752,202611,0,0.14070713904792764
12756,202611,0,0.10919612680063369
12760,202611,0,0.1148272602428312
12761,202611,0,0.14010109294699422
12764,202611,0,0.14549251207415548
12767,202611,0,0.055004320099483965
12772,202611,1,0.1289899366486488
12774,202611,0,0.12938793245796024
12782,202611,0,0.08502246008106343
12783,202611,0,0.2064301744254667
12784,202611,0,0.11677742398557604
12785,202611,0,0.13750613031919953
12787,202611,0,0.15681589599649237
12798,202611,0,0.11190995143931058
12801,202611,1,0.15601502114767646
12805,202611,0,0.1316425119132223
12806,202611,0,0.0984373118415658
12809,202611,0,0.08773890095887055
12815,202611,0,0.12712432138962135
12820,202611,0,0.05393654883027584
12824,202611,0,0.08542983641365608
12829,202611,0,0.13677915970953752
12832,202611,1,0.1349634653228497
12833,202611,0,0.12825208178386488
12841,202611,0,0.12900878200098062
12843,202611,0,0.10655254688316727
12847,202611,0,0.13392996025130174
12848,202611,0,0.14132526187978836
12849,202611,0,0.1269672606100398
12852,202611,0,0.12605865817240772
12855,202611,0,0.13364054473526019
12864,202611,0,0.1732028774881435
12872,202611,0,0.05722309229953496
12873,202611,0,0.1760113729559127
12874,202611,0,0.13986437550482334
12875,202611,1,0.0542959464929735
12877,202611,0,0.21211938410233733
12879,202611,0,0.12987277642635595
12885,202611,0,0.1436560871829314
12886,202611,1,0.14450475950656272
12891,202611,1,0.1256286158729919
12893,202611,0,0.14156448176693923
12894,202611,0,0.15695216695210934
12895,202611,0,0.207679770837872
12901,202611,0,0.05529993688750533
12908,202611,1,0.11967327317059907
12912,202611,0,0.12690591383807565
12919,202611,0,0.13371276825957748
12924,202611,0,0.1295861579022866
12925,202611,1,0.09282917981788028
12929,202611,0,0.11396202615073973
12931,202611,0,0.14335542228566023
12942,202611,1,0.13216664303666428
12945,202611,0,0.1170729143637385
12958,202611,0,0.05651373718548946
12962,202611,0,0.1379484242634177
12964,202611,0,0.15015516538487256
12974,202611,0,0.15281230841340268
12976,202611,0,0.05669239494560869
12980,202611,0,0.13356039275968745
12982,202611,1,0.10409610971801171
12984,202611,0,0.12346569946598504
12987,202611,0,0.08372482164558571
12991,202611,0,0.14114589030586275
12995,202611,0,0.1196953931652298
13001,202611,0,0.2158846692286375
13005,202611,0,0.16492784025245982
13006,202611,0,0.12344747185506713
13015,202611,0,0.12877179997147492
13017,202611,0,0.14410377098817456
13027,202611,1,0.1305720121827464
13033,202611,0,0.15027233447925673
13034,202611,0,0.12953526229406498
13035,202611,0,0.11069476092071766
13038,202611,0,0.20710992557521557
13041,202611,1,0.13472286039641757
13044,202611,0,0.048606902610699554
13045,202611,0,0.13414890628234435
13052,202611,0,0.05264216405242978
13059,202611,0,0.13477182484771824
13060,202611,0,0.04685886886802481
13061,202611,0,0.12548186892779106
13066,202611,0,0.2120963386896803
13080,202611,0,0.21075633138152408
13082,202611,0,0.1805017270129091
13100,202611,1,0.1295622336164411
13105,202611,0,0.13350160955407295
13106,202611,0,0.2422945126576427
13121,202611,0,0.15858629097996238
13123,202611,0,0.16858700163493504
13125,202611,0,0.043584700650806656
13129,202611,0,0.1357236083868473
13130,202611,0,0.10818245548937129
13132,202611,0,0.16041718062241336
13133,202611,0,0.11699762832021521
13135,202611,0,0.14711898018262082
13141,202611,0,0.12038207394978641
13145,202611,0,0.2291123937074609
13149,202611,0,0.0635577520127345
13153,202611,0,0.15452692300808893
13158,202611,0,0.134581615850494
13159,202611,0,0.14092373605111325
13169,202611,0,0.33172040257598173
13170,202611,0,0.12445220421663628
13178,202611,0,0.14088064473897063
13179,202611,0,0.07033323201863993
13180,202611,0,0.13546823370414987
13181,202611,0,0.12649479017779963
13183,202611,0,0.05752969514922514
13191,202611,1,0.1439485351884685
13196,202611,0,0.12073568319448572
13200,202611,0,0.12757428845878177
13202,202611,0,0.10804712426953235
13204,202611,0,0.06001916728613188
13208,202611,0,0.12808115476464293
13212,202611,0,0.1260324138337019
13213,202611,0,0.14142737528891713
13215,202611,1,0.12792736158388776
13217,202611,1,0.11369430080008137
13218,202611,0,0.14000595148518644
13225,202611,0,0.11523015936081656
13229,202611,0,0.12261131109023245
13232,202611,0,0.12836435430027265
13233,202611,0,0.1513490125696845
13234,202611,0,0.05380269453352882
13249,202611,0,0.058599645369159105
13253,202611,0,0.13268201738994426
13255,202611,0,0.13750083866946491
13257,202611,0,0.22545349100967998
13260,202611,1,0.12287076339664711
13266,202611,0,0.0491368066045105
13269,202611,0,0.05647401656360328
13270,202611,0,0.14297822260536885
13274,202611,0,0.12448842257288058
13281,202611,0,0.12947407958792
13287,202611,0,0.09239908683620103
13305,202611,0,0.12637029367102773
13308,202611,0,0.044823012153377376
13309,202611,0,0.061462880523706936
13310,202611,0,0.15307458156724105
13314,202611,0,0.14937671628729307
13315,202611,0,0.05339813101884101
13324,202611,0,0.09698644858045195
13326,202611,0,0.1333305416329378
13328,202611,1,0.11420538060339736
13329,202611,1,0.13113996908647277
13333,202611,0,0.14333637800082943
13335,202611,1,0.21024707747830404
13336,202611,0,0.10018153644319108
13345,202611,0,0.14393658357181788
13348,202611,0,0.14688798891707736
13350,202611,0,0.20390470101290692
13354,202611,0,0.1405898398190315
13360,202611,0,0.16311134980423442
13364,202611,0,0.15073442773743592
13366,202611,0,0.14361244331790377
13368,202611,0,0.12420976416195148
13375,202611,0,0.09251553651900266
13376,202611,0,0.12498797173839285
13380,202611,0,0.101358669756754
13382,202611,0,0.05243580179541188
13384,202611,0,0.15682808265530238
13387,202611,0,0.14811532155356685
13390,202611,0,0.07987336469140571
13393,202611,1,0.1427191707298073
13395,202611,1,0.159881813823526
13398,202611,0,0.13943593933417736
13403,202611,0,0.11928665250790368
13404,202611,0,0.08130005992639334
13405,202611,0,0.14264659061971674
13409,202611,0,0.1774518441033247
13411,202611,0,0.12712032976996146
13414,202611,0,0.1320289294328918
13416,202611,0,0.11488593309628362
13417,202611,0,0.0549806387273135
13418,202611,0,0.13375658711091515
13422,202611,0,0.061196982418424216
13430,202611,0,0.23501582120313497
13435,202611,0,0.05183482564924078
13437,202611,1,0.13936568179361758
13439,202611,0,0.1307723187598121
13446,202611,0,0.11484096586309546
13448,202611,0,0.08814155664232536
13449,202611,0,0.12995556642167
13451,202611,0,0.13268092473567553
13455,202611,0,0.14276245782242364
13459,202611,1,0.15288155080408947
13468,202611,0,0.1442535974993739
13470,202611,0,0.060196046907513866
13474,202611,0,0.059574012665870216
13478,202611,0,0.15102982512148377
13485,202611,0,0.12932045826874644
13488,202611,0,0.16096822858629106
13489,202611,0,0.1008428921194001
13490,202611,1,0.1162044281787911
13491,202611,1,0.22449303247578076
13500,202611,0,0.1340807456197666
13505,202611,0,0.05607995585173792
13506,202611,0,0.13279871354670822
13517,202611,0,0.06652748208407303
13518,202611,0,0.08953099178493992
13523,202611,0,0.12307868773164075
13529,202611,0,0.1315132134341757
13532,202611,0,0.06802538000679058
13534,202611,0,0.12200135048679987
13537,202611,1,0.13965101852780068
13539,202611,0,0.13280006805964795
13547,202611,0,0.14202264398745035
13548,202611,0,0.14322887561673867
13550,202611,0,0.32567242794542933
13554,202611,0,0.16175307786839843
13555,202611,0,0.17998532713678475
13556,202611,0,0.15601819318720575
13558,202611,0,0.05737030947208867
13562,202611,0,0.11874309081857447
13566,202611,0,0.13305789558597636
13574,202611,0,0.07660270159060877
13576,202611,0,0.1345283063212722
13577,202611,0,0.17841992896426684
13580,202611,0,0.06473510285138798
13586,202611,0,0.21658262084214738
13588,202611,1,0.16334619190748775
13597,202611,1,0.20842810623609054
13598,202611,0,0.2416991169778073
13600,202611,0,0.1294852349995903
13602,202611,0,0.11137124812676139
13604,202611,0,0.1244805195295797
13608,202611,1,0.1361543208235286
13616,202611,0,0.13427386266531294
13619,202611,1,0.2179606324347563
13623,202611,0,0.13509251732486408
13627,202611,0,0.176778703063642
13628,202611,1,0.140794499588129
13630,202611,0,0.0699636703701628
13631,202611,1,0.14315079816632326
13633,202611,0,0.1604904141620401
13635,202611,0,0.14344861447930393
13636,202611,0,0.15534812790340383
13640,202611,0,0.13592585363905788
13642,202611,0,0.2318527840483401
13647,202611,0,0.1463310296380906
13648,202611,0,0.295345475541987
13650,202611,1,0.22295139121711857
13652,202611,0,0.13357623747587044
13659,202611,0,0.05299377949905115
13660,202611,0,0.09697155345998248
13661,202611,1,0.12931122796293243
13663,202611,1,0.19344864482517743
13666,202611,0,0.1443368186448355
13667,202611,0,0.061557168900008015
13672,202611,0,0.11992913189129999
13673,202611,0,0.15097422993555515
13675,202611,0,0.11874993950614171
13678,202611,0,0.12686846045515207
13682,202611,0,0.09738865702186532
13684,202611,0,0.12003923817205349
13689,202611,0,0.13415473986151313
13690,202611,0,0.12608756887334033
13696,202611,0,0.1398112784980348
13706,202611,0,0.14316676475876017
13710,202611,0,0.3457778858258911
13711,202611,0,0.1441326789434625
13712,202611,0,0.1410618671023492
13717,202611,0,0.06105998017581779
13718,202611,0,0.11679734179607641
13719,202611,0,0.1382942865797347
13720,202611,0,0.10742462897455815
13722,202611,0,0.11223461948401603
13723,202611,0,0.14436243458606
13726,202611,0,0.1191614046165791
13733,202611,0,0.062119408158796977
13737,202611,1,0.062017534015505416
13739,202611,0,0.14240527513580936
13743,202611,0,0.14712461160811835
13750,202611,0,0.12094239324124637
13751,202611,0,0.09136447139129213
13752,202611,1,0.1354458659401285
13754,202611,0,0.20419015747902208
13756,202611,0,0.06122601546651176
13760,202611,0,0.06214592651387592
13762,202611,0,0.1484620337524591
13763,202611,0,0.12930590571911044
13766,202611,0,0.0663165789317682
13767,202611,0,0.05380811645250319
13769,202611,0,0.10872217667874452
13770,202611,0,0.11863224739012386
13774,202611,0,0.17156606775966293
13776,202611,0,0.14659823021969282
13780,202611,0,0.06730504416416978
13781,202611,1,0.2026883588799121
13782,202611,1,0.22478123787072574
13784,202611,0,0.0624973203898696
13789,202611,0,0.14022794516399203
13790,202611,0,0.14623351956872363
13792,202611,0,0.08752025576127388
13795,202611,0,0.13412212232107462
13797,202611,0,0.11700628980478696
13800,202611,0,0.11248223262681839
13804,202611,0,0.12047638558874854
13806,202611,1,0.1185333131956094
13809,202611,1,0.11379889421444374
13815,202611,0,0.1176219005280251
13816,202611,0,0.14982860258012531
13817,202611,0,0.15814277128914395
13820,202611,0,0.21110039881977483
13821,202611,1,0.11823997094872549
13824,202611,0,0.16551704111492496
13830,202611,0,0.17216077316028805
13838,202611,0,0.12266237584028972
13840,202611,0,0.05139775815529164
13841,202611,0,0.06367582666853401
13842,202611,0,0.151193932893984
13843,202611,0,0.06643037114338649
13849,202611,0,0.12214016089952935
13850,202611,1,0.14201634881968403
13852,202611,0,0.15358921089779268
13855,202611,0,0.05064833553308944
13858,202611,0,0.12922968007922786
13863,202611,0,0.047419373579023004
13871,202611,0,0.23029768657078112
13872,202611,0,0.13433900111737837
13873,202611,0,0.1151322168106802
13874,202611,0,0.1353743027636894
13877,202611,0,0.15708510017554314
13878,202611,1,0.12903146123487275
13879,202611,0,0.1333029292809994
13885,202611,0,0.1430309405017277
13886,202611,0,0.13044592270184568
13892,202611,0,0.10534918436416674
13895,202611,0,0.06783650213634863
13906,202611,0,0.15831298212597528
13907,202611,0,0.1413169301661006
13908,202611,0,0.047881801643867725
13909,202611,0,0.12225188112167937
13911,202611,0,0.11271973294187526
13914,202611,1,0.1315915365073976
13918,202611,0,0.16991437022055747
13919,202611,0,0.1509371483305514
13923,202611,1,0.15305791352737164
13927,202611,0,0.18472960077920828
13930,202611,0,0.052531374623582865
13931,202611,0,0.1453685946124031
13933,202611,0,0.1557006082682978
13935,202611,1,0.1412965750176736
13938,202611,0,0.15903618640805847
13943,202611,0,0.0548825235890243
13944,202611,0,0.0699457949847828
13946,202611,0,0.12834714873270298
13949,202611,0,0.10392584900158053
13950,202611,1,0.0916538951583021
13952,202611,0,0.1840831579689754
13957,202611,0,0.14671760953614552
13958,202611,0,0.07387167913548502
13965,202611,0,0.07750076886916583
13970,202611,0,0.053262526407845776
13972,202611,0,0.15144242945674272
13981,202611,0,0.16782215002830358
13983,202611,0,0.0841859757743805
13984,202611,1,0.14469946463387443
13985,202611,0,0.11848676211792077
13986,202611,0,0.11702006518081218
13991,202611,1,0.09092468236704247
13992,202611,1,0.15370026270389445
13993,202611,0,0.16084193071695363
13995,202611,0,0.12665629243001472
13998,202611,0,0.11055332494429157
14000,202611,0,0.04871226901971789
14002,202611,0,0.0632203030292498
14003,202611,0,0.07871237671258566
14006,202611,1,0.14941070993727193
14011,202611,1,0.13143397319046768
14019,202611,0,0.1659281733964419
14020,202611,1,0.13592916498054067
14021,202611,0,0.3442660048144862
14022,202611,1,0.11120256177394962
14026,202611,0,0.1581068299498735
14031,202611,0,0.06931217377755115
14032,202611,0,0.14393646162774235
14034,202611,0,0.12760049227786302
14035,202611,0,0.14595239391495757
14043,202611,0,0.07159632118761872
14046,202611,0,0.13516341701225593
14048,202611,0,0.1461093486403679
14056,202611,1,0.14701378998026488
14057,202611,0,0.12966093820308375
14062,202611,1,0.11802695933541471
14065,202611,0,0.11506089051960239
14067,202611,0,0.07099520200445501
14082,202611,0,0.059832096521151235
14083,202611,1,0.1707995268597065
14086,202611,0,0.14222455627040445
14094,202611,1,0.23007076503312632
14102,202611,1,0.06062910430325615
14103,202611,0,0.23261666034792244
14104,202611,0,0.16298933546611066
14106,202611,0,0.19879037943770295
14107,202611,0,0.15097325487154314
14109,202611,1,0.13492038754145638
14111,202611,0,0.05658708994393468
14113,202611,1,0.12517843371204107
14115,202611,1,0.13685125253776345
14116,202611,0,0.05368607492073493
14118,202611,0,0.06416482510729883
14119,202611,0,0.13675446792821896
14122,202611,0,0.11275484423985731
14123,202611,0,0.12121234697464327
14124,202611,0,0.0606261645079016
14125,202611,0,0.14046675812391982
14126,202611,0,0.1526222917959756
14127,202611,0,0.13096997934109644
14133,202611,0,0.14894115414713183
14137,202611,0,0.13515570020401466
14139,202611,0,0.10662460181855894
14143,202611,0,0.11621498517294324
14148,202611,0,0.12241087926507771
14149,202611,0,0.11339311024935902
14150,202611,0,0.057145903617415596
14162,202611,0,0.05921691246631519
14163,202611,0,0.12283272097514632
14164,202611,0,0.12497373744925107
14169,202611,1,0.13337635609868076
14173,202611,0,0.10538150192492823
14174,202611,0,0.15922102542410668
14178,202611,0,0.14483233378589822
14181,202611,0,0.06841056449799512
14186,202611,0,0.10770596911799972
14187,202611,0,0.13687680504781585
14188,202611,0,0.1168115830574833
14190,202611,1,0.04696595063699895
14192,202611,0,0.16118057959426002
14193,202611,0,0.14931326095124345
14195,202611,1,0.15670508941744246
14198,202611,0,0.2466558288215547
14200,202611,0,0.157097294602853
14201,202611,0,0.1329405793392466
14208,202611,0,0.22242958998272866
14212,202611,1,0.1477753294407217
14214,202611,0,0.13083730409897923
14220,202611,0,0.11275608384120046
14224,202611,0,0.14451938036790601
14229,202611,0,0.12109100634224802
14232,202611,1,0.15865445627673763
14233,202611,0,0.10293390011646482
14235,202611,1,0.14055207429590824
14241,202611,0,0.05565018506264492
14242,202611,0,0.14220200567229555
14246,202611,0,0.12936510865812284
14247,202611,0,0.11788495456215754
14250,202611,0,0.05919087706220611
14251,202611,0,0.22461500764786563
14254,202611,0,0.17085915249250314
14257,202611,0,0.07542596541794395
14259,202611,0,0.13855858128796084
14261,202611,0,0.12516005296233873
14262,202611,1,0.14784397355907486
14267,202611,1,0.12083465271777105
14281,202611,0,0.11254837783899524
14282,202611,0,0.14461966684051278
14285,202611,0,0.056138669392572456
14286,202611,0,0.1452004886709569
14292,202611,1,0.1433260742647071
14293,202611,0,0.14070649011875377
14294,202611,1,0.17351752817586755
14296,202611,1,0.22657608909605967
14297,202611,0,0.0546702369290618
14298,202611,0,0.11573215033760303
14301,202611,0,0.05596246181091699
14308,202611,0,0.1188033483615541
14311,202611,0,0.1416050860985067
14313,202611,0,0.24467502656750514
14314,202611,0,0.05267620447414812
14315,202611,0,0.05227754001401132
14318,202611,1,0.15171776872912823
14320,202611,0,0.13534084176296732
14325,202611,0,0.06077957587346904
14333,202611,0,0.1396030525989536
14336,202611,0,0.13305968242505314
14338,202611,0,0.13850748105307625
14340,202611,1,0.13359849788083994
14344,202611,1,0.1708670728672346
14354,202611,0,0.13782288588085204
14359,202611,0,0.14598683655955005
14361,202611,0,0.13272547871350393
14362,202611,0,0.1441695560645964
14363,202611,0,0.163183792039118
14367,202611,1,0.14077616306326945
14369,202611,0,0.07452017115489987
14370,202611,0,0.23633411916392572
14376,202611,0,0.11414883263408031
14382,202611,0,0.2583906031329212
14387,202611,0,0.11540753697170977
14389,202611,0,0.15956879830415507
14390,202611,0,0.12950965736450126
14392,202611,0,0.13148480693454964
14393,202611,0,0.10081887275871687
14396,202611,0,0.13816733597173103
14407,202611,0,0.1269391502840696
14410,202611,1,0.1434117451894304
14412,202611,0,0.1090552982346999
14413,202611,0,0.15181975889953347
14414,202611,0,0.04270629280377365
14416,202611,0,0.14001216762677554
14417,202611,0,0.13050174820924523
14420,202611,1,0.11997211449370532
14423,202611,0,0.1527162134371166
14427,202611,0,0.15356059631227922
14430,202611,0,0.17545266218374186
14433,202611,0,0.1344731085401805
14434,202611,0,0.12465329075254686
14435,202611,0,0.19787060113307767
14436,202611,0,0.11811903404193994
14438,202611,0,0.05305509361561173
14439,202611,0,0.1300939879757331
14442,202611,0,0.11096043535636299
14443,202611,1,0.14307780560049127
14444,202611,0,0.08171884434393337
14446,202611,0,0.1175886852795494
14448,202611,1,0.159427155947085
14449,202611,0,0.23273776255942225
14451,202611,0,0.12388397029198055
14459,202611,0,0.1498717731891269
14464,202611,0,0.13120476716410742
14466,202611,1,0.14993406451393979
14467,202611,0,0.15002739985947752
14469,202611,0,0.1394504985596886
14470,202611,0,0.05796342884261454
14471,202611,0,0.15601987554695962
14476,202611,0,0.05560912070069033
14477,202611,0,0.1468489567781014
14479,202611,0,0.06259142080881099
14480,202611,0,0.15530791239304548
14481,202611,0,0.05656876023036323
14484,202611,1,0.13836158472273632
14485,202611,0,0.11028656696220267
14486,202611,0,0.1404675684639374
14488,202611,1,0.16426397877236454
14493,202611,0,0.12394915953504747
14499,202611,1,0.1257081622175832
14504,202611,0,0.15198631944377672
14508,202611,0,0.1320794329356888
14509,202611,0,0.14472482000932851
14510,202611,1,0.16533100045910304
14516,202611,0,0.1587152936222029
14520,202611,0,0.1292085093961527
14522,202611,0,0.15645751205509795
14523,202611,0,0.12474897382904342
14529,202611,0,0.1550339048780227
14532,202611,0,0.06436351484864009
14537,202611,0,0.06105960552855066
14538,202611,1,0.13226736045227208
14540,202611,0,0.13671774185841862
14541,202611,0,0.11762360478512358
14542,202611,1,0.17293784453423514
14544,202611,0,0.14511433395347
14548,202611,0,0.0884505489963981
14550,202611,0,0.1784984483471876
14551,202611,1,0.14671807856743463
14554,202611,0,0.06529791913571466
14555,202611,0,0.060298814458836864
14563,202611,1,0.13827221359278352
14564,202611,0,0.14319320743865735
14571,202611,0,0.07117740187326382
14572,202611,0,0.1501795690237945
14574,202611,1,0.14407550183497328
14576,202611,0,0.12533672029653598
14580,202611,0,0.06911058079308462
14581,202611,0,0.1270409460735115
14582,202611,0,0.17203752281750365
14583,202611,0,0.11781590961000823
14586,202611,0,0.12962704303198333
14591,202611,0,0.12814398352616202
14593,202611,0,0.1522313078666343
14594,202611,0,0.13285921901824818
14599,202611,1,0.140981240708039
14601,202611,0,0.13837019304545728
14602,202611,0,0.09963092178235662
14603,202611,1,0.1582942349196548
14604,202611,0,0.15404647420221598
14610,202611,0,0.16883255149332255
14617,202611,1,0.2257844280917063
14618,202611,1,0.12679015448923822
14620,202611,0,0.14088961413249074
14622,202611,0,0.1634831507679844
14628,202611,0,0.06641639110017808
14629,202611,0,0.2704434586424339
14630,202611,0,0.13437325714268786
14632,202611,0,0.33764936978459864
14634,202611,0,0.11860335213549741
14640,202611,1,0.16026326474112038
14646,202611,0,0.052031985777057976
14648,202611,0,0.14070270792882814
14650,202611,1,0.16139191885669182
14651,202611,0,0.13298939999100307
14658,202611,0,0.2431864041293045
14661,202611,0,0.13488448025821664
14666,202611,0,0.06436365101567953
14672,202611,0,0.19341762095989176
14673,202611,0,0.12412952528110642
14675,202611,1,0.2109257052858486
14678,202611,1,0.1313643867253658
14680,202611,0,0.12315303380284666
14685,202611,0,0.18552139098758536
14688,202611,0,0.14750073886607587
14692,202611,1,0.13772270388026642
14694,202611,0,0.12871623392044226
14695,202611,0,0.18387356684933118
14702,202611,0,0.1501007533431114
14705,202611,0,0.05428982604639932
14706,202611,0,0.14625153145929437
14707,202611,0,0.15251445226190416
14711,202611,0,0.1403366235164855
14713,202611,0,0.06807534291441479
14714,202611,0,0.1310098260575015
14717,202611,0,0.13905811468171198
14721,202611,1,0.1411424650172358
14722,202611,0,0.2294109423512062
14726,202611,0,0.13438943915094187
14735,202611,0,0.1226919933849071
14736,202611,0,0.15931880185350794
14742,202611,0,0.1815816681431372
14744,202611,0,0.3899133858067423
14746,202611,0,0.13871650538884817
14748,202611,0,0.13531674675486866
14751,202611,0,0.17460279470938003
14753,202611,0,0.17081086164140216
14754,202611,0,0.14397329301842188
14755,202611,1,0.11546084593555697
14759,202611,0,0.16672186636080305
14764,202611,0,0.1700192578726241
14766,202611,0,0.14933637265751423
14767,202611,0,0.16966090873743106
14768,202611,0,0.15822495078133328
14770,202611,0,0.13158869986614857
14773,202611,0,0.16327000556707713
14777,202611,0,0.13245521790465553
14778,202611,0,0.12209033157349433
14779,202611,0,0.10597296633666055
14782,202611,0,0.13379443217049772
14783,202611,0,0.15511387574421898
14784,202611,0,0.12472152496926717
14791,202611,1,0.15783232637615613
14793,202611,0,0.05418225849836662
14794,202611,1,0.23608831759792712
14795,202611,0,0.13303856581418316
14796,202611,1,0.3989398479527228
14797,202611,0,0.14829532588789923
14800,202611,0,0.058291752982783065
14802,202611,0,0.135055599912173
14803,202611,0,0.05317796942103026
14805,202611,0,0.15183295964780072
14808,202611,0,0.22908114344656477
14809,202611,0,0.06493421042165663
14812,202611,0,0.3628448016630255
14813,202611,0,0.1496793854586325
14814,202611,0,0.13659064662490233
14818,202611,0,0.17600243793022732
14819,202611,0,0.10254949232812212
14820,202611,0,0.05368588468266267
14821,202611,0,0.24931543677911766
14822,202611,0,0.1473582457233058
14824,202611,1,0.22884538006817753
14826,202611,0,0.14920035658534486
14827,202611,0,0.12438249975237528
14831,202611,0,0.1581161360349059
14832,202611,0,0.13310168826029525
14834,202611,1,0.17036163414826339
14839,202611,0,0.15482018228428335
14841,202611,1,0.15631699833964394
14842,202611,0,0.15922248860521804
14848,202611,0,0.1264029182948839
14849,202611,0,0.05666126505177679
14852,202611,1,0.1409175785724688
14855,202611,0,0.13193918162309523
14856,202611,0,0.1669576981383812
14865,202611,0,0.06876716379670353
14866,202611,0,0.05920230326608651
14869,202611,0,0.11831178190681921
14873,202611,0,0.16106856971521
14877,202611,0,0.12981835477534134
14878,202611,1,0.136271253908064
14881,202611,0,0.05922062395198548
14882,202611,0,0.22401256724547036
14883,202611,0,0.15125372606746812
14885,202611,0,0.16286440806802926
14889,202611,0,0.17291943288441516
14890,202611,0,0.16187674332176166
14892,202611,0,0.12686146011202942
14893,202611,0,0.05899061026337494
14894,202611,0,0.06132306779268293
14895,202611,1,0.1507048132443624
14897,202611,0,0.150227655136221
14901,202611,0,0.11495172126329042
14904,202611,0,0.048387591293732914
14908,202611,0,0.1467976239462425
14909,202611,1,0.16282385887043352
14910,202611,1,0.11234799949925986
14914,202611,0,0.1342705279610282
14916,202611,0,0.0973036967823301
14917,202611,0,0.05261941101025526
14918,202611,0,0.12048419934753336
14919,202611,1,0.2513753956752774
14923,202611,0,0.12373831870154534
14927,202611,0,0.1286423323501666
14928,202611,1,0.10571030354599349
14929,202611,0,0.1403722724382177
14931,202611,0,0.1471365902157482
14934,202611,1,0.132392907301789
14935,202611,0,0.22539512230293843
14948,202611,0,0.25777596064149944
14950,202611,0,0.13197622431489894
14951,202611,0,0.14316245389714416
14952,202611,0,0.061929345197305176
14954,202611,0,0.22162266204203698
14960,202611,0,0.06693010190425312
14962,202611,0,0.057281779621557186
14970,202611,0,0.12778591790883873
14973,202611,0,0.13361667853377893
14976,202611,0,0.15145110866825218
14978,202611,0,0.1325353586572991
14979,202611,1,0.14661055231388065
14982,202611,0,0.129885715426095
14985,202611,0,0.06122216447569629
14986,202611,0,0.12683824537190097
14987,202611,0,0.11591854910525376
14988,202611,0,0.19508556870760277
14991,202611,0,0.11952275447720281
14994,202611,1,0.23496646746387279
14996,202611,1,0.1598746267603447
14997,202611,0,0.143736984298601
14998,202611,0,0.14430702507476897
14999,202611,0,0.13989757972182784
15000,202611,0,0.12512261673122999
15003,202611,1,0.1401841552560677
15005,202611,0,0.15671622819950878
15006,202611,0,0.13833847098466134
15009,202611,0,0.16029828562480647
15012,202611,1,0.19626918944764854
15015,202611,0,0.13741850218853313
15018,202611,0,0.14167680543743744
15029,202611,0,0.15220842692862313
15036,202611,1,0.1413672206072724
15037,202611,0,0.21901412638856055
15040,202611,1,0.17214431660003948
15041,202611,0,0.14613762311239645
15042,202611,0,0.12938309798588427
15046,202611,1,0.20464272851931428
15047,202611,0,0.1266417017160186
15050,202611,0,0.14005126395244616
15053,202611,0,0.1596383971044459
15056,202611,0,0.1574262398556915
15057,202611,0,0.1563427656214622
15058,202611,0,0.1334655665116791
15060,202611,0,0.10299114563049487
15061,202611,1,0.14427896585478747
15062,202611,0,0.15011178236475872
15066,202611,0,0.06165843002975929
15067,202611,0,0.16168838950185668
15068,202611,0,0.0651234149604718
15069,202611,0,0.06544723940392468
15072,202611,0,0.13440167678362944
15077,202611,0,0.13869973691787263
15089,202611,0,0.14335902106428866
15093,202611,0,0.13985032993003815
15096,202611,1,0.13490553274990258
15097,202611,1,0.10197268674229011
15099,202611,0,0.13229599303374062
15101,202611,0,0.16011735572273506
15103,202611,0,0.14620289499416528
15104,202611,0,0.12785458059127516
15105,202611,0,0.12241451977382567
15108,202611,0,0.13922722834298834
15109,202611,0,0.12722730059843435
15112,202611,0,0.1334700873364017
15114,202611,0,0.15668234419823712
15117,202611,0,0.06190694760045304
15122,202611,0,0.11442407035411326
15126,202611,1,0.15381253550336949
15128,202611,1,0.14764685566455926
15129,202611,1,0.16371993096048548
15130,202611,0,0.053113622495351495
15132,202611,0,0.06367909892024251
15133,202611,0,0.11617215760895773
15134,202611,0,0.057396485144588845
15136,202611,0,0.13489805451869835
15137,202611,0,0.2219205567855128
15139,202611,1,0.11636063582567995
15142,202611,0,0.06407267493205106
15145,202611,0,0.12126940461037898
15146,202611,0,0.05970491732155774
15147,202611,0,0.1254843955633886
15150,202611,0,0.220950941587194
15159,202611,1,0.13916261354294418
15163,202611,0,0.15801055994544014
15165,202611,0,0.05961657920886814
15167,202611,0,0.1251846543253849
15168,202611,0,0.053819376884162606
15173,202611,0,0.12488832635363452
15181,202611,0,0.13080249534340593
15183,202611,0,0.15779812188502929
15185,202611,0,0.17189578488861387
15186,202611,0,0.15477568678504247
15189,202611,0,0.1148834513225506
15190,202611,0,0.05203987972349914
15191,202611,0,0.12183400488433924
15193,202611,0,0.1550140387641249
15196,202611,0,0.11283902378965044
15199,202611,0,0.14522372974348005
15200,202611,0,0.1483650568137902
15201,202611,0,0.16482732759957788
15204,202611,0,0.18031982355142476
15207,202611,0,0.058813657982592873
15209,202611,0,0.16224066369136889
15212,202611,0,0.1185881450592907
15213,202611,0,0.1338240869785243
15214,202611,0,0.14880144952406843
15215,202611,0,0.17221299982160437
15216,202611,0,0.15212207078324003
15222,202611,0,0.13154073982637382
15223,202611,0,0.10163266729028475
15224,202611,1,0.23254676279771244
15227,202611,1,0.12623957876981354
15231,202611,0,0.12235778149402778
15234,202611,1,0.1489591489657215
15236,202611,0,0.13977545376022327
15240,202611,0,0.1626954684037071
15241,202611,0,0.1624618102631064
15242,202611,0,0.1746900911619016
15243,202611,0,0.17175552969557037
15247,202611,0,0.13780204782540972
15250,202611,0,0.11869067253405445
15253,202611,0,0.1370903431421244
15254,202611,0,0.12895167336713648
15255,202611,0,0.14096713711014397
15260,202611,0,0.11769496627156317
15265,202611,0,0.05554199722564199
15275,202611,0,0.1289391523240187
15280,202611,0,0.15383864864909388
15281,202611,0,0.1514718830072995
15282,202611,0,0.1725110076264556
15283,202611,0,0.16222749424456817
15284,202611,0,0.19976265075135183
15289,202611,1,0.13878451683136528
15292,202611,0,0.15389353555966265
15293,202611,0,0.1068040067074533
15300,202611,0,0.16477042188194027
15301,202611,0,0.1387527487368324
15302,202611,0,0.3464990530204457
15303,202611,0,0.13405252861635383
15306,202611,0,0.11459853994917951
15307,202611,1,0.16047812950624524
15310,202611,1,0.1962147889745022
15311,202611,0,0.14258308823578736
15313,202611,0,0.1428811687949411
15320,202611,0,0.13283946082141818
15322,202611,0,0.05505710606236143
15324,202611,0,0.140551133132837
15327,202611,0,0.1657208635160838
15329,202611,0,0.13469670715582507
15340,202611,0,0.25058715646836716
15349,202611,0,0.12822736262553966
15355,202611,0,0.10981715534003615
15356,202611,0,0.1455718649929158
15359,202611,0,0.3580038877359478
15360,202611,0,0.11897334680785902
15361,202611,0,0.07444286484561188
15364,202611,0,0.15256578372354565
15367,202611,0,0.07632200648624024
15368,202611,0,0.22994092380830491
15372,202611,0,0.2353782512830078
15373,202611,1,0.14820856644208205
15374,202611,0,0.05870649494518297
15377,202611,0,0.17774894519076267
15381,202611,1,0.1352598291027144
15383,202611,0,0.14927783591626437
15386,202611,0,0.04765136291564661
15387,202611,1,0.15818315479486356
15391,202611,0,0.1466057429971644
15394,202611,0,0.043699862520201034
15395,202611,0,0.1579594478470011
15396,202611,0,0.05896510100735095
15397,202611,0,0.11874634852994229
15399,202611,1,0.12435637317141307
15400,202611,0,0.09046088506503269
15404,202611,0,0.1459744727176338
15407,202611,1,0.1252391807548124
15408,202611,0,0.11414199100748133
15409,202611,0,0.0500758766186746
15411,202611,0,0.2177204958492407
15414,202611,0,0.16294668601243004
15416,202611,0,0.11881559495377277
15421,202611,0,0.09878787907367827
15423,202611,0,0.12365359977827538
15425,202611,0,0.052398732043987206
15426,202611,0,0.15903354864182892
15428,202611,0,0.14646901042191424
15429,202611,0,0.13139076429476323
15430,202611,1,0.1498421490048603
15437,202611,0,0.15327757989288282
15438,202611,0,0.06381158454397146
15449,202611,0,0.12546992897266623
15451,202611,1,0.1447670731739803
15455,202611,1,0.13842671392112957
15456,202611,0,0.16206806112656885
15459,202611,0,0.16636065685588267
15460,202611,0,0.1404755275913122
15462,202611,1,0.1522420302777806
15465,202611,0,0.14672794718722734
15466,202611,0,0.14764607947452574
15467,202611,1,0.14385234696009963
15468,202611,0,0.16947614616889697
15469,202611,0,0.06452828830982903
15470,202611,0,0.12819700180529991
15473,202611,0,0.21511422310581196
15474,202611,0,0.14844939404664012
15484,202611,0,0.11717942546032845
15486,202611,0,0.1523892611247129
15488,202611,0,0.13358176820753326
15489,202611,0,0.0600965695787286
15493,202611,0,0.11675607681875379
15494,202611,0,0.12243091778136057
15511,202611,0,0.06101698081407161
15512,202611,0,0.14837539531299812
15517,202611,0,0.16474135338338022
15518,202611,0,0.14538901901551685
15522,202611,0,0.05336947471565503
15524,202611,0,0.163667809335386
15526,202611,0,0.1288436580161539
15527,202611,0,0.12739960819601318
15528,202611,0,0.10653894861542712
15534,202611,0,0.14596382632139454
15537,202611,0,0.16199356568819928
15538,202611,0,0.15089318124827916
15541,202611,0,0.06369135062617304
15544,202611,0,0.14779511646090043
15545,202611,0,0.13876718504759616
15546,202611,0,0.05465227054523778
15547,202611,0,0.056482624051310146
15548,202611,0,0.17026920073832438
15549,202611,0,0.18128718543854722
15550,202611,0,0.12937485036772362
15551,202611,0,0.07084426603875664
15552,202611,0,0.06132779734240876
15553,202611,0,0.1134674844743485
15562,202611,0,0.10509979944509032
15563,202611,0,0.21857634897034314
15564,202611,0,0.16317404851401773
15567,202611,0,0.15166332423901
15568,202611,0,0.13689506900675377
15569,202611,0,0.0625416060607635
15573,202611,0,0.06093854450592236
15574,202611,0,0.10390189994782252
15579,202611,0,0.13051456853664303
15581,202611,0,0.06148533103327239
15582,202611,0,0.13288749583579992
15586,202611,0,0.13809486437567758
15589,202611,0,0.1338072152545329
15590,202611,1,0.11716675081625112
15591,202611,0,0.12728687168682445
15594,202611,0,0.11896152887626196
15596,202611,0,0.1408187701812398
15598,202611,0,0.13440672704151968
15600,202611,0,0.12541132801348628
15603,202611,0,0.1639391973462534
15609,202611,1,0.14927609900021102
15610,202611,1,0.24018367938431628
15613,202611,1,0.12943757725573435
15617,202611,0,0.04932122375630272
15619,202611,0,0.16627995174179105
15625,202611,0,0.12314500494563527
15633,202611,0,0.0671630154071593
15636,202611,0,0.18799357787693727
15637,202611,0,0.14811567151504101
15640,202611,0,0.1190935817245881
15641,202611,0,0.12962445515571275
15642,202611,0,0.10839761220574538
15643,202611,0,0.10269523582562753
15645,202611,1,0.14539436927309868
15650,202611,0,0.12529919302241033
15653,202611,0,0.07510067997792642
15655,202611,0,0.17296199806490595
15661,202611,0,0.15532022088343483
15663,202611,0,0.14005532204689022
15665,202611,0,0.058985805446671015
15667,202611,0,0.1357453821537268
15671,202611,0,0.052587410043279374
15673,202611,0,0.23615617100719066
15676,202611,0,0.06312348630395728
15679,202611,0,0.14779762820000025
15680,202611,1,0.15198441430855966
15684,202611,0,0.23125461876215864
15685,202611,0,0.05124074225820193
15690,202611,0,0.13228555465450736
15695,202611,0,0.116343064329954
15699,202611,0,0.23129338779141298
15701,202611,0,0.07247400787557227
15705,202611,0,0.24103796144806688
15709,202611,0,0.058481612793642855
15717,202611,0,0.14667349084269443
15718,202611,0,0.26843765921285423
15721,202611,1,0.3369869144689334
15724,202611,0,0.16192946686879
15725,202611,0,0.11076500263106218
15728,202611,0,0.13412307834855489
15729,202611,0,0.1470502485120615
15731,202611,0,0.1350986720151361
15732,202611,0,0.12909248204064047
15733,202611,0,0.13538878179834934
15739,202611,0,0.2133944416571187
15742,202611,0,0.0553839543020018
15743,202611,0,0.06166294133883213
15744,202611,0,0.1098236276934641
15745,202611,0,0.05865543101442076
15748,202611,0,0.05764760284420502
15751,202611,0,0.169848774451888
15752,202611,0,0.141846737567176
15760,202611,0,0.070791827063276
15761,202611,0,0.06316925044289154
15764,202611,0,0.1408448521548293
15766,202611,0,0.20037327403860955
15770,202611,0,0.04837478791971154
15771,202611,1,0.1452380453056943
15773,202611,0,0.06227827404833943
15774,202611,1,0.1417438033571182
15777,202611,0,0.13564221634788032
15778,202611,0,0.19245186796981417
15780,202611,0,0.06923733317754087
15782,202611,0,0.3310094234274694
15783,202611,0,0.15408205702856428
15785,202611,0,0.13195300438205174
15787,202611,0,0.14654921509021512
15788,202611,0,0.17564941627348787
15789,202611,1,0.11019340956428353
15793,202611,0,0.22695414319621426
15795,202611,0,0.15878166605199565
15798,202611,0,0.17987305723735877
15801,202611,0,0.17656698232945392
15802,202611,1,0.13314263448383507
15804,202611,1,0.13884610455900784
15809,202611,0,0.129295065906517
15810,202611,0,0.1343922744755806
15814,202611,0,0.12986794543833974
15831,202611,1,0.08293518215069424
15833,202611,0,0.247349727374585
15835,202611,0,0.15961739638887432
15837,202611,0,0.04325749559163936
15841,202611,0,0.122430551143536
15842,202611,0,0.08114443615095365
15845,202611,0,0.1367017735237885
15849,202611,0,0.0623277871958531
15850,202611,0,0.07060287815297502
15851,202611,0,0.045970873090973134
15853,202611,0,0.12090170158255122
15854,202611,0,0.1487102769616847
15857,202611,0,0.060569718046499535
15861,202611,0,0.2573785541959115
15862,202611,1,0.15938120820700136
15863,202611,1,0.1439140621892474
15868,202611,0,0.22220564193940923
15871,202611,0,0.12410637786766476
15873,202611,0,0.11374198807614674
15876,202611,0,0.13663588595631634
15880,202611,1,0.13635487196988738
15883,202611,0,0.12322069363587329
15884,202611,0,0.10001846277234637
15887,202611,0,0.10144484227174529
15888,202611,0,0.12476437680927402
15889,202611,1,0.13843178040441784
15890,202611,0,0.13944267554237816
15891,202611,0,0.1534093855735961
15892,202611,0,0.1191345049986211
15893,202611,0,0.13841645315495957
15897,202611,0,0.0966693552300931
15898,202611,0,0.24697157820897284
15902,202611,0,0.15088261538601874
15903,202611,0,0.07149732081284858
15904,202611,1,0.1447335462720133
15905,202611,0,0.16994119841226227
15910,202611,0,0.14021639378688497
15911,202611,0,0.13357203639740503
15912,202611,0,0.12952628945161018
15916,202611,0,0.05938490948236517
15917,202611,0,0.052426877540981645
15924,202611,0,0.17294639391251837
15930,202611,0,0.16664936974275
15932,202611,0,0.17130280945885967
15937,202611,0,0.13250756197398048
15938,202611,1,0.13641975900938144
15940,202611,0,0.1537892299907273
15942,202611,0,0.12973201084155364
15943,202611,0,0.25900336151892317
15944,202611,1,0.05576446703054659
15945,202611,1,0.12678882903389047
15946,202611,0,0.1330166782974691
15948,202611,0,0.06042164474536767
15949,202611,0,0.06848271017959723
15952,202611,0,0.12476127191955695
15953,202611,1,0.15492420396765993
15954,202611,0,0.05670642400740358
15956,202611,0,0.13250528999186367
15957,202611,0,0.1143252940092693
15960,202611,0,0.0644064589468788
15962,202611,0,0.13419836690126064
15965,202611,0,0.1290274364469646
15968,202611,0,0.1569325165869061
15969,202611,0,0.14773743219837107
15975,202611,0,0.12042229614092892
15977,202611,0,0.23785974694154108
15982,202611,0,0.14464247534421587
15987,202611,1,0.14331481481751737
15988,202611,0,0.149129598617091
15990,202611,0,0.06532986240609251
15991,202611,0,0.05110908825026846
15992,202611,0,0.07017074876512276
15993,202611,0,0.18950536315848077
15997,202611,0,0.13021604830678846
15998,202611,1,0.19544236228415027
16003,202611,0,0.12745770041129947
16009,202611,0,0.14011285220224862
16012,202611,1,0.13862275111771152
16014,202611,0,0.1716481529316041
16015,202611,0,0.14582162754086161
16016,202611,0,0.0614806044234274
16018,202611,1,0.2199439864129204
16019,202611,0,0.14041779127922377
16021,202611,1,0.14448266041201044
16026,202611,0,0.1271779886767509
16029,202611,0,0.15910906164918606
16030,202611,0,0.141985064840418
16031,202611,0,0.05237804741775211
16032,202611,0,0.13801922965418864
16035,202611,1,0.1530159274791887
16037,202611,0,0.059602851811368256
16043,202611,1,0.11341600358016475
16045,202611,0,0.18261229819594393
16049,202611,0,0.13526884824226437
16051,202611,0,0.12869757106603033
16055,202611,0,0.1828779752303009
16061,202611,0,0.16710007219824485
16063,202611,1,0.1300138098935653
16064,202611,0,0.1443610687791806
16065,202611,0,0.06746844329221506
16076,202611,0,0.22429886960309275
16078,202611,0,0.23349144260198046
16085,202611,0,0.14418422489941568
16087,202611,0,0.06051579094635728
16088,202611,0,0.19314834620522203
16091,202611,0,0.14693252827875503
16092,202611,0,0.13494370118484258
16093,202611,0,0.15060078108102035
16095,202611,0,0.15677025357354854
16101,202611,0,0.11192987240907361
16102,202611,0,0.15379269420099695
16110,202611,0,0.16064696323315392
16111,202611,0,0.1314626705227828
16113,202611,0,0.17497582595268737
16118,202611,0,0.16705810790790673
16121,202611,0,0.06258451227673442
16123,202611,0,0.22583601928729377
16127,202611,0,0.1527443832015276
16129,202611,0,0.055300024176000065
16130,202611,0,0.11961552432066046
16133,202611,0,0.12027896422578226
16135,202611,0,0.138043670679658
16136,202611,0,0.12953807166027345
16137,202611,0,0.17756686783446463
16138,202611,0,0.056853758876751474
16140,202611,0,0.17750302031952236
16141,202611,0,0.14808498089351388
16142,202611,0,0.12929381521054234
16145,202611,0,0.15788378194093264
16147,202611,0,0.15915786264697454
16148,202611,0,0.18851507633870065
16149,202611,0,0.1621932236302464
16158,202611,1,0.15992846422260137
16163,202611,0,0.22496596493700724
16166,202611,0,0.05228345695363924
16169,202611,0,0.12219828225826372
16172,202611,0,0.13830046470532956
16173,202611,0,0.1582474414725166
16176,202611,0,0.1283140134952173
16177,202611,0,0.14447120275531256
16179,202611,0,0.144296052393325
16181,202611,0,0.05445997667593929
16182,202611,0,0.27909677652706405
16192,202611,1,0.2069367329818135
16193,202611,1,0.1443021706581274
16197,202611,0,0.1738460744391842
16198,202611,0,0.1274935653748696
16199,202611,0,0.12280916615142468
16201,202611,1,0.13826534178630576
16203,202611,0,0.11126382463276034
16204,202611,0,0.07951548079975358
16209,202611,1,0.15467136674744247
16218,202611,0,0.08126618716907155
16219,202611,0,0.1830500664482291
16220,202611,1,0.11336037944840474
16222,202611,1,0.24189871397933418
16226,202611,0,0.1609172833830831
16227,202611,0,0.11394888933687389
16228,202611,0,0.153568684217063
16229,202611,0,0.16772905877523409
16230,202611,0,0.14517584051783855
16235,202611,0,0.12342415145529105
16237,202611,0,0.06631367537729282
16240,202611,0,0.11832526518654839
16242,202611,0,0.13834298988664245
16246,202611,0,0.16530769784746047
16247,202611,0,0.14544938142599925
16248,202611,0,0.1278784648375471
16254,202611,0,0.39131504290847574
16256,202611,0,0.14821794439134747
16258,202611,0,0.12791420507340429
16260,202611,0,0.05375384848078764
16266,202611,0,0.13865439693453827
16270,202611,0,0.14328576809289048
16271,202611,0,0.13809422336089508
16272,202611,0,0.1354851654433125
16274,202611,0,0.13699433608816228
16275,202611,0,0.14180666746277554
16276,202611,0,0.059311412389637094
16277,202611,0,0.15072397239268182
16278,202611,0,0.06211961642494051
16279,202611,0,0.14226954514625909
16280,202611,0,0.1565261840321817
16283,202611,1,0.3584860072198487
16284,202611,0,0.12551121329193377
16286,202611,0,0.10401299664038915
16288,202611,0,0.1739380876308202
16293,202611,0,0.13061667294798965
16299,202611,0,0.2473574204434781
16300,202611,0,0.14809023238951866
16307,202611,0,0.12913407769204732
16314,202611,0,0.14093535211839398
16315,202611,0,0.1260841579199481
16319,202611,0,0.1456818652878003
16320,202611,0,0.16986563562778684
16321,202611,0,0.13146108779409407
16325,202611,0,0.06229037570217859
16329,202611,0,0.06218468133117818
16333,202611,0,0.06766003265110046
16334,202611,1,0.12181021565770755
16335,202611,0,0.15654268757831954
16336,202611,0,0.15663754736875843
16338,202611,1,0.13648162803784028
16342,202611,0,0.15502968532718323
16343,202611,0,0.24280288542079828
16345,202611,1,0.11753142246302735
16346,202611,0,0.14820577087789077
16347,202611,0,0.12787658336818442
16348,202611,0,0.1813085245100625
16350,202611,0,0.06433599971589433
16352,202611,0,0.10749526431474075
16353,202611,1,0.06013594336900727
16354,202611,0,0.14645076778212793
16356,202611,0,0.1440330057346749
16357,202611,0,0.1716499874957059
16358,202611,0,0.12417859045939839
16362,202611,0,0.1229995437991819
16364,202611,0,0.05755202037663193
16367,202611,0,0.15012664409946758
16371,202611,0,0.11237859655788676
16374,202611,0,0.15076034712618708
16376,202611,0,0.14446714958447027
16377,202611,0,0.16977975137159754
16378,202611,0,0.16486849677032553
16381,202611,0,0.09383515803608644
16383,202611,1,0.13683825831313595
16384,202611,0,0.13958922259495385
16386,202611,0,0.13640715501269535
16388,202611,0,0.12029112379480335
16390,202611,1,0.13982356933516207
16391,202611,0,0.17085451064407756
16394,202611,0,0.13520768007674505
16397,202611,0,0.06832458835696359
16398,202611,0,0.14766994286178436
16400,202611,0,0.1351170266118998
16404,202611,0,0.1514307557195293
16409,202611,0,0.11038905213497475
16411,202611,0,0.11226601633569304
16414,202611,1,0.1326665569970987
16418,202611,0,0.2605645870893846
16420,202611,0,0.12328997354837137
16421,202611,0,0.1517631129167394
16425,202611,0,0.11130365802432202
16426,202611,0,0.12879354923521893
16429,202611,0,0.14962524270851577
16430,202611,0,0.14278991706163602
16431,202611,0,0.06005230710227907
16437,202611,0,0.06354030800792941
16438,202611,0,0.05926715449611449
16439,202611,0,0.1042396630292512
16440,202611,0,0.06701155893144693
16441,202611,0,0.15897035544743168
16446,202611,1,0.13045770179607258
16451,202611,0,0.11084128667400156
16461,202611,0,0.13351341364781957
16464,202611,0,0.2111053783501672
16466,202611,0,0.21524945442270182
16467,202611,0,0.1196439421125192
16468,202611,0,0.16870481103835722
16469,202611,0,0.13089676396867952
16470,202611,0,0.1577021141183288
16477,202611,1,0.2583962298039231
16483,202611,0,0.16849484466573678
16487,202611,1,0.1878337861673716
16488,202611,0,0.057683700767706944
16490,202611,0,0.054176235893253426
16496,202611,0,0.19217451587816897
16502,202611,0,0.06417298897699952
16510,202611,1,0.13880432221617284
16511,202611,0,0.06492652257119735
16512,202611,0,0.1477690283734633
16513,202611,0,0.14137442347936754
16514,202611,0,0.03526139570070835
16515,202611,0,0.05456755842792514
16517,202611,0,0.14111297402627782
16519,202611,1,0.060184029771443576
16520,202611,0,0.06489618172178617
16525,202611,0,0.16498594637263386
16526,202611,1,0.24447032025616144
16529,202611,0,0.1318689568552504
16532,202611,0,0.1461102772627374
16533,202611,1,0.1204074011990069
16536,202611,0,0.2629118606235971
16540,202611,0,0.07700588724653241
16542,202611,0,0.12833783993841433
16544,202611,1,0.24054616614817523
16548,202611,0,0.12586840983852726
16549,202611,0,0.123422405412316
16551,202611,0,0.30068415729546477
16552,202611,0,0.12678957542701533
16557,202611,0,0.12602964465194932
16558,202611,0,0.11550884113846203
16559,202611,0,0.14790553193487677
16560,202611,1,0.14198310329713892
16561,202611,0,0.1321190310063921
16562,202611,0,0.13249334353385844
16564,202611,0,0.11853774290765058
16565,202611,1,0.23273307068981336
16566,202611,0,0.1255772482082838
16572,202611,0,0.15859816369776467
16573,202611,0,0.14207886030909592
16574,202611,0,0.19758548266972017
16575,202611,0,0.07088112128213256
16579,202611,0,0.17825460029719803
16580,202611,1,0.2408579988828374
16582,202611,0,0.10485990894185349
16584,202611,0,0.15153324568257706
16586,202611,0,0.12760233334623616
16588,202611,0,0.1302085726218422
16595,202611,0,0.13988946313132342
16597,202611,0,0.1109012111557683
16600,202611,0,0.14811706401371802
16601,202611,0,0.1368140618540915
16606,202611,0,0.33065731376068624
16608,202611,0,0.05445764006946535
16611,202611,0,0.1443450205121719
16613,202611,0,0.1696768774640555
16615,202611,1,0.14880665502236662
16619,202611,0,0.146238421303162
16622,202611,0,0.14624188909634658
16624,202611,0,0.13537760796468168
16626,202611,0,0.16411689919422964
16628,202611,0,0.12458885102315258
16629,202611,1,0.12832036637007266
16630,202611,0,0.1328012405810565
16631,202611,0,0.08011788918484782
16634,202611,0,0.1301002998784238
16638,202611,0,0.15088542734144114
16643,202611,0,0.11782003778704055
16645,202611,0,0.19861622123523992
16649,202611,0,0.14835403853072213
16651,202611,0,0.14927781157117398
16652,202611,0,0.14366284627666237
16653,202611,0,0.09359245197610645
16659,202611,1,0.14824944561700507
16660,202611,1,0.11713921740796156
16669,202611,0,0.14608824751312083
16672,202611,0,0.14552906543059863
16674,202611,1,0.16694875376959087
16677,202611,0,0.15514742451793218
16679,202611,0,0.1474942625808485
16680,202611,0,0.15908885829610195
16681,202611,0,0.05834398046878893
16684,202611,0,0.04235802063263675
16685,202611,0,0.12661439457072413
16686,202611,0,0.1739530654681665
16687,202611,1,0.11446857491926674
16688,202611,1,0.17417881023755505
16689,202611,0,0.11264821911183047
16690,202611,0,0.042134979843528444
16692,202611,0,0.13419749477206375
16693,202611,0,0.05382419565597592
16696,202611,0,0.06595962366744831
16697,202611,1,0.12345569622469378
16703,202611,0,0.21936340434698975
16704,202611,0,0.07039076475783697
16705,202611,1,0.15129904678776837
16707,202611,0,0.12417415400090905
16711,202611,0,0.11742494631746218
16713,202611,0,0.1132176976563663
16714,202611,0,0.3830193613201146
16716,202611,0,0.11986398994735813
16717,202611,0,0.1579203073805566
16718,202611,0,0.12524851852281232
16719,202611,1,0.15466368885214865
16720,202611,0,0.046502486936154004
16723,202611,0,0.11563144859396265
16724,202611,0,0.22234694119157652
16728,202611,0,0.30801953967753376
16730,202611,0,0.14175905599298796
16735,202611,1,0.16741947863231135
16741,202611,1,0.13644247398913778
16742,202611,1,0.10046996288912304
16743,202611,0,0.10764746415971213
16744,202611,0,0.06343496849082612
16748,202611,0,0.14733666850297278
16750,202611,0,0.15294409788392646
16752,202611,0,0.15199173414428804
16753,202611,0,0.11575967798818501
16755,202611,0,0.1503464305341164
16756,202611,0,0.060894565679903104
16760,202611,0,0.14179674361991054
16764,202611,0,0.06355687945538617
16770,202611,1,0.23013305888364524
16771,202611,0,0.12369811793061103
16772,202611,0,0.1915454541653816
16776,202611,0,0.13891698935309424
16777,202611,0,0.07294945499559971
16780,202611,0,0.16984273769488303
16781,202611,0,0.14384626774032072
16788,202611,0,0.13176114043161755
16792,202611,0,0.13283858618369584
16794,202611,0,0.16554324059459205
16795,202611,0,0.05894154089442471
16796,202611,0,0.07284527553659462
16798,202611,0,0.10884671738951288
16801,202611,0,0.14595572997065856
16802,202611,0,0.12392202293297078
16803,202611,0,0.16064855002199208
16809,202611,1,0.2356819922210716
16815,202611,0,0.13225172008250827
16816,202611,0,0.08912567821219575
16818,202611,0,0.15309494912237112
16819,202611,0,0.15839667091447968
16820,202611,1,0.14250859037211214
16824,202611,0,0.14109342610374045
16829,202611,0,0.12778150129018917
16833,202611,0,0.11931791586875373
16834,202611,0,0.12765753109995046
16846,202611,0,0.14304017062948965
16847,202611,0,0.1520882654813119
16848,202611,0,0.13453620173796138
16852,202611,0,0.13025905426654077
16853,202611,0,0.14383028100282877
16857,202611,0,0.1265350412086069
16858,202611,0,0.1671727108668432
16860,202611,1,0.14627716147601655
16861,202611,0,0.1251907347333772
16862,202611,0,0.16221945354406234
16867,202611,0,0.12459439282053751
16869,202611,0,0.1289709466108811
16870,202611,0,0.13722631373692992
16872,202611,0,0.14024265737766556
16876,202611,1,0.15949252577887185
16877,202611,0,0.11024341308599755
16883,202611,0,0.11426644964586151
16890,202611,0,0.07048394724492066
16893,202611,0,0.13022254264625036
16894,202611,0,0.06172935248979149
16897,202611,0,0.1171383331218318
16901,202611,0,0.1146669359970103
16902,202611,0,0.10762566016848132
16906,202611,0,0.04453433923295135
16910,202611,0,0.06645072123500317
16911,202611,0,0.2492231601532011
16921,202611,0,0.10906853136716553
16923,202611,1,0.10386418359942666
16926,202611,0,0.16383217172645118
16928,202611,0,0.1448584274803454
16932,202611,0,0.17250607622428207
16933,202611,0,0.1356921116141972
16935,202611,0,0.1446930871264042
16943,202611,0,0.13568004554331078
16944,202611,1,0.13920881486358577
16947,202611,0,0.06037424343268102
16948,202611,0,0.1338218462038327
16949,202611,0,0.05656357626719778
16952,202611,1,0.2780946470228174
16953,202611,0,0.1512962610475994
16954,202611,0,0.13421048582055758
16956,202611,0,0.13058998665630425
16958,202611,0,0.06258630310679547
16959,202611,1,0.14181426945632697
16962,202611,0,0.15166739772445165
16969,202611,0,0.05918300404967978
16970,202611,0,0.057525396565820765
16972,202611,1,0.16324616664547253
16977,202611,1,0.12986230063872828
16979,202611,0,0.1256391273693765
16981,202611,0,0.14841658425444146
16983,202611,0,0.14036791929246256
16984,202611,0,0.1132485902922589
16985,202611,0,0.12052905193049814
16987,202611,0,0.17653694449133853
16989,202611,0,0.2505285195614094
16990,202611,0,0.14953609184585387
16992,202611,0,0.1256252171273976
16994,202611,1,0.21498408577880032
16995,202611,0,0.10495176174165448
16997,202611,0,0.3409538363895554
16999,202611,1,0.1927057117783936
17000,202611,0,0.15897010526683658
17002,202611,0,0.14520748758884072
17003,202611,0,0.16176143980850882
17004,202611,1,0.36024041463883844
17006,202611,0,0.2291783320483155
17007,202611,0,0.15850334117378043
17008,202611,0,0.05047551525693195
17014,202611,0,0.1238411019296256
17015,202611,0,0.15523489595529835
17017,202611,1,0.1291941569383599
17018,202611,0,0.1787834180797547
17020,202611,0,0.08182134131298448
17023,202611,1,0.1467731978981379
17024,202611,0,0.261513538219358
17026,202611,0,0.2387682343114428
17028,202611,0,0.1330498232797287
17035,202611,0,0.13344727340071996
17038,202611,0,0.12299141179039683
17039,202611,1,0.13460419122604517
17041,202611,0,0.24241710769047742
17046,202611,0,0.16266123057366902
17052,202611,0,0.07600041030260783
17053,202611,0,0.08159976594325243
17056,202611,0,0.1161085080773139
17057,202611,1,0.1233933239952182
17063,202611,0,0.13570184868309085
17067,202611,1,0.15614176877154864
17068,202611,0,0.12387828996991565
17073,202611,0,0.05773273246384614
17077,202611,0,0.14578257382107582
17078,202611,0,0.11715947111356823
17079,202611,1,0.14870256382456754
17081,202611,0,0.14588987477927318
17083,202611,0,0.14800257134074732
17085,202611,0,0.12694007279241087
17086,202611,0,0.150700006235849
17087,202611,0,0.1289784594953428
17088,202611,0,0.1447389652875388
17090,202611,0,0.13847828069124823
17093,202611,0,0.055162319667845426
17094,202611,0,0.06033801935035383
17095,202611,0,0.1169429584637988
17096,202611,0,0.0661980459873793
17099,202611,0,0.17907248858486036
17101,202611,0,0.1449977283746506
17102,202611,0,0.14138287771973998
17104,202611,0,0.1276146912671699
17105,202611,0,0.12325814616078995
17115,202611,0,0.12505825369838497
17116,202611,0,0.14471200175126492
17122,202611,0,0.05837355335249555
17123,202611,0,0.061799274937968586
17127,202611,0,0.1369857526855182
17128,202611,0,0.15754640756904537
17129,202611,1,0.14823966787903967
17131,202611,0,0.15948741499698793
17136,202611,0,0.13669091252645252
17140,202611,0,0.07960709766711305
17141,202611,0,0.14429839057201396
17146,202611,0,0.09645563877422775
17147,202611,0,0.05537364454863349
17149,202611,0,0.1570381330617073
17155,202611,0,0.157623770408146
17158,202611,0,0.20202272864102522
17159,202611,0,0.12067569602969
17163,202611,0,0.14734245156891468
17164,202611,0,0.13593286945459052
17165,202611,0,0.14831349878066735
17167,202611,1,0.28177404741238027
17169,202611,0,0.20608648076531544
17170,202611,0,0.11409553500900821
17171,202611,0,0.1751496371411329
17172,202611,0,0.10276671169641918
17175,202611,0,0.34841889237372053
17177,202611,0,0.12769809211069721
17181,202611,0,0.11870914238116219
17183,202611,0,0.048929897743825064
17188,202611,0,0.1243948294809245
17189,202611,0,0.12992112360733568
17191,202611,0,0.10924635797913052
17192,202611,0,0.128247981340707
17194,202611,0,0.12103168598394601
17210,202611,0,0.10996435210402766
17212,202611,0,0.15279476612197587
17219,202611,0,0.22848082721637583
17220,202611,0,0.13672070317529003
17225,202611,0,0.14756494631073702
17227,202611,0,0.14687878083812003
17228,202611,0,0.0496115694875676
17229,202611,0,0.05962637745809153
17231,202611,0,0.1548732452311997
17232,202611,0,0.15248564507768442
17233,202611,0,0.05414186359150612
17236,202611,1,0.11908072011356684
17237,202611,0,0.11019527303028961
17240,202611,0,0.15441180591371972
17241,202611,0,0.14438847119306775
17243,202611,0,0.12455658242683708
17246,202611,0,0.1804034529755688
17247,202611,0,0.09943258489794005
17251,202611,0,0.24143872122827303
17253,202611,0,0.11778524608542938
17254,202611,0,0.05571823639930103
17256,202611,0,0.05356912474284597
17257,202611,0,0.13764251023014298
17262,202611,0,0.11284700520052063
17267,202611,0,0.07636253006663778
17268,202611,0,0.12441674528793437
17269,202611,0,0.12567138956305915
17270,202611,0,0.14369455569331038
17271,202611,1,0.1272501628998786
17275,202611,0,0.1964613116016964
17276,202611,0,0.17406928698592872
17277,202611,0,0.24311297046166058
17279,202611,0,0.1320915689127092
17283,202611,0,0.05820626700717558
17285,202611,1,0.11111527918004496
17287,202611,0,0.13650222579196625
17288,202611,0,0.06183086779478323
17294,202611,0,0.1201024947340623
17295,202611,0,0.059867417834992186
17297,202611,1,0.14155475672051587
17298,202611,0,0.14142944353694473
17299,202611,1,0.22962745630429907
17300,202611,0,0.0473934935143766
17302,202611,0,0.15835647257012095
17303,202611,0,0.12679225828042456
17305,202611,0,0.14511252725309115
17306,202611,1,0.1497640572978486
17307,202611,0,0.17486166709340054
17310,202611,0,0.11754571378480785
17312,202611,0,0.07019820471858304
17316,202611,0,0.14052668224355827
17317,202611,0,0.11891835546828664
17318,202611,0,0.04662977946130489
17320,202611,0,0.04402719111785616
17323,202611,0,0.13247782791777787
17324,202611,0,0.1109105267966024
17328,202611,0,0.2172739625351424
17330,202611,1,0.12282394017767106
17332,202611,0,0.1427695139119806
17333,202611,0,0.11020731411832983
17335,202611,0,0.06842438837132403
17338,202611,0,0.12578330450380648
17340,202611,0,0.14840701549645488
17341,202611,1,0.11598603916920219
17344,202611,0,0.17025114335798142
17345,202611,0,0.16853251109835654
17348,202611,1,0.16340475524877937
17349,202611,0,0.17170974222749755
17351,202611,0,0.1197587481066041
17352,202611,0,0.13754035740280438
17354,202611,0,0.06990244376929633
17356,202611,0,0.21464955672127192
17357,202611,0,0.15386988060934445
17360,202611,1,0.2655257848709956
17361,202611,0,0.06841375806082581
17362,202611,0,0.17126006093963517
17363,202611,0,0.17063844656378124
17365,202611,1,0.35099292031877793
17366,202611,0,0.15473923278748275
17367,202611,0,0.12282178220420802
17369,202611,0,0.06893472837427181
17371,202611,0,0.16799056291519357
17373,202611,0,0.16306597957134988
17378,202611,0,0.16845219439371564
17380,202611,0,0.1569252197487954
17381,202611,1,0.1221842236737719
17382,202611,0,0.1598934419047103
17383,202611,0,0.14797088947786802
17387,202611,0,0.13802395514203805
17389,202611,0,0.14849959097978074
17391,202611,0,0.08494846619569484
17398,202611,0,0.150477364120327
17399,202611,1,0.17658904498705108
17402,202611,0,0.12857014273809422
17405,202611,0,0.22502247563581168
17407,202611,0,0.055401604205030944
17409,202611,0,0.1260089115612781
17411,202611,0,0.14537034676038285
17412,202611,0,0.046923783505699306
17413,202611,0,0.13113772786060812
17415,202611,0,0.13842596708735927
17420,202611,0,0.12707245908165016
17421,202611,0,0.13088492462485463
17422,202611,0,0.13112476111365035
17428,202611,0,0.15299768921440063
17430,202611,0,0.12296222484336414
17433,202611,0,0.11924118106272559
17435,202611,0,0.14512259832367888
17438,202611,0,0.10922903298348165
17440,202611,0,0.05469250012193521
17441,202611,1,0.3458836170468787
17442,202611,0,0.13322402621223786
17444,202611,0,0.13657279381711696
17448,202611,0,0.1567083631288433
17449,202611,0,0.21661346831130637
17462,202611,0,0.1388057272811163
17464,202611,0,0.12676230254460166
17466,202611,0,0.0693857573267037
17468,202611,0,0.18190390446490687
17469,202611,0,0.14324242450040395
17472,202611,0,0.12012939357995389
17473,202611,0,0.14075068310785385
17475,202611,0,0.13618907077794362
17479,202611,0,0.05098186332716208
17481,202611,0,0.12925258510933593
17482,202611,0,0.14106137229728685
17485,202611,0,0.049255293731535095
17486,202611,0,0.21515440236812422
17487,202611,1,0.1284609703782021
17488,202611,0,0.1558535739953963
17489,202611,0,0.06385323254460264
17490,202611,0,0.11747287889253952
17491,202611,0,0.0712557497093678
17492,202611,0,0.1340987540113517
17494,202611,0,0.10264962592991793
17497,202611,0,0.21595749637845113
17500,202611,0,0.14039830190513627
17506,202611,0,0.15864261814057096
17507,202611,0,0.13413843747901338
17508,202611,0,0.2442779030940551
17509,202611,1,0.14043501586353224
17510,202611,0,0.12408232034043834
17512,202611,0,0.23401788759857445
17513,202611,0,0.15618084059225806
17515,202611,0,0.16500072018638723
17519,202611,1,0.16347570372355757
17520,202611,0,0.14671435601869035
17521,202611,0,0.13051248806127677
17522,202611,0,0.16611215301111296
17523,202611,0,0.13704338481116457
17524,202611,0,0.11765340476476714
17530,202611,0,0.25702703098787855
17532,202611,1,0.060235025865844394
17535,202611,0,0.16861254470426246
17536,202611,0,0.14179556585064104
17545,202611,0,0.15381991246611967
17548,202611,0,0.16355880159541134
17549,202611,0,0.14233426748339528
17553,202611,0,0.16158721773083115
17555,202611,0,0.16538408619371872
17557,202611,0,0.13888777878515055
17558,202611,0,0.13028640376063386
17559,202611,0,0.14764824417621772
17562,202611,0,0.17048023155833533
17564,202611,0,0.06038823949069374
17565,202611,0,0.2252847368863591
17566,202611,0,0.16057791023996876
17567,202611,0,0.15457501827807266
17568,202611,0,0.05944996129573879
17569,202611,0,0.1282080754466437
17572,202611,0,0.13290515856702229
17573,202611,0,0.18279658983124178
17574,202611,1,0.143949073461292
17575,202611,0,0.13132798502664236
17577,202611,0,0.15683786618779855
17578,202611,0,0.1308240295563811
17580,202611,0,0.12273640348998466
17581,202611,0,0.16283559057489366
17584,202611,1,0.1025191826558105
17585,202611,0,0.1270089498515078
17586,202611,0,0.16588267407038532
17591,202611,0,0.14138599849564962
17594,202611,0,0.16353302803083153
17596,202611,0,0.11177134862337726
17599,202611,0,0.2366116842277963
17602,202611,0,0.15162318311098227
17603,202611,0,0.16861978318418208
17606,202611,0,0.053862866595634676
17614,202611,0,0.1778654348801402
17621,202611,0,0.16484683409262071
17624,202611,0,0.1883199741702287
17626,202611,0,0.24495729794398882
17628,202611,0,0.07102548690602445
17629,202611,0,0.13447420271853583
17630,202611,0,0.18497683866782857
17631,202611,0,0.13487202315220972
17632,202611,1,0.21574747502698519
17633,202611,0,0.09895436636668217
17636,202611,0,0.17417414901116346
17641,202611,0,0.14570674286776605
17642,202611,0,0.24599992805213294
17645,202611,0,0.16464057798837703
17646,202611,0,0.17661786575633381
17650,202611,0,0.13045142108082602
17655,202611,0,0.12143343706099423
17659,202611,0,0.1153061735806818
17660,202611,0,0.13983425541130934
17662,202611,0,0.13195341142618505
17664,202611,0,0.08894533893462192
17671,202611,0,0.06299315751376051
17673,202611,0,0.14574942376107153
17676,202611,0,0.15567063507051493
17677,202611,1,0.14558318367472706
17679,202611,0,0.1723792240088557
17685,202611,0,0.16312129510228104
17694,202611,1,0.13267186340089526
17705,202611,0,0.1766794523506172
17706,202611,1,0.1374682678634427
17708,202611,0,0.13356824048368557
17711,202611,0,0.1529676958051973
17714,202611,0,0.16543668441594545
17715,202611,0,0.059803245590109466
17718,202611,1,0.12205665000196962
17721,202611,0,0.13447428625319785
17724,202611,0,0.25530317280331344
17726,202611,0,0.15265854324688916
17728,202611,0,0.12493546864460067
17730,202611,0,0.10824161345638587
17732,202611,0,0.12131814566926215
17735,202611,0,0.2842953562444438
17737,202611,0,0.11228639589962632
17738,202611,0,0.14588045665565103
17739,202611,0,0.15744155704217935
17747,202611,0,0.14302046758772788
17749,202611,0,0.15093642560735934
17752,202611,0,0.12996838358196144
17753,202611,0,0.17954786078154059
17756,202611,0,0.12030193456519883
17757,202611,1,0.12153284637713108
17758,202611,0,0.08746118813030199
17760,202611,0,0.13627927671256446
17762,202611,0,0.1453385849621147
17763,202611,0,0.21823318327535562
17769,202611,0,0.05790187990207708
17773,202611,1,0.21372836392506012
17775,202611,0,0.14034042143598954
17776,202611,0,0.0556014993980123
17781,202611,0,0.18169784745957201
17782,202611,0,0.11160367391667039
17783,202611,0,0.05506816149607228
17784,202611,0,0.18668885072022154
17785,202611,0,0.13482866699960758
17797,202611,1,0.12418812391303757
17798,202611,0,0.1117220181248315
17799,202611,0,0.161397781255372
17800,202611,0,0.28279098671041636
17803,202611,0,0.11243155078530043
17804,202611,0,0.07949449663869099
17805,202611,0,0.1095460706380962
17808,202611,0,0.16078974594697432
17815,202611,1,0.12319493617308913
17817,202611,0,0.13617584852182188
17823,202611,0,0.2518241889853402
17824,202611,0,0.13863700559781295
17825,202611,0,0.12880404147042984
17827,202611,0,0.06226803821271176
17828,202611,0,0.14566094117870051
17830,202611,1,0.1266070280196353
17831,202611,0,0.12334608554120778
17834,202611,0,0.12563622554798956
17835,202611,0,0.2535470695943584
17837,202611,0,0.12374113073153044
17838,202611,0,0.16232739680576572
17839,202611,0,0.13489180266448128
17843,202611,0,0.20343235967054216
17846,202611,0,0.3566583559739627
17847,202611,0,0.1531703494875184
17848,202611,0,0.14122886979680335
17853,202611,0,0.0724342930976482
17856,202611,0,0.13454273285911314
17859,202611,0,0.12665286916546847
17863,202611,0,0.06747487632055833
17867,202611,1,0.1392890792502783
17868,202611,0,0.066689978236789
17869,202611,0,0.11743812280448808
17870,202611,0,0.1908080772010747
17875,202611,0,0.0655054952893424
17876,202611,0,0.13743579735028938
17877,202611,0,0.14777206235185775
17879,202611,0,0.18858094054704397
17884,202611,0,0.14727847180620707
17885,202611,0,0.0679556887623757
17886,202611,0,0.06652927512211482
17890,202611,0,0.1581177397240185
17896,202611,1,0.11070764611602196
17897,202611,0,0.09558220516224743
17900,202611,0,0.08251180302984208
17901,202611,1,0.1368846353845217
17902,202611,0,0.14783304524675528
17903,202611,0,0.14379637465443673
17908,202611,0,0.14864675463330362
17914,202611,0,0.17267251942540415
17915,202611,0,0.14439039247128715
17916,202611,0,0.061184173929891984
17920,202611,0,0.13377924937409974
17921,202611,0,0.19670181308658258
17924,202611,0,0.14371628777576279
17925,202611,0,0.12044509347106112
17926,202611,0,0.08776510089063616
17927,202611,1,0.13194562126915424
17928,202611,0,0.21121699311008413
17930,202611,0,0.12710896694046867
17932,202611,0,0.11303258486900014
17933,202611,0,0.14584077872071052
17935,202611,1,0.1474068856968851
17939,202611,0,0.16328097616967868
17941,202611,0,0.258202156285798
17942,202611,1,0.24404493268745836
17943,202611,0,0.21672010401019717
17944,202611,1,0.14663471782603812
17947,202611,0,0.06041333945964865
17948,202611,0,0.12860544549312378
17950,202611,0,0.15518825209077206
17956,202611,0,0.14611340728120742
17957,202611,1,0.23486439360495567
17959,202611,0,0.12919698093491544
17963,202611,1,0.1357915118127088
17964,202611,1,0.13316256617833366
17966,202611,1,0.11541743093191359
17968,202611,1,0.2281923193157779
17969,202611,1,0.13489677817524298
17970,202611,0,0.16703852493049562
17973,202611,0,0.1356237120964805
17974,202611,0,0.1624563470009638
17975,202611,0,0.1323823834367165
17976,202611,0,0.14570325092121703
17980,202611,0,0.10347181779074084
17986,202611,0,0.15970452042423142
17987,202611,0,0.06783597914477948
17990,202611,0,0.2148702242220707
17994,202611,0,0.12878099502566204
17999,202611,0,0.11869621794742752
18002,202611,0,0.05979488786100287
18003,202611,0,0.05504549561952073
18004,202611,1,0.3563068716489005
18005,202611,0,0.20821856736917133
18007,202611,0,0.22260918853398554
18008,202611,1,0.23089010430972193
18011,202611,1,0.12071748804636594
18013,202611,0,0.1081065976196106
18015,202611,0,0.05663611069827354
18016,202611,0,0.1324390798817875
18018,202611,0,0.11893973611343468
18019,202611,0,0.13417022684958183
18024,202611,1,0.11680558459703134
18026,202611,0,0.14215601386978075
18030,202611,0,0.1474024204497262
18032,202611,0,0.14998490689970842
18035,202611,0,0.13479982075493044
18039,202611,0,0.13269959773205622
18042,202611,0,0.11343165608474974
18044,202611,0,0.1468664260133023
18045,202611,0,0.1249885286522492
18046,202611,0,0.14748765996159313
18051,202611,1,0.10716634824797946
18052,202611,0,0.1348901053346184
18054,202611,0,0.07274899791300482
18055,202611,0,0.14828652563716396
18059,202611,0,0.11820242122922525
18064,202611,1,0.16044649057752075
18066,202611,0,0.1366979857240834
18072,202611,0,0.16779077357208624
18073,202611,0,0.053339612065013906
18077,202611,0,0.15393308815806594
18080,202611,1,0.11986549536279385
18081,202611,0,0.05375242560533116
18083,202611,0,0.11705234751871778
18084,202611,0,0.14031799213530136
18085,202611,0,0.13690456949263086
18086,202611,0,0.12609902743461215
18087,202611,0,0.14818720838214017
18090,202611,1,0.12838394983657117
18092,202611,0,0.1701619664277311
18093,202611,0,0.11365107205370062
18095,202611,0,0.06401182573559205
18097,202611,0,0.12127919841904963
18100,202611,0,0.14679052783360508
18101,202611,0,0.11702940331075247
18102,202611,1,0.14099039399411553
18103,202611,0,0.16441968715396182
18104,202611,0,0.16471925055621067
18105,202611,0,0.12927849534525404
18109,202611,0,0.09680432153097086
18110,202611,0,0.1711510892974044
18113,202611,0,0.18410053030930318
18115,202611,1,0.12790189578858202
18117,202611,0,0.07054813458140304
18119,202611,0,0.13286299251541436
18126,202611,0,0.1933416115943308
18127,202611,0,0.05861955167117071
18128,202611,0,0.04677426925285644
18129,202611,0,0.15192152940684456
18130,202611,0,0.12822645639655186
18136,202611,1,0.2417734129839101
18137,202611,0,0.3829101986244302
18138,202611,1,0.1507530964401048
18141,202611,1,0.15939845661937935
18142,202611,0,0.147561466838078
18144,202611,0,0.04587276836292104
18145,202611,0,0.10430949692678669
18146,202611,0,0.14515524324801377
18149,202611,0,0.19148927844430597
18152,202611,0,0.05483640248361765
18153,202611,0,0.2066026837715932
18154,202611,0,0.14600488402692105
18155,202611,0,0.1563868907579427
18156,202611,0,0.16337325602676694
18161,202611,0,0.16214063070216914
18163,202611,0,0.07637396016917158
18165,202611,0,0.07006829971324556
18166,202611,0,0.147462329384613
18168,202611,0,0.15103753746928122
18172,202611,0,0.05383088092123626
18174,202611,0,0.15981064873800013
18176,202611,0,0.0645354680456039
18177,202611,0,0.08854762275161233
18179,202611,0,0.16031228883346607
18180,202611,1,0.15915093236226768
18181,202611,0,0.16716255649754214
18182,202611,0,0.06238530292421102
18183,202611,0,0.14793357307302812
18187,202611,0,0.12349883048426985
18188,202611,0,0.2197076415872746
18189,202611,0,0.14674974432976215
18194,202611,0,0.14892240606150695
18196,202611,0,0.14038875588796834
18197,202611,0,0.1604945586889465
18198,202611,0,0.08898294103534964
18199,202611,0,0.16051135899178198
18201,202611,0,0.15430051135991618
18203,202611,1,0.05157383550327166
18205,202611,0,0.14304949537599548
18206,202611,0,0.13548070378700827
18207,202611,0,0.15979917153045756
18210,202611,0,0.12219780655182008
18212,202611,0,0.12359233295920431
18213,202611,1,0.13620175620198552
18214,202611,0,0.11893489542373485
18215,202611,0,0.12770535398358535
18216,202611,0,0.1351622780925106
18220,202611,0,0.08193685616401818
18221,202611,0,0.23416206327286274
18222,202611,0,0.05642688595370224
18223,202611,0,0.20965339687571652
18227,202611,0,0.15309015780973315
18228,202611,0,0.17256047541426256
18229,202611,0,0.05678192254618316
18232,202611,0,0.1807511583325704
18234,202611,0,0.1511935481538902
18235,202611,1,0.16541788058417856
18239,202611,0,0.14092416018686685
18242,202611,1,0.1296189737570312
18243,202611,0,0.14627378546656986
18244,202611,0,0.06371793857530922
18245,202611,0,0.17471860128036876
18246,202611,0,0.09899907457980822
18248,202611,0,0.14481288079978186
18249,202611,1,0.1403275893068771
18250,202611,0,0.23604988769931415
18252,202611,1,0.13323813534781354
18253,202611,0,0.2493543489121418
18254,202611,0,0.13646974412355678
18256,202611,0,0.1389721081613481
18257,202611,0,0.13911594724875836
18262,202611,1,0.1591324037874222
18263,202611,0,0.06379866825008379
18264,202611,0,0.05638755980904372
18266,202611,0,0.14736474441883085
18267,202611,0,0.05356154110553924
18268,202611,0,0.11052197072477728
18269,202611,0,0.1606693683364878
18270,202611,0,0.1583099300832283
18271,202611,0,0.23984152523435012
18272,202611,0,0.11937201052937169
18273,202611,1,0.11016139885094399
18276,202611,0,0.15443608778563375
18277,202611,0,0.06855489097000197
18280,202611,0,0.11255514378972868
18282,202611,0,0.06111982503181829
18285,202611,0,0.14920448165883332
18288,202611,0,0.33054792134680955
18290,202611,1,0.12944590310145765
18291,202611,1,0.14685239916710416
18295,202611,0,0.0568239715182855
18296,202611,1,0.16396548864119495
18298,202611,0,0.1329950388418306
18300,202611,0,0.12007502086471869
18301,202611,0,0.1322303736097652
18302,202611,0,0.11093039927934799
18304,202611,0,0.07254023401060516
18305,202611,0,0.13413694178940486
18306,202611,0,0.21095829515091818
18307,202611,0,0.06131260419747775
18308,202611,0,0.06207432139536059
18309,202611,0,0.12041871638673311
18311,202611,0,0.16087458547911485
18313,202611,0,0.15446059660571163
18314,202611,0,0.14841070476011878
18317,202611,1,0.14160839699751704
18318,202611,0,0.1775201995515363
18320,202611,0,0.21381719534859167
18321,202611,0,0.1294068204245917
18325,202611,1,0.3282038120989497
18326,202611,1,0.11768549529732332
18330,202611,0,0.1436420887037509
18334,202611,0,0.13024958492968214
18336,202611,0,0.050039099900162
18337,202611,0,0.12493571127506697
18338,202611,0,0.11803786037164145
18339,202611,0,0.13996664338606984
18341,202611,0,0.24061611582639653
18347,202611,0,0.07813737770997649
18354,202611,0,0.05558321310327271
18355,202611,0,0.060824680009840676
18356,202611,0,0.13965804340983617
18358,202611,0,0.12720164825368227
18360,202611,0,0.17710133537109338
18361,202611,0,0.13049987127275223
18363,202611,0,0.16305522242376058
18364,202611,0,0.24476669365561718
18367,202611,0,0.13521634297329146
18368,202611,1,0.0627675821043799
18380,202611,0,0.04762400161589081
18383,202611,0,0.1242346459456277
18384,202611,0,0.12953447848680621
18385,202611,0,0.15633601837370464
18386,202611,1,0.11716141276968377
18387,202611,0,0.34323819095735
18390,202611,0,0.12119480041153811
18391,202611,0,0.16960653944587528
18392,202611,0,0.14087612050810858
18395,202611,0,0.3549839391925515
18396,202611,0,0.1766579220025262
18397,202611,0,0.10392667070457749
18399,202611,0,0.14792553426283875
18400,202611,0,0.2247216575322354
18403,202611,0,0.16821959425711502
18404,202611,0,0.13025658631431314
18406,202611,0,0.13168116322530568
18407,202611,0,0.22344014508191495
18411,202611,1,0.14652849906468712
18412,202611,1,0.13970455609969476
18413,202611,0,0.12763909966432194
18415,202611,0,0.14941032124188477
18417,202611,0,0.15837183554910347
18418,202611,1,0.11792476583027037
18420,202611,0,0.06077378998535981
18422,202611,0,0.11321881677025994
18425,202611,0,0.06644828540804959
18426,202611,0,0.39023625878817964
18427,202611,0,0.036544108483033085
18428,202611,0,0.15201706261764122
18429,202611,0,0.13406162947843386
18430,202611,0,0.13342340384656465
18431,202611,0,0.14671691590299643
18432,202611,0,0.16133849330498906
18433,202611,0,0.39335028609863215
18435,202611,0,0.142323345969454
18436,202611,0,0.10522993354354257
18437,202611,0,0.04970981716214745
18439,202611,0,0.12034200717845786
18440,202611,1,0.13476549659179157
18444,202611,0,0.12543503500203115
18446,202611,0,0.13568758451625373
18447,202611,1,0.13601873251075186
18448,202611,0,0.14550646701999773
18455,202611,0,0.10833020014350286
18457,202611,0,0.12800240630408927
18459,202611,0,0.17385167503044419
18460,202611,1,0.11401404128862576
18463,202611,0,0.18262936659880694
18464,202611,0,0.12477024569813167
18466,202611,1,0.15683417102080105
18467,202611,0,0.1302352009926348
18469,202611,0,0.16234382125853328
18471,202611,0,0.05482997620116752
18475,202611,0,0.12732482749354343
18476,202611,0,0.05633857802443708
18477,202611,0,0.12139400747450366
18478,202611,1,0.22115562897377358
18483,202611,0,0.11599093581026036
18488,202611,0,0.1588317965823791
18489,202611,0,0.07617579597818523
18490,202611,0,0.1209515474425183
18492,202611,0,0.29426767730514514
18493,202611,0,0.1311049879156778
18494,202611,0,0.15348820380454137
18498,202611,0,0.10685963258661968
18502,202611,0,0.14194713130496553
18503,202611,0,0.06311868517474434
18504,202611,0,0.157136134572433
18506,202611,0,0.12680797961788623
18507,202611,0,0.13499913605966887
18508,202611,0,0.15293513368520045
18512,202611,0,0.12404702237434745
18515,202611,0,0.039193034354755886
18517,202611,0,0.14891805609573197
18518,202611,0,0.13400681039836793
18520,202611,0,0.1330751768003174
18521,202611,0,0.11352390469794654
18522,202611,0,0.1543310662455089
18523,202611,0,0.12587821428613655
18524,202611,0,0.0738684120662857
18526,202611,1,0.23097701956206246
18530,202611,0,0.11885633030225161
18531,202611,0,0.16391925882729766
18532,202611,0,0.06623960052574301
18533,202611,0,0.14277806464212492
18534,202611,0,0.14994512008509742
18540,202611,0,0.1318328937675345
18542,202611,0,0.12540489760048468
18543,202611,0,0.13034706660125414
18544,202611,0,0.14205308571555933
18547,202611,0,0.12600298290878673
18549,202611,0,0.0592212296799243
18552,202611,0,0.14575751704242795
18553,202611,0,0.17643936681655126
18555,202611,0,0.13356995667564198
18558,202611,0,0.16423532486217812
18561,202611,1,0.13538532748149493
18565,202611,0,0.06121395460909673
18568,202611,0,0.2447621017291227
18570,202611,1,0.12196085127461169
18572,202611,0,0.12374567370872523
18575,202611,0,0.14449383454213502
18576,202611,0,0.1733027060912824
18579,202611,0,0.1412352384683895
18581,202611,0,0.1482462535376166
18583,202611,0,0.10116491296604556
18584,202611,0,0.05704447825490732
18585,202611,0,0.06506633704726933
18590,202611,0,0.059779272019020974
18593,202611,1,0.15154985713196148
18594,202611,0,0.13622553661861939
18595,202611,0,0.11014753249888741
18598,202611,0,0.1306321541155733
18600,202611,0,0.1916719752816844
18601,202611,0,0.3510499587204547
18602,202611,0,0.11704035403716302
18603,202611,0,0.22400108627106535
18604,202611,0,0.048486601493869956
18610,202611,0,0.13141170722779152
18611,202611,0,0.14155997648333776
18612,202611,1,0.14643248484184637
18613,202611,1,0.10503367701980511
18615,202611,0,0.162886810999805
18617,202611,0,0.12603837288172165
18619,202611,0,0.17467076448741442
18623,202611,0,0.058181590022917
18627,202611,1,0.24282072642024943
18630,202611,0,0.1290063410396415
18631,202611,0,0.14819266657682306
18632,202611,0,0.05896469902128242
18633,202611,0,0.13208423723696358
18635,202611,1,0.3720653076984054
18637,202611,1,0.3628744449826906
18638,202611,0,0.14695449298139998
18639,202611,0,0.11351487098738895
18640,202611,0,0.12279741728419914
18641,202611,0,0.04695648002880198
18645,202611,0,0.17926046187468797
18648,202611,0,0.10543006917513893
18649,202611,0,0.1267718559413854
18651,202611,0,0.11694574133078109
18653,202611,0,0.07697576981179563
18656,202611,0,0.15486355614500555
18657,202611,0,0.14002044848652628
18658,202611,0,0.1522455348227381
18659,202611,0,0.13316141277099255
18661,202611,0,0.15579067709552608
18663,202611,0,0.2536755659096083
18668,202611,0,0.15774215725632498
18669,202611,0,0.1219764127685771
18671,202611,0,0.14612217592692878
18672,202611,0,0.10174563731523581
18673,202611,0,0.14250647881897163
18679,202611,0,0.1361413247279363
18680,202611,1,0.14061732552789447
18689,202611,0,0.15057091686009974
18690,202611,0,0.16263472605248283
18692,202611,0,0.14463758136246965
18694,202611,0,0.13762631354016228
18695,202611,0,0.1787088745662863
18698,202611,0,0.14907612809899146
18699,202611,0,0.10282678172194161
18704,202611,0,0.16372438887052573
18706,202611,0,0.34306362790808015
18708,202611,1,0.133370981645029
18709,202611,0,0.1604331851117488
18712,202611,0,0.16391224753430772
18713,202611,0,0.17863841680709805
18716,202611,1,0.2516569141415045
18717,202611,0,0.1463708112816541
18719,202611,0,0.3917507940251315
18721,202611,1,0.253444494306568
18724,202611,0,0.12267323486490261
18725,202611,0,0.07149411392158209
18728,202611,0,0.15399980217334455
18729,202611,0,0.1271020101859273
18732,202611,0,0.0701220013070341
18733,202611,0,0.1529113096227308
18734,202611,0,0.062059260303302353
18735,202611,0,0.15807825389776917
18736,202611,0,0.18177025285818874
18739,202611,0,0.12399051961537946
18740,202611,0,0.14509101953048037
18742,202611,0,0.16180550380546616
18743,202611,0,0.24752412057816817
18744,202611,1,0.1399721804437025
18749,202611,0,0.054972832644206784
18750,202611,0,0.1477744203127881
18751,202611,0,0.11799455783406841
18753,202611,1,0.13068828349506503
18754,202611,1,0.17900989707892556
18755,202611,0,0.12486181861140358
18756,202611,0,0.07835328497758703
18759,202611,0,0.14639970894727009
18760,202611,0,0.07215396683150994
18762,202611,0,0.16280426078770213
18763,202611,1,0.10848300147890617
18765,202611,0,0.14279829097885094
18766,202611,0,0.1149404578262685
18769,202611,0,0.11348066944016415
18772,202611,0,0.13917701687222414
18773,202611,0,0.08513794868722584
18774,202611,0,0.1433787533807475
18778,202611,0,0.13792132312982305
18780,202611,0,0.06581295100169496
18782,202611,0,0.13361307596613856
18784,202611,0,0.12334010252627398
18785,202611,0,0.14016071889092072
18786,202611,0,0.13494997955583873
18789,202611,1,0.13560761689038023
18797,202611,1,0.13469469172025655
18798,202611,1,0.0632967993126739
18801,202611,0,0.08944888697012993
18802,202611,1,0.1403394702611078
18804,202611,0,0.1580140296469699
18807,202611,0,0.14668985095155485
18810,202611,0,0.2263248097673685
18811,202611,0,0.11867118770552058
18812,202611,1,0.26161384383538144
18815,202611,0,0.12352827465585482
18816,202611,0,0.1664187195246485
18818,202611,0,0.16830458805723986
18819,202611,0,0.15797970842591286
18820,202611,0,0.17527030003856453
18821,202611,0,0.24484005606838397
18822,202611,0,0.1839620959001575
18825,202611,0,0.1371699284085141
18827,202611,0,0.20877675567164555
18831,202611,0,0.13037269887411934
18832,202611,0,0.1366227797330519
18834,202611,0,0.21577619746528787
18835,202611,1,0.10752971240302499
18836,202611,0,0.13178925436595632
18837,202611,0,0.1161875987713784
18840,202611,0,0.0717432521850216
18842,202611,0,0.09961023543009957
18847,202611,0,0.12661622111643475
18849,202611,0,0.14378748087781237
18851,202611,1,0.2142062634807261
18852,202611,0,0.1385452138122612
18854,202611,0,0.15906626838965454
18855,202611,0,0.1317176381690892
18857,202611,0,0.12814535975586192
18859,202611,0,0.17810126129800566
18860,202611,0,0.17506652318082724
18861,202611,0,0.1576196123094229
18862,202611,0,0.055509560976457505
18864,202611,0,0.14039164658421172
18868,202611,0,0.11909271398401197
18870,202611,0,0.14898373770173726
18871,202611,0,0.059298649258841284
18872,202611,1,0.14995443707425896
18874,202611,0,0.13729728036933114
18875,202611,1,0.15767305220742542
18880,202611,0,0.17234051561721384
18882,202611,0,0.13360056356073952
18884,202611,0,0.12557907587590342
18885,202611,1,0.26626404092590533
18889,202611,0,0.15524130475831346
18892,202611,0,0.16880870870031967
18894,202611,0,0.22782785502426775
18895,202611,0,0.1450711418851856
18897,202611,0,0.16783181552968285
18898,202611,0,0.05609653111804531
18900,202611,0,0.2132180476121455
18902,202611,0,0.15444010379249296
18907,202611,0,0.16285907050847734
18908,202611,1,0.12449406188320045
18909,202611,0,0.17634490389110322
18910,202611,0,0.3391488470976808
18914,202611,0,0.13929827470756415
18917,202611,0,0.12860385057123774
18918,202611,0,0.1255103896465819
18919,202611,1,0.202317176907157
18920,202611,1,0.1353913676552834
18921,202611,0,0.2353333581624134
18924,202611,0,0.14821917146238575
18925,202611,0,0.12473559389572714
18927,202611,0,0.14878449539939959
18928,202611,0,0.06385968473678694
18929,202611,0,0.11207625377301988
18930,202611,0,0.13761890706723398
18932,202611,0,0.15438840764965758
18935,202611,0,0.05366081796326368
18938,202611,0,0.08011934520088272
18940,202611,0,0.11083857768476109
18941,202611,0,0.13679601720989992
18942,202611,0,0.15159728304321876
18944,202611,0,0.06254709139170836
18946,202611,0,0.1546581630607486
18949,202611,0,0.12150496707964173
18952,202611,1,0.16892147172666042
18954,202611,0,0.06408411240439026
18956,202611,0,0.1648861741385049
18957,202611,0,0.06349838817426985
18959,202611,0,0.16637658711344375
18960,202611,0,0.11353788537321284
18962,202611,0,0.1658146462698012
18963,202611,0,0.17571822650070903
18964,202611,0,0.2536453930714858
18965,202611,0,0.13239941657873575
18967,202611,0,0.1026597894895005
18969,202611,0,0.13258383373530513
18971,202611,0,0.2206889417327695
18973,202611,0,0.12993069181530706
18977,202611,0,0.12296034261273571
18978,202611,0,0.1617704663957739
18979,202611,1,0.11486283440049073
18981,202611,0,0.15568346059404467
18982,202611,0,0.06352695521264674
18983,202611,0,0.14452114327248966
18984,202611,0,0.1249925187784374
18985,202611,0,0.12296639170069397
18986,202611,0,0.1342674949641492
18987,202611,0,0.13941927990410152
18988,202611,0,0.10174423761704181
18991,202611,0,0.07033362935545785
18992,202611,0,0.13183843495331365
18993,202611,0,0.13733032225359232
18994,202611,0,0.25390021374280924
18995,202611,0,0.1239327048646903
18996,202611,1,0.12033720104897846
18997,202611,0,0.1347731329817301
18999,202611,0,0.12873628586331595
19002,202611,0,0.11717032671541161
19003,202611,1,0.3313080713807035
19004,202611,0,0.12087249318135426
19005,202611,0,0.10753737940614982
19007,202611,0,0.10379480810388535
19010,202611,0,0.13375347765445536
19012,202611,0,0.1275284442130047
19013,202611,1,0.14427799983897735
19014,202611,0,0.12244049851134045
19015,202611,1,0.19258008402122673
19016,202611,0,0.1406374267058853
19017,202611,0,0.17400715713264026
19018,202611,0,0.13123681115847868
19019,202611,0,0.14582251159861828
19021,202611,1,0.1320606770948883
19022,202611,0,0.200315586073326
19023,202611,0,0.2567107174217413
19024,202611,0,0.20575703067883294
19028,202611,0,0.1342153654467747
19029,202611,0,0.05358672526383718
19030,202611,0,0.06350073317972059
19031,202611,0,0.18155914547326607
19034,202611,0,0.14762682854134895
19035,202611,0,0.055241264277575475
19036,202611,0,0.16287387095890504
19037,202611,0,0.12711379519882451
19038,202611,0,0.15310347957084278
19040,202611,0,0.06776272184429391
19042,202611,0,0.22123406366092488
19043,202611,0,0.11894815977665749
19044,202611,0,0.10543071363285589
19046,202611,1,0.09621938220148796
19047,202611,0,0.23056439642458124
19048,202611,0,0.17436500075202013
19049,202611,0,0.1326714521365536
19051,202611,0,0.14733520510689238
19053,202611,0,0.12083029764782599
19054,202611,0,0.27044766604530407
19055,202611,1,0.1435645903087301
19056,202611,0,0.12379504531719121
19057,202611,0,0.16346033491995582
19058,202611,0,0.1296871056181051
19059,202611,0,0.10816472398807409
19060,202611,0,0.1340951648565196
19062,202611,0,0.1430478646119782
19063,202611,1,0.16994848057173806
19064,202611,0,0.1506670294224003
19071,202611,0,0.25521907648958836
19078,202611,0,0.13783358802118625
19079,202611,0,0.13777400685485755
19080,202611,0,0.10431119357365622
19081,202611,0,0.06534275243028494
19085,202611,0,0.14021489248912572
19088,202611,0,0.14644441005896452
19089,202611,0,0.1512026021895787
19090,202611,0,0.1473535260054938
19091,202611,0,0.2417089325243666
19092,202611,0,0.108429268290792
19094,202611,0,0.1362642905994508
19099,202611,0,0.17033798940498437
19100,202611,0,0.14050193861332264
19101,202611,0,0.06878135955356096
19103,202611,0,0.16112262522021523
19104,202611,0,0.16508909399856828
19105,202611,1,0.1325714806532277
19106,202611,0,0.1316586513877606
19107,202611,0,0.2197783899499704
19108,202611,0,0.15343446218487702
19109,202611,0,0.058677573700335425
19111,202611,0,0.13214752321647585
19112,202611,0,0.15586165770258958
19113,202611,0,0.12975311278530843
19114,202611,0,0.1317479975071702
19116,202611,0,0.15456409951248712
19117,202611,0,0.1665623272101535
19121,202611,0,0.1356315815463097
19125,202611,0,0.21842744789857044
19127,202611,0,0.1901686839572618
19128,202611,0,0.13353726894142745
19132,202611,1,0.15097776890928277
19134,202611,1,0.14626016118559296
19136,202611,0,0.1256012369548887
19137,202611,0,0.12079812751257983
19142,202611,0,0.1559536403211814
19143,202611,0,0.10988758693520591
19144,202611,0,0.1311633963263909
19146,202611,0,0.13900950360580672
19147,202611,0,0.11282362720518717
19152,202611,0,0.06894264164279124
19154,202611,0,0.056342096184130004
19157,202611,0,0.1304813897700124
19160,202611,0,0.14049578564983958
19161,202611,0,0.06466740184911328
19162,202611,0,0.22222255610587635
19164,202611,1,0.15923654540828208
19165,202611,0,0.06696032139698492
19167,202611,0,0.0624908179208049
19168,202611,0,0.16831748191297125
19171,202611,0,0.06475646215439985
19172,202611,0,0.0583932739299304
19173,202611,0,0.14954775182082466
19174,202611,0,0.1447563436333127
19175,202611,1,0.2850751064510588
19176,202611,0,0.12908243713949838
19177,202611,0,0.15427251356897234
19178,202611,0,0.04684971189808895
19179,202611,0,0.21778613910927958
19180,202611,0,0.20082950036801253
19182,202611,0,0.13822743928319628
19184,202611,0,0.15019916494593158
19185,202611,0,0.06276175215048421
19187,202611,0,0.05804375592554484
19189,202611,0,0.22890881747241673
19190,202611,1,0.20977452884710235
19191,202611,0,0.10810108780232189
19193,202611,0,0.1512689468968756
19194,202611,0,0.16354124441142603
19195,202611,1,0.1543311851327391
19197,202611,0,0.17204280960597176
19198,202611,0,0.12406675481768908
19200,202611,0,0.17368612620592674
19202,202611,0,0.059477154106369064
19204,202611,0,0.1013792726915577
19205,202611,0,0.13149318155885464
19206,202611,0,0.12552016770778882
19209,202611,1,0.23777227224273834
19212,202611,0,0.06051386262305743
19213,202611,0,0.12452275162062407
19214,202611,0,0.40111378139186504
19219,202611,1,0.18124738381186675
19220,202611,1,0.16042413367813013
19221,202611,1,0.19147622981476214
19222,202611,0,0.1497173594869984
19223,202611,0,0.14814955197671
19225,202611,0,0.22356135562283824
19226,202611,1,0.1248064218003649
19228,202611,0,0.1345441965729265
19230,202611,0,0.3447332490382695
19234,202611,1,0.25925784034170035
19235,202611,1,0.11075505695326565
19236,202611,0,0.1399754402129875
19240,202611,0,0.13894191555515986
19241,202611,0,0.14181593583052943
19242,202611,0,0.13472618947344747
19243,202611,0,0.3135530951972353
19244,202611,0,0.12377697257974062
19246,202611,1,0.15366647486440776
19248,202611,0,0.13492766955975777
19249,202611,0,0.14766167680417025
19250,202611,0,0.1335740537533864
19251,202611,0,0.15778531369228188
19254,202611,0,0.14377382937562713
19255,202611,0,0.14981696025770488
19257,202611,1,0.058642445763683666
19258,202611,0,0.16395162958628137
19259,202611,0,0.13157491199827062
19260,202611,0,0.23343356913467203
19261,202611,0,0.12367353382737767
19262,202611,0,0.06958193891533031
19264,202611,0,0.13231190266780088
19265,202611,0,0.2013352063036892
19266,202611,0,0.14607744927308658
19270,202611,0,0.13508650287660953
19271,202611,0,0.12271811990427303
19274,202611,0,0.13993470199385952
19275,202611,0,0.15115575700997544
19276,202611,0,0.09406630109093087
19278,202611,0,0.053613846033225714
19280,202611,0,0.11668555149434535
19281,202611,1,0.33631778655557004
19282,202611,0,0.14839213295214054
19285,202611,1,0.1351787360773182
19287,202611,0,0.17702726339957311
19288,202611,0,0.13803367065336292
19290,202611,0,0.15081328396295335
19291,202611,1,0.2424827149500511
19293,202611,0,0.1564557538566176
19295,202611,0,0.22297245829937654
19297,202611,1,0.070588590433984
19298,202611,0,0.21188438711971044
19299,202611,0,0.19602492625022816
19300,202611,0,0.06295311082710861
19301,202611,0,0.12144849653637786
19302,202611,1,0.13733134391577145
19304,202611,0,0.13117544609143406
19305,202611,0,0.1560169440248235
19306,202611,0,0.11282346918398503
19309,202611,0,0.1553199722429107
19310,202611,0,0.11762770626904812
19311,202611,0,0.23299678666039947
19313,202611,0,0.18642660527818522
19314,202611,1,0.16612480547888536
19315,202611,1,0.13615200150355988
19317,202611,0,0.13609338213916852
19320,202611,0,0.16811936938410024
19322,202611,0,0.052379079529392324
19323,202611,1,0.13807205637629383
19324,202611,0,0.17236784842949837
19325,202611,0,0.14175312534072657
19326,202611,0,0.12666623897068482
19328,202611,0,0.13370173834462407
19330,202611,0,0.1493292771819319
19331,202611,0,0.4071434748856279
19332,202611,0,0.1409130228383631
19334,202611,0,0.13702179793125221
19337,202611,0,0.13956832851090042
19338,202611,0,0.1513811801952948
19340,202611,0,0.1239405666013838
19341,202611,0,0.12660403404438245
19342,202611,0,0.13733953808300048
19343,202611,0,0.13848984520108268
19347,202611,0,0.32671841698761545
19348,202611,0,0.16816909146646444
19349,202611,0,0.22177439528975282
19351,202611,1,0.11901237407639184
19352,202611,1,0.07280702357348469
19353,202611,1,0.1271896021264057
19354,202611,0,0.14684723648608378
19356,202611,0,0.14059004108593734
19357,202611,0,0.133883016446052
19358,202611,0,0.21191243677564436
19361,202611,0,0.1120711081791704
19362,202611,0,0.14410326217735825
19365,202611,0,0.11545051937530348
19366,202611,0,0.13644644435744166
19367,202611,0,0.16084567116856263
19369,202611,0,0.1269177936775552
19370,202611,1,0.21544433830142518
19372,202611,0,0.14930469913527003
19376,202611,0,0.05195460191306585
19377,202611,0,0.1378608659976446
19382,202611,0,0.06311961184360423
19383,202611,0,0.24774250706291298
19384,202611,0,0.16658012876456554
19385,202611,0,0.14306854619738094
19386,202611,0,0.14856973234617743
19388,202611,0,0.143862545433744
19390,202611,1,0.1219795339725893
19392,202611,0,0.12953393263594398
19393,202611,0,0.1588538891464294
19394,202611,0,0.12507044626785643
19395,202611,0,0.23627648931502265
19396,202611,0,0.13521475737919064
19397,202611,0,0.10697626625380496
19399,202611,0,0.15952994127794318
19400,202611,0,0.1504815595503357
19402,202611,0,0.14510994582213696
19403,202611,0,0.14284526515033188
19404,202611,0,0.11890261548858246
19405,202611,0,0.135253462384823
19406,202611,0,0.12960379355363347
19408,202611,0,0.11172251829423674
19412,202611,0,0.16866031203017942
19413,202611,1,0.13063318438008373
19414,202611,0,0.13830924232127548
19419,202611,0,0.23854100724151936
19421,202611,0,0.14992145034638366
19424,202611,0,0.1148667760939078
19425,202611,1,0.16112365535643308
19426,202611,1,0.13195314144074718
19428,202611,1,0.1368009141790498
19429,202611,0,0.35998175199514504
19431,202611,0,0.15994223386216047
19432,202611,0,0.14208735403511763
19434,202611,0,0.06794469049417531
19435,202611,0,0.13676181754800765
19436,202611,0,0.1207824841253
19438,202611,0,0.11559258521209141
19439,202611,0,0.25894897807694883
19441,202611,0,0.05668341463804005
19442,202611,0,0.07097420733956057
19443,202611,0,0.13067091576324955
19447,202611,0,0.09996891288404049
19448,202611,0,0.11274564371570514
19449,202611,0,0.09911876264232092
19450,202611,0,0.15373175466725042
19452,202611,0,0.14024758576981539
19455,202611,0,0.25551854336401814
19458,202611,0,0.143307495771436
19459,202611,0,0.15594260061132723
19460,202611,0,0.13839211002567767
19461,202611,0,0.05303645226751417
19462,202611,0,0.11322600271958129
19463,202611,0,0.12319557939204284
19468,202611,0,0.1538408978963102
19469,202611,0,0.05893059257009215
19470,202611,0,0.3266489698973251
19471,202611,0,0.21983033015370562
19472,202611,0,0.13699575267360545
19474,202611,0,0.13895902745554953
19475,202611,0,0.11398259576092255
19477,202611,0,0.13776511050419313
19478,202611,0,0.14269990237469543
19479,202611,0,0.25245368221871883
19482,202611,0,0.14401215698241138
19484,202611,0,0.25737774681686526
19487,202611,0,0.1334095513159034
19489,202611,1,0.23764522258425627
19492,202611,0,0.13062003941768183
19495,202611,0,0.13762584948607257
19502,202611,0,0.13576252522107313
19505,202611,0,0.09814379227726683
19506,202611,0,0.1125651838875907
19507,202611,0,0.11606712386109524
19510,202611,0,0.11686968090813683
19511,202611,0,0.37364977712951447
19512,202611,0,0.06386847485655318
19514,202611,1,0.11319488108974228
19515,202611,0,0.13912998251842482
19520,202611,0,0.15482892420031166
19521,202611,0,0.14724999963430302
19524,202611,1,0.21095990095847944
19526,202611,0,0.17022710174914654
19527,202611,0,0.14069605397229604
19531,202611,0,0.2654993073665926
19532,202611,0,0.12147969408201409
19534,202611,0,0.1458476753009588
19538,202611,0,0.1537336264831711
19539,202611,0,0.047454204579008764
19542,202611,0,0.11212100249955514
19543,202611,0,0.11638732603542025
19545,202611,0,0.1452479626973773
19546,202611,0,0.14165927714395007
19548,202611,0,0.18866000043882736
19549,202611,1,0.2655949794420215
19550,202611,0,0.17042489726176382
19552,202611,0,0.1268116118436227
19553,202611,0,0.04156755750079564
19554,202611,0,0.11623388249685948
19555,202611,0,0.1332859004368882
19556,202611,0,0.16703456314328705
19557,202611,0,0.1191895139513325
19561,202611,0,0.14222187624478974
19562,202611,1,0.13228813879105375
19563,202611,0,0.14426705235820714
19568,202611,1,0.12321066935941533
19570,202611,0,0.12834096563869768
19572,202611,0,0.13372920465633067
19574,202611,0,0.2311254568755416
19576,202611,1,0.2287438695294985
19578,202611,0,0.11738239530422276
19579,202611,0,0.14383682655417532
19582,202611,0,0.18160310684237257
19586,202611,0,0.06874856344964458
19587,202611,0,0.10771879447213775
19589,202611,0,0.11528507878127257
19590,202611,0,0.06680793311977432
19592,202611,0,0.1355309929215215
19594,202611,0,0.0759466370624695
19595,202611,1,0.14003111334442794
19596,202611,0,0.2073903882428854
19597,202611,1,0.1496497072318662
19599,202611,0,0.1225894718638008
19600,202611,0,0.11454849639408601
19601,202611,1,0.13186561630809016
19603,202611,0,0.1194155888837658
19604,202611,0,0.11771624321413798
19605,202611,0,0.16323387562952116
19606,202611,1,0.17489809661800398
19607,202611,0,0.10250937114707939
19609,202611,1,0.1446445458189151
19613,202611,1,0.1460223253624824
19616,202611,0,0.05945519308752666
19618,202611,0,0.05908983227666505
19619,202611,0,0.05296005690585929
19620,202611,0,0.12648839770554676
19623,202611,0,0.11316400698630448
19624,202611,0,0.1856245674932756
19625,202611,0,0.1459457402907182
19626,202611,0,0.1802305695940882
19628,202611,0,0.14712016534843483
19629,202611,0,0.1628857206877654
19630,202611,1,0.05021474923732685
19631,202611,0,0.10911569405144639
19633,202611,0,0.13561818396492487
19634,202611,0,0.12669500575938292
19635,202611,0,0.2459055047263836
19636,202611,0,0.15927372603963794
19637,202611,0,0.132997745602832
19639,202611,0,0.15606778655778003
19643,202611,0,0.13877889667401433
19644,202611,0,0.13911578546553233
19645,202611,0,0.18672473150569713
19647,202611,0,0.16275744816940876
19649,202611,0,0.1568571608373334
19650,202611,0,0.1528462846272192
19652,202611,0,0.1570832425621052
19653,202611,0,0.1801378049391813
19656,202611,0,0.1289871987638827
19660,202611,0,0.15033092664979272
19662,202611,1,0.13438182129636347
19663,202611,0,0.145994700418152
19664,202611,0,0.19099070920363914
19666,202611,0,0.1574014693045955
19667,202611,1,0.1281254391816117
19668,202611,0,0.12559009905989318
19671,202611,0,0.10699008241499144
19672,202611,0,0.13654956027504625
19674,202611,0,0.21797114514251384
19675,202611,0,0.13995323016014183
19676,202611,0,0.15197474459513025
19677,202611,1,0.1351570284268582
19678,202611,0,0.1558623155950468
19679,202611,0,0.14800825782638488
19680,202611,0,0.19972903259676125
19681,202611,0,0.13644802129960934
19682,202611,0,0.12188538079485667
19683,202611,0,0.15536018323545642
19684,202611,0,0.11366703273738588
19686,202611,0,0.13273553875813943
19687,202611,0,0.15395567153556186
19689,202611,1,0.1372016704997917
19691,202611,0,0.13197734270049505
19692,202611,0,0.12308707220530016
19698,202611,0,0.21696637511690156
19699,202611,0,0.13387916676279185
19700,202611,0,0.12742714530570742
19702,202611,0,0.14239901761243956
19706,202611,0,0.15990799070337178
19707,202611,0,0.3518343067169915
19708,202611,0,0.13243240908004567
19709,202611,0,0.1339763148244318
19710,202611,0,0.1174392717144588
19711,202611,0,0.14687421550206062
19713,202611,0,0.08477237991831327
19714,202611,0,0.14438901135585502
19716,202611,0,0.15048384732965508
19718,202611,0,0.13182437031053754
19719,202611,0,0.1598602120468487
19720,202611,0,0.11327420459580159
19722,202611,1,0.1480180839467094
19724,202611,0,0.053295915994949365
19726,202611,0,0.23630514319061582
19727,202611,0,0.14537914449997588
19728,202611,0,0.05633740888673135
19729,202611,0,0.15747994729279557
19731,202611,0,0.21252690117920353
19733,202611,0,0.14480878284848198
19735,202611,0,0.11813537812900514
19736,202611,0,0.16463845299731486
19740,202611,1,0.14951342588532593
19743,202611,0,0.14321122477359072
19744,202611,0,0.1401800230880434
19746,202611,0,0.11993331607126495
19748,202611,0,0.1219296255304684
19750,202611,0,0.14266951610981507
19751,202611,0,0.21878795996756994
19753,202611,0,0.12390495118678485
19754,202611,0,0.1437769068209106
19758,202611,0,0.10150528295057763
19760,202611,0,0.1622599020368983
19766,202611,0,0.060706032125749244
19769,202611,0,0.0476202332958923
19770,202611,0,0.14592487606507143
19771,202611,1,0.26309921213859394
19775,202611,0,0.14449274129309367
19778,202611,0,0.10801969282576966
19779,202611,0,0.04841029918972204
19781,202611,0,0.130461357358626
19782,202611,0,0.35781200566358873
19783,202611,0,0.11748300066143953
19784,202611,0,0.055312745788075546
19785,202611,0,0.24228550477692118
19786,202611,1,0.12855503254009584
19788,202611,0,0.2284827129467822
19790,202611,0,0.13148520052507354
19791,202611,0,0.05638388870625319
19792,202611,0,0.05435185062300379
19793,202611,0,0.13004614447354776
19794,202611,1,0.14312856545789726
19795,202611,0,0.11726323136268506
19797,202611,0,0.2647914763355148
19798,202611,1,0.1424745599500209
19802,202611,0,0.06980107545594347
19803,202611,0,0.16310096401142188
19804,202611,1,0.12987282328499178
19805,202611,0,0.12862399695186136
19806,202611,0,0.15338252152874038
19810,202611,0,0.15416564861050064
19811,202611,1,0.1414703818661228
19813,202611,0,0.08584177403732304
19818,202611,0,0.12545888841430725
19819,202611,0,0.14399717600476286
19820,202611,0,0.15898463999948542
19824,202611,0,0.1924922397303345
19828,202611,0,0.1055754559649054
19830,202611,0,0.14194382188240753
19831,202611,0,0.23379139209332814
19832,202611,0,0.06181149448838375
19833,202611,0,0.1750557903638596
19834,202611,0,0.146332353635337
19835,202611,0,0.136125400660408
19836,202611,0,0.13443469364499167
19838,202611,0,0.13733200616274713
19839,202611,0,0.1571210344233973
19841,202611,0,0.1476947564446839
19843,202611,0,0.11498070667046349
19844,202611,0,0.12269434036473802
19845,202611,0,0.14393013191762313
19846,202611,1,0.1610279626662019
19847,202611,0,0.2278083049455765
19848,202611,0,0.15942288186932524
19851,202611,0,0.20111285538468895
19853,202611,0,0.13596866347593042
19855,202611,0,0.13265482404842227
19857,202611,0,0.1610057068524519
19858,202611,0,0.13204441559252722
19861,202611,0,0.061721540319638
19867,202611,0,0.1502592931627138
19868,202611,0,0.1576971399555277
19871,202611,0,0.11544240367943887
19872,202611,1,0.21068591101316272
19874,202611,1,0.20897511868221888
19875,202611,0,0.15991462225197053
19876,202611,1,0.14587423749267228
19878,202611,0,0.1398458572469195
19879,202611,0,0.057339812160729274
19881,202611,0,0.17883278071763056
19882,202611,0,0.11603473573222477
19883,202611,0,0.11435697095437596
19884,202611,0,0.23904423794185026
19887,202611,0,0.35770732149988455
19889,202611,0,0.14089638586014688
19890,202611,0,0.1239550468363245
19891,202611,1,0.12696044237715914
19893,202611,0,0.2221979813222284
19894,202611,0,0.31078485798231525
19896,202611,0,0.13901115715562506
19898,202611,0,0.3244830130366078
19900,202611,0,0.280151410528913
19901,202611,0,0.1497345025956165
19904,202611,0,0.1549705504608717
19906,202611,0,0.3874131767721058
19913,202611,1,0.10955371179304228
19914,202611,0,0.05871611625727417
19916,202611,0,0.059806305160159834
19920,202611,0,0.2332917931941528
19921,202611,0,0.061260647352753536
19922,202611,0,0.12074696395759005
19924,202611,0,0.2667556357366447
19925,202611,0,0.1400293286070764
19926,202611,0,0.1639642285566234
19932,202611,1,0.15627710388974136
19935,202611,0,0.05661210522043411
19936,202611,1,0.1671468515555193
19937,202611,0,0.13191997094405838
19938,202611,0,0.12224303239720002
19939,202611,1,0.15182618449899377
19940,202611,1,0.13210886551372467
19941,202611,0,0.14586386216306205
19943,202611,0,0.11833046115047918
19946,202611,0,0.14791303777285483
19949,202611,0,0.06517611162612368
19953,202611,0,0.13685565337532363
19955,202611,0,0.14721869802250118
19957,202611,0,0.15066610154757656
19958,202611,0,0.12747183472499207
19959,202611,0,0.18617749594014144
19960,202611,0,0.1421421914092661
19963,202611,0,0.12350065482373215
19964,202611,0,0.32586190358255956
19965,202611,0,0.16632897461257612
19966,202611,0,0.14804242847783833
19967,202611,0,0.12708329098378973
19968,202611,0,0.15973798996719887
19969,202611,0,0.04543263568471454
19970,202611,0,0.07156861669462276
19972,202611,0,0.10717347086723653
19973,202611,0,0.1375207128914146
19974,202611,0,0.11821168528957705
19975,202611,0,0.1254151679793082
19977,202611,0,0.2929744333597939
19981,202611,1,0.3280469490353678
19982,202611,1,0.13891777329228805
19983,202611,0,0.06569631254514352
19984,202611,0,0.07745080795593964
19986,202611,0,0.23199565550547094
19987,202611,0,0.1596315556126626
19988,202611,0,0.1411814051479203
19989,202611,0,0.09204565710011385
19993,202611,0,0.11353002552935185
19994,202611,1,0.13750169272534293
19995,202611,0,0.1043422786264145
19996,202611,0,0.17621507991452506
20000,202611,1,0.07288974360326188
20001,202611,0,0.16224504512948956
20003,202611,0,0.11363775020754285
20004,202611,0,0.16483076873293365
20006,202611,1,0.11784324265745137
20010,202611,1,0.2061600731724813
20011,202611,0,0.24394788238531262
20016,202611,0,0.2046804079939899
20019,202611,0,0.14074510420253739
20020,202611,0,0.1124576790096494
20023,202611,1,0.12776089559215317
20024,202611,0,0.13589483014853937
20025,202611,0,0.24793884046083933
20027,202611,0,0.1450840383518688
20030,202611,0,0.16343773621740595
20031,202611,0,0.05789038671066351
20032,202611,0,0.1343218052689252
20034,202611,0,0.14972661188874142
20035,202611,0,0.13872782566364963
20037,202611,0,0.07269697787861669
20039,202611,0,0.16518642411687545
20040,202611,0,0.14021531815134777
20041,202611,0,0.14730825646214085
20042,202611,0,0.16590829348974545
20043,202611,0,0.15970723709813414
20045,202611,0,0.11893855501868732
20047,202611,0,0.1504422647544455
20048,202611,0,0.24592230741955787
20049,202611,0,0.1315543901913562
20051,202611,0,0.2671696348371167
20053,202611,0,0.13841237023722547
20055,202611,0,0.1502203243983146
20057,202611,0,0.20473153245987175
20058,202611,0,0.1514048969292526
20061,202611,0,0.14252861005739526
20063,202611,1,0.15397436582528523
20065,202611,0,0.14760599632263577
20066,202611,0,0.1216037636968873
20067,202611,0,0.13289877473863954
20068,202611,0,0.05978842709004705
20069,202611,1,0.24591865867907592
20070,202611,0,0.14817168637794903
20072,202611,0,0.13107239807073712
20073,202611,0,0.18139738908541106
20075,202611,0,0.17774817885291697
20077,202611,0,0.22691891593515107
20078,202611,0,0.13313271269453944
20079,202611,0,0.16041790643564124
20083,202611,0,0.11649968459417183
20084,202611,0,0.09377753601243849
20085,202611,0,0.14799583998861734
20086,202611,0,0.06609861268738956
20088,202611,0,0.12433801073862714
20089,202611,0,0.1441616191794252
20090,202611,0,0.06775317778686141
20091,202611,0,0.3074864500497265
20094,202611,0,0.1445410646263611
20096,202611,0,0.15096363677865587
20098,202611,0,0.10707762973246289
20100,202611,0,0.16218806296196353
20102,202611,0,0.19751638582551612
20103,202611,0,0.17698862819759437
20104,202611,0,0.17000142599023504
20106,202611,0,0.13016070736259983
20107,202611,1,0.2630572127781231
20108,202611,0,0.41881678934095523
20110,202611,0,0.1560724422125686
20115,202611,1,0.058801594908286084
20117,202611,0,0.1517212945265668
20118,202611,0,0.3410943555704644
20119,202611,0,0.14737571183973588
20120,202611,0,0.2734105944981692
20121,202611,1,0.05510371116609321
20124,202611,1,0.1641524806160105
20126,202611,0,0.10664110706534362
20127,202611,0,0.12872644078259732
20129,202611,1,0.1186312176243827
20133,202611,0,0.11304049148283482
20138,202611,0,0.12596937474745531
20141,202611,0,0.1442004777343228
20145,202611,0,0.16125057563882608
20146,202611,0,0.061091072225472436
20148,202611,0,0.14038154454766882
20150,202611,0,0.15584377329139648
20151,202611,0,0.1442673305779219
20152,202611,0,0.17009803581521418
20156,202611,0,0.11660449863853468
20158,202611,0,0.14634017860942222
20160,202611,0,0.14508427688607708
20161,202611,0,0.05813464899038994
20162,202611,0,0.12177751397337495
20164,202611,0,0.18495641813262595
20165,202611,1,0.2795504177173179
20167,202611,0,0.11429035964623577
20169,202611,0,0.14911408753781863
20170,202611,0,0.1478522530347785
20171,202611,0,0.13525491246633362
20172,202611,0,0.051565363813183475
20174,202611,0,0.11358523861724512
20175,202611,0,0.1446173731522695
20177,202611,1,0.13283535934823743
20178,202611,0,0.14188714693622786
20181,202611,0,0.1288567061538294
20184,202611,0,0.057651347616799506
20186,202611,1,0.21088968375312744
20187,202611,0,0.24660228498478245
20189,202611,0,0.1382712786507659
20190,202611,0,0.14723554378157933
20191,202611,0,0.12600557345816382
20192,202611,0,0.15247692351149417
20193,202611,0,0.12755832637892334
20197,202611,0,0.283392538825694
20198,202611,0,0.1177759580071375
20199,202611,0,0.12499473511065069
20201,202611,0,0.13923470637537827
20202,202611,0,0.1189758375227862
20203,202611,0,0.1529930417990804
20204,202611,0,0.13745955463204038
20205,202611,0,0.14207395659456362
20208,202611,0,0.06578843803432984
20210,202611,0,0.13565415611993054
20211,202611,0,0.13972713301459025
20212,202611,0,0.1414307804556984
20213,202611,0,0.15084842772886345
20214,202611,0,0.1526474149835347
20217,202611,0,0.11308357932468131
20218,202611,0,0.1341619422636724
20220,202611,0,0.1403315167481233
20221,202611,0,0.11869854797714018
20224,202611,1,0.35488556060842963
20225,202611,0,0.1345702324453265
20226,202611,0,0.15509853573953894
20229,202611,0,0.13469471989387466
20234,202611,0,0.1818354003291188
20238,202611,0,0.13504711033353436
20239,202611,1,0.2167756855317703
20241,202611,0,0.06663123573468048
20242,202611,0,0.14440362351244115
20243,202611,0,0.15632357569998756
20245,202611,0,0.15397655231516263
20248,202611,0,0.15569060464454162
20250,202611,0,0.16557764598150335
20251,202611,0,0.23666009734150287
20252,202611,0,0.13870675850198957
20253,202611,1,0.05782228815252585
20254,202611,1,0.18804732736087734
20255,202611,0,0.06605523685087576
20256,202611,0,0.13493303453392522
20257,202611,1,0.22444270226623758
20259,202611,0,0.05133788326328767
20260,202611,0,0.0653608490132041
20261,202611,0,0.11482527153994947
20262,202611,0,0.12383014040786688
20263,202611,0,0.11316772545087309
20264,202611,1,0.158072972511294
20265,202611,0,0.051530769444360816
20266,202611,0,0.24918793583084456
20269,202611,0,0.060293584160583044
20270,202611,0,0.14660130406325686
20274,202611,0,0.09883983096687875
20276,202611,0,0.22118516875802163
20277,202611,0,0.27128431605648
20278,202611,0,0.1218580171254124
20282,202611,0,0.1238422579742204
20283,202611,1,0.13359585471622995
20285,202611,0,0.12264868816491378
20286,202611,0,0.1646401046987151
20287,202611,0,0.06636035341705249
20288,202611,0,0.23484622545417058
20291,202611,0,0.2200361492364397
20292,202611,0,0.07018571011228253
20293,202611,0,0.15527762117058283
20294,202611,1,0.14187733101451458
20295,202611,1,0.32989339604450035
20296,202611,0,0.13878973588742596
20300,202611,0,0.13122969471676757
20302,202611,0,0.12592843583430027
20303,202611,0,0.14976337787109872
20305,202611,0,0.16515197485013472
20306,202611,0,0.14828488287026306
20309,202611,0,0.11948524201667829
20313,202611,1,0.12977623159499
20314,202611,0,0.22663067440140774
20315,202611,0,0.132377417678105
20316,202611,0,0.1359772213663037
20317,202611,0,0.12086585510620046
20318,202611,0,0.14747270948218416
20319,202611,0,0.11821119355312898
20320,202611,0,0.17302142262944986
20322,202611,1,0.12582754487950273
20323,202611,0,0.1519150303453959
20324,202611,0,0.05675866055151088
20325,202611,0,0.05754243664180239
20326,202611,0,0.06901229876502167
20327,202611,0,0.1233526147481804
20330,202611,0,0.11626666859453275
20331,202611,0,0.16143703516500288
20338,202611,1,0.367680367005665
20342,202611,0,0.16953139343294793
20343,202611,0,0.1195952480601254
20345,202611,0,0.18332304504861113
20346,202611,1,0.15048138099660996
20347,202611,0,0.06198233710988575
20348,202611,0,0.1323176129046502
20349,202611,1,0.14061799994178062
20352,202611,0,0.10793421960602614
20354,202611,0,0.06242063696124274
20355,202611,0,0.12360903205491053
20356,202611,0,0.24960670848404495
20357,202611,0,0.14567859109972753
20359,202611,0,0.12443232547976185
20360,202611,1,0.08512332954952687
20361,202611,0,0.15614264082135174
20363,202611,0,0.05942209417208956
20365,202611,0,0.1497612876732157
20367,202611,0,0.314710686667854
20369,202611,1,0.3450280082690259
20370,202611,0,0.06625943772618881
20372,202611,0,0.10991170384974457
20373,202611,0,0.13671864132519207
20375,202611,0,0.34173468792255074
20376,202611,0,0.13603609038077094
20377,202611,1,0.13574038213531453
20379,202611,0,0.06439058626496778
20380,202611,0,0.1454795724243672
20382,202611,1,0.05618473395290436
20383,202611,0,0.13018300326505053
20384,202611,0,0.1753299364417983
20385,202611,0,0.1102747930633359
20386,202611,0,0.11607686927020253
20387,202611,0,0.1663096678735731
20389,202611,0,0.125983805647642
20391,202611,0,0.1625167585376918
20392,202611,0,0.0815194286923503
20395,202611,0,0.1439635675478052
20396,202611,0,0.24775748041241624
20397,202611,1,0.2316565241671674
20398,202611,0,0.31237594292925563
20401,202611,0,0.13157306384511322
20403,202611,0,0.14002687228053215
20404,202611,0,0.13125480800330266
20406,202611,0,0.24546916306044436
20407,202611,0,0.15372130513560583
20409,202611,0,0.13564424697954544
20411,202611,0,0.12310771349401471
20412,202611,0,0.1585313201065134
20415,202611,1,0.11627142099455397
20418,202611,0,0.1284936311716076
20419,202611,0,0.12143456895192212
20420,202611,0,0.04890501722202735
20423,202611,0,0.13252129024446654
20425,202611,1,0.1456509320829808
20428,202611,1,0.22982956343653876
20429,202611,1,0.11654660321702964
20430,202611,0,0.17982441759299947
20432,202611,0,0.12440140607085316
20433,202611,0,0.34844328010988845
20434,202611,0,0.25708845668017066
20436,202611,1,0.11478679797079383
20437,202611,0,0.12233376770767365
20438,202611,0,0.1573236459564425
20439,202611,0,0.12097472774242259
20440,202611,0,0.1262862901352032
20442,202611,0,0.1265380268337503
20444,202611,0,0.25628078098314766
20446,202611,0,0.12069738713896286
20449,202611,0,0.16546534838140428
20450,202611,1,0.32817136951061343
20452,202611,0,0.10938036388212174
20454,202611,0,0.12804020020801957
20455,202611,0,0.13498111322022105
20456,202611,0,0.12336314542814221
20458,202611,0,0.1346673635547663
20461,202611,1,0.1566062451223804
20462,202611,0,0.14748631399297638
20464,202611,0,0.15796773274501136
20465,202611,0,0.1139251583399519
20466,202611,1,0.12801186143580867
20467,202611,0,0.14898731822950673
20468,202611,0,0.05236386460094374
20472,202611,0,0.18023853663463546
20473,202611,0,0.06036629275862224
20475,202611,0,0.13323548710271585
20477,202611,0,0.14989547842770876
20482,202611,0,0.11699561971005683
20483,202611,0,0.21976430148015288
20485,202611,1,0.15053374601872382
20486,202611,0,0.25122118823858197
20487,202611,0,0.14749709768125271
20489,202611,1,0.21267511867133462
20490,202611,0,0.13139057433436963
20491,202611,0,0.1258127410994203
20494,202611,0,0.0604964214458996
20495,202611,0,0.1508204861086708
20496,202611,0,0.12000143148528344
20497,202611,0,0.12388514970553643
20498,202611,0,0.20445934200137117
20499,202611,0,0.13814607625394412
20502,202611,1,0.14846897113963178
20507,202611,0,0.10336308322488205
20508,202611,0,0.14554098165831772
20509,202611,0,0.07907102364692015
20510,202611,0,0.13597717574037785
20511,202611,0,0.13637071341029086
20512,202611,0,0.06693418330758086
20513,202611,0,0.1636727913733421
20515,202611,1,0.35223785143459047
20517,202611,0,0.14910424393142468
20518,202611,0,0.24731482460856283
20521,202611,1,0.17269051479590394
20522,202611,0,0.14544200620239173
20525,202611,0,0.1464860977708019
20526,202611,0,0.13103500013289732
20530,202611,1,0.12053682640224571
20531,202611,0,0.19915571907199048
20534,202611,0,0.14980169815744293
20536,202611,0,0.12681779212661107
20540,202611,0,0.12880471033998592
20541,202611,1,0.14339143461158158
20544,202611,0,0.14686509253715527
20546,202611,0,0.1618364693784632
20548,202611,0,0.05406131901211534
20549,202611,0,0.11278288660489975
20550,202611,0,0.061325479497674876
20551,202611,0,0.1066680631585947
20552,202611,0,0.15536428431452745
20553,202611,0,0.12569422818907572
20555,202611,0,0.20632547500301035
20559,202611,0,0.17086703130239028
20560,202611,0,0.14327900986107506
20561,202611,0,0.2516413421275647
20562,202611,0,0.1364778160899012
20563,202611,0,0.1453430608523564
20565,202611,0,0.14998982035755243
20567,202611,0,0.13851650458050607
20568,202611,0,0.1995221349679987
20569,202611,0,0.14612618539530461
20572,202611,0,0.13404766828289094
20580,202611,0,0.16059250980353101
20581,202611,1,0.1577002407907868
20582,202611,0,0.1449894478897346
20584,202611,0,0.27244320688203105
20585,202611,0,0.14414880579998274
20587,202611,1,0.12485881359530948
20588,202611,0,0.04669802652721455
20589,202611,1,0.10207071961465407
20591,202611,0,0.15327777132192555
20596,202611,0,0.1215470063612875
20597,202611,0,0.05373822991800516
20600,202611,0,0.1486422508471274
20601,202611,1,0.1276088636081659
20602,202611,0,0.21335205893293133
20606,202611,0,0.07098277492453989
20609,202611,0,0.14469129663757757
20610,202611,0,0.17481265555576728
20611,202611,0,0.12637720917875378
20613,202611,0,0.12170542758610844
20616,202611,0,0.2087104520735557
20617,202611,1,0.06366387622711303
20619,202611,0,0.058785178679522224
20622,202611,0,0.1616039256666333
20627,202611,0,0.13982943400414233
20630,202611,0,0.1286712846840826
20631,202611,0,0.058340306264196354
20635,202611,1,0.1502251497169072
20637,202611,0,0.10540033968198755
20641,202611,0,0.23829980775033857
20643,202611,0,0.22714311323775985
20644,202611,1,0.22045480555153968
20645,202611,0,0.14983855931480292
20647,202611,0,0.09864293851422376
20650,202611,0,0.14491025142819988
20651,202611,0,0.1322403606437699
20653,202611,0,0.16689456684343437
20654,202611,0,0.14643986157141517
20655,202611,0,0.053258928572396176
20656,202611,0,0.15771403933383538
20657,202611,0,0.13708813860419194
20659,202611,0,0.06617229704717055
20660,202611,1,0.13998727168504543
20661,202611,0,0.06576509999524814
20662,202611,0,0.06315907332571076
20663,202611,0,0.12746242927760623
20664,202611,1,0.1397339515675833
20666,202611,0,0.13969402602886183
20667,202611,0,0.11637573125398191
20668,202611,0,0.13985305227509137
20669,202611,0,0.24761103068120868
20670,202611,1,0.06330449754473398
20671,202611,1,0.048237908225985046
20673,202611,0,0.06279589994907792
20675,202611,0,0.14066893172611483
20676,202611,0,0.1890804446100849
20677,202611,0,0.14289933633100776
20679,202611,1,0.13807051864559114
20681,202611,0,0.12636188155927028
20684,202611,0,0.11758382734247398
20686,202611,0,0.1370441607417278
20687,202611,0,0.13312382237022252
20689,202611,0,0.13164491210491489
20690,202611,0,0.1430317926890967
20691,202611,0,0.14491856700820419
20692,202611,0,0.1425960092091649
20694,202611,0,0.12717544772018963
20695,202611,0,0.160654348133865
20696,202611,0,0.07342724135223173
20698,202611,0,0.14323846539611101
20700,202611,0,0.1682328328086417
20701,202611,1,0.15651390081504682
20703,202611,0,0.13183148727728625
20704,202611,0,0.35890169234923835
20705,202611,0,0.14329017169299205
20706,202611,0,0.10155157408252824
20707,202611,0,0.13596793680832908
20710,202611,0,0.2783999572624214
20711,202611,0,0.12028631121548837
20712,202611,0,0.07042930648595164
20713,202611,0,0.1387976319290764
20714,202611,0,0.16428931010256628
20715,202611,0,0.14433074244311805
20716,202611,0,0.17533660941706733
20722,202611,0,0.13811492582441395
20724,202611,0,0.17148449158566884
20726,202611,0,0.22366632346117468
20727,202611,1,0.15742142552240015
20728,202611,0,0.16833802265988052
20729,202611,0,0.23735402089631663
20730,202611,0,0.15841205110284742
20731,202611,1,0.31385788303881007
20732,202611,1,0.20740703957905968
20734,202611,0,0.157445461183203
20735,202611,0,0.06526062042699947
20736,202611,0,0.12664954330615572
20737,202611,0,0.123888451121203
20738,202611,0,0.14993765747993237
20739,202611,1,0.1613371319447617
20741,202611,1,0.1786511131517629
20742,202611,0,0.24975841382063055
20743,202611,0,0.06566830465682817
20744,202611,0,0.1103251674432355
20745,202611,0,0.13236500705919374
20746,202611,0,0.1551505590235612
20747,202611,1,0.21373012593942978
20750,202611,1,0.15128364844578437
20751,202611,0,0.09008983794532492
20754,202611,0,0.15039765423814766
20756,202611,0,0.24380888047347996
20758,202611,0,0.1284432351349804
20759,202611,0,0.13082700827518592
20760,202611,0,0.19042062504243623
20761,202611,0,0.21526979049240308
20762,202611,0,0.1159146958892968
20763,202611,0,0.08346794685796698
20764,202611,0,0.12144378613693668
20767,202611,0,0.21077016815693525
20769,202611,0,0.07502481537813678
20770,202611,0,0.1314260610820922
20771,202611,1,0.1141910043278626
20773,202611,0,0.15075310224944036
20775,202611,0,0.32024458169398456
20776,202611,0,0.11481396192441848
20777,202611,0,0.211566963209984
20778,202611,0,0.07093536125460506
20779,202611,1,0.1363516516201412
20782,202611,0,0.13234490539365942
20783,202611,0,0.12300818690848854
20784,202611,0,0.10570055376411838
20786,202611,0,0.1154559689464614
20787,202611,0,0.12228905279075301
20788,202611,0,0.1280959730456597
20789,202611,0,0.07678762917375698
20790,202611,0,0.05438159415190373
20791,202611,0,0.15093854249729638
20797,202611,1,0.12150335279069233
20800,202611,0,0.24889137455942725
20801,202611,0,0.1431190082017144
20802,202611,1,0.13340678832623926
20804,202611,0,0.15154417008415694
20806,202611,1,0.11649835992893032
20807,202611,0,0.19798065326033049
20809,202611,0,0.050194171174275444
20810,202611,0,0.3244463742523305
20812,202611,0,0.35360692909140373
20813,202611,1,0.15712967970538938
20814,202611,0,0.13576794914879828
20815,202611,0,0.130916413712902
20818,202611,0,0.056468774086942786
20819,202611,0,0.15749604642341497
20820,202611,0,0.15914815244283245
20821,202611,0,0.13874277730719234
20823,202611,0,0.1396510389693187
20825,202611,1,0.1576760953970428
20826,202611,0,0.17191568293924536
20827,202611,0,0.27346746349264367
20828,202611,0,0.14197202498527353
20829,202611,0,0.11271276121159006
20830,202611,0,0.16898792046616562
20831,202611,0,0.13221139325867629
20832,202611,1,0.19722217933883726
20833,202611,0,0.14036513548153598
20835,202611,0,0.06450973577350733
20836,202611,0,0.12660009738942
20837,202611,0,0.1628217802048017
20838,202611,0,0.14014871308628815
20840,202611,1,0.14121765094202537
20841,202611,0,0.12775506030604927
20842,202611,0,0.1312658370596907
20843,202611,0,0.14130917643480545
20844,202611,0,0.1252747209764581
20845,202611,0,0.112973794669966
20848,202611,1,0.24176699315415362
20849,202611,0,0.23456291767472057
20850,202611,0,0.1293584518327176
20851,202611,0,0.14995599828738856
20852,202611,0,0.14963991574054614
20853,202611,0,0.15985441123612512
20854,202611,0,0.13399246130326423
20855,202611,0,0.12489662451734303
20857,202611,0,0.08019601599258792
20859,202611,0,0.14128052638048313
20861,202611,0,0.1295346657072048
20863,202611,0,0.1717765016715886
20864,202611,0,0.2698168544702033
20865,202611,0,0.11795298376417396
20866,202611,0,0.08292901213995667
20867,202611,0,0.2122608229890658
20868,202611,0,0.2327814045663064
20869,202611,0,0.16506354564484005
20872,202611,0,0.16803653320048717
20874,202611,0,0.06132939302419484
20875,202611,0,0.13613543695359812
20876,202611,0,0.12856614684282866
20878,202611,0,0.1620086833199962
20879,202611,0,0.13329853831911406
20880,202611,0,0.059578254287557295
20881,202611,1,0.14510407520942564
20882,202611,0,0.23353176524472977
20883,202611,0,0.22285962008375393
20885,202611,0,0.05971366575134835
20886,202611,0,0.13586842046469835
20887,202611,0,0.07588162791170108
20888,202611,0,0.135339838326832
20889,202611,0,0.1356835883578113
20891,202611,0,0.13830729510813577
20892,202611,0,0.13835913461799956
20893,202611,0,0.11750486453622429
20894,202611,1,0.30936810546814614
20895,202611,1,0.3422278580674815
20896,202611,0,0.11607009322441039
20897,202611,0,0.0639139225952131
20899,202611,0,0.14953422119251525
20900,202611,0,0.24175537771853278
20901,202611,0,0.14689166450579688
20902,202611,0,0.13853563854957374
20903,202611,0,0.09899378713970036
20905,202611,0,0.12534966327826458
20906,202611,0,0.1993654360232428
20907,202611,1,0.11149316981507781
20910,202611,1,0.154327818188696
20911,202611,0,0.13291199198898507
20912,202611,0,0.13338629352378636
20913,202611,0,0.1596079718785352
20915,202611,0,0.13583050202746616
20916,202611,0,0.17382586551667564
20917,202611,0,0.3389898183753968
20921,202611,0,0.12105383186588735
20924,202611,0,0.11452354155630368
20925,202611,0,0.13613263725590563
20926,202611,0,0.13960318003037975
20928,202611,1,0.1455212075097755
20930,202611,0,0.14026140163276624
20931,202611,1,0.1305708325161661
20932,202611,0,0.12138098245194846
20933,202611,0,0.12787029130928323
20935,202611,0,0.17065614861462788
20937,202611,0,0.10643745775818239
20938,202611,1,0.22471187821569355
20940,202611,0,0.17594228777592144
20941,202611,0,0.059565514638179384
20943,202611,0,0.11352891774613816
20944,202611,0,0.055668598053087555
20945,202611,1,0.15796403809975196
20946,202611,0,0.10071217910386979
20947,202611,0,0.1364542483863714
20949,202611,0,0.12855023789424844
20950,202611,0,0.10637740854543667
20952,202611,1,0.13821000910859627
20954,202611,1,0.13763491839999517
20955,202611,0,0.11193410444567674
20957,202611,0,0.15050681006887995
20958,202611,0,0.15878922939334425
20959,202611,1,0.25275832596269426
20960,202611,0,0.13505923178898535
20965,202611,0,0.21737016343556564
20969,202611,1,0.15505345953195443
20973,202611,0,0.21959628840679335
20975,202611,0,0.11378430021095517
20976,202611,0,0.1500935802047239
20977,202611,1,0.11843263435772945
20981,202611,1,0.13458943598696962
20982,202611,1,0.2044143372046703
20984,202611,0,0.15234123662104646
20985,202611,0,0.132034903983174
20987,202611,1,0.1486418376042109
20988,202611,1,0.16796504645467844
20989,202611,1,0.38306891197191223
20991,202611,0,0.23922391428604853
20994,202611,0,0.07658507441969514
20996,202611,1,0.13659623254062533
20997,202611,0,0.16903238968257092
20998,202611,0,0.13890792140621985
20999,202611,1,0.1731736649186885
21000,202611,1,0.39693108737166716
21003,202611,0,0.15228240808986016
21004,202611,0,0.16208170473836742
21005,202611,1,0.15822381651135875
21006,202611,0,0.1099674599495827
21008,202611,0,0.13194047806989126
21009,202611,0,0.06772185377548727
21010,202611,0,0.14879298540967695
21012,202611,1,0.1129674031692092
21013,202611,0,0.2647481625056076
21014,202611,0,0.15996871130902823
21016,202611,0,0.15549079286520617
21017,202611,0,0.12649652336667389
21018,202611,1,0.33880716855994464
21021,202611,0,0.05571013738775901
21023,202611,0,0.12270723020762161
21024,202611,0,0.14491134368968606
21025,202611,0,0.13924415003366872
21027,202611,0,0.13889330490040808
21029,202611,0,0.0763732359145515
21030,202611,0,0.08138813297743683
21031,202611,0,0.05930735926884381
21032,202611,0,0.16521043861757465
21033,202611,0,0.13915931305924437
21034,202611,0,0.2197705233445407
21035,202611,0,0.06487955755318117
21036,202611,1,0.19614993472505246
21038,202611,0,0.1325799492990622
21039,202611,0,0.10616611503209487
21042,202611,0,0.13983860789185887
21044,202611,1,0.054903935532662915
21046,202611,0,0.11889603249018876
21047,202611,0,0.14493827488720343
21050,202611,0,0.05662442272777608
21051,202611,0,0.2142640386154114
21052,202611,0,0.1378291063068471
21054,202611,0,0.06053206330522296
21056,202611,0,0.1667858970848035
21057,202611,0,0.13203881908505383
21058,202611,0,0.13831817834727994
21059,202611,0,0.09596817232175152
21060,202611,0,0.06281814759813237
21062,202611,1,0.17314600024274182
21063,202611,0,0.0595337860455026
21065,202611,1,0.12861937798248224
21066,202611,0,0.0589594213957606
21068,202611,1,0.14134480526765247
21070,202611,1,0.1305644306387021
21073,202611,1,0.11480284551378175
21074,202611,0,0.14472571792842
21075,202611,1,0.11696293815519417
21076,202611,0,0.1441930809654529
21077,202611,0,0.14951939622512134
21078,202611,0,0.1114317841750632
21080,202611,0,0.14248096789740472
21083,202611,1,0.15866289100374692
21084,202611,0,0.0657457352597661
21088,202611,1,0.14702882029632416
21090,202611,0,0.23105163868061182
21093,202611,0,0.1589330460953113
21094,202611,0,0.13658033250774881
21095,202611,0,0.19645519282307128
21096,202611,0,0.14902857776560058
21097,202611,0,0.2058714970388047
21098,202611,0,0.06676327553028304
21099,202611,0,0.13484987461483838
21102,202611,0,0.13948528878789446
21103,202611,0,0.1384464786580865
21104,202611,0,0.11147865437353047
21105,202611,0,0.12174165786109371
21106,202611,0,0.2010808089846926
21107,202611,0,0.16597101013950608
21108,202611,0,0.13982256634570625
21109,202611,0,0.053003365760836876
21112,202611,1,0.3393407736878912
21113,202611,1,0.14019885175388105
21114,202611,0,0.06751042770523542
21115,202611,1,0.1404170636236709
21116,202611,1,0.12271242092373304
21117,202611,1,0.1420263473877202
21119,202611,0,0.13490408829174222
21120,202611,0,0.12529607065132986
21121,202611,0,0.12827339145552147
21125,202611,0,0.16563509380806393
21126,202611,1,0.14664657397848088
21127,202611,1,0.05289963575803011
21128,202611,0,0.15146602368796375
21129,202611,0,0.06840138811585339
21130,202611,0,0.13009674304012922
21131,202611,0,0.1340377977163315
21133,202611,0,0.22523194861232124
21134,202611,0,0.14545810229985184
21135,202611,0,0.12858957466270932
21137,202611,0,0.10105641911366527
21138,202611,0,0.15135896934042056
21139,202611,0,0.06507961327878244
21140,202611,0,0.11536466366508596
21141,202611,0,0.12056247977778559
21142,202611,0,0.13113231006549061
21143,202611,0,0.15402056577354217
21144,202611,0,0.11276847631191188
21146,202611,0,0.09610662993059864
21147,202611,0,0.1570792792066901
21149,202611,0,0.12232979478872345
21150,202611,0,0.13491626673120252
21152,202611,0,0.2280667267879383
21153,202611,0,0.1420344320362126
21155,202611,0,0.07201060424547609
21158,202611,0,0.10637215193505997
21159,202611,0,0.14412374438915293
21161,202611,0,0.15648360756723576
21162,202611,0,0.12189112599518931
21163,202611,0,0.14386145652164162
21166,202611,0,0.15883647924662955
21167,202611,0,0.18366747435055017
21169,202611,1,0.24676907732434947
21172,202611,1,0.24414133910601296
21173,202611,0,0.12225208418109045
21174,202611,0,0.13804120426848557
21177,202611,0,0.1425007814326724
21178,202611,0,0.14074396941382616
21180,202611,0,0.2331062809879571
21181,202611,0,0.05721072330872032
21182,202611,0,0.05913641897177772
21183,202611,0,0.16078888127387
21184,202611,0,0.13068178605617703
21185,202611,1,0.14392139848724952
21186,202611,0,0.10382383353319317
21187,202611,0,0.2288866516513031
21188,202611,0,0.13681935742989004
21189,202611,0,0.1562740902721238
21192,202611,0,0.15218159951284918
21193,202611,0,0.1436197667512597
21196,202611,0,0.07132675600566857
21198,202611,0,0.14433185688945438
21199,202611,0,0.13240292111173654
21200,202611,0,0.15998271786595117
21201,202611,1,0.21978935208016118
21204,202611,0,0.16046942616682766
21206,202611,0,0.13058817270846612
21207,202611,0,0.1132669420200772
21208,202611,0,0.15263762398038566
21210,202611,0,0.1299813991519241
21211,202611,0,0.05933699597788574
21212,202611,0,0.12317825087021675
21213,202611,0,0.0995470652272843
21214,202611,0,0.13569418237203743
21216,202611,0,0.19074112370986795
21217,202611,0,0.059319891279760104
21218,202611,0,0.16319642019854197
21219,202611,0,0.21155158744231178
21220,202611,0,0.13763893132492333
21221,202611,1,0.1372324972696463
21223,202611,0,0.23111933650960317
21224,202611,0,0.16364899655847273
21225,202611,1,0.1635816517738735
21226,202611,0,0.24513645631796724
21227,202611,0,0.11827892256270758
21229,202611,0,0.06789982403621828
21230,202611,1,0.10576121108747931
21231,202611,0,0.14849929576504062
21232,202611,0,0.16769618213164675
21233,202611,0,0.1311480984594174
21234,202611,1,0.2511743653766337
21235,202611,1,0.16497348491440214
21237,202611,0,0.15373764921241742
21238,202611,1,0.31341802603271035
21240,202611,0,0.13609655546839122
21243,202611,1,0.21244024749640142
21244,202611,1,0.11607105375993854
21245,202611,0,0.22195044477899062
21246,202611,0,0.14887712938635936
21247,202611,1,0.12997378031539997
21248,202611,0,0.15365075406903975
21251,202611,0,0.11700093292051765
21252,202611,0,0.12501406652721977
21253,202611,1,0.2325077732113464
21254,202611,0,0.13570513700198758
21255,202611,1,0.3071836362592005
21256,202611,0,0.13123838387254247
21257,202611,0,0.14687896588826715
21258,202611,0,0.1748150629391728
21259,202611,0,0.22544019409305716
21260,202611,0,0.1602566733548282
21262,202611,0,0.131670074326092
21263,202611,0,0.18859079016326635
21264,202611,0,0.15954669386244588
21265,202611,0,0.13488213958730727
21266,202611,1,0.1461422821141226
21268,202611,0,0.06595961165717895
21269,202611,0,0.05749264027401344
21271,202611,0,0.25335890542726536
21272,202611,0,0.2125991137856
21273,202611,1,0.13489445277606976
21274,202611,0,0.14771845269938988
21276,202611,0,0.08862657754617391
21279,202611,0,0.11888561185355744
21280,202611,1,0.13201805727238394
21281,202611,0,0.11748004875089363
21283,202611,0,0.19160311321433543
21285,202611,0,0.09028320609718868
21288,202611,0,0.11725884064031972
21289,202611,0,0.20904537748605626
21291,202611,0,0.10577482485077448
21292,202611,0,0.0650633848214337
21294,202611,0,0.17792803291000994
21296,202611,0,0.126571756976611
21299,202611,0,0.1144955815773834
21300,202611,0,0.14275999957193988
21301,202611,1,0.2260325636117008
21304,202611,0,0.07458813991017624
21305,202611,1,0.2262655634756267
21306,202611,0,0.0641483398922333
21307,202611,0,0.11301367924678145
21309,202611,0,0.14648540994489248
21312,202611,0,0.13126154672573098
21314,202611,0,0.1472391740130121
21315,202611,0,0.3179073392749493
21316,202611,0,0.13395067089226317
21317,202611,0,0.13803133589113192
21318,202611,0,0.09249378733701295
21319,202611,0,0.16922221167534254
21320,202611,0,0.1478122442928439
21321,202611,0,0.1232794481958361
21322,202611,0,0.20735055243859618
21323,202611,0,0.18433727232220617
21324,202611,0,0.12143045706751514
21326,202611,0,0.27109148022087143
21327,202611,0,0.13762823870296534
21328,202611,0,0.1661195833798653
21330,202611,0,0.12279148424286176
21331,202611,0,0.14590752006334223
21332,202611,0,0.2121081254027033
21333,202611,0,0.12980029173020977
21334,202611,0,0.14152199499375878
21335,202611,1,0.12269021311801821
21339,202611,0,0.06923240797885166
21340,202611,0,0.05806794287472284
21341,202611,1,0.27440890583344624
21342,202611,0,0.060480104941471616
21343,202611,1,0.41525424909161773
21344,202611,0,0.16014294360824094
21345,202611,0,0.22220861231686184
21346,202611,0,0.22322449785376292
21347,202611,0,0.06897581678478176
21348,202611,0,0.055683150118832216
21349,202611,0,0.13897173203512445
21350,202611,0,0.17243517409967066
21351,202611,1,0.13333157892070793
21352,202611,0,0.06013472532091978
21355,202611,0,0.06874684664097055
21356,202611,1,0.1189034195744227
21359,202611,0,0.17869558318427176
21361,202611,0,0.13175355685619758
21362,202611,0,0.12755693204523597
21364,202611,0,0.11042431958482683
21366,202611,0,0.1110450978029104
21367,202611,0,0.15152180640114157
21368,202611,0,0.14664612574048128
21372,202611,1,0.24273839263844935
21374,202611,0,0.21638035524726906
21376,202611,1,0.22973227033115917
21377,202611,1,0.15353897973070527
21379,202611,0,0.11987245234623964
21380,202611,0,0.08071902103200418
21382,202611,0,0.11716655252024932
21383,202611,0,0.1195878173055724
21385,202611,0,0.12882129635469755
21388,202611,0,0.16031900900271065
21391,202611,0,0.17449074225976774
21393,202611,0,0.13296912950129663
21394,202611,0,0.20409488912159765
21395,202611,0,0.12299321917978531
21398,202611,0,0.14846778309113104
21399,202611,0,0.05746557423222199
21400,202611,0,0.16493454696640383
21401,202611,0,0.13603803438596285
21402,202611,0,0.2217493606106823
21403,202611,0,0.22130559201480082
21404,202611,0,0.06680411504832397
21406,202611,0,0.13654482333926368
21409,202611,0,0.10702941626222702
21410,202611,0,0.15544850748972114
21412,202611,0,0.16526835653519714
21413,202611,0,0.11975373627692747
21414,202611,0,0.13957196582725656
21415,202611,0,0.14162916412973742
21417,202611,0,0.05607327042595119
21418,202611,0,0.1476757895250877
21419,202611,0,0.10837158565059972
21420,202611,0,0.13050758981163446
21421,202611,0,0.2246965147027442
21422,202611,0,0.1209334147756364
21423,202611,0,0.07896887573756471
21425,202611,1,0.15147568254326002
21426,202611,0,0.17408041189884152
21429,202611,0,0.06472989939844878
21432,202611,0,0.15578189918675792
21433,202611,0,0.13675410142403607
21434,202611,0,0.12615365016795752
21435,202611,0,0.16467062122475412
21436,202611,0,0.06745591966715514
21437,202611,0,0.2115159750471663
21438,202611,0,0.11584290200616736
21440,202611,1,0.1695813267421263
21443,202611,0,0.17491876910917986
21445,202611,0,0.15071150959917198
21446,202611,0,0.11960892315899518
21447,202611,1,0.12464617789348471
21448,202611,0,0.18520777831033555
21449,202611,1,0.13041516725193658
21450,202611,0,0.05827653753335861
21451,202611,0,0.14939573964817435
21452,202611,0,0.12574186582284055
21453,202611,0,0.1376974875171178
21455,202611,0,0.1539128432431665
21456,202611,0,0.16442597956536964
21458,202611,0,0.05638495162209422
21459,202611,0,0.17050080289044542
21461,202611,1,0.13776339390072412
21463,202611,0,0.14598441960154698
21464,202611,0,0.3674719078542745
21465,202611,1,0.32469601111462226
21466,202611,0,0.07102664642615679
21468,202611,0,0.12668159222344927
21470,202611,0,0.10800872760970562
21473,202611,0,0.14641665128855488
21474,202611,0,0.13500088279549272
21476,202611,0,0.15659105617739918
21477,202611,1,0.16531101994278824
21478,202611,0,0.12184997834525951
21479,202611,0,0.145984532512802
21481,202611,1,0.24293262399744264
21482,202611,0,0.12528791261027972
21486,202611,0,0.10902836433783393
21487,202611,0,0.1335988733120412
21488,202611,0,0.11177847117495636
21489,202611,0,0.06859381621724012
21490,202611,0,0.14133897632237483
21491,202611,1,0.13519912267669312
21492,202611,0,0.24824426038771336
21493,202611,0,0.23518826648341035
21495,202611,0,0.15298252055005596
21498,202611,1,0.2560885704752225
21499,202611,0,0.14282712483401244
21500,202611,0,0.1378948732694663
21503,202611,0,0.14608963524425633
21504,202611,0,0.1438974469736297
21506,202611,1,0.12821325964661548
21507,202611,1,0.15835630613701407
21509,202611,1,0.12763724809017693
21511,202611,0,0.06323410837468084
21513,202611,0,0.1402293565139521
21514,202611,0,0.06775814691006002
21515,202611,0,0.2303642431649513
21516,202611,0,0.12216676363579365
21517,202611,0,0.06230215787830954
21518,202611,1,0.13768667212012708
21519,202611,0,0.13532455465939572
21520,202611,1,0.16016442181949206
21521,202611,0,0.1443031390707398
21522,202611,0,0.2413958796518988
21525,202611,0,0.08015166957673843
21526,202611,0,0.1767610015029986
21527,202611,0,0.12983105867214867
21529,202611,0,0.14463807131045361
21530,202611,0,0.08008278897038712
21531,202611,0,0.24043154011820891
21532,202611,0,0.23169377704145963
21533,202611,0,0.1064038910050823
21534,202611,0,0.1648193440562519
21537,202611,1,0.13667723955503974
21538,202611,0,0.07352937065470876
21540,202611,0,0.13287385099258794
21542,202611,0,0.13130793291842172
21543,202611,1,0.14057979076631968
21544,202611,0,0.14490739651287926
21545,202611,0,0.07298170821187108
21547,202611,0,0.1331099198395206
21548,202611,0,0.11700031116812848
21551,202611,0,0.11308966441814165
21552,202611,0,0.17634507246965261
21554,202611,1,0.25177044743258964
21556,202611,0,0.11663126221365658
21557,202611,0,0.12218637296786446
21558,202611,0,0.12419856656870608
21559,202611,0,0.19962984218454985
21560,202611,0,0.1025817391522501
21563,202611,0,0.06738968179488894
21567,202611,0,0.16634533244381716
21568,202611,0,0.15225857816145136
21570,202611,0,0.06946460931031445
21571,202611,1,0.12348892930120499
21574,202611,1,0.28035720752285986
21575,202611,0,0.15491506215909795
21576,202611,0,0.35126248797598253
21577,202611,0,0.059778587069225134
21579,202611,0,0.11259296431839586
21580,202611,0,0.0663573651360392
21581,202611,0,0.12809039630849914
21582,202611,0,0.117389371659966
21586,202611,0,0.15601934225768346
21587,202611,1,0.1210850100877784
21588,202611,0,0.11149001912427024
21589,202611,0,0.13196789733869782
21590,202611,0,0.11269677656999948
21592,202611,0,0.14291086557158844
21593,202611,0,0.17898696514520568
21594,202611,0,0.17158557166260238
21595,202611,0,0.08702737982140786
21596,202611,0,0.13782216985460433
21597,202611,0,0.11841505303233513
21599,202611,0,0.14636070928597814
21600,202611,0,0.06385465837257238
21603,202611,1,0.32688390617697183
21604,202611,0,0.061319003019825166
21605,202611,0,0.17996115550915928
21606,202611,0,0.3225286687098099
21607,202611,0,0.13346494710721285
21608,202611,0,0.14832354580666748
21611,202611,0,0.07021889549383006
21612,202611,0,0.23871620644610472
21613,202611,0,0.144283010055455
21614,202611,0,0.15666594329176167
21617,202611,0,0.13498072807023126
21618,202611,0,0.1167396981738106
21621,202611,0,0.12293205150193862
21622,202611,1,0.29599818664432664
21623,202611,0,0.15768082366672043
21624,202611,0,0.11807240926943659
21625,202611,0,0.35498995858610244
21626,202611,0,0.1288659776262105
21627,202611,1,0.14811842609088668
21628,202611,1,0.16315378260681718
21633,202611,1,0.11896440801701133
21634,202611,0,0.12307069544124896
21636,202611,0,0.14848054010320588
21637,202611,1,0.31623826149268275
21638,202611,0,0.13272865023931898
21641,202611,0,0.12396968600076365
21642,202611,1,0.15319748021907145
21643,202611,0,0.1497566664682115
21645,202611,0,0.0540148472232081
21646,202611,0,0.07438917001472864
21649,202611,0,0.15655509355418226
21650,202611,0,0.12655093518114502
21651,202611,0,0.0677837992395077
21652,202611,0,0.13687527567025826
21653,202611,0,0.13928124514141843
21654,202611,0,0.14282708023118387
21659,202611,0,0.12680832972144607
21660,202611,0,0.06109777063982893
21661,202611,0,0.12158765119716049
21664,202611,0,0.1347911147963792
21665,202611,0,0.12914886165037326
21666,202611,0,0.3891024516609014
21669,202611,0,0.13212794653432017
21671,202611,0,0.12320294544217619
21673,202611,0,0.23436866417182559
21675,202611,0,0.12630708951941283
21676,202611,0,0.13245176273070514
21677,202611,0,0.11851800692085986
21678,202611,0,0.19817925262638336
21680,202611,0,0.14795913805629746
21681,202611,0,0.15536307605883
21683,202611,0,0.12971293073912402
21684,202611,0,0.12525284341758264
21685,202611,0,0.057314809311447334
21686,202611,0,0.1335802785056855
21688,202611,0,0.1345325229245471
21689,202611,0,0.139807563058504
21690,202611,0,0.14683576339271703
21692,202611,0,0.14666713634754322
21693,202611,0,0.13052213745126773
21694,202611,0,0.059395442503687876
21695,202611,0,0.12069648058145953
21696,202611,0,0.11385501914199092
21697,202611,0,0.13727776386023505
21698,202611,0,0.22595324465415784
21699,202611,0,0.1259395549434637
21700,202611,1,0.1597597763583025
21705,202611,0,0.13707573739426052
21707,202611,1,0.12954769835461552
21709,202611,0,0.1665010205465645
21710,202611,0,0.15248012882037296
21711,202611,0,0.26957616833950643
21714,202611,0,0.1304316478754264
21715,202611,0,0.166672308503245
21716,202611,0,0.13060498976573462
21719,202611,0,0.21987044922971136
21720,202611,1,0.15806623699597436
21721,202611,0,0.17292549446632355
21723,202611,0,0.15118738919091182
21724,202611,1,0.12735921193920638
21727,202611,0,0.25510238798494017
21728,202611,0,0.1274892173585281
21729,202611,0,0.14576453593623084
21730,202611,0,0.06265293769655457
21731,202611,0,0.17489581920302646
21732,202611,0,0.09008662598955769
21733,202611,0,0.13365840598664283
21734,202611,0,0.14486004686588363
21735,202611,1,0.16448595687281883
21736,202611,0,0.11546650060893911
21737,202611,0,0.1405717089604188
21738,202611,0,0.1933518909713946
21739,202611,0,0.164373975501304
21741,202611,0,0.16539021830401932
21742,202611,0,0.17018902801738367
21743,202611,1,0.13063157279912188
21745,202611,0,0.22122535373390517
21746,202611,0,0.05317458441513093
21747,202611,0,0.1401288772541636
21749,202611,1,0.10454350596558525
21750,202611,0,0.16523107595581307
21751,202611,0,0.12710370683128416
21754,202611,0,0.12892631138144525
21756,202611,0,0.1685714701825837
21757,202611,0,0.14157383643919957
21758,202611,0,0.15163914240027293
21760,202611,0,0.10969667310357016
21765,202611,0,0.13735047536600992
21767,202611,0,0.12158923344094262
21768,202611,0,0.13364605620184655
21769,202611,0,0.13868921797417802
21770,202611,0,0.13175883141258105
21771,202611,0,0.10918560458492323
21772,202611,0,0.1529585327883348
21773,202611,0,0.13455839373467696
21774,202611,0,0.18082036093369025
21775,202611,0,0.11067385474392137
21777,202611,1,0.35644085918463486
21778,202611,1,0.14089057175985134
21779,202611,1,0.11218697983025441
21780,202611,0,0.1364243450447099
21781,202611,0,0.16015587906167972
21782,202611,0,0.1285597587344548
21783,202611,1,0.3043323997934792
21790,202611,0,0.15149357658672796
21791,202611,0,0.15788034400401812
21792,202611,0,0.1432728768988476
21793,202611,0,0.2206709879083315
21794,202611,0,0.12085371538730452
21795,202611,1,0.11733984747157122
21796,202611,0,0.046232030005445485
21798,202611,0,0.16803207811027032
21799,202611,0,0.11438128745984276
21800,202611,0,0.14282851309796163
21801,202611,1,0.1276106232920361
21802,202611,0,0.12809633428663122
21803,202611,0,0.13068340585434512
21804,202611,0,0.15505297743030586
21805,202611,0,0.10900078519959862
21806,202611,0,0.14902483129445107
21807,202611,0,0.22138958757595442
21808,202611,0,0.14018169285483023
21810,202611,1,0.13957184709059875
21812,202611,0,0.11741730010022183
21813,202611,0,0.06873862393122876
21816,202611,0,0.16785806790793384
21817,202611,0,0.11050120719523879
21819,202611,0,0.13766409691494827
21820,202611,1,0.2362314719702532
21821,202611,0,0.0671397943077159
21823,202611,0,0.12619581496762372
21825,202611,1,0.3478978630279418
21826,202611,0,0.14158249056726177
21827,202611,0,0.1328700522761899
21828,202611,0,0.14461086506379237
21829,202611,0,0.10579008302983142
21831,202611,0,0.14619355042095528
21833,202611,0,0.12394451973479419
21835,202611,1,0.133397900565066
21836,202611,0,0.22790052713452877
21837,202611,0,0.19758566248152767
21838,202611,0,0.14174201697230754
21839,202611,0,0.15228490448456794
21840,202611,0,0.11164966119408645
21842,202611,1,0.1409151032341549
21844,202611,0,0.14683833337680902
21846,202611,0,0.13973308713356633
21847,202611,0,0.16474449064121385
21848,202611,0,0.219754808155269
21851,202611,0,0.1494712500103601
21852,202611,0,0.21102885283740128
21853,202611,0,0.17784592847360792
21855,202611,0,0.1075952201798357
21856,202611,0,0.22334141617103523
21859,202611,0,0.1771459705513549
21861,202611,1,0.07511891431728968
21862,202611,0,0.0867371243934121
21864,202611,0,0.09022411417327679
21865,202611,1,0.1123407009785609
21866,202611,0,0.2615197212727201
21867,202611,0,0.13120750234004724
21868,202611,0,0.15071723927192518
21869,202611,0,0.12855909073037133
21870,202611,0,0.12065236737244843
21871,202611,0,0.17704678155551035
21872,202611,0,0.06482353840869898
21873,202611,0,0.21424911696999177
21874,202611,0,0.12399557308753935
21876,202611,0,0.10819758375347747
21877,202611,0,0.20387911781910445
21879,202611,0,0.1667490413785878
21882,202611,0,0.21977582227472534
21885,202611,0,0.13838898548424394
21886,202611,0,0.09220612637589755
21887,202611,0,0.1418438573040784
21888,202611,0,0.17632615161947743
21889,202611,0,0.13436424015226078
21890,202611,0,0.15130553272931066
21891,202611,1,0.12236236644759749
21892,202611,1,0.12623554001248805
21893,202611,0,0.15269110013454004
21894,202611,0,0.14565071778942276
21895,202611,0,0.12335038543986358
21896,202611,0,0.22764359238606652
21898,202611,1,0.19516571891374504
21899,202611,0,0.23107301048267018
21900,202611,0,0.15091044138070245
21901,202611,0,0.13970578305209352
21902,202611,1,0.20040103486037614
21903,202611,0,0.13437759564850665
21905,202611,0,0.1378056342979833
21906,202611,0,0.2223167410108084
21908,202611,0,0.11602493690997784
21909,202611,1,0.3857433978436937
21910,202611,0,0.15205508445150973
21911,202611,0,0.1259623000163951
21913,202611,0,0.14969194897412633
21914,202611,0,0.12237856502472717
21916,202611,0,0.11862567088266476
21918,202611,0,0.06075418802403742
21919,202611,0,0.11041283096086385
21921,202611,0,0.1457665966857278
21922,202611,1,0.12926861850577126
21923,202611,0,0.12767623684810064
21925,202611,0,0.06378830855258717
21926,202611,0,0.16556685407852392
21927,202611,0,0.14973572518079165
21928,202611,0,0.1267076613585161
21930,202611,0,0.15441508820939873
21931,202611,0,0.13082426058349655
21934,202611,0,0.1586441545005721
21935,202611,0,0.13717060230446224
21936,202611,0,0.36865044527617924
21937,202611,0,0.11639267525242407
21938,202611,0,0.2300909683693835
21939,202611,0,0.3274104953689605
21940,202611,1,0.34603675103148435
21941,202611,0,0.11451309504103346
21942,202611,0,0.15235710686934545
21943,202611,1,0.2140223058516848
21945,202611,0,0.1668956610026699
21946,202611,0,0.11156892033483355
21947,202611,0,0.15619080180190986
21948,202611,0,0.14235333999449912
21952,202611,0,0.0668626004942492
21953,202611,0,0.1463088139987175
21957,202611,0,0.1724235134231023
21958,202611,0,0.059925691773063956
21959,202611,0,0.13291507235466124
21961,202611,0,0.1324828237595943
21962,202611,0,0.15726265935400843
21963,202611,0,0.058968119476199066
21964,202611,0,0.1590541839025431
21967,202611,0,0.1601514813762212
21969,202611,0,0.07053652583049311
21970,202611,0,0.13442094051804276
21971,202611,0,0.04650204119853263
21973,202611,0,0.19069780360580832
21974,202611,0,0.11529379404153231
21978,202611,1,0.3018270035241139
21980,202611,0,0.13986590322567893
21981,202611,0,0.05842491773589925
21982,202611,1,0.29269139781968234
21983,202611,0,0.11663020087413185
21984,202611,0,0.12076933856390284
21985,202611,0,0.11504550342130908
21986,202611,0,0.15138891995203915
21987,202611,1,0.13049769258709293
21990,202611,0,0.1271066929614382
21991,202611,0,0.12767800066431367
21992,202611,0,0.10896938976885864
21994,202611,0,0.17325929378882196
21995,202611,0,0.10797833570809669
21996,202611,0,0.08961643643546177
21997,202611,0,0.11729019978851749
21998,202611,0,0.1547752861329994
21999,202611,0,0.13611765549511476
22002,202611,0,0.05063225052781158
22004,202611,0,0.13477536838070012
22005,202611,0,0.26649133139688713
22006,202611,1,0.12479490000467769
22007,202611,0,0.1250310029332698
22008,202611,0,0.12274084759446424
22009,202611,0,0.11142410614032283
22010,202611,1,0.20999020969342586
22011,202611,1,0.2229571839314234
22012,202611,0,0.3274141943280681
22013,202611,0,0.14129566407027574
22014,202611,1,0.150194925495695
22015,202611,0,0.07389845106997182
22016,202611,0,0.1440868992824244
22017,202611,0,0.05353846598457999
22019,202611,0,0.22141671590008047
22020,202611,0,0.178498704968374
22021,202611,0,0.049502963164727506
22022,202611,0,0.11830498674796447
22023,202611,0,0.13936439104079845
22024,202611,1,0.39269993648466744
22025,202611,0,0.17063633872293976
22027,202611,0,0.1710184894339428
22028,202611,0,0.07166761877323936
22029,202611,1,0.2111094499469726
22030,202611,1,0.15888388503320228
22031,202611,1,0.2814778300862376
22032,202611,1,0.054488795749764875
22033,202611,0,0.14090058827780336
22034,202611,0,0.19317699555345422
22035,202611,0,0.14311308126154734
22036,202611,0,0.13528465609440607
22038,202611,0,0.03844399686032453
22039,202611,0,0.15598905580549094
22041,202611,1,0.16574795958993188
22042,202611,0,0.2346054794947242
22044,202611,0,0.12099873003644286
22045,202611,0,0.14053018005945914
22046,202611,1,0.12432316272711982
22048,202611,0,0.23965790939277226
22049,202611,0,0.13684672997482128
22050,202611,1,0.13064565314454707
22051,202611,0,0.11715322105334439
22052,202611,0,0.07202087834236058
22053,202611,0,0.16705024913913466
22054,202611,0,0.13619065910412792
22055,202611,0,0.1075251412547753
22056,202611,0,0.134632506661564
22057,202611,1,0.24749136836981436
22058,202611,0,0.23729466673036073
22059,202611,0,0.14115714784678557
22061,202611,0,0.07241850294785857
22062,202611,0,0.13912780878379427
22065,202611,0,0.13402078194157793
22066,202611,0,0.12544454495253832
22067,202611,1,0.11269173428803361
22068,202611,0,0.21166371925956384
22069,202611,0,0.13040835143555748
22072,202611,1,0.18385057051538756
22074,202611,0,0.19790195602813213
22076,202611,0,0.14623881202426062
22077,202611,0,0.13245200845716815
22078,202611,0,0.14606997686140702
22079,202611,0,0.2086509703929119
22080,202611,0,0.16337158231445376
22082,202611,0,0.04762614059479477
22083,202611,1,0.21932001351575472
22084,202611,0,0.13365866872680912
22085,202611,0,0.13964744739518245
22086,202611,0,0.13978080177699206
22090,202611,0,0.22365929581645966
22091,202611,0,0.1497596729230073
22092,202611,1,0.14319848243500213
22093,202611,0,0.13173234785193644
22094,202611,1,0.14425079044126857
22095,202611,0,0.06291572796453483
22097,202611,1,0.058020648253279156
22098,202611,0,0.10779905290522929
22099,202611,0,0.06630698170913556
22100,202611,0,0.09447094320495274
22101,202611,0,0.1718147350012647
22102,202611,0,0.38225836487812354
22103,202611,0,0.13185559070310035
22104,202611,1,0.12709886599349787
22106,202611,0,0.15881267753972447
22107,202611,0,0.15063958090697158
22109,202611,1,0.11126421578299789
22111,202611,0,0.1536980057193708
22112,202611,0,0.20820945234893304
22114,202611,1,0.25443435308710766
22116,202611,0,0.08148020887067531
22121,202611,0,0.2014113290425133
22123,202611,0,0.0665316453080643
22124,202611,0,0.074609351889075
22125,202611,0,0.10560377215346187
22126,202611,0,0.1654118895879599
22127,202611,0,0.09535668512395011
22128,202611,1,0.11016502073347971
22129,202611,1,0.10501004938135756
22130,202611,0,0.13172104872936582
22131,202611,0,0.17295010378429027
22132,202611,0,0.06882520959522215
22134,202611,0,0.23061037701189846
22135,202611,0,0.1586911128183151
22136,202611,0,0.24612683565251076
22137,202611,0,0.18003602105170144
22140,202611,1,0.12766492523033918
22141,202611,0,0.149113419046078
22142,202611,1,0.1476911102552517
22143,202611,0,0.13823449183476522
22144,202611,1,0.13376122004569632
22146,202611,0,0.16071755386169922
22147,202611,0,0.12704195640105992
22148,202611,0,0.2494300953211766
22149,202611,0,0.12675338004399317
22151,202611,0,0.152427296430658
22152,202611,0,0.13026148783435473
22153,202611,0,0.14951092196826515
22154,202611,0,0.12470541468470381
22155,202611,1,0.1335137630847442
22156,202611,0,0.19571786441056171
22158,202611,0,0.13649493521726982
22159,202611,0,0.15616082528034078
22160,202611,0,0.14822278742522424
22161,202611,0,0.139175610799085
22162,202611,1,0.10624273197900971
22163,202611,0,0.08477372549755839
22164,202611,0,0.21134891471879977
22166,202611,0,0.1428917118160758
22167,202611,0,0.07314892013639218
22168,202611,0,0.2640677777839309
22169,202611,0,0.17550744751750505
22172,202611,0,0.18556285421602886
22173,202611,1,0.15890532779521732
22174,202611,1,0.265466803170232
22175,202611,0,0.13714583880309095
22176,202611,0,0.06827413204310469
22177,202611,0,0.11888450042020247
22178,202611,0,0.28281381076148665
22179,202611,1,0.15374346792778823
22180,202611,1,0.18343831512777165
22181,202611,0,0.1408981475526626
22182,202611,0,0.12551184039287588
22183,202611,0,0.0680421105043895
22184,202611,0,0.13578641721744564
22186,202611,0,0.3620821286283065
22187,202611,0,0.1507690211556083
22188,202611,1,0.2944106223368919
22190,202611,0,0.1706491006658237
22192,202611,1,0.15554840363819136
22193,202611,0,0.1124145261171468
22194,202611,0,0.12271620275401325
22195,202611,0,0.1817673986670721
22196,202611,0,0.06529771156420015
22197,202611,0,0.22164113452979728
22198,202611,0,0.06809987611211267
22199,202611,0,0.18477437089439616
22200,202611,0,0.15337070916666903
22201,202611,1,0.09958602390479518
22202,202611,0,0.24377513459270322
22203,202611,0,0.12739395120496064
22204,202611,0,0.14930166882006055
22205,202611,0,0.1223233058313417
22206,202611,0,0.1279831984601059
22207,202611,1,0.3449153465771456
22208,202611,0,0.147675244657227
22210,202611,0,0.11188349150050156
22212,202611,0,0.22210141063468064
22213,202611,1,0.1149120782419072
22214,202611,0,0.13275780148498323
22215,202611,1,0.37087824927980473
22216,202611,0,0.17510030113593347
22217,202611,1,0.11811032719254648
22219,202611,0,0.16566960968624714
22221,202611,1,0.13685467625515235
22222,202611,0,0.17327507293327604
22223,202611,0,0.360921363638843
22224,202611,0,0.1187499450414549
22225,202611,0,0.1562753020727991
22226,202611,0,0.06744238036824664
22227,202611,0,0.2283757929118301
22229,202611,0,0.11750135329288137
22231,202611,0,0.1290474225576951
22232,202611,1,0.22711415022060966
22233,202611,0,0.1385521694143071
22234,202611,0,0.2160617782503686
22235,202611,0,0.12411536467301477
22236,202611,0,0.16452391368936886
22237,202611,0,0.16869263779355975
22240,202611,0,0.12439952849346791
22241,202611,0,0.13006612716630803
22242,202611,0,0.14667127543731345
22243,202611,0,0.13654031723995588
22244,202611,1,0.12360106401638338
22245,202611,0,0.1369795978336952
22246,202611,1,0.15812551274589434
22248,202611,0,0.16486118538622366
22249,202611,0,0.14700977523141676
22250,202611,0,0.19263543682319606
22251,202611,0,0.13787419366986864
22252,202611,0,0.05750500345953107
22253,202611,0,0.13737687243961663
22254,202611,0,0.12504459036807414
22255,202611,0,0.14632104932749734
22257,202611,0,0.08462167526886263
22258,202611,1,0.2498141925590091
22260,202611,0,0.1415231681594761
22262,202611,0,0.16523484261128651
22263,202611,0,0.15940655912462176
22264,202611,0,0.17505704970166772
22265,202611,0,0.13980463329155646
22267,202611,0,0.3439174291725296
22268,202611,0,0.1937380479502736
22269,202611,0,0.23102385344400095
22270,202611,1,0.10830723193368917
22271,202611,0,0.06382339539504038
22272,202611,0,0.14453112336680643
22273,202611,0,0.14123113694514064
22274,202611,0,0.17149768615595642
22275,202611,0,0.067814413656079
22277,202611,0,0.36794506331152904
22279,202611,1,0.13417054546365753
22280,202611,1,0.14218890619509691
22281,202611,1,0.16519433334986489
22282,202611,0,0.12166089067854252
22283,202611,0,0.09071434707130435
22284,202611,0,0.057968394906515064
22285,202611,1,0.17546834259814678
22286,202611,0,0.16992553617113085
22287,202611,0,0.06685413322322792
22288,202611,0,0.12418086738812348
22289,202611,0,0.15413074198681292
22290,202611,0,0.12666105515513262
22291,202611,0,0.13798598757398456
22292,202611,0,0.06720497057448363
22293,202611,0,0.14579590831741296
22294,202611,1,0.16015526251876136
22295,202611,0,0.13774638040797907
22296,202611,0,0.17098160208731011
22297,202611,0,0.1429811097583609
22298,202611,0,0.1365406655705134
22299,202611,0,0.11666907032957405
22300,202611,0,0.21609999185748865
22301,202611,1,0.1404229492388051
22302,202611,0,0.20529567043653082
22303,202611,0,0.22500889876231348
22305,202611,0,0.11099504197912416
22306,202611,0,0.15239601418107163
22307,202611,0,0.2388455543705991
22308,202611,0,0.12677760488060366
22309,202611,0,0.1471056973498097
22311,202611,1,0.24711515679951368
22312,202611,0,0.2378106474041446
22313,202611,0,0.11154433995374961
22314,202611,0,0.15651649056568648
22315,202611,0,0.09331524182688156
22316,202611,0,0.23535612072758155
22317,202611,0,0.06161967940574227
22318,202611,0,0.15262735867146793
22319,202611,0,0.24333381166357088
22320,202611,0,0.15257877694541463
22322,202611,0,0.19072929398702496
22323,202611,0,0.2809206756981911
22324,202611,0,0.1588288670439557
22326,202611,1,0.22730059700999294
22327,202611,1,0.17172383532444335
22328,202611,0,0.14591519338471373
22329,202611,0,0.12439418400618739
22330,202611,0,0.12602017455594897
22331,202611,0,0.16800982978198664
22332,202611,0,0.13124214537752416
22333,202611,0,0.04878612079192012
22334,202611,0,0.16074300015971188
22335,202611,0,0.13509364823641598
22336,202611,0,0.18744786656779708
22337,202611,1,0.24796044615826182
22338,202611,0,0.2384371192146434
22339,202611,0,0.14800258302912567
22341,202611,0,0.11967831247558779
22342,202611,0,0.13423792944952107
22343,202611,0,0.18591183832600833
22344,202611,0,0.0770250221941591
22345,202611,0,0.1964007244681686
22346,202611,0,0.11579677947765872
22347,202611,1,0.1576212273249863
22349,202611,1,0.14244711118603873
22350,202611,0,0.13412321033319644
22351,202611,0,0.12635688475339324
22353,202611,0,0.13567482988019117
22354,202611,0,0.15914260592377832
22355,202611,0,0.1259020874613567
22358,202611,0,0.13421404812032886
22359,202611,1,0.35182233401064666
22360,202611,1,0.13752798191506171
22362,202611,0,0.158253698479741
22364,202611,1,0.13565379767617436
22365,202611,0,0.1472642419555841
22366,202611,0,0.16509227542196422
22367,202611,1,0.1709786643350336
22368,202611,0,0.12156135859887092
22369,202611,0,0.11071173728220134
22370,202611,0,0.05487670200360379
22371,202611,0,0.11093168196889143
22372,202611,0,0.23897229138551612
22373,202611,0,0.12769359091597599
22374,202611,0,0.11356315667553711
22375,202611,0,0.1281679857887994
22376,202611,0,0.1667534012831508
22377,202611,0,0.12534545755255846
22378,202611,0,0.1459748082875857
22379,202611,0,0.13143318070174245
22382,202611,0,0.13805943475136567
22385,202611,1,0.15100803618455358
22386,202611,0,0.15675551392290824
22387,202611,0,0.235017524307126
22388,202611,0,0.12472988257069337
22390,202611,0,0.13907671049333376
22391,202611,0,0.10394798385168834
22392,202611,0,0.11203178605085258
22393,202611,0,0.31150342987534446
22394,202611,0,0.20698092979833776
22395,202611,0,0.1838283697168853
22397,202611,0,0.16416303445539843
22398,202611,1,0.2105858195371833
22399,202611,0,0.2115728701338767
22401,202611,0,0.15037123542809
22402,202611,0,0.1610345246334827
22403,202611,0,0.14995727558790245
22404,202611,1,0.12682178342530057
22405,202611,0,0.2099918957911367
22406,202611,0,0.13156838193775233
22407,202611,0,0.19569118636312963
22408,202611,0,0.15427691971397234
22409,202611,0,0.07605828150168678
22410,202611,0,0.11574158246199567
22411,202611,0,0.2556116889882276
22413,202611,0,0.15552952999392006
22414,202611,1,0.25937758302552744
22415,202611,0,0.1425999760048578
22416,202611,0,0.1686763069214566
22417,202611,1,0.1370517838898497
22419,202611,0,0.15978596773416565
22420,202611,1,0.11731106074227829
22421,202611,1,0.13532350984321836
22422,202611,0,0.15621167034458283
22423,202611,1,0.140301681210788
22424,202611,0,0.15606612332374462
22425,202611,0,0.25927211681324874
22426,202611,0,0.14198640881696403
22427,202611,0,0.10847763782837458
22428,202611,0,0.1319730801851395
22429,202611,0,0.14257294018252054
22430,202611,0,0.09800103827756779
22431,202611,0,0.12873840658178864
22432,202611,0,0.13411280600458783
22433,202611,0,0.06756459610291461
22434,202611,1,0.10583385764271085
22436,202611,0,0.11639207541838291
22437,202611,0,0.136696303691297
22438,202611,0,0.13661944051769398
22439,202611,0,0.1270734158178878
22440,202611,0,0.15539598564764506
22441,202611,0,0.11745200771055105
22442,202611,0,0.11751704975111919
22443,202611,0,0.15293485044664107
22444,202611,0,0.11518361834281239
22445,202611,1,0.14627068046877942
22446,202611,0,0.06056001180514862
22447,202611,0,0.14502984502529565
22448,202611,0,0.1740830424325441
22449,202611,0,0.1275895530159058
22450,202611,0,0.14978014538172896
22451,202611,0,0.12338214207850659
22452,202611,0,0.22276289031928817
22453,202611,1,0.11142031405730221
22454,202611,0,0.05444711556997384
22455,202611,0,0.3915910055816192
22457,202611,0,0.13892207532461748
22459,202611,0,0.12836764116514546
22460,202611,0,0.14536402472268842
22461,202611,0,0.12800870724389496
22462,202611,0,0.17899891116808114
22464,202611,0,0.13133834412962636
22465,202611,0,0.13279170243807353
22466,202611,0,0.216530852667824
22467,202611,1,0.13499546395143974
22470,202611,0,0.19218262993798121
22471,202611,1,0.14243686434759445
22473,202611,1,0.1511306773941344
22474,202611,0,0.18170541006298016
22475,202611,1,0.3613522652961557
22476,202611,0,0.10776435038030031
22477,202611,0,0.15628274158905023
22479,202611,0,0.1427071204938756
22480,202611,0,0.26315214905450285
22482,202611,0,0.13016343801805122
22484,202611,1,0.17637215393052671
22485,202611,0,0.1191626460600043
22486,202611,0,0.1794382250067434
22487,202611,0,0.12606520028138413
22488,202611,0,0.08042346598749019
22489,202611,0,0.11318190808781474
22492,202611,0,0.14604824229209998
22493,202611,0,0.12677662088379799
22494,202611,1,0.12916547816536042
22495,202611,0,0.15015342974122173
22496,202611,1,0.14994221405830446
22497,202611,0,0.15598485290599473
22499,202611,0,0.12310372533772523
22500,202611,0,0.1240960720400185
22501,202611,1,0.35965874831724676
22502,202611,0,0.16183087378438193
22506,202611,1,0.14070231155556778
22507,202611,0,0.14503044032742987
22508,202611,0,0.05206807308609854
22509,202611,1,0.38570383360409277
22510,202611,0,0.11787267250563786
22512,202611,0,0.14193314489659759
22513,202611,0,0.13388446206239085
22514,202611,1,0.14711511310825545
22515,202611,0,0.15136986645703443
22516,202611,1,0.1121239831574224
22517,202611,1,0.15647442862548358
22518,202611,0,0.16635590717728635
22519,202611,0,0.1466933687953255
22520,202611,0,0.1376410236198702
22521,202611,0,0.10207657922518747
22523,202611,0,0.18308703452800668
22524,202611,0,0.4014223317215703
22525,202611,0,0.14675960387530074
22526,202611,0,0.2298661810150469
22527,202611,0,0.13843241407165738
22528,202611,0,0.13408858305827162
22529,202611,0,0.10349678211461537
22530,202611,0,0.1735769496269427
22531,202611,0,0.12273843796703374
22533,202611,0,0.1820353603954736
22536,202611,1,0.40767928278217547
22537,202611,1,0.15062268846639285
22538,202611,0,0.12227409283131252
22539,202611,1,0.15294356107116602
22540,202611,0,0.054530098174741276
22542,202611,0,0.1348549739684333
22544,202611,0,0.14332496725765734
22545,202611,1,0.130920652079979
22546,202611,0,0.09526903507130773
22547,202611,0,0.25294604122089104
22548,202611,1,0.12440081300137883
22549,202611,0,0.1271783363110268
22550,202611,0,0.30795792483890905
22551,202611,0,0.2909411435495152
22552,202611,0,0.13565915022895286
22553,202611,0,0.06557448201944394
22554,202611,0,0.21185563972810448
22557,202611,1,0.15416673724575178
22558,202611,0,0.07991979136861484
22560,202611,0,0.11197300997002874
22561,202611,0,0.1964057312456268
22562,202611,0,0.18310532447441977
22563,202611,0,0.2420288699943572
22564,202611,0,0.20517691458905263
22565,202611,0,0.12593707570930548
22566,202611,0,0.1304099748039641
22567,202611,0,0.14236583674321646
22568,202611,1,0.11625226276156514
22570,202611,0,0.13418263664312494
22572,202611,1,0.38669860905091813
22573,202611,0,0.1560080014337236
22574,202611,1,0.061585070588147835
22577,202611,0,0.17738244882624873
22578,202611,1,0.1740196821468239
22580,202611,0,0.14501465515719095
22581,202611,0,0.15254868149630096
22582,202611,1,0.2153131235137074
22583,202611,0,0.20903673176407034
22584,202611,0,0.16135219689945102
22585,202611,0,0.11824925357259183
22586,202611,1,0.12462975518512158
22587,202611,0,0.08344749304798993
22588,202611,0,0.12470970024900756
22591,202611,0,0.2382833835051403
22592,202611,0,0.21077088868191374
22593,202611,0,0.17314077847368992
22594,202611,1,0.1978315409646793
22595,202611,0,0.21266630812041598
22596,202611,0,0.25397281229961494
22597,202611,0,0.1385126425781093
22598,202611,0,0.1459524839281203
22599,202611,0,0.07100187778261041
22600,202611,0,0.15472038737954283
22601,202611,0,0.14560308565806224
22602,202611,0,0.16063191788951886
22603,202611,0,0.21129460088741261
22604,202611,0,0.2567837612724784
22605,202611,0,0.15349154791113095
22606,202611,0,0.07772218349282808
22607,202611,0,0.13493809863287415
22608,202611,0,0.13280553095835518
22609,202611,0,0.1257792337577437
22610,202611,0,0.170701593482894
22611,202611,0,0.1628869490170532
22612,202611,0,0.13101436823145576
22613,202611,0,0.2698598908437655
22614,202611,0,0.232677908451265
22615,202611,0,0.06101099020609717
22618,202611,0,0.1405937527716306
22619,202611,1,0.22845633003824978
22621,202611,0,0.13296892075081418
22622,202611,0,0.13554071860664993
22624,202611,0,0.13979363356605648
22625,202611,1,0.1200538699035724
22626,202611,0,0.16878286653031147
22627,202611,0,0.17871449491684244
22628,202611,0,0.11407131183486785
22629,202611,0,0.13307826761849761
22630,202611,0,0.12287244626849417
22631,202611,0,0.11442597030011419
22633,202611,0,0.1353172615859839
22634,202611,0,0.11920460858499973
22635,202611,0,0.13675370831824152
22636,202611,1,0.24646950926818506
22637,202611,0,0.12006818607142818
22639,202611,0,0.1876899012294464
22640,202611,1,0.1409450660222138
22641,202611,0,0.13161600752444752
22642,202611,0,0.16255214803880602
22643,202611,0,0.15053579167905176
22644,202611,0,0.39189618579731417
22646,202611,0,0.09250807890709957
22647,202611,0,0.2448116258702325
22648,202611,0,0.12071749764615482
22649,202611,1,0.3550819370722038
22650,202611,0,0.23481006781238142
22651,202611,1,0.24731572429972562
22652,202611,0,0.13878191922778907
22653,202611,0,0.12612284329592507
22655,202611,0,0.24612144925826449
22657,202611,0,0.07074238251354334
22658,202611,0,0.14236222817258418
22659,202611,1,0.13507974094949923
22660,202611,1,0.08659878093015834
22661,202611,1,0.1338068308808473
22662,202611,0,0.11636877533482261
22663,202611,0,0.13359649455146225
22664,202611,0,0.22210996960297102
22665,202611,0,0.14705293715265827
22666,202611,0,0.22788386868826516
22668,202611,0,0.14818346266063165
22669,202611,0,0.1453807420987308
22670,202611,0,0.19485003990389374
22671,202611,0,0.16210156427945555
22672,202611,0,0.09575177710547744
22673,202611,0,0.08255747978708228
22675,202611,1,0.20595808210468278
22676,202611,0,0.12310298915420267
22677,202611,1,0.3686431192578321
22678,202611,0,0.14837469029542721
22679,202611,1,0.14035019341956287
22680,202611,1,0.13791048866311156
22681,202611,1,0.17855054822135724
22682,202611,0,0.17012440447894425
22683,202611,0,0.12766923283103604
22684,202611,0,0.11467547835071497
22685,202611,0,0.11395281728651348
22686,202611,0,0.16132104352131807
22687,202611,0,0.2067206746238183
22688,202611,0,0.10568642421084185
22690,202611,0,0.17249948811488777
22691,202611,0,0.14530053897385597
22692,202611,0,0.14723543637222505
22693,202611,1,0.14718629874753608
22694,202611,0,0.1637259252896781
22695,202611,0,0.1602638232511203
22696,202611,0,0.06720862965828076
22697,202611,0,0.30381375807173766
22698,202611,1,0.142068372371921
22699,202611,0,0.20130378896062845
22701,202611,1,0.40634166924802806
22702,202611,0,0.2740951200233551
22704,202611,0,0.098895226010683
22705,202611,0,0.15329083193191803
22706,202611,0,0.20129347222084487
22707,202611,1,0.13447373067673393
22708,202611,1,0.1332718014786854
22709,202611,0,0.066309898268615
22711,202611,0,0.23583199455915266
22712,202611,0,0.14765262479277053
22713,202611,1,0.3545480765548226
22714,202611,0,0.1481477484225383
22715,202611,0,0.12265520266823841
22716,202611,0,0.11580334237271844
22717,202611,0,0.2011876845184206
22718,202611,0,0.05914602856145599
22720,202611,0,0.3242736657637239
22721,202611,0,0.08020320419932449
22722,202611,1,0.1420850612297341
22724,202611,0,0.13535711475167073
22725,202611,0,0.14045031640238329
22726,202611,0,0.2826923821109442
22728,202611,0,0.11702241636105422
22729,202611,0,0.09760754086302421
22730,202611,0,0.16302828302101843
22732,202611,0,0.1717526187015177
22733,202611,0,0.23796117720674034
22734,202611,0,0.14685100649652777
22735,202611,0,0.3945836799047449
22736,202611,0,0.12730698266491472
22737,202611,0,0.12613760228534004
22738,202611,0,0.06708705222114111
22739,202611,0,0.2521776297918897
22740,202611,0,0.24999330544064494
22742,202611,0,0.14522529141894977
22743,202611,0,0.17852436429991617
22745,202611,0,0.13957553040976658
22746,202611,0,0.07101081738834027
22748,202611,0,0.38392001050495456
22749,202611,0,0.21364862023579037
22751,202611,0,0.08741859118312137
22752,202611,0,0.1340786477718635
22753,202611,0,0.3469051588639499
22755,202611,1,0.13799854684145013
22756,202611,0,0.10114949522668776
22757,202611,0,0.06888769122279145
22758,202611,0,0.22117427498403391
22759,202611,0,0.11047011451159237
22760,202611,1,0.13830682917881756
22762,202611,0,0.11988605337276749
22763,202611,0,0.23211880636120144
22764,202611,0,0.1365541768590155
22765,202611,1,0.4072686002504798
22766,202611,0,0.07037922526379634
22768,202611,0,0.06854342808687516
22769,202611,0,0.11619273500403572
22770,202611,0,0.10881032756722711
22772,202611,0,0.2421066165914215
22773,202611,0,0.1161939135287184
22775,202611,0,0.13174694630208944
22776,202611,0,0.22047219253204361
22777,202611,0,0.12085945880966673
22779,202611,0,0.09011068639354579
22780,202611,0,0.17262121964768207
22781,202611,0,0.38572857028476987
22782,202611,1,0.13296843662331773
22783,202611,0,0.1968573599019191
22784,202611,0,0.14575711900980068
22785,202611,1,0.1496370461422442
22786,202611,0,0.16317181056592495
22787,202611,1,0.1697483762395293
22789,202611,0,0.14722648532198745
22791,202611,0,0.0798519338405154
22792,202611,1,0.3670071411684697
22793,202611,0,0.13655993260473961
22794,202611,0,0.14292818352989964
22795,202611,0,0.06963557049955517
22796,202611,0,0.08166172982518018
22798,202611,0,0.13843277755143504
22799,202611,1,0.1416168348105911
22800,202611,0,0.1468347543791341
22801,202611,0,0.1685140183701942
22802,202611,0,0.18739510515707497
22804,202611,0,0.05141952553435244
22808,202611,0,0.11993949169285414
22809,202611,1,0.36536119426596336
22810,202611,0,0.33020637991999796
22811,202611,0,0.12750681291534963
22812,202611,0,0.05039925610891087
22813,202611,0,0.13340923904561344
22814,202611,0,0.16086356734440255
22815,202611,1,0.13008305946018855
22816,202611,0,0.13079929155764872
22818,202611,0,0.14564725318266153
22820,202611,0,0.2182051440132793
22821,202611,0,0.06156386053524488
22823,202611,0,0.1528213899499773
22824,202611,0,0.14487252951283158
22825,202611,0,0.11795586812420135
22826,202611,0,0.2539112052462774
22828,202611,0,0.1336681873380603
22829,202611,0,0.23355378222093187
22830,202611,0,0.18339829085741988
22831,202611,0,0.1483284656561117
22832,202611,0,0.1510334246817265
22833,202611,0,0.06932385462508088
22836,202611,0,0.14290091628487878
22839,202611,0,0.11343982484503015
22840,202611,0,0.053806362032803326
22841,202611,0,0.12875979474213828
22842,202611,0,0.12495231329626233
22844,202611,1,0.11839137109051966
22845,202611,0,0.21109293191784795
22846,202611,0,0.1186009334362688
22847,202611,0,0.1495213550220854
22848,202611,0,0.13633955599906344
22849,202611,1,0.35564541706236374
22851,202611,0,0.1281036969725074
22853,202611,0,0.11965491109287665
22855,202611,0,0.13031502924353253
22856,202611,1,0.12818318338666315
22857,202611,1,0.10805574740398075
22858,202611,1,0.15566589219590235
22859,202611,0,0.11818192475210265
22860,202611,0,0.3611460860060719
22861,202611,0,0.11539889328168443
22862,202611,0,0.2196824364387279
22863,202611,1,0.22487354954903505
22864,202611,0,0.15369426301745456
22865,202611,0,0.07401383498300154
22866,202611,1,0.2624120146364129
22868,202611,1,0.1335499464602774
22869,202611,1,0.4064738108786062
22870,202611,0,0.14978376150308542
22871,202611,0,0.16130018351916744
22872,202611,1,0.21561014053254607
22873,202611,0,0.12001117402643588
22874,202611,0,0.13295017776856816
22875,202611,0,0.12949695466790145
22876,202611,0,0.13825804912526354
22877,202611,0,0.34215181545064377
22878,202611,0,0.1361136212399059
22879,202611,0,0.34299688483229973
22880,202611,0,0.14538228061494518
22881,202611,1,0.09965561037526838
22882,202611,0,0.12288749268431841
22883,202611,0,0.30988460499521614
22884,202611,0,0.12859603672314582
22886,202611,0,0.06283597561080675
22887,202611,0,0.13250510368500404
22888,202611,0,0.13385311767257715
22889,202611,0,0.16841833706336515
22890,202611,0,0.19941440179984882
22891,202611,0,0.07464009057985761
22894,202611,0,0.16114453137229987
22895,202611,1,0.05320823939072384
22897,202611,0,0.1597815615390031
22898,202611,0,0.25103670970978004
22899,202611,0,0.06766375134687848
22900,202611,0,0.05146164180601948
22901,202611,0,0.12840086453872143
22902,202611,1,0.14056439778516258
22903,202611,1,0.1269857438335477
22904,202611,0,0.12272045831909188
22905,202611,0,0.16641973026910356
22906,202611,0,0.1711842917581707
22907,202611,0,0.19119113733025633
22908,202611,0,0.1512061189466547
22909,202611,0,0.07346360891622378
22910,202611,0,0.15310126756666137
22911,202611,0,0.17113199073508897
22913,202611,0,0.15322146641926027
22914,202611,1,0.06319161568165937
22915,202611,0,0.15079139572993552
22916,202611,1,0.17371438601816994
22918,202611,0,0.09526911176597751
22919,202611,0,0.23091566053492332
22920,202611,1,0.06279065234908
22921,202611,0,0.2502706679454208
22922,202611,0,0.06638701685173674
22923,202611,0,0.13889087633982175
22924,202611,1,0.34803758614473873
22925,202611,0,0.163080650214111
22926,202611,0,0.1037068206551652
22927,202611,0,0.16539538944766463
22928,202611,0,0.1363465963552431
22929,202611,0,0.22274716238049433
22930,202611,0,0.10699006659003858
22933,202611,0,0.1460505452055337
22934,202611,0,0.16189424183391837
22935,202611,0,0.1220489184452479
22936,202611,0,0.14664767474536974
22937,202611,0,0.13506887824487865
22938,202611,0,0.15802238987466646
22940,202611,0,0.13028678490256054
22941,202611,0,0.3696243175419974
22943,202611,0,0.14007954244045998
22944,202611,1,0.21625042641493006
22945,202611,0,0.11475403506257936
22946,202611,0,0.13933118180900328
22947,202611,0,0.21020753604542494
22948,202611,0,0.2204900781192065
22949,202611,0,0.2392594078083847
22950,202611,0,0.1470787937040119
22951,202611,0,0.11844140038992819
22952,202611,0,0.15471889869757838
22953,202611,0,0.15463687937715592
22954,202611,0,0.14348232692883087
22955,202611,0,0.3372415662268292
22957,202611,0,0.3836172498940418
22958,202611,0,0.14363941896449947
22959,202611,0,0.11330954542274435
22960,202611,1,0.2814715189663462
22961,202611,0,0.1529038660006765
22962,202611,0,0.12264584667013917
22963,202611,0,0.11421907946883311
22964,202611,0,0.1656938857856923
22965,202611,0,0.14056773663928476
22966,202611,0,0.13653976440689755
22967,202611,0,0.16198921958322612
22968,202611,0,0.35305415053201944
22969,202611,0,0.12791363619191473
22970,202611,0,0.11968887769418074
22971,202611,0,0.1615193362191657
22972,202611,0,0.3135362777610736
22973,202611,0,0.17471074809767173
22974,202611,0,0.2255327211645182
22976,202611,0,0.12331361359979578
22977,202611,0,0.12654913766173456
22978,202611,0,0.15169102699942902
22980,202611,0,0.13756252132414945
22981,202611,0,0.09625868154430217
22982,202611,1,0.24665439174297304
22983,202611,0,0.12952106337470307
22986,202611,0,0.1260529412394748
22987,202611,1,0.1840542801730424
22988,202611,0,0.18083201558240078
22989,202611,0,0.36388193385660483
22990,202611,0,0.1325420471077479
22991,202611,1,0.21928359610814321
22992,202611,0,0.12112422698378124
22993,202611,0,0.06199651125702125
22994,202611,1,0.15905526885357235
22995,202611,0,0.13819118684478765
22996,202611,0,0.11980008641630445
22997,202611,0,0.07227036044632189
22998,202611,0,0.14447671403347015
22999,202611,1,0.09953011796053275
23000,202611,1,0.10586941017363087
23002,202611,0,0.15959928051192318
23003,202611,0,0.10676320128708482
23004,202611,1,0.14222326419322526
23005,202611,0,0.20860226947667398
23006,202611,0,0.12466447212405686
23007,202611,0,0.1285869509424917
23008,202611,0,0.13722358666055637
23009,202611,1,0.33808199654417126
23010,202611,0,0.12473536121720823
23011,202611,0,0.1020458344707527
23012,202611,0,0.1667159167205051
23013,202611,0,0.23987203566615126
23014,202611,0,0.09558378503268462
23015,202611,0,0.12705896558225527
23019,202611,1,0.3332832276476347
23020,202611,0,0.1441963890338271
23021,202611,0,0.13117067773847285
23022,202611,0,0.24250409824005362
23023,202611,0,0.08292180170365088
23025,202611,0,0.23766789693885174
23026,202611,1,0.29256783387609725
23028,202611,0,0.25951140493294395
23031,202611,0,0.19091510856212215
23032,202611,0,0.3392548441811333
23033,202611,0,0.14107173584667265
23034,202611,0,0.12014293341485706
23035,202611,0,0.13602813577443326
23036,202611,0,0.1527111811245918
23037,202611,0,0.06815811997726896
23039,202611,0,0.3597901360226215
23040,202611,0,0.12872076824446513
23041,202611,0,0.11968638539412925
23042,202611,1,0.16704331849367612
23043,202611,0,0.11675495025370107
23044,202611,1,0.2742728328182253
23046,202611,0,0.15229745707501632
23048,202611,0,0.06485276818916952
23049,202611,1,0.3528320921755994
23050,202611,1,0.1388844400483829
23051,202611,0,0.16548979441759787
23052,202611,0,0.13480963745346727
23053,202611,0,0.12453083589096892
23054,202611,1,0.14092255927322425
23055,202611,0,0.1774636879140206
23056,202611,0,0.13461398864014631
23058,202611,1,0.1438922151522671
23059,202611,0,0.17222067925552925
23060,202611,0,0.13382152695958383
23061,202611,1,0.1420178710773526
23062,202611,0,0.11771323605813952
23063,202611,0,0.13457185868792715
23064,202611,1,0.14356488774243975
23065,202611,0,0.1520786711866423
23066,202611,0,0.12373740691515771
23067,202611,0,0.11517250780369219
23068,202611,1,0.18957097022049718
23069,202611,1,0.1366401859404259
23070,202611,0,0.1584521906476801
23071,202611,1,0.05479215916656272
23072,202611,0,0.12816130472194184
23073,202611,0,0.14016875945812973
23074,202611,0,0.11535576744122479
23075,202611,0,0.13029561527103478
23077,202611,1,0.24691972939115225
23078,202611,0,0.1355295511518719
23079,202611,0,0.1735971634373241
23080,202611,0,0.16164748078823263
23081,202611,0,0.04426703670862661
23082,202611,0,0.24864625529019463
23083,202611,1,0.14150692917427538
23084,202611,0,0.11386298134964469
23085,202611,1,0.14329056923709976
23086,202611,1,0.11251231343425044
23087,202611,0,0.12920970905635076
23088,202611,0,0.16443873657025793
23089,202611,0,0.13124047223048974
23090,202611,0,0.15128040414304467
23093,202611,1,0.15181296659573057
23095,202611,0,0.127195548470005
23097,202611,0,0.12133630052569425
23098,202611,0,0.05487809601818418
23099,202611,0,0.1260438172751958
23100,202611,0,0.13666972882591016
23101,202611,0,0.16675751637231587
23102,202611,0,0.18831043167136835
23103,202611,0,0.2094329561795166
23104,202611,1,0.11506778272125685
23105,202611,0,0.10426627044852635
23106,202611,0,0.10561414905740868
23107,202611,1,0.25711778716011185
23108,202611,0,0.0689206805938485
23109,202611,0,0.1779572843527514
23110,202611,0,0.19094159206510594
23111,202611,0,0.1070693305380114
23112,202611,0,0.10153880751547129
23113,202611,0,0.06313159563441047
23114,202611,0,0.15846829149391747
23115,202611,0,0.31670774678304386
23116,202611,0,0.07934628448242007
23118,202611,0,0.21853232691054275
23119,202611,0,0.13158077169398008
23120,202611,0,0.14183251683529274
23121,202611,1,0.21983081589431547
23122,202611,0,0.18232530500475025
23123,202611,0,0.11640469321784233
23124,202611,0,0.13126625712581244
23125,202611,0,0.11010851245325284
23126,202611,0,0.13410513029859275
23127,202611,1,0.1383648170031403
23128,202611,0,0.14006271021468875
23129,202611,0,0.22886739749760776
23130,202611,1,0.11675206844965592
23131,202611,0,0.1327175702344985
23132,202611,0,0.1513845372190745
23133,202611,0,0.21882356410312825
23134,202611,0,0.13597604681493333
23135,202611,0,0.13332051764452052
23136,202611,0,0.14333686657341146
23137,202611,0,0.07397320483069088
23138,202611,1,0.1395648380395431
23139,202611,0,0.1485529564180685
23142,202611,0,0.05781757338986894
23143,202611,0,0.12541508933161757
23146,202611,0,0.15319846307642898
23147,202611,0,0.12680827520106136
23148,202611,0,0.1449106447046599
23149,202611,0,0.10837518925115712
23151,202611,0,0.12137598906965492
23152,202611,0,0.13180136696276887
23153,202611,0,0.33545649659652416
23154,202611,0,0.12417824001159161
23155,202611,1,0.12244532789751233
23156,202611,0,0.1640339588740736
23157,202611,0,0.12111415659939061
23158,202611,0,0.16504042126847224
23160,202611,1,0.15571699976257397
23161,202611,0,0.15292215274993906
23162,202611,0,0.1705815908819438
23163,202611,0,0.14673770246554646
23164,202611,0,0.17425225230195196
23166,202611,0,0.26565372270956067
23167,202611,0,0.15993515701096195
23168,202611,0,0.13982482770821103
23169,202611,0,0.12941026708140646
23170,202611,0,0.12110009529581847
23171,202611,0,0.15495891503421208
23172,202611,0,0.081328734060101
23173,202611,0,0.22347030675554538
23174,202611,0,0.13714883979431508
23175,202611,1,0.14131355448791794
23176,202611,0,0.14420818209250258
23177,202611,0,0.11528370058091794
23178,202611,0,0.14047346533723792
23179,202611,0,0.12141490566195738
23180,202611,0,0.11928234562470606
23181,202611,0,0.35585365930484714
23182,202611,0,0.14297564457215545
23183,202611,0,0.12821716195426103
23184,202611,0,0.1191070379331186
23185,202611,0,0.16620166545394136
23186,202611,0,0.11650182693328717
23187,202611,0,0.21996411809872532
23188,202611,0,0.1403822257005343
23191,202611,0,0.14661569519010045
23192,202611,0,0.13914928703519583
23193,202611,0,0.1441085437617951
23194,202611,0,0.12742728802137027
23196,202611,0,0.1260553306624721
23197,202611,0,0.12423021264960542
23198,202611,0,0.15245392833895682
23199,202611,0,0.08034579735575596
23201,202611,0,0.2508913373195516
23202,202611,0,0.18923072988499304
23203,202611,0,0.12176231652484899
23204,202611,0,0.07277406268212333
23205,202611,0,0.1756671851485341
23206,202611,0,0.12944833431712907
23207,202611,0,0.07515805897359328
23209,202611,0,0.15238808953134425
23211,202611,0,0.1741606003734567
23212,202611,0,0.07066012160306472
23214,202611,0,0.12504988126899388
23215,202611,0,0.12272870983346446
23216,202611,0,0.14995765027056962
23217,202611,1,0.11368733911390907
23218,202611,0,0.22716399538246668
23219,202611,0,0.14816874175170766
23220,202611,0,0.15574529288640163
23221,202611,0,0.06819881737396191
23222,202611,0,0.14846881896395786
23223,202611,1,0.34902443311097453
23224,202611,0,0.1362619230197134
23225,202611,0,0.1302545775638792
23227,202611,0,0.11726788497048134
23228,202611,0,0.1309427167502069
23229,202611,0,0.2441320433556427
23230,202611,0,0.11668135777530426
23231,202611,0,0.33844623185843564
23232,202611,1,0.23890905010656724
23233,202611,0,0.16635044552551456
23234,202611,0,0.14559930758848896
23236,202611,0,0.1332504601037851
23238,202611,0,0.12080072187635019
23239,202611,0,0.08591831843101039
23240,202611,0,0.15056266673635393
23241,202611,0,0.14096262328724402
23242,202611,0,0.3234488809143415
23243,202611,1,0.1389282753012418
23245,202611,0,0.16855332232837172
23246,202611,0,0.10868616029029751
23247,202611,1,0.23717843249400883
23248,202611,0,0.1563161014546718
23249,202611,0,0.23779224945124947
23250,202611,0,0.12438614391966646
23251,202611,0,0.15596544371835752
23253,202611,1,0.12852015241517606
23254,202611,0,0.1505513376541249
23255,202611,0,0.1438098338381717
23256,202611,1,0.13304592459635942
23257,202611,0,0.3765495670647656
23258,202611,0,0.16507412249226153
23259,202611,0,0.11647466042523322
23260,202611,0,0.140982004899055
23262,202611,0,0.15128965795888913
23263,202611,1,0.13795849023635912
23264,202611,0,0.14898569407310794
23265,202611,1,0.27351921612700336
23267,202611,0,0.16724132425073895
23268,202611,1,0.3273372722367381
23270,202611,0,0.1922813691607775
23271,202611,0,0.13898631392436966
23273,202611,0,0.1737382914760821
23274,202611,0,0.13112881924699318
23275,202611,0,0.14547745005574028
23276,202611,0,0.13651628348928832
23277,202611,0,0.13921860822206628
23278,202611,0,0.14213868988993494
23280,202611,0,0.27147496513971436
23281,202611,1,0.14902873810638204
23282,202611,0,0.23220704863631308
23283,202611,0,0.13816094995736772
23284,202611,0,0.1483158515648112
23286,202611,0,0.11530390419550486
23287,202611,0,0.14144444167503684
23288,202611,0,0.1488725040823481
23289,202611,0,0.15717286857814217
23291,202611,0,0.06446130666005527
23293,202611,0,0.21846864936295132
23294,202611,0,0.12598985408859814
23295,202611,0,0.14786038601939244
23296,202611,1,0.14976909857157458
23297,202611,0,0.1370801586227042
23298,202611,0,0.08430930855995612
23299,202611,0,0.14662127798826158
23301,202611,1,0.15179158440428353
23302,202611,1,0.24915715144789458
23304,202611,0,0.21863965902528548
23305,202611,0,0.12469037057942424
23306,202611,0,0.10189926991030966
23307,202611,0,0.052440045049542784
23309,202611,0,0.1955699832280862
23310,202611,0,0.16255760716858875
23311,202611,0,0.15187863443216265
23313,202611,0,0.13243260981986993
23314,202611,0,0.16834441978983916
23315,202611,0,0.12837155475598688
23318,202611,0,0.14165717155786756
23319,202611,0,0.05727105376430863
23320,202611,0,0.13948917412305334
23321,202611,0,0.1428506520655933
23322,202611,0,0.12121745408335965
23323,202611,0,0.1545380860808458
23324,202611,1,0.1865504473247817
23325,202611,0,0.11695835397688882
23326,202611,0,0.14162922436968978
23328,202611,0,0.34230821650934923
23332,202611,0,0.05564417581917198
23333,202611,0,0.0617716865008075
23334,202611,0,0.3342974436679115
23335,202611,0,0.1379453944479486
23336,202611,0,0.13528125801051935
23337,202611,1,0.33410921687001843
23338,202611,0,0.09136531102561797
23339,202611,0,0.13491775580540155
23340,202611,0,0.16518409109915358
23343,202611,0,0.20520178112478957
23344,202611,0,0.1390691068709096
23345,202611,1,0.2059420360854006
23346,202611,0,0.1071931626051724
23347,202611,0,0.13942954968002022
23348,202611,0,0.13117198222446544
23349,202611,0,0.22856573553089762
23351,202611,0,0.11010408995039135
23352,202611,0,0.22048651118667645
23353,202611,0,0.3479390432766104
23354,202611,0,0.14239941051562557
23355,202611,1,0.17607909000748145
23356,202611,0,0.31177229009024066
23357,202611,0,0.1521216451111884
23359,202611,0,0.12931056189129644
23360,202611,1,0.12638173519173296
23361,202611,0,0.14956608866499405
23362,202611,1,0.15340329567452257
23364,202611,0,0.1387190259159127
23365,202611,0,0.14280180416002525
23366,202611,0,0.22718712182744205
23367,202611,0,0.14048918878947392
23368,202611,0,0.17253364639166185
23369,202611,0,0.17480482421335083
23371,202611,0,0.14690490384260182
23372,202611,0,0.148370541495555
23373,202611,0,0.15345546137795735
23376,202611,1,0.11122543668207888
23377,202611,0,0.10662505810955569
23378,202611,0,0.13378874173921176
23379,202611,1,0.11780393113658102
23380,202611,1,0.2365669445246616
23383,202611,1,0.1549644709974823
23385,202611,0,0.14204120254315328
23387,202611,0,0.06459794471578557
23388,202611,0,0.20412113045270955
23389,202611,1,0.3196741859795365
23392,202611,0,0.06854379860704433
23394,202611,0,0.31828086481011103
23395,202611,0,0.1785998011884576
23397,202611,0,0.2770478647400245
23398,202611,0,0.057475588935608696
23399,202611,0,0.15226750791185698
23401,202611,0,0.1455264590897615
23402,202611,0,0.13616994917474798
23404,202611,0,0.17727652202367977
23406,202611,1,0.17000450752322285
23407,202611,0,0.2268751663898666
23409,202611,0,0.0983053516928054
23410,202611,0,0.16033369843422987
23411,202611,0,0.05967116565514479
23412,202611,0,0.156740432840968
23413,202611,0,0.10246273323603158
23415,202611,0,0.15303186937214053
23416,202611,0,0.15986806394371283
23417,202611,0,0.12762308426596802
23419,202611,0,0.12742340743324243
23421,202611,0,0.07863260828703203
23422,202611,0,0.13269634062313168
23423,202611,0,0.14717319143390156
23425,202611,1,0.15306332167229217
23426,202611,0,0.14638831790562523
23427,202611,0,0.1463563953062597
23428,202611,0,0.1203877587473809
23430,202611,0,0.1845796272780462
23431,202611,0,0.1323945461020822
23432,202611,0,0.1286860520595771
23433,202611,0,0.14029765295462152
23434,202611,1,0.2730001069209782
23435,202611,0,0.05348918963402276
23436,202611,0,0.11826631678520798
23437,202611,1,0.11896667043818272
23438,202611,0,0.1449740183914679
23439,202611,0,0.07013043240873096
23440,202611,0,0.15406544843789777
23441,202611,0,0.07577834385306012
23442,202611,0,0.12979375264693313
23443,202611,0,0.14174127116932436
23444,202611,0,0.12630084716090914
23446,202611,1,0.14871871952771024
23447,202611,0,0.05946476451866633
23448,202611,1,0.2287731413079621
23449,202611,1,0.15067698212726746
23450,202611,0,0.15459914765395244
23451,202611,1,0.12154968796728036
23452,202611,0,0.13109109084356543
23453,202611,0,0.15552877855307534
23454,202611,0,0.1263364284864666
23455,202611,0,0.05326630429112818
23456,202611,0,0.05750112552620501
23457,202611,0,0.18755920472243412
23459,202611,0,0.15129219732430918
23461,202611,1,0.2765908433728948
23462,202611,0,0.15280694403052644
23463,202611,0,0.2202614777833176
23464,202611,1,0.1595340417795822
23466,202611,0,0.1367881414406926
23468,202611,0,0.15458215956811158
23469,202611,0,0.13053385327337874
23470,202611,0,0.1403131860156125
23471,202611,0,0.19902918126674143
23472,202611,0,0.25351728721630734
23473,202611,0,0.15908136707395854
23474,202611,0,0.22434436744166347
23475,202611,1,0.34216821625298927
23476,202611,0,0.11880583347198236
23477,202611,0,0.12736331924419972
23478,202611,0,0.17120383403801184
23479,202611,0,0.26680306890906397
23480,202611,0,0.1575538211672092
23481,202611,0,0.12527726388509958
23482,202611,0,0.12260974522257312
23483,202611,0,0.2267058431452575
23484,202611,0,0.1530153605417563
23486,202611,0,0.1470373557542422
23487,202611,0,0.12645517314349008
23488,202611,0,0.14167546444818113
23489,202611,0,0.11973311243758253
23490,202611,0,0.24127740500218006
23492,202611,0,0.14013037546204718
23493,202611,0,0.05273443555867563
23494,202611,0,0.24156904809374247
23495,202611,0,0.3815918820717874
23496,202611,0,0.16721496756426213
23497,202611,0,0.14533074501473953
23498,202611,0,0.10884612215900628
23499,202611,0,0.12686791290730767
23500,202611,0,0.12597850569943977
23501,202611,0,0.055940513868930966
23504,202611,0,0.20864484494330957
23505,202611,0,0.1118837997606173
23506,202611,0,0.11973394534727475
23507,202611,0,0.22488128575704786
23508,202611,0,0.14547579596411697
23509,202611,0,0.17463726571309626
23512,202611,1,0.22292060482638867
23513,202611,1,0.1297901582016478
23514,202611,0,0.17838951796429126
23515,202611,0,0.06919678074820687
23516,202611,0,0.07515719534055999
23517,202611,0,0.2334294841332252
23518,202611,1,0.23963818234749593
23519,202611,0,0.24096629562444766
23520,202611,0,0.1108939756103348
23521,202611,0,0.14199884836318363
23522,202611,1,0.20134406761744386
23523,202611,0,0.1207613253983214
23524,202611,0,0.14517046107491077
23525,202611,0,0.12187147717934078
23526,202611,0,0.132674340502224
23527,202611,1,0.24840606629007497
23528,202611,0,0.12782159472978522
23529,202611,0,0.12877650837633792
23530,202611,0,0.13390772087639027
23531,202611,0,0.15177489723172982
23532,202611,0,0.06718878903087816
23533,202611,0,0.05065694506286342
23534,202611,0,0.07233828325983199
23535,202611,0,0.11629820590278347
23538,202611,0,0.09071157709516797
23540,202611,0,0.059376659530354585
23542,202611,0,0.05860227788642547
23543,202611,1,0.3434040931206729
23544,202611,0,0.159196968335453
23545,202611,1,0.1240263726231894
23548,202611,1,0.25491750623925985
23550,202611,0,0.22346711585386694
23551,202611,0,0.19089073438138288
23552,202611,0,0.18540853284428932
23553,202611,0,0.13870493211058882
23554,202611,0,0.15447404755455965
23555,202611,1,0.118367776965101
23556,202611,0,0.14600094072227324
23557,202611,0,0.14731300092727137
23560,202611,0,0.16093718780917274
23561,202611,0,0.12798011402296336
23564,202611,0,0.10129419060558878
23565,202611,0,0.16808912327281778
23566,202611,0,0.1397017475276822
23568,202611,0,0.2391184349452643
23569,202611,0,0.059266987907444654
23570,202611,1,0.14332387872285127
23571,202611,0,0.16896505833522998
23572,202611,0,0.059526680854228575
23573,202611,0,0.12722258468935477
23574,202611,0,0.151320874704943
23575,202611,0,0.1136136624081841
23576,202611,0,0.17550992198148732
23577,202611,0,0.14590271536955762
23578,202611,0,0.2062617100693295
23579,202611,1,0.10774875204939703
23581,202611,0,0.25402781314146056
23582,202611,0,0.1412505299440938
23583,202611,0,0.1502413960458405
23584,202611,0,0.13778588945085857
23585,202611,0,0.10423921773157224
23586,202611,0,0.14565378958983413
23587,202611,1,0.06775741689844895
23588,202611,1,0.24274221629136364
23589,202611,1,0.17264211259182632
23590,202611,0,0.09629910849485179
23591,202611,1,0.06511863279831041
23592,202611,0,0.08716492917149153
23593,202611,0,0.1206129095789492
23595,202611,1,0.3717011797806407
23596,202611,0,0.14955216876379826
23598,202611,0,0.13685909538984428
23599,202611,0,0.11862938391422312
23602,202611,0,0.14254138490118207
23603,202611,0,0.2898066941611601
23604,202611,0,0.19542745106545692
23606,202611,0,0.10066623417780994
23607,202611,0,0.11723175431604058
23608,202611,0,0.10590662202711588
23609,202611,0,0.22827549539277486
23610,202611,0,0.14717508922168998
23611,202611,0,0.07803458902842496
23612,202611,0,0.06323418935808131
23614,202611,0,0.06843018530589885
23615,202611,0,0.11872179205466563
23616,202611,0,0.1397327690550219
23617,202611,1,0.1896078721854513
23618,202611,0,0.1592072227053128
23619,202611,0,0.12491591205943567
23621,202611,0,0.14425088862700083
23622,202611,0,0.1356576867517976
23625,202611,0,0.13322049877126285
23626,202611,0,0.14719101378852426
23627,202611,1,0.14658666830438438
23628,202611,1,0.12433452506771711
23629,202611,0,0.12570620994366882
23632,202611,0,0.12131988901168027
23633,202611,0,0.15828966995282756
23634,202611,0,0.14061622618192618
23636,202611,0,0.1406710814721625
23638,202611,1,0.21621625646552758
23641,202611,1,0.15225315144068224
23642,202611,0,0.14015225471116857
23643,202611,0,0.1503328771154271
23645,202611,0,0.14736796574691033
23646,202611,0,0.16849930689098097
23647,202611,0,0.12911644660973218
23648,202611,1,0.17193103469024806
23649,202611,0,0.22747626540445812
23650,202611,1,0.1266636950363964
23651,202611,0,0.1308438570907067
23652,202611,0,0.1221684464011595
23653,202611,0,0.11212576720110126
23654,202611,0,0.37012186130993113
23655,202611,0,0.16119568918218835
23656,202611,0,0.1391499947884421
23657,202611,1,0.09087812048777968
23658,202611,1,0.12434877697888935
23659,202611,0,0.1491571475607319
23660,202611,1,0.13081815111618111
23661,202611,0,0.05948273656477273
23662,202611,0,0.1381345470396099
23663,202611,0,0.17033583433270183
23664,202611,0,0.1679838639026853
23665,202611,0,0.11772779379604802
23666,202611,0,0.16908475931568331
23667,202611,0,0.14002267156622683
23668,202611,0,0.051397843147464824
23669,202611,0,0.14556903917328168
23670,202611,0,0.12106366012741293
23671,202611,0,0.15303291091327334
23672,202611,1,0.1648977939641253
23673,202611,0,0.13187298402584077
23674,202611,0,0.1264758358006833
23675,202611,0,0.1326536525754964
23676,202611,0,0.2240188514626096
23677,202611,1,0.2414234586294248
23679,202611,0,0.18408574520880602
23680,202611,0,0.16242437257401623
23681,202611,0,0.13464880815803146
23684,202611,0,0.35234532410612246
23686,202611,0,0.13829454882039974
23687,202611,0,0.11538327004861933
23688,202611,0,0.05898953414392748
23689,202611,0,0.1471245053131351
23691,202611,1,0.16085026263191585
23692,202611,0,0.3548562456555318
23693,202611,0,0.14013952214606545
23694,202611,0,0.16058184725452956
23695,202611,1,0.23978930565374315
23696,202611,0,0.1115312588925669
23697,202611,0,0.1418950887620901
23698,202611,0,0.13993053337543962
23700,202611,0,0.1052249112065391
23701,202611,0,0.15111491768919771
23703,202611,0,0.1874878208246241
23704,202611,0,0.11832666950303261
23705,202611,1,0.2686876138549389
23706,202611,0,0.07169285465103009
23707,202611,0,0.13578162640085928
23710,202611,1,0.17982218295193794
23711,202611,0,0.13730931732920854
23713,202611,0,0.346126842714145
23714,202611,0,0.133687296206472
23715,202611,1,0.2235164073683846
23716,202611,0,0.11911657100618057
23719,202611,0,0.1720575817164901
23721,202611,0,0.13919224284922538
23722,202611,0,0.15932833137386188
23723,202611,0,0.16511120032706453
23724,202611,0,0.1640666721890048
23726,202611,0,0.0732368503183908
23728,202611,0,0.11057015757176465
23729,202611,0,0.24250372626598576
23730,202611,0,0.4035539911816906
23731,202611,0,0.14745667163985418
23733,202611,0,0.1424504191250659
23734,202611,1,0.1767537543424718
23735,202611,0,0.14199170691330926
23736,202611,0,0.08915436583066534
23737,202611,0,0.08747649090688746
23738,202611,0,0.23630649125156405
23740,202611,0,0.15921647772164438
23742,202611,0,0.12487269441064375
23743,202611,0,0.242008448821746
23744,202611,0,0.12683880356484006
23745,202611,0,0.23042580487805683
23748,202611,0,0.1632587074286965
23749,202611,0,0.2925927999145745
23751,202611,0,0.21904968932207067
23752,202611,0,0.2440065217563554
23753,202611,0,0.14091814222452081
23754,202611,0,0.12822955607667177
23755,202611,0,0.09474740117052984
23756,202611,0,0.12194136744404804
23758,202611,0,0.14269029743427625
23759,202611,0,0.24550441914946022
23760,202611,0,0.1437898878787705
23761,202611,0,0.2983033329821576
23762,202611,1,0.25450059085007476
23763,202611,0,0.06728890177363445
23764,202611,0,0.23114361115773646
23765,202611,0,0.11824465041977732
23766,202611,1,0.1631145341826816
23767,202611,0,0.11171768364421214
23768,202611,0,0.12759287787280085
23769,202611,0,0.13096544119626896
23771,202611,0,0.15895207918331095
23772,202611,0,0.11577373667548355
23773,202611,0,0.08670897075941986
23774,202611,0,0.2989766838111113
23775,202611,0,0.056790279383063205
23776,202611,0,0.0989769333016848
23777,202611,0,0.05480134635657544
23778,202611,1,0.13376629347112512
23779,202611,0,0.0961235541749677
23780,202611,0,0.08899049499310424
23781,202611,1,0.11387096558187955
23782,202611,0,0.10952538982404739
23783,202611,0,0.12970929030324757
23785,202611,0,0.2331825795787984
23787,202611,1,0.048149551293074286
23788,202611,0,0.10760020491969223
23789,202611,1,0.2226280523744272
23790,202611,0,0.15112234770098243
23791,202611,0,0.12696926422656027
23792,202611,1,0.29743485946085424
23793,202611,0,0.18227520256062418
23794,202611,0,0.17292390333080815
23795,202611,0,0.1420490999704423
23796,202611,0,0.14255812528701237
23797,202611,0,0.11649419821136113
23798,202611,0,0.04432283177561138
23799,202611,0,0.13305699874128854
23800,202611,0,0.21871493578769757
23801,202611,0,0.1392477977369616
23803,202611,0,0.12643072662689417
23804,202611,0,0.0709543517188942
23806,202611,0,0.11127420120250962
23807,202611,0,0.1614788028484753
23808,202611,0,0.059235513194711445
23809,202611,0,0.14700026499874588
23810,202611,0,0.20371742956988045
23813,202611,1,0.11242040360001528
23815,202611,0,0.20033115662848094
23816,202611,0,0.17850035349041748
23818,202611,0,0.11473166427918637
23819,202611,0,0.39195695196992825
23821,202611,0,0.1454252786104452
23822,202611,1,0.34241740075128013
23823,202611,0,0.14812888679807945
23824,202611,0,0.14541897139042867
23825,202611,0,0.16291893305604865
23828,202611,1,0.2853136980033212
23829,202611,0,0.1459278969217711
23830,202611,0,0.17472395951876987
23831,202611,0,0.049889441646576174
23832,202611,0,0.12205602552086259
23833,202611,0,0.22824412899025084
23834,202611,1,0.1961369848487515
23835,202611,0,0.12923205795353354
23836,202611,0,0.11756873027642774
23837,202611,0,0.1465433579074333
23839,202611,0,0.08642044332545494
23842,202611,1,0.24754633378237648
23843,202611,0,0.23643110577160756
23844,202611,0,0.12843174694174156
23846,202611,0,0.1849330943184703
23847,202611,0,0.11826980508301038
23848,202611,0,0.11834336243466131
23849,202611,1,0.2140455046607044
23850,202611,1,0.35514651653828905
23851,202611,1,0.14875704157627206
23852,202611,0,0.15282027079716295
23853,202611,0,0.1318889183538205
23854,202611,0,0.14041628076583793
23856,202611,0,0.13647724668828784
23858,202611,0,0.14590705037315058
23859,202611,0,0.39211960951503677
23861,202611,0,0.12950701046332413
23863,202611,0,0.13153641814711456
23864,202611,0,0.12889126981768598
23865,202611,0,0.14645765757040094
23866,202611,0,0.12990890921618012
23867,202611,0,0.11449437771096778
23868,202611,0,0.13517198548790382
23869,202611,0,0.06428889903897517
23872,202611,0,0.1530603137938537
23875,202611,0,0.09816095420062469
23876,202611,0,0.13525386848552287
23877,202611,1,0.12410104856955291
23878,202611,0,0.12179278805190141
23879,202611,0,0.13453192242215808
23880,202611,0,0.24674075292088749
23881,202611,0,0.1352559419572193
23883,202611,0,0.160111132904282
23884,202611,0,0.12361410243742861
23885,202611,0,0.17906756211336067
23888,202611,1,0.12049323935041209
23889,202611,0,0.20742796055593407
23890,202611,0,0.12270544978526468
23891,202611,0,0.13373981780867195
23892,202611,0,0.1513941679328905
23893,202611,0,0.20846624508424558
23894,202611,0,0.1360328124058112
23895,202611,0,0.11360554065558442
23896,202611,0,0.1085794375065361
23897,202611,0,0.1413371603939285
23898,202611,0,0.1514212649799581
23899,202611,0,0.0627116932585172
23900,202611,0,0.09722911111403398
23901,202611,0,0.15867424531469343
23902,202611,1,0.12213493815809735
23903,202611,1,0.1529134184995918
23904,202611,0,0.15476047662916345
23905,202611,1,0.17774235071956296
23906,202611,0,0.2305604757316061
23907,202611,1,0.2369245938809916
23908,202611,0,0.14146663482036353
23909,202611,0,0.14012135364478898
23910,202611,0,0.19869062369695342
23911,202611,0,0.1751313922497373
23912,202611,0,0.13840000923847273
23913,202611,0,0.17368749790294039
23914,202611,0,0.2126477442129929
23915,202611,0,0.1482769300384429
23916,202611,0,0.14501482445267003
23917,202611,0,0.15429350716185722
23918,202611,0,0.10172110780820524
23919,202611,0,0.22363088396034683
23920,202611,0,0.13408630915170808
23921,202611,0,0.12339315296852219
23922,202611,0,0.23493544395706978
23923,202611,0,0.19968347988621135
23924,202611,0,0.14061741478284145
23925,202611,1,0.12910943130289415
23926,202611,0,0.13461434221910748
23927,202611,1,0.3340869353154369
23928,202611,0,0.2292166472547338
23929,202611,0,0.24870756886386647
23930,202611,0,0.16202172991563302
23931,202611,0,0.06655474464217091
23932,202611,0,0.1242891743920376
23933,202611,0,0.12359528458229069
23934,202611,1,0.12593478262350857
23935,202611,0,0.15770324993072854
23936,202611,0,0.12495316966373865
23937,202611,0,0.12276356965726372
23938,202611,0,0.2530707872535796
23939,202611,0,0.11179461344741774
23940,202611,0,0.3825261876431854
23941,202611,0,0.16619565077453038
23942,202611,0,0.12013261927013187
23943,202611,0,0.06420489845199076
23944,202611,1,0.3447534890347262
23945,202611,0,0.1413143167531909
23946,202611,0,0.11745648203974385
23947,202611,0,0.12964598959431
23948,202611,0,0.29339725496285274
23949,202611,0,0.1734105837107094
23950,202611,0,0.13547828436593465
23951,202611,0,0.12684237049917954
23952,202611,1,0.14598279138461798
23953,202611,0,0.13995372514343088
23954,202611,1,0.3422034604907565
23955,202611,0,0.07297400510254634
23956,202611,0,0.1476380813632943
23957,202611,0,0.221997030427901
23958,202611,0,0.14473315593800626
23959,202611,0,0.3695013730499185
23960,202611,0,0.13361472975189717
23961,202611,0,0.1404907185749854
23962,202611,0,0.10245855592784761
23963,202611,0,0.1551673744296002
23964,202611,1,0.36842271487375733
23965,202611,0,0.12165619095937351
23966,202611,0,0.054711608145923143
23967,202611,0,0.1719280422540096
23968,202611,0,0.10941818410715588
23969,202611,0,0.11941746120320335
23970,202611,0,0.2571672492717222
23971,202611,0,0.13286114655094894
23972,202611,0,0.23962715651299574
23973,202611,0,0.13775283401678592
23974,202611,0,0.17494104760266624
23975,202611,0,0.06918728245158269
23976,202611,1,0.24077682799758393
23977,202611,0,0.13448179479633965
23978,202611,0,0.14120635800564058
23979,202611,0,0.10736820363245629
23980,202611,0,0.10828668301930733
23981,202611,0,0.12222502577245166
23982,202611,0,0.1344618440072926
23983,202611,0,0.05624770863578287
23984,202611,0,0.05793484347828771
23985,202611,0,0.13640462043949605
23986,202611,1,0.2546565279662923
23987,202611,0,0.2568736228852713
23988,202611,1,0.11229094382094948
23989,202611,0,0.14275097720150667
23990,202611,0,0.24844336686350754
23991,202611,0,0.24232355137037492
23992,202611,0,0.12145565837284568
23993,202611,0,0.15343073066549953
23994,202611,0,0.13765737751158066
23995,202611,0,0.27237580509257747
23996,202611,0,0.2243773758013229
23997,202611,1,0.12750248607973438
23998,202611,0,0.14064250735450531
23999,202611,0,0.0890333312387976
24000,202611,0,0.11581619453065044
24001,202611,0,0.19623201438450805
24002,202611,0,0.18486676980345604
24003,202611,0,0.09088248880184222
24004,202611,0,0.058825215808064865
24005,202611,0,0.16438254863662066
24006,202611,0,0.1250140980347895
24007,202611,0,0.1441995523466186
24008,202611,0,0.11889166396812319
24009,202611,1,0.3550536712395018
24010,202611,0,0.1573165239878993
24011,202611,1,0.16383127618788534
24012,202611,0,0.10765557198631215
24013,202611,1,0.14272221411608124
24014,202611,0,0.22432625488629784
24015,202611,0,0.3235465442387298
24016,202611,0,0.3148679747834379
24017,202611,1,0.16314321401778287
24018,202611,0,0.11789419122081748
24019,202611,0,0.15392901591949695
24020,202611,0,0.22824706777572074
24021,202611,0,0.13587564581791164
24022,202611,0,0.2286534660792856
24023,202611,1,0.1125285708761416
24024,202611,0,0.13958611273634974
24025,202611,1,0.1227094205844761
24026,202611,0,0.1838444703453327
24027,202611,1,0.15077237875805422
24028,202611,0,0.14102056684760084
24029,202611,0,0.15455450641205748
24030,202611,0,0.16143862446490156
24031,202611,0,0.16520026224918063
24032,202611,1,0.16718962388952988
24033,202611,0,0.0673064583139457
24034,202611,0,0.38426287401997417
24035,202611,0,0.23218394917872054
24036,202611,0,0.13711054477528242
24037,202611,1,0.1098349080154031
24038,202611,0,0.14373259826069573
24039,202611,0,0.14495677050679254
24040,202611,0,0.05538642732073697
24041,202611,0,0.11966487344792422
24042,202611,1,0.08192597453052661
24043,202611,0,0.22485677749535898
24044,202611,1,0.2286845634436087
24045,202611,0,0.26480851975577413
24046,202611,0,0.13587334124416053
24047,202611,0,0.184116386392979
24048,202611,0,0.2287020574128295
24049,202611,0,0.2193415036659609
24050,202611,0,0.4023506369695826
24051,202611,1,0.19856156115300108
24052,202611,1,0.11425183899799665
24053,202611,0,0.0637909637783883
24054,202611,0,0.0623799087549908
24055,202611,0,0.14903056033847217
24056,202611,1,0.13362250297335515
24057,202611,0,0.15074898239224432
24058,202611,1,0.15084088314266372
24059,202611,0,0.14778969354267163
24060,202611,0,0.15409770966657776
24061,202611,0,0.15634370141944204
24062,202611,0,0.1717805739449835
24063,202611,0,0.19174866191120118
24064,202611,0,0.36216524410122003
24065,202611,0,0.23139166560318186
24066,202611,0,0.12453630041714325
24067,202611,0,0.06697880122631616
24068,202611,0,0.1560934423207308
24069,202611,1,0.1479808569238027
24070,202611,0,0.20488591816182036
24071,202611,0,0.11470158315495471
24072,202611,0,0.2215188636856617
24073,202611,0,0.07047614589383157
24074,202611,1,0.20907212031843653
24075,202611,1,0.14842901331678815
24076,202611,0,0.14237997104452635
24077,202611,0,0.1227373053359831
24078,202611,0,0.13130717818533913
24079,202611,0,0.12353736762500354
24080,202611,0,0.12048273715119875
24081,202611,0,0.13002345609502647
24082,202611,0,0.05442864087897692
24083,202611,0,0.09557200179063743
24084,202611,1,0.11901064233348782
24085,202611,0,0.16059767854814425
24086,202611,0,0.15010564163029652
24087,202611,0,0.14347599007097922
24088,202611,0,0.149525233060883
24089,202611,0,0.14334227065014457
24090,202611,0,0.4006649242498727
24091,202611,1,0.14588687354402163
24092,202611,0,0.13164102243982176
24093,202611,0,0.1376734783367689
24094,202611,0,0.07039592132215927
24095,202611,1,0.15105167645933393
24096,202611,0,0.1357311008855304
24097,202611,0,0.18126250301747066
24098,202611,0,0.16678486038021578
24099,202611,0,0.12568716618277068
24100,202611,0,0.15545495040992358
24101,202611,0,0.1340470638877874
24102,202611,0,0.22851109509098683
24103,202611,0,0.13996050214076708
24104,202611,0,0.12084187926437195
24105,202611,0,0.1261867895157163
24106,202611,0,0.15503703153917914
24107,202611,0,0.17309418123804865
24108,202611,0,0.10100177896455899
24109,202611,0,0.12994412721544835
24110,202611,0,0.05590805797642789
24111,202611,0,0.12338050999818727
24112,202611,0,0.14371130439031526
24113,202611,0,0.0727320488953122
24114,202611,0,0.1299570991174216
24115,202611,0,0.17036426620660092
24116,202611,0,0.07364381476061432
24117,202611,0,0.18251839536294825
24118,202611,0,0.11567348132503039
24119,202611,0,0.3299627849117859
24120,202611,0,0.09460666800417021
24121,202611,1,0.07441103362495097
24122,202611,0,0.06978132042244291
24123,202611,0,0.1269446743818417
24124,202611,0,0.13302515075522
24125,202611,1,0.1221896065150922
24126,202611,0,0.12658144905836707
24127,202611,0,0.2446878792386377
24128,202611,0,0.3022511394735325
24129,202611,0,0.14045863797085623
24130,202611,0,0.13899655603833663
24131,202611,0,0.0694719483910651
24132,202611,0,0.35758180793262534
24133,202611,0,0.05015791450323552
24134,202611,1,0.12123626937859386
24135,202611,0,0.1426422904479439
24136,202611,0,0.11322079124546167
24137,202611,0,0.1309668982710138
24138,202611,0,0.23697113587673463
24139,202611,0,0.12753732815048957
24140,202611,0,0.1166991834221305
24141,202611,0,0.06637485870837523
24142,202611,1,0.1645542393006009
24143,202611,0,0.1421433695826766
24144,202611,0,0.11553563435439757
24145,202611,0,0.1735594958986645
24146,202611,0,0.0605374775002833
24147,202611,0,0.14926384111334065
24148,202611,0,0.2161589573848379
24149,202611,0,0.1142210081943166
24150,202611,0,0.18784989831531596
24151,202611,0,0.13972409687346168
24152,202611,0,0.1766180423852815
24153,202611,0,0.1257951864525547
24154,202611,0,0.16225617250157642
24155,202611,0,0.1488804706095796
24156,202611,0,0.1272337904121914
24157,202611,0,0.13591542638443646
24158,202611,0,0.2530822470106582
24159,202611,0,0.23094121975650592
24160,202611,0,0.21353503778432653
24161,202611,0,0.13623997797198073
24162,202611,0,0.05361540088820478
24163,202611,0,0.1466805777986296
24164,202611,1,0.17511788096476857
24165,202611,1,0.20248089909791808
24166,202611,0,0.4175979161047526
24167,202611,0,0.11438528137898754
24168,202611,0,0.23756469198882588
24169,202611,0,0.17116827159865977
24170,202611,1,0.222193586634451
24171,202611,1,0.14462967248393258
24172,202611,0,0.18315394021326292
24173,202611,0,0.14187368412542753
24174,202611,0,0.08043384443350314
24175,202611,1,0.22802737712745647
24176,202611,1,0.14070756530488152
24177,202611,0,0.05743150486270656
24178,202611,0,0.38136045995893303
24179,202611,1,0.16952886161166505
24180,202611,0,0.322611802466158
24181,202611,0,0.14979186948589734
24182,202611,0,0.11343758595856553
24183,202611,0,0.11619502268908304
24184,202611,0,0.14347815180867546
24185,202611,0,0.064963446561316
24186,202611,1,0.24820682133700603
24187,202611,0,0.16221409149079358
24188,202611,1,0.18252977738301038
24189,202611,0,0.1586847821039048
24190,202611,0,0.3419920329089831
24191,202611,0,0.16980193044554454
24192,202611,1,0.34561854164008815
24193,202611,0,0.06281544711610819
24194,202611,1,0.24743649014007757
24195,202611,0,0.2530315418021199
24196,202611,0,0.14994447324177523
24197,202611,1,0.15125820444874932
24198,202611,0,0.12276400950753713
24199,202611,1,0.11048188122942268
24200,202611,0,0.344784236426174
24201,202611,0,0.15707333868271328
24202,202611,1,0.18195114697335887
24203,202611,0,0.14653513006587252
24204,202611,0,0.1841056482651999
24205,202611,1,0.14448618162660867
24206,202611,0,0.14379771514391182
24207,202611,0,0.24139096674908564
24208,202611,0,0.11360290505899223
24209,202611,0,0.1312677030315713
24210,202611,0,0.1305901464382928
24211,202611,1,0.15099823367264661
24212,202611,0,0.13685060070198402
24213,202611,0,0.16472322841850626
24214,202611,0,0.15624785760340953
24215,202611,0,0.16641191906334743
24216,202611,0,0.23493055539988375
24217,202611,1,0.21329459459673922
24218,202611,1,0.09751308392809299
24219,202611,0,0.1219635010876114
24220,202611,0,0.15591975256114612
24221,202611,1,0.325807130806846
24222,202611,1,0.39492978547632485
24223,202611,0,0.23632289808957652
24224,202611,0,0.12797817377777082
24225,202611,0,0.13752317789947624
24226,202611,0,0.22819274977690368
24227,202611,0,0.1045430831604053
24228,202611,0,0.11430728306309693
24229,202611,0,0.1238830439788598
24230,202611,0,0.1285938156008324
24231,202611,0,0.21469228404352803
24232,202611,0,0.052016568455798384
24233,202611,0,0.1306183809193364
24234,202611,0,0.12471662185928227
24235,202611,0,0.09000018028630197
24236,202611,0,0.35014570407850387
24237,202611,0,0.12091113066556183
24238,202611,1,0.13405093378341668
24239,202611,0,0.13413129068964014
24240,202611,1,0.14684416300154451
24241,202611,0,0.1257817889527194
24242,202611,0,0.07352349942156887
24243,202611,1,0.1437474718853634
24244,202611,0,0.16808293664013316
24245,202611,0,0.2572149775220169
24246,202611,0,0.15119047662130689
24247,202611,1,0.12284904799828836
24248,202611,0,0.14054699781541272
24249,202611,0,0.15196163571527704
24250,202611,0,0.2086975070021512
24251,202611,0,0.1266996996979431
24252,202611,0,0.12066496512462493
24253,202611,0,0.14150293613971884
24254,202611,1,0.12257816516561729
24255,202611,0,0.275411801130057
24256,202611,1,0.13659262692138008
24257,202611,0,0.1294331345968674
24258,202611,1,0.4505553445214758
24259,202611,0,0.1304542634438742
24260,202611,0,0.12776554337358498
24261,202611,0,0.14455793685668933
24262,202611,1,0.24017415820866375
24263,202611,0,0.1441955774790961
24264,202611,0,0.11811840718621938
24265,202611,0,0.12347901516313413
24266,202611,0,0.14510669975211063
24267,202611,0,0.14852035814178194
24268,202611,0,0.3266157911559377
24269,202611,1,0.13609633538527327
24270,202611,0,0.16305783058915535
24271,202611,0,0.17300294760258556
24272,202611,0,0.06781561437830096
24273,202611,1,0.32593272005418517
24274,202611,0,0.21286069661424503
24275,202611,0,0.15427789463533176
24276,202611,1,0.11124520438068237
24277,202611,0,0.1530222916765519
24278,202611,0,0.07952757381261824
24279,202611,1,0.15802267908861817
24280,202611,0,0.11874172159157781
24281,202611,0,0.12422678056269329
24282,202611,1,0.13327707174090947
24283,202611,0,0.15626031937417464
24284,202611,1,0.3514613433072641
24285,202611,1,0.24043203081682601
24286,202611,0,0.1340758489138455
24287,202611,0,0.14979436666838103
24288,202611,0,0.14063376378117382
24289,202611,0,0.11707740995273977
24290,202611,1,0.3499430948020947
24291,202611,0,0.14224877587405665
24292,202611,0,0.1949323798611592
24293,202611,0,0.04467009392124531
24294,202611,1,0.1130155877154054
24295,202611,0,0.11218283007999787
24296,202611,0,0.12805591277362435
24297,202611,0,0.22307347154734009
24298,202611,0,0.1621655856563595
24299,202611,0,0.19162049698342756
24300,202611,0,0.13029850865773487
24301,202611,0,0.13327087180102398
24302,202611,0,0.13697480713564633
24303,202611,0,0.367343259543482
24304,202611,0,0.25803283641727554
24305,202611,0,0.17155519654754703
24306,202611,0,0.1535203022530086
24307,202611,0,0.13160921614532636
24308,202611,0,0.18590968752401832
24309,202611,0,0.056531414915789724
24310,202611,0,0.14685514163357005
24311,202611,0,0.13588341340924992
24312,202611,0,0.12857185605199623
24313,202611,0,0.1358891700417057
24314,202611,0,0.14406133513074493
24315,202611,0,0.10563891230113227
24316,202611,0,0.12559281413799933
24317,202611,1,0.4084835498232363
24318,202611,0,0.0706890420785865
24319,202611,0,0.261409888200882
24320,202611,0,0.1368168553230965
24321,202611,0,0.12975453722631747
24322,202611,0,0.3075743301126387
24323,202611,0,0.25021836018120475
24324,202611,0,0.15201766796438762
24325,202611,0,0.37047597651805364
24326,202611,1,0.2649572859450774
24327,202611,0,0.14068505913204357
24328,202611,1,0.09614298371996645
24329,202611,0,0.27740075632605926
24330,202611,0,0.1785285951022601
24331,202611,0,0.14825814900856682
24332,202611,0,0.15763185305380503
24333,202611,0,0.3535665779800295
24334,202611,0,0.11645771472857758
24335,202611,0,0.22600210172403445
24336,202611,1,0.10905344088663281
24337,202611,1,0.2079509917822668
24338,202611,0,0.15276735590748058
24339,202611,0,0.06691778930713402
24340,202611,0,0.1475749596459188
24341,202611,1,0.21770206024966296
24342,202611,1,0.1591749095919999
24343,202611,0,0.3605636653246045
24344,202611,0,0.06292838701740679
24345,202611,0,0.12923961222442856
24346,202611,0,0.13030295981913081
24347,202611,1,0.2484888832310542
24348,202611,0,0.2480386218635152
24349,202611,0,0.1470127822129294
24350,202611,1,0.16160309126275058
24351,202611,0,0.10847434520111617
24352,202611,0,0.2400310557924893
24353,202611,0,0.1096041247992401
24354,202611,0,0.3254625645836241
24355,202611,0,0.13896750680336858
24356,202611,0,0.14642747865375613
24357,202611,0,0.13876967680741314
24358,202611,0,0.21277199606395197
24359,202611,0,0.1354745762543104
24360,202611,1,0.2304112746129986
24361,202611,0,0.1330410886307499
24362,202611,0,0.14086701107466493
24363,202611,0,0.06804577105569158
24364,202611,0,0.12056137463975633
24365,202611,0,0.21832481721304597
24366,202611,1,0.15787742407377142
24367,202611,0,0.16220833194745157
24368,202611,0,0.05834168472304983
24369,202611,0,0.12755793252229256
24370,202611,1,0.1157649235365442
24371,202611,1,0.19882087978526447
24372,202611,0,0.14929346485996223
24373,202611,0,0.10724375099675855
24374,202611,0,0.11767250076194878
24375,202611,0,0.12818746571886414
24376,202611,1,0.2416801046707464
24377,202611,0,0.2174091064451855
24378,202611,0,0.0993979005541775
24379,202611,0,0.32348483704469816
24380,202611,0,0.13150245325649118
24381,202611,0,0.14817394487763913
24382,202611,0,0.12583719167682592
24383,202611,0,0.13905681021995897
24384,202611,0,0.06206990562729991
24385,202611,0,0.13039778687671755
24386,202611,0,0.08594774957139291
24387,202611,0,0.14917227432493121
24388,202611,0,0.14134440163198222
24389,202611,0,0.11823368725264795
24390,202611,0,0.06924177227885646
24391,202611,1,0.11940855842016504
24392,202611,0,0.13109842502507907
24393,202611,1,0.12873938209884808
24394,202611,0,0.16818655040015626
24395,202611,0,0.2661697190483981
24396,202611,0,0.3813261192713048
24397,202611,1,0.10068372771300635
24398,202611,0,0.18365313896098212
24399,202611,0,0.06430977005927775
24400,202611,0,0.06916908735472586
24401,202611,0,0.11628993371509687
24402,202611,0,0.11764871039971934
24403,202611,0,0.1194470594457076
24404,202611,0,0.13062541430012567
24405,202611,0,0.15430848743246725
24406,202611,0,0.26029496442666666
24407,202611,0,0.13087016021021744
24408,202611,0,0.1448636560861569
24409,202611,0,0.16137979868895336
24410,202611,0,0.06241492783631293
24411,202611,0,0.11762589104852368
24412,202611,0,0.0692986070116375
24413,202611,0,0.045711318638566145
24414,202611,0,0.1360718268800278
24415,202611,1,0.16601348900104063
24416,202611,0,0.25233185639566386
24417,202611,0,0.15547859724123883
24418,202611,1,0.20717017520280737
24419,202611,0,0.12102731261813958
24420,202611,0,0.12251694683415507
24421,202611,0,0.1024745535248557
24422,202611,0,0.12295897301076553
24423,202611,1,0.06279144722067688
24424,202611,1,0.1355034350648369
24425,202611,0,0.245748367241706
24426,202611,0,0.07752128627621205
24427,202611,0,0.22541652900765827
24428,202611,1,0.23688882641095893
24429,202611,0,0.16202430991385255
24430,202611,1,0.12099264528179063
24431,202611,1,0.06756241164195564
24432,202611,0,0.10833918543391827
24433,202611,0,0.1280396537239064
24434,202611,0,0.13770083927935903
24435,202611,0,0.36530917332852875
24436,202611,0,0.16989523416556016
24437,202611,0,0.11828136594906258
24438,202611,1,0.08291202663829433
24439,202611,0,0.1252744511384685
24440,202611,0,0.12278428958241722
24441,202611,0,0.14966207684266616
24442,202611,0,0.19645260864459493
24443,202611,0,0.1146723122111269
24444,202611,0,0.13335955014565776
24445,202611,0,0.12594788304579743
24446,202611,0,0.13050896845665494
24447,202611,0,0.2370754599466295
24448,202611,1,0.1343361972370505
24449,202611,0,0.14568387097290833
24450,202611,0,0.1380042411041057
24451,202611,0,0.15715326910830296
24452,202611,0,0.13713143870290087
24453,202611,0,0.16426660594653975
24454,202611,0,0.06328233328779563
24455,202611,1,0.1798587212393338
24456,202611,0,0.18842445255593612
24457,202611,0,0.10737831464330252
24458,202611,0,0.14366513446277168
24459,202611,0,0.049137632665220435
24460,202611,0,0.13822139402834022
24461,202611,0,0.14980499281730264
24462,202611,0,0.12902938166324215
24463,202611,1,0.12373200053947626
24464,202611,0,0.17492525395423386
24465,202611,0,0.0772613444747384
24466,202611,0,0.11926377703360765
24467,202611,0,0.1345064078934396
24468,202611,0,0.15871959947386277
24469,202611,0,0.14331734569719393
24470,202611,1,0.054310845910214185
24471,202611,1,0.14739414825950115
24472,202611,1,0.1689362010003369
24473,202611,1,0.1088301447384325
24474,202611,0,0.15788152512525397
24475,202611,0,0.06486782163777925
24476,202611,0,0.13203756696688027
24477,202611,0,0.17743259652602644
24478,202611,0,0.2746359312410017
24479,202611,1,0.17283940937206643
24480,202611,0,0.17471328657277405
24481,202611,0,0.11793490418509561
24482,202611,1,0.35168224874886733
24483,202611,0,0.09319031582713336
24484,202611,0,0.1166379770602211
24485,202611,0,0.17945692674818445
24486,202611,0,0.2335757416573076
24487,202611,0,0.13679023793666345
24488,202611,0,0.11365672549650202
24489,202611,0,0.16295044889688146
24490,202611,1,0.1503455351511378
24491,202611,0,0.15111580392685683
24492,202611,0,0.2112698934989809
24493,202611,1,0.11085102425571199
24494,202611,0,0.07005932271711371
24495,202611,1,0.15530918413674105
24496,202611,0,0.13781188769556693
24497,202611,0,0.14086004628567675
24498,202611,1,0.24747422400657035
24499,202611,0,0.11279349931018468
24500,202611,1,0.1867010565574519
24501,202611,0,0.13025920214579456
24502,202611,0,0.24060535207298916
24503,202611,0,0.34986785492157263
24504,202611,0,0.23446703293834872
24505,202611,0,0.22074668147677412
24506,202611,0,0.13689939806007617
24507,202611,0,0.13141197774393246
24508,202611,0,0.09459461176990631
24509,202611,0,0.13232416103933523
24510,202611,0,0.14743572686644943
24511,202611,0,0.24856526386773103
24512,202611,0,0.06657892294617758
24513,202611,0,0.13642848532544227
24514,202611,0,0.11981051052980335
24515,202611,0,0.12703549745353995
24516,202611,1,0.13726618705786733
24517,202611,0,0.25630317373972317
24518,202611,0,0.07643931780484553
24519,202611,1,0.1594732047340691
24520,202611,0,0.0826791455321601
24521,202611,0,0.07621195218255465
24522,202611,1,0.15334638432606698
24523,202611,0,0.139762769073889
24524,202611,0,0.059073230474955704
24525,202611,1,0.12598490082793173
24526,202611,0,0.11603112451881849
24527,202611,0,0.14234583250536426
24528,202611,0,0.1300019142136405
24529,202611,1,0.10731804741966065
24530,202611,0,0.11968863635433312
24531,202611,0,0.1636174253648298
24532,202611,0,0.2605640029977617
24533,202611,0,0.17472922414678946
24534,202611,0,0.15362972211228945
24535,202611,0,0.1911560298056816
24536,202611,0,0.15037804807898358
24537,202611,1,0.13091134987586026
24538,202611,0,0.1388042551910438
24539,202611,0,0.12648900755851095
24540,202611,0,0.24754695645123548
24541,202611,0,0.14750193844936713
24542,202611,1,0.40449645651725696
24543,202611,0,0.15786798852213532
24544,202611,0,0.15156282933036463
24545,202611,1,0.12681525492571252
24546,202611,0,0.14510770809705176
24547,202611,0,0.20976269213792176
24548,202611,0,0.14698776330895735
24549,202611,0,0.13884865553062486
24550,202611,0,0.3751881655610825
24551,202611,0,0.1622518513440813
24552,202611,0,0.15005014775147504
24553,202611,1,0.14788482832209374
24554,202611,0,0.2819904491624454
24555,202611,0,0.22082926259104643
24556,202611,0,0.13985988297077262
24557,202611,1,0.1300749986206309
24558,202611,0,0.2103715452142029
24559,202611,0,0.34953285358153663
24560,202611,0,0.14759783244029984
24561,202611,0,0.13149902400990066
24562,202611,0,0.24106781664048282
24563,202611,0,0.2004637269098435
24564,202611,0,0.12977202083593034
24565,202611,1,0.1320832441765444
24566,202611,1,0.1341549854124493
24567,202611,0,0.12830894969378887
24568,202611,0,0.113581974023355
24569,202611,0,0.19178913687328697
24570,202611,0,0.19588747579413293
24571,202611,0,0.1253065454237733
24572,202611,0,0.33592874108070864
24573,202611,0,0.2280068814900363
24574,202611,1,0.3437843915272641
24575,202611,0,0.24718566347027351
24576,202611,0,0.16472224936146954
24577,202611,0,0.138439497380853
24578,202611,0,0.2749174735824916
24579,202611,0,0.098396494834781
24580,202611,1,0.403530994750617
24581,202611,0,0.12771381301278192
24582,202611,0,0.13263084426148067
24583,202611,0,0.12239739322956136
24584,202611,1,0.21510703111752577
24585,202611,1,0.15906531952515562
24586,202611,1,0.27532691847607393
24587,202611,0,0.14325199899181992
24588,202611,0,0.13288090467070618
24589,202611,0,0.1487611819521415
24590,202611,1,0.15440778788114906
24591,202611,0,0.15868937602402503
24592,202611,0,0.0606269367801653
24593,202611,0,0.12335140511419203
24594,202611,0,0.15897810710506913
24595,202611,0,0.27413880522004463
24596,202611,0,0.12931619542066014
24597,202611,0,0.13673373336721287
24598,202611,1,0.13946088223315592
24599,202611,0,0.11077076519173365
24600,202611,0,0.1464733555858827
24601,202611,0,0.16246859576676492
24602,202611,1,0.13205486382384063
24603,202611,0,0.36361971172631546
24604,202611,0,0.16436177505081595
24605,202611,0,0.1255150675306636
24606,202611,1,0.2797598976785599
24607,202611,1,0.15953220727070186
24608,202611,0,0.13753748995834064
24609,202611,0,0.16350998432133929
24610,202611,0,0.0980466800342127
24611,202611,1,0.22556096336144194
24612,202611,1,0.2193162327784543
24613,202611,0,0.1534221034957841
24614,202611,0,0.1448491135673808
24615,202611,0,0.12933283023415426
24616,202611,0,0.06679147972760667
24617,202611,1,0.3373930617809049
24618,202611,0,0.23842183795719293
24619,202611,0,0.14154029278793062
24620,202611,0,0.14401016424005514
24621,202611,0,0.11516986673825076
24622,202611,0,0.16585996207098833
24623,202611,0,0.11419624895785672
24624,202611,0,0.1491669409939332
24625,202611,0,0.1671537284268148
24626,202611,1,0.18890839338167834
24627,202611,1,0.15814810042808994
24628,202611,0,0.16599100098351707
