id_cliente,prediccion
2,0.13717090651309535
3,0.06475148124448409
7,0.14660659080786803
10,0.06280384444033159
11,0.14861429698808637
12,0.031210242163725643
14,0.1294098766248565
16,0.13561272861530888
25,0.13584312895334993
32,0.13301309497472114
38,0.13562732512787506
42,0.16713285253236818
63,0.13730718043803306
65,0.14187646795252024
70,0.14073523824287712
74,0.14845174363466504
76,0.1411502081988284
83,0.05775432340045176
90,0.07559479649657548
98,0.1713240739756589
104,0.1361311992876337
121,0.06221922089540461
124,0.15568821350325832
125,0.16571775530347865
137,0.16243043782061814
143,0.06280384444033159
144,0.149247578289996
157,0.14704789177864197
163,0.13600845576383164
197,0.07296198219243327
203,0.1736385243994537
205,0.14262918938746896
209,0.033030528339489836
228,0.1576034076371593
231,0.15656577564279742
237,0.1575302871059894
243,0.06240454443095608
247,0.13741532982710966
249,0.06280384444033159
253,0.16227810487053423
261,0.14049780138045662
263,0.029288164860638302
275,0.03158256018716344
279,0.16416585186394517
280,0.13986060370058256
292,0.14060014597223505
297,0.13721592776721794
299,0.13275801099360707
302,0.0626437244910055
304,0.14577422556254824
308,0.23691606746400626
318,0.16047979904151902
319,0.16682410412359683
323,0.06618447237195077
325,0.168247755698697
339,0.1462898052961125
340,0.13969124637687969
355,0.13944868286187198
359,0.1529873027528519
368,0.1486751013164519
371,0.13319841757361311
378,0.13702284481319063
390,0.1427361446386298
392,0.14336113395794112
409,0.13248671455731179
412,0.06402724986775767
420,0.1597455915856826
422,0.11897866418765025
428,0.14039946979156812
429,0.03148295492281233
430,0.1469046853800584
434,0.06231275679866245
437,0.14981342189879213
447,0.06245652170473195
464,0.03186961706271787
466,0.17295114584889604
468,0.23394279836225618
470,0.14757814507570646
473,0.13792047757606146
475,0.06299963710610515
476,0.1607564412859891
480,0.06124208288413213
483,0.14258552395358093
487,0.16776254798886456
495,0.15212785881089547
496,0.14696498060562999
499,0.13712862802949205
502,0.06434651518401008
504,0.1500943536433657
508,0.06743012754208998
514,0.13398975792029172
515,0.16001203847769002
538,0.12987999630089941
548,0.1424779153770299
551,0.14227054625699564
553,0.1492268729379583
560,0.06105554164256404
564,0.13767078645856085
572,0.06375546763331523
577,0.057146629385497846
578,0.23674488011323447
591,0.06225957490525272
593,0.1349687710158937
604,0.13784339733732326
606,0.14792804030757317
614,0.15516705679534198
616,0.06305321297653739
622,0.13979482576160676
626,0.06213276497908385
632,0.06477864257291745
637,0.03176729142307188
640,0.07469198470372536
647,0.13085379019195134
648,0.06275003872687197
653,0.14249196566886138
654,0.061611445666925974
659,0.16123692236958154
661,0.061426153077951816
670,0.06294961154796122
671,0.06076356623195015
673,0.13654794417593313
674,0.0900023022650786
682,0.13971217285449564
683,0.14655588577384268
687,0.14085945708064618
688,0.06361332364170644
689,0.15479161505863648
701,0.13450661958136179
705,0.14153279484804276
707,0.13441189120586244
710,0.13228700077847166
714,0.13151274009371358
716,0.13299200348430018
717,0.16100503944647537
729,0.06476330261570018
732,0.14084225998885952
734,0.15413371333588757
736,0.14534766906429772
742,0.045230745380207125
750,0.14430214684012996
764,0.14872965924943654
767,0.13264281064087682
768,0.14819765557901715
774,0.1588551696196862
777,0.06386901877027738
784,0.14178303435145514
785,0.14231537794519716
786,0.1335002009125629
787,0.22690026874712382
788,0.14689326085303292
790,0.1456077016115347
794,0.0613556213810307
796,0.14113761333767413
802,0.06068775733543519
812,0.14783958335659306
814,0.03222871435154362
816,0.06253391092752213
817,0.14430214684012996
834,0.1394033120058801
835,0.1466368711632649
836,0.14024993844924233
837,0.13802082876523591
840,0.031687928409027386
841,0.06280384444033159
854,0.06225957490525272
858,0.13517040301996183
859,0.062379292851664325
883,0.13107630165962808
887,0.0639820618551801
902,0.13970820439709336
913,0.14756280272864344
915,0.1373123481578986
916,0.16444443588280444
917,0.1355991294830919
924,0.14121710496698553
929,0.1534145354448273
933,0.14040505636560538
936,0.141468034430288
941,0.06126565794915077
946,0.0680527156287114
948,0.06381146805643552
952,0.1385784706436524
959,0.14722853850857678
963,0.14686675764679635
965,0.06394503952028428
970,0.164430636035782
975,0.18614863602130846
979,0.14598275390803434
982,0.13283709556815085
986,0.061611445666925974
992,0.1414009276810974
1003,0.03141032126908091
1004,0.1523285181252065
1007,0.14547763176166456
1014,0.06361332364170644
1017,0.060872871618013816
1018,0.1378853119556316
1043,0.06386901877027738
1046,0.1454261030174006
1052,0.1431753399862083
1061,0.06361332364170644
1063,0.15133052297081498
1064,0.14333701348073657
1067,0.1458561114865912
1070,0.07763114290486361
1075,0.061737261645339846
1105,0.05973472693029728
1116,0.23426199567743855
1117,0.1810551407353494
1123,0.14500236801254385
1125,0.13967307838111293
1132,0.13587530170566328
1160,0.061320155652598886
1161,0.1592749910069578
1165,0.06287799325910728
1171,0.24758404270334253
1181,0.07785103841336616
1185,0.15326787288633495
1197,0.15170979718045965
1202,0.15816212161199286
1205,0.06117113842059232
1206,0.14600480823509165
1213,0.14439577008531784
1216,0.061737261645339846
1228,0.15258976080094855
1232,0.1476521947356447
1238,0.12038253173109202
1241,0.06781846529704334
1246,0.1303545403587248
1258,0.09026764127119437
1263,0.1767746106386884
1289,0.12627393084539582
1301,0.14987803713580405
1302,0.06253391092752213
1303,0.1730757250242992
1312,0.13077631906293372
1314,0.148820286072623
1322,0.07793913114898086
1326,0.06225957490525272
1328,0.0635881334295038
1334,0.13736139310288142
1336,0.14903577040182445
1337,0.03265216587607685
1338,0.1308023124706968
1340,0.15115601398364276
1361,0.17034353589775889
1365,0.17105246365150803
1368,0.2780979627861724
1370,0.07522572162784841
1378,0.14872341047231083
1381,0.16950638206546664
1388,0.15001730962516127
1393,0.13689696624339046
1395,0.12096701707164899
1400,0.1368498122680753
1404,0.06265196124540685
1405,0.06414856581897573
1411,0.16362011316525485
1414,0.14431014110838833
1415,0.03176729142307188
1420,0.09488682354044962
1425,0.07350912933193073
1434,0.20192984184363563
1453,0.17226642225413888
1455,0.23530984937810068
1460,0.15649701475516015
1465,0.2660005879326996
1474,0.1424903990377817
1475,0.03103563027711382
1476,0.06458654918501008
1477,0.13492808868888861
1489,0.07626555184160393
1495,0.1296700728937743
1496,0.0639820618551801
1501,0.1421477920553961
1504,0.062379292851664325
1506,0.15997900936039885
1516,0.1609456347647902
1535,0.07313093676173393
1541,0.06474885798273175
1546,0.03270975172030604
1552,0.0634916359181533
1558,0.14619227015567213
1559,0.1270470472352119
1564,0.12319113308093485
1566,0.14084853485638363
1567,0.16356735401412126
1573,0.1625719921649211
1576,0.06372548610294726
1577,0.06361332364170644
1578,0.11708263715459144
1586,0.13900252571179755
1587,0.07265218336690922
1589,0.1515679865771111
1591,0.1293154442500372
1592,0.0652273169439328
1598,0.061737261645339846
1602,0.16693537282043613
1604,0.07218489411784747
1606,0.06605653216363737
1614,0.04417596670173107
1615,0.22499658732530198
1619,0.14000554971908657
1623,0.14570544497036694
1631,0.14527252645808325
1639,0.059054684214030755
1648,0.05879985374838369
1659,0.14792925593171535
1669,0.16263128324478304
1673,0.13773850654623523
1678,0.13898737809964035
1682,0.2441920022050622
1683,0.14039308125160185
1692,0.14485112279182924
1693,0.163029363741178
1695,0.14795118339894214
1698,0.15320386402619895
1706,0.2581363174342999
1709,0.14004735946646305
1710,0.15944270897340126
1719,0.1419802410045904
1720,0.06248830904640317
1726,0.1376781897580952
1730,0.1407303662310061
1732,0.1285542801760317
1733,0.13723835497452253
1736,0.0751308234423499
1743,0.13897683317900672
1751,0.1384566436139631
1752,0.14482070231075503
1754,0.1600957067627969
1756,0.06252440539692479
1760,0.1336639023571639
1765,0.06502436494417436
1776,0.13397662701100665
1778,0.03315255667900176
1779,0.14366435870569239
1781,0.06219530320958876
1795,0.14086531731524699
1808,0.02981196400925333
1809,0.15356611314667212
1814,0.14156163097000773
1821,0.1378330294291942
1822,0.12359665817521753
1824,0.15657075577337176
1827,0.14759553311070484
1834,0.1551787246056782
1844,0.19939913925601152
1851,0.1538665712765906
1867,0.14514225766855232
1869,0.1284017976099019
1875,0.23308205828244008
1882,0.14618224299527982
1897,0.14385967359738036
1910,0.13951817168773836
1917,0.147341184328073
1918,0.12735560448536115
1935,0.13574978417869443
1936,0.14270215894318236
1937,0.03213086952910951
1949,0.1455206502728275
1952,0.06161900248242314
1956,0.14471655625623261
1969,0.06192550667589779
1970,0.13614853893947668
1971,0.14042239664014677
1977,0.16099744055097115
1982,0.1365085382403076
1995,0.13482289827550747
2002,0.15103608903912627
2004,0.1409694054058127
2011,0.15285000202172194
2013,0.16604673749035603
2014,0.13944236042065897
2026,0.14344431974078525
2040,0.13808484474572622
2043,0.1481889767354832
2060,0.13443125876249545
2069,0.06474885798273175
2073,0.08673316612233749
2076,0.031210242163725643
2082,0.12702181729777953
2089,0.061301094216177465
2091,0.15622943648684479
2103,0.06553414769421195
2109,0.06291467553116112
2112,0.15033191319546677
2113,0.16318107263781792
2119,0.06265196124540685
2121,0.14968725461793378
2125,0.15079181310086448
2127,0.2542453648340791
2128,0.14958823597846296
2132,0.14726881419518698
2146,0.1432299203356627
2148,0.03324153139067522
2149,0.17422280439208446
2156,0.06280384444033159
2157,0.14913222719223387
2159,0.14138583614006828
2160,0.1346476529101505
2169,0.15568440346696846
2170,0.06522628143403195
2186,0.06509889196745128
2188,0.061737261645339846
2190,0.12995419022220983
2203,0.13070661223754187
2204,0.15183069033191524
2205,0.15232883000360414
2207,0.15404817734443518
2209,0.06265196124540685
2211,0.06361332364170644
2220,0.06272594274634076
2226,0.1656255972693075
2229,0.13609323816909827
2234,0.12602709755560126
2237,0.1715267559636933
2240,0.13985334244765504
2249,0.06225957490525272
2252,0.15743625291012878
2264,0.1648654001074861
2269,0.13784929582875569
2272,0.06287799325910728
2283,0.13218798632870443
2284,0.15279778019919382
2287,0.16788544914620576
2290,0.13708239210745618
2298,0.061737261645339846
2328,0.14028008000436784
2329,0.18420558368917106
2330,0.16359175524767436
2336,0.1355065775394033
2338,0.14651585551101912
2341,0.22546079373549308
2353,0.1604123502579822
2356,0.062228589450100125
2366,0.1413768641927853
2401,0.13485895284422553
2404,0.06303495703242229
2408,0.1340611942391262
2409,0.14301195838437802
2410,0.13882506726403546
2421,0.2482591350827687
2425,0.15563829024307313
2427,0.16603850953117255
2429,0.1601550311722606
2432,0.1476788840824879
2435,0.13472702497317726
2436,0.13561219904089675
2447,0.12924605907605735
2449,0.06165909992519786
2454,0.06539476394775054
2460,0.062285112128632435
2472,0.1486855853068208
2479,0.131133781322673
2483,0.1514625832123527
2484,0.13698825419991684
2492,0.15741007381768274
2493,0.06319994435187021
2495,0.13287050709848722
2498,0.18398899554785758
2501,0.13780018505600378
2510,0.13905065725424315
2512,0.031210242163725643
2516,0.06079608298592228
2517,0.15357431276664563
2538,0.061737261645339846
2561,0.14423282826990794
2563,0.1381469533144493
2567,0.14972146330484132
2569,0.06361332364170644
2576,0.13944611321123007
2588,0.1455666716326941
2592,0.03163120955612197
2593,0.14416303200013367
2604,0.1275013974159073
2613,0.11774350378799846
2620,0.13362105891547535
2626,0.06448153926813996
2629,0.06320922416294257
2634,0.06260796275372241
2637,0.16002084526107582
2649,0.1554512154790155
2653,0.17039427830498233
2661,0.14037894664168218
2662,0.11258352417824612
2668,0.08356857762024215
2684,0.14342724160847553
2686,0.14042604279800083
2706,0.135948773239943
2709,0.13555481413031142
2710,0.13610923623781018
2712,0.0826769150612045
2717,0.13583783220514595
2718,0.15618206573435345
2720,0.13328099721055986
2726,0.15769479346475807
2732,0.16004423697507736
2735,0.16788408909695038
2736,0.1290667981898643
2754,0.13861732270479163
2755,0.0639820618551801
2758,0.15603450618978496
2759,0.0639820618551801
2768,0.1636641154490352
2769,0.1698159690330223
2770,0.14577422556254824
2776,0.032065756307735616
2779,0.22357783653286054
2790,0.05879985374838369
2794,0.13520977638817153
2796,0.0609788496991486
2801,0.14522563340689187
2810,0.09186929298203678
2813,0.15209985890681763
2820,0.1544711189094819
2822,0.16283073252626662
2830,0.14336084635845836
2831,0.15234970308285403
2835,0.15363146475171838
2837,0.1483602968700903
2852,0.15740616642721306
2861,0.13730607217060836
2864,0.032427744183095644
2869,0.0441656361982698
2870,0.34532900932436283
2883,0.03288090978921489
2890,0.031687928409027386
2892,0.06219530320958876
2895,0.1645677738407237
2908,0.16367839070483006
2911,0.05970403269019728
2918,0.13652795373994922
2931,0.16500773203312863
2936,0.16358442287146166
2938,0.2345487220722617
2940,0.16990279557587173
2942,0.14086531731524699
2943,0.03207112059526821
2945,0.15864308799031898
2949,0.06262648735674806
2959,0.15734240423891646
2966,0.15061154188555362
2969,0.15521019399496044
2970,0.13651406789130974
2975,0.13333129574525557
2976,0.15407315965537816
2987,0.12899439925149125
2993,0.06280384444033159
2995,0.061737261645339846
2998,0.05360459531682977
3002,0.1456455378813374
3004,0.13815694340742676
3008,0.1552974487007853
3010,0.14414239539855225
3019,0.06376956119472488
3027,0.06265196124540685
3030,0.15226602846334955
3031,0.15282263762374176
3037,0.14487102705292632
3038,0.13003935211862058
3039,0.06528909561356595
3043,0.14750780091459478
3048,0.06265196124540685
3049,0.14287356859153216
3053,0.03176729142307188
3054,0.06248830904640317
3056,0.11729264051717157
3069,0.25747876362870425
3071,0.1646573424342444
3072,0.15243947761013335
3075,0.14176776122424628
3078,0.14054803899840562
3080,0.13106076163684682
3104,0.14929975509539847
3109,0.146564027108158
3126,0.08654038943350925
3137,0.06263982202187904
3139,0.12096701707164899
3142,0.15985993209468138
3147,0.060872871618013816
3168,0.13308343236750797
3169,0.15273189600725973
3172,0.1319383782147684
3174,0.14084786951577863
3178,0.17302838089744954
3179,0.06165269480352176
3181,0.11871008166443782
3190,0.14471960009639617
3192,0.1618724328626509
3196,0.15466152764039345
3197,0.16298180658756323
3206,0.1576319307228842
3208,0.061611445666925974
3210,0.13343822297209923
3214,0.24043179456887573
3220,0.07512200292717469
3228,0.06272442265792108
3232,0.1301174491010628
3247,0.13841346537180282
3253,0.06365773733649567
3256,0.061575841763726095
3257,0.14003431070337932
3262,0.10422040964697347
3269,0.03176729142307188
3276,0.06311633264276993
3279,0.2660005879326996
3282,0.08026894115672839
3284,0.06306251104774215
3285,0.15453917551184526
3295,0.1359906249830638
3297,0.09186929298203678
3298,0.13589215411544114
3311,0.06205584470773369
3313,0.13964734257999467
3321,0.12999883635019568
3325,0.12473418544022766
3329,0.23660162546542232
3345,0.15908950787938045
3347,0.12184712239984852
3349,0.1384152174103121
3350,0.1295436799865366
3354,0.14117253512164302
3356,0.24842007471855088
3363,0.13050753558154105
3372,0.13069292064299745
3376,0.12995425309345898
3380,0.13233806546379895
3383,0.14141710902520999
3385,0.1601250171840281
3387,0.14845708075628802
3395,0.06280384444033159
3396,0.06151552305204665
3397,0.13411115726902845
3411,0.06742368964459357
3413,0.03494472479689355
3415,0.06375546763331523
3444,0.1592749910069578
3446,0.14878502124591406
3447,0.06283513762689891
3448,0.11431893757151038
3454,0.060872871618013816
3466,0.13633477183512535
3471,0.15326787288633495
3474,0.06267600004270055
3488,0.1495063720417433
3496,0.0652897944601387
3498,0.1495266465854339
3508,0.13598350952715718
3511,0.06258160977882621
3514,0.07169386879851708
3524,0.0666195251541106
3526,0.129411812113377
3529,0.061611445666925974
3552,0.06253391092752213
3561,0.062054213080586486
3564,0.22748769259190785
3566,0.06221922089540461
3576,0.14510228347187548
3581,0.06267600004270055
3582,0.13843076392834874
3583,0.23252280960210778
3587,0.1379077303375577
3589,0.14313193605656171
3590,0.12279037744924717
3592,0.1458238101498339
3594,0.062136290660451794
3598,0.14332879124268172
3605,0.15257486465726328
3608,0.18385778501808914
3610,0.15024878006628617
3619,0.13856199153701174
3622,0.12763183289232483
3623,0.17455236142391398
3628,0.14304772922348488
3629,0.14794720436492637
3647,0.061670118719069286
3653,0.16867399006561098
3657,0.15652281418357153
3658,0.092359205842439
3661,0.03303479968590286
3665,0.15262858990119177
3668,0.03176729142307188
3670,0.0749793191133864
3672,0.031485014372279206
3675,0.10665667754987296
3680,0.0359784960638567
3697,0.06361332364170644
3698,0.03103563027711382
3699,0.14021541416348876
3703,0.031485014372279206
3711,0.13865742281074597
3712,0.1648981281546125
3716,0.13572152720320546
3717,0.15585914151504193
3721,0.16145477444435086
3726,0.14892925104248395
3735,0.1631466369364949
3736,0.24933568362418682
3740,0.13824586750303688
3748,0.11545165022193668
3751,0.08320335983321839
3753,0.07605900979676242
3754,0.08316649123862635
3755,0.06344835854479652
3764,0.13336636562097812
3768,0.1471712851655906
3781,0.1373928322765925
3782,0.17085100448860474
3787,0.06364957669207658
3800,0.14488001583106724
3804,0.06593337621484496
3820,0.17850357937723538
3821,0.16289340825109633
3824,0.0743175543966772
3825,0.14802405764348875
3826,0.17562653696213942
3831,0.1362342172370356
3834,0.13771908914926576
3835,0.1415117085270598
3836,0.1333772972268377
3840,0.0837224776582882
3841,0.15687255573612868
3848,0.19159255129382763
3863,0.15929872695020705
3869,0.1330428066735432
3875,0.13567007124547123
3877,0.25911753433401674
3878,0.15268196935615888
3879,0.16529559975030927
3881,0.1478441936111957
3882,0.06280384444033159
3887,0.1436130135347755
3890,0.13629949092971208
3904,0.058746297774069686
3905,0.27447629220895525
3908,0.15887340590523763
3917,0.1893278767501821
3927,0.1478441936111957
3931,0.15787158832554296
3938,0.15456777008432657
3944,0.14246304614440441
3947,0.13697912878123586
3950,0.16238373882718443
3971,0.13795877536674
3982,0.07186989041972232
3991,0.03207047402147881
3992,0.13722410354078934
3997,0.06375546763331523
4005,0.06231275679866245
4008,0.14205012652071392
4016,0.062373646738195086
4018,0.1407915239875804
4020,0.15045082282972272
4027,0.06732809619955334
4038,0.14253005227742946
4045,0.12825147031888165
4048,0.14973879814101737
4051,0.1262351845959175
4054,0.13922049366722278
4055,0.1389741549068882
4065,0.1503679557257625
4066,0.1406978332635355
4073,0.13201111838998372
4079,0.06221630561114481
4084,0.13606270019113867
4087,0.18050916107665563
4089,0.03179915852798218
4091,0.233409653381636
4092,0.12323677614999055
4102,0.25166809674774415
4108,0.1594904288354493
4113,0.1489560870070077
4116,0.16118725502891718
4117,0.03148295492281233
4124,0.14217374677650446
4125,0.13884148684959052
4128,0.13994623010187227
4129,0.15435602533951887
4130,0.1435358356415143
4134,0.15519869009140688
4144,0.139346951060574
4147,0.22814881042281124
4150,0.06299963710610515
4158,0.1694721978807542
4162,0.1398861826223874
4163,0.1364853217564044
4166,0.05465842894756886
4167,0.13753625975367703
4168,0.1411093435646486
4175,0.059962632828704995
4179,0.07056844811591306
4180,0.1723199996080694
4189,0.13930206011719976
4192,0.16648068099680402
4195,0.13743095918338724
4197,0.1464776430094106
4198,0.14134126469846478
4202,0.13386543683866872
4208,0.13513194857167732
4222,0.140884835750947
4225,0.03147981497185768
4227,0.14196823781782972
4229,0.14392438160265122
4230,0.14153279484804276
4244,0.24075241946683
4247,0.13041526790465507
4249,0.1494517514638438
4258,0.14460068358725323
4266,0.16628902690161926
4283,0.09308704075654145
4286,0.13666864806187862
4287,0.1313519778560952
4289,0.06461041656166189
4291,0.15211531209617582
4292,0.1429825974116023
4296,0.06225356274878632
4309,0.03222871435154362
4323,0.15220191442049716
4324,0.15678322536967362
4327,0.1278632849673015
4328,0.14933413042574256
4330,0.06361332364170644
4334,0.06283513762689891
4338,0.06287799325910728
4341,0.14695889608270143
4343,0.23418341131083864
4349,0.061575841763726095
4366,0.12116416992321798
4367,0.06263982202187904
4373,0.07898333180645829
4374,0.20791624932014582
4384,0.16114088540714488
4390,0.14410657920704223
4403,0.14697167181117532
4409,0.09315609203989145
4419,0.16007924633465173
4427,0.1352905522514094
4428,0.15373586973621367
4429,0.14479398137867194
4430,0.031210242163725643
4431,0.13664339950388943
4433,0.060872871618013816
4434,0.1361820940643161
4442,0.03131730778586175
4444,0.11747413324082848
4456,0.06265196124540685
4457,0.13509874021590362
4459,0.14521390116543909
4463,0.15827831370415715
4465,0.1573604875661859
4466,0.0654367274769071
4469,0.07266611250741382
4486,0.14003200187633752
4488,0.147398613751484
4490,0.14272703097219736
4492,0.1365901484155824
4500,0.06319994435187021
4502,0.15630342020589988
4507,0.13880839314054355
4511,0.14307064795729246
4512,0.14125861841556175
4516,0.13874559605608908
4520,0.135900468439071
4536,0.06345961537819694
4538,0.03235535377017931
4549,0.06265196124540685
4554,0.13828713430338704
4561,0.1522349105360948
4564,0.1247443562372157
4566,0.13774325734432927
4568,0.1533341738953665
4580,0.14341463359856454
4586,0.06335603034915184
4594,0.15211980918314386
4598,0.13651980864328486
4602,0.13874923731425734
4609,0.1454391234464694
4610,0.1369094056552875
4611,0.13992706328176563
4619,0.14917341767758388
4624,0.15546506922672954
4627,0.13599118591224377
4631,0.13588384227340058
4632,0.1492091796142972
4635,0.06253391092752213
4637,0.15283732148556592
4641,0.14574351823240814
4643,0.06440747020827466
4660,0.032845586447326776
4665,0.14679849483835208
4667,0.06253391092752213
4668,0.13837846261436001
4670,0.14163004229599072
4674,0.03287071452297362
4676,0.1441688208130681
4683,0.17755173330130128
4684,0.06340485870940916
4687,0.132926979801465
4704,0.13986060370058256
4706,0.1406778644226212
4732,0.14518789907406665
4734,0.16406014056129686
4735,0.13346627483565865
4744,0.06004138315232407
4755,0.13510378989059205
4759,0.06338508128404974
4762,0.060872871618013816
4765,0.1647806021933527
4767,0.13795145567390463
4775,0.13491491272111367
4780,0.1525384640127531
4789,0.13689722208762323
4794,0.1660916500601747
4795,0.13251275264622148
4797,0.14379594906226234
4803,0.03176729142307188
4810,0.1483192284983775
4812,0.15697304764971273
4814,0.14151143992805346
4818,0.12851712717251518
4820,0.06359453703267484
4822,0.1455642264476901
4827,0.06345961537819694
4828,0.062096879752385564
4831,0.06225957490525272
4839,0.14697569608846875
4841,0.12682238114966454
4842,0.06265196124540685
4844,0.13601156773606526
4852,0.061426317915542754
4861,0.06705095298478496
4863,0.2261173487761828
4878,0.14507737746631288
4881,0.13377792075236528
4883,0.16731684279791156
4884,0.13810488485848255
4890,0.13974073900335943
4894,0.02999104612629894
4895,0.15924735471709972
4898,0.13747904112689424
4899,0.06221922089540461
4901,0.06497819304616716
4902,0.03141032126908091
4919,0.13937765560394233
4934,0.06444538923707463
4937,0.13571809439986157
4939,0.06126565794915077
4945,0.06253391092752213
4952,0.12221550712179305
4953,0.15262280324285776
4954,0.13396289626153265
4955,0.1314203924274224
4967,0.05865389065409224
4970,0.1582865370081453
4979,0.14088749411286794
4983,0.1397124625378487
4989,0.12571371630520708
4995,0.14570138977809127
5004,0.1650722558668791
5007,0.1581853864545035
5009,0.06291467553116112
5010,0.13471178834700115
5016,0.1406483557150034
5033,0.05991193850732795
5038,0.031210242163725643
5045,0.08609242758130455
5049,0.032263061133127394
5051,0.03230271665978921
5055,0.14233127126749046
5058,0.06258041818133082
5059,0.061737261645339846
5073,0.15315765991061261
5074,0.233409653381636
5076,0.1515051248795112
5078,0.06314843344894273
5081,0.13141132753684828
5082,0.12723912424537442
5084,0.03103563027711382
5105,0.14328062839344924
5107,0.15062490949232238
5111,0.07048766400547211
5120,0.061575841763726095
5121,0.12958448068583145
5123,0.1478003879077457
5141,0.13999018151623568
5144,0.1522638852988037
5147,0.1637134862671049
5149,0.030513624360251908
5152,0.05850278199751594
5160,0.13417318985799365
5170,0.1552921268344347
5171,0.14429074576094286
5176,0.16060586787053582
5178,0.1774821684660471
5192,0.060486799999360207
5195,0.06680844410297954
5204,0.14668815977981686
5208,0.1415616346653552
5211,0.08433100595160688
5216,0.061611445666925974
5217,0.1464725128594608
5225,0.15944270897340126
5228,0.16890076190756015
5239,0.031418571609591446
5241,0.06384893455771537
5243,0.14021042272521375
5246,0.14763426933866097
5247,0.1749093382613008
5249,0.05973472693029728
5251,0.17621871089769806
5255,0.14742150928751474
5257,0.16355432913602186
5259,0.07171760328616512
5260,0.14338233457740213
5269,0.15380334015622701
5281,0.14336084635845836
5284,0.14402219213882503
5286,0.06892177126850721
5292,0.06527892048964978
5293,0.13915383356839894
5299,0.1417520405782796
5301,0.13206767980280812
5303,0.09729351304119523
5305,0.1402302616184161
5319,0.09366953776487327
5325,0.061682963313472866
5331,0.1420478209033041
5333,0.08767999422605337
5335,0.13939553948038377
5339,0.10723461234530693
5340,0.1387955756084208
5341,0.12197386385703568
5343,0.07854458020977995
5347,0.1725678904578091
5353,0.154477610001614
5355,0.13780018505600378
5363,0.14146413981437853
5365,0.1516875679540429
5373,0.12784408288090468
5377,0.15298173059208267
5379,0.0634206026783485
5385,0.14943234986318404
5386,0.060872871618013816
5387,0.14142475149586853
5389,0.03359472786556884
5390,0.06472586146432538
5396,0.06306251104774215
5397,0.03195773239789726
5404,0.1375015140833327
5407,0.1501621183600979
5410,0.030949433555787456
5411,0.061737261645339846
5412,0.1297336567026635
5413,0.061575841763726095
5418,0.15287119690710685
5424,0.13476022992832934
5427,0.16064498019035983
5428,0.134423122199955
5433,0.1598912973197573
5441,0.15870425158523302
5448,0.12836319658322146
5456,0.15058061647776116
5460,0.03148295492281233
5465,0.15911592533241736
5468,0.06341508806906329
5470,0.147553127726766
5475,0.13398794588796845
5487,0.15180860594092313
5501,0.06206527834592368
5504,0.13824805513474817
5508,0.14934046921637356
5510,0.0837224776582882
5514,0.062373646738195086
5528,0.14777015258956325
5540,0.1276592224076172
5543,0.12800682253047244
5545,0.13639756230035044
5546,0.14460351368440877
5548,0.06231275679866245
5551,0.24975240621197028
5553,0.1358030182035737
5556,0.14743760445043316
5560,0.14932271184305324
5563,0.14435382112398995
5569,0.0319431099585696
5572,0.06313440498475693
5576,0.06253391092752213
5582,0.1415616346653552
5586,0.06284049829247014
5598,0.03176729142307188
5605,0.14255869458180637
5608,0.1369191381030092
5610,0.1403752324514251
5622,0.06534011086865307
5628,0.15519686215704648
5632,0.14667558756745366
5640,0.0615667484865957
5641,0.07921337066250922
5647,0.06221922089540461
5654,0.16839150331231695
5665,0.1507088721774253
5667,0.1448351661511215
5674,0.07218509805677337
5691,0.1338266035058864
5694,0.14827685630144075
5706,0.14416546553079876
5716,0.07088771767663138
5722,0.06402724986775767
5738,0.14980106034351684
5745,0.1446738430275984
5746,0.06412818854896438
5755,0.15932134084051883
5756,0.03182521164247924
5760,0.15456777008432657
5761,0.1537294645209511
5762,0.0632937573787294
5763,0.0318373844200325
5765,0.16012632067388974
5773,0.15026151710813934
5781,0.14365818859603896
5786,0.15062292146637682
5789,0.15945901068457874
5802,0.13954903676659097
5808,0.1523530435340139
5811,0.12319165351822561
5812,0.25643663261065924
5813,0.14259930617583227
5821,0.15340414306860103
5829,0.16285142587625803
5838,0.13831271447936985
5842,0.172214118838035
5861,0.13470047849297195
5864,0.1347835936425979
5871,0.14905271320568933
5875,0.15068781289992797
5879,0.14672669614700645
5881,0.16022721410576538
5891,0.06267600004270055
5903,0.031210242163725643
5909,0.1464159500935571
5914,0.18211619241324623
5918,0.137205599678749
5933,0.06178679655831504
5945,0.06368836321900696
5948,0.06361332364170644
5949,0.03275872946452659
5950,0.14114944144242164
5952,0.14984928971656067
5955,0.15546155867641848
5959,0.17941318953858498
5961,0.14641608191059532
5964,0.06353998320514946
5966,0.18101096888861992
5978,0.13763383902896778
5980,0.13335521570070843
5983,0.15884070759605906
5985,0.14264712045791328
5995,0.1376781897580952
6009,0.15091966104133722
6016,0.07430837775827041
6021,0.15172599436072298
6023,0.12658223581731332
6029,0.16168800502576783
6033,0.14727811720745956
6036,0.061737261645339846
6039,0.1322751845602119
6046,0.22789714649662338
6047,0.12634677218935128
6051,0.14251705984939145
6054,0.060872871618013816
6061,0.15788239516384164
6065,0.1213255588501622
6068,0.1289633077943765
6069,0.2348376711850744
6070,0.13848907342902206
6072,0.12185352411862374
6076,0.14644031558246193
6082,0.06509342677104764
6104,0.15110292519525997
6110,0.14601001610160486
6122,0.1356059039173223
6123,0.1405225192318613
6126,0.03169511792690289
6128,0.1454518203882575
6131,0.06212332758419104
6139,0.13304781563968546
6140,0.1505170387647573
6142,0.2423443296748382
6143,0.08100172202067825
6147,0.14777324330135477
6152,0.18420558368917106
6164,0.14164634143492613
6171,0.18271856423387214
6173,0.1453043091217003
6175,0.16591071326555668
6176,0.060343916896107845
6179,0.14416303200013367
6181,0.1382968783788454
6191,0.0654367274769071
6200,0.13179090111009487
6201,0.1560457850630393
6208,0.17445085924509976
6219,0.14515925516555025
6223,0.06267600004270055
6224,0.13492053778846774
6237,0.07334332575016717
6255,0.13500396874040765
6265,0.15230118063881767
6273,0.13489085660833314
6279,0.13697473498206783
6284,0.15533962563700643
6295,0.13391587889394932
6306,0.06238324319747499
6311,0.22523011512478477
6327,0.12978775923660094
6330,0.14518116379844273
6338,0.15337140430693424
6343,0.15395860844744622
6345,0.2458960013075813
6351,0.135948773239943
6357,0.06170229612996433
6360,0.14019029770227398
6389,0.06291865750644354
6392,0.15644242850575787
6404,0.14352049610001297
6406,0.062379292851664325
6407,0.15541216926683976
6414,0.06231275679866245
6419,0.14536109282964566
6425,0.1443689158554854
6428,0.05879985374838369
6431,0.13097652833649578
6435,0.14577180569077738
6436,0.06345961537819694
6440,0.10096435746267807
6446,0.13995470000680796
6465,0.1318546801877651
6473,0.1413584688262311
6476,0.06329322243107191
6477,0.11663508425166766
6478,0.15911789965434114
6494,0.132378976468604
6501,0.15399055101269984
6502,0.21984651909671582
6503,0.14895816968682643
6514,0.03148295492281233
6516,0.1338051992276468
6534,0.15483611121107585
6541,0.06294944936757481
6553,0.13897275130555284
6557,0.1277682280276594
6559,0.14744549213454078
6560,0.18155982691894468
6562,0.1374818257591982
6575,0.15453917551184526
6583,0.03158256018716344
6588,0.15919812173257014
6590,0.08026894115672839
6594,0.09809446134812388
6602,0.15697024091560455
6603,0.13723492803847281
6606,0.12843692310128768
6614,0.15656077775325805
6618,0.13060896864754035
6628,0.14865730216586076
6633,0.06253391092752213
6639,0.1210027161297279
6648,0.1509249174515464
6654,0.12437408706613232
6656,0.05664210302944247
6657,0.20561821935113814
6663,0.062228589450100125
6664,0.11390312076127859
6666,0.03269412675927065
6670,0.12668321704308608
6671,0.12543542251235063
6683,0.06249014456161133
6694,0.1399281066347692
6695,0.15515184532378837
6699,0.14308606705906587
6701,0.14085945708064618
6706,0.03148295492281233
6707,0.03186961706271787
6720,0.13727906638519594
6721,0.06513632246713194
6726,0.15163791322704842
6735,0.14600017533633342
6745,0.1456058310304366
6746,0.1275547707169338
6751,0.06186600884353142
6759,0.15647249334883498
6760,0.1154168554968355
6765,0.1461402760456154
6774,0.06517507034015475
6776,0.15286190191249446
6779,0.14497691359947082
6789,0.13768146843755957
6792,0.2525332113989162
6797,0.059054684214030755
6807,0.13959225270369024
6808,0.15292970543254764
6811,0.14604335559189388
6813,0.06594671703961455
6814,0.14570888462789408
6817,0.14396354008438902
6826,0.13978302054959232
6830,0.06474265167968205
6832,0.1566047410074815
6838,0.20138656631849458
6840,0.14047800873376123
6850,0.1299929732995962
6851,0.13816853121010997
6854,0.22690026874712382
6856,0.2007141403996525
6858,0.11527402505725771
6866,0.14117627701084945
6871,0.16475347471361798
6872,0.14341176210551412
6879,0.14858578464961295
6881,0.032024479967037695
6882,0.14335581677506343
6883,0.14317559997655285
6894,0.15658908398278445
6899,0.061737261645339846
6903,0.15657075577337176
6908,0.15604300214416877
6914,0.14803913618489956
6915,0.1467543637148095
6917,0.1526372010076808
6922,0.06280384444033159
6933,0.06345961537819694
6944,0.13870760944516639
6948,0.15993368603837513
6957,0.12748655324714628
6964,0.13901806235848407
6987,0.13268745270708301
6989,0.031210242163725643
6991,0.13451489403229178
6992,0.12095805874920404
7019,0.12537294363636065
7021,0.06191637279583674
7023,0.13336667420898174
7033,0.06345961537819694
7034,0.13961610231474417
7043,0.13552906140698345
7047,0.13295358713093985
7050,0.1234746214437043
7057,0.06359453703267484
7069,0.06420780015824851
7070,0.06609265343297072
7072,0.16348522058750506
7081,0.13304781563968546
7082,0.06432850016645875
7088,0.14394360828843178
7093,0.1591766656599207
7100,0.1449486339199441
7104,0.07744014966355682
7109,0.05789516384644368
7111,0.1554998240538678
7113,0.0328878667791686
7119,0.1244893049486522
7122,0.06165909992519786
7134,0.2685633490430918
7147,0.06411506729633147
7155,0.14101827024522315
7156,0.13849003990513062
7163,0.25447882482717393
7173,0.06334974826930173
7177,0.13906855370294358
7179,0.17005412175002219
7191,0.14931981864054023
7196,0.15833625001229817
7197,0.03176729142307188
7205,0.06265196124540685
7209,0.0640529306401512
7215,0.06487887380077025
7216,0.09293085728005702
7217,0.14583763619449344
7224,0.13992864605590696
7230,0.15471832921696171
7235,0.17918429715716697
7237,0.17206934635586268
7245,0.1501621183600979
7246,0.12682238114966454
7252,0.07077727559530575
7257,0.13707357066278483
7258,0.14009345307694956
7261,0.10651756503740294
7269,0.13568111787853898
7270,0.13997272586569068
7283,0.1477407356397958
7299,0.1361537982166246
7301,0.061737261645339846
7304,0.14027961048926
7311,0.16457447603699152
7314,0.1525439288393905
7332,0.13885187259245096
7333,0.14888470305057283
7335,0.15501686825137947
7336,0.06517183935194652
7337,0.16163943817838505
7344,0.12665575800370202
7348,0.15118439602460992
7351,0.1346308862354497
7352,0.06660583708172618
7371,0.14735884620198117
7373,0.1388191675054063
7376,0.08104831087430106
7383,0.2295332866197797
7390,0.06280384444033159
7391,0.0642618868056885
7392,0.14006913924228523
7395,0.03260142050114195
7400,0.13863413594961307
7403,0.14048774600249464
7404,0.14078302725330724
7414,0.13411083799992957
7429,0.14884205222465655
7435,0.14980146890159973
7436,0.13593360822545383
7438,0.1338794570239449
7441,0.040286852763384194
7443,0.24401214203051327
7444,0.17895472829405454
7452,0.08104831087430106
7456,0.12294101763953744
7462,0.07417379758135524
7483,0.09431662182832916
7490,0.1437509776962119
7492,0.14929975509539847
7504,0.0709254365937119
7507,0.13936857893725182
7511,0.061737261645339846
7519,0.1471938059171185
7520,0.26793917101351944
7522,0.058540876076327436
7530,0.03313065176346653
7536,0.14297963434974822
7541,0.14735884620198117
7543,0.06284049829247014
7545,0.15118439602460992
7558,0.15840363935598217
7560,0.1462431887375726
7561,0.13870109318343382
7571,0.1383927659823588
7579,0.13823262237616463
7580,0.11832785240883734
7581,0.14463281658362953
7586,0.13723680352461884
7590,0.17917931754504138
7592,0.14223440735935858
7594,0.1376367548436869
7595,0.16106931975822908
7601,0.13733329841736816
7602,0.1466957841071868
7603,0.13936811599492477
7611,0.14076436086487532
7617,0.031210242163725643
7618,0.1603201469120395
7619,0.14417750886694464
7625,0.060793295881673114
7628,0.13979586369124
7630,0.031689430995988525
7631,0.03182521164247924
7633,0.1544089297524096
7634,0.1398176216209852
7641,0.16557305793226018
7642,0.15318554984114402
7646,0.11746792351200713
7662,0.15793592550358088
7666,0.1393345849957759
7674,0.11659798932259445
7676,0.1333772972268377
7679,0.15439717666001043
7681,0.14328191592687786
7686,0.03752200695022511
7696,0.19340392674697546
7707,0.06241604950247298
7708,0.06117113842059232
7712,0.061783215468045244
7715,0.14429132023687685
7716,0.06502436494417436
7717,0.1749093382613008
7719,0.06225356274878632
7723,0.06819043819157415
7726,0.15273715770394905
7734,0.18160528280684596
7739,0.08359895291645009
7743,0.1491650946026689
7751,0.06231275679866245
7752,0.15359214828201284
7755,0.14289522269583627
7758,0.03222871435154362
7761,0.15309255305304245
7767,0.06273314305407761
7773,0.12116416992321798
7779,0.06706821437747244
7785,0.06905090977389525
7792,0.06306251104774215
7800,0.1452906235318776
7801,0.13096380298239368
7802,0.13343338888216924
7808,0.16590220683748394
7811,0.13767078645856085
7816,0.06260796275372241
7822,0.06526770917178012
7823,0.06372548610294726
7832,0.13947821254865253
7833,0.1447000257976575
7838,0.06287799325910728
7840,0.13533230012258446
7857,0.14876151997053008
7877,0.06265196124540685
7885,0.23225650609573453
7900,0.1364822769271241
7907,0.14129920787247538
7910,0.06165909992519786
7918,0.1612669113067408
7919,0.06849002186916132
7928,0.138936198423456
7933,0.14996033610315518
7941,0.13208004286430428
7947,0.07654931958758142
7955,0.14503768437271813
7956,0.15021002335716951
7957,0.1341773961521281
7964,0.1497788842801305
7968,0.14776266418430128
7980,0.06280384444033159
8004,0.2620932727854641
8016,0.1509188007279737
8017,0.06253391092752213
8024,0.1768655024623041
8031,0.13119549929766713
8032,0.062300372267676436
8035,0.1391971358272862
8036,0.142660948423543
8037,0.06357016264978581
8052,0.14010186758765142
8055,0.0636020982236962
8059,0.14618374159346542
8063,0.1322542048682506
8064,0.143675861708988
8068,0.14000728877438356
8070,0.06432850016645875
8072,0.1537277346335101
8085,0.1607391271447225
8089,0.1392295524100153
8097,0.03276933213858661
8100,0.15028810260158243
8102,0.14997844666362842
8105,0.061737261645339846
8114,0.1333772972268377
8117,0.14452037220495895
8120,0.1360274477551192
8126,0.13965408772977758
8128,0.07206799053222672
8135,0.06460495406137945
8137,0.13839572146082904
8148,0.08804635569236434
8169,0.061737261645339846
8173,0.0618102342628544
8178,0.14137992288129494
8179,0.23096386385309103
8182,0.031269444791319566
8184,0.12911761936906216
8186,0.14238136375730018
8189,0.14667206386294387
8196,0.15094958649413445
8216,0.14600701867826718
8219,0.14675536109784063
8221,0.13986614282044663
8227,0.06768835329443139
8232,0.13771908914926576
8245,0.13677440671534524
8248,0.1371844660006003
8249,0.15461188927031352
8250,0.1419930753430247
8256,0.03176729142307188
8258,0.15880745399357568
8259,0.03148295492281233
8268,0.13541433304303113
8271,0.13467456801388536
8273,0.14286493920530505
8275,0.14306038127059761
8277,0.15420080408774675
8283,0.13937612421988493
8288,0.06253391092752213
8299,0.06280384444033159
8300,0.133459384178896
8301,0.06253391092752213
8307,0.15485683316811927
8315,0.14878575583568326
8324,0.11656700202273831
8326,0.13868821840243986
8351,0.06210740434382114
8367,0.03282354009006092
8368,0.1444428387042332
8371,0.19649507269646224
8383,0.13543679831455954
8386,0.14628975216062973
8402,0.061737261645339846
8404,0.14438202745047934
8421,0.1556716291581621
8422,0.06365773733649567
8425,0.16696059709815309
8429,0.14228824740846296
8433,0.15957643831826798
8437,0.13613632652986482
8440,0.06178817858840418
8455,0.16979957863919445
8479,0.1756742227295633
8482,0.0623921037702474
8485,0.15876379692455922
8489,0.06371706261547122
8490,0.03109415194426747
8492,0.060486799999360207
8496,0.1430825216343106
8497,0.14732893244610892
8498,0.13583700749380864
8500,0.14689584367182873
8501,0.14803200357246105
8508,0.15801184451472625
8512,0.17613954737763987
8522,0.17495040491959793
8536,0.06023732336790378
8545,0.1390911732071713
8546,0.13552906140698345
8554,0.14262918938746896
8556,0.1387967473376742
8557,0.14548894710428464
8559,0.1377448658350743
8560,0.14352929577600637
8563,0.14236616700675933
8565,0.14277603297648064
8574,0.12420157341541922
8578,0.06465186040506897
8585,0.05994649057533224
8602,0.16751137942128355
8605,0.08786238658916229
8609,0.13783698604629258
8614,0.08438554645280309
8619,0.1444851689084788
8629,0.1436058943338038
8632,0.16323731306828276
8635,0.06152829100778678
8639,0.03203322273553737
8642,0.0666005799676464
8643,0.13666054499194089
8655,0.146212931056661
8657,0.13841773532585855
8662,0.14623983484358263
8666,0.16259377460544636
8674,0.06265196124540685
8676,0.14958690954902207
8686,0.14247141204842506
8691,0.1276592224076172
8702,0.14751551486026138
8714,0.06292175415133154
8718,0.14210741047553377
8731,0.1508623612086141
8738,0.1486855853068208
8745,0.031687928409027386
8749,0.1402373274323965
8754,0.14015497648053402
8760,0.13948921567704078
8762,0.0631836689178388
8767,0.03554129377039283
8768,0.14908356623488722
8769,0.031687928409027386
8771,0.1478251166867334
8795,0.1270470472352119
8796,0.06335672154438188
8811,0.14143716937303993
8815,0.16924347992568575
8820,0.14379230849311442
8825,0.14692051621140786
8832,0.12359665817521753
8839,0.06549628202891798
8841,0.1567091590859873
8848,0.13856199153701174
8849,0.06753371323948759
8856,0.14476168230381775
8875,0.14211821194242616
8879,0.06345961537819694
8882,0.13636542882936398
8885,0.1425144798095115
8892,0.13662313530860462
8897,0.1472928881588128
8905,0.06174117401001067
8921,0.0627954096939854
8928,0.1325302072516634
8935,0.1368049782428612
8939,0.06622776069190836
8941,0.1416386170870522
8942,0.031210242163725643
8949,0.13041526790465507
8951,0.0631200553973658
8958,0.1460532215069635
8964,0.06280384444033159
8972,0.03250686662518391
8978,0.16629806261422708
8979,0.07514975026171798
8988,0.15627840271588103
8997,0.13691695180462268
8998,0.03148295492281233
8999,0.14486561017237107
9006,0.06299963710610515
9012,0.1678981818820367
9024,0.1389960409126191
9026,0.13574978417869443
9030,0.1414357456079819
9034,0.06249014456161133
9036,0.15790992831517253
9038,0.06327810728131956
9040,0.15135262374487313
9041,0.0654367274769071
9042,0.06411126633574807
9046,0.06432099322873332
9051,0.15662952612338676
9054,0.1631733691338061
9057,0.06225957490525272
9062,0.06487887380077025
9072,0.1431878169036937
9075,0.13352998055736587
9079,0.14252160018175986
9081,0.06364957669207658
9091,0.13520131134178828
9110,0.061611445666925974
9113,0.1558463832653658
9116,0.1463696046133083
9120,0.0654367274769071
9126,0.15790301536956156
9133,0.13625899538541553
9135,0.15793592550358088
9144,0.11576819770735969
9146,0.14862123728796994
9153,0.13195358934814252
9155,0.06316326745718784
9160,0.07458437662471676
9165,0.14608909068486212
9172,0.15632986342895472
9174,0.061737261645339846
9179,0.06337416824552325
9180,0.13287873974678746
9195,0.26693519086048534
9199,0.13135280007977668
9204,0.09809446134812388
9205,0.03235103189081949
9210,0.14137687630026322
9228,0.13059190716832703
9233,0.15799372390552147
9235,0.14428893412059268
9237,0.06306251104774215
9239,0.06361332364170644
9240,0.06140268507225019
9241,0.23884624533121532
9242,0.13811981541189433
9246,0.06280384444033159
9248,0.14514100285267573
9253,0.13833543367266488
9254,0.1406042190754088
9260,0.12798213893370042
9261,0.03273749367932103
9262,0.14404099296366993
9263,0.16646879582091767
9268,0.14302865681480428
9275,0.06361332364170644
9278,0.1352673220832065
9287,0.14238446255068288
9292,0.14912685740634646
9308,0.15541770046898226
9309,0.1486619166077544
9310,0.16346780358576282
9312,0.07207406090657674
9314,0.0631836689178388
9316,0.031687928409027386
9318,0.14063808330074795
9322,0.16207934766120197
9325,0.15687845670648565
9327,0.14560159911355633
9336,0.13295358713093985
9340,0.15364437554524701
9342,0.15423778581314868
9346,0.13335548482036555
9351,0.22020118306997263
9357,0.1325883080931342
9372,0.1429344048200453
9374,0.062149931882860984
9378,0.22275625824113407
9385,0.07705179557519932
9413,0.06381146805643552
9418,0.14699245063731253
9420,0.13974867846029312
9422,0.06306251104774215
9423,0.13394821438381926
9425,0.1369317434513977
9426,0.1649768284753729
9434,0.15366424788740177
9436,0.12265640432176603
9439,0.06148094917121398
9446,0.06479485742151894
9460,0.14568173270658738
9461,0.14608909068486212
9467,0.143649107475303
9472,0.14746538100332196
9483,0.1258326138900222
9485,0.1439350061497599
9492,0.06859491681036829
9500,0.13441851321082696
9507,0.14166746572660946
9514,0.15116329917114898
9516,0.15906264805169168
9520,0.07934901396883676
9542,0.1288580678837413
9544,0.23461453973466836
9548,0.14862254478447937
9556,0.06985707237764724
9558,0.1588551696196862
9565,0.1523316152004288
9571,0.1453352915429086
9575,0.14271048571463762
9587,0.13620736904985087
9602,0.17053328019459554
9609,0.06192235453840064
9618,0.09702760359294971
9622,0.14664946916295718
9624,0.14300777459068592
9648,0.14055499615762862
9658,0.1512203469856966
9668,0.14089050652007293
9702,0.03259557300986083
9705,0.14199761692278812
9706,0.06252440539692479
9707,0.15480051189453975
9708,0.08023283914786265
9710,0.16067249369343817
9726,0.15187525850594055
9753,0.06280384444033159
9757,0.0951917251024433
9761,0.062180795740425
9765,0.224929405776152
9768,0.17894442599179577
9769,0.1491941158781139
9775,0.031687928409027386
9778,0.15031336130485082
9788,0.08573850159551423
9789,0.1579225490395425
9792,0.14389787920067107
9815,0.1304932305873581
9816,0.06411126633574807
9822,0.061737261645339846
9823,0.15820157830146073
9827,0.12410702202816931
9835,0.14501772367575513
9840,0.060235273001334765
9841,0.1373559987309551
9849,0.14078314569530812
9853,0.14276648890365082
9869,0.0639513043878028
9873,0.06036336842076676
9881,0.03133156333082764
9892,0.1472083567857291
9898,0.1448110773497875
9899,0.15072986600725133
9915,0.13916556643261574
9936,0.18066312333102463
9940,0.14423462637330253
9941,0.033145369518380166
9947,0.03176729142307188
9957,0.1379952936677457
9962,0.06311633264276993
9963,0.1384913338173715
9964,0.14325754784367978
9965,0.14711382682280544
9968,0.15288197488363858
9971,0.10745038925778762
9973,0.15903320664111487
9980,0.06274207980790443
10002,0.19606942026685667
10005,0.06357016264978581
10007,0.12494002407239756
10010,0.15630342020589988
10013,0.1453250183362669
10014,0.06214738106002948
10017,0.14441612377950303
10024,0.14692051621140786
10030,0.09063926397668026
10037,0.1552665355861052
10046,0.0958220717958753
10051,0.13520511037492633
10063,0.1475880218599944
10067,0.13653334250232982
10073,0.06370538020439039
10096,0.06256543831204152
10099,0.06375546763331523
10100,0.062096879752385564
10101,0.14978902052714504
10103,0.062379292851664325
10110,0.1508531775210955
10113,0.14546695483587327
10116,0.06043051022573217
10124,0.1649726917035853
10127,0.12140615983712069
10129,0.1768655024623041
10139,0.1584042238753471
10140,0.18290145011094353
10145,0.24064760254576245
10149,0.09442269991205761
10151,0.17128958935334668
10165,0.046158301817278306
10166,0.059054684214030755
10168,0.14518603491643206
10174,0.07476287960341353
10186,0.06645476462838314
10189,0.1381342458017076
10193,0.1481125342602315
10197,0.06280384444033159
10201,0.13608586874801054
10206,0.15145592251896925
10211,0.12774370464205612
10216,0.1378707393087666
10224,0.13552017038222453
10234,0.1671798918857884
10236,0.13706435560615007
10239,0.15011489177012763
10247,0.06502436494417436
10250,0.03155217543154788
10253,0.15155600921715623
10254,0.13617365453170457
10263,0.1544710761645048
10264,0.16278576623628516
10265,0.14680539885005492
10275,0.03188896793210605
10280,0.14028094652131629
10286,0.1529637666610439
10287,0.17680289961679296
10293,0.1438969680439399
10294,0.1420478209033041
10303,0.06225356274878632
10308,0.15499277741506373
10311,0.1435358356415143
10318,0.15238739442773197
10323,0.1603509701977489
10324,0.13649488995870745
10327,0.12099431684918718
10330,0.14747329003171472
10331,0.13467684941768207
10333,0.06253391092752213
10334,0.16156971711551452
10335,0.15262303604441657
10338,0.14362147012903986
10339,0.1404107075751012
10348,0.06263108092424158
10354,0.2586282616933446
10356,0.1288971864235129
10367,0.06601398186801306
10375,0.13540234922542366
10384,0.14939378307355447
10386,0.06420028747206573
10389,0.14121687187719015
10393,0.13237185915841004
10404,0.14394788351013085
10408,0.061737261645339846
10416,0.1400518963240165
10434,0.1656937257140091
10448,0.16690655369171215
10449,0.06594671703961455
10452,0.058540876076327436
10453,0.1468260814474399
10454,0.15629140444242565
10461,0.12969959148073307
10462,0.03176729142307188
10472,0.06452059814697822
10474,0.16767102824764937
10476,0.1495061205382071
10478,0.06221922089540461
10483,0.08404645052809094
10492,0.13136024645573852
10493,0.17562653696213942
10499,0.0638120295475223
10501,0.03315255667900176
10509,0.137096460858649
10512,0.14042472529895253
10513,0.12140368445107827
10516,0.13734376460836653
10517,0.14422743550070338
10525,0.1392935889220861
10529,0.12558670305750247
10532,0.14538539299753364
10537,0.13863413594961307
10541,0.15487752172898026
10545,0.11427395612638773
10548,0.1245719149883203
10552,0.059632169449787505
10554,0.16247734648790602
10557,0.14099136235250764
10564,0.15255518482141303
10574,0.05850278199751594
10591,0.13959603161705864
10596,0.1413561048797763
10600,0.18736347517335497
10606,0.03176729142307188
10611,0.13271898023801587
10622,0.03305323382583172
10626,0.13263889410155805
10629,0.06934882603776558
10630,0.13976243551803183
10631,0.14994613811733642
10633,0.06212332758419104
10638,0.15152881251073944
10639,0.1896883331735918
10640,0.07794537621150852
10657,0.15765187501498154
10663,0.13879210858329197
10664,0.1395287007073104
10667,0.13902207266751768
10671,0.14232188459725192
10672,0.1364510385826218
10675,0.13855061377077163
10679,0.1552974487007853
10681,0.13864853147890627
10683,0.06231275679866245
10688,0.12904559363031698
10701,0.16625332741404428
10704,0.14800788402506646
10709,0.16732476747523345
10715,0.14166454839955614
10718,0.06265196124540685
10724,0.1374140607228224
10731,0.06379826375636838
10733,0.13694857829332688
10737,0.13939553948038377
10744,0.03148295492281233
10750,0.09672738864042826
10770,0.12879696914404565
10776,0.14879941821436493
10780,0.03207112059526821
10782,0.2506435508201861
10789,0.15118179404892065
10793,0.15873523121885727
10795,0.16797112279021953
10807,0.13596426132098638
10813,0.13698994962811026
10815,0.13682328889348855
10817,0.13985369142344872
10819,0.13391382807290106
10824,0.14977029999531247
10828,0.16225424801764926
10830,0.06332072230076657
10832,0.14332125364293077
10836,0.16129518546738128
10839,0.1517952553329199
10843,0.1364853217564044
10844,0.13450702558688726
10866,0.2428013081433091
10872,0.1253563807659018
10873,0.06238001154508576
10878,0.23033094433487578
10889,0.06401418017343061
10899,0.15935388412127838
10901,0.15780251555226057
10904,0.16080810620272604
10910,0.14057256260882706
10911,0.13158584652196953
10917,0.1295124628743118
10920,0.15143767301401817
10921,0.03154548380049105
10922,0.0644774651874597
10929,0.06252440539692479
10930,0.03250686662518391
10933,0.14422136618285447
10934,0.05691810266234185
10939,0.14583763619449344
10942,0.03265216587607685
10943,0.032148135569227264
10945,0.16359623143911928
10946,0.13736139310288142
10949,0.09096224426458584
10951,0.13214090902195716
10952,0.15656077775325805
10953,0.06225957490525272
10955,0.061737261645339846
10956,0.15709447973969082
10959,0.15482162875903094
10963,0.06361332364170644
10965,0.14123028743431223
10971,0.0639513043878028
10975,0.15807485069582075
10979,0.12989934948776669
10983,0.14061904455252308
10984,0.13104022537378965
10989,0.062379292851664325
10992,0.13173101263951173
11001,0.06281152278094719
11003,0.06226351817303924
11004,0.06276825733911655
11008,0.05907603702217766
11016,0.06345961537819694
11017,0.03154548380049105
11021,0.17176904585671224
11028,0.22274783445020327
11034,0.15306469419656937
11035,0.06300291030227834
11036,0.07269369563236731
11041,0.12973349020357422
11047,0.19524604361717166
11056,0.18093397285478133
11058,0.1425357048825138
11059,0.08730220659990737
11060,0.09389612629990587
11064,0.14139303889670887
11066,0.06586244497536192
11069,0.14473006945991004
11071,0.13435914040770416
11072,0.14912383694177064
11077,0.13689626443376507
11080,0.12480809876344094
11092,0.13356996438387714
11097,0.061426317915542754
11098,0.1419280538852514
11114,0.12538926713592033
11121,0.03197432399255268
11124,0.14722853850857678
11131,0.14416996618531935
11143,0.16798018560710135
11146,0.07626555184160393
11154,0.14031437855275583
11164,0.15580833663287924
11172,0.14405807178374985
11173,0.06578354478349063
11174,0.11974907978688079
11175,0.14137162982048426
11180,0.14912920409238542
11184,0.06133156671772271
11188,0.13126725735387157
11189,0.06747443633455338
11190,0.07907820061147802
11197,0.032628113537447725
11201,0.16013640491455403
11204,0.15143767301401817
11211,0.1383812300458112
11212,0.14846689188244264
11218,0.14262918938746896
11219,0.13662313530860462
11227,0.1408048586726916
11241,0.14393286256348237
11251,0.06444175918988644
11254,0.06248830904640317
11260,0.07743954264507338
11264,0.13179432997372512
11273,0.06382789418673322
11276,0.03554129377039283
11278,0.058540876076327436
11282,0.1555545740358729
11283,0.13937876350720152
11291,0.1519117075012139
11293,0.15401503543707504
11302,0.16310982065970156
11304,0.06530487471358874
11305,0.14895349324846355
11315,0.15067319146357633
11321,0.09524893679789229
11325,0.1507274666161258
11335,0.14592551851858343
11341,0.1410199745729851
11343,0.14598606987797427
11344,0.16468211131246946
11361,0.14379150902600255
11375,0.1335792626442534
11377,0.06505870030419401
11379,0.17785255589326832
11380,0.1508623612086141
11391,0.1406042190754088
11393,0.1544845911104782
11394,0.16207953288070517
11398,0.14835031994040912
11399,0.1442114576794744
11408,0.12948198158981894
11412,0.1384650007773115
11420,0.14359876777143735
11421,0.16387605037709196
11430,0.06421966592453195
11437,0.13828017761676428
11446,0.24737231092726691
11471,0.13317978389974255
11472,0.1439860700473049
11475,0.06316820699508303
11483,0.13861732270479163
11492,0.14137992288129494
11497,0.1389127753267708
11498,0.10530519795610545
11502,0.14109508221341496
11504,0.2400046173271801
11511,0.20944642825075974
11512,0.1365291168244326
11514,0.06253391092752213
11522,0.15043825885073897
11524,0.14247047933371126
11533,0.15332510296575666
11534,0.0742068978781454
11541,0.13358357208171107
11542,0.1284328078611182
11547,0.1226203137222931
11548,0.07392845394758352
11566,0.16794249651142112
11572,0.14630211849699182
11574,0.0963378474768286
11576,0.1410535273795116
11577,0.06238324319747499
11580,0.13437805857190416
11598,0.06372548610294726
11603,0.13839836899765948
11613,0.1576617008860414
11614,0.13849702460813254
11620,0.14070696433982607
11621,0.15637481462859365
11622,0.03176729142307188
11626,0.06306251104774215
11630,0.15367428783454712
11636,0.14529213203163216
11637,0.06411126633574807
11639,0.07976618270466486
11647,0.14132421242846185
11653,0.13482289827550747
11654,0.06263982202187904
11660,0.12030396466931119
11664,0.15438973694518168
11667,0.14655258990526857
11679,0.12068275064965013
11687,0.1492545605529492
11691,0.06303495703242229
11696,0.14522807850096972
11702,0.18487387213319487
11703,0.06375208728723296
11705,0.1590138477294776
11711,0.14195795732193944
11716,0.09310917502721994
11717,0.15661371632586407
11722,0.0625378704118747
11724,0.14220431975917514
11728,0.16056226794030784
11737,0.1293352571792179
11738,0.13946944725610086
11744,0.13802887754771115
11747,0.03176729142307188
11753,0.0631836689178388
11757,0.15340487554060844
11758,0.06905090977389525
11760,0.07803156425633288
11762,0.1351240712426142
11764,0.14015566057652512
11768,0.06431716963810906
11773,0.0644054048708678
11774,0.16022721410576538
11783,0.124476386831855
11785,0.09537407042752652
11787,0.1539820407737888
11791,0.13714953874044475
11796,0.06265196124540685
11797,0.07475973092112181
11798,0.03276933213858661
11803,0.0631836689178388
11808,0.13910592858519172
11810,0.14031437855275583
11814,0.14126276058043005
11822,0.14407133629415536
11824,0.06311633264276993
11829,0.15249059979255689
11846,0.15084336258271694
11847,0.1378272152939321
11850,0.23886844161249282
11853,0.0636358599385523
11854,0.06616013596906505
11857,0.13847978642064648
11862,0.13099356061152248
11883,0.06515416021764746
11890,0.13653700568576027
11909,0.03096466756963889
11913,0.15739495009158952
11917,0.1499807107338963
11919,0.13063509965072054
11920,0.06386901877027738
11921,0.13194144360960092
11928,0.12537801558627393
11929,0.17005412175002219
11935,0.06265196124540685
11936,0.03270975172030604
11939,0.06231275679866245
11942,0.0627691050580206
11943,0.1369317434513977
11946,0.14045505305047018
11947,0.13106742714001873
11952,0.17813758759085208
11956,0.1441002611781335
11959,0.24572416095911345
11969,0.13992764100984262
11973,0.15465501213132832
11974,0.13815694340742676
11975,0.1469714203766877
11993,0.1589107845560616
11994,0.15429691620064095
11995,0.07825806705298748
12002,0.14969238543305477
12006,0.09186929298203678
12007,0.12998514203884323
12014,0.15047474816587825
12017,0.19459578767518312
12021,0.14838477018169183
12023,0.15849090642265481
12024,0.13863578679824992
12027,0.1710133888350632
12034,0.1418274956715069
12040,0.131005419098899
12048,0.13346648480399326
12052,0.0675534931694504
12057,0.1525439288393905
12058,0.18535131256810858
12061,0.13585531648999308
12062,0.13537570366326065
12064,0.06475148124448409
12071,0.1436509027746191
12080,0.1983690684683142
12085,0.06192235453840064
12090,0.1598912973197573
12100,0.14351443845410233
12103,0.1522446534564973
12104,0.13903564732944604
12109,0.03230271665978921
12114,0.14473809176873068
12123,0.06477864257291745
12124,0.06345961537819694
12128,0.24257904738549071
12132,0.13882506726403546
12135,0.13433366574980865
12140,0.25872823231162334
12149,0.061737261645339846
12155,0.13645776670276413
12158,0.15580603700923734
12161,0.1672435749673198
12163,0.15459308313528494
12164,0.14356602423157103
12174,0.06280384444033159
12175,0.13804829766339816
12179,0.22487431103664882
12183,0.14313843753160774
12184,0.1560859793871654
12186,0.06280384444033159
12190,0.13961359485812155
12193,0.1576617008860414
12195,0.06165909992519786
12196,0.05851949014115571
12205,0.14507282237937527
12213,0.15716121306644565
12220,0.15901314974667666
12221,0.14338809158803734
12222,0.0638120295475223
12224,0.14118631657912217
12230,0.13672893382341483
12239,0.13198575082272135
12242,0.1350081156410891
12244,0.14286645517437851
12245,0.15101535805779315
12247,0.1439651904451995
12254,0.16210364472749078
12258,0.14101787688384704
12266,0.06401418017343061
12267,0.14468799828457668
12272,0.16312689875973768
12273,0.14839440822735814
12276,0.1548411943709314
12277,0.14019029770227398
12283,0.14280234070046838
12289,0.061737261645339846
12297,0.14370864806080677
12300,0.27255217692277156
12302,0.06450649567296625
12310,0.06920806308243446
12312,0.14045634661793474
12314,0.060872871618013816
12315,0.03155867374931132
12327,0.129824150193758
12329,0.14499288686960352
12332,0.14106883637589065
12342,0.0652635873663596
12346,0.14729726671029678
12347,0.25320735687828233
12349,0.06306251104774215
12350,0.13267047621602393
12354,0.14173735815016045
12356,0.03174500512062282
12359,0.133170900438491
12360,0.1527487110681062
12369,0.14642920855341485
12372,0.06265196124540685
12373,0.03155191580652488
12375,0.15770099041511793
12376,0.15851520067300087
12379,0.06467320226371753
12382,0.14491155427130675
12387,0.06741953536999522
12389,0.14362147012903986
12394,0.16941118029320476
12395,0.14739874871107414
12396,0.15814362802607587
12404,0.16044249589999676
12405,0.14742079289666382
12412,0.26010455412764316
12419,0.12590240254730922
12431,0.13074157007756096
12440,0.15112368897511538
12444,0.1684969086170519
12447,0.06265196124540685
12452,0.12697425261398243
12454,0.14805180302986445
12456,0.14716764938169455
12461,0.06483425221542861
12469,0.14491724372894932
12472,0.07337699396119139
12473,0.06226504183343823
12474,0.14167153429662582
12476,0.1558463832653658
12479,0.21478722376140674
12481,0.14116910071401528
12487,0.06523708984614608
12493,0.14312791146695583
12501,0.1500383281817046
12504,0.1434003497749577
12507,0.1384650007773115
12510,0.13770244380154767
12512,0.2600850634321724
12520,0.14650544344925648
12526,0.14255122461510644
12529,0.14125992359265827
12532,0.1299822664365155
12533,0.1541462696132716
12544,0.22946737326772337
12546,0.14163310528158699
12551,0.1490350587193935
12555,0.2401044643375891
12576,0.12958358856634775
12581,0.14668815977981686
12588,0.14912920409238542
12593,0.07921337066250922
12594,0.12558995815802465
12598,0.13364332595920023
12599,0.15456777008432657
12601,0.13749375362140526
12610,0.16816999308755648
12622,0.062274510552525364
12624,0.13909087955150864
12625,0.13487316610179076
12629,0.34883536828601813
12632,0.03188896793210605
12634,0.031687928409027386
12635,0.1441253268434038
12638,0.15344228382014227
12640,0.031989304548137865
12641,0.14320259132570873
12643,0.14554864306626536
12644,0.06266175435110748
12647,0.13054271324913122
12651,0.16572996927245323
12657,0.14719895485841444
12658,0.1445820438477638
12660,0.14047043066222378
12661,0.12922773657808503
12666,0.14171936442109637
12673,0.09389612629990587
12678,0.14174357396443335
12681,0.15583367938093265
12682,0.23808261489514587
12684,0.058600717764001393
12689,0.14564912276579042
12699,0.1504427796908721
12701,0.1422288346486948
12710,0.07880369372821999
12712,0.1477370574170119
12713,0.14936029113678873
12715,0.1374551935031781
12716,0.13653469405427068
12717,0.14195743148488632
12718,0.14963577962366198
12720,0.12154667061918843
12724,0.14459617459870597
12725,0.15867115071635504
12726,0.13476022992832934
12741,0.1453043091217003
12742,0.17355134016825416
12743,0.1635441540230078
12748,0.12987843085448966
12749,0.06140268507225019
12751,0.14883587058426254
12752,0.15185824832823008
12756,0.13869401633428927
12760,0.14164634143492613
12761,0.14410657920704223
12764,0.1478441936111957
12767,0.06401418017343061
12774,0.14486385291730236
12782,0.07081318834887088
12783,0.25243705924934073
12784,0.13559167019031243
12785,0.14178303435145514
12787,0.1733438811088808
12798,0.1365291168244326
12805,0.13677954660178732
12806,0.14541843286669426
12809,0.11856564218523054
12815,0.14082571618201845
12820,0.031989304548137865
12824,0.10756621358777867
12829,0.13465158505230407
12833,0.1398861826223874
12841,0.14362021362553978
12843,0.1031828144585613
12847,0.13835679357019623
12848,0.14158597645204016
12849,0.14112179283298235
12852,0.14177957459147897
12855,0.14693482841554903
12864,0.1485265076877502
12872,0.06461814463561816
12873,0.1498593497478311
12874,0.15608645184290615
12877,0.24386247725081636
12879,0.138724776498046
12885,0.135900468439071
12893,0.14003279439029112
12894,0.17235435373462907
12895,0.22875000372150706
12901,0.06280384444033159
12912,0.1282506276068046
12919,0.1475756315481131
12924,0.13269168302532725
12929,0.14062681820047812
12931,0.14376665972938207
12945,0.13027919297872834
12958,0.03216741442638726
12962,0.15662655180590287
12964,0.1527138989570169
12974,0.14878210684528803
12976,0.032367280847893073
12980,0.13535593264941934
12984,0.1390671230446537
12987,0.07696658428147844
12991,0.14155052682334104
12995,0.13256590256814457
13001,0.22995975546118996
13005,0.14230261521049542
13006,0.15103421680663123
13015,0.14224392735328753
13017,0.14276648890365082
13033,0.1511132540799847
13034,0.14447238341973387
13035,0.1423124000065382
13038,0.21695549797895453
13044,0.06262130368561707
13045,0.13991931607686628
13052,0.06443115654960728
13059,0.14256151018510527
13060,0.061575841763726095
13061,0.14095202350623945
13066,0.2438955290334048
13080,0.22369842015815622
13082,0.15540007122133542
13105,0.15619100687391682
13106,0.23326085297313076
13121,0.1753671829320501
13123,0.15024878006628617
13125,0.06248830904640317
13129,0.1408910970684103
13130,0.09741672694615996
13132,0.17368848255439306
13133,0.13913810373775662
13135,0.16012474047848352
13141,0.13342912201941567
13145,0.24348319213674577
13149,0.06427449178432947
13153,0.15075432714538228
13158,0.14114942130802502
13159,0.14091423000986303
13169,0.35372289872044377
13170,0.13831713778394125
13178,0.14310060749066608
13179,0.06518159947413461
13180,0.1411318530096723
13181,0.14193963503106785
13183,0.06421966592453195
13196,0.14235546424983184
13200,0.1610946596960149
13202,0.06363450327043961
13204,0.06345961537819694
13208,0.14185249923893956
13212,0.1441857893235239
13213,0.14119924021536123
13218,0.1446902471821219
13225,0.12602260702026513
13229,0.13725241970158347
13232,0.1441795478905037
13233,0.15450576567721322
13234,0.03389497261202231
13249,0.06386952330039501
13253,0.14844013460210911
13255,0.1572846302315148
13257,0.2284534909051885
13266,0.060463505335504424
13269,0.06361332364170644
13270,0.1538588260336896
13274,0.1455682118251295
13281,0.14230584899866616
13287,0.09697786354219089
13305,0.14084219035158857
13308,0.057844655249888015
13309,0.06469429900013451
13310,0.17366383770442953
13314,0.14630211849699182
13315,0.04556129763096509
13324,0.12427880133100801
13326,0.14751551486026138
13333,0.16548596684625616
13336,0.0955293503191823
13345,0.1392594584075558
13348,0.1582784329627422
13350,0.22508053416719614
13354,0.1560158607414337
13360,0.1426496857225193
13364,0.15134780235128623
13366,0.15026201807715917
13368,0.1433120373993386
13375,0.09395458950428967
13376,0.13194925307835553
13380,0.11810750504595853
13382,0.03176729142307188
13384,0.15755122838652322
13387,0.15238871746807112
13390,0.0737823531917603
13398,0.15047966822476447
13403,0.12210513268589153
13404,0.09469601313892236
13405,0.13420365796162076
13409,0.16857166564646112
13411,0.1352905522514094
13414,0.1494517514638438
13416,0.13612483084365215
13417,0.06361332364170644
13418,0.1430943498735739
13422,0.06382789418673322
13430,0.23684761515742125
13435,0.03176729142307188
13439,0.14273900798067374
13446,0.14242730471013212
13448,0.06325026395430272
13449,0.13533230012258446
13451,0.1358030182035737
13455,0.14832125948023284
13468,0.14884488011991392
13470,0.061737261645339846
13474,0.06170229612996433
13478,0.15344680500136118
13485,0.1455542748188132
13488,0.15791135022672123
13489,0.13710557370678172
13500,0.13838061672644117
13505,0.06263982202187904
13506,0.14197673489504176
13517,0.06270434819301553
13518,0.07820178020398198
13523,0.13596440761640155
13529,0.1388451799870321
13532,0.06477455102035086
13534,0.13284822819933337
13539,0.13770480189123296
13547,0.14760835953005597
13548,0.15603905097272303
13550,0.336385098614981
13554,0.16544498743273336
13555,0.19097322575027934
13556,0.15250798969605106
13558,0.06493613135650209
13562,0.13758664311297245
13566,0.1431878169036937
13574,0.06679978727837842
13576,0.1447732224894804
13577,0.14917341767758388
13580,0.06291467553116112
13586,0.2067738275098896
13598,0.23270312467574975
13600,0.12883877935964622
13602,0.13630556206730246
13604,0.14082275641452596
13616,0.14926766020513516
13623,0.13678613731960718
13627,0.1508623612086141
13630,0.06439871216316376
13633,0.14548972542537247
13635,0.1492268729379583
13636,0.15665574353585568
13640,0.13621186138645494
13642,0.22719791588481472
13647,0.1532306549184069
13648,0.2680617481669196
13652,0.13660597522597154
13659,0.06225957490525272
13660,0.12794466753011474
13666,0.1465356706841597
13667,0.0678272146083903
13672,0.14162862663608977
13673,0.1596529009736454
13675,0.12168029432830405
13678,0.14164277123766483
13682,0.09575552570027981
13684,0.14125007194395595
13689,0.13143311300137597
13690,0.1421145336911939
13696,0.1360991376355206
13706,0.14365947240421514
13710,0.36767122041077377
13711,0.14364293924280985
13712,0.1505410185289861
13717,0.058746297774069686
13718,0.13613632652986482
13719,0.13856867327701672
13720,0.06361332364170644
13722,0.12857414493652253
13723,0.14828436204728684
13726,0.13679207217534628
13733,0.031778289593430896
13739,0.1603509701977489
13743,0.15012076884798012
13750,0.14411652631013697
13751,0.13343598642641893
13754,0.16991957565824706
13756,0.06566086201069611
13760,0.06319994435187021
13762,0.15945791166219986
13763,0.13473297866205033
13766,0.06306251104774215
13767,0.03232579181009468
13769,0.06372548610294726
13770,0.14377062813122693
13774,0.14989109817140492
13776,0.1404142096797752
13780,0.06502436494417436
13784,0.06355146460192058
13789,0.13978707385100161
13790,0.14972060694723505
13792,0.07239738451781136
13795,0.1458238101498339
13797,0.13041276839308746
13800,0.13925562318229767
13804,0.1349856913148766
13815,0.1414720301617577
13816,0.15354653539083984
13817,0.16780945198593636
13820,0.2285688629398575
13824,0.16177901804385816
13830,0.15346252976476665
13838,0.13919747309179006
13840,0.06395375454988282
13841,0.05736181714829888
13842,0.15245660934674393
13843,0.06494947358123539
13849,0.1622661394065676
13852,0.15536998209243869
13855,0.03163120955612197
13858,0.13722658077007793
13863,0.062413312357744465
13871,0.23545087003862006
13872,0.14049780138045662
13873,0.13126180893353284
13874,0.14590311929242827
13877,0.15189960388364587
13879,0.1438658995865332
13885,0.14816921786083787
13886,0.15405649359360016
13892,0.13115824114622937
13895,0.06476330261570018
13906,0.15014561224013898
13907,0.15258331625006658
13908,0.06280384444033159
13909,0.13557252328260724
13911,0.12722539377387374
13918,0.15911789965434114
13919,0.14212984527176875
13927,0.1698437328619258
13930,0.0640431788644676
13931,0.1511221873560513
13933,0.16417402166597284
13938,0.15773776361327949
13943,0.061301094216177465
13944,0.07130800847837826
13946,0.14154045306635085
13949,0.07987638780930774
13952,0.17939487949095212
13957,0.17001996909713885
13958,0.0745711291949849
13965,0.1273771050859289
13970,0.03176729142307188
13972,0.1577058213435396
13981,0.14057256260882706
13983,0.07517176699320852
13985,0.13778082474853418
13986,0.12896615824460061
13993,0.1552974487007853
13995,0.1432107468084449
13998,0.12323677614999055
14000,0.0615813845332883
14002,0.031706931317111525
14003,0.07096001192850053
14019,0.14890138937620528
14021,0.3533998768739404
14026,0.1519933050601703
14031,0.06429584085320886
14032,0.15914192313161926
14034,0.13666054499194089
14035,0.13650290409262864
14043,0.07128879298644655
14046,0.15881932176873328
14048,0.14759926105450527
14057,0.14918100839322332
14065,0.1339743404028126
14067,0.06280384444033159
14082,0.061430211865458294
14086,0.1396179485710341
14103,0.22743160527833994
14104,0.1653695921022957
14106,0.17448896281836396
14107,0.14818571332028088
14111,0.06200966608763036
14116,0.06265196124540685
14118,0.0671983239718726
14119,0.14710262869810492
14122,0.13500939221465283
14123,0.12891356437463639
14124,0.06345961537819694
14125,0.14865451271512495
14126,0.1508623612086141
14127,0.13689309466771926
14133,0.1523703334233447
14137,0.14059921683996052
14139,0.13572152720320546
14143,0.13264281064087682
14148,0.13801731206126105
14149,0.13489085660833314
14150,0.06458654918501008
14162,0.06278662063868434
14163,0.14285680259511932
14164,0.13450805370452232
14173,0.13044449174579367
14174,0.16706967537066206
14178,0.1399392661625665
14181,0.06359692343679056
14186,0.128732161403418
14187,0.1500155919532171
14188,0.13816853121010997
14192,0.15869874241551746
14193,0.13523073004407646
14198,0.2515876173476117
14200,0.15020885919495483
14201,0.13538809595358178
14208,0.2400111894976217
14214,0.14222966012572386
14220,0.11885580634677001
14224,0.14352288615690978
14229,0.13219305864395697
14233,0.12102267868146027
14241,0.06248830904640317
14242,0.1485716953410656
14246,0.12999883635019568
14247,0.12778849145915802
14250,0.0627212325729632
14251,0.22355944937310346
14254,0.16799799190535664
14257,0.06280384444033159
14259,0.1456149209169138
14261,0.13560098024288283
14281,0.12230344872678449
14282,0.14510228347187548
14285,0.06238324319747499
14286,0.14221029787899164
14293,0.13905065725424315
14297,0.06192550667589779
14298,0.12502733516466533
14301,0.032195774235598974
14308,0.13059729754899016
14311,0.14822319720472302
14313,0.2499619681969351
14314,0.06184464550557176
14315,0.03230312676454019
14320,0.13807652504169135
14325,0.03176729142307188
14333,0.13819969939989565
14336,0.14797308739756784
14338,0.15063504876621112
14354,0.14057256260882706
14359,0.16044249589999676
14361,0.13970344077054941
14362,0.14896506987144834
14363,0.15285000202172194
14369,0.06581185409758133
14370,0.22903659320683875
14376,0.12822614293192416
14382,0.23326221815961204
14387,0.12748029384484694
14389,0.1537658316266599
14390,0.14200309771145142
14392,0.14462853614723314
14393,0.09454086836475917
14396,0.13332691303486793
14407,0.1414496778732436
14412,0.08966506364671704
14413,0.16652822077617382
14414,0.03326051608457461
14416,0.13986614282044663
14417,0.1388171796200824
14423,0.1663421606209428
14427,0.15173619658657028
14430,0.15723900029771223
14433,0.13806652212366868
14434,0.14132421242846185
14435,0.19591466704134658
14436,0.1398546624535219
14438,0.05929888639095819
14439,0.14721411848458255
14442,0.13056011302476334
14444,0.11688873834089021
14446,0.1326174809062485
14449,0.23641955908419562
14451,0.12446430179509711
14459,0.14471406410820162
14464,0.14140381553739786
14467,0.152447270184451
14469,0.1461861621709906
14470,0.06294944936757481
14471,0.15210462481403994
14476,0.06165909992519786
14477,0.14331164501520163
14479,0.06161809845561557
14480,0.1615471175253345
14481,0.03103563027711382
14485,0.13198575082272135
14486,0.1451117524670344
14493,0.13925870746782967
14504,0.15863565292082338
14508,0.14656442713419496
14509,0.15074245261586264
14516,0.15174695247536935
14520,0.1441688208130681
14522,0.15794878547249064
14523,0.14311233519471636
14529,0.15098590907367723
14532,0.06260635049220804
14537,0.06253391092752213
14540,0.13853469823893638
14541,0.13682328889348855
14544,0.14321548638184864
14548,0.13223897265848036
14550,0.16365468436569008
14554,0.06311633264276993
14555,0.06192235453840064
14564,0.1414059575738494
14571,0.06750836086809861
14572,0.1463775294576298
14576,0.13818069312719178
14580,0.06265196124540685
14581,0.1398546624535219
14582,0.17151190289553628
14583,0.13725479691062187
14586,0.14022521299456303
14591,0.13835844807291975
14593,0.1511391293754512
14594,0.1341744357887321
14601,0.1352807256095223
14602,0.13271898023801587
14604,0.156122548022508
14610,0.17592869908021141
14620,0.1303106883079131
14622,0.15571319672676914
14628,0.06253391092752213
14629,0.24944807428946847
14630,0.1325217256780152
14632,0.4018465473066
14634,0.13607694382072255
14646,0.06254339904214481
14648,0.14276290657355878
14651,0.13959317207390654
14658,0.2498828180895508
14661,0.14209886531256702
14666,0.061737261645339846
14672,0.15171678529052363
14673,0.13413158572291792
14680,0.1344500608085975
14685,0.17036755523861147
14688,0.14452192574257047
14694,0.1420621959393342
14695,0.18197402881183009
14702,0.14864073188381943
14705,0.03269412675927065
14706,0.14987803713580405
14707,0.14640611580289134
14711,0.14704553134553366
14713,0.06376552903217485
14714,0.1363253498885281
14717,0.1474202875134821
14722,0.24348319213674577
14726,0.13767215320308404
14735,0.13245651051096682
14736,0.14835198847451275
14742,0.17778213290032419
14744,0.42166720750163955
14746,0.13946244000555524
14748,0.14649697017018293
14751,0.15197474715380396
14753,0.1621424056966301
14754,0.1449338556414033
14759,0.18487387213319487
14764,0.15528523903033947
14766,0.1492964723118197
14767,0.16719388438178492
14768,0.15373607207872858
14770,0.13299200348430018
14773,0.16930652971692156
14777,0.13753625975367703
14778,0.13951430075735724
14779,0.13236962291207674
14782,0.14767817749434847
14783,0.1587782061081194
14784,0.13549158967474362
14793,0.03176729142307188
14795,0.13027048693666393
14797,0.15110292519525997
14800,0.062266293105447096
14802,0.1546780567839752
14803,0.06316738681593934
14805,0.16867399006561098
14808,0.2502072561421725
14809,0.06849002186916132
14812,0.35519762435336144
14813,0.1695369076418721
14814,0.14571894642117414
14818,0.16078910029829901
14819,0.07825806705298748
14820,0.061783215468045244
14821,0.2410517075879029
14822,0.1448038769003868
14826,0.150268548716885
14827,0.14229818728791432
14831,0.15929593772299894
14832,0.13724752648000973
14839,0.1480989930321521
14842,0.15604918592033443
14848,0.13523073004407646
14849,0.061426317915542754
14855,0.13537570366326065
14856,0.16111337598853803
14865,0.06392850777300269
14866,0.06345961537819694
14869,0.12524698286632063
14873,0.15919435350290892
14877,0.13824286279207765
14881,0.06266175435110748
14882,0.22799728837068653
14883,0.15258976080094855
14885,0.1591376975859735
14889,0.1669402824156786
14890,0.16735021850837595
14892,0.1454340247230883
14893,0.03182521164247924
14894,0.0629866821974232
14897,0.1526925211440438
14901,0.1270470472352119
14904,0.03176729142307188
14908,0.1552499378012808
14914,0.14170985308264325
14916,0.10185989021254119
14917,0.06300625757234489
14918,0.1386375740474554
14923,0.14000728877438356
14927,0.14098834230410742
14929,0.14237530014859676
14931,0.14302689719496176
14935,0.2611060999876542
14948,0.2354453572413091
14950,0.14242730471013212
14951,0.15444712819613723
14952,0.06169674305263846
14954,0.24192131524431165
14960,0.06368836321900696
14962,0.061265493514548915
14970,0.13368535388673558
14973,0.13918236553483163
14976,0.14471611486796052
14978,0.15231987840476818
14982,0.14611795148726653
14985,0.06293774356815479
14986,0.137205599678749
14987,0.10288176483978848
14988,0.17604334409044733
14991,0.13299200348430018
14997,0.14393020544695312
14998,0.14732893244610892
14999,0.15083976376784192
15000,0.12648245746719933
15005,0.15785881675653163
15006,0.13642186616861504
15009,0.16280068804692702
15015,0.1464648321541678
15018,0.14506954621620627
15029,0.15891722644251205
15037,0.23286598464230704
15041,0.1466368711632649
15042,0.13531774328553106
15047,0.1342985023002128
15050,0.15094478899398858
15053,0.1613658518978386
15056,0.15515673397707855
15057,0.15380560077601352
15058,0.14076048716820566
15060,0.11456721112025399
15062,0.15221839424986766
15066,0.06637220228060868
15067,0.15174695247536935
15068,0.06345961537819694
15069,0.06306251104774215
15072,0.1408320127388796
15077,0.1423946838454616
15089,0.14879526693961634
15093,0.14089510447104273
15099,0.13149209875783693
15101,0.1733927771100419
15103,0.15183441484615684
15104,0.14242491651804134
15105,0.1336639023571639
15108,0.13525078299352505
15109,0.13950669840679142
15112,0.15218819124499566
15114,0.15929164263441198
15117,0.0639820618551801
15122,0.13538809595358178
15130,0.061737261645339846
15132,0.0636020982236962
15133,0.13373835587378305
15134,0.032628113537447725
15136,0.15571319672676914
15137,0.23244797099877879
15142,0.06475148124448409
15145,0.13427336958072764
15146,0.05649404089183389
15147,0.13527567823364786
15150,0.22036872395801554
15163,0.16571775530347865
15165,0.06504450044966985
15167,0.13261412935135586
15168,0.03197432399255268
15173,0.13335548482036555
15181,0.14599810900516755
15183,0.1644783321368886
15185,0.14693482841554903
15186,0.16606816011560208
15189,0.1246740838841548
15190,0.06361332364170644
15191,0.1375002346240225
15193,0.15962959639785865
15196,0.1332287473725115
15199,0.1517086042862388
15200,0.1520196595526386
15201,0.16682180803675647
15204,0.1782114229004131
15207,0.06335672154438188
15209,0.1569649658526193
15212,0.13763486494975172
15213,0.1358146380807146
15214,0.14620178552173146
15215,0.16032765022852727
15216,0.16460350352304398
15222,0.146131761145253
15223,0.12440583321999052
15231,0.1334171118438086
15236,0.14673534189692358
15240,0.1865221033604802
15241,0.15777486264490387
15242,0.17389040348330656
15243,0.1555291110204955
15247,0.15863675091268348
15250,0.1303852295599802
15253,0.14454244806282432
15254,0.14877468636073865
15255,0.14894901973571315
15260,0.13384354190554162
15265,0.06263108092424158
15275,0.12691135244442459
15280,0.14737710348577754
15281,0.15614969509484164
15282,0.1710455630790963
15283,0.17368290030452352
15284,0.18784877344753306
15292,0.14825863523018776
15293,0.12911761936906216
15300,0.17235233293874708
15301,0.13520511037492633
15302,0.35878666503320816
15303,0.13389779795401216
15306,0.13889827561415735
15311,0.1444428387042332
15313,0.1428706380256986
15320,0.14534581053311157
15322,0.06280384444033159
15324,0.1450752195178329
15327,0.17173974245400742
15329,0.15106933075965717
15340,0.2548938533085831
15349,0.1414059575738494
15355,0.12627393084539582
15356,0.16381528349824337
15359,0.3444994512394142
15360,0.1338979818487083
15361,0.07370794076882785
15364,0.15536057367609224
15367,0.06361332364170644
15368,0.234242157757865
15372,0.22792176425192118
15374,0.06400342662480965
15377,0.1589939787558381
15383,0.16650099706732993
15386,0.061575841763726095
15391,0.14891171203632905
15394,0.03151073093775309
15395,0.14909235115136477
15396,0.06341508806906329
15397,0.1392594584075558
15400,0.08528783480735616
15404,0.14113306096758507
15408,0.12763183289232483
15409,0.06253391092752213
15411,0.24204652564034437
15414,0.1573367861873484
15416,0.12777442420580454
15421,0.07661779070641425
15423,0.12716190890252557
15425,0.056995684977417374
15426,0.15024417607648383
15428,0.1546349705185689
15429,0.13596440761640155
15437,0.1612749725494262
15438,0.06314023547107075
15449,0.13333129574525557
15456,0.15789906477724358
15459,0.19584969711846167
15460,0.1461760640403159
15465,0.17294812145023702
15466,0.15063942926675072
15468,0.1603072305103406
15469,0.06263982202187904
15470,0.1340417637355538
15473,0.2188632063072027
15474,0.15428518785568696
15484,0.12631779238842974
15486,0.1427531799394685
15488,0.12804751855875499
15489,0.03176729142307188
15493,0.14889258471447897
15494,0.1464162638877377
15511,0.06221922089540461
15512,0.1633778102325714
15517,0.16477589765126013
15518,0.1421225695971657
15522,0.032146034184358005
15524,0.16031668184279557
15526,0.13369657951440247
15527,0.14471275275273718
15528,0.13267193026337565
15534,0.14165610293301903
15537,0.1579658005612265
15538,0.14137650032687274
15541,0.06212332758419104
15544,0.15309308694593685
15545,0.1405330903948714
15546,0.03788088855762649
15547,0.06431921833569794
15548,0.16222808634556063
15549,0.1678580205842428
15550,0.13666864806187862
15551,0.0658991193303375
15552,0.062096879752385564
15553,0.1354873483896419
15562,0.12810527860651688
15563,0.22719791588481472
15564,0.1508623612086141
15567,0.15675016863434288
15568,0.15791676781622815
15569,0.06435570779234044
15573,0.06321964326942187
15574,0.12357108534807361
15579,0.14656276796241216
15581,0.06220509106826669
15582,0.13948772575376447
15586,0.14972181633972131
15589,0.14353146946217069
15591,0.13077266091731105
15594,0.13289393744674285
15596,0.1426552888178844
15598,0.15207151914731998
15600,0.13599760147782292
15603,0.15120368904464535
15617,0.05483768145817377
15619,0.1462331086858065
15625,0.11660632201467815
15633,0.06387200266503337
15636,0.16100434791482607
15637,0.1541746599000127
15640,0.13674079187629043
15641,0.13983749670447243
15642,0.1313404736377636
15643,0.0762098277531328
15650,0.1352518139175814
15653,0.06591335512768975
15655,0.18177231223311793
15661,0.18331069522861868
15663,0.1513848365908106
15665,0.06278662063868434
15667,0.1485265076877502
15671,0.03274294105884916
15673,0.23225650609573453
15676,0.0625144341001318
15679,0.1556749144235576
15684,0.24496482378060752
15685,0.05830501235358304
15690,0.13738015284159683
15695,0.13526682856222336
15699,0.18135917960782266
15701,0.06345961537819694
15705,0.2413548796121877
15709,0.062096879752385564
15717,0.1523022073073901
15718,0.2669645762119345
15724,0.15733025754719449
15725,0.13560347198587255
15728,0.14491724372894932
15729,0.13907752659654551
15731,0.13717448997177248
15732,0.13938596647984824
15733,0.1511391293754512
15739,0.22734986954848516
15742,0.06166072416778568
15743,0.06397920346416115
15744,0.1323997005200198
15745,0.06161809845561557
15748,0.06357016264978581
15751,0.19825955245214974
15752,0.1478549334633185
15760,0.06396198695251647
15761,0.06254339904214481
15764,0.14592732582523066
15766,0.15674682807811804
15770,0.06184464550557176
15773,0.06345961537819694
15777,0.15290972894604563
15778,0.15666446353256328
15780,0.06462726248048845
15782,0.34723954228619275
15783,0.1626797426494561
15785,0.14236616700675933
15787,0.14593380510327233
15788,0.18309926050722833
15793,0.2356678861773169
15795,0.14313193605656171
15798,0.18870735953062456
15801,0.1654990842080844
15809,0.13774882703955965
15810,0.13110505719636695
15814,0.1431643088747742
15833,0.2469240723030794
15835,0.16535166778908705
15837,0.031687928409027386
15841,0.13574073015603752
15842,0.06306251104774215
15845,0.1350465365833959
15849,0.06354233053854529
15850,0.06411506729633147
15851,0.060793295881673114
15853,0.12973224564369387
15854,0.152889506106508
15857,0.06345961537819694
15861,0.24118002881808792
15868,0.2256293333710751
15871,0.14122323658187563
15873,0.13023816770990285
15876,0.1450655470242602
15883,0.1368178090947627
15884,0.13172477907860045
15887,0.06361332364170644
15888,0.13695783000474074
15890,0.1381147223385775
15891,0.1581117275177074
15892,0.14237849250682158
15893,0.13969265829318886
15897,0.1296236730734489
15898,0.2568441646229372
15902,0.16396635021787462
15903,0.06435829894614768
15905,0.14873352636195797
15910,0.14655588577384268
15911,0.14729726671029678
15912,0.14045351933421465
15916,0.06479336694577913
15917,0.031687928409027386
15924,0.17240243919371856
15930,0.1899203631087747
15932,0.15864122720856755
15937,0.13471960850566922
15940,0.14869590736625313
15942,0.14612026123072272
15943,0.239465610278953
15946,0.1331906783372145
15948,0.06253391092752213
15949,0.062274510552525364
15952,0.13703287424991142
15954,0.06265196124540685
15956,0.14197591645375962
15957,0.07834425285790943
15960,0.07169386879851708
15962,0.13681999360634162
15965,0.14503971613683722
15968,0.15678322536967362
15969,0.1385742563702104
15975,0.1357167964117562
15977,0.2378120444398529
15982,0.14683469485373715
15988,0.14725481190952364
15990,0.06384418654553116
15991,0.05602135055313567
15992,0.06280384444033159
15993,0.18594277422092373
15997,0.15889576376102713
16003,0.12585718161854914
16009,0.1519117075012139
16014,0.17217637779890513
16015,0.16142563271344965
16016,0.06345961537819694
16019,0.14853775526791363
16026,0.13570165369256462
16029,0.16043026079520462
16030,0.15104145304191738
16031,0.062184647457861945
16032,0.14291908693205385
16037,0.06368836321900696
16045,0.15667512011966847
16049,0.14990142571799667
16051,0.1373123481578986
16055,0.17315898371822824
16061,0.16227810487053423
16064,0.14529582289420478
16065,0.0627691050580206
16076,0.26660501739822023
16078,0.24807356878332015
16085,0.1558367655400244
16087,0.06368836321900696
16088,0.16757159195136906
16091,0.1447084783096307
16092,0.1419802410045904
16093,0.1481889767354832
16095,0.14429132023687685
16101,0.1280702972013595
16102,0.16769612046300225
16110,0.1604280448351499
16111,0.13894278349942002
16113,0.16111337598853803
16118,0.1590909279111623
16121,0.06212049135590704
16123,0.22034645555051602
16127,0.14871125410590427
16129,0.044517478859860626
16130,0.13509837413587375
16133,0.13667859833852475
16135,0.13451296035892515
16136,0.1315769073144284
16137,0.1654990842080844
16138,0.06449464212101813
16140,0.166981623708145
16141,0.14621055381288642
16142,0.14047800873376123
16145,0.15575009575138674
16147,0.1594586945031599
16148,0.19829618698899418
16149,0.1434756022743286
16163,0.22811345141393344
16166,0.03318509445608698
16169,0.1355001651655545
16172,0.14900510897129174
16173,0.1605030126199398
16176,0.14353124240243068
16177,0.1575764321767062
16179,0.14943590855357616
16181,0.03270975172030604
16182,0.2890113284732975
16197,0.16237423042504365
16198,0.14056903830218184
16199,0.1416157319596877
16203,0.11893048135158993
16204,0.07248953537388246
16218,0.07817244792219707
16219,0.17589076373366871
16226,0.14839440822735814
16227,0.12702137523614784
16228,0.15859493891535745
16229,0.15751117306813223
16230,0.14900322352102158
16235,0.1327290483551344
16237,0.06343030126885961
16240,0.12816769471674683
16242,0.13451296035892515
16246,0.18522062051167207
16247,0.1494517514638438
16248,0.14027241813619418
16254,0.40824809436636744
16256,0.14851090151707053
16258,0.1349687710158937
16260,0.06165909992519786
16266,0.15672567672540544
16270,0.13650840969425207
16271,0.1546349705185689
16272,0.13748508644228336
16274,0.14078930849520604
16275,0.14844202274374715
16276,0.060100964618305545
16277,0.13880839314054355
16278,0.061301094216177465
16279,0.13863539154708732
16280,0.16286166269369606
16284,0.1289882717983732
16286,0.13724838921079446
16288,0.1726606746615913
16293,0.13238648386575871
16299,0.24713621083865478
16300,0.1449969980420329
16307,0.13134095200774057
16314,0.15695462692439888
16315,0.14363099981952207
16319,0.14791510442415212
16320,0.16999775183284946
16321,0.1442379671479161
16325,0.06004138315232407
16329,0.06225356274878632
16333,0.06253391092752213
16335,0.1547379980068185
16336,0.15630342020589988
16342,0.16136008111812558
16343,0.24046763613437117
16346,0.1513554852501029
16347,0.14192436220699817
16348,0.16071276690538622
16350,0.06286587671125968
16352,0.14344922521328662
16354,0.14089572893130775
16356,0.15004841768023933
16357,0.172214118838035
16358,0.14376417765796853
16362,0.13340828423828868
16364,0.06299963710610515
16367,0.14915158474625625
16371,0.12803516086828517
16374,0.15044586648681638
16376,0.14902621141147598
16377,0.1690886065454263
16378,0.16839150331231695
16381,0.07775748324508387
16384,0.14197827765064197
16386,0.15090154855471324
16388,0.1327682671039644
16391,0.16186464831669356
16394,0.14410657920704223
16397,0.06161809845561557
16398,0.1548021081465199
16400,0.15314389370995082
16404,0.1601341819353306
16409,0.1357167964117562
16411,0.1302015646086729
16418,0.236355122236438
16420,0.13998169732224708
16421,0.15635290223816928
16425,0.1330707591392922
16426,0.14280234070046838
16429,0.15325119442510282
16430,0.14758068307788674
16431,0.061737261645339846
16437,0.06345961537819694
16438,0.06219297630838214
16439,0.13191042599465885
16440,0.06126565794915077
16441,0.149359415854557
16451,0.12926364133317636
16461,0.13198575082272135
16464,0.22866879662280865
16466,0.229640304495911
16467,0.134484932560881
16468,0.16705387525355123
16469,0.1485793402112521
16470,0.15049858676909283
16483,0.17964177871495665
16488,0.06300376335655898
16490,0.06306251104774215
16496,0.1656937257140091
16502,0.06392850777300269
16511,0.061426317915542754
16512,0.147699072983722
16513,0.14553319961523267
16514,0.02981196400925333
16515,0.03259221524994607
16517,0.15470678966385157
16520,0.061737261645339846
16525,0.1514919154034488
16529,0.14657527479899896
16532,0.1414782645555604
16536,0.2476767943302727
16540,0.06752579955653282
16542,0.1447774524558441
16548,0.13913436479942387
16549,0.1351329932729484
16551,0.28018384739508717
16552,0.13059729754899016
16557,0.14212984527176875
16558,0.1290433270519139
16559,0.16016092376860586
16561,0.14482643359770606
16562,0.14720578132875622
16564,0.12746875044343006
16566,0.13636038891991448
16572,0.15663223661962344
16573,0.15265692876319997
16574,0.16320154963652178
16575,0.06279262643915454
16579,0.18717991566378547
16582,0.1286061260844791
16584,0.15494947497014244
16586,0.1373123481578986
16588,0.14762756992437728
16595,0.15449197346834836
16597,0.1338051992276468
16600,0.14964700396947475
16601,0.14365947240421514
16606,0.3534425581124278
16608,0.061737261645339846
16611,0.14555376031348605
16613,0.1698437328619258
16619,0.14684834401946326
16622,0.15456777008432657
16624,0.1439680208543207
16626,0.15370974451680333
16628,0.14139303889670887
16630,0.13855310241549784
16631,0.06710436484945229
16634,0.1435358356415143
16638,0.1546504688513794
16643,0.12412342462551018
16645,0.21670232999814074
16649,0.14826756210090786
16651,0.14959505047189003
16652,0.13488394727848071
16653,0.09048745040260152
16669,0.16028682564610797
16672,0.1527559242373222
16677,0.1572131755649762
16679,0.14528850666996437
16680,0.14757278663323456
16681,0.06253391092752213
16684,0.031306866595748765
16685,0.13231796418330422
16686,0.1556028443564398
16689,0.13388314924399086
16690,0.031210242163725643
16692,0.13432862207812257
16693,0.06212332758419104
16696,0.061892019154748956
16703,0.2251066430307724
16704,0.062096879752385564
16707,0.13284822819933337
16711,0.12854112053244035
16713,0.1239266509064673
16714,0.3712857089952672
16716,0.12888078169358846
16717,0.15670203999576485
16718,0.13758019108030595
16720,0.03544070356634467
16723,0.1391263627446928
16724,0.22531547869341514
16728,0.28069059667694846
16730,0.1403352557365897
16743,0.11666511671137451
16744,0.062379292851664325
16748,0.1577058213435396
16750,0.1516667609566472
16752,0.15545969033887908
16753,0.1371127525395109
16755,0.15841987641871663
16756,0.06213276497908385
16760,0.14188529184530999
16764,0.06223329455030198
16771,0.1401085101092124
16772,0.17755648031062593
16776,0.1439730026314678
16777,0.07253218264404451
16780,0.16956572949246349
16781,0.1483258690000188
16788,0.1430338210886839
16792,0.13280863464665113
16794,0.1723255896605936
16795,0.06249014456161133
16796,0.06280384444033159
16798,0.13652698202120145
16801,0.14443022947101508
16802,0.13433811133714782
16803,0.1547379980068185
16815,0.1399175851051963
16816,0.12804886688475786
16818,0.15483912747251483
16819,0.18602552098615485
16824,0.1330707591392922
16829,0.14102312749094523
16833,0.13916344168525038
16834,0.13976061623687192
16846,0.15477333913182303
16847,0.14421403231899085
16848,0.1413632743657925
16852,0.13627088392153813
16853,0.16025861547174652
16857,0.14248221068632963
16858,0.15754387435860176
16861,0.14303100488775963
16862,0.15854901484761152
16867,0.1335978150814528
16869,0.14087377903120707
16870,0.14104681231724536
16872,0.14433798170839693
16877,0.06361332364170644
16883,0.13406580284827355
16890,0.06991203928873457
16893,0.13665938558297092
16894,0.0631836689178388
16897,0.12757545101125362
16901,0.14049373559021716
16902,0.09172403822749786
16906,0.031210242163725643
16910,0.06293774356815479
16911,0.2684127332099075
16921,0.13123665683441127
16926,0.14753026735954725
16928,0.16041142616571338
16932,0.17792434787579675
16933,0.13767388086961407
16935,0.14424154148782892
16943,0.1553266144830872
16947,0.06225957490525272
16948,0.14042459633305582
16949,0.06248830904640317
16953,0.15514071755856257
16954,0.1368589808333328
16956,0.13936477938985964
16958,0.061575841763726095
16962,0.14811478131226316
16969,0.06401418017343061
16970,0.059054684214030755
16979,0.14167441349564863
16981,0.14777497171789078
16983,0.1572998047518582
16984,0.12657032875933255
16985,0.1347835936425979
16987,0.1595029957399396
16989,0.2773091399662068
16990,0.14471893681606826
16992,0.14448515897790515
16995,0.13928738367241816
16997,0.3345780638009341
17000,0.1688167016320117
17002,0.1435161443969486
17003,0.1532306549184069
17006,0.23402861858320653
17007,0.15807485069582075
17008,0.031687928409027386
17014,0.14217374677650446
17015,0.15429492353729363
17018,0.16439974350313635
17020,0.0798174310732572
17024,0.25405715691635616
17026,0.22877607232615216
17028,0.14674656588457105
17035,0.13673941657729352
17038,0.14732243041712978
17041,0.23957800955281416
17046,0.16327152967402334
17052,0.0630657000195546
17053,0.06700151792399055
17056,0.10539870664053838
17063,0.1469168995679441
17068,0.1307084414310634
17073,0.06280384444033159
17077,0.15424593800228384
17078,0.13686121898429335
17081,0.14952305937290805
17083,0.14803913618489956
17085,0.13502324968899304
17086,0.15301846387425178
17087,0.14201507474218666
17088,0.1419049973928927
17090,0.14869399361896626
17093,0.061737261645339846
17094,0.06529191573345927
17095,0.14165610293301903
17096,0.06514446548229207
17099,0.1562096361010506
17101,0.15680290150577053
17102,0.15074613094105505
17104,0.1470609174550903
17105,0.14366435870569239
17115,0.13637254176197816
17116,0.15741007381768274
17122,0.06265196124540685
17123,0.06392850777300269
17127,0.14892925104248395
17128,0.1551758170375083
17131,0.14787164315193008
17136,0.14225620459942856
17140,0.06320922416294257
17141,0.15438973694518168
17146,0.10440215605221494
17147,0.06306650175006587
17149,0.1634167798919787
17155,0.1580343458563284
17158,0.21897652662383554
17159,0.13796563767962594
17163,0.1469335658261087
17164,0.13685562530008077
17165,0.15788425578034435
17169,0.2251563468132631
17170,0.13317872245179696
17171,0.16634767047036048
17172,0.08609242758130455
17175,0.3593508589487139
17177,0.13347712391158198
17181,0.1384518315666086
17183,0.03221370993738857
17188,0.13617257916273223
17189,0.14374990908795868
17191,0.1412874949964099
17192,0.1333638736439592
17194,0.1444851689084788
17210,0.13745890338879715
17212,0.19443134322568506
17219,0.26532977500916083
17220,0.15033195205358468
17225,0.15385156433694774
17227,0.1584885859763142
17228,0.06245652170473195
17229,0.06221922089540461
17231,0.15451609388902113
17232,0.16221980179125384
17233,0.032131928202176425
17237,0.13422849316844596
17240,0.1635163419484671
17241,0.14397469520101802
17243,0.09088983486032269
17246,0.1857104009747037
17247,0.1256348326663653
17251,0.25541360268488816
17253,0.1313368315955195
17254,0.06184464550557176
17256,0.060652652710695525
17257,0.13938596647984824
17262,0.13250170405044198
17267,0.07079352746366425
17268,0.14648424558261786
17269,0.14030939737390863
17270,0.14839703399292908
17275,0.1641121006651526
17276,0.17196021090734115
17277,0.2728907157408976
17279,0.13644659742048476
17283,0.06421966592453195
17287,0.13533230012258446
17288,0.06280384444033159
17294,0.13777135842269375
17295,0.056303958002579466
17298,0.1455331693621884
17300,0.03155867374931132
17302,0.16344367829642611
17303,0.15004916641151725
17305,0.14141601592673347
17307,0.1701146584635204
17310,0.13082604976582282
17312,0.06630104787762466
17316,0.144004881224178
17317,0.1359579085195649
17318,0.03182521164247924
17320,0.03154548380049105
17323,0.14141438036088827
17324,0.1354337357807803
17328,0.23195961467195242
17332,0.14888666240261025
17333,0.131133781322673
17335,0.06267600004270055
17338,0.14139276708771512
17340,0.1555425612135199
17344,0.1550955836020331
17345,0.17117986731578985
17349,0.14853726721953528
17351,0.14304659777553963
17352,0.13359523195079673
17354,0.06487887380077025
17356,0.23472973761927068
17357,0.14082571618201845
17361,0.06300625757234489
17362,0.17717523468931085
17363,0.14394708188254093
17366,0.14987484326897005
17367,0.13848029438120926
17369,0.06353998320514946
17371,0.16657528707752575
17373,0.14491724372894932
17378,0.15814908334326047
17380,0.15586521781816093
17382,0.15919812173257014
17383,0.14015497648053402
17387,0.13626338532799342
17389,0.15193324635993335
17391,0.07854458020977995
17398,0.14660659080786803
17402,0.141934751194853
17405,0.25031852149709477
17407,0.06249014456161133
17409,0.13714122305885793
17411,0.15488646600327427
17412,0.03176729142307188
17413,0.1465953079225408
17415,0.14940881043600301
17420,0.13405513223372098
17421,0.14423630297551346
17422,0.1474014904253902
17428,0.15252823507390598
17430,0.07767365065176939
17433,0.13926812634417568
17435,0.14972786693416343
17438,0.11606072605515576
17440,0.06487887380077025
17442,0.14148428473690158
17444,0.14729010154898445
17448,0.14124017344307432
17449,0.22792176425192118
17462,0.15270329727003942
17464,0.14270215894318236
17466,0.06386025004232601
17468,0.16799808895164534
17469,0.15589382522330764
17472,0.13451489403229178
17473,0.13745890338879715
17475,0.14989109817140492
17479,0.032195774235598974
17481,0.13740500475952028
17482,0.14667158371056066
17485,0.061575841763726095
17486,0.24901508749966497
17488,0.1573681203370606
17489,0.061737261645339846
17490,0.11968165913751633
17491,0.06549495641624252
17492,0.1426063545041522
17494,0.09186929298203678
17497,0.22792176425192118
17500,0.1371205525206571
17506,0.145720020523204
17507,0.15651769955043224
17508,0.27556310242026577
17510,0.11290542251883844
17512,0.23452192328873694
17513,0.1593808246434248
17515,0.16377661261481372
17520,0.16108649591996593
17521,0.14460043597992997
17522,0.15578691419215807
17523,0.1382968783788454
17524,0.1313922275954113
17530,0.2521731308381739
17535,0.15356611314667212
17536,0.14731913103282973
17545,0.1424779153770299
17548,0.1701265495662041
17549,0.14932367039037706
17553,0.14895086429744195
17555,0.16225550387558166
17557,0.1503773232326048
17558,0.14349566542761097
17559,0.16273709127809208
17562,0.17902565624829886
17564,0.03182521164247924
17565,0.2300930326569266
17566,0.15722363504131823
17567,0.15471993654733826
17568,0.06316820699508303
17569,0.13560432066320816
17572,0.13722415267711577
17573,0.1653162202415297
17575,0.14215050244926622
17577,0.1455285789899605
17578,0.1480478886929067
17580,0.13797462651314324
17581,0.16241042792782154
17585,0.13969343784924654
17586,0.1682732223820621
17591,0.14826756210090786
17594,0.17321764042638257
17596,0.12803453382126687
17599,0.24094409225640007
17602,0.15428518785568696
17603,0.16138280754215092
17606,0.0627212325729632
17614,0.1596529009736454
17621,0.15286870154830332
17624,0.15599106660496662
17626,0.230521738834289
17628,0.06225957490525272
17629,0.14873352636195797
17630,0.16933261288951948
17631,0.14245731196112957
17633,0.0741058342223083
17636,0.16176632343260253
17641,0.13922099916402855
17642,0.26755648645353536
17645,0.16902419498094606
17646,0.1720821494746754
17650,0.13463858162344244
17655,0.14397577857137003
17659,0.13468542171263342
17660,0.13770480189123296
17662,0.14497691359947082
17664,0.07380006906291571
17671,0.03176729142307188
17673,0.145955759816537
17676,0.15608645184290615
17679,0.16543492347431585
17685,0.163029363741178
17705,0.1763725783854669
17708,0.1472416730601075
17711,0.15937704613544662
17714,0.17590456618131392
17715,0.06345961537819694
17721,0.14258229207997314
17724,0.2478082008372353
17726,0.15050722520255072
17728,0.1385611787273137
17730,0.12602811582284937
17732,0.13965786010404027
17735,0.25811600133867424
17737,0.12440880818172734
17738,0.1483258690000188
17739,0.15176604234768384
17747,0.14843272441599903
17749,0.1515786867870757
17752,0.143439895443911
17753,0.14884897020621285
17756,0.13722658077007793
17758,0.07549669842629664
17760,0.15421425910868336
17762,0.14408720598560967
17763,0.2423443296748382
17769,0.06330760748253159
17775,0.14759926105450527
17776,0.06345961537819694
17781,0.16433273432211962
17782,0.13605984255068862
17783,0.032367280847893073
17784,0.16219833428468644
17785,0.1492123335202788
17798,0.13076743771951396
17799,0.15971764928757773
17800,0.25979198725467545
17803,0.14145111522738268
17804,0.06280384444033159
17805,0.1341509278492497
17808,0.14931499331793824
17817,0.14674656588457105
17823,0.32476713999300866
17824,0.1448175738721857
17825,0.14531251099872536
17827,0.0624306283175132
17828,0.1484859635065593
17831,0.1292930233194741
17834,0.14432309281815786
17835,0.25704847408414716
17837,0.13479434963192002
17838,0.1856172893528707
17839,0.13910592858519172
17843,0.1727711139612095
17846,0.352636666946465
17847,0.1435837547635495
17848,0.15591924346635205
17853,0.06422155355911073
17856,0.14897728938805693
17859,0.14694772528372702
17863,0.06819043819157415
17868,0.06337416824552325
17869,0.1340345181213495
17870,0.21244486356960032
17875,0.06361332364170644
17876,0.14569861104832216
17877,0.14336113395794112
17879,0.15253080003700809
17884,0.14610727377490224
17885,0.06421312626759078
17886,0.06225957490525272
17890,0.15397615568790027
17897,0.07663023638830087
17900,0.07619632601610436
17902,0.15050906112243606
17903,0.15108034581271024
17908,0.15591193746783788
17914,0.15930432897097002
17915,0.15360370437513185
17916,0.06314023547107075
17920,0.15146691933735906
17921,0.16930643327965644
17924,0.16054371464992837
17925,0.12642310891581635
17926,0.07619479342829358
17928,0.22211604244670788
17930,0.1281406126059481
17932,0.12631779238842974
17933,0.15074611011277037
17939,0.15953452151193673
17941,0.25243705924934073
17943,0.23242205398770274
17947,0.061737261645339846
17948,0.1433072058059875
17950,0.13710742292924086
17956,0.13668137682507392
17959,0.14307732832216552
17970,0.1732519444901048
17973,0.14826465541387449
17974,0.16021138966926624
17975,0.1264703403023401
17976,0.15163791322704842
17980,0.07934901396883676
17986,0.1642115852950471
17987,0.06345961537819694
17990,0.23211542269260257
17994,0.13996208750526964
17999,0.13975291537494594
18002,0.06357016264978581
18003,0.05790069216327403
18005,0.2181903251822815
18007,0.22443993638593832
18013,0.12855682407034882
18015,0.06126565794915077
18016,0.13465389031142483
18018,0.14247047933371126
18019,0.1457117341878555
18026,0.14589099612488132
18030,0.1534290448016296
18032,0.1653126322304482
18035,0.1431958118500052
18039,0.14312798360382134
18042,0.14279686362923885
18044,0.15158183533419162
18045,0.12275003824525117
18046,0.15574753926253151
18052,0.13843873775726576
18054,0.06401418017343061
18055,0.1536577427271195
18059,0.11439218088171753
18066,0.13908066570944252
18072,0.1709631472942226
18073,0.03260142050114195
18077,0.15423778581314868
18081,0.06253391092752213
18083,0.13851483927533598
18084,0.15257486465726328
18085,0.13712862802949205
18086,0.1325883080931342
18087,0.1531867950278222
18092,0.15155600921715623
18093,0.08536165670143832
18095,0.06194303265603853
18097,0.13433811133714782
18100,0.15889576376102713
18101,0.12823384815356112
18103,0.16416427880859485
18104,0.15859493891535745
18105,0.13562043239378227
18109,0.111248737837412
18110,0.17389040348330656
18113,0.1639191398811928
18117,0.06566086201069611
18119,0.14720650751038175
18126,0.17201629846280034
18127,0.061426317915542754
18128,0.031706931317111525
18129,0.14119924021536123
18130,0.14542404299641926
18137,0.36485242345165697
18142,0.15330024574029352
18144,0.05736181714829888
18145,0.13454757820044294
18146,0.13913810373775662
18149,0.1749093382613008
18152,0.06225957490525272
18153,0.21927360336339058
18154,0.1485724379943569
18155,0.14925038717311942
18156,0.17684224323599743
18161,0.17192579678984576
18163,0.06664756499768654
18165,0.06280384444033159
18166,0.14775993717816946
18168,0.14967215148945506
18172,0.03155191580652488
18174,0.15168502945381387
18176,0.06361332364170644
18177,0.07013019068810936
18179,0.16101615812916398
18181,0.16535343159420887
18182,0.0358630795200765
18183,0.15007152135877166
18187,0.1426276132979291
18188,0.2436757261180769
18189,0.14850863614761398
18194,0.1490530624375456
18196,0.15286185010862988
18197,0.1452835093050675
18198,0.08638278907507943
18199,0.15223778006223646
18201,0.15404817734443518
18205,0.14427052858578313
18206,0.14703218794555628
18207,0.14296779426924083
18210,0.13117804437497577
18212,0.14491155427130675
18214,0.12904559363031698
18215,0.14009345307694956
18216,0.14969251951281312
18220,0.0666195251541106
18221,0.2407363281710915
18222,0.06266093516312796
18223,0.19202940681762257
18227,0.14327454948182392
18228,0.17601511450295676
18229,0.06458654918501008
18232,0.1835160581052324
18234,0.14537680021674773
18239,0.14821730546629427
18243,0.1663990605389414
18244,0.06297408100442171
18245,0.16882677929226916
18246,0.08321010999432282
18248,0.15178890220782362
18250,0.238844346524039
18253,0.25501563724713155
18254,0.13253399418678974
18256,0.14022046813795233
18257,0.14117253512164302
18263,0.06453570634157509
18264,0.031089805112590733
18266,0.13958430322889795
18267,0.031210242163725643
18268,0.14402219213882503
18269,0.1593014173022795
18270,0.16082354454927417
18271,0.24627490186793774
18272,0.1231547022506146
18276,0.16189578986355285
18277,0.0709254365937119
18280,0.13687548175333206
18282,0.06265196124540685
18285,0.16018171094484301
18288,0.35174851586138295
18295,0.06192235453840064
18298,0.13454367813092682
18300,0.13252161388478267
18301,0.1399476476161502
18302,0.1308913153723775
18304,0.06671006567388996
18305,0.14321851406442987
18306,0.23957800955281416
18307,0.06280384444033159
18308,0.06389708488035106
18309,0.1383338051110107
18311,0.14660659080786803
18313,0.15293405545748717
18314,0.15226522322154917
18318,0.16951036129647645
18320,0.22902437864214406
18321,0.14378716198911357
18330,0.1561237699374409
18334,0.13232694096602549
18336,0.06159730066005457
18337,0.13710557370678172
18338,0.12503866313975315
18339,0.14101350209463975
18341,0.2564180098805396
18347,0.0647090041602155
18354,0.06252440539692479
18355,0.06361332364170644
18356,0.1482542254445051
18358,0.1296700728937743
18360,0.17113070612718712
18361,0.13790613899930534
18363,0.16784351189065733
18364,0.24118002881808792
18367,0.1502390794968259
18380,0.03176729142307188
18383,0.149342342176845
18384,0.13314959007915533
18385,0.151483805414708
18387,0.39556258333934463
18390,0.15115773822925507
18391,0.16611720268105926
18392,0.14407071226604723
18395,0.35387824196633466
18396,0.1713240739756589
18397,0.13293780912546077
18399,0.15042362008093432
18400,0.23483484578831695
18403,0.16556840584855706
18404,0.13747904112689424
18406,0.14958823597846296
18407,0.24079066502765442
18413,0.13867850990583377
18415,0.15743625291012878
18417,0.17904487603387753
18420,0.06183917266590506
18422,0.1273114630535055
18425,0.06353897379749335
18426,0.36637288535365486
18427,0.031210242163725643
18428,0.14293272433356047
18429,0.1573207706728244
18430,0.1309805661103419
18431,0.14114395618476033
18432,0.16815494025626015
18433,0.37747718977169287
18435,0.14160501355616087
18436,0.10355999483914605
18437,0.03176729142307188
18439,0.1324433861962903
18444,0.13845745829515207
18446,0.15712926897774923
18448,0.1492797105269895
18455,0.06593337621484496
18457,0.13882254502341296
18459,0.16168134857069272
18463,0.20073129771803366
18464,0.1364853217564044
18467,0.14179926456232242
18469,0.15360301264262288
18471,0.06240454443095608
18475,0.1437684654032173
18476,0.06225957490525272
18477,0.12595051809309765
18483,0.14767004540858042
18488,0.19263435018381697
18489,0.06847268158609356
18490,0.13788121598864828
18492,0.23782199172611962
18493,0.1416638996750244
18494,0.1508531775210955
18498,0.11429889732404254
18502,0.14341559041593538
18503,0.06265196124540685
18504,0.15018144689844912
18506,0.14991483019506924
18507,0.15596457449575557
18508,0.1486359668158547
18512,0.13875699961852125
18515,0.031210242163725643
18517,0.14823949980679427
18518,0.1435358356415143
18520,0.14273436926245275
18521,0.1324609184015005
18522,0.14291904244796863
18523,0.13544856091707663
18524,0.06487887380077025
18530,0.1490530624375456
18531,0.1447305790015552
18532,0.06311633264276993
18533,0.14529956940630273
18534,0.16086715139220967
18540,0.14356602423157103
18542,0.14133592539698953
18543,0.1421985897939896
18544,0.15054412559822763
18547,0.14471482273911757
18549,0.06279262643915454
18552,0.16096548240384612
18553,0.1688786367890702
18555,0.14334828650556453
18558,0.16694192359343302
18565,0.06280384444033159
18568,0.2552165178597318
18572,0.1367703114487693
18575,0.1534145354448273
18576,0.16072747106850904
18579,0.14381800826375987
18581,0.16628351799510438
18583,0.08042236549350652
18584,0.06225356274878632
18585,0.06403057280589518
18590,0.06221922089540461
18594,0.1464878949464173
18595,0.13979599010742727
18598,0.14147365953433752
18600,0.2008772808302525
18601,0.3443984270807096
18602,0.1339390124830743
18603,0.23238070348308404
18604,0.03303479968590286
18610,0.13752316248511595
18611,0.15401994638445893
18615,0.15048301568329844
18617,0.13668137682507392
18619,0.16709122767922469
18623,0.06345961537819694
18630,0.13584832579897496
18631,0.1564151016115775
18632,0.03389497261202231
18633,0.14175573002805048
18638,0.14190466746063077
18639,0.13214035867961876
18640,0.14497391201598578
18641,0.061737261645339846
18645,0.15308829993631687
18648,0.08026894115672839
18649,0.1449427800819558
18651,0.1298392489845719
18653,0.07913497139873646
18656,0.1687970527348361
18657,0.13959444054445552
18658,0.14816161373204537
18659,0.1326848188552729
18661,0.14165113505349924
18663,0.2527701858142986
18668,0.1448543603817612
18669,0.14104504238004711
18671,0.14197540621232663
18672,0.06345961537819694
18673,0.15228799492643819
18679,0.15335994099636652
18689,0.14756280272864344
18690,0.15376182780671183
18692,0.15749198725001234
18694,0.1414265253979135
18695,0.1932558879209708
18698,0.14419374295643947
18699,0.14167967636341486
18704,0.1483602968700903
18706,0.34245807907373843
18709,0.1538809992521088
18712,0.16265339767622292
18713,0.16962097124793427
18717,0.15561208875178675
18719,0.4036603870329715
18724,0.13833915302246175
18725,0.06345961537819694
18728,0.1569097828983664
18729,0.14892890266465744
18732,0.06280384444033159
18733,0.13982261984478905
18734,0.06559338959131446
18735,0.15614359377461448
18736,0.15410519169103484
18739,0.13403704198568367
18740,0.15712275682943325
18742,0.15499429696006775
18743,0.23578830767299064
18749,0.06225356274878632
18750,0.14696206980959242
18751,0.13018154797438003
18755,0.13527175570829705
18756,0.06231275679866245
18759,0.15511061212041644
18760,0.06552187509100474
18762,0.15945691811649662
18765,0.148000428101537
18766,0.13929268102669437
18769,0.13466227722875343
18772,0.14766225394691446
18773,0.06280384444033159
18774,0.14031110697113194
18778,0.14131980509889805
18780,0.06664756499768654
18782,0.14271158333293482
18784,0.13958173485078082
18785,0.1571289914323866
18786,0.15083972280868105
18801,0.07734324402040901
18804,0.13936187945075038
18807,0.1472928881588128
18810,0.2349358002280597
18811,0.13438852557129943
18815,0.12843692310128768
18816,0.14677755819202865
18818,0.15527643846925315
18819,0.172649526975446
18820,0.15344215360713256
18821,0.2356091854999286
18822,0.1753671829320501
18825,0.14928599839036413
18827,0.22499658732530198
18831,0.1454756514366348
18832,0.14967215148945506
18834,0.22531547869341514
18836,0.14612301262811786
18837,0.13559167019031243
18840,0.06672902247744875
18842,0.12279037744924717
18847,0.14344431974078525
18849,0.13546470977486183
18852,0.13734376460836653
18854,0.15745254087305666
18855,0.13208937024304065
18857,0.14395589965340497
18859,0.17517082322778504
18860,0.16124203599289844
18861,0.15129567929806967
18862,0.06332072230076657
18864,0.14351331199709158
18868,0.13548371235892373
18870,0.14694932106806505
18871,0.06369245131759071
18874,0.1444789415773343
18880,0.17112206263309077
18882,0.1491407327117345
18884,0.13602122393724153
18889,0.16142563271344965
18892,0.17166302414845566
18894,0.2482265978428677
18895,0.1582908425157683
18897,0.19396482300961987
18898,0.06253391092752213
18900,0.1985664169731387
18902,0.15494044539470034
18907,0.1501691748441775
18909,0.16620626523377877
18910,0.3515253500398336
18914,0.14473809176873068
18917,0.1360170199142632
18918,0.133230052645153
18921,0.2571376780698582
18924,0.145720020523204
18925,0.13189978153108972
18927,0.15075102527212444
18928,0.06314023547107075
18929,0.13580459901351888
18930,0.14559537639490702
18932,0.14518615471031548
18935,0.06316820699508303
18938,0.06345961537819694
18940,0.13120040211955944
18941,0.1447000257976575
18942,0.1530257788632161
18944,0.06265196124540685
18946,0.14818450632676408
18949,0.13484333216473335
18954,0.06280384444033159
18956,0.15577991657550094
18957,0.06889171679117341
18959,0.1610507103465009
18960,0.06381146805643552
18962,0.15079435435006114
18963,0.17527117323134603
18964,0.27947477075420857
18965,0.15214305697124952
18967,0.12815315425925092
18969,0.14725937929715413
18971,0.21996437493428625
18973,0.15501686825137947
18977,0.13994646031376767
18978,0.15827110090181107
18981,0.15602838289908216
18982,0.06475534737708248
18983,0.14626686259310837
18984,0.13912899443899623
18985,0.13620736904985087
18986,0.1575019094183461
18987,0.1368049782428612
18988,0.13096380298239368
18991,0.07020380805152208
18992,0.1401301104921405
18993,0.14903313712938762
18994,0.26165070241535854
18995,0.14805959016528109
18997,0.13919748807946486
18999,0.13605497638392122
19002,0.12049751030047498
19004,0.13759425385740098
19005,0.11711482318443901
19007,0.128850567837014
19010,0.14260313266793243
19012,0.14099655824542134
19014,0.13541433304303113
19016,0.15090809537567088
19017,0.1758894260155115
19018,0.1436544052484628
19019,0.1452035600110947
19022,0.21483283571554684
19023,0.2831840932971449
19024,0.23834245975733542
19028,0.144623404207933
19029,0.05373547317136991
19030,0.06574779125933863
19031,0.17658720080918586
19034,0.1430338210886839
19035,0.06112510860732084
19036,0.14199761692278812
19037,0.14496817926779765
19038,0.16132985451778076
19040,0.06225957490525272
19042,0.24002279510997615
19043,0.14042058891735196
19044,0.13897337306389002
19047,0.22096405317485143
19048,0.16499178131605938
19049,0.14665289232116024
19051,0.15069092691719005
19053,0.13921322511342876
19054,0.25049581320640585
19056,0.1346767757165839
19057,0.1526641306387037
19058,0.14174413279387157
19059,0.1272808750351293
19060,0.14846689188244264
19062,0.15880240054226213
19064,0.16032765022852727
19071,0.23545070195422768
19078,0.13030226143085985
19079,0.14319849608631505
19080,0.12409476491502654
19081,0.06659612419382001
19085,0.15099670172910587
19088,0.15770099041511793
19089,0.16318833036007133
19090,0.15101549523966218
19091,0.2482591350827687
19092,0.13219621542027288
19094,0.1425920199821705
19099,0.1636825262060112
19100,0.14729086177513193
19101,0.06518159947413461
19103,0.1455920204124317
19104,0.15552373174469492
19106,0.15308617250080822
19107,0.24278022025458726
19108,0.15378076088808182
19109,0.031210242163725643
19111,0.14076248066873898
19112,0.1513010575867421
19113,0.14244726362862942
19114,0.1500912017940469
19116,0.17092810240133427
19117,0.16795888577673657
19121,0.14047043066222378
19125,0.23544813212121873
19127,0.20090428776088828
19128,0.14212870368321642
19136,0.1364246612020085
19137,0.1321263379961457
19142,0.16494578864105602
19143,0.14055836568286686
19144,0.13884797439465907
19146,0.1437135846080879
19147,0.13136870785294635
19152,0.07310555105041416
19154,0.06130814478170124
19157,0.14312798360382134
19160,0.1551787246056782
19161,0.06375208728723296
19162,0.24010193473542685
19165,0.03245748763488768
19167,0.061320155652598886
19168,0.14466782804727746
19171,0.06477455102035086
19172,0.03154548380049105
19173,0.15673597876805695
19174,0.14695209175801172
19176,0.1382512602407841
19177,0.15354950151034447
19178,0.03154548380049105
19179,0.22946737326772337
19180,0.21953801711705928
19182,0.16482218857912023
19184,0.14927918686979583
19185,0.06063767809123604
19187,0.0638495547557861
19189,0.23272403606868497
19191,0.11623512230412208
19193,0.1363906788389324
19194,0.16950638206546664
19197,0.1983733105188837
19198,0.14374552642953392
19200,0.1630187110959858
19202,0.06137072864011724
19204,0.07901728529973237
19205,0.15007780608133495
19206,0.13884189276310713
19212,0.06190567101011434
19213,0.1415616346653552
19214,0.3744414784644818
19222,0.16206973024858726
19223,0.1536783537017415
19225,0.2277653300535663
19228,0.16070073899524814
19230,0.3652846569112205
19236,0.1491280463563992
19240,0.15619100687391682
19241,0.15632575347587385
19242,0.1419508511221638
19243,0.3401126436931689
19244,0.1387089650097773
19248,0.1355741378942522
19249,0.16252130242139706
19250,0.1482231632217897
19251,0.16716423346226938
19254,0.1483106997270399
19255,0.14461678801973013
19258,0.14996926421571596
19259,0.15429691620064095
19260,0.24746918719719635
19261,0.1282361902291225
19262,0.06518159947413461
19264,0.13937612421988493
19265,0.16114088540714488
19266,0.15425481422986476
19270,0.13738524249703135
19271,0.14306273175218917
19274,0.14338890188742848
19275,0.14415421994612507
19276,0.1343745406373417
19278,0.061426317915542754
19280,0.12991767744324864
19282,0.15428518785568696
19287,0.1642059102227681
19288,0.14181159762113513
19290,0.1526781913519042
19293,0.15682792854546893
19295,0.2257933500919494
19298,0.21545744009348267
19299,0.2041933514694798
19300,0.0635688620717404
19301,0.1332951332727506
19304,0.1481987443545944
19305,0.16050748638798978
19306,0.13308343236750797
19309,0.172422260871803
19310,0.1359270758718589
19311,0.23079587456919687
19313,0.19047964023027175
19317,0.15031651540104787
19320,0.17077487539027128
19322,0.03195773239789726
19324,0.1804975862464551
19325,0.15213461662974925
19326,0.1314203924274224
19328,0.14937283753441996
19330,0.15172489412374107
19331,0.4197266471075436
19332,0.15235744291982292
19334,0.1470237566302074
19337,0.1384623979944173
19338,0.15221903874523082
19340,0.1293154442500372
19341,0.14385169522387173
19342,0.1413081783536452
19343,0.16487501022747092
19347,0.34514617887298205
19348,0.18120330090536224
19349,0.21954163256120404
19354,0.1610232627038319
19356,0.15241794006216242
19357,0.1378210376365697
19358,0.22242109268510857
19361,0.13307763603294231
19362,0.13998169732224708
19365,0.14015919916264225
19366,0.14564912276579042
19367,0.16147767845572839
19369,0.14022521299456303
19372,0.1421569852596296
19376,0.062136290660451794
19377,0.14850334767773987
19382,0.0642618868056885
19383,0.23707259870408187
19384,0.16085104390971597
19385,0.14335886000276862
19386,0.16626232390758475
19388,0.1437375754025964
19392,0.14902270173206045
19393,0.16087601760088313
19394,0.13920737370454936
19395,0.22492043369220993
19396,0.15018399502010435
19397,0.11493668241115787
19399,0.15726941991571222
19400,0.16777606436242543
19402,0.14896506987144834
19403,0.1635488515089963
19404,0.13013937984690543
19405,0.13874814303845645
19406,0.14052798598766206
19408,0.13006519306167122
19412,0.15909433568859596
19414,0.15213309733374322
19419,0.23286351079860668
19421,0.16602417675217282
19424,0.1260788216608795
19429,0.3635468355904494
19431,0.1499364462694103
19432,0.1403752324514251
19434,0.061875492307819704
19435,0.13894458624054729
19436,0.13729227828761673
19438,0.13637254176197816
19439,0.2420964329176227
19441,0.06117113842059232
19442,0.06422355059410967
19443,0.1449848874841969
19447,0.13173101263951173
19448,0.14087377903120707
19449,0.13344563430124942
19450,0.15143498424345986
19452,0.14792925593171535
19455,0.248972061085924
19458,0.1402318191830828
19459,0.1628481284490121
19460,0.14517314374437598
19461,0.057786802101681
19462,0.14177173573897622
19463,0.15180584231500172
19468,0.1484585517800383
19469,0.032367280847893073
19470,0.3585643858567688
19471,0.23022751919243825
19472,0.14568173270658738
19474,0.14271839745062034
19475,0.1399687239029025
19477,0.14953232724248794
19478,0.14451682953941344
19479,0.27425707643226743
19482,0.14943590855357616
19484,0.26165070241535854
19487,0.13883582669588737
19492,0.13744199761414277
19495,0.13813024631275828
19502,0.1479128319820939
19505,0.13193210391626606
19506,0.13964552837971878
19507,0.12991767744324864
19510,0.1269630631057208
19511,0.3712857089952672
19512,0.061426153077951816
19515,0.1507694676604258
19520,0.1579175765858239
19521,0.15363999758223135
19526,0.15018786485168373
19527,0.14334828650556453
19531,0.24948904963423307
19532,0.13767753223713555
19534,0.1524357820010931
19538,0.1499594785145945
19539,0.06225356274878632
19542,0.13254895689439442
19543,0.12567171459286414
19545,0.15651871918201785
19546,0.15441377399119033
19548,0.1907512865485554
19550,0.16450763123133436
19552,0.1359579085195649
19553,0.02981196400925333
19554,0.13824925487149364
19555,0.13407153229893434
19556,0.15546846972047987
19557,0.1528887406653434
19561,0.14684031684572788
19563,0.15398995702323487
19570,0.1366963235953221
19572,0.13998169064072308
19574,0.23163358926168054
19578,0.1393269494935109
19579,0.15591518452953138
19582,0.1909084130564567
19586,0.061737261645339846
19587,0.09627310150208777
19589,0.13848192128505654
19590,0.06361332364170644
19592,0.14255122461510644
19594,0.06630104787762466
19596,0.23551308568337137
19599,0.13716096615061307
19600,0.13510213742156696
19603,0.13274530298325232
19604,0.13653854974462362
19605,0.17078950656436992
19607,0.12359665817521753
19616,0.06283512298863263
19618,0.06453815880852369
19619,0.033181382533902536
19620,0.13970344077054941
19623,0.14169660459040548
19624,0.18895412092592212
19625,0.14427052858578313
19626,0.18777249186704198
19628,0.15691044068801036
19629,0.16950607196491552
19631,0.1264354360123721
19633,0.141297775161647
19634,0.14814842551194293
19635,0.2609183116530762
19636,0.14491724372894932
19637,0.13747904112689424
19639,0.1636975575650707
19643,0.1479128319820939
19644,0.15759895940489885
19645,0.18895412092592212
19647,0.16025601592440936
19649,0.15022472999772216
19650,0.13968632412831927
19652,0.1583705465256598
19653,0.1870820667734372
19656,0.13670471793379615
19660,0.15565472327422203
19663,0.1605065080344196
19664,0.14878093374492848
19666,0.1470986497879669
19668,0.14150857427594737
19671,0.14006689552367954
19672,0.14266630033224018
19674,0.22315534229820344
19675,0.1429410894945174
19676,0.1513010575867421
19678,0.161866031350539
19679,0.14529956940630273
19680,0.1626797426494561
19681,0.15488646600327427
19682,0.13940255294732834
19683,0.14713174087354627
19684,0.1323345179064177
19686,0.1434556607069228
19687,0.17089877627165115
19691,0.14202337420578415
19692,0.13912899443899623
19698,0.21615133787759674
19699,0.14402888458469812
19700,0.14539862083169364
19702,0.1407369668043713
19706,0.15718435432431566
19707,0.35542134569124345
19708,0.14451682953941344
19709,0.16603461670431968
19710,0.13369657951440247
19711,0.14203420589135565
19713,0.07882948998578045
19714,0.14194118999450617
19716,0.1667420344333309
19718,0.12915113411659257
19719,0.1634945061065688
19720,0.11976856549356128
19724,0.03163120955612197
19726,0.2387292048465931
19727,0.15009495924970542
19728,0.06253391092752213
19729,0.14193755955874265
19731,0.2369005749803862
19733,0.15278257114669216
19735,0.13807614155017403
19736,0.1533539363898667
19743,0.14900677191191128
19744,0.1539537686276272
19746,0.12833029824016223
19748,0.14785277009489056
19750,0.1507418127405971
19751,0.22363485917986947
19753,0.13815694340742676
19754,0.1443523338197464
19758,0.12658848575320428
19760,0.18044554565405108
19766,0.06266175435110748
19769,0.03154548380049105
19770,0.1638378379979426
19775,0.15618206573435345
19778,0.13694857829332688
19779,0.035829738460454445
19781,0.13670024830868022
19782,0.3553529313167868
19783,0.14557486936740166
19784,0.06164724447867485
19785,0.2461426754303955
19788,0.23709532499931846
19790,0.14883563276060785
19791,0.0639820618551801
19792,0.033435052035691304
19793,0.14450674368068103
19795,0.138583833079187
19797,0.24780821917996632
19802,0.06319663389783574
19803,0.16012632067388974
19805,0.14646163485319091
19806,0.16414880812765587
19810,0.1672435749673198
19813,0.031210242163725643
19818,0.13108207988585624
19819,0.15935388412127838
19820,0.16675156086022458
19824,0.1825928816839705
19828,0.1301391139341119
19830,0.1427412743766077
19831,0.25643663261065924
19832,0.03292271760433578
19833,0.179075654861328
19834,0.15386907444269093
19835,0.14147239796686056
19836,0.13691592409963296
19838,0.15286511145867412
19839,0.1558767484389398
19841,0.15207214677885644
19843,0.13769397398972233
19844,0.1408239330315809
19845,0.14296357163618498
19847,0.22959016174489402
19848,0.16606411489003778
19851,0.2223523746429044
19853,0.1543285787854673
19855,0.14431175383337966
19857,0.14971096759777144
19858,0.1490277463212444
19861,0.06361332364170644
19867,0.14957969929590803
19868,0.15227725359672248
19871,0.13303736111828532
19875,0.147699072983722
19878,0.138741513510732
19879,0.0635477182244425
19881,0.14582213836939178
19882,0.13687141412229512
19883,0.13762434395988948
19884,0.2301804057545222
19887,0.41471002778777954
19889,0.14637569532675923
19890,0.15185824832823008
19893,0.2204596302895861
19894,0.2522209853173801
19896,0.1326042884141565
19898,0.3552894643032557
19900,0.2587730261961913
19901,0.15079505857165987
19904,0.15589382522330764
19906,0.35510230118448166
19914,0.0619825135769984
19916,0.06321964326942187
19920,0.2335934023100456
19921,0.06371771188983133
19922,0.13375282759076498
19924,0.29048579271143476
19925,0.14688165793152347
19926,0.1717531275449726
19935,0.061575841763726095
19937,0.1346084296163392
19938,0.14606110910903367
19941,0.1453950566298426
19943,0.13013937984690543
19946,0.15036173105489356
19949,0.06361332364170644
19953,0.15466569481037062
19955,0.1618134555300766
19957,0.1629114978744822
19958,0.15118007181808654
19959,0.16837111988880415
19960,0.14084861233667859
19963,0.14688152930150605
19964,0.346225749002252
19965,0.1704454409432885
19966,0.15594409062132478
19967,0.13165865046591102
19968,0.17087996865820435
19969,0.03176729142307188
19970,0.06305650495599856
19972,0.11223372800519939
19973,0.14146630310489702
19974,0.0766302712713036
19975,0.15360435453425705
19977,0.2630740028154097
19983,0.06221630561114481
19984,0.0777583646592559
19986,0.23079587456919687
19987,0.1582671540695931
19988,0.14602479103986624
19989,0.12848514359725563
19993,0.12192533764274532
19995,0.13382717153795215
19996,0.15496275900434958
20001,0.15282263762374176
20003,0.1325712475536162
20004,0.15250798969605106
20011,0.2691871841317778
20016,0.21670232999814074
20019,0.15656467166379032
20020,0.13307685835306438
20024,0.15234827206730334
20025,0.25405715691635616
20027,0.15360435453425705
20030,0.15816212161199286
20031,0.05918079342483855
20032,0.1512203469856966
20034,0.15235889790624915
20035,0.13720408851703617
20037,0.07382712688769731
20039,0.13906560806535465
20040,0.14875584199194597
20041,0.13785378331538378
20042,0.14615302226413615
20043,0.1581995206437531
20045,0.1359635149170114
20047,0.16359623143911928
20048,0.2356678861773169
20049,0.1522452862225709
20051,0.2837052944489291
20053,0.1564151016115775
20055,0.15319177443726933
20057,0.24597094815779322
20058,0.1560692459712349
20061,0.15174695247536935
20065,0.1477882621933661
20066,0.13925562318229767
20067,0.15031336130485082
20068,0.061737261645339846
20070,0.17056163501304977
20072,0.14737835713775566
20073,0.16779082660732397
20075,0.17121088509638738
20077,0.22219171362420292
20078,0.13813097186317608
20079,0.14479398137867194
20083,0.1361537982166246
20084,0.09176633735393167
20085,0.14613495261696413
20086,0.06591316633830513
20088,0.13971487095404803
20089,0.15187525850594055
20090,0.06283512298863263
20091,0.27697884284691854
20094,0.17355972156707475
20096,0.14858578464961295
20098,0.12386015336157576
20100,0.14325744125558873
20102,0.2043334072744534
20103,0.15838011399938698
20104,0.14852591927616066
20106,0.1381117576052483
20108,0.4112498952121319
20110,0.15060860802298298
20117,0.16067249369343817
20118,0.39556258333934463
20119,0.14541843286669426
20120,0.275113553541935
20126,0.1329879734480778
20127,0.14313291715223986
20133,0.13427336958072764
20138,0.13802887754771115
20141,0.14500780367290805
20145,0.18293409396665086
20146,0.0654408579297649
20148,0.17005121453542063
20150,0.14884488011991392
20151,0.14928599839036413
20152,0.1481690208520043
20156,0.14067248284658518
20158,0.15540321332158696
20160,0.1492797105269895
20161,0.06346952617980912
20162,0.13965786010404027
20164,0.19441972742369357
20167,0.11931626357658938
20169,0.1596357644622801
20170,0.16089378295661086
20171,0.14484494292967118
20172,0.06195512607513117
20174,0.13306697715345145
20175,0.15036453247641984
20178,0.1480478886929067
20181,0.14034148835503912
20184,0.06281714365621284
20187,0.2728907157408976
20189,0.14191636653826223
20190,0.15551551212183518
20191,0.1411120990896971
20192,0.15285701914046626
20193,0.1609071868160942
20197,0.2380421958574434
20198,0.13857674823706478
20199,0.13457172009927248
20201,0.14272703097219736
20202,0.1332951332727506
20203,0.14515925516555025
20204,0.14489789992833477
20205,0.14113803284896628
20208,0.06260796275372241
20210,0.147341184328073
20211,0.14868252610961588
20212,0.15515335990172338
20213,0.15872145022610115
20214,0.17157449338785866
20217,0.15056253565210173
20218,0.1487939284996917
20220,0.14539862083169364
20221,0.13956802202414959
20225,0.15143767301401817
20226,0.15854901484761152
20229,0.14066631484846395
20234,0.19469986608385473
20238,0.14162632421469365
20241,0.06839141543299151
20242,0.14677755819202865
20243,0.16413131619425042
20245,0.15554075691304992
20248,0.15979671140059348
20250,0.15386020034605852
20251,0.23336235558182142
20252,0.14438238758830704
20255,0.06320922416294257
20256,0.137394376320932
20259,0.06280384444033159
20260,0.06497898012340626
20261,0.1431834407635688
20262,0.1355514512946087
20263,0.13797403863221766
20265,0.05467470519199679
20266,0.2620932727854641
20269,0.061084574081699795
20270,0.15309308694593685
20274,0.1293352571792179
20276,0.21728111333693195
20277,0.26632861455281676
20278,0.13971487095404803
20282,0.1422122916955179
20285,0.14316146104617034
20286,0.16338071908091112
20287,0.06527892048964978
20288,0.24030241256235596
20291,0.23435501624299046
20292,0.06857772525027704
20293,0.14818303795465315
20296,0.18014790100828426
20300,0.14564745338282387
20302,0.14248432897323512
20303,0.15889019430856544
20305,0.17408501469803087
20306,0.16216389190734842
20309,0.13672239131321975
20314,0.2475131679585061
20315,0.14434492821252587
20316,0.1399392661625665
20317,0.1359579085195649
20318,0.15017233824740722
20319,0.1291878320784262
20320,0.16776254798886456
20323,0.1538329201011776
20324,0.06474265167968205
20325,0.06420153885021647
20326,0.06329322243107191
20327,0.13725479691062187
20330,0.1480261749000321
20331,0.1474182477252547
20342,0.18385250382873244
20343,0.14527252645808325
20345,0.16462079295561657
20347,0.06601398186801306
20348,0.13796563767962594
20352,0.1189124955615732
20354,0.06293774356815479
20355,0.14727811720745956
20356,0.2594801918623281
20357,0.1535240247589469
20359,0.13461188565905047
20361,0.15680290150577053
20363,0.06280384444033159
20365,0.15979782124369732
20367,0.34102192140003773
20370,0.0631836689178388
20372,0.11878058573820365
20373,0.15613580479516706
20375,0.35455461582605174
20376,0.1415139253238899
20379,0.06457294630623077
20380,0.14349566542761097
20383,0.1359270758718589
20384,0.1678135181561442
20385,0.11856564218523054
20386,0.13767388086961407
20387,0.19490720788275273
20389,0.142267504379973
20391,0.16568892575260463
20392,0.07380006906291571
20395,0.14721411848458255
20396,0.22629291347510977
20398,0.2917769448766746
20401,0.1407915239875804
20403,0.15685224974722536
20404,0.14097820894457214
20406,0.251068589867814
20407,0.15565380007539772
20409,0.14906894609966492
20411,0.14050542215958464
20412,0.15993233088784017
20418,0.14487958393944214
20419,0.14234960906643
20420,0.06280384444033159
20423,0.14273504274588708
20430,0.16141640464050752
20432,0.13445498749360282
20433,0.36708444614886554
20434,0.24737231092726691
20437,0.14636553360166885
20438,0.17640188488070938
20439,0.1407369668043713
20440,0.1365921575737295
20442,0.13457295190927043
20444,0.25468859053013043
20446,0.1364723227268584
20449,0.16884420948898757
20452,0.12879696914404565
20454,0.14813290546544308
20455,0.14855917987126305
20456,0.1347353712741067
20458,0.15639819458542428
20462,0.15199371346441595
20464,0.14828436204728684
20465,0.13855310241549784
20467,0.15131573024320072
20468,0.03250686662518391
20472,0.19015262644826897
20473,0.05911501814761234
20475,0.14099655824542134
20477,0.15948327320006353
20482,0.13389057840310248
20483,0.2705736423775814
20486,0.2401044643375891
20487,0.18900653212204735
20490,0.1472218021603171
20491,0.13950083027989252
20494,0.06278528086171804
20495,0.14628880716822856
20496,0.13682028170714347
20497,0.13485152010248314
20498,0.22242109268510857
20499,0.14357744235704523
20507,0.12049751030047498
20508,0.14818244301791328
20509,0.0710783997229074
20510,0.1411502904079902
20511,0.14883457293939578
20512,0.06356261496668912
20513,0.16514880002410826
20517,0.14849101493882874
20518,0.2715127236944309
20522,0.16652822077617382
20525,0.16226137011312297
20526,0.13213494329782596
20531,0.23496741330368234
20534,0.1609071868160942
20536,0.13702625739664176
20540,0.13514778801778737
20544,0.15441740324703648
20546,0.1531867950278222
20548,0.06225957490525272
20549,0.1486619166077544
20550,0.03770178222773535
20551,0.1285391735663401
20552,0.15240822574380236
20553,0.13501051738890252
20555,0.23332199172862728
20559,0.1925599431740663
20560,0.148030037308635
20561,0.24583800466407477
20562,0.14370165840959265
20563,0.14247941425082422
20565,0.15991366852807795
20567,0.15057985997982548
20568,0.19187279478556488
20569,0.14021048128931923
20572,0.1355085338162246
20580,0.16433556180405812
20582,0.14869590736625313
20584,0.2700620570390016
20585,0.14841169000842905
20588,0.031418571609591446
20591,0.15066137627551462
20596,0.14430214684012996
20597,0.06126565794915077
20600,0.1503208973658144
20602,0.22650712115723057
20606,0.06534920618766464
20609,0.14506264596275423
20610,0.1492118347453939
20611,0.14790098887602784
20613,0.13999018151623568
20616,0.23071377462498247
20619,0.031687928409027386
20622,0.15268626817062014
20627,0.14102312749094523
20630,0.1377448658350743
20631,0.061426317915542754
20637,0.13235203852980873
20641,0.2410517075879029
20643,0.26460934967678423
20645,0.15007817085962527
20647,0.11889792923160332
20650,0.15357431276664563
20651,0.13271851526821968
20653,0.16866877907218758
20654,0.16883100846079835
20655,0.0620097152341598
20656,0.16217986444533664
20657,0.1379833364823127
20659,0.06225356274878632
20661,0.06891864895126684
20662,0.06345961537819694
20663,0.1431643088747742
20666,0.1464575117502506
20667,0.1292930233194741
20668,0.1470453748571355
20669,0.2446390200865519
20673,0.06306251104774215
20675,0.15608645184290615
20676,0.18423402935939365
20677,0.14696038654122778
20681,0.1278234007640911
20684,0.13673905834092745
20686,0.14978726567199846
20687,0.146684915199693
20689,0.14475837569320657
20690,0.15442568027663547
20691,0.1505915944069175
20692,0.14634348645485817
20694,0.13612483084365215
20695,0.16365694645459378
20696,0.06494947358123539
20698,0.14548972542537247
20700,0.1746477911770557
20703,0.1381961974545234
20704,0.4034785131927059
20705,0.14313843753160774
20706,0.11526400366905092
20707,0.14718914743160597
20710,0.2552870884355486
20711,0.1347770398086707
20712,0.07647021186236458
20713,0.14669216854804862
20714,0.16058711598512523
20715,0.14013330821202122
20716,0.18842927584596197
20722,0.15287148910827578
20724,0.19150473540410506
20726,0.2601426699875183
20728,0.16711334546954862
20729,0.2646047357344731
20730,0.14505578605816966
20734,0.14545605442802048
20735,0.06231275679866245
20736,0.14067248284658518
20737,0.12948392293618144
20738,0.157676664669553
20742,0.2382544858104686
20743,0.06253391092752213
20744,0.14433413617838586
20745,0.1513671102011572
20746,0.152495134469903
20751,0.1006791189736374
20754,0.14483563900497293
20756,0.25950947614142766
20758,0.1449039952177517
20759,0.1576990729304659
20760,0.16407674786514947
20761,0.21701150206637032
20762,0.1295644377101225
20763,0.08074112424338677
20764,0.14276648890365082
20767,0.2557605730682311
20769,0.07775748324508387
20770,0.14605480637014326
20773,0.14077614818703096
20775,0.3432492823699072
20776,0.1341928001121204
20777,0.24886154299212976
20778,0.06341508806906329
20782,0.13833227164841944
20783,0.13738967804408236
20784,0.14050542215958464
20786,0.09084902892554197
20787,0.14212104953795976
20788,0.13864056374378886
20789,0.06241604950247298
20790,0.06431921833569794
20791,0.163511434980599
20800,0.25643663261065924
20801,0.1392295524100153
20804,0.15435549488309458
20807,0.19465253921019532
20809,0.06386746393749566
20810,0.34411265734306395
20812,0.36485242345165697
20814,0.15399055101269984
20815,0.14113479591948638
20818,0.03147981497185768
20819,0.15859629487534002
20820,0.15242491746638626
20821,0.1485092741624525
20823,0.15187166682158762
20826,0.18144328758037986
20827,0.26723513024837686
20828,0.15865146478745795
20829,0.12839787188314555
20830,0.1604280448351499
20831,0.1332099641034228
20833,0.15445997675352088
20835,0.06634151817920171
20836,0.14348427591173535
20837,0.17001996909713885
20838,0.14336084635845836
20841,0.15571319672676914
20842,0.1429118624678481
20843,0.14953560117143486
20844,0.12682238114966454
20845,0.14750780091459478
20849,0.23138861584444215
20850,0.14395273362629554
20851,0.15055945701506673
20852,0.15915136575559677
20853,0.16698626563437804
20854,0.13759425385740098
20855,0.15628449247735113
20857,0.06486304613395139
20859,0.14334543960169993
20861,0.14029110912377663
20863,0.17420690061751187
20864,0.28527773009662477
20865,0.14069966099890385
20866,0.07213644208873002
20867,0.23079587456919687
20868,0.22097390949864257
20869,0.17237046662482483
20872,0.1564588802647045
20874,0.061737261645339846
20875,0.1534760693725008
20876,0.14246176941217467
20878,0.19202940681762257
20879,0.1483602968700903
20880,0.06329322243107191
20882,0.23660162546542232
20883,0.23815419618013994
20885,0.03199434236328292
20886,0.14989928414532083
20887,0.06368836321900696
20888,0.15613580479516706
20889,0.1473789531699901
20891,0.1405225192318613
20892,0.1602951739240758
20893,0.15528144630629795
20896,0.15208972672234267
20897,0.06221922089540461
20899,0.1525384640127531
20900,0.2585853784383068
20901,0.1515051248795112
20902,0.15068422563198805
20903,0.13778082474853418
20905,0.1369000968094593
20906,0.23722058085894612
20911,0.1440023000246845
20912,0.17301993865985243
20913,0.16884707974380408
20915,0.15110292519525997
20916,0.18276046107962676
20917,0.35465504160416284
20921,0.13574978417869443
20924,0.13247750122986873
20925,0.14667158371056066
20926,0.14762613510541858
20930,0.16399892972051539
20932,0.16155124580923852
20933,0.14478272802917713
20935,0.1560197022436064
20937,0.09282544449258719
20940,0.16829952900167183
20941,0.05911501814761234
20943,0.13894314720221768
20944,0.06280384444033159
20946,0.06346952617980912
20947,0.14675276198630152
20949,0.1471712851655906
20950,0.130661146745041
20955,0.13741532982710966
20957,0.16039433910994727
20958,0.1478003879077457
20960,0.16230974920642596
20965,0.22689244614133436
20973,0.24388017685622132
20975,0.13226626873191005
20976,0.15429306810509674
20984,0.16206973024858726
20985,0.1407312067083081
20991,0.25467765988307134
20994,0.06306251104774215
20997,0.14817146134052772
20998,0.14336113395794112
21003,0.14454266510258706
21004,0.15561591752577364
21006,0.11441296401296068
21008,0.14001826626302086
21009,0.07302288019509147
21010,0.1473249678315167
21013,0.2467182455515849
21014,0.17888780270729535
21016,0.1461753727421133
21017,0.14458822583107334
21021,0.031687928409027386
21023,0.15273715770394905
21024,0.14252942068009145
21025,0.1284564628220424
21027,0.15395860844744622
21029,0.06686670520857055
21030,0.06376956119472488
21031,0.06220535237987536
21032,0.17460245362760218
21033,0.16058711598512523
21034,0.22768710315136523
21035,0.03245772541869284
21038,0.15981582194470975
21039,0.11396818216746865
21042,0.14828436204728684
21046,0.14537511044624643
21047,0.140899744895405
21050,0.06345961537819694
21051,0.2280132930043291
21052,0.14872965924943654
21054,0.05929888639095819
21056,0.17765918426306523
21057,0.14358786225081924
21058,0.13797702395212813
21059,0.14103842114778273
21060,0.06518159947413461
21063,0.05232256247281308
21066,0.06265196124540685
21074,0.15388806046984185
21076,0.15300050857148628
21077,0.15282000021816042
21078,0.1339743404028126
21080,0.1445894120740714
21084,0.03134805163584959
21090,0.23075074431112272
21093,0.1377424053945968
21094,0.14603207475132834
21095,0.23386246680821574
21096,0.1509715304203311
21097,0.22305189802910336
21098,0.06294961154796122
21099,0.14979318745963371
21102,0.15092941758526557
21103,0.15784095414124447
21104,0.14142804940851333
21105,0.15071781606148293
21106,0.21508456437156379
21107,0.18901007700740727
21108,0.159441495669437
21109,0.06359692343679056
21114,0.06153361285106353
21119,0.14197970976398527
21120,0.13998769252821328
21121,0.14396322957910837
21125,0.17001817507526187
21128,0.16327365858690035
21129,0.06527892048964978
21130,0.1471291212671679
21131,0.1323528890428953
21133,0.24023996876322065
21134,0.1523876339302926
21135,0.13669630527193435
21137,0.1240578116442824
21138,0.1425310344985447
21139,0.06361332364170644
21140,0.15014561224013898
21141,0.1423647096128122
21142,0.14688427089539616
21143,0.14453705084405885
21144,0.13476022992832934
21146,0.08404645052809094
21147,0.1591752635348078
21149,0.15363399761653182
21150,0.1333772972268377
21152,0.23224203726431294
21153,0.14851349316733872
21155,0.06475148124448409
21158,0.13075121448334306
21159,0.14139303889670887
21161,0.1669157961676368
21162,0.1326251790214402
21163,0.14517729399271878
21166,0.14502218195368463
21167,0.1809909180299321
21173,0.13195552852605907
21174,0.1552180427960835
21177,0.15422875478527667
21178,0.15288187343092546
21180,0.2438599719110248
21181,0.06487887380077025
21182,0.06253391092752213
21183,0.16001203847769002
21184,0.14223806588244106
21186,0.1383389204894091
21187,0.23326221815961204
21188,0.14117253512164302
21189,0.158447868254577
21192,0.15303905714716837
21193,0.1604123502579822
21196,0.06265196124540685
21198,0.15009495924970542
21199,0.14595735342624894
21200,0.16180764429447592
21204,0.1643953730119542
21206,0.13629949092971208
21207,0.14208218486173996
21208,0.16093958140194017
21210,0.14277603297648064
21211,0.062274510552525364
21212,0.14671703578210682
21213,0.12739469978310694
21214,0.14679849483835208
21216,0.2323701304104814
21217,0.06487887380077025
21218,0.1698159690330223
21219,0.23876357922550534
21220,0.1389523242133001
21223,0.2600041039204572
21224,0.1696342323653753
21226,0.26951481814207573
21227,0.1417354077931724
21229,0.06223329455030198
21231,0.16384575049424183
21232,0.16456192628198624
21233,0.14875253502188576
21237,0.1434412661324269
21240,0.14089860913436247
21245,0.2316409135841213
21246,0.1558508971544847
21248,0.1572353219069494
21251,0.1356238651544644
21252,0.1395450625970422
21254,0.1446304832248077
21256,0.15535930345680796
21257,0.14097181473480225
21258,0.1763725783854669
21259,0.24396899968303176
21260,0.1841813300724184
21262,0.1376150145462064
21263,0.19063624931229078
21264,0.18923911884809044
21265,0.1434406909859211
21268,0.06150650294752889
21269,0.031157373323439385
21271,0.25350329408911015
21272,0.23772377194739003
21274,0.16146016839004804
21276,0.11946248684209815
21279,0.14621970764218342
21281,0.1406578337006966
21283,0.21959721800793888
21285,0.11603979124330172
21288,0.15533040221973318
21289,0.22914076073314044
21291,0.1362342172370356
21292,0.06280384444033159
21294,0.18809293488010653
21296,0.1444511591224256
21299,0.14223440735935858
21300,0.14439895838727598
21304,0.06225957490525272
21306,0.06644541112842631
21307,0.14131979129786515
21309,0.16493532596730667
21312,0.14167349847695526
21314,0.15635290223816928
21315,0.34404638678120947
21316,0.1339723775969862
21317,0.13773850654623523
21318,0.08449154931316728
21319,0.15091252765323585
21320,0.15273189600725973
21321,0.14022264884094207
21322,0.22932930492535458
21323,0.15805025849161247
21324,0.13836466924163002
21326,0.25565695625312473
21327,0.1475266616526131
21328,0.1518846169508485
21330,0.13721135811071467
21331,0.16083203324392062
21332,0.23252280960210778
21333,0.14586311730006704
21334,0.15802585505169717
21339,0.06401418017343061
21340,0.05848020385764857
21342,0.06225957490525272
21344,0.1718890361168049
21345,0.23951326583353108
21346,0.255031147213687
21347,0.06931667305323581
21348,0.03270975172030604
21349,0.1364429664575215
21350,0.1559272255944806
21352,0.06361332364170644
21355,0.06306251104774215
21359,0.1980361335632306
21361,0.13660466451027456
21362,0.13835296572237296
21364,0.1463775294576298
21366,0.08793662891419898
21367,0.1494759857378276
21368,0.1420041373143315
21374,0.2344196044997004
21379,0.1335363268901765
21380,0.0773300077565068
21382,0.1299680088934178
21383,0.10395931048507351
21385,0.14310159121802174
21388,0.16625332741404428
21391,0.15788198389463062
21393,0.14201129804269136
21394,0.23535162228935436
21395,0.14112179283298235
21398,0.15075432714538228
21399,0.06098769259727286
21400,0.156337267536503
21401,0.14137148192352125
21402,0.24913377362608802
21403,0.2275640728137971
21404,0.06280384444033159
21406,0.1463775294576298
21409,0.13835006631529606
21410,0.14813946372106987
21412,0.19539792575338907
21413,0.1347580796671592
21414,0.15509133943320058
21415,0.15129604320867795
21417,0.06159406365618416
21418,0.1621922162197295
21419,0.12864189187509176
21420,0.14121710496698553
21421,0.23578830767299064
21422,0.13836466924163002
21423,0.06319663389783574
21426,0.16772028551219229
21429,0.0616889770347612
21432,0.1477407356397958
21433,0.15451654363674894
21434,0.1486315605867489
21435,0.15988778281663904
21436,0.062096879752385564
21437,0.22336483381743027
21438,0.1471938059171185
21443,0.18446928937896614
21445,0.15970332331693238
21446,0.12392448266690319
21448,0.16477589765126013
21450,0.062379292851664325
21451,0.14277917639293292
21452,0.14441612377950303
21453,0.1506678037511752
21455,0.16762468057172678
21456,0.16732476747523345
21458,0.061426317915542754
21459,0.1596143626639597
21463,0.1497788842801305
21464,0.3555218334901873
21466,0.06280384444033159
21468,0.14311233519471636
21470,0.11760667707654626
21473,0.16259377460544636
21474,0.14127004118758144
21476,0.15242491746638626
21478,0.09334368552487829
21479,0.15429691620064095
21482,0.13584312895334993
21486,0.13219439658427806
21487,0.14407133629415536
21488,0.1282435814972042
21489,0.06358633310373649
21490,0.1433240797227048
21492,0.2576148194005454
21493,0.24945625441166025
21495,0.14300163150395917
21499,0.15268626817062014
21500,0.12787667988095447
21503,0.14062681820047812
21504,0.16456876979702953
21511,0.061426317915542754
21513,0.15686235854463207
21514,0.06166072416778568
21515,0.25657170972051974
21516,0.14536792574113072
21517,0.03680580085316924
21519,0.13973196876414684
21521,0.14473809176873068
21522,0.28237267186516446
21525,0.0645241028723417
21526,0.22358474816904464
21527,0.13554759688924295
21529,0.15833403092670786
21530,0.11760667707654626
21531,0.29568264517751336
21532,0.2277653300535663
21533,0.13690245169597523
21534,0.17255124336140915
21538,0.0804030543666892
21540,0.15172599436072298
21542,0.13407153229893434
21544,0.15787853130581728
21545,0.0703435705766164
21547,0.15295334900693094
21548,0.148100158421018
21551,0.1331895301417526
21552,0.16907419834508097
21556,0.131005419098899
21557,0.13936024856088383
21558,0.12993058464643326
21559,0.22358474816904464
21560,0.1134310782475342
21563,0.065546838247038
21567,0.1669485955589659
21568,0.13746855194714178
21570,0.06502436494417436
21575,0.1368531655390897
21576,0.3650068156364093
21577,0.06174117401001067
21579,0.14190136364449685
21580,0.06305650495599856
21581,0.14521921419246786
21582,0.14062592057517062
21586,0.1727960265909672
21588,0.14724508085991364
21589,0.15354950151034447
21590,0.13504284334321534
21592,0.14557327138903162
21593,0.16548489767865168
21594,0.17762207955035125
21595,0.07490722510675732
21596,0.15934108279160447
21597,0.14710262869810492
21599,0.14023861794224826
21600,0.06494947358123539
21604,0.06280384444033159
21605,0.14464312939329305
21606,0.34102192140003773
21607,0.16321540290908002
21608,0.17609423387672704
21611,0.06306839382303414
21612,0.23823076966816584
21613,0.14402888458469812
21614,0.1593346758430056
21617,0.14632768779922362
21618,0.14267953314722873
21621,0.14351443845410233
21623,0.1642247826786227
21624,0.14147283788763157
21625,0.38155437479193866
21626,0.14648308736272403
21634,0.13986060370058256
21636,0.15241593032524137
21638,0.15675016863434288
21641,0.1374504576661894
21643,0.17066331203804616
21645,0.06265196124540685
21646,0.061575841763726095
21649,0.15733049970744917
21650,0.14712136485349367
21651,0.05941031564560924
21652,0.14444579675297906
21653,0.15235513698176004
21654,0.1686683704822055
21659,0.1335978150814528
21660,0.031210242163725643
21661,0.12392037621056828
21664,0.1426002982636718
21665,0.14063808330074795
21666,0.4112498952121319
21669,0.15403259614004947
21671,0.13413158572291792
21673,0.23957800955281416
21675,0.15558507054288073
21676,0.13604184679207396
21677,0.1227742927435161
21678,0.2188406763480716
21680,0.15627712682173922
21681,0.15146525740278852
21683,0.13496710528171557
21684,0.13347384914582094
21685,0.06130814478170124
21686,0.15753192002271385
21688,0.15245660934674393
21689,0.1654146317911911
21690,0.1583705465256598
21692,0.16272448825517155
21693,0.14589099612488132
21694,0.06253391092752213
21695,0.13250170405044198
21696,0.13903807565597018
21697,0.14178303435145514
21698,0.23188157191058711
21699,0.13768556232894985
21705,0.1501984141752333
21709,0.15180113264959982
21710,0.1728177021862471
21711,0.29639944914088934
21714,0.1425726901356847
21715,0.156969009939286
21716,0.14375299155742233
21719,0.22973280899806825
21721,0.17087356982308882
21723,0.1857104009747037
21727,0.26414588365694813
21728,0.1355001651655545
21729,0.1483258690000188
21730,0.06143004701810185
21731,0.17648638694852412
21732,0.0778655575085358
21733,0.15068733608607213
21734,0.14481269206555086
21736,0.1541405332713488
21737,0.14163321080093527
21738,0.15593073682042355
21739,0.17621871089769806
21741,0.17418532150176672
21742,0.15068583618178197
21745,0.23740279334432546
21746,0.06225356274878632
21747,0.15471709793165453
21750,0.12775133726458843
21751,0.09490684558271592
21754,0.1425171751381664
21756,0.1604616753852282
21757,0.14226180768854735
21758,0.16083203324392062
21760,0.1359541150634429
21765,0.14574431590665085
21767,0.13228700077847166
21768,0.14685816078820707
21769,0.1620104573205233
21770,0.13727906638519594
21771,0.13332861915524924
21772,0.17745121671517516
21773,0.14520863510573465
21774,0.1689395601328685
21775,0.13653403779836482
21780,0.15300050857148628
21781,0.15632986342895472
21782,0.1606219847427313
21790,0.14659952879691684
21791,0.1650742817993165
21792,0.15109069953087575
21793,0.23299590259592745
21794,0.06475148124448409
21796,0.06221630561114481
21798,0.15101810363266951
21799,0.14311670409184687
21800,0.16163188452107277
21802,0.15284384159036993
21803,0.14167213929159633
21804,0.15499429696006775
21805,0.13404121262797586
21806,0.1570211823315524
21807,0.2234702933575382
21808,0.145579133969668
21812,0.13968628707366218
21813,0.0612065235817712
21816,0.1576108779221606
21817,0.12721261124756822
21819,0.15295334900693094
21821,0.06223329455030198
21823,0.15722020957805566
21826,0.14892141383224458
21827,0.1365541446762402
21828,0.14820767038660995
21829,0.13295358713093985
21831,0.14019029770227398
21833,0.15214527788568424
21836,0.2495059452327845
21837,0.16698997865176118
21838,0.14268896279438578
21839,0.15137097075775152
21840,0.13377472309310307
21844,0.15008531076336415
21846,0.14912383694177064
21847,0.15678151872350152
21848,0.2390525316449419
21851,0.1491188141984128
21852,0.18037898885060896
21853,0.1642365908317475
21855,0.13168996286643542
21856,0.24944807428946847
21859,0.15311832110370896
21862,0.08218594341635929
21864,0.07417884700619395
21866,0.26325852629313923
21867,0.14393814962472817
21868,0.15933469877096762
21869,0.1359950137880418
21870,0.14107764636921463
21871,0.17626386360391785
21872,0.0644905112240418
21873,0.22878237930948087
21874,0.1352276515591091
21876,0.13826445661050046
21877,0.2386005553358051
21879,0.168921226006543
21882,0.23857645938178001
21885,0.14536516188945262
21886,0.12472621288695268
21887,0.1498593497478311
21888,0.18636757122462028
21889,0.14261989552007265
21890,0.14706000554317783
21893,0.1488244887932785
21894,0.14112179283298235
21895,0.1371003589881371
21896,0.23944359101907767
21899,0.24864655148621034
21900,0.15743156734959105
21901,0.1492650344618862
21903,0.13625021035379922
21905,0.15934028804023803
21906,0.2345796496567767
21908,0.08536165670143832
21910,0.14908875230237545
21911,0.13977407633484165
21913,0.16867399006561098
21914,0.13258726938766383
21916,0.1417394103951
21918,0.06265196124540685
21919,0.13390340425623362
21921,0.15709578370299626
21923,0.13320258796556136
21925,0.06376552903217485
21926,0.17557168285145186
21927,0.15467609617361053
21928,0.1340514257729596
21930,0.14658462785913307
21931,0.1560218526096776
21934,0.15659029745946138
21935,0.15453104516103322
21936,0.3705691009170676
21937,0.1341862891375311
21938,0.2452035178387517
21939,0.3620702370178227
21941,0.13562583564828534
21942,0.1409198903359748
21945,0.17630079890969635
21946,0.1362505645058362
21947,0.1884832455915139
21948,0.15997900936039885
21952,0.0627691050580206
21953,0.16838978215965686
21957,0.15675016863434288
21958,0.03190660696369664
21959,0.14301195838437802
21961,0.14253695103026057
21962,0.14487102705292632
21963,0.06390693719714327
21964,0.1663824990861087
21967,0.18159243727228722
21969,0.061611445666925974
21970,0.15749198725001234
21971,0.05850002998445207
21973,0.18398899554785758
21974,0.13289981108322338
21980,0.13279708408049065
21981,0.06306251104774215
21983,0.135710419290727
21984,0.13071768479754933
21985,0.1436151142108286
21986,0.15701536934119506
21990,0.15188657889529453
21991,0.1361078316892554
21992,0.14509695066346984
21994,0.15784095414124447
21995,0.11507972998668708
21996,0.06435829894614768
21997,0.14845572652156291
21998,0.1622878892687844
21999,0.13508624569882366
22002,0.061426317915542754
22004,0.13659545678676538
22005,0.27589266588455164
22007,0.15207214677885644
22008,0.14285674703005577
22009,0.13229526884780016
22012,0.36767122041077377
22013,0.1367915078847199
22015,0.0654367274769071
22016,0.15858632772591036
22017,0.06248830904640317
22019,0.22930583135308413
22020,0.16399892972051539
22021,0.031210242163725643
22022,0.13879399411324334
22023,0.16429524073226145
22025,0.1891960909137051
22027,0.1881738557819147
22028,0.06265196124540685
22033,0.13951354944084754
22034,0.1765430997033247
22035,0.15235744291982292
22036,0.13889827561415735
22038,0.03154548380049105
22039,0.1635720011925405
22042,0.23877645733407027
22044,0.13218925038934773
22045,0.13868321715406787
22048,0.2504158848579045
22049,0.14626686259310837
22051,0.13964368110057118
22052,0.06417669107153286
22053,0.14500780367290805
22054,0.15451011968775044
22055,0.13889269096863555
22056,0.13897683317900672
22058,0.25059245086596127
22059,0.15622943648684479
22061,0.06699348137921178
22062,0.15065793883085726
22065,0.14236616700675933
22066,0.1309832509495018
22068,0.22450901908417129
22069,0.15090491228714117
22074,0.1705646022878192
22076,0.14431175383337966
22077,0.14111371459707864
22078,0.14554864306626536
22079,0.2716802592194677
22080,0.14895942093312806
22082,0.03644596213400309
22084,0.15410100558575607
22085,0.14919748961826412
22086,0.1678981818820367
22090,0.23794548630929316
22091,0.1606610743298597
22093,0.1439566375803199
22095,0.06063485984353688
22098,0.1472218021603171
22099,0.06287142088726583
22100,0.09269556167525325
22101,0.14907176291593024
22102,0.41886884171214495
22103,0.12435657633555389
22106,0.15639130023795583
22107,0.1642247826786227
22111,0.1546003825901983
22112,0.22823025038865527
22116,0.07583470508181163
22121,0.23164432742600052
22123,0.03792239190670929
22124,0.0657256168062869
22125,0.12483374514154492
22126,0.15997900936039885
22127,0.13502324968899304
22130,0.14298850153214399
22131,0.19001295674994143
22132,0.062421733809713505
22134,0.23815419618013994
22135,0.15682380931976297
22136,0.2487761287372871
22137,0.1539022376897635
22141,0.15696879357152638
22143,0.1435270840728186
22146,0.16213020231601558
22147,0.1335002009125629
22148,0.23641955908419562
22149,0.12680172447864024
22151,0.16148103525728383
22152,0.13893418202454205
22153,0.14017498505550205
22154,0.1418525994192043
22156,0.2079855644277477
22158,0.1417532723495361
22159,0.17714394791180707
22160,0.15060985284917258
22161,0.15054412559822763
22163,0.07820178020398198
22164,0.2360367636488996
22166,0.14568173270658738
22167,0.06294961154796122
22168,0.28791544622519705
22169,0.18481840414404563
22172,0.15394900583054447
22175,0.13975709495744032
22176,0.06253391092752213
22177,0.1409067198233929
22178,0.25911753433401674
22181,0.14104681231724536
22182,0.15411710250907773
22183,0.06267600004270055
22184,0.1367394312627719
22186,0.3573595757059308
22187,0.1585586315523576
22190,0.17062149073118232
22193,0.14347364390351705
22194,0.13898702477072575
22195,0.17143688943627308
22196,0.06253391092752213
22197,0.2360071943000807
22198,0.06265196124540685
22199,0.19404571581243085
22200,0.15203058845407835
22202,0.236895219093804
22203,0.15134780235128623
22204,0.15442504825181066
22205,0.13246579052555976
22206,0.15498626809862145
22208,0.15074613094105505
22210,0.13967926524054414
22212,0.2353128193253464
22214,0.1558719449686587
22216,0.1633179183061177
22219,0.1577896990518213
22222,0.16022367837114238
22223,0.2766925730169626
22224,0.14291908693205385
22225,0.1582830736182199
22226,0.06152829100778678
22227,0.2420964329176227
22229,0.1364067121659655
22231,0.15404451867561583
22233,0.15628683585065253
22234,0.2350209571849813
22235,0.1361318404236341
22236,0.1619082709324396
22237,0.1678135181561442
22240,0.09354724485602427
22241,0.18701118557301863
22242,0.15406088946508706
22243,0.14141710902520999
22245,0.1767446828344836
22248,0.1665766821675044
22249,0.1445612089694072
22250,0.1976183047172169
22251,0.15501877958793522
22252,0.06184464550557176
22253,0.1579287873923376
22254,0.13202623451425805
22255,0.1474092598968438
22257,0.14473809176873068
22260,0.15332510296575666
22262,0.1625719921649211
22263,0.15366424788740177
22264,0.16035405556909574
22265,0.14424154148782892
22267,0.3573595757059308
22268,0.19113111586188528
22269,0.22690026874712382
22271,0.06265196124540685
22272,0.1497362857158219
22273,0.1414009276810974
22274,0.15790003121455992
22275,0.06835389389070423
22277,0.41560832699531847
22282,0.15336517434875788
22283,0.07654931958758142
22284,0.06432850016645875
22286,0.14818303795465315
22287,0.06240454443095608
22288,0.14545605442802048
22289,0.15303905714716837
22290,0.1033528503548331
22291,0.1425842521471599
22292,0.06263982202187904
22293,0.1533813612113393
22295,0.1397788925601773
22296,0.15521176167446374
22297,0.15825092244205324
22298,0.14654202245654152
22299,0.13646926816004676
22300,0.21845837238822008
22302,0.22627880501454195
22303,0.23237008854654523
22305,0.1343944864192462
22306,0.1536818257604366
22307,0.24980869502484354
22308,0.14219492175793327
22309,0.14486388929232735
22312,0.2938985908540438
22313,0.1258326138900222
22314,0.17408777502680253
22315,0.13540492151826025
22316,0.25436456667098245
22317,0.062379292851664325
22318,0.18736347517335497
22319,0.2685782472621196
22320,0.1513010575867421
22322,0.1902444942681019
22323,0.24966649709480243
22324,0.1470986497879669
22328,0.1471139106345444
22329,0.14685788390837312
22330,0.14202337420578415
22331,0.1634167798919787
22332,0.14784397758925896
22333,0.06280384444033159
22334,0.14249196566886138
22335,0.15118439602460992
22336,0.16799902799415095
22338,0.25447882482717393
22339,0.13977324853053527
22341,0.13664339950388943
22342,0.15038251293256716
22343,0.16761301007028317
22344,0.0739443783216316
22345,0.17320151648130394
22346,0.10539870664053838
22350,0.13889827561415735
22351,0.14368327677022327
22353,0.13925562318229767
22354,0.1677240518233866
22355,0.14964995128856098
22358,0.14269600815142908
22362,0.1716493537125745
22365,0.16973316421251056
22366,0.15858504825794487
22368,0.13470376801246264
22369,0.13262128011404084
22370,0.061311250843337294
22371,0.12775133726458843
22372,0.255648745207645
22373,0.1458914676553673
22374,0.1272882407061696
22375,0.1407369668043713
22376,0.17414477656261443
22377,0.1391639726213425
22378,0.16073602796987194
22379,0.17125985305960795
22382,0.13825862090403432
22386,0.16026438640536853
22387,0.22534464055997735
22388,0.1343410307975859
22390,0.14508910005718115
22391,0.12700741917370048
22392,0.13162075288030747
22393,0.3328481761290106
22394,0.20169740635360106
22395,0.16975215687056328
22397,0.1575345092614335
22399,0.17596203481852665
22401,0.13988558164891904
22402,0.15797974331439957
22403,0.14337220348222568
22405,0.23490787727659526
22406,0.14328191592687786
22407,0.18809293488010653
22408,0.16056665326194214
22409,0.06219530320958876
22410,0.14231537794519716
22411,0.3179428658443258
22413,0.18760163874947208
22415,0.1532557967648946
22416,0.15716121306644565
22419,0.18524970040793529
22422,0.18171185975629572
22424,0.14886440512071905
22425,0.278192562881622
22426,0.14286645517437851
22427,0.16178693238456432
22428,0.15408665543934663
22429,0.1663990605389414
22430,0.12902147095525104
22431,0.14688123106124792
22432,0.14161089697427434
22433,0.06327902944066334
22436,0.11539451910892498
22437,0.13629514873861703
22438,0.14391633910161936
22439,0.13564750381582943
22440,0.15512491800672745
22441,0.13599118591224377
22442,0.13865742281074597
22443,0.1593896102414707
22444,0.12717495197136147
22446,0.06213719216142529
22447,0.14621651915203857
22448,0.15639130023795583
22449,0.14705864811879946
22450,0.1483684125923097
22451,0.15214736222564362
22452,0.24496482378060752
22454,0.061426317915542754
22455,0.423219651639857
22457,0.14762494383854483
22459,0.13477164279846732
22460,0.15069092691719005
22461,0.13752384255312752
22462,0.16769751776886127
22464,0.13848332220371376
22465,0.14050542215958464
22466,0.2415889702964921
22470,0.2316623182332701
22474,0.18211704686875138
22476,0.12848514359725563
22477,0.16037037938656262
22479,0.16535803279005615
22480,0.29048579271143476
22482,0.15130836012313076
22485,0.13908066570944252
22486,0.1714615075105292
22487,0.1376150145462064
22488,0.06521016537781876
22489,0.13544072347753777
22492,0.14787046551398506
22493,0.15798058289407668
22495,0.1432286671193532
22497,0.16195815427461224
22499,0.13485915232160986
22500,0.1406578337006966
22502,0.1560692459712349
22507,0.15115555493473562
22508,0.03176729142307188
22510,0.12944409932833348
22512,0.16204423870010964
22513,0.1397004728323386
22515,0.1884832455915139
22518,0.15036755958101614
22519,0.15326201576588958
22520,0.1444427819494686
22521,0.11521229945994911
22523,0.1747801665474362
22524,0.38530033539306724
22525,0.15682612224671436
22526,0.25333793286491174
22527,0.14090135353169786
22528,0.13409245266984757
22529,0.09077128483169006
22530,0.18446928937896614
22531,0.14913403882399806
22533,0.15050716876405984
22538,0.14067248284658518
22540,0.061575841763726095
22542,0.15027425020006485
22544,0.1622084401135106
22546,0.07775748324508387
22547,0.24972880260496938
22549,0.1434883622532929
22550,0.349210845273932
22551,0.25353452945180416
22552,0.15445342121509095
22553,0.05891129795599939
22554,0.22282702662417608
22558,0.06539258142835774
22560,0.12872560129780083
22561,0.21891691415486797
22562,0.18825755340076844
22563,0.2969343797622864
22564,0.22316499931849382
22565,0.1685975697785853
22566,0.1444802072473851
22567,0.15526689333562022
22570,0.13708683045212597
22573,0.16289856745350118
22577,0.1665766821675044
22580,0.14319535033243222
22581,0.15638921196365826
22583,0.2256293333710751
22584,0.16037033884161397
22585,0.0940954562749765
22587,0.10665667754987296
22588,0.14533521660815807
22591,0.24736688209575808
22592,0.2214274666690259
22593,0.16876452648929208
22595,0.23041070086432364
22596,0.23210595889167976
22597,0.1606809985499669
22598,0.15643560139289292
22599,0.060872871618013816
22600,0.15416946069865933
22601,0.1454722316227834
22602,0.16026438640536853
22603,0.23140052209275147
22604,0.25601564066007454
22605,0.14797717215255396
22606,0.07771710497992626
22607,0.13887712388577717
22608,0.14257353601214307
22609,0.15054042831116476
22610,0.1747486464003658
22611,0.15736125455345412
22612,0.15180860594092313
22613,0.2705736423775814
22614,0.2467640548595246
22615,0.06566086201069611
22618,0.14055499615762862
22621,0.14285680259511932
22622,0.14608392560974312
22624,0.14629514390681547
22626,0.15949093411187448
22627,0.14088475669608622
22628,0.14015353137622735
22629,0.14047021378098817
22630,0.14245769736765282
22631,0.12480988646101793
22633,0.1494280637406289
22634,0.14230584899866616
22635,0.14109842043843893
22637,0.13736025922316858
22639,0.16859258100331073
22641,0.14750765722824893
22642,0.19340392674697546
22643,0.15481410051103356
22644,0.40566295110774314
22646,0.14176017425877846
22647,0.23738421134616552
22648,0.14978181757107586
22650,0.24842007471855088
22652,0.13870109318343382
22653,0.14672949218833636
22655,0.2620932727854641
22657,0.06117113842059232
22658,0.14810072922670095
22662,0.14925630686720145
22663,0.14182518881133876
22664,0.2502032792526576
22665,0.15754254183859218
22666,0.26390175454375064
22668,0.15768067368609018
22669,0.1632145567028451
22670,0.18713209403786663
22671,0.16515651055066938
22672,0.09310917502721994
22673,0.065546838247038
22676,0.13943006698949167
22678,0.14890128452637535
22682,0.1570134592836547
22683,0.14805959016528109
22684,0.14328191592687786
22685,0.1432299203356627
22686,0.15386907444269093
22687,0.23802092483028378
22688,0.13875699961852125
22690,0.15001730962516127
22691,0.14304801343942203
22692,0.13753625975367703
22694,0.14615978355481862
22695,0.16125194096533746
22696,0.061301094216177465
22697,0.3009995932370413
22699,0.24206690511053294
22702,0.27447629220895525
22704,0.08730220659990737
22705,0.15956371570073996
22706,0.18183048318975353
22709,0.061611445666925974
22711,0.22413320522547137
22712,0.14938139793289232
22714,0.16018171094484301
22715,0.14807678410271585
22716,0.1404751216185606
22717,0.22450901908417129
22718,0.06356132851227406
22720,0.3432492823699072
22721,0.06487122025797844
22724,0.13308018266172325
22725,0.15639819458542428
22726,0.2632687178013811
22728,0.1367693510772483
22729,0.11739641853135839
22730,0.1702131874704629
22732,0.16414880812765587
22733,0.22842103022624502
22734,0.1565560879622967
22735,0.34957029265955647
22736,0.1417394103951
22737,0.14018145097867676
22738,0.03355864395490023
22739,0.2496461230490596
22740,0.3012492145934286
22742,0.1545833048766118
22743,0.1839578611899201
22745,0.14659502032102917
22746,0.06280384444033159
22748,0.4005981030713595
22749,0.22878237930948087
22751,0.08164634308127565
22752,0.14811478131226316
22753,0.4149756237906972
22756,0.12703256654893194
22757,0.03213086952910951
22758,0.2348376711850744
22759,0.1408084117381809
22762,0.1464776430094106
22763,0.23622329413779153
22764,0.14058579722583425
22766,0.07015264045739886
22768,0.0629866821974232
22769,0.1329287927052213
22770,0.14341361723519616
22772,0.25541360268488816
22773,0.14015919916264225
22775,0.14555502690344257
22776,0.23059558794163101
22777,0.14014457060912994
22779,0.06602995558397956
22780,0.15911789965434114
22781,0.3591896772644822
22783,0.22159889322475865
22784,0.16138280754215092
22786,0.16775542539262933
22789,0.144447851572384
22791,0.0639820618551801
22793,0.1570340921102271
22794,0.15426687224762467
22795,0.07285706213848792
22796,0.0649311349265858
22798,0.1563282674773914
22800,0.1400345957496947
22801,0.16958168664801454
22802,0.16824538369192585
22804,0.0657256168062869
22808,0.138525315562124
22810,0.352636666946465
22811,0.13941606176791607
22812,0.06352807536584995
22813,0.15293951697656244
22814,0.15403259614004947
22816,0.13558152652040226
22818,0.14679843968044268
22820,0.23486920413122225
22821,0.06361332364170644
22823,0.14361439570845905
22824,0.15149269287947448
22825,0.14250741927917007
22826,0.28751122204696417
22828,0.14687062580691312
22829,0.24737231092726691
22830,0.18870735953062456
22831,0.17539489205945558
22832,0.14460991391224598
22833,0.06280384444033159
22836,0.15699658118773882
22839,0.13334810761676386
22840,0.06469904035741107
22841,0.14610727377490224
22842,0.1407312067083081
22845,0.2309402607373298
22846,0.13673299630188582
22847,0.14989976779365954
22848,0.13891111129653363
22851,0.1513848365908106
22853,0.13009789240427116
22855,0.15051540275981198
22859,0.1464198819190845
22860,0.3695195039566311
22861,0.1315493745501663
22862,0.2403691306853079
22864,0.1385871821282418
22865,0.06183917266590506
22870,0.15418867159280877
22871,0.1555018473594826
22873,0.14174413279387157
22874,0.15196079320700556
22875,0.14553319961523267
22876,0.1488232776625364
22877,0.3524947760782014
22878,0.130041616868403
22879,0.36042302566323914
22880,0.16823774586809756
22882,0.14225140855354831
22883,0.31339564420368077
22884,0.14864073188381943
22886,0.06140268507225019
22887,0.13974073900335943
22888,0.15154614210137607
22889,0.1871919439818405
22890,0.22568650995049458
22891,0.06221630561114481
22894,0.1735694781591718
22897,0.16273287163575087
22898,0.2475131679585061
22899,0.06420153885021647
22900,0.058919821178215835
22901,0.1303545403587248
22904,0.13415693627624173
22905,0.16213261657738928
22906,0.18642254967240418
22907,0.18050916107665563
22908,0.1501620364440013
22909,0.07028983223309407
22910,0.16443815076674484
22911,0.1616354951783878
22913,0.1615791264645405
22915,0.15482162875903094
22918,0.12987145939685943
22919,0.24547507320679077
22921,0.2506435508201861
22922,0.06345961537819694
22923,0.1390303889350864
22925,0.1559449434092326
22926,0.11747413324082848
22927,0.17074836197531948
22928,0.1434003497749577
22929,0.228137521969225
22930,0.1301225235252281
22933,0.1447329452129997
22934,0.16533029151987497
22935,0.13130181152453782
22936,0.18768334813144946
22937,0.14645973330734996
22938,0.16199688117271893
22940,0.12627393084539582
22941,0.41399935206082134
22943,0.14959505047189003
22945,0.13211300928545372
22946,0.1465953079225408
22947,0.2251066430307724
22948,0.24031417902730104
22949,0.24934209230931978
22950,0.16384575049424183
22951,0.13873202561077427
22952,0.14788263198340204
22953,0.15099923646045282
22954,0.14252098036873698
22955,0.3573595757059308
22957,0.4456693805973327
22958,0.1346206212045995
22959,0.1372741031944562
22961,0.1718137506890213
22962,0.13854413644730532
22963,0.13864108365214686
22964,0.14965922789695638
22965,0.14639851418111055
22966,0.1523022073073901
22967,0.16210126703911137
22968,0.35835189149139385
22969,0.14828436204728684
22970,0.13634429547997529
22971,0.16353704053530305
22972,0.3487278730930031
22973,0.17393073320225133
22974,0.24627490186793774
22976,0.14003979100977312
22977,0.12838642312083196
22978,0.16243399839812492
22980,0.1407915239875804
22981,0.09044823744968011
22983,0.13861306757609462
22986,0.1535099033762874
22988,0.1924161011347388
22989,0.3539614062448372
22990,0.1407151410521831
22992,0.14744049061292905
22993,0.06152957903740977
22995,0.1400698859985779
22996,0.1018021167918904
22997,0.06331366980142364
22998,0.1436058943338038
23002,0.15930432897097002
23003,0.13321898948476962
23005,0.22177513693948808
23006,0.14042510273469658
23007,0.13195463124982887
23008,0.15360048831081827
23010,0.15875325278890676
23011,0.0779524130066209
23012,0.1710070381708728
23013,0.2678740651947711
23014,0.12396137627535882
23015,0.14657470242810638
23020,0.15336276606753374
23021,0.15863675091268348
23022,0.2197822739415268
23023,0.06534920618766464
23025,0.24268297308144246
23028,0.26072690019397415
23031,0.17435383505625998
23032,0.34793743856548
23033,0.14202943484206051
23034,0.14949946981514295
23035,0.15634068922331854
23036,0.1735646111545298
23037,0.0658304897304229
23039,0.34088547516832796
23040,0.14613547902076945
23041,0.14158313375687298
23043,0.12862333313757027
23046,0.1516471417255602
23048,0.0631836689178388
23051,0.16365715326233973
23052,0.14359876777143735
23053,0.1513010575867421
23055,0.18762966451159158
23056,0.1375032745699433
23059,0.16883100846079835
23060,0.13443736197634215
23062,0.15116698825472152
23063,0.1381271581150855
23065,0.1510595436060272
23066,0.14232324565670193
23067,0.13591665925016516
23070,0.16812158660771803
23072,0.14179926456232242
23073,0.1534760693725008
23074,0.1406483557150034
23075,0.1393345849957759
23078,0.15112368897511538
23079,0.16238373882718443
23080,0.15394459963376284
23081,0.03230271665978921
23082,0.23722058085894612
23084,0.13344563430124942
23087,0.13373113811868523
23088,0.1583910843089338
23089,0.18858510790962446
23090,0.16583875936861492
23095,0.1404582572387833
23097,0.1448827954269175
23098,0.06411126633574807
23099,0.14368517293622127
23100,0.1496452804629388
23101,0.16628035506342587
23102,0.16433556180405812
23103,0.239465610278953
23105,0.12759976240237242
23106,0.14603011809575245
23108,0.06465863173118175
23109,0.16698997865176118
23110,0.21731974784470487
23111,0.13126725735387157
23112,0.12603194481320573
23113,0.0645758023460966
23114,0.15151677376614406
23115,0.2716802592194677
23116,0.07356897294557009
23118,0.2268288975506889
23119,0.12911761936906216
23120,0.14744381478201263
23122,0.1820165098398729
23123,0.1431923902234703
23124,0.1529422970891178
23125,0.12004576281846831
23126,0.1469295694011392
23128,0.1599298946535405
23129,0.2557605730682311
23131,0.13844426400809443
23132,0.1508512926948505
23133,0.24370205361778052
23134,0.16140620986717485
23135,0.1612221604052284
23136,0.13441017686210613
23137,0.07128790268811849
23139,0.14968073844038404
23142,0.061426317915542754
23143,0.1458238101498339
23146,0.14951735319303103
23147,0.1269866741379397
23148,0.1402697967775494
23149,0.13245173993286335
23151,0.13300618065830927
23152,0.1396179485710341
23153,0.3591896772644822
23154,0.14685444031078163
23156,0.15017233824740722
23157,0.12430743842675539
23158,0.1436693443392695
23161,0.16500773203312863
23162,0.1772792350405776
23163,0.15866296635131985
23164,0.2187852053490913
23166,0.306028272838041
23167,0.1957507452046038
23168,0.1427531799394685
23169,0.13918629193625962
23170,0.13853556999432115
23171,0.16025861547174652
23172,0.06263982202187904
23173,0.2251548782311239
23174,0.15071177050503454
23176,0.16338486718615258
23177,0.12787841675062722
23178,0.1465533398847103
23179,0.14476168230381775
23180,0.1462490745738811
23181,0.34051497738000136
23182,0.17056005733009463
23183,0.14889058851843903
23184,0.1347353712741067
23185,0.1446738430275984
23186,0.1381137010504978
23187,0.24175705635106862
23188,0.1602951739240758
23191,0.1481064226745542
23192,0.14652691905758652
23193,0.15160512344326688
23194,0.13452449663433347
23196,0.13936477938985964
23197,0.15204846898968447
23198,0.13904494758209174
23199,0.06361332364170644
23201,0.2335682337168879
23202,0.16302807322751384
23203,0.14286645517437851
23204,0.06559249111117871
23205,0.15183884574522455
23206,0.1423234901147229
23207,0.06280384444033159
23209,0.14949665898247924
23211,0.15586521781816093
23212,0.072642010119019
23214,0.1420828188633719
23215,0.1342451688208775
23216,0.15751117306813223
23218,0.24803041115424884
23219,0.14845362564425796
23220,0.1721976441816325
23221,0.06258041818133082
23222,0.1503679557257625
23224,0.1476521947356447
23225,0.15185824832823008
23227,0.13907752659654551
23228,0.15049302573759998
23229,0.24084515548434043
23230,0.14030939737390863
23231,0.352636666946465
23233,0.18433562197510234
23234,0.14782735364960642
23236,0.14590560589579057
23238,0.1351852723298753
23239,0.07666125149725214
23240,0.15706342495242148
23241,0.1570151172828763
23242,0.3546419908558993
23245,0.16585728519157544
23246,0.139346951060574
23248,0.1541746599000127
23249,0.2992347766619294
23250,0.14968073844038404
23251,0.15905331091122982
23254,0.1646922613686372
23255,0.15604918592033443
23257,0.3507710870513321
23258,0.1729136839026048
23259,0.14877720369673492
23260,0.15607680882542252
23262,0.14863159061832265
23264,0.14333492093703512
23267,0.20172142609268723
23270,0.16698626563437804
23271,0.1575368033905716
23273,0.16271490366196234
23274,0.13819231449348657
23275,0.15153369127638677
23276,0.15046451570595407
23277,0.15872003800322754
23278,0.13743630555858533
23280,0.2947579972380103
23282,0.24002279510997615
23283,0.14446149377738676
23284,0.15905200421217028
23286,0.13431083366237662
23287,0.15579403298485378
23288,0.14276648890365082
23289,0.1473789531699901
23291,0.06174117401001067
23293,0.22957387951395922
23294,0.1417612444872498
23295,0.14953561364247492
23297,0.13897310237231883
23298,0.1394033120058801
23299,0.15093613165886902
23304,0.24858742880353438
23305,0.13485622176685194
23306,0.12269009341875037
23307,0.03234019245164148
23309,0.2160595128582947
23310,0.16344367829642611
23311,0.16186170459853044
23313,0.1454634069598831
23314,0.1674553552052534
23315,0.14773302262888016
23318,0.13459669524394413
23319,0.06306251104774215
23320,0.1448259307809075
23321,0.15379508469310602
23322,0.13991845474906398
23323,0.15413516174438704
23325,0.13348730815567267
23326,0.152669124010214
23328,0.3438892560302585
23332,0.031210242163725643
23333,0.03155867374931132
23334,0.41527355052360926
23335,0.1444511591224256
23336,0.14564745338282387
23338,0.06978952220107398
23339,0.14799047715853092
23340,0.1956013465413728
23343,0.2177482550582402
23344,0.14088215841124735
23346,0.10302934896410312
23347,0.15482542888560663
23348,0.14249196566886138
23349,0.23782199172611962
23351,0.15050906112243606
23352,0.22372538649291687
23353,0.3881395945218365
23354,0.15292643188916558
23356,0.2682257456279304
23357,0.15537329843989778
23359,0.13601156773606526
23361,0.15785347602242847
23364,0.16382687573181234
23365,0.13654167069407872
23366,0.23709532499931846
23367,0.14036864728368936
23368,0.19038322986595962
23369,0.18680002662326622
23371,0.15477456872490514
23372,0.1459330653425638
23373,0.1516497451673853
23377,0.13239927551218725
23378,0.15432990466600488
23385,0.15852446839542117
23387,0.0633731274643284
23388,0.22546488273943632
23392,0.06431173204357017
23394,0.3488465986344812
23395,0.1539022376897635
23397,0.32403987075752666
23398,0.03217761565964265
23399,0.14653814560043477
23401,0.17363661065270053
23402,0.14405524576702475
23404,0.16054264028048115
23407,0.2532003689362249
23409,0.14949643936169102
23410,0.16054071892975696
23411,0.06372548610294726
23412,0.1497027011557424
23413,0.0783656414652282
23415,0.1541417708283913
23416,0.14488549322853989
23417,0.13723090358160886
23419,0.1408084117381809
23421,0.06841695040377076
23422,0.13356335134766045
23423,0.15288029222015148
23426,0.14956689623345265
23427,0.14647471958642683
23428,0.14790888853231635
23430,0.19578100071218046
23431,0.13768556232894985
23432,0.1359994799562276
23433,0.13080494707053184
23435,0.06280384444033159
23436,0.13941606176791607
23438,0.15024274593512862
23439,0.06859491681036829
23440,0.14478763279650161
23441,0.06448153926813996
23442,0.1454518203882575
23443,0.17013759680971346
23444,0.14977681650363275
23447,0.06361332364170644
23450,0.15657075577337176
23452,0.14027022876475273
23453,0.14724508085991364
23454,0.1391971358272862
23455,0.06192550667589779
23456,0.06464966188032945
23457,0.1547012951618066
23459,0.1424485423574537
23462,0.1573565652137191
23463,0.21729390243645474
23466,0.14205614759384586
23468,0.15134582729176785
23469,0.14337150288623404
23470,0.1465278968862658
23471,0.230521738834289
23472,0.2762398244190799
23473,0.15509496660564248
23474,0.24959521034345564
23476,0.164309610067462
23477,0.13372053367481546
23478,0.15621641636715508
23479,0.2544394092739446
23480,0.16029404842580686
23481,0.1569097828983664
23482,0.14799047715853092
23483,0.2251205072039449
23484,0.15032250441534417
23486,0.14582213836939178
23487,0.13768093672840387
23488,0.13946941890301737
23489,0.13168759153355558
23490,0.2594793029371594
23492,0.14531251099872536
23493,0.03148295492281233
23494,0.26938702119944036
23495,0.36882966027982383
23496,0.16540300536774405
23497,0.14889284840139058
23498,0.06466708239679161
23499,0.13223687885717894
23500,0.1473181389190353
23501,0.061823392663848724
23504,0.18239208370453325
23505,0.1419508511221638
23506,0.13695088960505097
23507,0.2366690813584721
23508,0.1574392919891972
23509,0.13985981653423946
23514,0.16033690042258122
23515,0.06518159947413461
23516,0.06431716963810906
23517,0.2687994987931919
23519,0.2535815785545553
23520,0.13800512297737644
23521,0.13552017038222453
23523,0.13290758458342256
23524,0.1553477821468094
23525,0.14291305997123693
23526,0.14533943837079505
23528,0.14567900507277545
23529,0.13708806422894937
23530,0.14759610397803832
23531,0.1715520350545518
23532,0.062136290660451794
23533,0.03176729142307188
23534,0.06263982202187904
23535,0.1367710286820826
23538,0.11314487897806066
23540,0.06474885798273175
23542,0.03176729142307188
23544,0.15299483989964094
23550,0.2531721348796938
23551,0.2350784428648902
23552,0.2210483183354825
23553,0.14247141204842506
23554,0.14797509528941702
23556,0.1537205844489876
23557,0.1626497725046614
23560,0.14869588667950107
23561,0.13254280745004454
23564,0.14170426386663895
23565,0.1586555591957435
23566,0.14732893244610892
23568,0.2605128552331961
23569,0.032263061133127394
23571,0.17521300842604562
23572,0.06040175738079934
23573,0.1485603254992635
23574,0.15308829993631687
23575,0.14069966099890385
23576,0.15568440346696846
23577,0.14658688725115437
23578,0.2356091854999286
23581,0.22606949442498328
23582,0.15451011968775044
23583,0.16141640464050752
23584,0.1546780567839752
23585,0.11543215414754786
23586,0.1494785804534305
23590,0.11359065745752854
23592,0.06499509922719827
23593,0.14024285715074478
23596,0.1669485955589659
23598,0.151905951605573
23599,0.13086014528514486
23602,0.14689583616199567
23603,0.2819632161061668
23604,0.23079587456919687
23606,0.1284236743437184
23607,0.1374735044643975
23608,0.10230801567243711
23609,0.24915103442106806
23610,0.17064271679354118
23611,0.07534107502029772
23612,0.06372548610294726
23614,0.06291467553116112
23615,0.1452906235318776
23616,0.13366794493810635
23618,0.16732476747523345
23619,0.14590295506663895
23621,0.13698994962811026
23622,0.1473580075564013
23625,0.14867105466929076
23626,0.14878210684528803
23629,0.1444118095189599
23632,0.14521336023368495
23633,0.1501554120128723
23634,0.1429642367077149
23636,0.15270435356022763
23642,0.1495617212276332
23643,0.14078917086063933
23645,0.15703528430709424
23646,0.1712412491938178
23647,0.138741513510732
23649,0.24864689454902777
23651,0.13834397644809476
23652,0.1375985923092067
23653,0.06398083832676808
23654,0.36390631096277426
23655,0.1726606746615913
23656,0.16883100846079835
23659,0.1450655470242602
23661,0.06401418017343061
23662,0.1599789687677039
23663,0.18692632474852655
23664,0.17893079509529622
23665,0.13787517606655506
23666,0.1852717338551307
23667,0.14879912128991574
23668,0.06248830904640317
23669,0.18023263376390664
23670,0.14313843753160774
23671,0.16947943765656656
23673,0.1357391921926913
23674,0.13906434711288315
23675,0.1481987443545944
23676,0.23896882373181846
23679,0.21845837238822008
23680,0.15314389370995082
23681,0.13687548175333206
23684,0.35581251301872785
23686,0.1653941740382072
23687,0.1405225192318613
23688,0.031210242163725643
23689,0.17124089584188512
23692,0.3656110940305506
23693,0.14366493071907424
23694,0.1684365065300314
23696,0.12987843085448966
23697,0.142125710914305
23698,0.15238407314932736
23700,0.12555061054751473
23701,0.1529637666610439
23703,0.19564544156157454
23704,0.14754654593475863
23706,0.06345961537819694
23707,0.15447315139863377
23711,0.14499448881165974
23713,0.3499338884388584
23714,0.15458916455780333
23716,0.13391817116087842
23719,0.1584281986740058
23721,0.1400783916833963
23722,0.13608404573295088
23723,0.20103529676268309
23724,0.14659055035797644
23726,0.061737261645339846
23728,0.12862569150584682
23729,0.23812329252462786
23730,0.4043751942362593
23731,0.13919091305360562
23733,0.14310458361324258
23735,0.1439854122386129
23736,0.08104831087430106
23737,0.08224169526892022
23738,0.24692368422397576
23740,0.1480995006309243
23742,0.15060943975767727
23743,0.24915103442106806
23744,0.12960978144596397
23745,0.25357797156954737
23748,0.15599811329760738
23749,0.3537824093208221
23751,0.22995975546118996
23752,0.2541528120016646
23753,0.14401518280706424
23754,0.149148273610569
23755,0.07619499361752417
23756,0.13781863706463507
23758,0.14882787698892988
23759,0.23386496396943235
23760,0.15199490418599476
23761,0.29906459064549107
23763,0.06432850016645875
23764,0.24411085552058348
23765,0.13998888996782846
23767,0.13700388164167474
23768,0.1451505440136936
23769,0.1456087488358081
23771,0.16615659265891666
23772,0.13183928471656603
23773,0.06649892139238583
23774,0.2809302874870014
23775,0.032760869545545176
23776,0.07884025131635482
23777,0.03103563027711382
23779,0.11939007580171992
23780,0.07447715111561774
23782,0.12569749307932326
23783,0.13861487764762273
23785,0.22059574847044516
23788,0.09453706340746125
23790,0.17034353589775889
23791,0.13901806235848407
23793,0.172422260871803
23794,0.18079925499632624
23795,0.14087945416968475
23796,0.15282263762374176
23797,0.14533943837079505
23798,0.029737335884630612
23799,0.1365845623750557
23800,0.22914076073314044
23801,0.14516357810770106
23803,0.14070696433982607
23804,0.066008871537819
23806,0.14197302820210284
23807,0.16294276058752805
23808,0.06288197306850091
23809,0.15441388740049547
23810,0.22734986954848516
23815,0.17068775063437042
23816,0.15167420926102543
23818,0.13126640435648654
23819,0.35653881982304436
23821,0.14272487826991545
23823,0.14227054625699564
23824,0.1570765722551715
23825,0.15527037331737975
23829,0.14614515666029196
23830,0.1744246441119912
23831,0.03176729142307188
23832,0.14126413508863633
23833,0.25423608344293297
23835,0.14600946180006896
23836,0.14125014567429567
23837,0.16593018960585015
23839,0.07582292644435971
23843,0.24023996876322065
23844,0.1590067629341283
23846,0.19565066193530975
23847,0.1401610793768852
23848,0.14108621498852567
23852,0.16605459216888
23853,0.14184622622874798
23854,0.14111041107783048
23856,0.1385016919139491
23858,0.1487372184059879
23859,0.3783628173669788
23861,0.15909433568859596
23863,0.15265354429454403
23864,0.1473981412663705
23865,0.15424593800228384
23866,0.1387943511065993
23867,0.1364510385826218
23868,0.14193118410876943
23869,0.032195774235598974
23872,0.15028632113397497
23875,0.13117804437497577
23876,0.15638919373059332
23878,0.14295510350871563
23879,0.1299137991048569
23880,0.2533280445114092
23881,0.15739495009158952
23883,0.17401585745719875
23884,0.14173403265889226
23885,0.16007721797445323
23889,0.23551308568337137
23890,0.14363209613068179
23891,0.14402074286017402
23892,0.15401641140892147
23893,0.18481840414404563
23894,0.1541280800690201
23895,0.1364246612020085
23896,0.10374476463872678
23897,0.13956802202414959
23898,0.15589382522330764
23899,0.06487122025797844
23900,0.07713850350736667
23901,0.14873028340220623
23904,0.1596000500142376
23906,0.25872823231162334
23908,0.14590211618963472
23909,0.158214536232456
23910,0.2216827564453578
23911,0.19464540824418294
23912,0.14501961095548355
23913,0.1712412491938178
23914,0.23119842290245624
23915,0.16678992862766748
23916,0.15421425910868336
23917,0.1713240739756589
23918,0.09312057377313879
23919,0.25167338469022094
23920,0.13268740743009208
23921,0.14582971478317586
23922,0.23108761080304774
23923,0.23759501939276192
23924,0.16704483807668988
23926,0.14289522269583627
23928,0.23527349288239097
23929,0.27947477075420857
23930,0.15799372390552147
23931,0.06221922089540461
23932,0.13853736064434558
23933,0.147699072983722
23935,0.18415964784422223
23936,0.13126725735387157
23937,0.14174808370275976
23938,0.2716802592194677
23939,0.16480691645078005
23940,0.35372289872044377
23941,0.15150582588871964
23942,0.13587530170566328
23943,0.06225356274878632
23945,0.16983511794810532
23946,0.12594141428429823
23947,0.14522563340689187
23948,0.35419084524662264
23949,0.21149293552062529
23950,0.14057752330746356
23951,0.15180860594092313
23953,0.17225702674978666
23955,0.06305650495599856
23956,0.15394900583054447
23957,0.24342435532759835
23958,0.14480619682139123
23959,0.3618664256743786
23960,0.14239812718374564
23961,0.1482130321843781
23962,0.1280702972013595
23963,0.14000728877438356
23965,0.15102965040827365
23966,0.05903490091100315
23967,0.15451654363674894
23968,0.06781846529704334
23969,0.09729351304119523
23970,0.25288718639018115
23971,0.15378076088808182
23972,0.2520695015558108
23973,0.1459508111177023
23974,0.1999452506103617
23975,0.05615829041788655
23977,0.1341308935159457
23978,0.13978707385100161
23979,0.13158361058688003
23980,0.1409101892104513
23981,0.13726751535189674
23982,0.15722633310929301
23983,0.06117113842059232
23984,0.032152123715691254
23985,0.1529637666610439
23987,0.26659091793501244
23989,0.1547346693678263
23990,0.2751976981934508
23991,0.2464690058769994
23992,0.14150382538802045
23993,0.15110292519525997
23994,0.14705523726421624
23995,0.29613860154671834
23996,0.22670551111511708
23998,0.14464312939329305
23999,0.07891430255762534
24000,0.13602734617558554
24001,0.22629291347510977
24002,0.2022422787901393
24003,0.13704472119383876
24004,0.06229272536106803
24005,0.18519514745797275
24006,0.14952305937290805
24007,0.138656980936428
24008,0.14343109529015108
24010,0.16350233571100525
24012,0.13134489307194358
24014,0.23370965251627873
24015,0.34051497738000136
24016,0.3605683769425382
24018,0.12491823243553288
24019,0.15428518785568696
24020,0.24288856754506616
24021,0.14377062813122693
24022,0.23239128126807035
24024,0.15216573544617273
24026,0.1893278767501821
24028,0.1451833233152695
24029,0.15114927733835704
24030,0.15336960254938453
24031,0.15248872539564923
24033,0.06212332758419104
24034,0.41722865243809015
24035,0.25031852149709477
24036,0.1462640633704211
24038,0.15644242850575787
24039,0.1720821494746754
24040,0.06352827256680872
24041,0.1386983335164668
24043,0.23153635526337438
24045,0.2540691356501503
24046,0.14659168467414066
24047,0.17076841237347523
24048,0.24315105223776032
24049,0.24660579490460388
24050,0.45350931700064817
24053,0.061426317915542754
24054,0.03176729142307188
24055,0.15170702167410846
24057,0.15906264805169168
24059,0.15575009575138674
24060,0.15155600921715623
24061,0.15444712819613723
24062,0.1584885859763142
24063,0.20733461196102487
24064,0.36767122041077377
24065,0.24305485763590942
24066,0.1501536127560234
24067,0.06291467553116112
24068,0.16538543989316368
24070,0.17677564171224736
24071,0.1446902471821219
24072,0.26942110485243415
24073,0.06411506729633147
24076,0.13511231720860511
24077,0.13642186616861504
24078,0.13345994642987913
24079,0.13880645736651948
24080,0.14012191542658234
24081,0.14488549322853989
24082,0.061737261645339846
24083,0.1254862102731001
24085,0.15533040221973318
24086,0.155278222132019
24087,0.16565616827425345
24088,0.1950981012694248
24089,0.14129134654656755
24090,0.423219651639857
24092,0.15856021114954907
24093,0.1553477821468094
24094,0.06221922089540461
24096,0.1445297099872028
24097,0.1856172893528707
24098,0.16497254489326468
24099,0.14065618722789874
24100,0.1616203367843473
24101,0.13823262237616463
24102,0.24257904738549071
24103,0.1413547256231858
24104,0.1336789832387071
24105,0.14428868367446301
24106,0.16396635021787462
24107,0.1442088610259115
24108,0.12669768925755157
24109,0.16214448963403352
24110,0.06192235453840064
24111,0.14935679864537785
24112,0.15442431835655898
24113,0.06432850016645875
24114,0.14397596741114768
24115,0.1609830459721167
24116,0.06494947358123539
24117,0.16287086579941445
24118,0.13937612421988493
24119,0.35174851586138295
24120,0.1117489521171857
24122,0.06186600884353142
24123,0.1626315459436142
24124,0.1494785804534305
24126,0.1620468234769329
24127,0.2527701858142986
24128,0.3563893579793884
24129,0.1424551222172763
24130,0.14822516837501382
24131,0.06254339904214481
24132,0.3650068156364093
24133,0.06255028948511478
24135,0.14598606987797427
24136,0.09366953776487327
24137,0.13669049683818235
24138,0.241582588612653
24139,0.14710262869810492
24140,0.15533295626199678
24141,0.06989522137599022
24143,0.17619861096491174
24144,0.12393329971853786
24145,0.15852314851504953
24146,0.06225957490525272
24147,0.18783981281626247
24148,0.23220467709477363
24149,0.14178303435145514
24150,0.18994693465961446
24151,0.1466957841071868
24152,0.18345838136618464
24153,0.14651585551101912
24154,0.18209831772852014
24155,0.14972154277961996
24156,0.15358748703312766
24157,0.15218819124499566
24158,0.2715127236944309
24159,0.25042828794012917
24160,0.2219862698065252
24161,0.14223328157319015
24162,0.06609265343297072
24163,0.14577422556254824
24166,0.4214166030141025
24167,0.14437737888025634
24168,0.25313274435129524
24169,0.1606610743298597
24172,0.18264425931311196
24173,0.14981342189879213
24174,0.07626555184160393
24177,0.06522628143403195
24178,0.40566295110774314
24180,0.3455216638623516
24181,0.1668983072575311
24182,0.1589955663562922
24183,0.16852844575452858
24184,0.17033027798360334
24185,0.0631836689178388
24187,0.15441740324703648
24189,0.14957595640396357
24190,0.3649996761083306
24191,0.1835160581052324
24193,0.06371231629090732
24195,0.25818844569333776
24196,0.14481269206555086
24198,0.15007817085962527
24200,0.35559504416387333
24201,0.14548922379308082
24203,0.15513587540471643
24204,0.18760163874947208
24206,0.17523851712672825
24207,0.2512036967369377
24208,0.14821730546629427
24209,0.15183547009198814
24210,0.1485485149147559
24212,0.12802537968813554
24213,0.1573681203370606
24214,0.19973852458098004
24215,0.19993289307849868
24216,0.264098820185892
24219,0.145749544252105
24220,0.15378076088808182
24223,0.25167338469022094
24224,0.1470010108746508
24225,0.13904494758209174
24226,0.2499619681969351
24227,0.13524256641638221
24228,0.12346290514185072
24229,0.1432286671193532
24230,0.14008836841999248
24231,0.2282314247128791
24232,0.06225957490525272
24233,0.13781717159024207
24234,0.14731780610799297
24235,0.07845454317403687
24236,0.3458546561062579
24237,0.13937876350720152
24239,0.1486073424859995
24241,0.14302713303896328
24242,0.06965404302260197
24244,0.14788263198340204
24245,0.27259996762837313
24246,0.14858578464961295
24248,0.1843192571061224
24249,0.15311832110370896
24250,0.21987447163054477
24251,0.13956654914004546
24252,0.12414681664480351
24253,0.14252834133194747
24255,0.2813450154580316
24257,0.15670203999576485
24259,0.13457021496432348
24260,0.15215688662791046
24261,0.1547241305831057
24263,0.14165113505349924
24264,0.1349856913148766
24265,0.14480940536964826
24266,0.1549742036517345
24267,0.14666451008682294
24268,0.34411265734306395
24270,0.16162120302404479
24271,0.15881932176873328
24272,0.0671482035723004
24274,0.25029228819886673
24275,0.155686115651008
24277,0.16239696356701172
24278,0.06513755004401928
24280,0.13546324678018118
24281,0.14611795148726653
24283,0.15975310812419583
24286,0.18183048318975353
24287,0.1498908128836429
24288,0.15268386535297912
24289,0.13235555180273492
24291,0.14699452758052275
24292,0.21669643997692792
24293,0.031210242163725643
24295,0.15568821350325832
24296,0.1544956789286986
24297,0.24660579490460388
24298,0.2210483183354825
24299,0.17315898371822824
24300,0.1550409397881881
24301,0.1383002892133432
24302,0.1522480090793363
24303,0.40824809436636744
24304,0.2740796567285573
24305,0.18243667458881796
24306,0.1551852836763432
24307,0.14099076913033778
24308,0.1861695042146505
24309,0.06310958679009347
24310,0.1421994399335857
24311,0.1568522034917092
24312,0.14072391880030535
24313,0.14279804062782372
24314,0.13822790686482778
24315,0.11897978334749494
24316,0.1447774524558441
24318,0.0658304897304229
24319,0.28235607862854645
24320,0.1470986497879669
24321,0.14649623140528525
24322,0.31741690902700237
24323,0.27545560758265175
24324,0.14466138184728633
24325,0.36460613040694184
24327,0.15956371570073996
24329,0.25435882929131665
24330,0.18302671952731264
24331,0.1504228223983957
24332,0.17866426277405797
24333,0.36660386970915915
24334,0.1382633279232834
24335,0.22453942570619337
24338,0.1510595436060272
24339,0.06440747020827466
24340,0.14957969929590803
24343,0.3542919204145935
24344,0.03235733138723755
24345,0.14482705604489976
24346,0.1437684430519463
24348,0.2782938757817118
24349,0.15188657889529453
24351,0.13568111787853898
24352,0.24906482798670726
24353,0.13328660172363546
24354,0.3534425581124278
24355,0.1740855662457252
24356,0.14999447622675446
24357,0.14184622622874798
24358,0.2390525316449419
24359,0.13859664838630473
24361,0.14996288613301353
24362,0.13853644568838488
24363,0.07104930554791346
24364,0.13846176900578938
24365,0.264098820185892
24367,0.14359876777143735
24368,0.03108047241481316
24369,0.13248671455731179
24372,0.16080810620272604
24373,0.13991031071285479
24374,0.13967307838111293
24375,0.14532113635590221
24377,0.2355911943004258
24378,0.0963378474768286
24379,0.3875213853636042
24380,0.14094583396666374
24381,0.16097305691261138
24382,0.1397124625378487
24383,0.1482699989154432
24384,0.06463593209174871
24385,0.1345043183514002
24386,0.07183869775609739
24387,0.15879268910178398
24388,0.15001730962516127
24389,0.1437566571330568
24390,0.06517507034015475
24392,0.1428598624158181
24394,0.17435383505625998
24395,0.25291035725080185
24396,0.41249938142670023
24398,0.1683629799927223
24399,0.031687928409027386
24400,0.06280384444033159
24401,0.12704035358387272
24402,0.13828713430338704
24403,0.14322257662927967
24404,0.13976243551803183
24405,0.17113844731833008
24406,0.26823170415154557
24407,0.1441857893235239
24408,0.15078573178246246
24409,0.1564588802647045
24410,0.05911501814761234
24411,0.12099769263179233
24412,0.06629220741653735
24413,0.06306251104774215
24414,0.14747329003171472
24416,0.2541528120016646
24417,0.18105400690688728
24419,0.14812665355128102
24420,0.13412122941679738
24421,0.07780488773963574
24422,0.1339196226722356
24425,0.25911753433401674
24426,0.06448636684965738
24427,0.2374047689165045
24429,0.16659128428499012
24432,0.1328792038631699
24433,0.13598009368532424
24434,0.1440929336260783
24435,0.4051023254424098
24436,0.15673133796016417
24437,0.13582618862525564
24439,0.14379290233208872
24440,0.14201507474218666
24441,0.17212051739856377
24442,0.21586979178688923
24443,0.13994623010187227
24444,0.14346282938781174
24445,0.15189895322917935
24446,0.14769430387829888
24447,0.23974209365101828
24449,0.14078457621760979
24450,0.13843076392834874
24451,0.16836599083960874
24452,0.15111535722221153
24453,0.15297408311206007
24454,0.07282087911928124
24456,0.19038322986595962
24457,0.14165610293301903
24458,0.14767889723038957
24459,0.0319431099585696
24460,0.16154251209280782
24461,0.15040011648390103
24462,0.13712862802949205
24464,0.14782969167363139
24465,0.06624275231313355
24466,0.13828017761676428
24467,0.13722658077007793
24468,0.1489010544515041
24469,0.1404142096797752
24474,0.1584910507880027
24475,0.06345961537819694
24476,0.15950576248124618
24477,0.16605459216888
24478,0.2990547230943051
24480,0.16497244818628673
24481,0.13974867846029312
24483,0.1414151475214289
24484,0.12389771545802615
24485,0.19412253575652993
24486,0.2680617481669196
24487,0.14523783497649165
24488,0.14288083014693337
24489,0.15221661953038673
24491,0.15532518800254366
24492,0.21670232999814074
24494,0.06265196124540685
24496,0.15599913337494845
24497,0.16021748655315604
24499,0.13709573501439212
24501,0.14860404800327215
24502,0.23140052209275147
24503,0.3881395945218365
24504,0.23527349288239097
24505,0.23269099855710224
24506,0.1495186060530986
24507,0.15262024604363478
24508,0.09157021532178045
24509,0.1406778644226212
24510,0.15009495924970542
24511,0.22568650995049458
24512,0.06461041656166189
24513,0.15520677027578164
24514,0.14451439932327811
24515,0.1464575117502506
24517,0.2539011974792981
24518,0.07688846312125935
24520,0.07186989041972232
24521,0.065546838247038
24523,0.14806569422374152
24524,0.060872871618013816
24526,0.1323724264016502
24527,0.15354950151034447
24528,0.1368522776690673
24530,0.14452192574257047
24531,0.20561821935113814
24532,0.25950947614142766
24533,0.16917844008687954
24534,0.1567091590859873
24535,0.2425568194918047
24536,0.16987429162514212
24538,0.14972788123281167
24539,0.13110505719636695
24540,0.2924413826886445
24541,0.1450244227388237
24543,0.16520247895280696
24544,0.15704357804247338
24546,0.18199642805050248
24547,0.221934580740336
24548,0.13670880926360635
24549,0.15651674558199252
24550,0.3629945040642077
24551,0.16620626523377877
24552,0.1569649658526193
24554,0.24163949449084962
24555,0.2523396754717681
24556,0.1403857767141563
24558,0.21968183415937692
24559,0.36008723770055356
24560,0.1385742563702104
24561,0.13231796418330422
24562,0.229662597102484
24563,0.22219171362420292
24564,0.14716764938169455
24567,0.14053929433208068
24568,0.1400725435798509
24569,0.21236867012128183
24570,0.2246296468614567
24571,0.1405271397721756
24572,0.34957029265955647
24573,0.25468859053013043
24575,0.25259315591124143
24576,0.1703253832830104
24577,0.16071289401374078
24578,0.2782938757817118
24579,0.09235354427243163
24581,0.1383244487926349
24582,0.14805033852001212
24583,0.13439581232622458
24587,0.14810610696829812
24588,0.14341354364437334
24589,0.17883728032807303
24591,0.15982219302175588
24592,0.06401418017343061
24593,0.1385186876228829
24594,0.15143498424345986
24595,0.2531888415436307
24596,0.1400139886541739
24597,0.13409245266984757
24599,0.1344689201779957
24600,0.15915628455121208
24601,0.15006951978066935
24603,0.3602044879109024
24604,0.1468654851242282
24605,0.15163791322704842
24608,0.13944178221260484
24609,0.19853982836084433
24610,0.14008217211667756
24613,0.15197387729500195
24614,0.1674553552052534
24615,0.1368333002453961
24616,0.06335672154438188
24618,0.23545087003862006
24619,0.15265692876319997
24620,0.1527559242373222
24621,0.13286135878598318
24622,0.14971142925428205
24623,0.1654990842080844
24624,0.19099771830955684
24625,0.1870260914665095
24628,0.1800414778915039
24629,0.16195815427461224
24630,0.22982218547521033
24631,0.23416705386438158
24632,0.2356678861773169
24633,0.14882681775585585
24634,0.21968183415937692
24635,0.18869688522968703
24636,0.15761276067601082
24637,0.2456918101493167
24638,0.06219530320958876
24639,0.14495988046743352
24640,0.15311832110370896
24641,0.14086801317710662
24642,0.06265196124540685
24643,0.13567103383591608
24644,0.14388216479520147
24645,0.14066631484846395
24646,0.15168741170499758
24647,0.12946120125937274
24648,0.24395075923292706
24649,0.148969020039373
24650,0.12843692310128768
24651,0.13879849142351827
24652,0.12755738161497263
24653,0.4001651372357048
24654,0.2922214729058946
24655,0.2128932020143917
24656,0.15190732158391143
24657,0.15593073682042355
24658,0.061426317915542754
24659,0.1447254891967688
24660,0.16497401239507137
24661,0.34350562865971057
24662,0.14158597645204016
24663,0.25711307871027317
24664,0.14610404553677453
24665,0.14016168674700183
24666,0.14220431975917514
24667,0.12736233515724046
24668,0.15546828364014156
24669,0.14616813983759752
24670,0.4112498952121319
24671,0.15185824832823008
24672,0.47150040253679476
24673,0.1464648321541678
24674,0.13774882703955965
24675,0.1537652336475496
24676,0.13931682797526976
24677,0.277131934583245
24678,0.14485112279182924
24679,0.14741050046221144
24680,0.13689970827374656
24681,0.15407197304999054
24682,0.13393879668895303
24683,0.19720172374411787
24684,0.26773009231964
24685,0.14325754784367978
24686,0.18762966451159158
24687,0.16534912273826632
24688,0.13606270019113867
24689,0.13129487765094072
24690,0.145540218564891
24691,0.1536783537017415
24692,0.08074112424338677
24693,0.2309194632904817
24694,0.1502045705225318
24695,0.233409653381636
24696,0.17033035054473614
24697,0.18141021112541125
24698,0.14857208815380513
24699,0.09389612629990587
24700,0.0610057663233802
24701,0.18768334813144946
24702,0.40095395909566567
24703,0.14094031706447102
24704,0.15265333050672658
24705,0.2752605130503567
24706,0.18177369351141212
24707,0.13189978153108972
24708,0.13944236042065897
24709,0.145749544252105
24710,0.14822516837501382
24711,0.15075102527212444
24712,0.17405013784892903
24713,0.14434492821252587
24714,0.3573595757059308
24715,0.06329963501366434
24716,0.06620154695802706
24717,0.17902565624829886
24718,0.1612568234071079
24719,0.13879303479975616
24720,0.23857645938178001
24721,0.19857739834981858
24722,0.1484585517800383
24723,0.1350465365833959
24724,0.07705246712982623
24725,0.3582794826276379
24726,0.18183048318975353
24727,0.14118431565090642
24728,0.12567155249566217
24729,0.14793949604379808
24730,0.1601483273410444
24731,0.13749375362140526
24732,0.3586300613371933
24733,0.13673641933755346
24734,0.16777606436242543
24735,0.14610727377490224
24736,0.4046069631561903
24737,0.4112498952121319
24738,0.2340941317195185
24739,0.20362308752109573
24740,0.14682092889926696
24741,0.1709126617057404
24742,0.1728177021862471
24743,0.06477628135374655
24744,0.14577422556254824
24745,0.1392594584075558
24746,0.1588452298325665
24747,0.128732161403418
24748,0.14902066094860505
24749,0.1834619000198322
24750,0.06265196124540685
24751,0.13660571214662973
24752,0.1449163297423164
24753,0.13502324968899304
24754,0.27654436543470373
24755,0.3953052872209565
24756,0.21142148869295743
24757,0.26841934009988105
24758,0.0649853684487659
24759,0.14421147041511373
24760,0.1722222708463383
24761,0.16323731306828276
24762,0.14084368346482484
24763,0.06231275679866245
24764,0.14142774573080838
24765,0.14696206980959242
24766,0.16818077505688786
24767,0.15301846387425178
24768,0.1626720367279633
24769,0.15872003800322754
24770,0.14801362959180894
24771,0.1577896990518213
24772,0.16962097124793427
24773,0.09021315746362069
24774,0.18044554565405108
24775,0.2390525316449419
24776,0.19724727476192136
24777,0.06827261591032709
24778,0.14590311929242827
24779,0.1427344638296288
24780,0.16604673749035603
24781,0.13362105891547535
24782,0.06345961537819694
24783,0.1523329509582261
24784,0.32199947465484596
24785,0.14462205162493041
24786,0.15183494599406655
24787,0.12953278117088263
24788,0.3681982443231513
24789,0.1510881242561487
24790,0.1929243142996133
24791,0.1891569202601538
24792,0.17621871089769806
24793,0.1596322670707497
24794,0.22657237377137993
24795,0.34933827268190665
24796,0.12777442420580454
24797,0.1539537686276272
24798,0.15365588398367547
24799,0.1559985974067035
24800,0.3532518665840814
24801,0.4605398473601268
24802,0.35984234032418666
24803,0.13636687058818422
24804,0.1484857502489622
24805,0.17482075828197172
24806,0.14292852089776012
24807,0.1684438061701975
24808,0.12771227334498997
24809,0.25689027364052136
24810,0.3825147264491882
24811,0.4329962141729037
24812,0.15104145304191738
24813,0.1348905654134425
24814,0.15021220933613938
24815,0.1459391997852933
24816,0.14789172034397005
24817,0.14556631239283344
24818,0.13555481413031142
24819,0.14926581777090037
24820,0.06275003872687197
24821,0.4480602188585385
24822,0.1410381489974772
24823,0.2551373282958885
24824,0.14845288274348314
24825,0.2122666071233665
24826,0.1318090560974522
24827,0.2561061012331544
24828,0.16900289693863915
24829,0.14001396893728452
24830,0.14767004540858042
24831,0.19530091152596857
24832,0.13774076367712484
24833,0.13546470977486183
24834,0.15303905714716837
24835,0.1313292523175905
24836,0.14205338214856852
24837,0.24330364272412822
24838,0.14481269206555086
24839,0.36499843946533084
24840,0.14012327517269157
24841,0.15832496687165507
24842,0.06238001154508576
24843,0.14020696912733974
24844,0.14478880412317024
24845,0.06288197306850091
24846,0.14438238758830704
24847,0.2756496054357305
24848,0.16601853460803523
24849,0.168031391352344
24850,0.14652920082254356
24851,0.15105591896552498
24852,0.1381872598278153
24853,0.14573630350948885
24854,0.14704709831715448
24855,0.06259727738585386
24856,0.14492973443950483
24857,0.39517627213111267
24858,0.07068839066786332
24859,0.3897975405309405
24860,0.34800177933633625
24861,0.14913630389869265
24862,0.1713240739756589
24863,0.21473757747756655
24864,0.410722729995584
24865,0.06051979703198355
24866,0.14604335559189388
24867,0.23485270334263483
24868,0.14725481190952364
24869,0.14777324330135477
24870,0.13983446776443942
24871,0.14381799398077066
24872,0.15161203610814009
24873,0.1718137506890213
24874,0.16991676258577929
24875,0.2449127509766568
24876,0.15493507953762714
24877,0.15156911643215218
24878,0.3457030640629986
24879,0.1347215158929717
24880,0.06361332364170644
24881,0.15680290150577053
24882,0.13666022197760888
24883,0.28524447801968905
24884,0.1651520253534622
24885,0.1674404131217591
24886,0.19516953538477091
24887,0.12567171459286414
24888,0.1381897765112931
24889,0.13547258392305697
24890,0.34616795718407184
24891,0.14499625997966825
24892,0.24502475352908462
24893,0.06773182016184062
24894,0.15583666430017093
24895,0.1390816225750281
24896,0.17381056946364534
24897,0.06345961537819694
24898,0.34723954228619275
24899,0.15613580479516706
24900,0.06306251104774215
24901,0.251610686574132
24902,0.1353534619599874
24903,0.1548021081465199
24904,0.06267600004270055
24905,0.16572996927245323
24906,0.11669676886211208
24907,0.14979318745963371
24908,0.2374047689165045
24909,0.13571752166228926
24910,0.14654258623075012
24911,0.18939210366885192
24912,0.06407739672385748
24913,0.15651871918201785
24914,0.0632937573787294
24915,0.15665574353585568
24916,0.06192235453840064
24917,0.16338486718615258
24918,0.08071768998808397
24919,0.16192442956375971
24920,0.14583763619449344
24921,0.15401994638445893
24922,0.1378210376365697
24923,0.25818844569333776
24924,0.2260666841916476
24925,0.1620664504511116
24926,0.061200067936963524
24927,0.2361464473724977
24928,0.15711697596409782
24929,0.35372289872044377
24930,0.24204652564034437
24931,0.3325882145330793
24932,0.1429436007883569
24933,0.17495040491959793
24934,0.14099655824542134
24935,0.1628462444723539
24936,0.4213830723644114
24937,0.17161652903599955
24938,0.15106933075965717
24939,0.22492022680907067
24940,0.15217830244711683
24941,0.14620492020694853
24942,0.20259013294989517
24943,0.05941327197694079
24944,0.23624960251459942
24945,0.3931367448784261
24946,0.237290106683939
24947,0.3992568081113374
24948,0.14883779598048144
24949,0.1342451688208775
24950,0.12921356614807458
24951,0.3559164184633129
24952,0.06344835854479652
24953,0.21228741240119303
24954,0.20711360878076995
24955,0.15306469419656937
24956,0.16878260965969055
24957,0.14727811720745956
24958,0.0627212325729632
24959,0.14259783389073408
24960,0.16712058997801693
24961,0.14814113455607333
24962,0.38106191877542483
24963,0.16650262202709554
24964,0.16168134857069272
24965,0.19805088542848873
24966,0.14987591612446768
24967,0.05850278199751594
24968,0.3388762739897322
24969,0.1369191381030092
24970,0.23574971274964135
24971,0.17641501522939057
24972,0.07591354257008984
24973,0.1588712197692024
24974,0.3581599856166059
24975,0.1546349705185689
24976,0.24532477819278825
24977,0.13797019734108487
24978,0.15031973200307877
24979,0.13888216443848148
24980,0.05712877876181197
24981,0.14479398137867194
24982,0.2998635192866066
24983,0.15290712843132725
24984,0.17676512670845038
24985,0.1476108661344254
24986,0.1342985023002128
24987,0.19693508363071874
24988,0.1532557967648946
24989,0.23882724953312004
24990,0.19435257512845128
24991,0.23621100709008636
24992,0.22615348564107382
24993,0.24655380145775044
24994,0.13621363747084658
24995,0.14254110406018272
24996,0.03260142050114195
24997,0.13894671740678682
24998,0.1612336192105691
24999,0.14776253873039497
25000,0.16761259729152928
25001,0.1324710208849079
25002,0.15659029745946138
25003,0.18642254967240418
25004,0.17775844156092674
25005,0.13327792310737532
25006,0.15814908334326047
25007,0.0619581356389206
25008,0.16925386313392554
25009,0.19890363674648964
25010,0.14680742473575678
25011,0.15440056209378195
25012,0.06280384444033159
25013,0.1634590477930719
25014,0.1393649421528033
25015,0.14381800826375987
25016,0.22652847382759286
25017,0.3614734413917326
25018,0.14084368346482484
25019,0.14808022702139748
25020,0.2165120526314472
25021,0.14774855049680863
25022,0.1604351162418483
25023,0.1496116922746811
25024,0.1485405408558673
25025,0.1635706321739946
25026,0.35840192967909035
25027,0.16785879911478446
25028,0.031858419249696256
25029,0.1634167798919787
25030,0.15666446353256328
25031,0.3825147264491882
25032,0.06345961537819694
25033,0.14296599058974696
25034,0.23007150237946522
25035,0.17173974245400742
25036,0.1456417723140819
25037,0.40566295110774314
25038,0.14238446255068288
25039,0.3593091985051758
25040,0.07884025131635482
25041,0.3126092958562469
25042,0.19506738401035884
25043,0.15231459385201956
25044,0.15892464092873249
25045,0.1528613803278962
25046,0.3593508589487139
25047,0.06502436494417436
25048,0.2336944256623718
25049,0.3571550434437504
25050,0.26165070241535854
25051,0.13944087474670297
25052,0.16025074873586093
25053,0.05804782887284628
25054,0.24901508749966497
25055,0.15283732148556592
25056,0.18530340338272266
25057,0.15009495924970542
25058,0.13566957911586747
25059,0.16474964326630787
25060,0.2808310416451273
25061,0.14349204094347529
25062,0.1450244227388237
25063,0.3542919204145935
25064,0.2422326620448232
25065,0.062184647457861945
25066,0.16219833428468644
25067,0.12558995815802465
25068,0.16417215220671838
25069,0.15319150738699674
25070,0.34696761124598097
25071,0.14101444797128823
25072,0.17355134016825416
25073,0.3534425581124278
25074,0.15945397804390796
25075,0.16941967857636436
25076,0.1536170417010701
25077,0.1786491179393114
25078,0.08097342228470857
25079,0.1596212210152896
25080,0.3684677598471355
25081,0.13985968156057102
25082,0.22718440072521934
25083,0.1418690161077607
25084,0.16227330134189252
25085,0.35064253336237544
25086,0.15594299191582287
25087,0.35840192967909035
25088,0.14203514511246187
25089,0.21996437493428625
25090,0.14534905476832008
25091,0.3618664256743786
25092,0.23126580533440214
25093,0.35174851586138295
25094,0.2535815785545553
25095,0.17364412396003093
25096,0.14781666400823598
25097,0.35805908290157873
25098,0.28522657178187927
25099,0.21711604957004607
25100,0.2535815785545553
25101,0.14146636385880537
25102,0.2601426699875183
25103,0.21473906484599944
25104,0.16395075069018317
25105,0.15066930206564627
25106,0.12447656222096663
25107,0.16200418401383743
25108,0.38114151249425543
25109,0.12955011669858446
25110,0.1584281986740058
25111,0.15361682745855978
25112,0.1578743540706204
25113,0.24031417902730104
25114,0.16225424801764926
25115,0.26594973596644816
25116,0.2330401130175983
25117,0.14659952879691684
25118,0.1492545605529492
25119,0.1462404168622078
25120,0.07418976538565898
25121,0.13908321724879993
25122,0.2846648173119602
25123,0.1691020125190055
25124,0.15587466644752998
25125,0.1620468234769329
25126,0.2523591177600283
25127,0.2405222520918037
25128,0.4231356407860778
25129,0.1517297743774591
25130,0.1507088721774253
25131,0.14248333628850585
25132,0.1489920897850586
25133,0.15514444605252978
25134,0.06345961537819694
25135,0.14325637229857668
25136,0.14621055381288642
25137,0.13647622874587134
25138,0.14356308547896068
25139,0.1358298505427378
25140,0.14864363091330254
25141,0.1565925323968151
25142,0.15094958649413445
25143,0.031485014372279206
25144,0.13518429126142623
25145,0.1707408367672776
25146,0.22254139692358157
25147,0.19015262644826897
25148,0.23349992126469912
25149,0.2567384084899
25150,0.13993455181780512
25151,0.15699415272718317
25152,0.07116461676664193
25153,0.1411385918098175
25154,0.40738522352858914
25155,0.15027425020006485
25156,0.15077984748617732
25157,0.14158597645204016
25158,0.13874247399230663
25159,0.1667327323214461
25160,0.14825863523018776
25161,0.1768655024623041
25162,0.14879774020508274
25163,0.144004881224178
25164,0.14629031366665166
25165,0.13183928471656603
25166,0.07054618586944035
25167,0.18979290393263568
25168,0.21428195613887194
25169,0.06280384444033159
25170,0.14984878055302764
25171,0.21327551672718306
25172,0.16583875936861492
25173,0.06402724986775767
25174,0.1802422521850511
25175,0.17372119628654256
25176,0.06559338959131446
25177,0.15982219302175588
25178,0.14828324339669552
25179,0.15060985284917258
25180,0.1594416805824111
25181,0.10820348409674038
25182,0.3744414784644818
25183,0.14257249788395493
25184,0.14016788251699167
25185,0.14087945416968475
25186,0.18309926050722833
25187,0.1362612752232961
25188,0.14957595640396357
25189,0.14000683756932733
25190,0.21450775308381145
25191,0.32476713999300866
25192,0.4639818018836159
25193,0.18527726865293687
25194,0.15008531076336415
25195,0.3542919204145935
25196,0.14167213929159633
25197,0.13956802202414959
25198,0.062136290660451794
25199,0.2740796567285573
25200,0.1518023462621148
25201,0.35559504416387333
25202,0.1262665999293656
25203,0.13970344077054941
25204,0.12876921707265349
25205,0.24175705635106862
25206,0.13786568002077554
25207,0.12778849145915802
25208,0.15061154188555362
25209,0.23719783567830502
25210,0.15249844468207652
25211,0.13571993302789054
25212,0.3676039119332405
25213,0.14142219936855563
25214,0.15038042050550166
25215,0.1541462696132716
25216,0.24299982590656638
25217,0.2194972139175638
25218,0.14726881419518698
25219,0.16934708674266435
25220,0.1571695862455114
25221,0.2831621551540954
25222,0.16246530941373447
25223,0.1560007051245761
25224,0.16133706404770265
25225,0.17997494261669836
25226,0.34496270339208696
25227,0.14016609365784052
25228,0.185469006064323
25229,0.14989109817140492
25230,0.16960067153366934
25231,0.13933320878215708
25232,0.13357837462620145
25233,0.18917276125896704
25234,0.35692784086637247
25235,0.1497027011557424
25236,0.17089673841488823
25237,0.34378056697212434
25238,0.2502072561421725
25239,0.14740899472675473
25240,0.3633552529663539
25241,0.14304595744688994
25242,0.1391308185969494
25243,0.1367233926119339
25244,0.38114151249425543
25245,0.16166536718100266
25246,0.1510881242561487
25247,0.21123650725511314
25248,0.0627212325729632
25249,0.16219536948408547
25250,0.13217790765100149
25251,0.13865742281074597
25252,0.2413548796121877
25253,0.06509889196745128
25254,0.17435383505625998
25255,0.2450974753579964
25256,0.1485359890744155
25257,0.13222404830497536
25258,0.1443721797956344
25259,0.1470609174550903
25260,0.26053855740442927
25261,0.28165296208751184
25262,0.17532576808374895
25263,0.145637908185139
25264,0.1390815246288177
25265,0.13821969410780896
25266,0.13658324674590142
25267,0.14083337164519089
25268,0.14544265366573506
25269,0.24747636257086333
25270,0.13470047849297195
25271,0.06280384444033159
25272,0.1385871821282418
25273,0.35331721342553357
25274,0.14546695483587327
25275,0.27010168810211976
25276,0.13818051886185725
25277,0.14279540970055618
25278,0.24463847872029656
25279,0.14987090079957513
25280,0.34929449386421796
25281,0.24780821917996632
25282,0.19051499120049994
25283,0.21416345904194614
25284,0.22908565635915062
25285,0.16382899434794418
25286,0.14529956940630273
25287,0.0739443783216316
25288,0.1443774306500093
25289,0.16495434917149007
25290,0.1511797688783471
25291,0.15919742447055946
25292,0.14909235115136477
25293,0.23237307000376317
25294,0.29704217786415343
25295,0.1543680536592992
25296,0.18939210366885192
25297,0.15571271968904124
25298,0.06313694468536885
25299,0.16932758810147933
25300,0.0644054048708678
25301,0.1500942413102022
25302,0.14268309530430173
25303,0.1645284857299548
25304,0.16597133111230342
25305,0.2714598018142488
25306,0.16779998110732738
25307,0.1494345877727846
25308,0.12587435055711452
25309,0.1376367548436869
25310,0.13433626052827166
25311,0.22352545763596204
25312,0.13121841457330272
25313,0.14938342672763608
25314,0.15529081261139743
25315,0.16323700951431125
25316,0.06256517079721896
25317,0.08023283914786265
25318,0.2231306877983757
25319,0.150043575314281
25320,0.23039540525285185
25321,0.14255122461510644
25322,0.14968073844038404
25323,0.1517952553329199
25324,0.2526143685652884
25325,0.14345237187122747
25326,0.26299082265979795
25327,0.24713621083865478
25328,0.18276046107962676
25329,0.14333701348073657
25330,0.14767004540858042
25331,0.06221922089540461
25332,0.19629023098928963
25333,0.13859664838630473
25334,0.36679704182297246
25335,0.22217430597198834
25336,0.34771920591141087
25337,0.23822618081562993
25338,0.08173349818164308
25339,0.21778174618282048
25340,0.14435180681972684
25341,0.17443239456683687
25342,0.13726751535189674
25343,0.340891812078292
25344,0.24268297308144246
25345,0.15503683766627258
25346,0.18991640386811426
25347,0.16093682476593385
25348,0.2066910264396318
25349,0.1401632590232555
25350,0.1578773600820031
25351,0.1397266465340027
25352,0.06438112621861632
25353,0.1478419280989133
25354,0.16054710417429768
25355,0.1854540036395696
25356,0.1347835936425979
25357,0.06236214896285213
25358,0.24192131524431165
25359,0.3542419586256789
25360,0.15178840518660686
25361,0.140884835750947
25362,0.24567742433221101
25363,0.13843406958823892
25364,0.1364510385826218
25365,0.15399055101269984
25366,0.3610643320406974
25367,0.15351583753258663
25368,0.14105733445501997
25369,0.1498444618632961
25370,0.1432299203356627
25371,0.14746291918504545
25372,0.13904315783747312
25373,0.2561809410093865
25374,0.2680350391358573
25375,0.2716063438812946
25376,0.14590560589579057
25377,0.40095395909566567
25378,0.13508624569882366
25379,0.14712186113136236
25380,0.062421733809713505
25381,0.07985934074612706
25382,0.1550063785894886
25383,0.15410519169103484
25384,0.14195795732193944
25385,0.13912435052510252
25386,0.35416258276942514
25387,0.1247993250146865
25388,0.1901073287905073
25389,0.1345657014903465
25390,0.27079568814919375
25391,0.14401819835147417
25392,0.1483410695004946
25393,0.13375760944067616
25394,0.13706716622644927
25395,0.352636666946465
25396,0.1451608919820962
25397,0.06739876472887894
25398,0.14925665030915983
25399,0.15430858631740083
25400,0.1444118095189599
25401,0.20871040363703794
25402,0.23485270334263483
25403,0.25773892657247793
25404,0.14571404378721503
25405,0.13934408328518058
25406,0.09395458950428967
25407,0.1702045542843534
25408,0.15790427362395862
25409,0.1547379980068185
25410,0.30373423372058084
25411,0.12831186924772783
25412,0.35320322943202587
25413,0.15035308507984183
25414,0.2315633312099452
25415,0.15171443603366172
25416,0.15160512344326688
25417,0.14386965508050822
25418,0.2335682337168879
25419,0.1473152053938052
25420,0.1437375754025964
25421,0.1298358132147272
25422,0.24313556752427834
25423,0.42232161076519004
25424,0.20988908053924724
25425,0.13397968417800693
25426,0.2696872747457869
25427,0.1527215585904249
25428,0.15729690299405302
25429,0.24583439389722597
25430,0.1318546801877651
25431,0.2090476265891828
25432,0.21391723023456619
25433,0.17792434787579675
25434,0.16928796337596924
25435,0.06609265343297072
25436,0.15899683099401757
25437,0.2109903355910635
25438,0.17320850284540407
25439,0.14095202350623945
25440,0.2351011497363039
25441,0.14296779426924083
25442,0.15614969509484164
25443,0.13805746565895333
25444,0.3610643320406974
25445,0.14534816156562874
25446,0.40940847466339586
25447,0.13565654046224196
25448,0.16305803731862795
25449,0.3633397258223518
25450,0.1478441936111957
25451,0.2262012120091375
25452,0.06349934136449424
25453,0.10440215605221494
25454,0.15442063977363296
25455,0.1445612089694072
25456,0.15658908398278445
25457,0.1367312651390716
25458,0.13997272586569068
25459,0.24274480610629084
25460,0.06270434819301553
25461,0.13394821438381926
25462,0.14350752394172475
25463,0.14306748204426722
25464,0.35028840085551805
25465,0.353644746799661
25466,0.29524257022468375
25467,0.1420700279469363
25468,0.15453917551184526
25469,0.15239635148068928
25470,0.23134244423005748
25471,0.1529737956605523
25472,0.13526232071216043
25473,0.15372929219577006
25474,0.13484333216473335
25475,0.22469466778919894
25476,0.15558507054288073
25477,0.3744414784644818
25478,0.14508910005718115
25479,0.3907430082992621
25480,0.27259996762837313
25481,0.1513161318873674
25482,0.2819413425158184
25483,0.132225962699868
25484,0.15470721219120312
25485,0.16873221493688634
25486,0.21731974784470487
25487,0.41377897947893444
25488,0.23033246305403957
25489,0.13854413644730532
25490,0.13543970523014603
25491,0.13355295856574534
25492,0.15876379692455922
25493,0.1622468020052834
25494,0.15026201807715917
25495,0.14531251099872536
25496,0.0644054048708678
25497,0.15537329843989778
25498,0.07137539546954529
25499,0.19018030719215268
25500,0.24906482798670726
25501,0.08804635569236434
25502,0.1612453348086492
25503,0.1845326060551875
25504,0.2561809410093865
25505,0.0631836689178388
25506,0.15018354979097778
25507,0.03227009244479566
25508,0.13619963747733516
25509,0.1495266465854339
25510,0.19619121027442957
25511,0.14680742473575678
25512,0.36399092657524185
25513,0.24085921674946736
25514,0.22242109268510857
25515,0.14943590855357616
25516,0.15287222180979282
25517,0.07012197011882143
25518,0.209195430229376
25519,0.14746777222623822
25520,0.15053647908178372
25521,0.1455542748188132
25522,0.15053909252271697
25523,0.23435631083415698
25524,0.14519414819227688
25525,0.13677267548410435
25526,0.06280384444033159
25527,0.1321049091292162
25528,0.2346136051070358
25529,0.15277950433315882
25530,0.06265196124540685
25531,0.14415421994612507
25532,0.13752384255312752
25533,0.130661146745041
25534,0.14615978355481862
25535,0.3540903470228081
25536,0.24645641950788802
25537,0.28395122256412325
25538,0.146577812885563
25539,0.20545226664116767
25540,0.14675463168762978
25541,0.10532267990913709
25542,0.16123689545481543
25543,0.13703702706427215
25544,0.1402302616184161
25545,0.1732519444901048
25546,0.14688427089539616
25547,0.15577991657550094
25548,0.13077631906293372
25549,0.06361332364170644
25550,0.14869244780891056
25551,0.1322741467927824
25552,0.15895966840620274
25553,0.3607975683350913
25554,0.0639820618551801
25555,0.06345961537819694
25556,0.14758256363778605
25557,0.16133267051581457
25558,0.1436434204396069
25559,0.15546696242174451
25560,0.16559051807466557
25561,0.06376552903217485
25562,0.15407315965537816
25563,0.1473365147728467
25564,0.11047078707855194
25565,0.15003010111439424
25566,0.1398212038835046
25567,0.13721999268305793
25568,0.14130939136006102
25569,0.1477407356397958
25570,0.1616992417860269
25571,0.2775886971544738
25572,0.14298850153214399
25573,0.22982218547521033
25574,0.14979210842480084
25575,0.15542461819120437
25576,0.15483396730571003
25577,0.16318833036007133
25578,0.15855820078310948
25579,0.12189036351655705
25580,0.20732462851870606
25581,0.26317231475481057
25582,0.13649713448492873
25583,0.14367588017926955
25584,0.20053184421652748
25585,0.14239812718374564
25586,0.2359438375645209
25587,0.22932930492535458
25588,0.2401044643375891
25589,0.16969499396581517
25590,0.13291272100296234
25591,0.15792352701907428
25592,0.13806067537853411
25593,0.15667512011966847
25594,0.16467025008659728
25595,0.07040938009786055
25596,0.14489789992833477
25597,0.06280384444033159
25598,0.25291035725080185
25599,0.15051689964391
25600,0.1604746629443416
25601,0.14569625343295053
25602,0.15255518482141303
25603,0.2479966018555262
25604,0.15235476013286325
25605,0.09287238306263418
25606,0.14687062580691312
25607,0.1347169626155236
25608,0.24303312768728444
25609,0.12973125524814252
25610,0.13842159834969867
25611,0.12042831584334253
25612,0.14426180900818242
25613,0.16977922007755444
25614,0.2890113284732975
25615,0.1334171118438086
25616,0.13944479692315853
25617,0.16312689875973768
25618,0.36511171366726775
25619,0.2535815785545553
25620,0.2711174953907681
25621,0.14072845990495964
25622,0.15440339127150188
25623,0.1497430996037578
25624,0.14712342166313028
25625,0.14940479560749959
25626,0.14997697901098297
25627,0.3499338884388584
25628,0.06140268507225019
25629,0.032024479967037695
25630,0.1556776928812684
25631,0.2782938757817118
25632,0.13558925297739255
25633,0.1343360300448751
25634,0.14725481190952364
25635,0.1339196226722356
25636,0.15650898273672537
25637,0.06392850777300269
25638,0.1614488269409854
25639,0.15004916641151725
25640,0.16247734648790602
25641,0.15183871580675104
25642,0.15311832110370896
25643,0.16884420948898757
25644,0.2499619681969351
25645,0.14153279484804276
25646,0.2001271880696449
25647,0.16094408168840799
25648,0.14880742449425824
25649,0.2214274666690259
25650,0.15098365658814822
25651,0.20379536286233282
25652,0.31357777864532405
25653,0.1371844660006003
25654,0.14142763217695595
25655,0.39556258333934463
25656,0.3989487886440118
25657,0.15797175954591494
25658,0.06253391092752213
25659,0.12468468218514464
25660,0.1320652143484606
25661,0.2351011497363039
25662,0.1553409271189384
25663,0.1389523242133001
25664,0.2527538943117983
25665,0.16338486718615258
25666,0.06343028261645664
25667,0.13830900686388023
25668,0.14396032695622454
25669,0.24627490186793774
25670,0.17262500215778412
25671,0.14239283953980222
25672,0.21314650717629824
25673,0.06253391092752213
25674,0.13582544344108627
25675,0.1391263627446928
25676,0.21455838786344053
25677,0.1353984977185778
25678,0.17950649454175382
25679,0.22510198790590533
25680,0.15161203610814009
25681,0.15872596862554564
25682,0.14675186594566123
25683,0.4197382213063102
25684,0.1590537378117572
25685,0.1543957789698132
25686,0.15849671254254494
25687,0.13531577915099444
25688,0.3012492145934286
25689,0.19250465358493607
25690,0.14807157819659356
25691,0.1336752348103632
25692,0.14682393978973898
25693,0.15542593094626922
25694,0.19850500777865876
25695,0.16126639976807075
25696,0.14478415336165343
25697,0.3664713468629422
25698,0.14703120834171432
25699,0.0632299113472133
25700,0.14926766020513516
25701,0.15629746124273683
25702,0.1953736469803975
25703,0.25643663261065924
25704,0.34956060019746366
25705,0.21401180681481075
25706,0.1463558528771679
25707,0.2355403428605008
25708,0.2542253099932336
25709,0.13266350661569692
25710,0.06361332364170644
25711,0.23988947779397443
25712,0.14938342672763608
25713,0.06316631885307601
25714,0.06306251104774215
25715,0.16087320298334848
25716,0.1506365843067749
25717,0.0317995559206149
25718,0.1695760863441646
25719,0.23496741330368234
25720,0.15528523903033947
25721,0.25058237282895524
25722,0.35717025342547504
25723,0.1505660154002685
25724,0.1478549334633185
25725,0.13590390643029757
25726,0.06487122025797844
25727,0.14183870295255077
25728,0.1325494898907151
25729,0.14461777542833393
25730,0.15318554984114402
25731,0.18098742102578824
25732,0.17112271665543802
25733,0.13162149025582803
25734,0.24572416095911345
25735,0.13406580284827355
25736,0.15471904767492328
25737,0.14404000487299826
25738,0.22866879662280865
25739,0.0639820618551801
25740,0.14278531112722603
25741,0.14200374819683068
25742,0.14489777338280974
25743,0.1418690161077607
25744,0.13517520104765343
25745,0.09711692820698534
25746,0.1969604080580136
25747,0.13394821438381926
25748,0.14827895979491967
25749,0.2566525601118394
25750,0.16845623671056
25751,0.3524947760782014
25752,0.15311440664462528
25753,0.36087862018162703
25754,0.14528105421098053
25755,0.062413312357744465
25756,0.16377013770554077
25757,0.17850357937723538
25758,0.1206954476195718
25759,0.22058963245259275
25760,0.1406042190754088
25761,0.1500912017940469
25762,0.11472753197728122
25763,0.1297336567026635
25764,0.13723090358160886
25765,0.14380555875330364
25766,0.1501092508549655
25767,0.4224580592775483
25768,0.14703711544863102
25769,0.15245660934674393
25770,0.06265196124540685
25771,0.23098366208116664
25772,0.1462431887375726
25773,0.1635163419484671
25774,0.36421796173752424
25775,0.16472680194506473
25776,0.1388119837782436
25777,0.223249721830816
25778,0.19433017495190474
25779,0.14914864075812995
25780,0.22614803599500177
25781,0.14514225766855232
25782,0.14650544344925648
25783,0.15801714311288717
25784,0.16252130242139706
25785,0.061737261645339846
25786,0.156651366873319
25787,0.1323997005200198
25788,0.3469522119923096
25789,0.1462509730932339
25790,0.1457281713730548
25791,0.14223198080284227
25792,0.1589222091405714
25793,0.2098435286798942
25794,0.15195850254768603
25795,0.18487387213319487
25796,0.14454817043240883
25797,0.21149293552062529
25798,0.14084861233667859
25799,0.2644922572778623
25800,0.16514880002410826
25801,0.14009345307694956
25802,0.25657170972051974
25803,0.16788026007820078
25804,0.031687928409027386
25805,0.14368517293622127
25806,0.13751115501238056
25807,0.42166720750163955
25808,0.14636872376338134
25809,0.13700715139786948
25810,0.1784089381188637
25811,0.03148295492281233
25812,0.14478485385858322
25813,0.14423742047138835
25814,0.3573595757059308
25815,0.13690840488216266
25816,0.13630803674844466
25817,0.35685874571633264
25818,0.06477455102035086
25819,0.19457505329507338
25820,0.15021002335716951
25821,0.14086596765927786
25822,0.16323731306828276
25823,0.18003885143793813
25824,0.032312886784808405
25825,0.18148629109535755
25826,0.16487721724477641
25827,0.06248830904640317
25828,0.2469240723030794
25829,0.07679936708770004
25830,0.1369191381030092
25831,0.15112368897511538
25832,0.15523899735873858
25833,0.1400139197422141
25834,0.22901855428248438
25835,0.15820692933090183
25836,0.3907430082992621
25837,0.22200075031850264
25838,0.14303039361886785
25839,0.1543680536592992
25840,0.17065279209443926
25841,0.17467992070376312
25842,0.14518762085824083
25843,0.16629671296792667
25844,0.22361540297838198
25845,0.26078150083311885
25846,0.06499561202400811
25847,0.14194229763778718
25848,0.0642144456066067
25849,0.13162149025582803
25850,0.14130939136006102
25851,0.1383002892133432
25852,0.14016591135819823
25853,0.0627954096939854
25854,0.15892464092873249
25855,0.1654146317911911
25856,0.14507737746631288
25857,0.2084988222776718
25858,0.254746316309885
25859,0.13134095200774057
25860,0.15886896222661384
25861,0.36903338608704533
25862,0.1696452258052718
25863,0.14531251099872536
25864,0.13679514377880556
25865,0.15030730544555723
25866,0.24980967735926596
25867,0.15388613886788113
25868,0.23201288190104982
25869,0.16114088540714488
25870,0.19524604361717166
25871,0.27144210617111825
25872,0.07109358964549622
25873,0.15099697227535333
25874,0.14693447007079252
25875,0.13223897265848036
25876,0.1365085382403076
25877,0.15743479135749144
25878,0.2330724647935309
25879,0.20966576380947013
25880,0.16900289693863915
25881,0.06280384444033159
25882,0.16056226794030784
25883,0.1558508971544847
25884,0.13743176032985657
25885,0.24325612306090863
25886,0.3705691009170676
25887,0.19140862819940696
25888,0.15053990379438673
25889,0.1371583550353553
25890,0.14890020261346085
25891,0.13439422208555787
25892,0.15397615568790027
25893,0.14523408024892864
25894,0.3546996384872805
25895,0.13704472119383876
25896,0.22943103565831544
25897,0.30373423372058084
25898,0.1487976168184817
25899,0.0746241153024826
25900,0.13997272586569068
25901,0.14310761545898737
25902,0.1454518203882575
25903,0.13347122987780444
25904,0.1687409545944544
25905,0.16194285926245136
25906,0.1517740576801735
25907,0.13738524249703135
25908,0.14637480559136123
25909,0.15555186394126544
25910,0.15374007062692577
25911,0.14294528206038987
25912,0.14545450952706274
25913,0.25251473026379534
25914,0.16000837319194405
25915,0.13916556643261574
25916,0.1496842689509302
25917,0.13646749323131793
25918,0.1486374475018534
25919,0.07803156425633288
25920,0.14039125161143498
25921,0.22613441816385915
25922,0.14604335559189388
25923,0.15002100399884002
25924,0.24274480610629084
25925,0.15293398873679656
25926,0.2131950572039442
25927,0.14025305016712725
25928,0.23075074431112272
25929,0.14018430650279
25930,0.15485683316811927
25931,0.1488093568013692
25932,0.16608141110626787
25933,0.161825388023409
25934,0.13978051217045034
25935,0.061737261645339846
25936,0.16594584241585247
25937,0.130584426084991
25938,0.06219530320958876
25939,0.23605823466058015
25940,0.17730011386747963
25941,0.15652916014726076
25942,0.13885846304417854
25943,0.14021646520215608
25944,0.26838873478445296
25945,0.13714953874044475
25946,0.13948921567704078
25947,0.22842103022624502
25948,0.15250798969605106
25949,0.3939182300873161
25950,0.13909055135713735
25951,0.1454261030174006
25952,0.15444519747604568
25953,0.16233253532874936
25954,0.06043051022573217
25955,0.19719414791139525
25956,0.15707355517882288
25957,0.14024036936794865
25958,0.1541331738263088
25959,0.18225063227802582
25960,0.14857005793802275
25961,0.14320107482001218
25962,0.2436543201792145
25963,0.13787775125540364
25964,0.16958199493383364
25965,0.1484859635065593
25966,0.13711893543927825
25967,0.1532423637536958
25968,0.13724752648000973
25969,0.13630361689708914
25970,0.15376597124743357
25971,0.06381146805643552
25972,0.306028272838041
25973,0.0643929056059076
25974,0.14673612636831865
25975,0.1537294645209511
25976,0.1604123502579822
25977,0.2566842874339177
25978,0.20560003110767258
25979,0.1574411005263795
25980,0.2345487220722617
25981,0.3606458981214681
25982,0.0323238789212368
25983,0.06334974826930173
25984,0.061320155652598886
25985,0.25541360268488816
25986,0.1456318933785644
25987,0.14239363599328145
25988,0.14426119598375847
25989,0.14736648907399855
25990,0.1377707072476285
25991,0.2343963197266762
25992,0.12652252601019598
25993,0.2420964329176227
25994,0.14861518304921206
25995,0.1402595752974026
25996,0.14838477018169183
25997,0.15902054525607917
25998,0.14232482791307396
25999,0.1865221033604802
26000,0.15028810260158243
26001,0.12557456150127702
26002,0.14126851029742107
26003,0.1383244487926349
26004,0.15673393656743612
26005,0.15281393866999785
26006,0.15841987641871663
26007,0.15007817085962527
26008,0.18594277422092373
26009,0.14463281658362953
26010,0.197739747222322
26011,0.06469024540632548
26012,0.1443695444267109
26013,0.14722853850857678
26014,0.1356965836464713
26015,0.1598150764592321
26016,0.233409653381636
26017,0.25264615738892854
26018,0.1461762205470552
26019,0.06679536870315843
26020,0.12631637277330407
26021,0.22034645555051602
26022,0.14484136535250816
26023,0.14908247331358637
26024,0.0776796478394118
26025,0.16152571518422387
26026,0.25460830454232347
26027,0.3614734413917326
26028,0.06674595217971811
26029,0.05891129795599939
26030,0.13389325104748945
26031,0.14736776831047763
26032,0.41635640766375426
26033,0.1369967475469816
26034,0.15483246602234496
26035,0.06474265167968205
26036,0.1453250183362669
26037,0.23326221815961204
26038,0.144447851572384
26039,0.21008823259189363
26040,0.25780110509601845
26041,0.14799864093771614
26042,0.06441761034666518
26043,0.1341057483912908
26044,0.1439493296012193
26045,0.15914192313161926
26046,0.15501877958793522
26047,0.2518101104078275
26048,0.16245848931916182
26049,0.2609183116530762
26050,0.1517951964266254
26051,0.13584813573384782
26052,0.0634206026783485
26053,0.1898151199847656
26054,0.06311633264276993
26055,0.14713174087354627
26056,0.27226384039021573
26057,0.13537407026961476
26058,0.23500304504500016
26059,0.1555545740358729
26060,0.15613564438248842
26061,0.13108207988585624
26062,0.15655512689847248
26063,0.14536109282964566
26064,0.14041746789792509
26065,0.1991047463795762
26066,0.16186671002600192
26067,0.0645758023460966
26068,0.16710438029967636
26069,0.15213893106789741
26070,0.22617579818156752
26071,0.13538387714653372
26072,0.14620056124122735
26073,0.16294276058752805
26074,0.15687897636958845
26075,0.1586998858023719
26076,0.14206271576177543
26077,0.25528519663940186
26078,0.35615205737101935
26079,0.17116508369256708
26080,0.1704764811679816
26081,0.1547241305831057
26082,0.13638842712360635
26083,0.14248822567916394
26084,0.14135861840362715
26085,0.13920694553535276
26086,0.13670024830868022
26087,0.13274530298325232
26088,0.14885923577651064
26089,0.15258976080094855
26090,0.16824401913622786
26091,0.13543140612558768
26092,0.2766227762394796
26093,0.15577781700992774
26094,0.14621970764218342
26095,0.06754396110957184
26096,0.14367561506809298
26097,0.3620702370178227
26098,0.47826588159941
26099,0.157080481883037
26100,0.1401552286349438
26101,0.0680527156287114
26102,0.15060562205802017
26103,0.22208720907638257
26104,0.3614734413917326
26105,0.06593337621484496
26106,0.06197389637956643
26107,0.15042362008093432
26108,0.06361332364170644
26109,0.19314523939180087
26110,0.15898274536966614
26111,0.15047725214601065
26112,0.1407756688137498
26113,0.15024037536847754
26114,0.17630079890969635
26115,0.12898620802454536
26116,0.14014457060912994
26117,0.14915075309115525
26118,0.15201469177979102
26119,0.14959505047189003
26120,0.461129003208562
26121,0.14267187025031772
26122,0.16108288967950718
26123,0.14057256260882706
26124,0.24886154299212976
26125,0.1483106997270399
26126,0.14182774062810272
26127,0.1304932305873581
26128,0.0633584165689482
26129,0.14256149739179927
26130,0.031210242163725643
26131,0.17902565624829886
26132,0.06443687469277541
26133,0.2983371685948508
26134,0.1438096742839003
26135,0.15602888083285713
26136,0.1500033524166133
26137,0.14644031558246193
26138,0.1419558201289721
26139,0.15950303197921792
26140,0.26480819135287154
26141,0.06609265343297072
26142,0.28527773009662477
26143,0.15013516721717318
26144,0.1628987961207049
26145,0.16799902799415095
26146,0.15933469877096762
26147,0.06259727738585386
26148,0.15205174874757302
26149,0.1536087117519789
26150,0.07213151776717429
26151,0.1396179485710341
26152,0.15233460518387426
26153,0.12294101763953744
26154,0.23527886994769398
26155,0.14918100839322332
26156,0.138721522485722
26157,0.1685862176452033
26158,0.061737261645339846
26159,0.16113768605723522
26160,0.13842854225271112
26161,0.23758652016212078
26162,0.14127878857314563
26163,0.14796820687342968
26164,0.27442798163177246
26165,0.1520196595526386
26166,0.14046496337442485
26167,0.13303974276531436
26168,0.22814881042281124
26169,0.07447715111561774
26170,0.15215688662791046
26171,0.18524970040793529
26172,0.237290106683939
26173,0.15745254087305666
26174,0.36650395052989904
26175,0.07762654770284955
26176,0.1741605283033172
26177,0.3589294621059099
26178,0.06705095298478496
26179,0.15903320664111487
26180,0.14043845989551182
26181,0.14729726671029678
26182,0.30308892620759964
26183,0.14610619136959388
26184,0.14997996851445383
26185,0.2557605730682311
26186,0.17212391996564863
26187,0.1502741793983656
26188,0.18459721361963105
26189,0.06325026395430272
26190,0.15691044068801036
26191,0.14538253829110429
26192,0.14735599356788803
26193,0.15521495241003266
26194,0.14696411987350871
26195,0.09389612629990587
26196,0.06214738106002948
26197,0.12770849131158352
26198,0.16829952900167183
26199,0.15841110803168068
26200,0.25810613703714663
26201,0.1464198819190845
26202,0.25341865054465385
26203,0.23106594972344136
26204,0.15541216926683976
26205,0.31066803433320245
26206,0.1413200975458347
26207,0.1995335643550041
26208,0.36457559136894085
26209,0.23548789005404017
26210,0.1680954777680566
26211,0.4182501904821532
26212,0.07365346357736936
26213,0.2277166546738741
26214,0.41560832699531847
26215,0.14744846825944727
26216,0.1588445453489446
26217,0.1532306549184069
26218,0.143065448479631
26219,0.17571986044819027
26220,0.14844178475599723
26221,0.14557486936740166
26222,0.16100811318355215
26223,0.15097556897259432
26224,0.1675067066835771
26225,0.1380016813132803
26226,0.13747490738079263
26227,0.15264534822175702
26228,0.15523061403440044
26229,0.18535131256810858
26230,0.26761612210830726
26231,0.06422355059410967
26232,0.15043324978536912
26233,0.15761395401980002
26234,0.13214090902195716
26235,0.2556546661834812
26236,0.12848401965388934
26237,0.1337554913024005
26238,0.14315895549493962
26239,0.2762398244190799
26240,0.14004551978525864
26241,0.14145111522738268
26242,0.1463586515984255
26243,0.15376597124743357
26244,0.15289058359634933
26245,0.15320386402619895
26246,0.14679126470004394
26247,0.1425961297178648
26248,0.15248924856236287
26249,0.29839687410909094
26250,0.14180810138746205
26251,0.24330364272412822
26252,0.13854713780945255
26253,0.14724463711079402
26254,0.1551743030250324
26255,0.1799550548271773
26256,0.257325733061251
26257,0.14358786225081924
26258,0.2510185047665855
26259,0.35248054805900536
26260,0.15137097075775152
26261,0.17372119628654256
26262,0.14331188738008294
26263,0.17156742355237894
26264,0.14063258518273725
26265,0.14972323790518552
26266,0.1375032745699433
26267,0.2023405648575729
26268,0.1474039129021596
26269,0.13541433304303113
26270,0.13701139940697105
26271,0.23513426344121746
26272,0.21309873132068957
26273,0.17997494261669836
26274,0.13973196876414684
26275,0.13777099536748505
26276,0.1904282635145252
26277,0.22099936910842094
26278,0.19448316849408204
26279,0.13842159834969867
26280,0.16642933336913374
26281,0.07013019068810936
26282,0.1835160581052324
26283,0.24416263294609405
26284,0.13639756230035044
26285,0.2357329298428037
26286,0.061456969733331514
26287,0.14800304773488657
26288,0.22525894899170967
26289,0.1469487178063642
26290,0.15677015092156257
26291,0.14164782467238296
26292,0.22077973954512634
26293,0.16889632221271533
26294,0.36366181973223866
26295,0.06250175885287786
26296,0.14029110912377663
26297,0.13670471793379615
26298,0.06682097983809919
26299,0.14123661596162057
26300,0.1376367548436869
26301,0.2301804057545222
26302,0.15768067368609018
26303,0.15285701914046626
26304,0.14636553360166885
26305,0.24731132157275945
26306,0.14338233457740213
26307,0.13522556707722896
26308,0.27589266588455164
26309,0.25253198541398164
26310,0.17321764042638257
26311,0.3775586242832738
26312,0.14931458698642083
26313,0.0645241028723417
26314,0.1298392489845719
26315,0.17805381993240238
26316,0.13714482371499526
26317,0.41635640766375426
26318,0.17825331319667134
26319,0.16133922146615548
26320,0.13855951099490513
26321,0.15235889790624915
26322,0.154477610001614
26323,0.15732130537464453
26324,0.1480234613090268
26325,0.1848625478288929
26326,0.061737261645339846
26327,0.06253391092752213
26328,0.14773302262888016
26329,0.1536818257604366
26330,0.1420894804856646
26331,0.45112573262639377
26332,0.15421425910868336
26333,0.06540652641688256
26334,0.14709493013798527
26335,0.23386496396943235
26336,0.23028175777583432
26337,0.15728666776776928
26338,0.14827895979491967
26339,0.1446354502989676
26340,0.0580919570674907
26341,0.06299206657217327
26342,0.3641026386771668
26343,0.14194337623491812
26344,0.17201498523388625
26345,0.1987328284935397
26346,0.185469006064323
26347,0.16713285253236818
26348,0.16294276058752805
26349,0.13375306452470997
26350,0.23466282431751906
26351,0.15380560077601352
26352,0.22091125822995059
26353,0.0631836689178388
26354,0.03186961706271787
26355,0.15227243375684638
26356,0.1596529009736454
26357,0.1391982929243927
26358,0.15449925272844542
26359,0.02981196400925333
26360,0.20644282947672585
26361,0.13372053367481546
26362,0.14444197470584966
26363,0.06401418017343061
26364,0.15179170010547652
26365,0.13861927572134314
26366,0.14610680796935777
26367,0.22252699526774256
26368,0.3881395945218365
26369,0.1478003879077457
26370,0.16586943083211095
26371,0.06316738681593934
26372,0.2831840932971449
26373,0.13303318790107535
26374,0.15315237571310414
26375,0.14599862253816207
26376,0.13746567172379884
26377,0.06361332364170644
26378,0.14124017344307432
26379,0.13094292843164487
26380,0.15194976040330221
26381,0.2377097848525272
26382,0.1778735352345188
26383,0.31373214998478616
26384,0.06291467553116112
26385,0.2551699308283022
26386,0.18784877344753306
26387,0.2819632161061668
26388,0.14791510442415212
26389,0.14191308129666486
26390,0.1437549675752394
26391,0.06412818854896438
26392,0.15060985284917258
26393,0.14774855049680863
26394,0.1390911732071713
26395,0.128958072222811
26396,0.15146854614526392
26397,0.14018119168309306
26398,0.1445297099872028
26399,0.18028147656778595
26400,0.06280384444033159
26401,0.1556360797473709
26402,0.24532477819278825
26403,0.15858596736491337
26404,0.14790888853231635
26405,0.06280384444033159
26406,0.23980998380190927
26407,0.13554390325574053
26408,0.1675506121880393
26409,0.15541101835752855
26410,0.1406024931874839
26411,0.1555545740358729
26412,0.06319994435187021
26413,0.1539022376897635
26414,0.2343902890985467
26415,0.13650086859619776
26416,0.16907419834508097
26417,0.22300129761215498
26418,0.168031391352344
26419,0.4434875963488479
26420,0.14152844216505042
26421,0.29691901083482947
26422,0.1355101240490385
26423,0.1550955836020331
26424,0.23308205828244008
26425,0.13715953898985617
26426,0.14101932405388995
26427,0.22669574445513352
26428,0.14949946981514295
26429,0.14595029320147726
26430,0.15079181310086448
26431,0.13541433304303113
26432,0.1155078051424415
26433,0.14042604279800083
26434,0.1333772972268377
26435,0.06497408976524008
26436,0.17033035054473614
26437,0.14316149349744742
26438,0.16660489086066385
26439,0.15030730544555723
26440,0.13208154326704438
26441,0.14666113359436128
26442,0.17736731690594632
26443,0.14344431974078525
26444,0.14244591245243846
26445,0.1408239330315809
26446,0.16194237728981767
26447,0.15127073834592453
26448,0.13442846048708462
26449,0.127214853384959
26450,0.06263982202187904
26451,0.20143140632503034
26452,0.1374426936266775
26453,0.2522209853173801
26454,0.13087095643672653
26455,0.06293774356815479
26456,0.255648745207645
26457,0.14902604989528914
26458,0.1609456347647902
26459,0.24672743680946174
26460,0.15518774828778958
26461,0.21349728690259537
26462,0.15290972894604563
26463,0.35962501800335467
26464,0.1413906512647116
26465,0.13974542509676832
26466,0.23291429914912773
26467,0.2502841067306972
