id_cliente,mes,objetivo,prediccion
2,202610,0,0.14038933119520897
3,202610,0,0.061685903628728965
7,202610,0,0.14033424473343448
8,202610,1,0.13885238185699778
10,202610,0,0.06204911712457595
11,202610,0,0.15383572701841378
12,202610,0,0.051739829804834325
14,202610,0,0.09130329764720276
16,202610,0,0.13056128649497845
25,202610,0,0.12970068085634395
32,202610,0,0.11577851727815655
38,202610,0,0.11944866697840596
42,202610,0,0.15679667919097953
48,202610,0,0.1438778511272496
53,202610,1,0.13867574167702473
55,202610,1,0.05374503535050712
63,202610,0,0.11569074457866958
65,202610,0,0.13804983871512055
66,202610,1,0.11574596452254995
70,202610,0,0.13822846715184836
74,202610,0,0.11642605438136597
76,202610,0,0.12920061202219607
83,202610,0,0.05707342104385369
90,202610,0,0.0868017240088871
97,202610,1,0.14855864394621363
98,202610,0,0.17539810954780183
102,202610,1,0.1434979260237409
104,202610,0,0.11480264881273108
107,202610,0,0.2422852959708434
118,202610,0,0.12879741753904483
121,202610,0,0.06072734686828296
122,202610,1,0.11638631195587243
124,202610,0,0.1433163382199039
125,202610,0,0.16159413156413685
126,202610,1,0.11007565818721861
137,202610,0,0.15155955159702383
138,202610,1,0.26356008187078517
143,202610,0,0.05738269500207591
144,202610,0,0.14987514678281832
147,202610,0,0.1448881527160022
157,202610,0,0.1417510181526881
163,202610,0,0.132707257185031
165,202610,0,0.11665939880799991
167,202610,1,0.14906767518896716
173,202610,1,0.05496550355102136
177,202610,1,0.14961085657509104
197,202610,0,0.06529094228032181
203,202610,0,0.1611322928652997
205,202610,0,0.1377461677766372
206,202610,0,0.06009614713829468
209,202610,0,0.05739354111830379
228,202610,0,0.1674640245878198
231,202610,0,0.15197402814962568
237,202610,0,0.14274098837231697
242,202610,1,0.12215014534323934
243,202610,0,0.05481598628053605
247,202610,0,0.12477262567214763
249,202610,0,0.06099641423081443
253,202610,0,0.16679572091431757
256,202610,0,0.12615810994489163
261,202610,0,0.1261077084427946
263,202610,0,0.04158968975231025
272,202610,1,0.05251272656768837
275,202610,0,0.04854839250162941
279,202610,0,0.1624668040344399
280,202610,0,0.1250375335928029
288,202610,0,0.14263764858999453
292,202610,0,0.12334893572204687
297,202610,0,0.11924053224270208
299,202610,0,0.1155776742213949
300,202610,1,0.14688446683433176
302,202610,0,0.04913975258223657
304,202610,0,0.14124860447191528
305,202610,1,0.12418869550978306
308,202610,0,0.23344861174560821
312,202610,1,0.24389556110769287
317,202610,0,0.15472122550117554
318,202610,0,0.15657182119001326
319,202610,0,0.15384947492133874
321,202610,0,0.14449287687100307
323,202610,0,0.07273827278072713
325,202610,0,0.1522588824566262
339,202610,0,0.12635974139896092
340,202610,0,0.12731584292376738
347,202610,1,0.3501735266496455
353,202610,1,0.12925833532617023
355,202610,0,0.1254224503911586
359,202610,0,0.1538206812399115
368,202610,0,0.1646690314767086
371,202610,0,0.10359776154421539
378,202610,0,0.1266503784989792
388,202610,0,0.1311118510455658
389,202610,0,0.13493852108035542
390,202610,0,0.14883938017299406
392,202610,0,0.11490807731900976
400,202610,1,0.14657974536837298
403,202610,1,0.1226388167701477
404,202610,1,0.04816602553140639
409,202610,0,0.13100455265095617
412,202610,0,0.07018898733318713
420,202610,0,0.15886458939006806
422,202610,0,0.11257575591117426
425,202610,1,0.1338992304248296
428,202610,0,0.12534477587721363
429,202610,0,0.040826977566491195
430,202610,0,0.13158998476645012
434,202610,0,0.05741621757544939
437,202610,0,0.16567923088297754
440,202610,1,0.17376937441812784
443,202610,1,0.08262938881012172
445,202610,1,0.12407862597585705
447,202610,0,0.06111250266235554
461,202610,0,0.1485784147497765
464,202610,0,0.04398686248901307
466,202610,0,0.1420538459985054
468,202610,0,0.21702184169017516
470,202610,0,0.14650969345908121
473,202610,0,0.12634890816285246
474,202610,1,0.147658922672656
475,202610,0,0.06150583194924119
476,202610,0,0.13835670148917403
477,202610,0,0.1327738751137684
480,202610,0,0.055507197788305526
483,202610,0,0.13943775867290187
487,202610,0,0.15592669362133812
489,202610,1,0.11763561202158387
495,202610,0,0.16101710416475642
496,202610,0,0.1430703463888755
497,202610,1,0.1369072327166998
499,202610,0,0.1327520635850394
502,202610,0,0.062194602703305554
504,202610,0,0.13968392846543926
508,202610,0,0.06627479869985496
514,202610,0,0.12485634101488932
515,202610,0,0.16359397956254831
538,202610,0,0.10667257002828447
548,202610,0,0.12277865572455487
551,202610,0,0.12545136499029777
553,202610,0,0.13887554325587317
560,202610,0,0.05507019399886351
564,202610,0,0.12042100257185913
567,202610,1,0.1579363762785707
570,202610,1,0.1362801999168272
572,202610,0,0.06472159754080647
577,202610,0,0.05584114445676475
578,202610,0,0.22715846236075304
579,202610,1,0.1519955111707625
591,202610,0,0.05781815385759877
593,202610,0,0.12254650654164814
603,202610,0,0.14772281210321714
604,202610,0,0.12492584963060066
606,202610,0,0.1354877579599028
614,202610,0,0.14118587315538716
616,202610,0,0.04903858364525172
622,202610,0,0.12630830841328347
623,202610,1,0.1502545913059454
626,202610,0,0.05622297265999804
627,202610,1,0.16202071735689624
632,202610,0,0.05573231042938676
637,202610,0,0.04719617034282683
640,202610,0,0.09191901369735735
644,202610,0,0.12454893799377537
647,202610,0,0.10495340328499739
648,202610,0,0.054937119489575505
653,202610,0,0.14095612200236804
654,202610,0,0.05072750173084704
659,202610,0,0.1619722533353244
661,202610,0,0.059630852262472
667,202610,1,0.14951694447828254
670,202610,0,0.05782469485965648
671,202610,0,0.054503832508448036
673,202610,0,0.11716101460666384
674,202610,0,0.08499701139606751
679,202610,0,0.12593348451754363
682,202610,0,0.12187415199142826
683,202610,0,0.1287201754097392
687,202610,0,0.14178978832995
688,202610,0,0.059222335890650374
689,202610,0,0.15179276613826473
701,202610,0,0.11383588307000962
705,202610,0,0.14332054814665485
707,202610,0,0.12049510993639648
710,202610,0,0.10921919859976292
714,202610,0,0.12875362454297695
715,202610,1,0.1364691872338931
716,202610,0,0.11852331517000386
717,202610,0,0.15955476812509597
721,202610,0,0.16366282919155845
729,202610,0,0.06601338916564833
732,202610,0,0.13188367184933733
734,202610,0,0.13555620326929077
736,202610,0,0.14635444778628987
738,202610,1,0.1276060842719714
740,202610,0,0.2381654549518466
742,202610,0,0.05329572482853822
750,202610,0,0.13610945984003756
764,202610,0,0.13410365406532723
767,202610,0,0.10727268224222038
768,202610,0,0.132400928950925
773,202610,0,0.05217394311510512
774,202610,0,0.14910917442582927
777,202610,0,0.05040098159093069
778,202610,0,0.15838432375636805
779,202610,1,0.12010630759676322
784,202610,0,0.1436600298323111
785,202610,0,0.15249691696466566
786,202610,0,0.13759247209733072
787,202610,0,0.21946907114747832
788,202610,0,0.14942154825447074
790,202610,0,0.14039596961895706
794,202610,0,0.0575305870782656
796,202610,0,0.124242781377868
802,202610,0,0.05396802761958753
812,202610,0,0.1447569047874626
814,202610,0,0.04919686791095551
816,202610,0,0.05357346580451665
817,202610,0,0.14749349657459349
828,202610,1,0.17109452626093372
834,202610,0,0.12693559210523986
835,202610,0,0.15712123307741727
836,202610,0,0.12434709555525622
837,202610,0,0.1264852337036816
840,202610,0,0.05631833017733601
841,202610,0,0.06742559673281548
843,202610,1,0.1274995669046401
850,202610,0,0.07099209591483073
854,202610,0,0.05782233535046203
857,202610,0,0.15553038053916196
858,202610,0,0.12591670871124858
859,202610,0,0.05757436050073617
864,202610,0,0.13417677915313658
869,202610,1,0.111435366751907
883,202610,0,0.10887276063457056
885,202610,1,0.11910764907660347
887,202610,0,0.05942768485543823
899,202610,1,0.24312447324530712
902,202610,0,0.14477946867973526
907,202610,1,0.22136229426231643
912,202610,0,0.1421565097609654
913,202610,0,0.13062674905046773
915,202610,0,0.10382223932939148
916,202610,0,0.1511644834910038
917,202610,0,0.12635269720876818
918,202610,0,0.13076110438522232
923,202610,1,0.3792049380816818
924,202610,0,0.13701350131106152
929,202610,0,0.13551054845636415
933,202610,0,0.1404946734973812
934,202610,0,0.11737646839202853
936,202610,0,0.12084033968035425
939,202610,1,0.11506247961588388
941,202610,0,0.04565297253784812
946,202610,0,0.069200320244103
948,202610,0,0.06149933107225329
952,202610,0,0.12658660199411917
959,202610,0,0.11876583710460911
963,202610,0,0.12186874029764393
965,202610,0,0.11000502380353763
970,202610,0,0.15877858841155248
975,202610,0,0.17829686103754563
979,202610,0,0.12303821187435662
982,202610,0,0.08512635271796742
986,202610,0,0.05826877328321778
988,202610,0,0.15938614788502287
992,202610,0,0.1489007930015423
1003,202610,0,0.04187183912218857
1004,202610,0,0.14020917959008725
1007,202610,0,0.12978156960416742
1009,202610,1,0.14684533966843166
1014,202610,0,0.11066985097237586
1017,202610,0,0.05908777858389149
1018,202610,0,0.11637330377513727
1022,202610,0,0.11292780422346838
1040,202610,1,0.12307689984280276
1043,202610,0,0.06181611901079972
1045,202610,1,0.110666293825012
1046,202610,0,0.14516324753188153
1052,202610,0,0.1288401617803272
1061,202610,0,0.047563159054781284
1063,202610,0,0.12313152124980721
1064,202610,0,0.13092574450677996
1067,202610,0,0.12704715873695066
1070,202610,0,0.08373264714328281
1075,202610,0,0.058694065913965
1085,202610,1,0.11931046355202432
1088,202610,0,0.14380028603832953
1105,202610,0,0.05429928309552785
1112,202610,1,0.12391970041260346
1116,202610,0,0.22354057429950933
1117,202610,0,0.17865125166090481
1123,202610,0,0.13243764964067423
1125,202610,0,0.14854296392392696
1132,202610,0,0.11632220075415758
1139,202610,0,0.13163295767795624
1140,202610,0,0.1414870674691293
1160,202610,0,0.055382319648439
1161,202610,0,0.14848358178907964
1165,202610,0,0.058616234154082375
1171,202610,0,0.22070673792369241
1179,202610,0,0.054958941351226996
1181,202610,0,0.09445160407987946
1185,202610,0,0.15362878298828136
1186,202610,0,0.11918303264995611
1197,202610,0,0.1346101046261393
1202,202610,0,0.13733614491101434
1205,202610,0,0.0585895198824771
1206,202610,0,0.15764629792626064
1207,202610,0,0.15827306166002897
1213,202610,0,0.13935214021214012
1216,202610,0,0.049934994495456624
1228,202610,0,0.1349751768794266
1232,202610,0,0.11674479254714182
1233,202610,1,0.22354104355001683
1238,202610,0,0.12101900034007099
1241,202610,0,0.06849428557614558
1244,202610,0,0.11018410835890341
1246,202610,0,0.10805954256267823
1247,202610,0,0.12731781984364038
1257,202610,1,0.1302595504609469
1258,202610,0,0.11602487718984679
1263,202610,0,0.16851714348338195
1286,202610,1,0.13131325847289496
1289,202610,0,0.1209565461622722
1292,202610,0,0.12366925059604293
1301,202610,0,0.15533568752489266
1302,202610,0,0.05569192669951765
1303,202610,0,0.159957917586419
1308,202610,0,0.17363258651749686
1309,202610,0,0.11957895271249273
1310,202610,1,0.13664318884690788
1312,202610,0,0.12074976610407341
1314,202610,0,0.12351747406046433
1322,202610,0,0.08692518058466257
1326,202610,0,0.05170087785619342
1327,202610,1,0.13679269407424197
1328,202610,0,0.06337543709802135
1334,202610,0,0.12660139668933013
1336,202610,0,0.1255009135675242
1337,202610,0,0.05195334411680131
1338,202610,0,0.10953185196210237
1340,202610,0,0.14442180056557674
1351,202610,1,0.15076396061182334
1352,202610,0,0.2460361569376355
1361,202610,0,0.15946810506458173
1365,202610,0,0.17553536783856377
1368,202610,0,0.2640752880528071
1370,202610,0,0.08684465905489352
1378,202610,0,0.14867152123431407
1379,202610,0,0.1598156777774468
1381,202610,0,0.14192986671920788
1388,202610,0,0.1313317278015741
1392,202610,0,0.13114175164909442
1393,202610,0,0.1200889372191686
1395,202610,0,0.11427482733304271
1400,202610,0,0.12421884537050328
1404,202610,0,0.06377599818461215
1405,202610,0,0.06191329083338975
1411,202610,0,0.14572681873538482
1414,202610,0,0.14181035386024432
1415,202610,0,0.05729325988730882
1420,202610,0,0.11295739897381442
1423,202610,1,0.13254715954062615
1425,202610,0,0.08126855314714085
1434,202610,0,0.18464772108465835
1444,202610,1,0.19589433130197997
1445,202610,0,0.13441155955586104
1453,202610,0,0.14674150017618273
1455,202610,0,0.23361576228634248
1459,202610,0,0.14370472060631556
1460,202610,0,0.15792231740831678
1465,202610,0,0.2629115966488402
1474,202610,0,0.1419257567652598
1475,202610,0,0.05246066158338858
1476,202610,0,0.06897561554498073
1477,202610,0,0.11613149722711907
1481,202610,1,0.1545828090194374
1489,202610,0,0.09811656219779927
1495,202610,0,0.12496303907495748
1496,202610,0,0.06102758646970592
1501,202610,0,0.1264900663855012
1504,202610,0,0.05593637598497998
1506,202610,0,0.1441377543893043
1508,202610,0,0.12171037935943582
1516,202610,0,0.14547982637264364
1532,202610,1,0.2537975560517446
1533,202610,0,0.125887152714411
1535,202610,0,0.07620868023556089
1538,202610,1,0.13315500719062073
1541,202610,0,0.058888273329564214
1546,202610,0,0.05565906986663101
1552,202610,0,0.06042610666146909
1553,202610,1,0.15160027810025636
1558,202610,0,0.13937893962469655
1559,202610,0,0.11108786186397841
1564,202610,0,0.10465158211839962
1566,202610,0,0.1311795108119529
1567,202610,0,0.16524052476489282
1573,202610,0,0.15156290024681326
1576,202610,0,0.05572118850379502
1577,202610,0,0.06427300704379253
1578,202610,0,0.12100354669673603
1583,202610,0,0.14501792040724543
1586,202610,0,0.12473174048112026
1587,202610,0,0.07885610876385862
1589,202610,0,0.15053980166280503
1590,202610,1,0.15590341688665005
1591,202610,0,0.12257806381647304
1592,202610,0,0.07992890603756471
1598,202610,0,0.059408546240676936
1602,202610,0,0.15807680878358293
1604,202610,0,0.06994485845168863
1606,202610,0,0.06386467546125839
1610,202610,1,0.12890892580557092
1614,202610,0,0.056414573934022716
1615,202610,0,0.21542809801011553
1616,202610,1,0.15116149776612783
1619,202610,0,0.1331773082671527
1623,202610,0,0.13771847201404055
1626,202610,1,0.11227307087078554
1631,202610,0,0.13433212069076908
1639,202610,0,0.053718939759406475
1648,202610,0,0.046977366310942514
1653,202610,0,0.05869297328855481
1659,202610,0,0.12464181139320833
1669,202610,0,0.14393438977626247
1673,202610,0,0.1293010755316978
1677,202610,1,0.14610506350732616
1678,202610,0,0.13106293557594548
1680,202610,1,0.12304574749477586
1682,202610,0,0.2341660244072549
1683,202610,0,0.13748932456407778
1692,202610,0,0.1334439899208988
1693,202610,0,0.16559404851064805
1694,202610,1,0.1379016355700706
1695,202610,0,0.13993227736549974
1696,202610,1,0.14457964277647442
1698,202610,0,0.1579417201749734
1706,202610,0,0.2654109652451748
1707,202610,0,0.10614348475232042
1709,202610,0,0.13686431110289488
1710,202610,0,0.14180611072077268
1719,202610,0,0.1252598338695312
1720,202610,0,0.06591584222953968
1723,202610,0,0.13647834296086261
1724,202610,1,0.1460556577079637
1726,202610,0,0.1333372403875977
1727,202610,1,0.16439059924984364
1730,202610,0,0.12745381426200103
1732,202610,0,0.12069322635376097
1733,202610,0,0.12707960450307637
1736,202610,0,0.08602889905758497
1743,202610,0,0.1416052579710708
1751,202610,0,0.12661531954154162
1752,202610,0,0.1364005109619139
1754,202610,0,0.15775531495644968
1756,202610,0,0.06341854978491894
1760,202610,0,0.10545718845498274
1764,202610,0,0.1605779912682759
1765,202610,0,0.05885946105758055
1776,202610,0,0.10083324134314911
1778,202610,0,0.05190515958246743
1779,202610,0,0.13757103813125635
1781,202610,0,0.05794858134932418
1783,202610,1,0.08737494659429945
1795,202610,0,0.14548649788170806
1798,202610,1,0.1354664261115871
1805,202610,1,0.11990064792512413
1808,202610,0,0.04724005004134286
1809,202610,0,0.13627430570324256
1814,202610,0,0.13500960136812815
1819,202610,0,0.12492799229975672
1821,202610,0,0.1217634635690892
1822,202610,0,0.10975840569774285
1824,202610,0,0.15274052408155417
1827,202610,0,0.1298730641241714
1832,202610,1,0.12557600003670466
1834,202610,0,0.15147283574180026
1844,202610,0,0.19639383810762912
1851,202610,0,0.18679823547887228
1867,202610,0,0.1344693479952634
1869,202610,0,0.11362443401467318
1875,202610,0,0.23959397229353763
1882,202610,0,0.13822382738704478
1897,202610,0,0.13098374127829718
1910,202610,0,0.13285539303097024
1917,202610,0,0.14070182564951825
1918,202610,0,0.13519003118844472
1919,202610,1,0.12469938380960711
1923,202610,1,0.13144684196180478
1935,202610,0,0.1395084874729397
1936,202610,0,0.15235285230905438
1937,202610,0,0.044884188976648545
1944,202610,0,0.1312177443619957
1949,202610,0,0.14067995800287844
1950,202610,0,0.06672283997620611
1952,202610,0,0.048183794458031996
1955,202610,0,0.15366780687856907
1956,202610,0,0.15086719478300056
1964,202610,1,0.12492198876909387
1965,202610,1,0.14488247016267608
1969,202610,0,0.048259594025160446
1970,202610,0,0.11269451049095833
1971,202610,0,0.12774185250901074
1972,202610,1,0.13462212621876882
1977,202610,0,0.1510250895039766
1982,202610,0,0.12357886734382394
1995,202610,0,0.13302892634038715
1996,202610,0,0.14982852934167623
1997,202610,1,0.14480466652114002
2002,202610,0,0.13878987555736386
2004,202610,0,0.1373267426038297
2011,202610,0,0.16741006359305932
2013,202610,0,0.14560820696194454
2014,202610,0,0.1390725537841888
2018,202610,0,0.14236061365683117
2026,202610,0,0.12446507525970656
2040,202610,0,0.1366103592344572
2043,202610,0,0.13459342409582165
2052,202610,1,0.1592296378263396
2060,202610,0,0.14018241678435361
2069,202610,0,0.11366272835615593
2073,202610,0,0.08601798457770574
2075,202610,0,0.23614477298592346
2076,202610,0,0.042115784263209
2082,202610,0,0.10890386306372316
2083,202610,1,0.14258570648610294
2089,202610,0,0.05644190372567799
2091,202610,0,0.14686833617267095
2100,202610,1,0.1430509215592654
2103,202610,0,0.07160886533757443
2109,202610,0,0.06130613387299021
2111,202610,1,0.11492010354189099
2112,202610,0,0.12672882435458097
2113,202610,0,0.15225338746351097
2119,202610,0,0.05388441170330129
2121,202610,0,0.10786390849172349
2125,202610,0,0.15663677565058187
2127,202610,0,0.24595572698753554
2128,202610,0,0.1421485178538945
2132,202610,0,0.16373003797284152
2138,202610,0,0.15385636172455197
2139,202610,1,0.132871971589134
2142,202610,0,0.11924664852157214
2146,202610,0,0.1381590983294949
2148,202610,0,0.0638125991327299
2149,202610,0,0.1775039821505504
2156,202610,0,0.058023520685211674
2157,202610,0,0.14432822231503584
2159,202610,0,0.11665038331091532
2160,202610,0,0.1260213953860467
2164,202610,1,0.1579184538234102
2169,202610,0,0.15533581410207994
2170,202610,0,0.05597126012674643
2180,202610,0,0.1451163592095193
2186,202610,0,0.06618041031148929
2188,202610,0,0.050754665212821445
2190,202610,0,0.11666075318310325
2197,202610,0,0.15001557484513853
2203,202610,0,0.09961278763977861
2204,202610,0,0.15641957555777306
2205,202610,0,0.141461584381154
2207,202610,0,0.14186655460273517
2209,202610,0,0.06640481070036686
2211,202610,0,0.10603486194449377
2214,202610,1,0.13333945279833656
2219,202610,0,0.15163747444536238
2220,202610,0,0.04907719300079757
2226,202610,0,0.15160246638377525
2229,202610,0,0.11658000944335761
2234,202610,0,0.1260409693496344
2237,202610,0,0.17037504734245407
2240,202610,0,0.12028348594870877
2249,202610,0,0.05262715002990423
2252,202610,0,0.14593067595581524
2264,202610,0,0.16630904637888802
2269,202610,0,0.15191033590594916
2272,202610,0,0.062018047624758224
2278,202610,1,0.11934159867163956
2283,202610,0,0.11150389480022464
2284,202610,0,0.13816321757355715
2287,202610,0,0.15252706308634467
2288,202610,1,0.27738610756324333
2290,202610,0,0.1046481733310209
2294,202610,0,0.13566721743569374
2298,202610,0,0.057475814731257936
2328,202610,0,0.13396698736772403
2329,202610,0,0.14146473790815894
2330,202610,0,0.14877189545433972
2336,202610,0,0.12690739817059163
2338,202610,0,0.15199897106520285
2341,202610,0,0.18838849565332003
2353,202610,0,0.16030690297227743
2356,202610,0,0.06588048599435509
2358,202610,1,0.15676148230353806
2366,202610,0,0.12577583661314226
2382,202610,1,0.1191804258789787
2392,202610,1,0.16364942921416448
2399,202610,1,0.1376578405188127
2401,202610,0,0.11986104050225341
2404,202610,0,0.054722269734201974
2408,202610,0,0.11641749012528155
2409,202610,0,0.12347247346455612
2410,202610,0,0.14443571752556106
2415,202610,0,0.1428599059401572
2421,202610,0,0.2281748937099023
2425,202610,0,0.1368511997790999
2427,202610,0,0.17233843099972224
2429,202610,0,0.13718296150662898
2432,202610,0,0.13772379865114068
2435,202610,0,0.10861279641801357
2436,202610,0,0.13044932694640446
2441,202610,0,0.17039901614209269
2447,202610,0,0.11632041084522655
2449,202610,0,0.058859885282408854
2450,202610,1,0.11213204241986525
2454,202610,0,0.06159437030224332
2460,202610,0,0.07000224207690546
2466,202610,0,0.16778701054598608
2472,202610,0,0.14353356577567078
2479,202610,0,0.0980908462058551
2483,202610,0,0.1542052261732949
2484,202610,0,0.1458024024095339
2492,202610,0,0.15870588270849545
2493,202610,0,0.05667609867525841
2495,202610,0,0.13202794387741948
2498,202610,0,0.16812624837487636
2501,202610,0,0.11667995330512723
2507,202610,0,0.1717330600373042
2510,202610,0,0.12890413396399267
2512,202610,0,0.03948071925588818
2513,202610,0,0.15352066933852693
2516,202610,0,0.06213644158153947
2517,202610,0,0.1406761642427475
2534,202610,0,0.15547613285675105
2538,202610,0,0.05897389625351689
2544,202610,0,0.14919459543370217
2561,202610,0,0.13551765463436624
2563,202610,0,0.12352232930961184
2567,202610,0,0.12762607387468858
2569,202610,0,0.115627563627796
2571,202610,0,0.12574513099333973
2576,202610,0,0.12937423242525425
2588,202610,0,0.1418610614657591
2592,202610,0,0.05158872487145925
2593,202610,0,0.13341716350922764
2602,202610,1,0.11988773598946212
2604,202610,0,0.13382612470658486
2613,202610,0,0.1114902409080035
2617,202610,0,0.12326799997155007
2618,202610,1,0.11535797392294897
2620,202610,0,0.13741734843644587
2626,202610,0,0.06815781857792433
2628,202610,0,0.22584733508376534
2629,202610,0,0.05716500430590058
2634,202610,0,0.06157350580792489
2636,202610,0,0.12555589468706543
2637,202610,0,0.1421082313422724
2649,202610,0,0.15357544246332375
2653,202610,0,0.17515501589205867
2661,202610,0,0.12694671888995443
2662,202610,0,0.10054613736991885
2668,202610,0,0.09531119125327975
2673,202610,0,0.0977455982438443
2682,202610,0,0.15328392847470385
2684,202610,0,0.12955172212677646
2685,202610,1,0.10851990582689193
2686,202610,0,0.11115507793375828
2706,202610,0,0.12858459211261167
2709,202610,0,0.1297794874777847
2710,202610,0,0.12739352678574892
2712,202610,0,0.09926628601687212
2717,202610,0,0.12075959066899863
2718,202610,0,0.14118068342472803
2720,202610,0,0.12989814901606173
2726,202610,0,0.15999814466196471
2732,202610,0,0.15443426256259551
2735,202610,0,0.1625773542385541
2736,202610,0,0.11707259948131359
2754,202610,0,0.1328315103154648
2755,202610,0,0.060106490483193976
2758,202610,0,0.1279659111516802
2759,202610,0,0.06226109166360242
2761,202610,1,0.14116755372754303
2768,202610,0,0.13991583407870056
2769,202610,0,0.15467848241723411
2770,202610,0,0.13565539532710427
2776,202610,0,0.052375281280814735
2779,202610,0,0.20834796050872023
2782,202610,0,0.11671046212349347
2783,202610,1,0.11083867795506665
2790,202610,0,0.04915752794243007
2794,202610,0,0.12518522457810197
2796,202610,0,0.05923687728623324
2801,202610,0,0.13878474967099844
2807,202610,0,0.12911292521507992
2810,202610,0,0.09453829887241945
2811,202610,0,0.06320376557872324
2813,202610,0,0.16043950437815407
2820,202610,0,0.1373395972724471
2822,202610,0,0.13545457683106513
2830,202610,0,0.14416303475844955
2831,202610,0,0.13860979960369074
2835,202610,0,0.13654535685094923
2837,202610,0,0.15987753054824214
2852,202610,0,0.14318042234814862
2861,202610,0,0.11785418469853269
2864,202610,0,0.055928350230053686
2868,202610,0,0.1436703000083598
2869,202610,0,0.05869329457063734
2870,202610,0,0.3257804284814166
2879,202610,1,0.15618686221252132
2883,202610,0,0.05461560459055726
2888,202610,0,0.04500886113287851
2890,202610,0,0.052886836319889025
2891,202610,0,0.32917550509731747
2892,202610,0,0.05455610002217822
2895,202610,0,0.17004358292219374
2904,202610,1,0.054117396382174436
2908,202610,0,0.1659958820655363
2909,202610,1,0.1287767164578655
2911,202610,0,0.04871023285581058
2918,202610,0,0.1049419974053632
2920,202610,1,0.1543842703909037
2923,202610,0,0.11749029504830501
2931,202610,0,0.159588290682846
2936,202610,0,0.15858981076863815
2938,202610,0,0.22372950331663144
2940,202610,0,0.15325346428381165
2942,202610,0,0.13693921991453875
2943,202610,0,0.04901013857734843
2945,202610,0,0.1468200722330111
2949,202610,0,0.0594549693232151
2954,202610,1,0.15005810258857993
2959,202610,0,0.1442535174922551
2966,202610,0,0.1538401120850938
2969,202610,0,0.12972560778679823
2970,202610,0,0.14135916716182073
2975,202610,0,0.12003358406715542
2976,202610,0,0.1400536537316716
2987,202610,0,0.11965654899440788
2993,202610,0,0.06510165475065308
2995,202610,0,0.06205979937036372
2998,202610,0,0.05039321914072903
3002,202610,0,0.12801650813770368
3004,202610,0,0.12107929934114837
3008,202610,0,0.14669926418841203
3010,202610,0,0.1303743059047437
3019,202610,0,0.0636225477919666
3020,202610,0,0.13943292721230435
3027,202610,0,0.05205869424611162
3030,202610,0,0.13847971771877024
3031,202610,0,0.15209489207420554
3037,202610,0,0.1347412073471251
3038,202610,0,0.11766319776447086
3039,202610,0,0.0647785841421846
3043,202610,0,0.1178509423709263
3048,202610,0,0.046361886385870174
3049,202610,0,0.13215111931357423
3050,202610,0,0.11743728400375923
3051,202610,1,0.1298619178486164
3053,202610,0,0.05141578034320256
3054,202610,0,0.0670637121397987
3056,202610,0,0.1120873931254077
3064,202610,1,0.05023852193300524
3067,202610,1,0.11708484153434777
3069,202610,0,0.22898964813276698
3071,202610,0,0.14424655846579382
3072,202610,0,0.14275668499880434
3075,202610,0,0.1266773744403091
3078,202610,0,0.12066391480684296
3080,202610,0,0.1145237164232678
3085,202610,1,0.13305543616847731
3089,202610,0,0.21278300264657277
3104,202610,0,0.12707617909444313
3106,202610,1,0.12091943397427532
3109,202610,0,0.15439946594759715
3125,202610,0,0.1186051739076935
3126,202610,0,0.08496119412331882
3134,202610,0,0.1285372725283207
3137,202610,0,0.05942108505228757
3139,202610,0,0.1122818121746356
3142,202610,0,0.15660734017221672
3147,202610,0,0.05630105019507311
3160,202610,0,0.11573106862338567
3168,202610,0,0.11376171724773677
3169,202610,0,0.1529860386363916
3172,202610,0,0.1059800535124794
3174,202610,0,0.12976638428673987
3176,202610,0,0.060620253508637596
3178,202610,0,0.16528506139189375
3179,202610,0,0.06308709944001563
3181,202610,0,0.11540409608544591
3190,202610,0,0.13437234573177437
3192,202610,0,0.15713927363926905
3196,202610,0,0.1449174050670997
3197,202610,0,0.17046240021507114
3206,202610,0,0.139371325848412
3208,202610,0,0.05643564246947779
3210,202610,0,0.10401974670376415
3214,202610,0,0.21797791953474574
3216,202610,1,0.24901535267725106
3217,202610,0,0.1328637483384528
3220,202610,0,0.07711611670882366
3221,202610,1,0.09268019537003466
3223,202610,0,0.17014036485763526
3228,202610,0,0.05523448834486269
3232,202610,0,0.11255801049627008
3246,202610,0,0.09452886635998285
3247,202610,0,0.12400488059032617
3253,202610,0,0.05311008319466754
3256,202610,0,0.0551916805088849
3257,202610,0,0.1242321772472169
3262,202610,0,0.1241276019408882
3263,202610,1,0.22913446696850215
3265,202610,0,0.1524052031772703
3269,202610,0,0.05662772594968064
3276,202610,0,0.06958936686112263
3279,202610,0,0.26428789664712676
3282,202610,0,0.10116470094006101
3284,202610,0,0.061342881736932274
3285,202610,0,0.1314360624646048
3294,202610,1,0.14888808965380695
3295,202610,0,0.12838323198532517
3297,202610,0,0.08551282144092419
3298,202610,0,0.1188155669552592
3302,202610,1,0.13251107218364439
3303,202610,0,0.1277181574739341
3309,202610,0,0.13113102043463293
3311,202610,0,0.06002108479004516
3312,202610,0,0.137995502034951
3313,202610,0,0.15112007983339315
3321,202610,0,0.10479292697309237
3322,202610,0,0.11855452180570585
3325,202610,0,0.12010873341875926
3326,202610,1,0.05375700076738545
3329,202610,0,0.2206160053924219
3343,202610,1,0.1394392370178745
3345,202610,0,0.16453657241279027
3347,202610,0,0.11578262657978534
3349,202610,0,0.13867387935293857
3350,202610,0,0.08603054268783723
3354,202610,0,0.14186162149877826
3356,202610,0,0.2291062627592892
3363,202610,0,0.13029025060901112
3372,202610,0,0.09254386758823518
3376,202610,0,0.11471193650061978
3380,202610,0,0.1161616055893322
3383,202610,0,0.139609346005569
3385,202610,0,0.1278916271820278
3387,202610,0,0.13226449693838405
3395,202610,0,0.05706119314930214
3396,202610,0,0.0496042916383133
3397,202610,0,0.11412986100499685
3411,202610,0,0.07695890574353034
3413,202610,0,0.05343962331124241
3415,202610,0,0.10683031307010604
3420,202610,0,0.1491226886124532
3424,202610,1,0.15891266722202715
3428,202610,1,0.11157095526789725
3430,202610,1,0.13508908039016745
3441,202610,1,0.14245907628681015
3444,202610,0,0.14762326373529389
3446,202610,0,0.1237599915496819
3447,202610,0,0.05970384080939196
3448,202610,0,0.11109147906859082
3454,202610,0,0.05474352718763941
3466,202610,0,0.13348511008040764
3471,202610,0,0.15244887096246412
3474,202610,0,0.05617577380410331
3488,202610,0,0.14516126285215733
3496,202610,0,0.06304231200604613
3498,202610,0,0.15952348622642779
3499,202610,0,0.10127008776528791
3508,202610,0,0.12413478940403706
3511,202610,0,0.059447615416255095
3514,202610,0,0.07682857155120051
3524,202610,0,0.07282381508019727
3526,202610,0,0.1010919967577827
3529,202610,0,0.06529478716158783
3552,202610,0,0.05203290603224623
3561,202610,0,0.05986057537269763
3564,202610,0,0.19602859884540438
3566,202610,0,0.058450533443931946
3567,202610,1,0.13426535845190288
3576,202610,0,0.1660932938708554
3578,202610,1,0.13120039543360948
3581,202610,0,0.04992045625749365
3582,202610,0,0.14812081278209482
3583,202610,0,0.24682508964855454
3587,202610,0,0.1299836662297173
3589,202610,0,0.1388242574386756
3590,202610,0,0.09302325369000343
3592,202610,0,0.14397468638547078
3594,202610,0,0.05868469871952001
3598,202610,0,0.12760189397168611
3602,202610,0,0.1428384245750523
3605,202610,0,0.14933781366069984
3607,202610,0,0.13216768128599066
3608,202610,0,0.1645329317875512
3610,202610,0,0.13580568777068638
3619,202610,0,0.11649252793485514
3621,202610,0,0.04735656783866783
3622,202610,0,0.11464460535486527
3623,202610,0,0.1870817040861051
3628,202610,0,0.13160776867943577
3629,202610,0,0.13342650201922793
3646,202610,1,0.14117299657571622
3647,202610,0,0.042551214868551374
3653,202610,0,0.18100223432222412
3657,202610,0,0.14672487024652933
3658,202610,0,0.10193275518420838
3661,202610,0,0.057018928142848264
3665,202610,0,0.13488830501808352
3668,202610,0,0.05542625588441665
3670,202610,0,0.08712024806684146
3672,202610,0,0.050518715870481255
3675,202610,0,0.10481736325764657
3680,202610,0,0.055574640295764414
3683,202610,1,0.2238736293975294
3685,202610,1,0.16515528273957103
3697,202610,0,0.062483650853158566
3698,202610,0,0.03907481665370132
3699,202610,0,0.13918444971748611
3703,202610,0,0.04401117813061578
3711,202610,0,0.1346175957285711
3712,202610,0,0.15898750602676556
3716,202610,0,0.14060444443683504
3717,202610,0,0.15121794169822617
3721,202610,0,0.14905824896330608
3722,202610,1,0.14707144451383558
3725,202610,0,0.09061740452834344
3726,202610,0,0.13412424765371553
3732,202610,1,0.12789359344644097
3735,202610,0,0.15421736283889403
3736,202610,0,0.24128222657771037
3740,202610,0,0.11251058905446114
3743,202610,0,0.21952613298487628
3746,202610,0,0.12607057354033221
3748,202610,0,0.1069848223814356
3751,202610,0,0.09096148256603638
3753,202610,0,0.09665835247701457
3754,202610,0,0.11024764108850345
3755,202610,0,0.05726332091831668
3764,202610,0,0.10699525173570607
3768,202610,0,0.139797245401591
3772,202610,1,0.21825257768668113
3781,202610,0,0.1377416545287478
3782,202610,0,0.13978037916201652
3787,202610,0,0.06253395489108331
3796,202610,0,0.1392447639050191
3800,202610,0,0.13246433010704614
3804,202610,0,0.04956444937966157
3820,202610,0,0.17718759320760968
3821,202610,0,0.1560989767724479
3824,202610,0,0.09711743510106087
3825,202610,0,0.1348817714692162
3826,202610,0,0.169433799561872
3831,202610,0,0.11711676181605751
3834,202610,0,0.12583414830373704
3835,202610,0,0.13565142086288062
3836,202610,0,0.10892704396250531
3840,202610,0,0.08811471668588615
3841,202610,0,0.15571274790759762
3842,202610,0,0.13033648574697276
3847,202610,0,0.10559364786219468
3848,202610,0,0.16648597092602524
3854,202610,1,0.05423636599718083
3863,202610,0,0.15933893483662526
3869,202610,0,0.11727153527582873
3875,202610,0,0.12933406760403543
3876,202610,0,0.16041437295182917
3877,202610,0,0.24274018918586002
3878,202610,0,0.13859606254532525
3879,202610,0,0.13358602154053723
3881,202610,0,0.1586607376282907
3882,202610,0,0.04998105040286908
3887,202610,0,0.12389784748406153
3890,202610,0,0.11629964373339362
3894,202610,1,0.22341229938121462
3897,202610,0,0.11968587745553624
3904,202610,0,0.05245791967538039
3905,202610,0,0.25558661933559457
3908,202610,0,0.1581809644534133
3915,202610,1,0.052279985372473456
3917,202610,0,0.17014896934454743
3927,202610,0,0.15023450760289384
3928,202610,1,0.15021044953124957
3931,202610,0,0.1579904295478619
3934,202610,1,0.09775452442109483
3937,202610,1,0.1517630710948346
3938,202610,0,0.15586260981173775
3944,202610,0,0.15094534289431094
3947,202610,0,0.11313821039468583
3950,202610,0,0.15082648536108614
3971,202610,0,0.11046180943492198
3982,202610,0,0.06050124562133971
3988,202610,0,0.20281648768206353
3991,202610,0,0.05658414889543884
3992,202610,0,0.1267085312432161
3997,202610,0,0.12044715149712668
4005,202610,0,0.052024196384917315
4006,202610,1,0.08459575942245744
4008,202610,0,0.11882294620199815
4016,202610,0,0.05418264076212689
4018,202610,0,0.12770395829241965
4020,202610,0,0.15333481502304097
4027,202610,0,0.05709905083329278
4035,202610,1,0.14222063459838805
4038,202610,0,0.11110150963390619
4041,202610,1,0.1323152294332145
4044,202610,0,0.14615915173836092
4045,202610,0,0.108114230926629
4048,202610,0,0.13307017297341772
4051,202610,0,0.11095484473986315
4054,202610,0,0.13256329922539167
4055,202610,0,0.13082379346083964
4061,202610,1,0.24696210971462484
4065,202610,0,0.1103628734168428
4066,202610,0,0.12628445157920126
4067,202610,0,0.10991257449526246
4073,202610,0,0.1181055760657211
4079,202610,0,0.054896175732501766
4084,202610,0,0.10504987527064745
4087,202610,0,0.17721820947362554
4089,202610,0,0.042038799228203534
4091,202610,0,0.2312821028517076
4092,202610,0,0.12249180769404666
4102,202610,0,0.24306943769195452
4108,202610,0,0.15152270347509855
4113,202610,0,0.15690490941554985
4116,202610,0,0.1738716111323572
4117,202610,0,0.04507093097490385
4122,202610,0,0.05683740188428466
4124,202610,0,0.13295535474699555
4125,202610,0,0.12503649205017475
4128,202610,0,0.13966437812003168
4129,202610,0,0.14022524563772276
4130,202610,0,0.11692361484073784
4134,202610,0,0.14468049486847004
4141,202610,0,0.14099836097784396
4142,202610,0,0.12261276562600765
4144,202610,0,0.14506213024431383
4147,202610,0,0.2206629136273478
4150,202610,0,0.05213653180753856
4151,202610,1,0.10924818106951802
4158,202610,0,0.14867685533456965
4162,202610,0,0.1375186015918871
4163,202610,0,0.11168254511894622
4166,202610,0,0.05484868710720024
4167,202610,0,0.11982690183136749
4168,202610,0,0.1256702446750496
4175,202610,0,0.05923871658934939
4176,202610,1,0.11846644894197816
4179,202610,0,0.06868273778696675
4180,202610,0,0.1589404074104704
4183,202610,1,0.14026079161998228
4189,202610,0,0.13213954698833955
4192,202610,0,0.16648501522733472
4195,202610,0,0.1376881536264861
4197,202610,0,0.15097183296726718
4198,202610,0,0.12791447970663905
4202,202610,0,0.11058136891630108
4208,202610,0,0.12715235268899525
4222,202610,0,0.13874786911998785
4225,202610,0,0.057225347348858056
4227,202610,0,0.13870784793644775
4229,202610,0,0.11741808907591358
4230,202610,0,0.1279928289713333
4234,202610,0,0.13153311035640292
4236,202610,0,0.13802354184016533
4244,202610,0,0.22552041752132027
4247,202610,0,0.12037717079729152
4249,202610,0,0.1335610094827191
4258,202610,0,0.13492562436350886
4266,202610,0,0.16017042662929273
4277,202610,1,0.2289572578486888
4281,202610,1,0.11877924108799744
4283,202610,0,0.10195633296709684
4286,202610,0,0.0993627898615083
4287,202610,0,0.12146614102038758
4289,202610,0,0.11350256700270513
4291,202610,0,0.16063474606071654
4292,202610,0,0.13588754851061946
4295,202610,0,0.1397457266703543
4296,202610,0,0.06017947784778899
4297,202610,1,0.14964723210483355
4309,202610,0,0.05112182055002915
4323,202610,0,0.1586838198201339
4324,202610,0,0.1393108678104862
4327,202610,0,0.11299535010759007
4328,202610,0,0.13218567650244795
4330,202610,0,0.058974219160659
4334,202610,0,0.0700259794598577
4338,202610,0,0.05370626226086707
4341,202610,0,0.14109295637258693
4343,202610,0,0.21336113738214088
4349,202610,0,0.05031511286157856
4366,202610,0,0.10087234464808917
4367,202610,0,0.06583315160335826
4373,202610,0,0.10746695809300663
4374,202610,0,0.19356828711093602
4377,202610,0,0.13815859588060037
4384,202610,0,0.1560365831623606
4390,202610,0,0.12601326076199318
4395,202610,1,0.17295887116340122
4403,202610,0,0.13262127142940827
4409,202610,0,0.10673125552700272
4410,202610,0,0.14061809081168306
4419,202610,0,0.15211430548298116
4427,202610,0,0.08881789000148746
4428,202610,0,0.13102482612253097
4429,202610,0,0.13262913461390533
4430,202610,0,0.04063145762206463
4431,202610,0,0.11236655117688757
4433,202610,0,0.05421087279739244
4434,202610,0,0.13663752370262586
4441,202610,1,0.15418086000985035
4442,202610,0,0.04961900776160769
4444,202610,0,0.10726578770711252
4447,202610,1,0.15194609082015467
4449,202610,1,0.15285925863796246
4453,202610,0,0.16347149915113576
4456,202610,0,0.06893931062337799
4457,202610,0,0.12917112358827326
4459,202610,0,0.12185162295807864
4463,202610,0,0.14920332232136535
4465,202610,0,0.1531815068949134
4466,202610,0,0.06850699258525814
4469,202610,0,0.08044698557203729
4471,202610,1,0.11024312668189899
4485,202610,0,0.23956540835261034
4486,202610,0,0.12132012645933322
4488,202610,0,0.13584423234347417
4490,202610,0,0.12155815708628431
4492,202610,0,0.1559569106288693
4496,202610,1,0.146943814569264
4498,202610,0,0.10826406670245346
4500,202610,0,0.07209519952563657
4502,202610,0,0.14513310703688706
4507,202610,0,0.13201967727805097
4509,202610,1,0.1607437001723664
4511,202610,0,0.14283097895649258
4512,202610,0,0.10753435150667086
4516,202610,0,0.14232144037807057
4520,202610,0,0.10609029562693907
4524,202610,0,0.14997402025585607
4536,202610,0,0.09192656054398021
4538,202610,0,0.05793205206063688
4549,202610,0,0.060111301919452305
4550,202610,0,0.05588837395469117
4554,202610,0,0.1339827571457556
4561,202610,0,0.1507562080163264
4564,202610,0,0.12028215852142728
4565,202610,1,0.1429252483884325
4566,202610,0,0.13895247231104768
4568,202610,0,0.1648630361349363
4576,202610,1,0.06489309045187007
4579,202610,0,0.1345157852660221
4580,202610,0,0.14334279974948663
4586,202610,0,0.059150240409072935
4594,202610,0,0.13332526941659498
4598,202610,0,0.1223782995384231
4601,202610,1,0.1074818651742478
4602,202610,0,0.12070230995601323
4609,202610,0,0.16717385901091272
4610,202610,0,0.11146305871938318
4611,202610,0,0.12398690926245245
4619,202610,0,0.15791701842927183
4624,202610,0,0.15062879227730655
4627,202610,0,0.13617577219663873
4628,202610,0,0.12321373203089608
4631,202610,0,0.10620538057608707
4632,202610,0,0.13672133580774654
4634,202610,0,0.12353776431921364
4635,202610,0,0.056971510998622875
4637,202610,0,0.13227457563438053
4641,202610,0,0.13183051635284723
4643,202610,0,0.06891828499848422
4651,202610,1,0.24993077427128998
4654,202610,1,0.07375328441939095
4660,202610,0,0.059862687679226735
4665,202610,0,0.14738631294526786
4667,202610,0,0.06571505806285269
4668,202610,0,0.12872068961041436
4670,202610,0,0.13940288438602647
4674,202610,0,0.049428849627219454
4676,202610,0,0.1245898191633181
4683,202610,0,0.17315854564086242
4684,202610,0,0.05453185409210281
4687,202610,0,0.1289283897012848
4694,202610,0,0.1362790850655265
4698,202610,1,0.06656251024225693
4701,202610,1,0.21066287323848534
4704,202610,0,0.14208080585462138
4706,202610,0,0.1314634428797718
4732,202610,0,0.14594185962794998
4734,202610,0,0.16566334240298997
4735,202610,0,0.1173947118923555
4744,202610,0,0.05817311389269383
4755,202610,0,0.10042154301623944
4756,202610,0,0.12934274190738648
4759,202610,0,0.058459575724116045
4762,202610,0,0.0585085492373275
4763,202610,0,0.11026607110125773
4765,202610,0,0.1518892693629645
4767,202610,0,0.12493428679228194
4770,202610,0,0.12099142427396575
4775,202610,0,0.12111391287087298
4780,202610,0,0.13949853511596752
4788,202610,0,0.17240425974218024
4789,202610,0,0.130315613901305
4792,202610,0,0.05141063788119953
4794,202610,0,0.15811607162314492
4795,202610,0,0.12555753262977995
4797,202610,0,0.12835787930399487
4803,202610,0,0.053886993964434915
4805,202610,0,0.13889855287471806
4807,202610,1,0.12945340286589124
4810,202610,0,0.16403080211949775
4812,202610,0,0.14655429675996223
4814,202610,0,0.11262882017058076
4818,202610,0,0.11860013224559349
4820,202610,0,0.05756916934330631
4822,202610,0,0.14088024542905317
4827,202610,0,0.11012335499171545
4828,202610,0,0.06760698356601993
4831,202610,0,0.053570965542073426
4833,202610,1,0.21433599171450238
4839,202610,0,0.15097944334276758
4841,202610,0,0.11684553168045039
4842,202610,0,0.06339143408359543
4844,202610,0,0.11898661386265283
4852,202610,0,0.043674468825016736
4861,202610,0,0.06810862647046552
4863,202610,0,0.22919519784647555
4868,202610,0,0.12119799514085054
4878,202610,0,0.10876683784970044
4881,202610,0,0.09148963865217129
4883,202610,0,0.1608618193266625
4884,202610,0,0.13672822073121987
4886,202610,1,0.1255224413686697
4890,202610,0,0.13291753438798823
4891,202610,1,0.12277953567031875
4894,202610,0,0.053285060042371345
4895,202610,0,0.16035941464435716
4898,202610,0,0.13025560297955696
4899,202610,0,0.038649525228372505
4900,202610,0,0.12603091894532545
4901,202610,0,0.06462873730459318
4902,202610,0,0.03874103109891448
4912,202610,0,0.11917266622078958
4918,202610,0,0.10551433054344636
4919,202610,0,0.1265376684127159
4922,202610,1,0.13573372258351118
4934,202610,0,0.05598664063688544
4937,202610,0,0.10639627425753381
4939,202610,0,0.04681080006931666
4941,202610,0,0.12429536253766303
4945,202610,0,0.06943011710709197
4950,202610,0,0.05381498428662008
4952,202610,0,0.1069040756683807
4953,202610,0,0.14329165354288814
4954,202610,0,0.13346656725199144
4955,202610,0,0.11971108234962646
4956,202610,0,0.15720655315687457
4957,202610,0,0.1505975934089458
4966,202610,1,0.09341584894328026
4967,202610,0,0.04891798812865766
4970,202610,0,0.1548944984666182
4971,202610,0,0.1142027029194687
4979,202610,0,0.11561880807679097
4983,202610,0,0.12233640959871263
4989,202610,0,0.11977557536142398
4995,202610,0,0.125150267608442
5002,202610,0,0.10868471398866818
5004,202610,0,0.16525878583870482
5006,202610,1,0.22108876168707864
5007,202610,0,0.13598676728677203
5009,202610,0,0.05041877597092313
5010,202610,0,0.11646652702433184
5016,202610,0,0.1359656142311555
5026,202610,1,0.25178652913238275
5033,202610,0,0.051754996197394564
5038,202610,0,0.05034505313170149
5041,202610,0,0.1389909543203495
5045,202610,0,0.0994437039968794
5049,202610,0,0.045858998746592994
5050,202610,0,0.14994032332774906
5051,202610,0,0.06242869986438139
5055,202610,0,0.13188894870732454
5058,202610,0,0.06695256239787636
5059,202610,0,0.046881616060678345
5065,202610,1,0.137808283936258
5072,202610,0,0.12714880033460874
5073,202610,0,0.1456830995106469
5074,202610,0,0.22939984280646059
5076,202610,0,0.13784596429725093
5078,202610,0,0.060893603063950696
5081,202610,0,0.11290555102960845
5082,202610,0,0.13088234455621983
5084,202610,0,0.047039763846271135
5092,202610,0,0.13301630577348114
5094,202610,1,0.14729677276420775
5105,202610,0,0.1231257399234442
5107,202610,0,0.12974769169024125
5111,202610,0,0.07718742869601364
5120,202610,0,0.05723095286700257
5121,202610,0,0.11433505920319036
5123,202610,0,0.13766667973174945
5126,202610,1,0.20934720953687624
5141,202610,0,0.12208472324210679
5144,202610,0,0.14792608676061414
5147,202610,0,0.13894185896698655
5149,202610,0,0.0428419268277259
5152,202610,0,0.06016607431945716
5153,202610,1,0.14736133602809492
5160,202610,0,0.1333769042642691
5163,202610,1,0.14892521746263856
5170,202610,0,0.1381527371113675
5171,202610,0,0.15391167048639282
5176,202610,0,0.16511678386597853
5178,202610,0,0.18831587256539187
5189,202610,0,0.15225083982755655
5192,202610,0,0.051601890142228934
5195,202610,0,0.06429424836722471
5204,202610,0,0.13517186700523012
5208,202610,0,0.13183053503799771
5211,202610,0,0.1124256746620508
5216,202610,0,0.061551224995590605
5217,202610,0,0.11731774142834361
5222,202610,0,0.22363795214304635
5225,202610,0,0.14157395648427276
5228,202610,0,0.14615209174164426
5239,202610,0,0.041726493394872895
5241,202610,0,0.06340487429218204
5242,202610,0,0.17288825997688906
5243,202610,0,0.1414360620679741
5246,202610,0,0.1437450357259133
5247,202610,0,0.1656316791270369
5248,202610,0,0.14496528814957219
5249,202610,0,0.05559781990481624
5251,202610,0,0.1769474305388405
5255,202610,0,0.14844975206926037
5257,202610,0,0.16396052472918027
5259,202610,0,0.08063066811429996
5260,202610,0,0.15242264222254867
5269,202610,0,0.14070655882697722
5273,202610,0,0.06023794298120956
5281,202610,0,0.13932639816416117
5284,202610,0,0.16485549019744533
5286,202610,0,0.06825554683791193
5292,202610,0,0.05785934003126027
5293,202610,0,0.1266531593152762
5295,202610,1,0.1262780181663773
5299,202610,0,0.1221334293787355
5301,202610,0,0.12003299702257837
5303,202610,0,0.0981951727408459
5305,202610,0,0.13753222942694407
5315,202610,0,0.12351181715968722
5316,202610,1,0.16131095265991177
5319,202610,0,0.09166621079034741
5325,202610,0,0.06299176674187942
5328,202610,1,0.15781880194537906
5331,202610,0,0.12139979018509704
5333,202610,0,0.09716029450681334
5335,202610,0,0.12966956940986657
5337,202610,1,0.15116124635967984
5339,202610,0,0.09365711826640875
5340,202610,0,0.11385744308530246
5341,202610,0,0.10685963493822775
5343,202610,0,0.09270145038890641
5347,202610,0,0.1738508993104098
5353,202610,0,0.12939836823638737
5355,202610,0,0.11866007878569602
5359,202610,0,0.15802567226291794
5363,202610,0,0.13528203669256095
5365,202610,0,0.13629806007238315
5373,202610,0,0.11036828966512975
5377,202610,0,0.13626234025127906
5379,202610,0,0.058599502261310055
5385,202610,0,0.1408583901051516
5386,202610,0,0.05342434423057255
5387,202610,0,0.13695581987565647
5389,202610,0,0.055570608993627604
5390,202610,0,0.06287388385417261
5391,202610,1,0.09311477713904714
5396,202610,0,0.06387498650957972
5397,202610,0,0.058984727058688007
5404,202610,0,0.11511674396591047
5407,202610,0,0.13951021332338942
5410,202610,0,0.0485432928754701
5411,202610,0,0.05227698622845425
5412,202610,0,0.12167396123408887
5413,202610,0,0.04238227028040031
5417,202610,0,0.14694563620575354
5418,202610,0,0.15229616622245784
5424,202610,0,0.11208111663255435
5425,202610,0,0.21874255614705768
5427,202610,0,0.15344620565692924
5428,202610,0,0.11909171492137101
5429,202610,0,0.16687561488283556
5433,202610,0,0.14395721343867213
5434,202610,0,0.05736453903568182
5440,202610,0,0.16001259441085292
5441,202610,0,0.14460922913553664
5447,202610,1,0.09850679868255495
5448,202610,0,0.12262150298834455
5456,202610,0,0.14144763964300527
5460,202610,0,0.048723832707027986
5464,202610,1,0.15864661290256288
5465,202610,0,0.17035928810832882
5468,202610,0,0.06074356945407732
5470,202610,0,0.137398686561614
5475,202610,0,0.12171160138600315
5487,202610,0,0.1599301353862529
5494,202610,1,0.12774836025186923
5501,202610,0,0.060066867585784424
5504,202610,0,0.1253140093625515
5508,202610,0,0.14035456540532285
5510,202610,0,0.11121430508962113
5514,202610,0,0.05312758463622325
5517,202610,1,0.13758686872657683
5526,202610,1,0.14048100047271242
5528,202610,0,0.14144014026768373
5540,202610,0,0.11000219548683843
5543,202610,0,0.12792357573877483
5544,202610,1,0.05360655128186757
5545,202610,0,0.1251432463696436
5546,202610,0,0.11433528663293878
5548,202610,0,0.05561325682781078
5551,202610,0,0.25998627629494664
5553,202610,0,0.12460937640432214
5556,202610,0,0.12735134555613536
5560,202610,0,0.14879899022765075
5563,202610,0,0.13392904391920546
5565,202610,1,0.21595073907868229
5569,202610,0,0.05305937200887897
5572,202610,0,0.05669100017003992
5576,202610,0,0.0658577124016903
5582,202610,0,0.13058055528190138
5586,202610,0,0.05700701415726454
5598,202610,0,0.05814088778756043
5605,202610,0,0.12856933413805416
5608,202610,0,0.14967825832230894
5609,202610,0,0.13801035010783733
5610,202610,0,0.09753325335060875
5612,202610,1,0.10849742444936654
5620,202610,1,0.14410576346213097
5622,202610,0,0.07881482256955874
5628,202610,0,0.13713524635488347
5632,202610,0,0.11507242126870372
5635,202610,0,0.1170043522887464
5640,202610,0,0.04759405432007167
5641,202610,0,0.08692293637973413
5647,202610,0,0.05203002616331351
5648,202610,1,0.14444898772951964
5649,202610,1,0.13298431403943672
5654,202610,0,0.14560773783043354
5662,202610,0,0.13168384857224108
5663,202610,1,0.054702128505578436
5665,202610,0,0.14103748119679285
5667,202610,0,0.13929315686886942
5674,202610,0,0.07775188390090106
5691,202610,0,0.13009029529477276
5694,202610,0,0.1358055192192111
5695,202610,1,0.14299989429333895
5698,202610,1,0.15223190159776642
5703,202610,1,0.17773218577021146
5706,202610,0,0.13603188578942976
5708,202610,0,0.12623454873035633
5716,202610,0,0.06423037163851555
5722,202610,0,0.06193028014230536
5738,202610,0,0.14294714562039482
5745,202610,0,0.13345177472714517
5746,202610,0,0.11397254162745557
5755,202610,0,0.1367016231459824
5756,202610,0,0.04904110302408397
5760,202610,0,0.14535087531697582
5761,202610,0,0.12979812221131765
5762,202610,0,0.07204385432188051
5763,202610,0,0.054038245861779036
5765,202610,0,0.15503438481303775
5766,202610,0,0.15784151798919266
5773,202610,0,0.12946872910708104
5775,202610,0,0.14247177047234558
5781,202610,0,0.12603828812174642
5786,202610,0,0.13783318481286233
5789,202610,0,0.1506713540141589
5799,202610,0,0.1288301016019869
5802,202610,0,0.12607356044170845
5806,202610,1,0.11764566034307046
5808,202610,0,0.1566449162691912
5811,202610,0,0.11228543508929831
5812,202610,0,0.2432792981841655
5813,202610,0,0.12431613194880756
5821,202610,0,0.14462902703537503
5829,202610,0,0.1548866661561977
5836,202610,0,0.130160732567988
5838,202610,0,0.11234337218339263
5840,202610,0,0.13599343402786526
5842,202610,0,0.1516233346774856
5844,202610,0,0.14325934832016013
5858,202610,1,0.12949032602320343
5861,202610,0,0.12162316785707085
5864,202610,0,0.1317178813497066
5865,202610,0,0.13864868390516286
5871,202610,0,0.15590185109861443
5875,202610,0,0.1439971222758122
5877,202610,0,0.04560075974083297
5879,202610,0,0.13969578280852313
5881,202610,0,0.1617321667174952
5888,202610,0,0.22651277020991203
5891,202610,0,0.056962616319147966
5895,202610,1,0.21213286573595616
5896,202610,1,0.05946944577011711
5900,202610,0,0.14313289987343392
5903,202610,0,0.03751889713989243
5909,202610,0,0.13283522825393998
5914,202610,0,0.16891909676926586
5918,202610,0,0.128551589511955
5923,202610,1,0.1307931959203864
5933,202610,0,0.0582709845701495
5945,202610,0,0.05821783944868032
5948,202610,0,0.06360102522575076
5949,202610,0,0.057133377534219716
5950,202610,0,0.1487129814767656
5952,202610,0,0.14746424262762428
5955,202610,0,0.1487645761201761
5959,202610,0,0.1795280975901854
5961,202610,0,0.14645320206521137
5964,202610,0,0.08875194406410347
5966,202610,0,0.16558852817149433
5978,202610,0,0.1133342507891324
5980,202610,0,0.12172230022919352
5983,202610,0,0.15482054590847502
5985,202610,0,0.1180390914386626
5995,202610,0,0.1383963206947368
6003,202610,1,0.2138508017620709
6008,202610,1,0.11808775944865642
6009,202610,0,0.14452559666091133
6013,202610,0,0.27667243275668885
6016,202610,0,0.08307051912205489
6017,202610,1,0.1403086809734956
6021,202610,0,0.13306886266563211
6023,202610,0,0.13250340510636985
6025,202610,1,0.17356624713337243
6029,202610,0,0.1389786747948363
6033,202610,0,0.1281346359227335
6036,202610,0,0.06640167357579803
6039,202610,0,0.137968722001655
6046,202610,0,0.2056180079084853
6047,202610,0,0.09960044852704775
6048,202610,0,0.12139908769221174
6050,202610,0,0.17404082417982905
6051,202610,0,0.11268441283128752
6054,202610,0,0.055171668557024114
6059,202610,1,0.11797377084290847
6061,202610,0,0.14769500459484664
6062,202610,0,0.06738127845758028
6065,202610,0,0.11777687493520413
6068,202610,0,0.10056126736316899
6069,202610,0,0.2143663539857854
6070,202610,0,0.18448757395146206
6072,202610,0,0.07049857158387626
6076,202610,0,0.1343139755108774
6082,202610,0,0.06359923949830866
6101,202610,1,0.1166958159476691
6104,202610,0,0.14932154141352041
6110,202610,0,0.1294469477796527
6122,202610,0,0.12579427928140832
6123,202610,0,0.11824802590017486
6124,202610,1,0.11307180637232261
6126,202610,0,0.05197491610811197
6128,202610,0,0.1415479976222657
6131,202610,0,0.06207408222594931
6138,202610,1,0.18044906869692656
6139,202610,0,0.11384838736687673
6140,202610,0,0.15579898793273597
6142,202610,0,0.22626452972391958
6143,202610,0,0.10440349849556212
6144,202610,1,0.15138251761157182
6147,202610,0,0.14644542440397362
6152,202610,0,0.16018958326935176
6164,202610,0,0.11576511212402116
6171,202610,0,0.18497497149342298
6173,202610,0,0.12192690865999198
6175,202610,0,0.1589624845759291
6176,202610,0,0.06354695984892052
6179,202610,0,0.13389990142730776
6180,202610,1,0.1743248689865516
6181,202610,0,0.11585483744175673
6184,202610,0,0.05079197771953593
6191,202610,0,0.07359186163065802
6195,202610,0,0.23142227175271293
6200,202610,0,0.11624352495730708
6201,202610,0,0.15560903578769494
6206,202610,0,0.11686232093135382
6208,202610,0,0.1562450252052131
6213,202610,1,0.10619804149153389
6216,202610,1,0.10607365942937975
6219,202610,0,0.13640426351331764
6220,202610,1,0.11899502988099257
6223,202610,0,0.06478775823398926
6224,202610,0,0.14946118504303998
6237,202610,0,0.06978942026778777
6248,202610,1,0.11867450597160839
6255,202610,0,0.10061305824659011
6264,202610,0,0.16064845404039085
6265,202610,0,0.14148512746448044
6273,202610,0,0.11974055085795901
6275,202610,0,0.16508958569863855
6279,202610,0,0.11535515090190372
6284,202610,0,0.14357683350450323
6285,202610,1,0.05586676088053605
6295,202610,0,0.11574273262140401
6297,202610,0,0.06317440654508562
6300,202610,1,0.12082851739800614
6306,202610,0,0.05825091628269116
6311,202610,0,0.21142352250776605
6327,202610,0,0.1012043198553987
6330,202610,0,0.12879209177888895
6337,202610,1,0.15367919235139446
6338,202610,0,0.1276709934259951
6343,202610,0,0.13861284700751503
6345,202610,0,0.2288700843844367
6349,202610,0,0.22022217256042226
6351,202610,0,0.11771565619754744
6357,202610,0,0.05783321002545332
6358,202610,1,0.13194249785391932
6360,202610,0,0.12421610836121297
6389,202610,0,0.05575354508296577
6392,202610,0,0.14799714898824512
6402,202610,1,0.15246024726449134
6403,202610,1,0.12530761949853933
6404,202610,0,0.1326463752690058
6406,202610,0,0.05827015413419234
6407,202610,0,0.13561227306294968
6414,202610,0,0.06160369827135369
6419,202610,0,0.12939292097956936
6425,202610,0,0.12929347261691118
6428,202610,0,0.051048097275936635
6431,202610,0,0.11665549210809818
6435,202610,0,0.13393911218100177
6436,202610,0,0.06436147394533354
6440,202610,0,0.09868321366194356
6446,202610,0,0.14102529688146268
6458,202610,1,0.262091364281274
6459,202610,0,0.05280935874511606
6465,202610,0,0.10296580777457073
6473,202610,0,0.12952399569509856
6476,202610,0,0.06606016581162877
6477,202610,0,0.108218070028258
6478,202610,0,0.14017604897637911
6481,202610,1,0.06627144921425697
6488,202610,1,0.1126328301333398
6491,202610,0,0.21622097057909298
6494,202610,0,0.12478984678512234
6501,202610,0,0.13101814643245296
6502,202610,0,0.21397182232871528
6503,202610,0,0.11879543559881435
6514,202610,0,0.040072775189976595
6516,202610,0,0.12185638168914212
6534,202610,0,0.1368438668532694
6536,202610,1,0.1348299378603626
6538,202610,1,0.2137226110641496
6541,202610,0,0.056541787357744996
6551,202610,1,0.1358916545239248
6553,202610,0,0.14023246539805667
6557,202610,0,0.11333343463429088
6559,202610,0,0.1426033991735701
6560,202610,0,0.17143669359295377
6562,202610,0,0.13935390368983838
6569,202610,1,0.13224158059422222
6575,202610,0,0.13739100563856826
6583,202610,0,0.04774440636300388
6588,202610,0,0.14124394016411204
6590,202610,0,0.10578717211046261
6594,202610,0,0.11733057207575377
6599,202610,0,0.12190343996786795
6602,202610,0,0.14692335770679466
6603,202610,0,0.1293781148715323
6605,202610,1,0.15197678400142128
6606,202610,0,0.10446685178993849
6614,202610,0,0.14723867561003812
6618,202610,0,0.1101057128332172
6628,202610,0,0.13461025072850144
6629,202610,1,0.16416262509714827
6633,202610,0,0.055101895619112475
6639,202610,0,0.10689893422075358
6648,202610,0,0.15329783635085922
6654,202610,0,0.10910736242897665
6656,202610,0,0.053441133065929625
6657,202610,0,0.17857616910459062
6663,202610,0,0.06462627999248505
6664,202610,0,0.10832855613290059
6666,202610,0,0.052998586977018786
6670,202610,0,0.109163885927811
6671,202610,0,0.11259838385264737
6682,202610,1,0.1534237843648853
6683,202610,0,0.05664208214967997
6693,202610,0,0.1414788022309523
6694,202610,0,0.13276699094602126
6695,202610,0,0.1297221055094759
6699,202610,0,0.1398195074753341
6701,202610,0,0.12212978260953798
6706,202610,0,0.057260694672119916
6707,202610,0,0.05854228586202765
6709,202610,1,0.2176894294163712
6713,202610,1,0.09643260294068136
6720,202610,0,0.11159983565600742
6721,202610,0,0.06314717864209536
6726,202610,0,0.14706750973835106
6735,202610,0,0.12215150677468786
6741,202610,1,0.09843634360686
6745,202610,0,0.15237458534215706
6746,202610,0,0.12130706416029825
6751,202610,0,0.0631712611531667
6752,202610,1,0.16777600801148934
6759,202610,0,0.15762137277077373
6760,202610,0,0.10274674034593369
6765,202610,0,0.133344737965421
6767,202610,0,0.1177078402835992
6768,202610,0,0.08303006981962029
6772,202610,0,0.13128827755125735
6774,202610,0,0.06752013682740717
6776,202610,0,0.1478937803358302
6779,202610,0,0.1317986388087103
6789,202610,0,0.11674324200315045
6792,202610,0,0.23026519335889817
6797,202610,0,0.06119689027319727
6801,202610,1,0.07773207274360201
6807,202610,0,0.11876106128251836
6808,202610,0,0.160042227527069
6811,202610,0,0.13564938643067107
6813,202610,0,0.07670570106147734
6814,202610,0,0.12883525627193906
6817,202610,0,0.13717885976359717
6826,202610,0,0.13658442758939118
6828,202610,1,0.1139449586870514
6830,202610,0,0.07080769182570759
6832,202610,0,0.1491563295596742
6834,202610,0,0.1276019924201959
6838,202610,0,0.17670986048097043
6840,202610,0,0.11960255549845468
6844,202610,1,0.16690147698902413
6850,202610,0,0.1109475721041811
6851,202610,0,0.1358710423980002
6854,202610,0,0.2171135562418863
6856,202610,0,0.19397347605225357
6858,202610,0,0.11522780419643812
6864,202610,1,0.14145444553491174
6866,202610,0,0.12692519533157254
6871,202610,0,0.1507503846128737
6872,202610,0,0.11917181228662714
6877,202610,1,0.1572445517898252
6879,202610,0,0.14539073151115026
6881,202610,0,0.05942200513075451
6882,202610,0,0.15519733566368885
6883,202610,0,0.12954944684573563
6894,202610,0,0.15531463123223602
6899,202610,0,0.057932636681488466
6903,202610,0,0.14103693486127733
6904,202610,1,0.058521471439250204
6908,202610,0,0.16313655582613973
6914,202610,0,0.14083678086621024
6915,202610,0,0.13895435845041054
6917,202610,0,0.13956003781044732
6922,202610,0,0.07537227431765536
6933,202610,0,0.05370820082065403
6944,202610,0,0.13048979751281845
6948,202610,0,0.1394259973598625
6957,202610,0,0.09510219068400258
6962,202610,0,0.11744624357651748
6964,202610,0,0.12306595727631339
6965,202610,0,0.08547854166557296
6979,202610,1,0.14994494130215444
6987,202610,0,0.1218890696592315
6989,202610,0,0.0359036872830738
6991,202610,0,0.11991322088907615
6992,202610,0,0.1170057289658123
7002,202610,1,0.13553639841379622
7007,202610,1,0.1569624511265595
7010,202610,0,0.14656228117554213
7012,202610,0,0.1444979169251146
7019,202610,0,0.12180973875147637
7021,202610,0,0.05844514200078312
7023,202610,0,0.11500251006783967
7033,202610,0,0.06053839962364873
7034,202610,0,0.12462729901184964
7043,202610,0,0.114345968444228
7047,202610,0,0.1207500191996029
7050,202610,0,0.11707381746747576
7052,202610,1,0.14455088924865236
7057,202610,0,0.09945743144530303
7068,202610,1,0.16541256684588607
7069,202610,0,0.0664010258077808
7070,202610,0,0.06841071367755629
7072,202610,0,0.16192027583224242
7078,202610,0,0.14556671731549956
7081,202610,0,0.10132587485528681
7082,202610,0,0.06613098858978089
7088,202610,0,0.13656062510057887
7093,202610,0,0.14565851021283038
7094,202610,1,0.16071538146973982
7100,202610,0,0.16128562065707638
7103,202610,0,0.05428080695276853
7104,202610,0,0.09241044353757426
7109,202610,0,0.04253452200637357
7111,202610,0,0.14224952828396273
7113,202610,0,0.058757733020656205
7119,202610,0,0.11401509793861861
7122,202610,0,0.054386715402672
7134,202610,0,0.2590583545321563
7136,202610,1,0.12691437414913836
7141,202610,0,0.11455384720710232
7143,202610,1,0.14674211686903882
7147,202610,0,0.0691688742339584
7153,202610,0,0.12012346808492437
7155,202610,0,0.1401711300807311
7156,202610,0,0.1327681332254172
7159,202610,1,0.12461763072440574
7163,202610,0,0.24875633765746888
7171,202610,0,0.1566960024975039
7173,202610,0,0.08895740186403672
7177,202610,0,0.13154925638959905
7179,202610,0,0.15466155649892585
7182,202610,1,0.08666046055611618
7184,202610,1,0.10672215987934515
7185,202610,1,0.14741371575180043
7191,202610,0,0.15357397300402179
7196,202610,0,0.1551484143657756
7197,202610,0,0.053255020866287986
7199,202610,0,0.130536966504978
7204,202610,1,0.11944720042018242
7205,202610,0,0.0522543688133389
7209,202610,0,0.06207002011839045
7213,202610,0,0.13746587790174422
7215,202610,0,0.06745023741120652
7216,202610,0,0.09215576436065492
7217,202610,0,0.1396775588286461
7224,202610,0,0.12230721749730267
7229,202610,1,0.24715412361052347
7230,202610,0,0.13777759174513238
7235,202610,0,0.16976489107593243
7237,202610,0,0.1895193352167568
7245,202610,0,0.13179230169141096
7246,202610,0,0.11521151244407454
7252,202610,0,0.06603928561975957
7257,202610,0,0.12156560706926985
7258,202610,0,0.12805833288737206
7261,202610,0,0.10207817567136143
7269,202610,0,0.13583902347761023
7270,202610,0,0.12859411124002498
7274,202610,0,0.06952451870529013
7283,202610,0,0.1517012257705179
7291,202610,0,0.13140808850600455
7299,202610,0,0.1349349604597146
7301,202610,0,0.05221548743956769
7304,202610,0,0.12662539485133534
7311,202610,0,0.14726602336274844
7314,202610,0,0.1515612952778285
7321,202610,1,0.1450063647996197
7324,202610,0,0.11909525061106264
7326,202610,0,0.13512011933486348
7328,202610,0,0.22188362173354137
7332,202610,0,0.13331492998230662
7333,202610,0,0.1534666731551459
7335,202610,0,0.1473246357772043
7336,202610,0,0.06419376898459778
7337,202610,0,0.18523130778422103
7344,202610,0,0.12336744065624348
7348,202610,0,0.13936501739496693
7351,202610,0,0.12184963368058724
7352,202610,0,0.06586632007648192
7361,202610,0,0.13141791207984288
7371,202610,0,0.14405314003130054
7373,202610,0,0.12490716581359355
7374,202610,0,0.15921471647285096
7376,202610,0,0.0936267012599533
7383,202610,0,0.22609046373622818
7390,202610,0,0.06911789215415372
7391,202610,0,0.06864627588212634
7392,202610,0,0.12820392399930897
7395,202610,0,0.0570108380791285
7400,202610,0,0.1457208862742563
7403,202610,0,0.12508886773863487
7404,202610,0,0.12195409342845255
7405,202610,1,0.14488366412624684
7407,202610,0,0.1511120804231651
7412,202610,1,0.14396154963654895
7414,202610,0,0.1206020846171589
7425,202610,1,0.15108100287557089
7429,202610,0,0.12970026547608457
7435,202610,0,0.14541273116919867
7436,202610,0,0.12019896558028785
7438,202610,0,0.11144488945019759
7441,202610,0,0.05832724527664046
7443,202610,0,0.23013349321830243
7444,202610,0,0.1611878878963723
7452,202610,0,0.09173298761599254
7456,202610,0,0.11972455287426917
7462,202610,0,0.07987373702085605
7472,202610,0,0.12921845182051656
7473,202610,1,0.12784002168227476
7482,202610,0,0.1706434461240678
7483,202610,0,0.09953169706846442
7488,202610,0,0.16640994638093298
7489,202610,1,0.13762717313663128
7490,202610,0,0.14870507383999113
7492,202610,0,0.13968778042896446
7497,202610,1,0.11365917412340738
7500,202610,0,0.11702447779466632
7504,202610,0,0.06952352391141237
7507,202610,0,0.13790004444580628
7511,202610,0,0.055637180477249075
7519,202610,0,0.13552331353762725
7520,202610,0,0.25824118840505844
7522,202610,0,0.055457630640052526
7530,202610,0,0.05267346316582088
7534,202610,0,0.1276868769652016
7536,202610,0,0.14979750855723753
7541,202610,0,0.1361924921272794
7543,202610,0,0.05405879729332631
7545,202610,0,0.13107158012299555
7556,202610,0,0.10189956811319446
7558,202610,0,0.1444782152143692
7560,202610,0,0.14196903964121033
7561,202610,0,0.13018932714396672
7571,202610,0,0.12508811137001333
7579,202610,0,0.12958017734683322
7580,202610,0,0.09932695794155752
7581,202610,0,0.12692376371196734
7582,202610,0,0.13436415347375336
7586,202610,0,0.144842987043389
7590,202610,0,0.16300718787099686
7592,202610,0,0.13988339508746248
7594,202610,0,0.12627728233724836
7595,202610,0,0.15093491116662255
7601,202610,0,0.10761972651570842
7602,202610,0,0.13624249837148075
7603,202610,0,0.14634291827127394
7611,202610,0,0.12325351126808065
7617,202610,0,0.03599234513133819
7618,202610,0,0.16298529531215825
7619,202610,0,0.12143230759734923
7621,202610,1,0.14491647170006097
7625,202610,0,0.06248319471695314
7628,202610,0,0.12513528905633478
7630,202610,0,0.051421517273579256
7631,202610,0,0.04972975031611076
7633,202610,0,0.1476305862393216
7634,202610,0,0.11674148812274467
7641,202610,0,0.15268609433229066
7642,202610,0,0.152149467355092
7646,202610,0,0.10198097521934087
7647,202610,1,0.060247103946678184
7648,202610,0,0.13431964708120298
7654,202610,1,0.10790473068622367
7662,202610,0,0.14258603266889447
7666,202610,0,0.10917550648726035
7674,202610,0,0.11015828516444548
7676,202610,0,0.0975759347156476
7677,202610,1,0.12580243259881532
7679,202610,0,0.15089958795322603
7681,202610,0,0.1295330716749973
7686,202610,0,0.05401710816198753
7692,202610,0,0.12877688062645473
7694,202610,0,0.13427297499517152
7696,202610,0,0.1653266209537186
7700,202610,1,0.13410143060837132
7707,202610,0,0.05408211034955741
7708,202610,0,0.0531686195712709
7712,202610,0,0.06506121907682458
7715,202610,0,0.1277393481365991
7716,202610,0,0.06903590950827881
7717,202610,0,0.15469033193191034
7719,202610,0,0.058393917966622966
7723,202610,0,0.06333629629124293
7726,202610,0,0.13950253114555344
7734,202610,0,0.16322628226797553
7739,202610,0,0.0948526177692599
7743,202610,0,0.12764933624504857
7751,202610,0,0.05296756082456851
7752,202610,0,0.1430512550759275
7755,202610,0,0.12826950268046997
7758,202610,0,0.05102843738841999
7761,202610,0,0.11943896416533782
7767,202610,0,0.05368092973523426
7773,202610,0,0.10391417053706109
7779,202610,0,0.08099172118321055
7785,202610,0,0.06919402267146005
7792,202610,0,0.06066914789716249
7800,202610,0,0.13855107088312849
7801,202610,0,0.1315997799312011
7802,202610,0,0.1281517332778362
7804,202610,0,0.10825641239233837
7808,202610,0,0.17431747900310984
7809,202610,1,0.04917324330896438
7811,202610,0,0.12943517032967422
7812,202610,1,0.12287563638818712
7816,202610,0,0.05769754494440151
7822,202610,0,0.07115639438414385
7823,202610,0,0.05752171833844884
7826,202610,0,0.11586470871141322
7832,202610,0,0.12190018322491201
7833,202610,0,0.1407081555619106
7838,202610,0,0.05851880443022492
7839,202610,1,0.13489880473166938
7840,202610,0,0.11241278613011428
7846,202610,1,0.19900969432657462
7849,202610,0,0.14679231116462024
7851,202610,0,0.13436329245130693
7857,202610,0,0.1364606469555544
7877,202610,0,0.05147317429484824
7885,202610,0,0.22798465942105764
7895,202610,1,0.10374763878960128
7900,202610,0,0.12231984350534837
7907,202610,0,0.1364536041422887
7910,202610,0,0.05204560891236574
7914,202610,0,0.1783971436272405
7917,202610,1,0.06704292829234045
7918,202610,0,0.14697733049655554
7919,202610,0,0.07717208623210713
7921,202610,0,0.056634931009219104
7928,202610,0,0.13047427206263093
7933,202610,0,0.14979144862127347
7937,202610,0,0.12918553987344805
7938,202610,1,0.18564252749731364
7941,202610,0,0.08395246496116486
7947,202610,0,0.08307625034991019
7955,202610,0,0.1299779422799012
7956,202610,0,0.14529044057130286
7957,202610,0,0.1251977355235216
7958,202610,1,0.36143126254654123
7964,202610,0,0.13020057483722242
7967,202610,1,0.14324310628608525
7968,202610,0,0.13277864354736643
7971,202610,1,0.12986838364047806
7975,202610,1,0.1533470387688223
7980,202610,0,0.06296370595171388
7983,202610,0,0.14263901142925153
8004,202610,0,0.22764406661423528
8013,202610,1,0.17260195665293224
8016,202610,0,0.1276600571879691
8017,202610,0,0.05545514609989715
8024,202610,0,0.16233937542884255
8028,202610,1,0.1338590272128589
8031,202610,0,0.11217575457545044
8032,202610,0,0.05733441609051897
8035,202610,0,0.11725243713961121
8036,202610,0,0.11853649889156108
8037,202610,0,0.053296886611198656
8052,202610,0,0.13534821421525542
8053,202610,1,0.056266527318950876
8055,202610,0,0.06104735117865642
8059,202610,0,0.1345015752137583
8063,202610,0,0.11409978002355406
8064,202610,0,0.11694022022759956
8068,202610,0,0.12201232054985468
8070,202610,0,0.06257962061397557
8072,202610,0,0.14190761499815893
8073,202610,1,0.14795735473401975
8085,202610,0,0.16137781362070985
8089,202610,0,0.13595621209459544
8097,202610,0,0.04670711982231549
8100,202610,0,0.13487858156486598
8102,202610,0,0.16835657299108092
8105,202610,0,0.06420798804000136
8114,202610,0,0.1131325949346954
8117,202610,0,0.12148649705411207
8120,202610,0,0.12093292811157015
8126,202610,0,0.11860707732060681
8127,202610,1,0.10198228608658887
8128,202610,0,0.06804984894978412
8135,202610,0,0.05823878992503745
8136,202610,0,0.14795085833776675
8137,202610,0,0.14143017499169236
8141,202610,0,0.1354055076585775
8148,202610,0,0.0953660635236401
8169,202610,0,0.05517792353536913
8173,202610,0,0.05547074800850726
8178,202610,0,0.13163522278692738
8179,202610,0,0.22788642860754135
8182,202610,0,0.048955554287619905
8184,202610,0,0.10975394460384634
8186,202610,0,0.1568284857424554
8189,202610,0,0.13767892659157233
8196,202610,0,0.15399567917921544
8204,202610,1,0.12332372607443003
8216,202610,0,0.13544999184573117
8217,202610,1,0.17883473037704004
8219,202610,0,0.1250576625358869
8221,202610,0,0.1273745577792262
8225,202610,1,0.24435864624729373
8227,202610,0,0.06712983065563884
8229,202610,1,0.09393846993490923
8232,202610,0,0.1303127632346509
8245,202610,0,0.12435060491550409
8246,202610,0,0.2534774363135748
8248,202610,0,0.12230139191197403
8249,202610,0,0.14178285678481167
8250,202610,0,0.13663204572647877
8256,202610,0,0.054638675746063736
8258,202610,0,0.15763235229542627
8259,202610,0,0.050461246884820364
8268,202610,0,0.14122696864126502
8270,202610,1,0.14167252274003553
8271,202610,0,0.12357047923205348
8272,202610,0,0.1422452311480311
8273,202610,0,0.13913741221352482
8275,202610,0,0.1357970633622667
8277,202610,0,0.1515602475026714
8281,202610,1,0.1632432317397019
8283,202610,0,0.1367304521639427
8285,202610,0,0.13883656814275683
8288,202610,0,0.06307638084678242
8299,202610,0,0.05252481367313164
8300,202610,0,0.12522027690847967
8301,202610,0,0.0595420266825645
8307,202610,0,0.1537617312129261
8315,202610,0,0.14005275918442994
8324,202610,0,0.12268622608524989
8326,202610,0,0.1256321884132918
8327,202610,1,0.13562922274126293
8328,202610,1,0.15931336168247995
8334,202610,1,0.1299149354688371
8351,202610,0,0.05969272514728044
8367,202610,0,0.06968837724668221
8368,202610,0,0.15772616312736185
8371,202610,0,0.17448600471163966
8383,202610,0,0.12682666665165365
8386,202610,0,0.15791046793864258
8389,202610,0,0.10934260213173715
8402,202610,0,0.054516369338697926
8404,202610,0,0.12951208679773413
8409,202610,1,0.14256767133714582
8416,202610,1,0.14073973124184597
8417,202610,0,0.1322019048741092
8419,202610,0,0.13267363109466374
8420,202610,1,0.16726305689361823
8421,202610,0,0.1502272695996527
8422,202610,0,0.0562409487626705
8425,202610,0,0.15978555603964745
8429,202610,0,0.12011510723130515
8433,202610,0,0.14686108780888438
8436,202610,1,0.1420564344336619
8437,202610,0,0.11346055564205008
8440,202610,0,0.053407209512754454
8446,202610,1,0.1586069522680349
8455,202610,0,0.15265878347135756
8462,202610,0,0.15614484245563232
8471,202610,0,0.14808349943748417
8479,202610,0,0.16797656811123612
8482,202610,0,0.06072269416985452
8485,202610,0,0.14449242688749614
8489,202610,0,0.06516056990613919
8490,202610,0,0.05306866972284084
8492,202610,0,0.04655989555044652
8496,202610,0,0.13428439375251436
8497,202610,0,0.12692806429382014
8498,202610,0,0.12902473159209013
8500,202610,0,0.14638074640064044
8501,202610,0,0.15309213827918305
8508,202610,0,0.15045011277180248
8512,202610,0,0.1707722551246611
8519,202610,0,0.14185269170722628
8522,202610,0,0.17133845105381593
8536,202610,0,0.062597584398843
8545,202610,0,0.13013958150854368
8546,202610,0,0.12827889420844538
8554,202610,0,0.13517061076597012
8556,202610,0,0.12398738453706948
8557,202610,0,0.1417773632495243
8559,202610,0,0.1406793804103591
8560,202610,0,0.12858122365372934
8563,202610,0,0.12561847389888603
8565,202610,0,0.14887231427054987
8574,202610,0,0.11853762041083166
8578,202610,0,0.06375792718995446
8585,202610,0,0.05137504528921474
8599,202610,1,0.21625519972184476
8602,202610,0,0.1574733836004174
8605,202610,0,0.11295385284363817
8609,202610,0,0.12075054357302642
8610,202610,1,0.12421895021467853
8614,202610,0,0.0847256476260954
8619,202610,0,0.14075412797969447
8621,202610,1,0.11039776343701718
8629,202610,0,0.1388551334587833
8632,202610,0,0.14020079915993852
8635,202610,0,0.06000371579684021
8639,202610,0,0.05180865766472768
8642,202610,0,0.05188662756483552
8643,202610,0,0.13640260251921626
8649,202610,0,0.1494441384864209
8655,202610,0,0.14499616232731208
8657,202610,0,0.12592667333267424
8662,202610,0,0.11954049557624712
8663,202610,0,0.13590123950936703
8666,202610,0,0.14905573524293553
8674,202610,0,0.056990647000791414
8676,202610,0,0.13974470606692568
8680,202610,1,0.14405961622538957
8686,202610,0,0.14242038036969928
8691,202610,0,0.11206610495696269
8701,202610,0,0.13815432927310975
8702,202610,0,0.13509383112046314
8705,202610,1,0.1518534025707175
8714,202610,0,0.060867817991217085
8716,202610,1,0.12530704817436394
8718,202610,0,0.13007852569280726
8731,202610,0,0.13317632754278377
8736,202610,0,0.13045714996740337
8738,202610,0,0.14319515564527582
8745,202610,0,0.04634133190103994
8749,202610,0,0.11812785098439225
8754,202610,0,0.15070237477977197
8755,202610,0,0.12867420854621164
8760,202610,0,0.12428471007810624
8762,202610,0,0.05951143633795861
8767,202610,0,0.06080601239957184
8768,202610,0,0.13997912641134522
8769,202610,0,0.05059765743006607
8770,202610,1,0.12061413928581488
8771,202610,0,0.13208162264854517
8772,202610,1,0.12474855467571117
8781,202610,0,0.06110873343214749
8782,202610,1,0.11350472232455398
8789,202610,0,0.1351604521883066
8795,202610,0,0.11361954016199875
8796,202610,0,0.05692606923212574
8807,202610,1,0.14150384322518397
8811,202610,0,0.12704847651781037
8815,202610,0,0.15253439727856197
8820,202610,0,0.12208736839447935
8821,202610,1,0.060136195959867134
8825,202610,0,0.1379351330374651
8832,202610,0,0.1142468312682189
8839,202610,0,0.07520240773826267
8841,202610,0,0.14119481785123777
8844,202610,0,0.13393450032749993
8848,202610,0,0.12853565757446045
8849,202610,0,0.06818581255780026
8856,202610,0,0.14071739655057794
8865,202610,0,0.1188714071061674
8874,202610,0,0.14747126990519907
8875,202610,0,0.11820909616242183
8879,202610,0,0.06691924057169066
8882,202610,0,0.11817045572613767
8885,202610,0,0.13427375856615067
8892,202610,0,0.13917571483830649
8897,202610,0,0.12978613966719332
8899,202610,1,0.14926913092625224
8905,202610,0,0.06284741506916877
8911,202610,1,0.15185971116714184
8912,202610,1,0.12674370017778006
8921,202610,0,0.05539390191765459
8926,202610,0,0.1202446739388571
8928,202610,0,0.12400441630607575
8930,202610,1,0.1353287030050024
8935,202610,0,0.13019547307606236
8939,202610,0,0.05519364074547497
8941,202610,0,0.15270545247534953
8942,202610,0,0.04384755655023429
8949,202610,0,0.10157612207610417
8951,202610,0,0.05996025651067963
8954,202610,0,0.13859534320978328
8958,202610,0,0.12380177397855528
8964,202610,0,0.068601648719933
8972,202610,0,0.05470941072859029
8978,202610,0,0.14556810855034694
8979,202610,0,0.07158490030771623
8980,202610,1,0.14778952154005123
8983,202610,1,0.15194477544139004
8988,202610,0,0.1575869448847302
8997,202610,0,0.1324187177438123
8998,202610,0,0.05352923545817072
8999,202610,0,0.1458683408512953
9005,202610,1,0.15548254633061043
9006,202610,0,0.05763031265540478
9008,202610,0,0.14651604704400878
9012,202610,0,0.15193874016146403
9024,202610,0,0.11521628110234818
9026,202610,0,0.1256048382259386
9030,202610,0,0.1529925134227738
9034,202610,0,0.05350180347041936
9036,202610,0,0.16609105333737112
9038,202610,0,0.05927203211440761
9040,202610,0,0.14566871500956002
9041,202610,0,0.07919555502713987
9042,202610,0,0.06501107976858035
9046,202610,0,0.06288964750253859
9049,202610,0,0.056316187590855764
9051,202610,0,0.15625495172976303
9054,202610,0,0.15758159651907647
9057,202610,0,0.059189905782224966
9062,202610,0,0.057229175363589214
9072,202610,0,0.13390332211017053
9075,202610,0,0.11853577588127949
9079,202610,0,0.1412639318222014
9081,202610,0,0.06660714237122031
9086,202610,1,0.22917886033243492
9090,202610,1,0.11312736089645646
9091,202610,0,0.10979049687220374
9099,202610,1,0.07199279676058168
9110,202610,0,0.061374654594551284
9113,202610,0,0.15399086858031064
9116,202610,0,0.12595201765949976
9120,202610,0,0.05344088705242097
9126,202610,0,0.15513841511487356
9133,202610,0,0.10379946523019151
9135,202610,0,0.1476240782404478
9144,202610,0,0.10967159504771673
9146,202610,0,0.1419408429925984
9153,202610,0,0.11706430212456484
9155,202610,0,0.0526032616924389
9160,202610,0,0.08323595370898561
9165,202610,0,0.14435652359746456
9172,202610,0,0.14905093763311886
9174,202610,0,0.05546225833067665
9179,202610,0,0.09863842774056668
9180,202610,0,0.12170250444210232
9192,202610,0,0.21095994871934334
9194,202610,0,0.05634038761522167
9195,202610,0,0.220208643996575
9199,202610,0,0.11768654151315035
9204,202610,0,0.10353030991621191
9205,202610,0,0.05079199259377031
9210,202610,0,0.12527049346876118
9216,202610,1,0.1618929790267779
9219,202610,0,0.12970757587567366
9225,202610,1,0.06150980341946627
9227,202610,0,0.12629433875647722
9228,202610,0,0.12845444893874042
9233,202610,0,0.15151749556038252
9235,202610,0,0.1388517145363928
9237,202610,0,0.056019993501263854
9239,202610,0,0.05702965309959854
9240,202610,0,0.048408357362127924
9241,202610,0,0.23386482896466024
9242,202610,0,0.11429298035719576
9246,202610,0,0.06061253646218855
9248,202610,0,0.14368835135820698
9253,202610,0,0.1257210560530466
9254,202610,0,0.14638097908693376
9260,202610,0,0.11341934568845195
9261,202610,0,0.0533224392009779
9262,202610,0,0.12447602675832492
9263,202610,0,0.18321312083366623
9266,202610,0,0.24719079060822163
9268,202610,0,0.10982905564125645
9275,202610,0,0.06013949654483376
9278,202610,0,0.1396973668570493
9287,202610,0,0.14074843484265037
9288,202610,0,0.12538309804357475
9292,202610,0,0.13967731280381326
9308,202610,0,0.14087283226830136
9309,202610,0,0.1627545198222318
9310,202610,0,0.15913067422140417
9312,202610,0,0.09129045656267748
9314,202610,0,0.06181584424679109
9316,202610,0,0.060152952841037735
9318,202610,0,0.12499490952294713
9322,202610,0,0.15397795823083799
9325,202610,0,0.1766018960129164
9326,202610,1,0.15756598178236966
9327,202610,0,0.13567537066780452
9336,202610,0,0.10572268461982763
9340,202610,0,0.1513937390411717
9342,202610,0,0.14734181798514573
9346,202610,0,0.12079235049126039
9351,202610,0,0.21240467108570937
9355,202610,0,0.14395088521466703
9357,202610,0,0.11779445205614272
9358,202610,0,0.1581495700144558
9363,202610,0,0.13198050787650212
9365,202610,0,0.1369329057282285
9371,202610,0,0.11499438605275983
9372,202610,0,0.11936064964805217
9374,202610,0,0.06578542096165844
9378,202610,0,0.2077219141731229
9383,202610,1,0.11725465662340616
9385,202610,0,0.07429520430383854
9386,202610,0,0.14816142939831084
9413,202610,0,0.06396540858070908
9418,202610,0,0.1404807817485563
9420,202610,0,0.12883100009250642
9421,202610,1,0.14511173349998177
9422,202610,0,0.06056318858562527
9423,202610,0,0.12133302866544152
9425,202610,0,0.1339177438566269
9426,202610,0,0.15874586058925133
9434,202610,0,0.14815845735274652
9436,202610,0,0.10483955899378647
9439,202610,0,0.06586933121017244
9442,202610,0,0.056110569196513436
9446,202610,0,0.05462865099090358
9455,202610,1,0.14434706054940827
9457,202610,0,0.14283925875460687
9460,202610,0,0.15315039751764972
9461,202610,0,0.13578755951291344
9467,202610,0,0.12953253142017956
9472,202610,0,0.12472617917978109
9473,202610,0,0.1762639404152537
9483,202610,0,0.10078022258825498
9485,202610,0,0.13088405787516433
9492,202610,0,0.07575602059642672
9500,202610,0,0.130539724736131
9501,202610,1,0.2316093017558998
9507,202610,0,0.1477565296592649
9513,202610,0,0.07528557649913818
9514,202610,0,0.163643045241845
9516,202610,0,0.14144413717549906
9520,202610,0,0.10148105450378256
9524,202610,1,0.12430541062839902
9532,202610,0,0.1201358846393654
9542,202610,0,0.12793784154849636
9544,202610,0,0.2367605722384253
9548,202610,0,0.15428695347245136
9553,202610,0,0.1415516545065697
9554,202610,1,0.12356755035299621
9556,202610,0,0.06190406041402248
9558,202610,0,0.1498410970175589
9559,202610,0,0.1494624495977287
9565,202610,0,0.1458905916085967
9571,202610,0,0.13123906367223886
9575,202610,0,0.14249474914232613
9576,202610,1,0.15866158950531906
9587,202610,0,0.13198979095659252
9602,202610,0,0.18244461332273296
9609,202610,0,0.061256478086040844
9612,202610,1,0.17433508467724684
9618,202610,0,0.09393888960677915
9622,202610,0,0.1399597621355048
9624,202610,0,0.12517640485762016
9633,202610,0,0.14127126298993745
9648,202610,0,0.13091151248001964
9658,202610,0,0.13681403186393296
9668,202610,0,0.12349654264089782
9673,202610,1,0.12871474744954745
9702,202610,0,0.0521765019382914
9705,202610,0,0.13676902857222017
9706,202610,0,0.052242401339356107
9707,202610,0,0.1602019501072384
9708,202610,0,0.08223916294349985
9709,202610,0,0.06723597488776674
9710,202610,0,0.14345870562252902
9720,202610,1,0.13035267898078254
9726,202610,0,0.14887769372731444
9736,202610,1,0.2512848575336388
9740,202610,1,0.1303392688911984
9753,202610,0,0.06439115158817725
9756,202610,1,0.13863374914863041
9757,202610,0,0.0942793092058614
9761,202610,0,0.05441398812266516
9765,202610,0,0.19233243441247003
9768,202610,0,0.1691806657227092
9769,202610,0,0.14431874885412127
9775,202610,0,0.058418561941009244
9778,202610,0,0.1397553715026149
9787,202610,0,0.14348902518613926
9788,202610,0,0.09286175948839474
9789,202610,0,0.16284172456579793
9791,202610,1,0.11658790046506604
9792,202610,0,0.12982801727112064
9793,202610,0,0.12395275928441857
9795,202610,1,0.06180173087444911
9815,202610,0,0.11486442441460804
9816,202610,0,0.059784604036511146
9822,202610,0,0.060873139119206866
9823,202610,0,0.14163142920843622
9827,202610,0,0.11743479800808806
9835,202610,0,0.1392527793578633
9840,202610,0,0.05116095908352733
9841,202610,0,0.1391140280896889
9849,202610,0,0.139602926007022
9853,202610,0,0.1254652072163678
9856,202610,1,0.09676385854143556
9864,202610,1,0.1411236279190571
9867,202610,1,0.15294155456787026
9869,202610,0,0.061680280749599935
9873,202610,0,0.058155226593037124
9879,202610,1,0.13038756649613875
9881,202610,0,0.04143992808460111
9892,202610,0,0.14014596018334224
9898,202610,0,0.12426173575003735
9899,202610,0,0.13955105533341802
9915,202610,0,0.12591447551934626
9922,202610,1,0.14347059529619172
9925,202610,0,0.11615935230137554
9936,202610,0,0.15413287315110333
9940,202610,0,0.13030316786052953
9941,202610,0,0.05319451442229093
9942,202610,1,0.15611148350406645
9947,202610,0,0.05288721915832468
9953,202610,0,0.10299598968734502
9957,202610,0,0.11670977111611243
9962,202610,0,0.052741361974077125
9963,202610,0,0.12103425905000433
9964,202610,0,0.15588493275391893
9965,202610,0,0.14576715140725013
9966,202610,1,0.14833767879454177
9968,202610,0,0.14435474120642974
9971,202610,0,0.09809074198634939
9973,202610,0,0.15164527863384844
9980,202610,0,0.05601530083606276
9983,202610,1,0.14911087222955452
9985,202610,0,0.06376312138841983
10002,202610,0,0.17398215118459498
10003,202610,1,0.12573501458947053
10005,202610,0,0.0582969095710739
10007,202610,0,0.12405350395431422
10009,202610,0,0.16958344856370405
10010,202610,0,0.1581563714575168
10013,202610,0,0.1438453398562237
10014,202610,0,0.056188462901137125
10017,202610,0,0.12511098795943337
10023,202610,1,0.10771868205401998
10024,202610,0,0.14029652256176844
10028,202610,0,0.1081188122737809
10030,202610,0,0.0905909204576975
10037,202610,0,0.1564421837117342
10046,202610,0,0.10531568522809649
10051,202610,0,0.11084082950870396
10063,202610,0,0.12019719023744856
10065,202610,0,0.11420360980161963
10067,202610,0,0.12388023348879848
10069,202610,0,0.21914034626880005
10073,202610,0,0.058207821448704455
10074,202610,0,0.09318705922754122
10079,202610,1,0.04637367900499764
10096,202610,0,0.05886387953257142
10099,202610,0,0.06399602845384934
10100,202610,0,0.06667926559917452
10101,202610,0,0.14261730525824975
10103,202610,0,0.06252646313213271
10105,202610,1,0.14707579967012338
10107,202610,1,0.14355242888957848
10110,202610,0,0.17060759897335645
10112,202610,1,0.06160491232184854
10113,202610,0,0.1388236119574865
10116,202610,0,0.0534392031971857
10124,202610,0,0.1609813726013834
10127,202610,0,0.10840351617316861
10129,202610,0,0.16806423787194508
10139,202610,0,0.1582636050754004
10140,202610,0,0.1787045347431661
10145,202610,0,0.24076156381486885
10149,202610,0,0.1164616477243146
10150,202610,0,0.13468949552450216
10151,202610,0,0.1787405876108823
10164,202610,0,0.12937752270419578
10165,202610,0,0.049169966676059385
10166,202610,0,0.05183782671984503
10168,202610,0,0.1266510628767946
10174,202610,0,0.09845532570466368
10183,202610,1,0.14658728913701252
10186,202610,0,0.07524976572943315
10189,202610,0,0.1328528159084338
10192,202610,0,0.14382525074140756
10193,202610,0,0.13398432217075765
10197,202610,0,0.05687511559752387
10201,202610,0,0.13882191748287037
10206,202610,0,0.14850821003395084
10210,202610,1,0.1200756650112566
10211,202610,0,0.11465579254994002
10216,202610,0,0.12997433611182507
10224,202610,0,0.1219021213734461
10234,202610,0,0.1614626572863941
10236,202610,0,0.11950690534664989
10239,202610,0,0.17407072328756387
10245,202610,0,0.13448892366097806
10247,202610,0,0.06169695570529325
10250,202610,0,0.05742875675502168
10253,202610,0,0.13779911837470957
10254,202610,0,0.12061822070109345
10263,202610,0,0.15040275517284496
10264,202610,0,0.16583395843835852
10265,202610,0,0.12952172775786489
10275,202610,0,0.051967755035740075
10279,202610,1,0.06346104947057017
10280,202610,0,0.12269323787975116
10283,202610,1,0.3354162717442663
10286,202610,0,0.14769804270854672
10287,202610,0,0.1763064981402978
10293,202610,0,0.1332251744285844
10294,202610,0,0.11675029798577076
10303,202610,0,0.05580778375946648
10306,202610,1,0.14558190592217304
10308,202610,0,0.14360098635925847
10311,202610,0,0.12710760692034034
10318,202610,0,0.14272120236425442
10322,202610,1,0.05338129067288427
10323,202610,0,0.15901618335602413
10324,202610,0,0.1025746364051669
10327,202610,0,0.11560706440805381
10330,202610,0,0.12983748398147446
10331,202610,0,0.11743258554003566
10333,202610,0,0.048337906496739164
10334,202610,0,0.1479046720521782
10335,202610,0,0.14414916528614777
10338,202610,0,0.1456271227229669
10339,202610,0,0.1235025566008245
10346,202610,0,0.18494944810502473
10348,202610,0,0.053611298179387555
10354,202610,0,0.24273390382433385
10356,202610,0,0.10645624537695868
10367,202610,0,0.06919179477358729
10375,202610,0,0.12982571975865737
10384,202610,0,0.14396304994223091
10386,202610,0,0.05369610193078285
10389,202610,0,0.1245774994089631
10393,202610,0,0.11722881720456928
10396,202610,1,0.11901142497234637
10404,202610,0,0.1290002889526094
10408,202610,0,0.06139641988418394
10415,202610,1,0.129341959725876
10416,202610,0,0.10784736771704453
10419,202610,1,0.078248578791942
10429,202610,0,0.15328273560046687
10431,202610,1,0.15948182680250572
10434,202610,0,0.1541725312661892
10435,202610,0,0.10674471065501705
10441,202610,0,0.2094007218520586
10442,202610,1,0.25911288165949076
10448,202610,0,0.17049333834699112
10449,202610,0,0.07031993506961101
10452,202610,0,0.05427402981708014
10453,202610,0,0.13345652104225797
10454,202610,0,0.1319771867460331
10455,202610,1,0.06650874528476972
10461,202610,0,0.11781552685029163
10462,202610,0,0.05293218883705415
10472,202610,0,0.05693528073751726
10474,202610,0,0.160390876738582
10476,202610,0,0.14725448164478516
10478,202610,0,0.04711149839135877
10483,202610,0,0.09050304711023481
10485,202610,0,0.14516557058026647
10492,202610,0,0.13133855454982357
10493,202610,0,0.15065577539717684
10499,202610,0,0.06969547895042055
10501,202610,0,0.03961883545998428
10503,202610,0,0.12091406321529374
10506,202610,1,0.12159580266837022
10509,202610,0,0.12406674853171117
10512,202610,0,0.1340920956136369
10513,202610,0,0.10763769402348526
10516,202610,0,0.12984318854420437
10517,202610,0,0.12008221055452473
10523,202610,0,0.16417599371199873
10525,202610,0,0.13082075771132431
10529,202610,0,0.12120586438273127
10532,202610,0,0.13999173334499018
10537,202610,0,0.13027625178323815
10541,202610,0,0.12072212456505893
10545,202610,0,0.10908635370219302
10547,202610,0,0.13902383979871938
10548,202610,0,0.11916976193251569
10552,202610,0,0.0555827422756288
10554,202610,0,0.14410952277706937
10557,202610,0,0.14636936781213938
10564,202610,0,0.13846394247820676
10566,202610,0,0.11597109248548014
10574,202610,0,0.0491884545284045
10591,202610,0,0.12354838786058946
10593,202610,1,0.1244710386852806
10596,202610,0,0.15179126000919982
10600,202610,0,0.1738176946911839
10601,202610,0,0.06567503828111995
10606,202610,0,0.05677516448137221
10611,202610,0,0.11427700301046026
10619,202610,0,0.1421033598854928
10620,202610,1,0.17036912209389893
10622,202610,0,0.05069373891636391
10626,202610,0,0.1273919796254713
10629,202610,0,0.06935894047292325
10630,202610,0,0.15038688287888777
10631,202610,0,0.14829829515077378
10633,202610,0,0.06111892240156484
10638,202610,0,0.13377253854480467
10639,202610,0,0.17276979453550706
10640,202610,0,0.07632896288259045
10641,202610,0,0.05020646793287485
10647,202610,1,0.11870775788681735
10651,202610,1,0.13207439425553508
10657,202610,0,0.13672230151186854
10661,202610,0,0.13181229089309884
10663,202610,0,0.12359976284653351
10664,202610,0,0.13788638142278933
10667,202610,0,0.12675048977620493
10671,202610,0,0.14132002421185735
10672,202610,0,0.11884864187706806
10675,202610,0,0.14441750347205032
10679,202610,0,0.14487889293805414
10680,202610,1,0.1559537735573295
10681,202610,0,0.12774570313239478
10682,202610,0,0.14916767711533607
10683,202610,0,0.04815863756389463
10688,202610,0,0.11619035742108125
10689,202610,0,0.12060756964014266
10693,202610,1,0.12659554923291275
10701,202610,0,0.14783109450148701
10704,202610,0,0.1504694973075178
10709,202610,0,0.16382405588204915
10711,202610,0,0.15616287948739782
10713,202610,0,0.12144752993694595
10715,202610,0,0.13222625664348042
10716,202610,0,0.15633640746579627
10718,202610,0,0.059632003998190915
10721,202610,0,0.13386615455691953
10724,202610,0,0.13075423703340452
10730,202610,0,0.12978463138309734
10731,202610,0,0.06725985272857465
10733,202610,0,0.12736784545859092
10734,202610,0,0.16233398987865943
10737,202610,0,0.1411819838285993
10744,202610,0,0.03789617484422983
10745,202610,1,0.1397690346986377
10750,202610,0,0.10195813152014953
10756,202610,1,0.12224612434346098
10762,202610,0,0.13394381557692614
10770,202610,0,0.11048253916110787
10774,202610,1,0.11511451665114
10776,202610,0,0.13566573325197395
10777,202610,1,0.3308871353520457
10780,202610,0,0.056355858181802845
10782,202610,0,0.2428421716733153
10783,202610,0,0.11608345445238899
10789,202610,0,0.13914251829420812
10791,202610,0,0.14535319508593553
10793,202610,0,0.1546567622940249
10795,202610,0,0.16230063857802063
10807,202610,0,0.12213629801131076
10813,202610,0,0.11726074602839248
10815,202610,0,0.12078514097188332
10816,202610,1,0.12514003327477935
10817,202610,0,0.12638027192399093
10819,202610,0,0.11891410412316078
10824,202610,0,0.1428530656195113
10828,202610,0,0.1573375659698031
10829,202610,0,0.15545968617800665
10830,202610,0,0.06750237222044608
10832,202610,0,0.13654064905807145
10836,202610,0,0.1484707187601723
10839,202610,0,0.1425318351168658
10843,202610,0,0.12396208196306696
10844,202610,0,0.10737965656541495
10852,202610,0,0.15439572418998218
10860,202610,1,0.06373739045764211
10862,202610,1,0.25232793125872177
10866,202610,0,0.2400655911370758
10871,202610,0,0.11490875961097506
10872,202610,0,0.12434885286925933
10873,202610,0,0.05156937822662104
10878,202610,0,0.21455431660270338
10887,202610,1,0.11721847447594458
10888,202610,1,0.263012159957043
10889,202610,0,0.06317027709730887
10892,202610,0,0.13833591879916954
10895,202610,0,0.15614412229612465
10899,202610,0,0.16737820536898573
10901,202610,0,0.1438332239266621
10904,202610,0,0.1545846302368269
10907,202610,0,0.10412977149844964
10910,202610,0,0.12054977807333198
10911,202610,0,0.10773164664231275
10917,202610,0,0.11570999771337323
10918,202610,1,0.1117998077889245
10920,202610,0,0.1306032173610882
10921,202610,0,0.050768259076333005
10922,202610,0,0.06672293417775124
10928,202610,1,0.053851703755793276
10929,202610,0,0.05766686103882654
10930,202610,0,0.04267919328638269
10933,202610,0,0.14458612702530682
10934,202610,0,0.047590710773463205
10938,202610,1,0.1399033282159609
10939,202610,0,0.14576077358908585
10942,202610,0,0.05338836802485213
10943,202610,0,0.05404995421037073
10945,202610,0,0.15673710960940265
10946,202610,0,0.12565545041561557
10949,202610,0,0.08589852523231327
10951,202610,0,0.11895245606809444
10952,202610,0,0.1396776974539587
10953,202610,0,0.05479089751151018
10955,202610,0,0.06062328217853886
10956,202610,0,0.15327239089292388
10959,202610,0,0.16116969513589377
10963,202610,0,0.11097891858695515
10965,202610,0,0.11529796003128572
10971,202610,0,0.06609634240412592
10975,202610,0,0.1360713698414749
10979,202610,0,0.10661543840392908
10980,202610,1,0.05598496637715279
10983,202610,0,0.13019015986856694
10984,202610,0,0.1364030953942653
10989,202610,0,0.062492645866432356
10992,202610,0,0.11750185019235188
10996,202610,0,0.23032387077838726
11001,202610,0,0.05509646328530003
11003,202610,0,0.05720098420053686
11004,202610,0,0.06723206691429526
11005,202610,1,0.21023324615084724
11008,202610,0,0.055183213433301646
11013,202610,0,0.25095488076623296
11016,202610,0,0.055509230132300434
11017,202610,0,0.05191842562561822
11018,202610,0,0.13438836133858212
11021,202610,0,0.18438007056540853
11023,202610,1,0.05736767046109628
11028,202610,0,0.2118773503079198
11032,202610,1,0.15996523491513903
11034,202610,0,0.12941053465255267
11035,202610,0,0.05977072760282969
11036,202610,0,0.07475606681625593
11040,202610,0,0.14476074063948802
11041,202610,0,0.09905961931677718
11043,202610,0,0.13508192648156014
11047,202610,0,0.1735088196914595
11056,202610,0,0.15936784131123488
11058,202610,0,0.13354894674198176
11059,202610,0,0.08552888316749753
11060,202610,0,0.0993936328314631
11064,202610,0,0.15617249233102226
11066,202610,0,0.06129816557415963
11068,202610,1,0.1707807163214614
11069,202610,0,0.12119865961817038
11071,202610,0,0.12752147271996855
11072,202610,0,0.12227290876399644
11077,202610,0,0.12505747732714656
11078,202610,0,0.21366917419992446
11079,202610,1,0.1276641179686031
11080,202610,0,0.10796773840790275
11092,202610,0,0.12207962204166957
11093,202610,0,0.15850608221738263
11097,202610,0,0.05447714209991366
11098,202610,0,0.14206698342566712
11104,202610,1,0.06116167018957152
11113,202610,0,0.14873914903372706
11114,202610,0,0.11560562517543588
11117,202610,0,0.13327051938364357
11120,202610,1,0.12689562054923736
11121,202610,0,0.0695079071387793
11124,202610,0,0.14144137100623577
11126,202610,0,0.13384043718835437
11131,202610,0,0.13579518365716461
11143,202610,0,0.14830618783367377
11144,202610,1,0.18506815336778995
11146,202610,0,0.09489326493603394
11148,202610,0,0.11319503537421789
11154,202610,0,0.12937398543932577
11156,202610,1,0.04405194696097451
11157,202610,1,0.20688643585579616
11164,202610,0,0.13310120765934105
11172,202610,0,0.12782903912760246
11173,202610,0,0.05379734395184564
11174,202610,0,0.11205052834897004
11175,202610,0,0.129594019180893
11179,202610,0,0.11712396731367615
11180,202610,0,0.15694418190017587
11184,202610,0,0.06836597358837464
11188,202610,0,0.12149432334338725
11189,202610,0,0.06424811635476581
11190,202610,0,0.10170002484433072
11192,202610,0,0.1581262831630815
11197,202610,0,0.0524090843353678
11198,202610,0,0.2698764687208836
11201,202610,0,0.1533213310125203
11204,202610,0,0.14647851273684565
11211,202610,0,0.12742056893898213
11212,202610,0,0.1293948741440731
11217,202610,0,0.13967250910805057
11218,202610,0,0.14909680271242245
11219,202610,0,0.14081259574621896
11227,202610,0,0.13192783921730084
11241,202610,0,0.14426662722310496
11247,202610,1,0.2138417832513979
11251,202610,0,0.06752396696616288
11254,202610,0,0.066478216182174
11260,202610,0,0.0779897191302063
11264,202610,0,0.11532778546044455
11271,202610,0,0.07620486079405848
11273,202610,0,0.06409341621501435
11274,202610,0,0.13983317145489807
11276,202610,0,0.04668518676529889
11278,202610,0,0.04769000226104889
11282,202610,0,0.1554526668474159
11283,202610,0,0.125115962969123
11291,202610,0,0.1322128850383613
11293,202610,0,0.13528389760655574
11302,202610,0,0.14350631240696576
11304,202610,0,0.05938028709160585
11305,202610,0,0.14839622693833018
11307,202610,1,0.1353881478324829
11315,202610,0,0.15418916964781526
11321,202610,0,0.10637520820514336
11324,202610,1,0.11820322494998499
11325,202610,0,0.1475153270947435
11326,202610,1,0.12906130470965702
11335,202610,0,0.13457550117515743
11341,202610,0,0.11153083708712158
11343,202610,0,0.12694573137429704
11344,202610,0,0.15824162372995948
11350,202610,0,0.20810090134807735
11361,202610,0,0.14002465034827383
11369,202610,1,0.24383692895667422
11375,202610,0,0.14411129167089856
11377,202610,0,0.05654224793264656
11379,202610,0,0.15513825467151365
11380,202610,0,0.1360994827247016
11381,202610,0,0.22892480346372704
11391,202610,0,0.12695905264736532
11393,202610,0,0.12842098475382407
11394,202610,0,0.1582185893035066
11398,202610,0,0.15339520123897843
11399,202610,0,0.1350634432079491
11401,202610,1,0.152030361915897
11408,202610,0,0.11880605607343694
11412,202610,0,0.13362626994360813
11420,202610,0,0.1341443873869044
11421,202610,0,0.1620605006258461
11422,202610,1,0.05755305416170319
11426,202610,1,0.20408225017320092
11430,202610,0,0.0553454476583771
11434,202610,0,0.14405527996718354
11437,202610,0,0.12005561390109183
11446,202610,0,0.21440773540585067
11447,202610,0,0.1538189714759038
11471,202610,0,0.1073137879935863
11472,202610,0,0.13704937232076575
11475,202610,0,0.05866178050324121
11477,202610,1,0.13016309053326558
11478,202610,1,0.11956661565018158
11483,202610,0,0.12378631158144082
11492,202610,0,0.12455809932357821
11495,202610,0,0.1560993032649866
11497,202610,0,0.13023834353229363
11498,202610,0,0.08655128918383505
11502,202610,0,0.12358665724116621
11504,202610,0,0.22153587248999565
11508,202610,1,0.13831787475202206
11509,202610,1,0.1591128844231375
11511,202610,0,0.21769124557496736
11512,202610,0,0.1144138797631983
11514,202610,0,0.05749992360904294
11522,202610,0,0.1487049515206526
11524,202610,0,0.1482179410455174
11533,202610,0,0.14876255377605416
11534,202610,0,0.0904447589503776
11538,202610,0,0.06260165050381028
11541,202610,0,0.12288982128786698
11542,202610,0,0.12317351966327923
11545,202610,1,0.14961594419777235
11546,202610,0,0.15322623183570275
11547,202610,0,0.12013635503584143
11548,202610,0,0.09171160390845734
11560,202610,0,0.14923689681247465
11566,202610,0,0.162120992970437
11572,202610,0,0.13200828358140473
11574,202610,0,0.109343885884529
11576,202610,0,0.1276934654583035
11577,202610,0,0.05225659771055259
11580,202610,0,0.1346408984543921
11598,202610,0,0.046364592972207505
11602,202610,1,0.11154370132138852
11603,202610,0,0.10655988187778477
11606,202610,1,0.1146272999956974
11612,202610,1,0.13889241924998982
11613,202610,0,0.1356115547658199
11614,202610,0,0.14474291554755053
11620,202610,0,0.12309219108731932
11621,202610,0,0.14903583650966032
11622,202610,0,0.050230073561480564
11623,202610,1,0.12899381117735453
11624,202610,1,0.13599340360353773
11626,202610,0,0.0756305840663035
11630,202610,0,0.14962542506045878
11636,202610,0,0.13779252857974647
11637,202610,0,0.05993572684908794
11639,202610,0,0.09457291473562113
11643,202610,0,0.2563475855520933
11644,202610,1,0.12083875179309196
11645,202610,1,0.2551787527763048
11647,202610,0,0.15697866676773684
11653,202610,0,0.12223243000871634
11654,202610,0,0.07446339741011736
11655,202610,1,0.12040255203072091
11660,202610,0,0.12226443402509943
11661,202610,0,0.10842320320062585
11664,202610,0,0.1494501499669611
11667,202610,0,0.1432902076942868
11679,202610,0,0.10160777107680276
11687,202610,0,0.14628615882181636
11691,202610,0,0.055879751462939074
11696,202610,0,0.11302405258134687
11699,202610,1,0.30883776637989013
11700,202610,0,0.14323653710710174
11702,202610,0,0.16150079854204594
11703,202610,0,0.054661652133762784
11705,202610,0,0.1467365758732921
11711,202610,0,0.13667728764690118
11716,202610,0,0.11996033155295499
11717,202610,0,0.17073991709327443
11719,202610,0,0.16188731345658647
11722,202610,0,0.060077790120777005
11724,202610,0,0.1180553732657019
11728,202610,0,0.141340836592621
11736,202610,0,0.12758667839734633
11737,202610,0,0.10078317467362115
11738,202610,0,0.12252624140833998
11744,202610,0,0.1269004735529663
11747,202610,0,0.06111375364045551
11753,202610,0,0.0727988540344468
11757,202610,0,0.14487004714305335
11758,202610,0,0.06329819321747797
11760,202610,0,0.08595410700745662
11761,202610,0,0.3435861163018035
11762,202610,0,0.1144229758028051
11764,202610,0,0.1332128091304161
11768,202610,0,0.059080235846725185
11773,202610,0,0.07635711029514962
11774,202610,0,0.17319137014601607
11783,202610,0,0.08591035069770736
11785,202610,0,0.11077549439227657
11787,202610,0,0.13965612032862562
11788,202610,0,0.13608551354591708
11791,202610,0,0.11965001913564448
11796,202610,0,0.05441123858211854
11797,202610,0,0.08323408099910669
11798,202610,0,0.04787465684223804
11799,202610,0,0.14035232344952978
11803,202610,0,0.060388692988011895
11806,202610,1,0.2674689175726468
11808,202610,0,0.12770735113879153
11810,202610,0,0.12848066483321485
11814,202610,0,0.1375030433280636
11816,202610,0,0.11381435794882752
11818,202610,0,0.11125034427521442
11822,202610,0,0.12531803007018097
11824,202610,0,0.06490312040779175
11829,202610,0,0.13289340972953065
11835,202610,0,0.17862351549538322
11840,202610,0,0.15088053531556403
11846,202610,0,0.1357634617459364
11847,202610,0,0.12462862410246583
11850,202610,0,0.2593493402255444
11853,202610,0,0.05472494174224166
11854,202610,0,0.0731983571468531
11857,202610,0,0.1360237844909916
11862,202610,0,0.10326579939388913
11871,202610,0,0.12640977264881761
11879,202610,0,0.16582710793307312
11880,202610,0,0.0670337179613896
11883,202610,0,0.06258122155891642
11890,202610,0,0.11680822071372937
11898,202610,0,0.16009722977489443
11900,202610,1,0.1395271494680768
11904,202610,1,0.1374699192755387
11905,202610,0,0.148419602533369
11909,202610,0,0.04727392635821916
11912,202610,0,0.15856093990090603
11913,202610,0,0.14710918460066102
11917,202610,0,0.14626355410247843
11919,202610,0,0.12332347208295907
11920,202610,0,0.06155089364470196
11921,202610,0,0.11995049899727217
11922,202610,1,0.14573987725346624
11924,202610,1,0.12539524768710514
11928,202610,0,0.1302601032940673
11929,202610,0,0.15391349078723593
11935,202610,0,0.07116847670669423
11936,202610,0,0.05519456251715191
11939,202610,0,0.05204112410307901
11942,202610,0,0.05132022224085399
11943,202610,0,0.1183714831061415
11945,202610,0,0.22733133316718704
11946,202610,0,0.11750515138452627
11947,202610,0,0.1201229630693817
11952,202610,0,0.15353399816031152
11956,202610,0,0.12596804234476358
11958,202610,1,0.21868078852300785
11959,202610,0,0.2292477872958097
11967,202610,1,0.13679780204787328
11969,202610,0,0.11666432691262761
11973,202610,0,0.14747760501933382
11974,202610,0,0.14496107375929207
11975,202610,0,0.14891181634774375
11993,202610,0,0.14636010784477999
11994,202610,0,0.13489780281659147
11995,202610,0,0.0722129520570756
12002,202610,0,0.12880571179646505
12004,202610,0,0.11750842807841691
12006,202610,0,0.09918743986588578
12007,202610,0,0.1059581171348768
12014,202610,0,0.1508431154148846
12017,202610,0,0.18151608111634018
12018,202610,0,0.14845471427052198
12019,202610,1,0.07768517365419697
12021,202610,0,0.14796998730119765
12023,202610,0,0.1543737592936246
12024,202610,0,0.13553041406435387
12027,202610,0,0.16443927488209184
12034,202610,0,0.12110208856852131
12040,202610,0,0.12772719792907083
12044,202610,1,0.14641604349223766
12047,202610,0,0.1302294812368849
12048,202610,0,0.12434177170134945
12052,202610,0,0.06091484575422256
12057,202610,0,0.15592286090639446
12058,202610,0,0.1815470506545468
12061,202610,0,0.11233731673363466
12062,202610,0,0.13118585176185668
12064,202610,0,0.06717165004383187
12067,202610,0,0.13061683132401838
12070,202610,1,0.13429894170405765
12071,202610,0,0.14177959119970956
12080,202610,0,0.17042628697612006
12085,202610,0,0.05114825086277172
12090,202610,0,0.15163170986216692
12091,202610,1,0.14133622168742827
12092,202610,1,0.044972990842642384
12100,202610,0,0.12427657584472808
12103,202610,0,0.14423236712676674
12104,202610,0,0.13504920000976375
12109,202610,0,0.05807234870688194
12113,202610,1,0.1301132273100359
12114,202610,0,0.13644598510151387
12123,202610,0,0.07083680574168989
12124,202610,0,0.054303292539790396
12128,202610,0,0.23606583813776924
12131,202610,1,0.14983790221161614
12132,202610,0,0.11820866363876908
12135,202610,0,0.1245936921986137
12140,202610,0,0.2604065662053985
12147,202610,1,0.14982449806588322
12149,202610,0,0.05205557369201873
12155,202610,0,0.11200592417700428
12156,202610,1,0.1356033870613816
12158,202610,0,0.17034193045444593
12161,202610,0,0.1536301822455637
12163,202610,0,0.11417969790887003
12164,202610,0,0.13096452164456363
12171,202610,1,0.17075946783501603
12174,202610,0,0.06307016653413092
12175,202610,0,0.14816720701709019
12179,202610,0,0.21865753139962357
12183,202610,0,0.1386287146136125
12184,202610,0,0.13494612416815885
12186,202610,0,0.06134387531188596
12190,202610,0,0.1302514738070061
12193,202610,0,0.13917957375549303
12195,202610,0,0.05913954599805797
12196,202610,0,0.051847492308566605
12203,202610,1,0.11729654228332752
12205,202610,0,0.14315483493853098
12213,202610,0,0.1602287870886671
12220,202610,0,0.14983052265995933
12221,202610,0,0.14942510757294694
12222,202610,0,0.06649618234071712
12224,202610,0,0.12771878590770006
12230,202610,0,0.12910829995236356
12235,202610,0,0.1290112200936867
12239,202610,0,0.11176126068724676
12242,202610,0,0.12568863470489663
12244,202610,0,0.1321071254535486
12245,202610,0,0.13548642921846754
12247,202610,0,0.1476289548131557
12254,202610,0,0.16963945890026944
12258,202610,0,0.14438722816480923
12266,202610,0,0.06344847866847866
12267,202610,0,0.1489626273022249
12271,202610,1,0.0799511355171208
12272,202610,0,0.16248026520338518
12273,202610,0,0.13857576097135277
12276,202610,0,0.15471831714361797
12277,202610,0,0.119596493761077
12283,202610,0,0.14797755234731053
12288,202610,1,0.11525092163911085
12289,202610,0,0.05210822760315042
12297,202610,0,0.12993555530384296
12300,202610,0,0.2829574306022292
12302,202610,0,0.06857656381237526
12305,202610,1,0.13954989214985677
12308,202610,1,0.1564741740746809
12310,202610,0,0.07885879983194555
12312,202610,0,0.14573401316072973
12314,202610,0,0.06155034214425769
12315,202610,0,0.05235325067860872
12327,202610,0,0.11918707244220118
12329,202610,0,0.1313036944417486
12332,202610,0,0.12817540487705242
12342,202610,0,0.06733011591093475
12346,202610,0,0.12496848203580031
12347,202610,0,0.23797880368985724
12349,202610,0,0.05640152311113024
12350,202610,0,0.12284788192723665
12354,202610,0,0.12991194741567152
12356,202610,0,0.042102734360734674
12359,202610,0,0.12407561853553885
12360,202610,0,0.16267591384546226
12369,202610,0,0.1390111721218017
12372,202610,0,0.05454976714318361
12373,202610,0,0.050889449657830634
12374,202610,0,0.12494364392118552
12375,202610,0,0.1591124357419012
12376,202610,0,0.14012739876916344
12379,202610,0,0.0637636646627661
12382,202610,0,0.1263871597660618
12387,202610,0,0.0715335568950707
12389,202610,0,0.12740601660521872
12394,202610,0,0.16237892612621782
12395,202610,0,0.13643075074304745
12396,202610,0,0.15639437794377217
12404,202610,0,0.15610318254123173
12405,202610,0,0.12452864257563895
12408,202610,1,0.06411050679258788
12412,202610,0,0.24297043006082136
12413,202610,1,0.1814335183973101
12419,202610,0,0.10611477737486348
12429,202610,1,0.1247358299488056
12431,202610,0,0.12398391764090361
12435,202610,1,0.15666901344555514
12440,202610,0,0.13524890879087512
12444,202610,0,0.1684996075177042
12447,202610,0,0.05807455639644058
12452,202610,0,0.12982724974019907
12454,202610,0,0.13127032589186988
12456,202610,0,0.12868653322339396
12458,202610,1,0.13126822351836445
12459,202610,1,0.10165985148536029
12461,202610,0,0.06103082353401878
12467,202610,1,0.1497964356813994
12469,202610,0,0.11044730995362681
12470,202610,1,0.13667162767631955
12472,202610,0,0.08036917472694563
12473,202610,0,0.06021711073665048
12474,202610,0,0.14508785119775705
12476,202610,0,0.14098061555933203
12479,202610,0,0.19136969734567527
12481,202610,0,0.1324526502566298
12484,202610,0,0.14699036958250308
12487,202610,0,0.0732523274073212
12491,202610,0,0.145567784098938
12493,202610,0,0.1417493627064268
12497,202610,1,0.12384129413621772
12501,202610,0,0.14269406433951015
12502,202610,1,0.1414628991720964
12504,202610,0,0.10992638333197004
12507,202610,0,0.11745861530208707
12510,202610,0,0.12578080361134827
12512,202610,0,0.27238695082978753
12515,202610,1,0.26815298389791176
12518,202610,1,0.11487781862584272
12519,202610,0,0.11754044133726502
12520,202610,0,0.13150430475435199
12526,202610,0,0.14277481006267473
12529,202610,0,0.16719099528557632
12532,202610,0,0.12446215667965069
12533,202610,0,0.15174555307164198
12544,202610,0,0.2106730687484588
12546,202610,0,0.11859619234035859
12551,202610,0,0.1534517036762165
12554,202610,1,0.15076791805566875
12555,202610,0,0.24439025575086246
12559,202610,1,0.10624088273171557
12569,202610,1,0.14282626232219292
12576,202610,0,0.11825368774915161
12581,202610,0,0.13120382449903575
12587,202610,1,0.1391006862486018
12588,202610,0,0.16813684344969376
12593,202610,0,0.10018083204032555
12594,202610,0,0.11133408471803508
12598,202610,0,0.11447002692373409
12599,202610,0,0.16028360888676044
12601,202610,0,0.14238591404217765
12607,202610,1,0.05500414390115833
12610,202610,0,0.16514961483406007
12615,202610,0,0.16417644014713226
12616,202610,0,0.11466997524916094
12622,202610,0,0.05349556651467393
12623,202610,0,0.11504878724733708
12624,202610,0,0.12016993352150243
12625,202610,0,0.15164719427110693
12629,202610,0,0.3215117588788062
12630,202610,1,0.16412640364170583
12632,202610,0,0.059305999269948374
12634,202610,0,0.051693584335326934
12635,202610,0,0.12736637549481708
12638,202610,0,0.1599800088514812
12640,202610,0,0.04887068568755617
12641,202610,0,0.1297425798138588
12642,202610,1,0.13789983200247605
12643,202610,0,0.10882336201742808
12644,202610,0,0.070067803766671
12647,202610,0,0.12534205281643462
12651,202610,0,0.17109247975495437
12657,202610,0,0.13025853449170452
12658,202610,0,0.12031790959294271
12660,202610,0,0.1486403875971266
12661,202610,0,0.10513096599248385
12666,202610,0,0.10569096987982722
12672,202610,1,0.06982520516943243
12673,202610,0,0.11596678691281848
12676,202610,0,0.16310751873046744
12678,202610,0,0.12811495020979363
12681,202610,0,0.14911336794373303
12682,202610,0,0.2225100129688345
12684,202610,0,0.052940240707048614
12686,202610,0,0.16483083558215986
12689,202610,0,0.13731759758291717
12699,202610,0,0.13395330059717833
12701,202610,0,0.13535129374713523
12705,202610,1,0.13798922106967237
12710,202610,0,0.10842718831554
12712,202610,0,0.1351093971833684
12713,202610,0,0.14570403346516797
12715,202610,0,0.11651775186072699
12716,202610,0,0.13944873179204706
12717,202610,0,0.14338082238200295
12718,202610,0,0.14059393959074754
12720,202610,0,0.12758791345893145
12724,202610,0,0.12491119395829826
12725,202610,0,0.15274774945300493
12726,202610,0,0.12272235445917913
12732,202610,1,0.2612324247704559
12737,202610,1,0.14985966515207894
12741,202610,0,0.16113653019369087
12742,202610,0,0.17091650936344138
12743,202610,0,0.14028196023990805
12748,202610,0,0.1168478374770404
12749,202610,0,0.06030010553927594
12751,202610,0,0.14638704681582876
12752,202610,0,0.137413875074389
12754,202610,1,0.13180742245247645
12756,202610,0,0.11130033368673642
12760,202610,0,0.11285851988035105
12761,202610,0,0.14893946532314675
12764,202610,0,0.15154801337576887
12767,202610,0,0.06361465262075174
12768,202610,1,0.1174972241758597
12772,202610,0,0.13579045313244437
12774,202610,0,0.14073737613126158
12782,202610,0,0.07500221628222228
12783,202610,0,0.2262634089434385
12784,202610,0,0.13376118532979472
12785,202610,0,0.1387925887354183
12787,202610,0,0.16112317430444867
12798,202610,0,0.11531630867811271
12801,202610,0,0.16017491223177457
12805,202610,0,0.1233803560322151
12806,202610,0,0.10516432724227018
12809,202610,0,0.09086939155245007
12815,202610,0,0.12664004342072127
12820,202610,0,0.04981213606942168
12821,202610,1,0.13180183833164574
12824,202610,0,0.09733356134349029
12829,202610,0,0.12039080703811206
12832,202610,0,0.13690930606646562
12833,202610,0,0.1358762221066672
12839,202610,1,0.3479023227513995
12841,202610,0,0.14204008027469867
12843,202610,0,0.1099694124476585
12847,202610,0,0.13176682857982622
12848,202610,0,0.14053424009459387
12849,202610,0,0.1337280434926282
12851,202610,1,0.149098527750014
12852,202610,0,0.12677137266314717
12855,202610,0,0.1360399130740762
12857,202610,1,0.12290926757760175
12864,202610,0,0.16944280990017138
12872,202610,0,0.06628045222710847
12873,202610,0,0.18155077075057177
12874,202610,0,0.1266492057012754
12875,202610,0,0.052749259281207515
12877,202610,0,0.21746587600876754
12879,202610,0,0.13385708938083185
12885,202610,0,0.14305891967703022
12886,202610,0,0.15037235638921828
12891,202610,0,0.12208500644895615
12893,202610,0,0.13317398787705373
12894,202610,0,0.17144117562769484
12895,202610,0,0.21796291886446081
12896,202610,1,0.13234541251613405
12901,202610,0,0.048209780373564305
12908,202610,0,0.12377354814399485
12912,202610,0,0.10674920058346206
12913,202610,1,0.12156451121709155
12919,202610,0,0.14256608614440944
12923,202610,1,0.16438804366996004
12924,202610,0,0.13881608715193403
12925,202610,0,0.09243906814613541
12929,202610,0,0.1297485836229779
12931,202610,0,0.1432586253214596
12942,202610,0,0.13665627413646408
12945,202610,0,0.11982343434936635
12949,202610,1,0.13766053635336353
12958,202610,0,0.05620522079467862
12962,202610,0,0.16081135225523308
12964,202610,0,0.152246810214575
12974,202610,0,0.16042247840281174
12976,202610,0,0.05951488028349928
12980,202610,0,0.1388915979205483
12982,202610,0,0.10617257367219426
12984,202610,0,0.12089938843573025
12985,202610,1,0.08603354847099029
12987,202610,0,0.09907989608442833
12991,202610,0,0.12714919814397047
12995,202610,0,0.13012888897795988
12999,202610,1,0.23710087755330211
13001,202610,0,0.21028124255709668
13005,202610,0,0.17348639638553726
13006,202610,0,0.1367687510084497
13010,202610,1,0.1463932174415409
13013,202610,1,0.10592068780902604
13015,202610,0,0.12442456893240911
13017,202610,0,0.1389625375758331
13027,202610,0,0.13655718082647306
13033,202610,0,0.16431829995721348
13034,202610,0,0.12948970985715033
13035,202610,0,0.11785920552053508
13038,202610,0,0.20767976531489368
13041,202610,0,0.1288921722305588
13044,202610,0,0.0522405152278475
13045,202610,0,0.13550981329522752
13046,202610,1,0.06040807474301174
13052,202610,0,0.052008466714907914
13054,202610,1,0.2037448517826299
13056,202610,1,0.14968856264770883
13059,202610,0,0.13659116372520422
13060,202610,0,0.04339059383669258
13061,202610,0,0.12355384304656358
13066,202610,0,0.22384126836108395
13068,202610,1,0.21649850658283634
13073,202610,1,0.13971564440877285
13075,202610,1,0.13891217182099802
13076,202610,1,0.1583014579911357
13078,202610,1,0.1532047719276379
13080,202610,0,0.21818490758184514
13082,202610,0,0.16638070034400182
13096,202610,1,0.11507627999890972
13100,202610,0,0.12982437491744644
13105,202610,0,0.13977354080919294
13106,202610,0,0.2322342981235986
13121,202610,0,0.15475159685841305
13123,202610,0,0.16113551156947725
13125,202610,0,0.048327537855166386
13129,202610,0,0.12674708612965674
13130,202610,0,0.1104524907649459
13132,202610,0,0.16641461923075967
13133,202610,0,0.1289406929943364
13135,202610,0,0.14398443651248477
13141,202610,0,0.12258664643439104
13143,202610,1,0.1381593916830859
13145,202610,0,0.2410952357738623
13149,202610,0,0.07026884485701546
13150,202610,1,0.11477763938439087
13153,202610,0,0.1483820632337071
13158,202610,0,0.1285887250696078
13159,202610,0,0.15502501322360407
13169,202610,0,0.34763235596054565
13170,202610,0,0.12930631854658742
13178,202610,0,0.1319823072838646
13179,202610,0,0.06665076734518899
13180,202610,0,0.13512575767698906
13181,202610,0,0.12816275770788016
13183,202610,0,0.06158686791521778
13191,202610,0,0.1424589200628373
13196,202610,0,0.1348283919540835
13200,202610,0,0.13562991315083833
13202,202610,0,0.1110929061880725
13204,202610,0,0.05369846132617107
13208,202610,0,0.13910344860591622
13212,202610,0,0.12959891332558965
13213,202610,0,0.14390040566006024
13215,202610,0,0.09962031441351146
13217,202610,0,0.12844660020287005
13218,202610,0,0.14174517061616215
13224,202610,1,0.12351987900505956
13225,202610,0,0.11459047933853576
13229,202610,0,0.12221898785091036
13230,202610,1,0.1659628706173248
13232,202610,0,0.13219355601344404
13233,202610,0,0.1492943937160097
13234,202610,0,0.05295682524939604
13249,202610,0,0.062299928905586555
13253,202610,0,0.1310710147882387
13255,202610,0,0.14297625723622406
13257,202610,0,0.2293961149073123
13260,202610,0,0.13133500143110352
13266,202610,0,0.050711690968138705
13269,202610,0,0.05419258472791949
13270,202610,0,0.13907234850275008
13274,202610,0,0.12932004220755877
13281,202610,0,0.1303145397627043
13287,202610,0,0.10344490783708543
13305,202610,0,0.14341462264638752
13308,202610,0,0.05223535269879309
13309,202610,0,0.06370293028659364
13310,202610,0,0.1801587021817181
13311,202610,1,0.11093520063518277
13314,202610,0,0.14613929940364104
13315,202610,0,0.059742029560464247
13317,202610,1,0.13317116543021276
13324,202610,0,0.10780700773364345
13326,202610,0,0.13778667989056262
13328,202610,0,0.11570532873594563
13329,202610,0,0.13104453267582422
13333,202610,0,0.15334371035945854
13335,202610,0,0.25385344536161963
13336,202610,0,0.10550236531634768
13345,202610,0,0.14969410881360362
13348,202610,0,0.14851016811385775
13350,202610,0,0.21477191507494015
13354,202610,0,0.1619837095670215
13357,202610,1,0.2517210415297065
13360,202610,0,0.16075461806084532
13364,202610,0,0.1531159284388502
13366,202610,0,0.14348920164279225
13367,202610,1,0.0663711284580556
13368,202610,0,0.12927270652363163
13375,202610,0,0.08332855568621943
13376,202610,0,0.12110203964589988
13378,202610,1,0.14863104777508715
13380,202610,0,0.09354120962201587
13382,202610,0,0.05364365456815528
13383,202610,1,0.18678905782296348
13384,202610,0,0.1589164138470814
13387,202610,0,0.1374715390283985
13390,202610,0,0.08517873840841197
13392,202610,1,0.16508765141348106
13393,202610,0,0.13616207814472145
13395,202610,0,0.15937333515693497
13398,202610,0,0.13261849248364427
13403,202610,0,0.11188721878020648
13404,202610,0,0.08600258961239957
13405,202610,0,0.12810541402672837
13409,202610,0,0.16325357620038566
13411,202610,0,0.11888232962224524
13414,202610,0,0.14383236639172203
13416,202610,0,0.11436883515702771
13417,202610,0,0.055707397432133356
13418,202610,0,0.13381746708026837
13422,202610,0,0.05590982092584492
13430,202610,0,0.22756731363803273
13435,202610,0,0.05670845114179214
13437,202610,0,0.14271255932121485
13439,202610,0,0.13860859056550623
13446,202610,0,0.1060133653891515
13448,202610,0,0.09665414077135594
13449,202610,0,0.12654371759720717
13451,202610,0,0.12576406862302875
13454,202610,1,0.10560746428078815
13455,202610,0,0.14125252649400613
13459,202610,0,0.15258463078724885
13468,202610,0,0.13723456391272948
13470,202610,0,0.05465048748350234
13474,202610,0,0.05946679151456495
13478,202610,0,0.13909808525590717
13481,202610,1,0.2458245891200833
13485,202610,0,0.1153700160347516
13487,202610,1,0.15468179121882858
13488,202610,0,0.1603019415428326
13489,202610,0,0.10905641756873015
13490,202610,0,0.1401434639807287
13491,202610,0,0.22146946717534577
13500,202610,0,0.12447077080525486
13504,202610,1,0.21779867327104355
13505,202610,0,0.06042880177776381
13506,202610,0,0.12782657544837706
13517,202610,0,0.06296626181035671
13518,202610,0,0.08700368252141323
13523,202610,0,0.1262044089238605
13524,202610,1,0.14057320651674243
13529,202610,0,0.13599091148279957
13532,202610,0,0.05805065503223331
13534,202610,0,0.13113881728247104
13537,202610,0,0.13071315300388678
13539,202610,0,0.12581852136012678
13547,202610,0,0.13982079173548942
13548,202610,0,0.15016063273063027
13550,202610,0,0.3250410928178335
13554,202610,0,0.15514401821896426
13555,202610,0,0.16322327726009853
13556,202610,0,0.1474772875531486
13558,202610,0,0.06906019897937106
13562,202610,0,0.1297570604328664
13566,202610,0,0.11808879723485848
13574,202610,0,0.06508631484754851
13576,202610,0,0.13990665070852895
13577,202610,0,0.17192678267099676
13580,202610,0,0.07035406569004217
13582,202610,1,0.15770080153486407
13584,202610,1,0.14866190717146271
13586,202610,0,0.20718307038916856
13588,202610,0,0.16335657029453837
13596,202610,1,0.13224128745193797
13597,202610,0,0.20782214976237007
13598,202610,0,0.2515236916178376
13600,202610,0,0.12792091031148864
13602,202610,0,0.11058111309717474
13604,202610,0,0.12683326877900902
13605,202610,1,0.3834224512923373
13608,202610,0,0.1374865034210744
13609,202610,1,0.15646362802019428
13616,202610,0,0.1445615513700852
13619,202610,0,0.2387050852618742
13623,202610,0,0.13425436530336846
13625,202610,1,0.17091900314239367
13627,202610,0,0.16449359356522877
13628,202610,0,0.14555964582468583
13630,202610,0,0.07514938409652175
13631,202610,0,0.1477015945135562
13633,202610,0,0.15483298544571986
13635,202610,0,0.13871126840145476
13636,202610,0,0.16000223313607298
13640,202610,0,0.13252212343750364
13642,202610,0,0.23177180731793495
13643,202610,1,0.06141852699773381
13647,202610,0,0.15097125494569394
13648,202610,0,0.2455822444964182
13650,202610,0,0.23074599346314595
13652,202610,0,0.12849137876469635
13659,202610,0,0.05880053385463556
13660,202610,0,0.10756824334056601
13661,202610,0,0.12862602994340838
13663,202610,0,0.1905732886711126
13666,202610,0,0.14318182288823297
13667,202610,0,0.05760035564228033
13670,202610,1,0.15961342937603726
13672,202610,0,0.11808723577929468
13673,202610,0,0.15460290201479673
13675,202610,0,0.11549107882538698
13678,202610,0,0.13137778775876338
13679,202610,1,0.12371113653441121
13682,202610,0,0.09598147601066997
13684,202610,0,0.13202294641533913
13689,202610,0,0.12500860856390367
13690,202610,0,0.12749157669783373
13694,202610,1,0.13719527300708156
13696,202610,0,0.1472288326345698
13700,202610,1,0.24188242466471438
13705,202610,1,0.2218463611745543
13706,202610,0,0.13424298531072656
13710,202610,0,0.3333531855013919
13711,202610,0,0.14192457181672571
13712,202610,0,0.15561577465858012
13717,202610,0,0.052345773532206055
13718,202610,0,0.11994950613186327
13719,202610,0,0.13082404932341227
13720,202610,0,0.11621338680149898
13722,202610,0,0.11916429226946158
13723,202610,0,0.14778020776894166
13726,202610,0,0.1231440261899767
13733,202610,0,0.05922905828083245
13735,202610,1,0.2292213840768435
13737,202610,0,0.061445414491205025
13739,202610,0,0.15144313032519652
13742,202610,1,0.13912030640578069
13743,202610,0,0.13832908287305418
13750,202610,0,0.11482896828997106
13751,202610,0,0.09870077285120274
13752,202610,0,0.1470740547848448
13754,202610,0,0.16882055826415657
13756,202610,0,0.07133147176080191
13759,202610,1,0.05866665094530488
13760,202610,0,0.04964706506957472
13762,202610,0,0.14830309324533447
13763,202610,0,0.1306755610160748
13764,202610,1,0.1385399180682077
13766,202610,0,0.06610423664283403
13767,202610,0,0.060902710574330554
13769,202610,0,0.11572070491586249
13770,202610,0,0.11559329843465292
13772,202610,1,0.1264067797109453
13774,202610,0,0.15906991839563672
13776,202610,0,0.1345779166738905
13780,202610,0,0.06909889410430584
13781,202610,0,0.20332653502737327
13782,202610,0,0.20936957202116332
13784,202610,0,0.05445269834753483
13787,202610,1,0.12132863579887668
13789,202610,0,0.13941659467265227
13790,202610,0,0.14978243681188777
13792,202610,0,0.08621991854854827
13795,202610,0,0.1328511016262871
13797,202610,0,0.11126217796198222
13800,202610,0,0.11542870330285689
13804,202610,0,0.11880017513802996
13806,202610,0,0.11292102750149567
13809,202610,0,0.11293030001590275
13815,202610,0,0.12169335964704331
13816,202610,0,0.14304440958643672
13817,202610,0,0.16457255103675264
13820,202610,0,0.2111216917506148
13821,202610,0,0.1262701821761527
13824,202610,0,0.15179803494691677
13829,202610,1,0.27153195124973795
13830,202610,0,0.1758616296167315
13831,202610,1,0.11595853941004736
13833,202610,1,0.14474834013320403
13838,202610,0,0.12682754118323272
13840,202610,0,0.06444753465112857
13841,202610,0,0.0579123097405065
13842,202610,0,0.14212998374996783
13843,202610,0,0.06134981286167696
13849,202610,0,0.14451877137997568
13850,202610,0,0.15328422788188076
13852,202610,0,0.14399421157091896
13855,202610,0,0.0579130774119972
13858,202610,0,0.1412804116796677
13863,202610,0,0.054302139314331525
13871,202610,0,0.23258272542511674
13872,202610,0,0.12927099393976368
13873,202610,0,0.11423815118692611
13874,202610,0,0.14040245951170813
13877,202610,0,0.14597134759113492
13878,202610,0,0.12798509005139228
13879,202610,0,0.1399760363425347
13880,202610,1,0.16070112967528158
13884,202610,1,0.1404015854796071
13885,202610,0,0.15977941896558617
13886,202610,0,0.14981387139577954
13892,202610,0,0.11367280362208479
13895,202610,0,0.05621927405234086
13899,202610,1,0.16056263697613832
13906,202610,0,0.15850793127695298
13907,202610,0,0.14961472907192686
13908,202610,0,0.05239801713758559
13909,202610,0,0.117448644836155
13911,202610,0,0.10962283618850889
13912,202610,1,0.1408439621064111
13914,202610,0,0.12650266188848447
13918,202610,0,0.16796192880610672
13919,202610,0,0.14829826000250987
13923,202610,0,0.15800015662019615
13927,202610,0,0.17769750789835395
13929,202610,1,0.3749939140437219
13930,202610,0,0.05393978753283414
13931,202610,0,0.14618164361473787
13933,202610,0,0.15340196767118183
13935,202610,0,0.1328486155922822
13938,202610,0,0.15636810642533064
13943,202610,0,0.058723555124712556
13944,202610,0,0.06690627929259099
13946,202610,0,0.12866438908714575
13948,202610,1,0.1611268868856385
13949,202610,0,0.10702865116952397
13950,202610,0,0.09038285472119131
13952,202610,0,0.18342549227742289
13957,202610,0,0.14121082729360313
13958,202610,0,0.07957422215368522
13965,202610,0,0.08657574612070983
13970,202610,0,0.051690910960300984
13972,202610,0,0.1545186172370343
13981,202610,0,0.1571980129118406
13983,202610,0,0.0841006355060455
13984,202610,0,0.1479575164872289
13985,202610,0,0.11337581241015815
13986,202610,0,0.13126513098798173
13991,202610,0,0.08693533493342225
13992,202610,0,0.1515195197736335
13993,202610,0,0.13115414782041057
13994,202610,1,0.161743066767435
13995,202610,0,0.13153780822871847
13998,202610,0,0.10539690148269498
14000,202610,0,0.05014178226777009
14002,202610,0,0.057971055524857706
14003,202610,0,0.07180357822976123
14006,202610,0,0.15559129450436526
14007,202610,1,0.11886821058765336
14011,202610,0,0.12766109171763368
14019,202610,0,0.15528069996218305
14020,202610,0,0.1311320867436275
14021,202610,0,0.34820006386192975
14022,202610,0,0.10599655788897666
14026,202610,0,0.14973094325127798
14031,202610,0,0.071390398684897
14032,202610,0,0.1410327471673778
14034,202610,0,0.12444823767642348
14035,202610,0,0.12040970785535378
14043,202610,0,0.07535904291842987
14044,202610,1,0.34858283469551765
14046,202610,0,0.14237590143516185
14048,202610,0,0.1358819137879734
14053,202610,1,0.1373442302195207
14056,202610,0,0.14111860612342647
14057,202610,0,0.13888281300786742
14062,202610,0,0.11833910205516088
14065,202610,0,0.12456178224958744
14067,202610,0,0.060055971316053385
14073,202610,1,0.14278640621894953
14082,202610,0,0.06066816600343291
14083,202610,0,0.1541043928120759
14086,202610,0,0.13826916631757996
14089,202610,1,0.2188018943837018
14090,202610,1,0.16902633625207017
14094,202610,0,0.24640841774807448
14102,202610,0,0.060187145502004755
14103,202610,0,0.22487946900579725
14104,202610,0,0.17276347303989242
14106,202610,0,0.17452274462194303
14107,202610,0,0.147713945971728
14109,202610,0,0.12886803532586616
14111,202610,0,0.05573865420207463
14113,202610,0,0.11324470222146067
14115,202610,0,0.13621523504362176
14116,202610,0,0.048091279538437164
14118,202610,0,0.06142425741131239
14119,202610,0,0.15011699654605126
14122,202610,0,0.11214355098397996
14123,202610,0,0.12052942167999674
14124,202610,0,0.06288863267813082
14125,202610,0,0.1447069101843807
14126,202610,0,0.16367453209483274
14127,202610,0,0.12900734679852063
14133,202610,0,0.14639227231631807
14137,202610,0,0.13069078507510504
14138,202610,1,0.13906651660460187
14139,202610,0,0.12269728725255043
14143,202610,0,0.11663681898158422
14148,202610,0,0.13719768412159147
14149,202610,0,0.1189449933908783
14150,202610,0,0.06201135586292565
14154,202610,1,0.05613976258267905
14162,202610,0,0.05834151462917361
14163,202610,0,0.13483460133953176
14164,202610,0,0.11892375552955352
14168,202610,1,0.12637155061651645
14169,202610,0,0.1563683435422254
14173,202610,0,0.1284280736389751
14174,202610,0,0.15128688985342573
14178,202610,0,0.1481664555593953
14181,202610,0,0.06857470179903588
14186,202610,0,0.10976428347459816
14187,202610,0,0.14217658705968791
14188,202610,0,0.1116199714034418
14190,202610,0,0.048265690250693716
14192,202610,0,0.14719214565106792
14193,202610,0,0.12854694887402313
14195,202610,0,0.13902114586428133
14198,202610,0,0.22451298881256013
14200,202610,0,0.13715427969995275
14201,202610,0,0.14122257040292188
14208,202610,0,0.20850793181676866
14212,202610,0,0.14929242779299634
14214,202610,0,0.13172562890527648
14216,202610,1,0.10614309233389636
14220,202610,0,0.10866152396650619
14221,202610,1,0.1570118878670631
14224,202610,0,0.13726048979105515
14229,202610,0,0.1252925694301681
14232,202610,0,0.1509824477716238
14233,202610,0,0.10050862222503576
14235,202610,0,0.13874581204169084
14236,202610,1,0.11359631951147622
14241,202610,0,0.06677647398436952
14242,202610,0,0.12890156400704408
14243,202610,1,0.13691394126806464
14246,202610,0,0.11807633243170701
14247,202610,0,0.10446675258138817
14250,202610,0,0.05073035122670509
14251,202610,0,0.21981853292191883
14254,202610,0,0.15872999744183885
14255,202610,1,0.14110318720767848
14257,202610,0,0.06779090510563233
14258,202610,1,0.14814591339471847
14259,202610,0,0.1368517309355089
14261,202610,0,0.11160581922243429
14262,202610,0,0.16005172543726517
14265,202610,1,0.2216468198135192
14267,202610,0,0.11434868857863802
14272,202610,1,0.25228277670822324
14281,202610,0,0.1112171926851236
14282,202610,0,0.14373082063444692
14283,202610,1,0.14187217589977155
14285,202610,0,0.051476141420755725
14286,202610,0,0.14253907919767966
14288,202610,1,0.20828711188210097
14292,202610,0,0.14203478353072674
14293,202610,0,0.146935782949147
14294,202610,0,0.16770116593447335
14296,202610,0,0.21649712444395255
14297,202610,0,0.05175665834178683
14298,202610,0,0.1154583424694139
14301,202610,0,0.0574454156559796
14303,202610,1,0.1193185996579461
14306,202610,1,0.14021323268229358
14308,202610,0,0.11998373876104111
14311,202610,0,0.13825599759888713
14313,202610,0,0.2434445343945952
14314,202610,0,0.06101333957140976
14315,202610,0,0.046681243164065245
14317,202610,1,0.3105514204604801
14318,202610,0,0.14003775875797697
14320,202610,0,0.12332520978265217
14325,202610,0,0.05222050517431727
14330,202610,1,0.14864060766026396
14333,202610,0,0.12463701327882305
14336,202610,0,0.14055698872420372
14338,202610,0,0.14485097991477883
14340,202610,0,0.132581389778165
14343,202610,1,0.06472681788487045
14344,202610,0,0.15971497895576295
14346,202610,1,0.1497317064012842
14354,202610,0,0.14026886109662412
14356,202610,1,0.13072272020307873
14359,202610,0,0.13864649549792984
14361,202610,0,0.12974694350587063
14362,202610,0,0.13311333272846626
14363,202610,0,0.1590580160126325
14367,202610,0,0.1336426051411565
14368,202610,1,0.1400412625738706
14369,202610,0,0.07104093824070613
14370,202610,0,0.22851556419070373
14376,202610,0,0.10521879144688351
14381,202610,1,0.18860525738492756
14382,202610,0,0.23203884579251088
14387,202610,0,0.12345159223180344
14388,202610,1,0.13517956490358535
14389,202610,0,0.1394853420947925
14390,202610,0,0.1293320409696305
14392,202610,0,0.1305741012926579
14393,202610,0,0.0961643047958367
14396,202610,0,0.13454473147912308
14407,202610,0,0.12558868269544748
14410,202610,0,0.1405548837670903
14412,202610,0,0.11772323085350148
14413,202610,0,0.15052201043670096
14414,202610,0,0.04502839500737625
14416,202610,0,0.13969623921981994
14417,202610,0,0.13558299254397949
14420,202610,0,0.10185532542531313
14423,202610,0,0.15661731970260875
14427,202610,0,0.15708107525178028
14430,202610,0,0.17482300927342861
14433,202610,0,0.13472885468531898
14434,202610,0,0.12146274850032561
14435,202610,0,0.2027907619166222
14436,202610,0,0.1172757553417413
14437,202610,1,0.17007668345198051
14438,202610,0,0.05195077669747303
14439,202610,0,0.12378205430062397
14440,202610,1,0.11393395900777509
14442,202610,0,0.10808274307231326
14443,202610,0,0.14880193103905717
14444,202610,0,0.08316558593766656
14446,202610,0,0.11478876483411858
14448,202610,0,0.15933851337678234
14449,202610,0,0.2403843322126491
14450,202610,1,0.14411673954739784
14451,202610,0,0.11638043856425541
14459,202610,0,0.15020433793307464
14464,202610,0,0.12642776462846045
14466,202610,0,0.1390281709505
14467,202610,0,0.15629687118916574
14469,202610,0,0.14389953487371226
14470,202610,0,0.057655827724467076
14471,202610,0,0.14950896984495102
14476,202610,0,0.04716684178253087
14477,202610,0,0.13510260209731645
14479,202610,0,0.0519822347086986
14480,202610,0,0.14721557044228517
14481,202610,0,0.05203731433184899
14484,202610,0,0.1184403392250353
14485,202610,0,0.11082705430596122
14486,202610,0,0.12279721398799597
14488,202610,0,0.14755915924563492
14489,202610,1,0.20361300600684065
14493,202610,0,0.12209259147883073
14495,202610,1,0.1382182109627901
14499,202610,0,0.1148296950476346
14504,202610,0,0.1559123000559827
14505,202610,1,0.0665738729266262
14508,202610,0,0.14722057550635936
14509,202610,0,0.13406145364328187
14510,202610,0,0.1550533457349971
14512,202610,1,0.06358637957793523
14516,202610,0,0.1654499875053751
14520,202610,0,0.12400819186495982
14522,202610,0,0.1261948752052922
14523,202610,0,0.11525255808682379
14529,202610,0,0.15853947410985286
14532,202610,0,0.05573984891722197
14537,202610,0,0.060665024030104674
14538,202610,0,0.1337208964881971
14540,202610,0,0.11753554195236271
14541,202610,0,0.1193051369550831
14542,202610,0,0.16066259523510984
14544,202610,0,0.13658556908340874
14545,202610,1,0.14468956540040198
14548,202610,0,0.09680276080113594
14550,202610,0,0.16921624735173682
14551,202610,0,0.14114912452036324
14553,202610,1,0.16773207916513594
14554,202610,0,0.055939931927069884
14555,202610,0,0.055777762740461034
14563,202610,0,0.12798246616419076
14564,202610,0,0.14036881567625514
14570,202610,1,0.27074935481112355
14571,202610,0,0.07598013457888335
14572,202610,0,0.14848756951355413
14574,202610,0,0.14869219230295955
14576,202610,0,0.12382947861917071
14580,202610,0,0.06433637368977825
14581,202610,0,0.12171481210612974
14582,202610,0,0.16468979172937706
14583,202610,0,0.1241982651746426
14586,202610,0,0.12771840969845416
14591,202610,0,0.11877517856353549
14593,202610,0,0.14951044211224573
14594,202610,0,0.12545953034936275
14595,202610,1,0.16913516166404616
14596,202610,1,0.10739692970678182
14598,202610,1,0.21727763388403432
14599,202610,0,0.13040617855936865
14601,202610,0,0.13448424216199623
14602,202610,0,0.09870830450105204
14603,202610,0,0.15527874949673576
14604,202610,0,0.140846627058202
14610,202610,0,0.16174280633657678
14617,202610,0,0.23859006345828773
14618,202610,0,0.12431522300500232
14620,202610,0,0.1342498054106254
14622,202610,0,0.16734699717594534
14624,202610,1,0.14689589940286268
14628,202610,0,0.06018012498113324
14629,202610,0,0.257939535227165
14630,202610,0,0.12338450242213411
14632,202610,0,0.3407303411276698
14634,202610,0,0.11380610729669424
14638,202610,1,0.11540734833612543
14639,202610,1,0.14964760070189662
14640,202610,0,0.1514693492472497
14645,202610,1,0.14855943316178583
14646,202610,0,0.057870337212732825
14648,202610,0,0.1330958805853051
14650,202610,0,0.14789898714229563
14651,202610,0,0.13099569738788736
14654,202610,1,0.1512438082963395
14658,202610,0,0.2549516384417145
14661,202610,0,0.13176397856386732
14666,202610,0,0.05643980387006152
14672,202610,0,0.17095322505691973
14673,202610,0,0.11693873033536192
14675,202610,0,0.21262077867036025
14678,202610,0,0.12440279494658354
14680,202610,0,0.11162572952740935
14684,202610,1,0.32137501938445406
14685,202610,0,0.19006921440818025
14688,202610,0,0.14137141937323153
14692,202610,0,0.1284310236037497
14693,202610,1,0.15297385382532738
14694,202610,0,0.12922149683066428
14695,202610,0,0.1779242356308386
14702,202610,0,0.1473001506436075
14705,202610,0,0.05112914208141297
14706,202610,0,0.14204054906880362
14707,202610,0,0.1396928415389621
14711,202610,0,0.13300018227618823
14713,202610,0,0.06700308941766706
14714,202610,0,0.1340609777436201
14717,202610,0,0.14159448626149038
14721,202610,0,0.12980108551277073
14722,202610,0,0.22128283642340824
14726,202610,0,0.12486419354559161
14730,202610,1,0.22746469716436515
14735,202610,0,0.11121779013990807
14736,202610,0,0.1505525505406433
14742,202610,0,0.18303961848351885
14744,202610,0,0.37209221424941963
14746,202610,0,0.13982864070540016
14748,202610,0,0.1351725841623651
14751,202610,0,0.15770535174596717
14753,202610,0,0.16576200892203707
14754,202610,0,0.14763587047920373
14755,202610,0,0.11401724838152864
14759,202610,0,0.1476459119409615
14760,202610,1,0.14652657253728213
14764,202610,0,0.15559134495008195
14766,202610,0,0.14079254956053608
14767,202610,0,0.17698614972358603
14768,202610,0,0.1442468299270664
14770,202610,0,0.12382376172858107
14773,202610,0,0.16427782142492187
14777,202610,0,0.12814029324377368
14778,202610,0,0.117609165856412
14779,202610,0,0.10614431791543474
14782,202610,0,0.12029682675067788
14783,202610,0,0.14102260073154252
14784,202610,0,0.1296788964055163
14791,202610,0,0.15755950254894158
14793,202610,0,0.059395937712508166
14794,202610,0,0.24187007119995244
14795,202610,0,0.1305745878318681
14796,202610,0,0.38381003244637374
14797,202610,0,0.14018104701040351
14800,202610,0,0.05993625607164537
14802,202610,0,0.13703844275754437
14803,202610,0,0.05089858963859467
14804,202610,1,0.1472474403887945
14805,202610,0,0.15677054877016078
14806,202610,1,0.21309560878483472
14808,202610,0,0.2371080500959515
14809,202610,0,0.07395571131363353
14812,202610,0,0.331680053374767
14813,202610,0,0.1464643579259456
14814,202610,0,0.14498923826998159
14818,202610,0,0.1619462734860586
14819,202610,0,0.09848776698548405
14820,202610,0,0.050827955245945015
14821,202610,0,0.24569952613181353
14822,202610,0,0.13302188006902163
14824,202610,0,0.22202512977351999
14826,202610,0,0.14101001910498523
14827,202610,0,0.11574793462286781
14831,202610,0,0.15297343624546297
14832,202610,0,0.13414581509274137
14834,202610,0,0.17521472193027
14839,202610,0,0.15559956324230081
14841,202610,0,0.14776703853617393
14842,202610,0,0.1561944263813102
14848,202610,0,0.11837957642832196
14849,202610,0,0.06027460949508606
14852,202610,0,0.1421683653307609
14855,202610,0,0.12682956680308222
14856,202610,0,0.15143262498612173
14865,202610,0,0.07151880218748322
14866,202610,0,0.0657916153497149
14869,202610,0,0.11403279174956174
14873,202610,0,0.14177778658659332
14874,202610,1,0.1629467059186154
14877,202610,0,0.134735582310726
14878,202610,0,0.13671247240364165
14881,202610,0,0.057581016189751595
14882,202610,0,0.22938873649598698
14883,202610,0,0.14593842177941743
14885,202610,0,0.15040821874314686
14889,202610,0,0.16001772915968804
14890,202610,0,0.15418326014809466
14892,202610,0,0.12962147121621087
14893,202610,0,0.04891082929597955
14894,202610,0,0.05621463598671971
14895,202610,0,0.13178767086731816
14896,202610,1,0.160014689525832
14897,202610,0,0.14062504306689674
14901,202610,0,0.12689425877652577
14904,202610,0,0.04413654594269473
14906,202610,1,0.1352036389998164
14908,202610,0,0.13682902069845662
14909,202610,0,0.15270530124418705
14910,202610,0,0.11485255022303811
14914,202610,0,0.129525920699679
14916,202610,0,0.1037580867344236
14917,202610,0,0.056711814290845125
14918,202610,0,0.119671907287049
14919,202610,0,0.24498496809942566
14923,202610,0,0.1267624971271101
14925,202610,1,0.13240919611524044
14927,202610,0,0.12380419520725361
14928,202610,0,0.09991773482401346
14929,202610,0,0.13552914257608206
14931,202610,0,0.1438414844172659
14934,202610,0,0.13672061632231267
14935,202610,0,0.2320080679875546
14948,202610,0,0.2613951510283463
14949,202610,1,0.12036982863518907
14950,202610,0,0.1281933641388243
14951,202610,0,0.14902258198493668
14952,202610,0,0.06196907677313153
14954,202610,0,0.22646313563044496
14960,202610,0,0.057180830141127834
14962,202610,0,0.0514773115359072
14966,202610,1,0.14266218461104144
14970,202610,0,0.12297817726736945
14973,202610,0,0.1257040274869902
14976,202610,0,0.1536206858307184
14978,202610,0,0.1318328021291559
14979,202610,0,0.12654969041561517
14980,202610,1,0.14169954002878726
14982,202610,0,0.13198206780940516
14983,202610,1,0.14009347615535056
14985,202610,0,0.06645938804365904
14986,202610,0,0.12499607463142672
14987,202610,0,0.1234884782777633
14988,202610,0,0.17198370094650547
14991,202610,0,0.11961440440296567
14994,202610,0,0.2493103772717942
14995,202610,1,0.13422277991765139
14996,202610,0,0.14305848583458194
14997,202610,0,0.14304636836020448
14998,202610,0,0.1505069776344055
14999,202610,0,0.13328955487301863
15000,202610,0,0.12081170067942802
15003,202610,0,0.1349144017239715
15005,202610,0,0.16076559552515624
15006,202610,0,0.13472444166086936
15007,202610,1,0.13571086923491804
15009,202610,0,0.16706827581917008
15012,202610,0,0.1914040891907031
15015,202610,0,0.14474470310900486
15018,202610,0,0.12811903198873006
15028,202610,1,0.15376853280319072
15029,202610,0,0.15957962004619064
15034,202610,1,0.1214381215346776
15036,202610,0,0.13333693101884989
15037,202610,0,0.2474081399545391
15040,202610,0,0.1506033002806953
15041,202610,0,0.14438325094157703
15042,202610,0,0.13591419850676711
15046,202610,0,0.19792067505350744
15047,202610,0,0.11756938881892538
15050,202610,0,0.1461741569601722
15051,202610,1,0.13143167507612372
15053,202610,0,0.1377419278831725
15056,202610,0,0.16031922259660467
15057,202610,0,0.15965935034986584
15058,202610,0,0.1306519950809356
15060,202610,0,0.09013885967847007
15061,202610,0,0.14637514107912555
15062,202610,0,0.14386935629814215
15066,202610,0,0.06597759518431115
15067,202610,0,0.15353701821178056
15068,202610,0,0.06015719400983088
15069,202610,0,0.06599912604174375
15072,202610,0,0.14005203122136645
15076,202610,1,0.15306837674817578
15077,202610,0,0.14915419296444796
15078,202610,1,0.1434502013312671
15089,202610,0,0.14719386562984083
15093,202610,0,0.12958788332729654
15096,202610,0,0.14992350670551727
15097,202610,0,0.1152877196737542
15099,202610,0,0.1180628147047977
15101,202610,0,0.16560934254652357
15103,202610,0,0.15355131117197895
15104,202610,0,0.13000665560082042
15105,202610,0,0.1214104702803443
15108,202610,0,0.1284002271317725
15109,202610,0,0.1183684074842512
15112,202610,0,0.13215927890170248
15114,202610,0,0.15406111696050648
15117,202610,0,0.06411459545125521
15118,202610,1,0.23246297556595696
15121,202610,1,0.1526088248436166
15122,202610,0,0.12586860555091683
15126,202610,0,0.13224398941330345
15128,202610,0,0.14491862943287978
15129,202610,0,0.13277270371659997
15130,202610,0,0.048804530869859884
15131,202610,1,0.1479268660917281
15132,202610,0,0.06290007590744144
15133,202610,0,0.11334262648763753
15134,202610,0,0.05857260769020488
15136,202610,0,0.14029450444268526
15137,202610,0,0.21794256030320136
15139,202610,0,0.12167379645619113
15142,202610,0,0.06752270182474857
15145,202610,0,0.12090012456070019
15146,202610,0,0.05797222112138555
15147,202610,0,0.12230791686342869
15150,202610,0,0.2214335167500581
15159,202610,0,0.13806403313236262
15163,202610,0,0.16891200509086585
15165,202610,0,0.05702095886082766
15167,202610,0,0.1139644902191082
15168,202610,0,0.04986103799497075
15173,202610,0,0.11645133889432789
15181,202610,0,0.1329174486999787
15183,202610,0,0.16009806936706492
15185,202610,0,0.1643980717747151
15186,202610,0,0.15478513636164948
15189,202610,0,0.11286357450451326
15190,202610,0,0.05064247808315893
15191,202610,0,0.11170107236392238
15193,202610,0,0.14862597024643567
15196,202610,0,0.11553051175952053
15199,202610,0,0.1447512632214464
15200,202610,0,0.1515506301683822
15201,202610,0,0.1608647002001895
15204,202610,0,0.16499547283951024
15207,202610,0,0.05840890652530495
15209,202610,0,0.16362986008389288
15212,202610,0,0.1463523581447118
15213,202610,0,0.13598571693578204
15214,202610,0,0.14926041673732035
15215,202610,0,0.1475262355270241
15216,202610,0,0.1504795198698477
15222,202610,0,0.13391108723020972
15223,202610,0,0.0940289322591819
15224,202610,0,0.2408741912049349
15227,202610,0,0.12223869102770579
15231,202610,0,0.11795422579883183
15232,202610,1,0.12318897266888057
15234,202610,0,0.14356438314774722
15236,202610,0,0.11567565962441462
15240,202610,0,0.1680577250048331
15241,202610,0,0.1540319647347666
15242,202610,0,0.1708487677720659
15243,202610,0,0.1601257279311421
15244,202610,1,0.20610611095740217
15247,202610,0,0.14219028374906278
15250,202610,0,0.11575479843922253
15253,202610,0,0.13793116894037927
15254,202610,0,0.1353798313098655
15255,202610,0,0.1352373095452202
15260,202610,0,0.1129664750729838
15262,202610,1,0.15550898518085504
15265,202610,0,0.05324907845208755
15275,202610,0,0.10713561178227761
15276,202610,1,0.15745723110821971
15280,202610,0,0.1526530588519019
15281,202610,0,0.14807321558854952
15282,202610,0,0.17526856864138626
15283,202610,0,0.15596096898321485
15284,202610,0,0.1902870701363527
15289,202610,0,0.1336337344712023
15292,202610,0,0.1514576430450838
15293,202610,0,0.09985818137262675
15300,202610,0,0.1879722714121187
15301,202610,0,0.12973716710928762
15302,202610,0,0.32029065540240986
15303,202610,0,0.12483208633162983
15306,202610,0,0.12597104219478356
15307,202610,0,0.1572161162538795
15310,202610,0,0.16462700491364982
15311,202610,0,0.14534942640588716
15313,202610,0,0.14662281484586806
15318,202610,1,0.24470490179091972
15320,202610,0,0.12774400790072293
15322,202610,0,0.04999114492823256
15323,202610,1,0.18502338325379944
15324,202610,0,0.13590164309518635
15327,202610,0,0.1662279769206131
15328,202610,1,0.33949801430131715
15329,202610,0,0.12278043681119634
15335,202610,1,0.14439418270922777
15340,202610,0,0.2571485655553878
15342,202610,1,0.052087674135542515
15349,202610,0,0.1320022365128482
15355,202610,0,0.10446566231184035
15356,202610,0,0.15565850068966292
15359,202610,0,0.3348490710156143
15360,202610,0,0.12074749760031704
15361,202610,0,0.07622245456530638
15364,202610,0,0.13988480300584838
15365,202610,1,0.11969157370408365
15367,202610,0,0.06512595099075894
15368,202610,0,0.22365258726664097
15370,202610,1,0.13795645647591856
15372,202610,0,0.2254958008415357
15373,202610,0,0.14241248458175623
15374,202610,0,0.06346314540700954
15377,202610,0,0.1545463114745265
15381,202610,0,0.13652336076469834
15383,202610,0,0.1492458171448303
15386,202610,0,0.04923134402191888
15387,202610,0,0.16379838419886045
15391,202610,0,0.13570409071505884
15392,202610,1,0.1295883171093728
15394,202610,0,0.052042337856428186
15395,202610,0,0.13394151607757468
15396,202610,0,0.0630734417782988
15397,202610,0,0.12255751137108702
15399,202610,0,0.12653693644088457
15400,202610,0,0.08449191149783923
15404,202610,0,0.12608870035189265
15405,202610,1,0.3637872235723054
15406,202610,1,0.12436117801682006
15407,202610,0,0.10973910634410561
15408,202610,0,0.11277771724898537
15409,202610,0,0.054697409038052876
15411,202610,0,0.2216794015517052
15414,202610,0,0.15587074452982097
15416,202610,0,0.1145473477073338
15421,202610,0,0.08387585274719735
15423,202610,0,0.12038577687910282
15424,202610,1,0.14196273102216816
15425,202610,0,0.0491255495891826
15426,202610,0,0.16078202697839955
15428,202610,0,0.1487856351066827
15429,202610,0,0.13079279295687196
15430,202610,0,0.15034545005249847
15437,202610,0,0.161087619234104
15438,202610,0,0.0627898561365189
15447,202610,1,0.15977884399446854
15449,202610,0,0.12006815661185638
15451,202610,0,0.14200278005246816
15455,202610,0,0.14136064862383954
15456,202610,0,0.15081592403877492
15459,202610,0,0.17136483831393162
15460,202610,0,0.1422187659345912
15461,202610,1,0.12508409459616512
15462,202610,0,0.1364914385065419
15465,202610,0,0.15786946938209553
15466,202610,0,0.1383696346135637
15467,202610,0,0.1433199771488107
15468,202610,0,0.1666254223043965
15469,202610,0,0.06341878405942175
15470,202610,0,0.12131954122830794
15473,202610,0,0.20676247847112994
15474,202610,0,0.16344726818813218
15478,202610,1,0.16739948516243883
15484,202610,0,0.11460673759796941
15486,202610,0,0.13557216938630134
15488,202610,0,0.11906262209860657
15489,202610,0,0.0638435221980781
15491,202610,1,0.21057125657635523
15492,202610,1,0.1216331797280292
15493,202610,0,0.13199650727152237
15494,202610,0,0.11580435712170231
15499,202610,1,0.07539066879986611
15502,202610,1,0.12350657139895072
15511,202610,0,0.05600406540212881
15512,202610,0,0.14987552881731514
15513,202610,1,0.0553690064289908
15517,202610,0,0.16905061647587033
15518,202610,0,0.14749760382060467
15522,202610,0,0.058776265073523
15524,202610,0,0.1568363466973228
15526,202610,0,0.12037978349659521
15527,202610,0,0.11901664361005602
15528,202610,0,0.12131207070606224
15532,202610,1,0.15285315794223894
15534,202610,0,0.14052184604593895
15537,202610,0,0.14989908718740752
15538,202610,0,0.15009082363755358
15541,202610,0,0.06358294170347854
15544,202610,0,0.13464987893095706
15545,202610,0,0.12898483284271284
15546,202610,0,0.05450495681234348
15547,202610,0,0.06613774230912689
15548,202610,0,0.17531699692638703
15549,202610,0,0.178629209541613
15550,202610,0,0.11677097993319596
15551,202610,0,0.0672884785163025
15552,202610,0,0.05502402896345592
15553,202610,0,0.11666764208892776
15558,202610,1,0.11901827989695303
15559,202610,1,0.16003053314505877
15562,202610,0,0.11606347069778047
15563,202610,0,0.2151227932054656
15564,202610,0,0.15506844999692984
15567,202610,0,0.1335634570819011
15568,202610,0,0.13657929123847762
15569,202610,0,0.058563403731440346
15573,202610,0,0.055612558756361556
15574,202610,0,0.10520465622925707
15579,202610,0,0.13618782549617417
15581,202610,0,0.0565230119024413
15582,202610,0,0.13404142505384867
15586,202610,0,0.15555360058146522
15589,202610,0,0.1402187452995269
15590,202610,0,0.12616720442003523
15591,202610,0,0.12016644810746095
15594,202610,0,0.11385844627618263
15596,202610,0,0.12433368309509948
15598,202610,0,0.13460577135855586
15600,202610,0,0.11214846823128138
15603,202610,0,0.1525331186975427
15609,202610,0,0.1469382912648053
15610,202610,0,0.2259159204954847
15613,202610,0,0.12577977442270616
15617,202610,0,0.04839025884201641
15619,202610,0,0.15899759603959526
15620,202610,1,0.2538446656435021
15621,202610,1,0.1413824752486464
15625,202610,0,0.10281355533459739
15632,202610,1,0.13261397615823284
15633,202610,0,0.06552841893473686
15636,202610,0,0.17128087660909305
15637,202610,0,0.14769571130815276
15640,202610,0,0.1231626790942509
15641,202610,0,0.11839036924087422
15642,202610,0,0.10208297914339579
15643,202610,0,0.11049342365846108
15645,202610,0,0.1537076817464276
15650,202610,0,0.11453177607360145
15653,202610,0,0.07432551070829398
15655,202610,0,0.15541573803398415
15661,202610,0,0.1433724866411273
15663,202610,0,0.14575956930898346
15665,202610,0,0.060646771123996995
15667,202610,0,0.13416377733671933
15671,202610,0,0.0564307093138745
15672,202610,1,0.12698830771490086
15673,202610,0,0.23538192740014238
15676,202610,0,0.059378344956222344
15679,202610,0,0.13318072044877946
15680,202610,0,0.14729262535339824
15684,202610,0,0.22441010884224247
15685,202610,0,0.05220600451631078
15690,202610,0,0.14049073931411424
15695,202610,0,0.12271918890667283
15696,202610,1,0.11726248468735387
15698,202610,1,0.2435420567357831
15699,202610,0,0.19648468672804645
15701,202610,0,0.05698086220518718
15705,202610,0,0.22764292900409785
15709,202610,0,0.05692034483604622
15717,202610,0,0.1370786681035468
15718,202610,0,0.27679762577242034
15721,202610,0,0.32535239957824824
15723,202610,1,0.1669640284352872
15724,202610,0,0.16270722217762157
15725,202610,0,0.1096409361115902
15728,202610,0,0.12655452661736727
15729,202610,0,0.14506134139956964
15731,202610,0,0.130807335776012
15732,202610,0,0.1345253149454797
15733,202610,0,0.13023611437098345
15739,202610,0,0.1852112783273962
15742,202610,0,0.05303223446824523
15743,202610,0,0.054562279997790654
15744,202610,0,0.09830301434621466
15745,202610,0,0.06621273715643686
15746,202610,1,0.15554733442260715
15748,202610,0,0.060469901869718255
15751,202610,0,0.17939930724013
15752,202610,0,0.1439045205877
15760,202610,0,0.06688794120630343
15761,202610,0,0.061299158959382836
15764,202610,0,0.1462387239468176
15766,202610,0,0.18033065774927523
15770,202610,0,0.05014880268679066
15771,202610,0,0.13373380229486678
15773,202610,0,0.05828548455826187
15774,202610,0,0.1467302916343244
15776,202610,1,0.1946677630376324
15777,202610,0,0.14834818970797126
15778,202610,0,0.17423659184551116
15780,202610,0,0.05963502637755141
15782,202610,0,0.31353868145715647
15783,202610,0,0.14612590366302497
15785,202610,0,0.12550871424050045
15787,202610,0,0.13378731300746516
15788,202610,0,0.18384293331087634
15789,202610,0,0.11483716210422389
15793,202610,0,0.2214591822587057
15795,202610,0,0.1388754582896428
15798,202610,0,0.1689791614975296
15801,202610,0,0.16755694162074689
15802,202610,0,0.12666307472821278
15804,202610,0,0.13272324696501883
15809,202610,0,0.1291581694712418
15810,202610,0,0.1247797851016127
15814,202610,0,0.13172925500971064
15831,202610,0,0.06728066967785218
15833,202610,0,0.25980157016450106
15835,202610,0,0.16024932799501124
15837,202610,0,0.045025240984643604
15841,202610,0,0.12210974431330462
15842,202610,0,0.07193989763018717
15845,202610,0,0.1307749496859575
15849,202610,0,0.06509716187848463
15850,202610,0,0.06979654986031691
15851,202610,0,0.04635986499582274
15853,202610,0,0.11612041366577056
15854,202610,0,0.13954120018791302
15857,202610,0,0.06582589890238152
15861,202610,0,0.2433396921436417
15862,202610,0,0.15962623330723816
15863,202610,0,0.14236186892552488
15868,202610,0,0.2065873814560078
15871,202610,0,0.12365709006559726
15873,202610,0,0.10379628996013128
15876,202610,0,0.1415445231530772
15880,202610,0,0.12348702454000146
15883,202610,0,0.13059190204381274
15884,202610,0,0.1023057878855568
15886,202610,1,0.13565743982891137
15887,202610,0,0.1083937980976427
15888,202610,0,0.11565053004914036
15889,202610,0,0.13659436270709516
15890,202610,0,0.13234287213277265
15891,202610,0,0.14398069443175535
15892,202610,0,0.13231710649224263
15893,202610,0,0.12526026686116254
15897,202610,0,0.09593252169772984
15898,202610,0,0.24560369705920873
15902,202610,0,0.1666099930698958
15903,202610,0,0.06864396373672281
15904,202610,0,0.1664414561050257
15905,202610,0,0.14412816835884662
15909,202610,1,0.19169764968020078
15910,202610,0,0.13031417098689768
15911,202610,0,0.13539043619430768
15912,202610,0,0.13283924301574834
15916,202610,0,0.05705638030669684
15917,202610,0,0.05016375518536234
15924,202610,0,0.1682111539783404
15930,202610,0,0.16366321594736752
15932,202610,0,0.17066379515994537
15937,202610,0,0.12756579054916448
15938,202610,0,0.13307818704683813
15939,202610,1,0.2392533259628505
15940,202610,0,0.14386809029549377
15941,202610,1,0.13068352747645584
15942,202610,0,0.13373262213951692
15943,202610,0,0.26989394755677615
15944,202610,0,0.06229846570306659
15945,202610,0,0.1313682175800213
15946,202610,0,0.13185716188104252
15948,202610,0,0.0582641940157551
15949,202610,0,0.06303855890659124
15952,202610,0,0.1290260256219873
15953,202610,0,0.15204904298072028
15954,202610,0,0.060106816383948665
15956,202610,0,0.1342559745408237
15957,202610,0,0.09924522401796948
15960,202610,0,0.0677785328601379
15962,202610,0,0.11447833337762922
15965,202610,0,0.120330366077592
15968,202610,0,0.15636083199507111
15969,202610,0,0.14024690595325534
15975,202610,0,0.11024091831097277
15977,202610,0,0.23718955019603982
15982,202610,0,0.1302300765604875
15987,202610,0,0.15802302505165863
15988,202610,0,0.121996782406687
15990,202610,0,0.05925070094780141
15991,202610,0,0.05215678461697579
15992,202610,0,0.07422475225204699
15993,202610,0,0.19392521731175638
15997,202610,0,0.12057995198666863
15998,202610,0,0.18865412424887257
16003,202610,0,0.1069114465470793
16007,202610,1,0.14323840867898158
16009,202610,0,0.14200359323839581
16012,202610,0,0.1316572428830922
16013,202610,1,0.14279456778906408
16014,202610,0,0.16156990272250485
16015,202610,0,0.14065541549177663
16016,202610,0,0.058737395119079217
16018,202610,0,0.2082176183067352
16019,202610,0,0.12476016690540392
16021,202610,0,0.13070432752377328
16022,202610,1,0.11285939612811285
16026,202610,0,0.12050813638794204
16028,202610,1,0.14908616763716748
16029,202610,0,0.15479033718031093
16030,202610,0,0.12828367272061256
16031,202610,0,0.05228339723709954
16032,202610,0,0.1387655511087703
16035,202610,0,0.1500854920555617
16037,202610,0,0.06272318589249222
16038,202610,1,0.17098288902942335
16041,202610,1,0.24203655181376502
16043,202610,0,0.10756802001330941
16045,202610,0,0.17140494172137175
16049,202610,0,0.15137216040225587
16051,202610,0,0.12639135974654592
16055,202610,0,0.18560534934308767
16060,202610,1,0.14775179593016843
16061,202610,0,0.15850239724727763
16063,202610,0,0.1364701061303615
16064,202610,0,0.1228521965206657
16065,202610,0,0.06805997622867167
16076,202610,0,0.21702215191478824
16078,202610,0,0.22839854936784787
16080,202610,1,0.2527778977920234
16082,202610,1,0.15631985045886687
16085,202610,0,0.13760543874662082
16087,202610,0,0.059886859609252566
16088,202610,0,0.15899430348891752
16091,202610,0,0.14074988412706127
16092,202610,0,0.13696167449562466
16093,202610,0,0.1421524299566542
16095,202610,0,0.17560478608191069
16099,202610,1,0.17336267928729496
16101,202610,0,0.10774033345292235
16102,202610,0,0.14811427302373134
16110,202610,0,0.14525449967195164
16111,202610,0,0.14046776915411735
16113,202610,0,0.16726002187403274
16118,202610,0,0.173208663442337
16121,202610,0,0.06225330959168285
16123,202610,0,0.20207342625496386
16127,202610,0,0.13367604328220015
16128,202610,1,0.18095644894006013
16129,202610,0,0.05556565929397792
16130,202610,0,0.12695751743099928
16133,202610,0,0.12714044458229984
16135,202610,0,0.13008335498395945
16136,202610,0,0.12886869508220303
16137,202610,0,0.17772723881899563
16138,202610,0,0.06844040945013212
16140,202610,0,0.16098298477993594
16141,202610,0,0.14273366089613462
16142,202610,0,0.12505308189590997
16144,202610,1,0.14257580588809296
16145,202610,0,0.14960826122351975
16147,202610,0,0.15231387578338104
16148,202610,0,0.18501014608992983
16149,202610,0,0.15720946281851228
16157,202610,1,0.11558637842843816
16158,202610,0,0.16240843440186048
16162,202610,1,0.13895152836301555
16163,202610,0,0.24279861445370793
16164,202610,1,0.06416346447369292
16165,202610,1,0.23824278792846906
16166,202610,0,0.0473014991968869
16169,202610,0,0.11921260137700339
16172,202610,0,0.14215791156149246
16173,202610,0,0.1638610136418715
16176,202610,0,0.1419746445979981
16177,202610,0,0.14795768080199012
16179,202610,0,0.15416778967203207
16181,202610,0,0.050086478838192054
16182,202610,0,0.26615970173068576
16184,202610,1,0.12091601899368182
16192,202610,0,0.20761349322998157
16193,202610,0,0.12763997152506307
16197,202610,0,0.16230616898008304
16198,202610,0,0.12404810067030417
16199,202610,0,0.12755629275561498
16201,202610,0,0.13866070412836154
16202,202610,1,0.1455623986686552
16203,202610,0,0.10446996424775525
16204,202610,0,0.07934474821259815
16209,202610,0,0.1560822085687438
16213,202610,1,0.3747974465760914
16218,202610,0,0.0938788040096453
16219,202610,0,0.17354465821275603
16220,202610,0,0.08757796599210402
16221,202610,1,0.15142990243184323
16222,202610,0,0.24178825709431795
16226,202610,0,0.15732760360195763
16227,202610,0,0.12143023233731684
16228,202610,0,0.14614442988663673
16229,202610,0,0.14992857151941397
16230,202610,0,0.14175762208861728
16231,202610,1,0.10336455903444704
16235,202610,0,0.12991042195721575
16237,202610,0,0.05348465350115827
16240,202610,0,0.12448604652178795
16242,202610,0,0.1361567788562141
16246,202610,0,0.15640634202173403
16247,202610,0,0.14696937574749944
16248,202610,0,0.13570544704935034
16250,202610,1,0.1443888433983838
16251,202610,1,0.12055870836678868
16254,202610,0,0.38335454808981184
16256,202610,0,0.15276510620978015
16258,202610,0,0.11397740758266857
16260,202610,0,0.051056264231833313
16263,202610,1,0.38062842517362877
16266,202610,0,0.14833419401783662
16270,202610,0,0.14032332883577706
16271,202610,0,0.14104024815632324
16272,202610,0,0.13730459803139675
16274,202610,0,0.136556112563337
16275,202610,0,0.14423821203222073
16276,202610,0,0.059887930164342296
16277,202610,0,0.13720036822612378
16278,202610,0,0.06086020155948638
16279,202610,0,0.13217017213653592
16280,202610,0,0.17417606039761327
16283,202610,0,0.3435255672904202
16284,202610,0,0.1124093761385048
16286,202610,0,0.10597538435405152
16288,202610,0,0.15109078704444096
16292,202610,1,0.14346209281831077
16293,202610,0,0.1143324391807379
16294,202610,1,0.16016482629896178
16295,202610,1,0.1241580202331595
16299,202610,0,0.2454861415193503
16300,202610,0,0.14567486812749442
16307,202610,0,0.1271019055876515
16314,202610,0,0.153753543658429
16315,202610,0,0.13561969678883246
16318,202610,1,0.15379182666756336
16319,202610,0,0.15351151148233882
16320,202610,0,0.16506450470077821
16321,202610,0,0.13560941159499704
16322,202610,1,0.1463937576729597
16324,202610,1,0.12362631788577655
16325,202610,0,0.05507200447226522
16329,202610,0,0.055651542067277765
16333,202610,0,0.06806682463894405
16334,202610,0,0.12458429464966278
16335,202610,0,0.15053313155747922
16336,202610,0,0.14960235679139672
16338,202610,0,0.12495854153657483
16342,202610,0,0.14992564754397983
16343,202610,0,0.22796784990620936
16344,202610,1,0.1636034088687095
16345,202610,0,0.11414169137349327
16346,202610,0,0.14516329437651904
16347,202610,0,0.12749750884518748
16348,202610,0,0.16335615216327457
16350,202610,0,0.05555156941219403
16352,202610,0,0.10495020657614156
16353,202610,0,0.057085031166217506
16354,202610,0,0.1477969808740331
16356,202610,0,0.15118755438744064
16357,202610,0,0.16725120221210057
16358,202610,0,0.11662373972498673
16362,202610,0,0.12088234842675442
16363,202610,1,0.14411607332907023
16364,202610,0,0.05533169616021051
16366,202610,1,0.25710123931744294
16367,202610,0,0.15194250827954045
16370,202610,1,0.2623071438679555
16371,202610,0,0.12071515011933329
16374,202610,0,0.1391899776084411
16376,202610,0,0.13903989496669866
16377,202610,0,0.17610318731287736
16378,202610,0,0.1599597361926013
16381,202610,0,0.08674736653910006
16383,202610,0,0.1296847438901636
16384,202610,0,0.1392052015052972
16385,202610,1,0.11636484643881456
16386,202610,0,0.1349926015028149
16388,202610,0,0.11957626827484573
16390,202610,0,0.14870521417683402
16391,202610,0,0.18422416656180765
16394,202610,0,0.13388425911245933
16397,202610,0,0.057942742003360886
16398,202610,0,0.15631324694849852
16400,202610,0,0.14174696937661832
16404,202610,0,0.1533889572417125
16409,202610,0,0.12066134027576705
16411,202610,0,0.09930761909979771
16414,202610,0,0.12491670601747845
16418,202610,0,0.25146827978916636
16420,202610,0,0.12466763915680401
16421,202610,0,0.1468847931240717
16425,202610,0,0.10500443796605423
16426,202610,0,0.12814690968771655
16428,202610,1,0.1382309418931911
16429,202610,0,0.14708903779971963
16430,202610,0,0.13024288205268963
16431,202610,0,0.0522072779489452
16432,202610,1,0.16522281134160716
16437,202610,0,0.06089699892313179
16438,202610,0,0.06486986062310728
16439,202610,0,0.10771254933393555
16440,202610,0,0.06263546236153819
16441,202610,0,0.15146904446587806
16446,202610,0,0.12921017469623403
16451,202610,0,0.12511716037727602
16461,202610,0,0.11842390844393952
16463,202610,1,0.12992019600429003
16464,202610,0,0.23497419614444165
16466,202610,0,0.209715265568453
16467,202610,0,0.11052998480282623
16468,202610,0,0.17167346258569186
16469,202610,0,0.13378389946069935
16470,202610,0,0.15832812495893733
16472,202610,1,0.06754113185456699
16477,202610,0,0.2440214059330165
16480,202610,1,0.15151462611322447
16483,202610,0,0.17066335153980153
16487,202610,0,0.1901394068367677
16488,202610,0,0.053438943491035236
16490,202610,0,0.06276523025766265
16496,202610,0,0.16929708707201238
16497,202610,1,0.13877593725910517
16500,202610,1,0.14014834747796354
16502,202610,0,0.0658131620785369
16508,202610,1,0.2485104440930681
16510,202610,0,0.13065872043842156
16511,202610,0,0.0617058015419995
16512,202610,0,0.13987014534822967
16513,202610,0,0.13795287382936042
16514,202610,0,0.043409202540843274
16515,202610,0,0.04229363423210371
16517,202610,0,0.1427466189627518
16519,202610,0,0.05868863475055445
16520,202610,0,0.06325592444595615
16525,202610,0,0.14913958348335093
16526,202610,0,0.23123469295834195
16529,202610,0,0.12807824038304866
16532,202610,0,0.13714308147830875
16533,202610,0,0.11688471183214168
16536,202610,0,0.25282729929312087
16540,202610,0,0.0724303154911802
16542,202610,0,0.1425618708626164
16544,202610,0,0.22400649939078499
16548,202610,0,0.13030405718084548
16549,202610,0,0.10932447808676174
16551,202610,0,0.28660920830538233
16552,202610,0,0.13071212334542515
16555,202610,1,0.14454597318328408
16557,202610,0,0.124082244100698
16558,202610,0,0.11281428304828732
16559,202610,0,0.15612302538431785
16560,202610,0,0.1402667050564158
16561,202610,0,0.13641729666650634
16562,202610,0,0.13399621817987803
16564,202610,0,0.12570626709179158
16565,202610,0,0.22697143870817446
16566,202610,0,0.1382089199052981
16572,202610,0,0.1460954192639577
16573,202610,0,0.14754791249027185
16574,202610,0,0.1532306759307025
16575,202610,0,0.064371419816011
16578,202610,1,0.332812675214328
16579,202610,0,0.1825527190895305
16580,202610,0,0.24749981610269106
16582,202610,0,0.10717106995372468
16584,202610,0,0.16174617668975413
16586,202610,0,0.12440039441500508
16588,202610,0,0.1390795972645895
16595,202610,0,0.13809298489229976
16597,202610,0,0.11090593883325446
16600,202610,0,0.1418765066036275
16601,202610,0,0.1469139911371255
16604,202610,1,0.05633695279975252
16606,202610,0,0.31166120537528735
16608,202610,0,0.06481210936335174
16611,202610,0,0.13978415532740232
16612,202610,1,0.13172107592625074
16613,202610,0,0.16058084749175822
16615,202610,0,0.14457750698878416
16617,202610,1,0.14126764349023202
16619,202610,0,0.14224388988723716
16621,202610,1,0.21764401186364032
16622,202610,0,0.15003499425942068
16624,202610,0,0.13064984576140354
16626,202610,0,0.15613841366098036
16628,202610,0,0.12656483620486508
16629,202610,0,0.12911235840310473
16630,202610,0,0.1272028501068607
16631,202610,0,0.06969785623722832
16634,202610,0,0.12403015053746311
16638,202610,0,0.1559663325721686
16640,202610,1,0.16414386435593098
16643,202610,0,0.12260219984662572
16645,202610,0,0.2013266163144748
16649,202610,0,0.12384752958512173
16651,202610,0,0.15493519750640278
16652,202610,0,0.13572865156723224
16653,202610,0,0.10300340876771966
16659,202610,0,0.1405951765915502
16660,202610,0,0.11690788768880055
16662,202610,1,0.059667372797202016
16668,202610,1,0.13180326642321097
16669,202610,0,0.13627284279472737
16670,202610,1,0.2501934667683342
16672,202610,0,0.14493097711924796
16674,202610,0,0.16566817590196034
16677,202610,0,0.16089811486472835
16678,202610,1,0.14899525002895544
16679,202610,0,0.13839421376685535
16680,202610,0,0.14421291532827374
16681,202610,0,0.06363747046355833
16684,202610,0,0.04236715713513793
16685,202610,0,0.1286666324487844
16686,202610,0,0.16332731012805976
16687,202610,0,0.12175546526510911
16688,202610,0,0.16366665160005028
16689,202610,0,0.10894418601767435
16690,202610,0,0.03932633592985822
16692,202610,0,0.1247336922947193
16693,202610,0,0.0491777802674864
16696,202610,0,0.06705219846471483
16697,202610,0,0.1309260449091472
16701,202610,1,0.15257939804709203
16703,202610,0,0.19976449588879278
16704,202610,0,0.05947768119701903
16705,202610,0,0.14156237335969432
16707,202610,0,0.1313892866877851
16711,202610,0,0.11475811848966802
16712,202610,1,0.14842462167702217
16713,202610,0,0.12346105525117762
16714,202610,0,0.4055704736904282
16715,202610,1,0.1369581188034871
16716,202610,0,0.11023651512121517
16717,202610,0,0.1411482733097873
16718,202610,0,0.12772263133135783
16719,202610,0,0.1536683590307077
16720,202610,0,0.04853604268995526
16723,202610,0,0.12494653083528244
16724,202610,0,0.2313367696250339
16728,202610,0,0.26511768585433293
16730,202610,0,0.1412860076046451
16735,202610,0,0.1683440049265004
16741,202610,0,0.12719105776905293
16742,202610,0,0.09656808694872492
16743,202610,0,0.10310403937726599
16744,202610,0,0.06789419378660173
16748,202610,0,0.13453953604516888
16750,202610,0,0.14695616058271205
16751,202610,1,0.1289626930348222
16752,202610,0,0.14794009828370833
16753,202610,0,0.12303321232635163
16754,202610,1,0.15543799368039285
16755,202610,0,0.15283027503194982
16756,202610,0,0.058753585600096477
16758,202610,1,0.14750401079280426
16760,202610,0,0.13737822431649555
16762,202610,1,0.1682394341674084
16764,202610,0,0.05910981690002794
16770,202610,0,0.23095339220643
16771,202610,0,0.12905212057857737
16772,202610,0,0.16767958312170989
16776,202610,0,0.14441291217935776
16777,202610,0,0.07146785591642642
16780,202610,0,0.1556335611387316
16781,202610,0,0.14905332350493908
16784,202610,1,0.2802658607999081
16788,202610,0,0.12965147270055274
16792,202610,0,0.12825049113107367
16793,202610,1,0.1712021959756786
16794,202610,0,0.1683569097513387
16795,202610,0,0.05691426474650675
16796,202610,0,0.0706980831339219
16798,202610,0,0.11893561366531115
16801,202610,0,0.15227111478980423
16802,202610,0,0.1313655937964428
16803,202610,0,0.15596382881214604
16808,202610,1,0.2233954157841939
16809,202610,0,0.24113294750865513
16810,202610,1,0.12350617982559668
16815,202610,0,0.12160825337635342
16816,202610,0,0.08069914428741085
16818,202610,0,0.1542556345445332
16819,202610,0,0.15852499282537896
16820,202610,0,0.14854300499719345
16824,202610,0,0.125284350473763
16829,202610,0,0.12851302496391492
16833,202610,0,0.1260507703148891
16834,202610,0,0.13192272585849774
16840,202610,1,0.1374453501604178
16846,202610,0,0.1257083653936727
16847,202610,0,0.15116411141879896
16848,202610,0,0.13081556902273164
16849,202610,1,0.12601116508191515
16852,202610,0,0.11328402093177402
16853,202610,0,0.13847546838066957
16857,202610,0,0.12426912907886174
16858,202610,0,0.16499859718532983
16859,202610,1,0.1280768284036161
16860,202610,0,0.1409842667270609
16861,202610,0,0.13567155973191905
16862,202610,0,0.1558072596211373
16867,202610,0,0.11642495878030713
16869,202610,0,0.12859906000684904
16870,202610,0,0.13116706869997216
16871,202610,1,0.25986644675043424
16872,202610,0,0.14429448841264922
16876,202610,0,0.15376080769508424
16877,202610,0,0.11638361548754998
16881,202610,1,0.16004754361408594
16883,202610,0,0.11158902191456431
16890,202610,0,0.07474341032376851
16893,202610,0,0.13200046260397189
16894,202610,0,0.06962848490862952
16897,202610,0,0.12214173256248567
16901,202610,0,0.12697812610318593
16902,202610,0,0.09966342990210393
16906,202610,0,0.04972028827106717
16909,202610,1,0.14308902516474328
16910,202610,0,0.0724849241929979
16911,202610,0,0.24360775346915434
16916,202610,1,0.24956709386405712
16921,202610,0,0.10868493400628662
16923,202610,0,0.09654419957955676
16926,202610,0,0.1717239290211463
16928,202610,0,0.15236821838967907
16930,202610,1,0.06228742899868753
16932,202610,0,0.1645137923507654
16933,202610,0,0.1350030405097294
16935,202610,0,0.13678563573947414
16942,202610,1,0.12448340499898863
16943,202610,0,0.13793448370075015
16944,202610,0,0.145776828667137
16947,202610,0,0.06172893481037772
16948,202610,0,0.13396711110205528
16949,202610,0,0.056908906689290155
16952,202610,0,0.2604421378624605
16953,202610,0,0.150052777273352
16954,202610,0,0.11938022150949801
16956,202610,0,0.1416309175466477
16958,202610,0,0.06570783090118813
16959,202610,0,0.13382798380244945
16962,202610,0,0.13178532990060415
16963,202610,1,0.1522595868363258
16969,202610,0,0.05969926724268247
16970,202610,0,0.0558564487356923
16972,202610,0,0.13892875102672722
16975,202610,1,0.34500123935704263
16977,202610,0,0.12420762358132507
16979,202610,0,0.12957291534395385
16981,202610,0,0.13595952077656515
16983,202610,0,0.13580220398345713
16984,202610,0,0.11689811564313249
16985,202610,0,0.12053904044158727
16986,202610,1,0.10487597376982036
16987,202610,0,0.15219768150213758
16989,202610,0,0.25718823370313837
16990,202610,0,0.16237648785878372
16992,202610,0,0.1454461659718313
16994,202610,0,0.1845403011610328
16995,202610,0,0.12579553308763844
16996,202610,1,0.2490060883585564
16997,202610,0,0.3090764717588899
16999,202610,0,0.19103624268389996
17000,202610,0,0.15891707123268622
17002,202610,0,0.15162665594336983
17003,202610,0,0.15829838958502807
17004,202610,0,0.36769041258641727
17006,202610,0,0.2285963463940086
17007,202610,0,0.15210276065961092
17008,202610,0,0.04657771642368964
17013,202610,1,0.12746779764747332
17014,202610,0,0.12394593270702145
17015,202610,0,0.15056699742579593
17017,202610,0,0.11619280307329954
17018,202610,0,0.1616190144454753
17020,202610,0,0.0779029174361678
17023,202610,0,0.13962313353351524
17024,202610,0,0.2545892470461266
17026,202610,0,0.2231893227441162
17028,202610,0,0.135688583457811
17035,202610,0,0.12582750213397606
17036,202610,1,0.3410704519786082
17038,202610,0,0.1311101332915709
17039,202610,0,0.13096927594745614
17041,202610,0,0.24848052905998871
17046,202610,0,0.16175638541925694
17052,202610,0,0.07262257660576789
17053,202610,0,0.07780447499481075
17056,202610,0,0.11312515931613214
17057,202610,0,0.12943678426215044
17062,202610,1,0.14379813078916037
17063,202610,0,0.13530109669095441
17067,202610,0,0.1535882411434258
17068,202610,0,0.13216139292122078
17072,202610,1,0.3468200317367602
17073,202610,0,0.06134359963971072
17075,202610,1,0.14124438554000163
17077,202610,0,0.14094165009818893
17078,202610,0,0.12312848309331972
17079,202610,0,0.13229743046686304
17080,202610,1,0.13837538095564383
17081,202610,0,0.13557017391293374
17083,202610,0,0.1516808978085168
17085,202610,0,0.12840251092310048
17086,202610,0,0.14441807258450906
17087,202610,0,0.12734123333216546
17088,202610,0,0.1400065975653804
17090,202610,0,0.14226375217547282
17093,202610,0,0.05221735019311924
17094,202610,0,0.05991467157401167
17095,202610,0,0.12109306016328564
17096,202610,0,0.07297742644238982
17099,202610,0,0.17685371436182884
17101,202610,0,0.1514274124898797
17102,202610,0,0.15369770840386382
17104,202610,0,0.1378331576690048
17105,202610,0,0.13057379855672122
17112,202610,1,0.13496647133292838
17113,202610,1,0.1490710028945439
17115,202610,0,0.11916481247057474
17116,202610,0,0.14837815723604195
17122,202610,0,0.057696610837344314
17123,202610,0,0.06805121147503283
17124,202610,1,0.13864642843971672
17127,202610,0,0.13526736899382102
17128,202610,0,0.14830757620751142
17129,202610,0,0.15479589568125587
17131,202610,0,0.16547690518382555
17136,202610,0,0.1321495401008078
17140,202610,0,0.07915949284652793
17141,202610,0,0.1569345893834103
17146,202610,0,0.11442399605217288
17147,202610,0,0.05297982418326296
17149,202610,0,0.17258241524159432
17153,202610,1,0.22617055460656776
17155,202610,0,0.14516321108404215
17158,202610,0,0.20148070846433727
17159,202610,0,0.12303602410099293
17162,202610,1,0.12618516142712724
17163,202610,0,0.13163686301222247
17164,202610,0,0.12492859375927433
17165,202610,0,0.14361507084509548
17167,202610,0,0.2742052166730308
17169,202610,0,0.20294844872017476
17170,202610,0,0.1224433391193063
17171,202610,0,0.1473186000938546
17172,202610,0,0.10172618795195518
17175,202610,0,0.3360770616097427
17176,202610,1,0.2377587344885211
17177,202610,0,0.12681124556552123
17181,202610,0,0.1208167980409285
17183,202610,0,0.048953256255020096
17186,202610,1,0.16013174024845744
17188,202610,0,0.12278038072169101
17189,202610,0,0.1281990942086436
17191,202610,0,0.10292184703452505
17192,202610,0,0.12249242279255577
17194,202610,0,0.12862160260774064
17208,202610,1,0.1511643199336197
17210,202610,0,0.11554282486383037
17211,202610,1,0.16318772040673693
17212,202610,0,0.1609327387893002
17219,202610,0,0.2259471706034827
17220,202610,0,0.14422507382758845
17222,202610,1,0.15745207921724708
17225,202610,0,0.13735070193775845
17227,202610,0,0.14170204340921674
17228,202610,0,0.05092119799765285
17229,202610,0,0.05696304815062649
17230,202610,1,0.12262228488099786
17231,202610,0,0.14823463044344198
17232,202610,0,0.151051295302348
17233,202610,0,0.05367110197413104
17236,202610,0,0.12138244929386381
17237,202610,0,0.1148895999377122
17240,202610,0,0.15243812768764986
17241,202610,0,0.12857518495396528
17243,202610,0,0.11848959435481615
17246,202610,0,0.1946520809038496
17247,202610,0,0.09891912851242333
17248,202610,1,0.13018105732649088
17249,202610,1,0.13321502505863622
17251,202610,0,0.25096064906953847
17253,202610,0,0.1172115456649013
17254,202610,0,0.05294623352435342
17256,202610,0,0.05117951501152467
17257,202610,0,0.1369226772153698
17262,202610,0,0.10783687473816263
17266,202610,1,0.23933275094420628
17267,202610,0,0.06846738120958637
17268,202610,0,0.1317778227313225
17269,202610,0,0.12473065501609691
17270,202610,0,0.16396728334049912
17271,202610,0,0.12155027832748218
17275,202610,0,0.1748899669964406
17276,202610,0,0.166072126876531
17277,202610,0,0.25035209677739834
17279,202610,0,0.1197562886003904
17281,202610,1,0.2487215653860121
17283,202610,0,0.061456111482399337
17285,202610,0,0.11305273553081971
17286,202610,1,0.053308963934686975
17287,202610,0,0.1341856870587483
17288,202610,0,0.05707274754586282
17294,202610,0,0.12583033821696213
17295,202610,0,0.056664125304703244
17296,202610,1,0.12423285414025566
17297,202610,0,0.14179442763423064
17298,202610,0,0.14839142950065248
17299,202610,0,0.23853074262631652
17300,202610,0,0.04203547434910708
17302,202610,0,0.14029514410852123
17303,202610,0,0.1226403480240244
17305,202610,0,0.14902067394208776
17306,202610,0,0.15974686417637549
17307,202610,0,0.18074109286003434
17310,202610,0,0.12134943975091783
17312,202610,0,0.06495984576696456
17316,202610,0,0.1361739710019395
17317,202610,0,0.11933814916273977
17318,202610,0,0.05164846631953772
17320,202610,0,0.04609701052009673
17321,202610,1,0.14064345298712236
17323,202610,0,0.13299273288200494
17324,202610,0,0.11510761096469738
17325,202610,1,0.13613511075163967
17327,202610,1,0.15097153811713926
17328,202610,0,0.2246770077085706
17330,202610,0,0.1331657295820086
17332,202610,0,0.14088857626974488
17333,202610,0,0.1061237231971651
17335,202610,0,0.07079051724231078
17336,202610,1,0.12692976176987356
17338,202610,0,0.12882625417112822
17340,202610,0,0.15587823646306564
17341,202610,0,0.11868492606265513
17343,202610,1,0.13507700743452003
17344,202610,0,0.14506369300880465
17345,202610,0,0.17302311335185114
17348,202610,0,0.1566246009537527
17349,202610,0,0.1647627975442454
17351,202610,0,0.1282757225948609
17352,202610,0,0.13980158018627914
17354,202610,0,0.06521053321374833
17355,202610,1,0.12755843364976327
17356,202610,0,0.2080880527964302
17357,202610,0,0.15238259935656656
17360,202610,0,0.25641487746545766
17361,202610,0,0.06793521749643135
17362,202610,0,0.16182701492993098
17363,202610,0,0.1711055978927138
17365,202610,0,0.3393253904626265
17366,202610,0,0.13479951569464899
17367,202610,0,0.11292111904646686
17369,202610,0,0.06451843869005768
17371,202610,0,0.15937838184501757
17373,202610,0,0.16304021276070796
17378,202610,0,0.14977668390905463
17380,202610,0,0.1501940173582071
17381,202610,0,0.12690168420773132
17382,202610,0,0.14286069374143265
17383,202610,0,0.12155580049814166
17387,202610,0,0.13902275682239176
17389,202610,0,0.14555404090386598
17391,202610,0,0.0941534632283478
17398,202610,0,0.13826157452985127
17399,202610,0,0.1648687032395993
17402,202610,0,0.12606863929828924
17405,202610,0,0.22032878407186196
17407,202610,0,0.05447932151085333
17409,202610,0,0.1264300803217357
17411,202610,0,0.11971251693579095
17412,202610,0,0.0485858077340268
17413,202610,0,0.12213388273124953
17415,202610,0,0.1349076607931339
17416,202610,1,0.19994063196789263
17420,202610,0,0.12558629126770315
17421,202610,0,0.12447535322568573
17422,202610,0,0.132112927398466
17426,202610,1,0.1370019008014088
17428,202610,0,0.13706085470702167
17430,202610,0,0.1215725932660365
17433,202610,0,0.11944490930385757
17435,202610,0,0.15067331442978676
17438,202610,0,0.11101066150003827
17440,202610,0,0.05312076809154752
17441,202610,0,0.3501981301457048
17442,202610,0,0.12925736596073475
17444,202610,0,0.1419616902749524
17448,202610,0,0.15144087131632553
17449,202610,0,0.20226846569351892
17456,202610,1,0.11350407124388281
17462,202610,0,0.13491338755216917
17463,202610,1,0.13524856493310436
17464,202610,0,0.1376675626420352
17466,202610,0,0.06202860440479049
17468,202610,0,0.16560186529762738
17469,202610,0,0.15836186238060235
17472,202610,0,0.1190918327591317
17473,202610,0,0.15633116398340496
17475,202610,0,0.1419722324736659
17479,202610,0,0.05367051033354405
17480,202610,1,0.14688791078093943
17481,202610,0,0.11716003614746844
17482,202610,0,0.14734687155582377
17485,202610,0,0.05199041324420935
17486,202610,0,0.212588051670409
17487,202610,0,0.13287371211175075
17488,202610,0,0.16653656142425607
17489,202610,0,0.05161040092598611
17490,202610,0,0.10990768701937298
17491,202610,0,0.06782183474300807
17492,202610,0,0.12995758911612315
17494,202610,0,0.09378850268130641
17497,202610,0,0.22129800811878064
17500,202610,0,0.1311378116954225
17506,202610,0,0.15726128367273354
17507,202610,0,0.13907564476937465
17508,202610,0,0.24883167843605206
17509,202610,0,0.14499124225028878
17510,202610,0,0.11124302950543338
17512,202610,0,0.2223809888740047
17513,202610,0,0.15807913510922864
17515,202610,0,0.16244484446768728
17519,202610,0,0.16464226867277676
17520,202610,0,0.15578979281211924
17521,202610,0,0.11767784355501738
17522,202610,0,0.16227588626069614
17523,202610,0,0.12242451411546858
17524,202610,0,0.11628830588090382
17527,202610,1,0.35180517660509586
17528,202610,1,0.17013044123609203
17530,202610,0,0.24910100873397573
17532,202610,0,0.06575262607448339
17535,202610,0,0.16693766548894368
17536,202610,0,0.12443737742441285
17545,202610,0,0.1296171694497251
17548,202610,0,0.14536880095035865
17549,202610,0,0.13551041098910951
17553,202610,0,0.15908410914680773
17555,202610,0,0.16487395303603036
17557,202610,0,0.14483265252966432
17558,202610,0,0.1253165415483527
17559,202610,0,0.14813457089357865
17562,202610,0,0.16970555310770544
17564,202610,0,0.058299423569248936
17565,202610,0,0.2283519765952164
17566,202610,0,0.154171114029216
17567,202610,0,0.1542996346099262
17568,202610,0,0.061451808280589
17569,202610,0,0.1320233715993705
17572,202610,0,0.12437380254906455
17573,202610,0,0.1735765140518217
17574,202610,0,0.13920684520488621
17575,202610,0,0.1362229643465399
17576,202610,1,0.1557609467101097
17577,202610,0,0.14566161381098394
17578,202610,0,0.13441356138458196
17580,202610,0,0.12440740812452304
17581,202610,0,0.1493045378199216
17584,202610,0,0.1081598492670332
17585,202610,0,0.1241900897021379
17586,202610,0,0.157886589129696
17590,202610,1,0.21946683169635006
17591,202610,0,0.13290645330269935
17592,202610,1,0.11580361405024352
17594,202610,0,0.15689062474161353
17596,202610,0,0.12831878708938624
17599,202610,0,0.2286202147328408
17602,202610,0,0.14945398927853676
17603,202610,0,0.15034736754910227
17605,202610,1,0.13198469583801745
17606,202610,0,0.0596548864543532
17612,202610,1,0.1445858056654167
17614,202610,0,0.16529403267058768
17621,202610,0,0.15960945900841358
17622,202610,1,0.3796959064104778
17624,202610,0,0.1806192251089803
17626,202610,0,0.24398157651060384
17628,202610,0,0.06417764748384208
17629,202610,0,0.1317170150832519
17630,202610,0,0.1627093028472759
17631,202610,0,0.13590491738116695
17632,202610,0,0.21877700040267348
17633,202610,0,0.0854708209237694
17636,202610,0,0.16812189964785598
17637,202610,1,0.23677655199311556
17641,202610,0,0.13366308015441167
17642,202610,0,0.24082291035271483
17644,202610,1,0.23888309663948976
17645,202610,0,0.17133452293442672
17646,202610,0,0.1984995078512766
17650,202610,0,0.13983668095466792
17651,202610,1,0.17873215395466957
17655,202610,0,0.11568184174843368
17658,202610,1,0.14480106464854986
17659,202610,0,0.10163189852202016
17660,202610,0,0.1490987922471087
17662,202610,0,0.14132911082089858
17664,202610,0,0.0720716625095761
17665,202610,1,0.15611389695198744
17671,202610,0,0.06150395719041784
17673,202610,0,0.14050086544316642
17676,202610,0,0.15215445615517642
17677,202610,0,0.14039341664927227
17679,202610,0,0.16099849123878696
17681,202610,1,0.15063538222252337
17685,202610,0,0.15332088344154737
17693,202610,1,0.17936473070969486
17694,202610,0,0.11936139987486051
17695,202610,1,0.1630506516627713
17700,202610,1,0.15393188207158773
17703,202610,1,0.13142694008842679
17705,202610,0,0.17469779604774482
17706,202610,0,0.13615501696276144
17708,202610,0,0.12318414546931016
17711,202610,0,0.15741415997616076
17714,202610,0,0.15988493328770503
17715,202610,0,0.054182673058955105
17718,202610,0,0.11426604711317913
17721,202610,0,0.1241820859965783
17724,202610,0,0.24555546348936697
17726,202610,0,0.15112424287278575
17727,202610,1,0.1175434014669612
17728,202610,0,0.11143608146297254
17729,202610,1,0.13579354352731898
17730,202610,0,0.12370925731986139
17732,202610,0,0.1190399600666677
17735,202610,0,0.2680742469633943
17737,202610,0,0.10487288060527074
17738,202610,0,0.16062874229369828
17739,202610,0,0.1419468648475481
17740,202610,1,0.15675913045345632
17741,202610,1,0.15368427798229528
17747,202610,0,0.13708041618293562
17749,202610,0,0.1343212546275127
17752,202610,0,0.1317409375131208
17753,202610,0,0.17888972072242226
17755,202610,1,0.13646408142298364
17756,202610,0,0.127307984295773
17757,202610,0,0.11447087062578902
17758,202610,0,0.08700706310937045
17760,202610,0,0.13826063040634065
17762,202610,0,0.11599801296690747
17763,202610,0,0.2226923948161357
17766,202610,1,0.17942643408405914
17769,202610,0,0.06335010514521738
17770,202610,1,0.2157333367586457
17771,202610,1,0.24020160470446075
17773,202610,0,0.22249377976071702
17775,202610,0,0.1299004704632672
17776,202610,0,0.05925009357746401
17779,202610,1,0.13778633771641954
17780,202610,1,0.14180531025271875
17781,202610,0,0.17090851587345104
17782,202610,0,0.10908714350486604
17783,202610,0,0.05658266438224636
17784,202610,0,0.16999730522801676
17785,202610,0,0.1234562346207822
17789,202610,1,0.11770879918420171
17793,202610,1,0.1546792557720987
17795,202610,1,0.23745677531724524
17796,202610,1,0.10997981553931581
17797,202610,0,0.13026354261817744
17798,202610,0,0.10272018920827639
17799,202610,0,0.15019056402359574
17800,202610,0,0.26799648648863056
17803,202610,0,0.11764613393164515
17804,202610,0,0.07250692441592971
17805,202610,0,0.0916771712959297
17808,202610,0,0.14000590516029715
17815,202610,0,0.11788455865238893
17817,202610,0,0.12726990867096588
17820,202610,1,0.13808513631055283
17823,202610,0,0.2726005125711765
17824,202610,0,0.13801444303874993
17825,202610,0,0.13605666719581067
17827,202610,0,0.05864595763228264
17828,202610,0,0.14127752079640155
17830,202610,0,0.13035879933340375
17831,202610,0,0.10204189841819856
17834,202610,0,0.11414046938214885
17835,202610,0,0.26935568866348536
17837,202610,0,0.12454933839335271
17838,202610,0,0.1650118173962469
17839,202610,0,0.13176339058289183
17843,202610,0,0.16814133932982286
17844,202610,1,0.39127896711721233
17846,202610,0,0.3597827459522211
17847,202610,0,0.1488480335830948
17848,202610,0,0.14261630642116083
17851,202610,1,0.06388098721465235
17853,202610,0,0.07302672505858183
17856,202610,0,0.13533111405791023
17857,202610,1,0.10634674677740967
17858,202610,1,0.2455884808088641
17859,202610,0,0.12591420235581466
17863,202610,0,0.06487759617764237
17867,202610,0,0.12297411265349845
17868,202610,0,0.06381440797887845
17869,202610,0,0.12166180805138718
17870,202610,0,0.19756230160561125
17875,202610,0,0.06421734035364579
17876,202610,0,0.13273529656231306
17877,202610,0,0.13871900784855212
17879,202610,0,0.16393486864600723
17883,202610,1,0.11874364997561095
17884,202610,0,0.15054689605665084
17885,202610,0,0.06884163070944044
17886,202610,0,0.06849001011126594
17890,202610,0,0.15191655341927526
17894,202610,1,0.14886414053969788
17896,202610,0,0.10743712653294678
17897,202610,0,0.1016022150494294
17900,202610,0,0.08805377890368828
17901,202610,0,0.12502166960852393
17902,202610,0,0.14222779139149702
17903,202610,0,0.13836822089057418
17908,202610,0,0.14022998040238985
17913,202610,1,0.12605102687195494
17914,202610,0,0.16185916602534628
17915,202610,0,0.14235766964784088
17916,202610,0,0.06156611344450597
17920,202610,0,0.14468736874169424
17921,202610,0,0.1679225459432762
17924,202610,0,0.15032411529404494
17925,202610,0,0.12245213440132671
17926,202610,0,0.10093347244512814
17927,202610,0,0.12316871240687198
17928,202610,0,0.2156062121980157
17930,202610,0,0.12838499613778773
17931,202610,1,0.16627057728829098
17932,202610,0,0.10613914472792836
17933,202610,0,0.15361869191682168
17935,202610,0,0.13991290936318562
17939,202610,0,0.1484958548437084
17941,202610,0,0.24399274049053127
17942,202610,0,0.2553251929250653
17943,202610,0,0.21552860090525036
17944,202610,0,0.144657351350571
17945,202610,1,0.12478085353558457
17946,202610,1,0.17484531098335765
17947,202610,0,0.05429834563666796
17948,202610,0,0.12074229264431062
17950,202610,0,0.13919574088785513
17953,202610,1,0.20506041957866675
17956,202610,0,0.13532776075193503
17957,202610,0,0.23707773868094004
17959,202610,0,0.12673239011091972
17963,202610,0,0.12119037895693355
17964,202610,0,0.13557072538039563
17966,202610,0,0.13021093751503393
17968,202610,0,0.22905234223379609
17969,202610,0,0.14750864873987987
17970,202610,0,0.16293730783080285
17973,202610,0,0.1284411681106555
17974,202610,0,0.14315434591993895
17975,202610,0,0.12392316442574129
17976,202610,0,0.14727672430305297
17980,202610,0,0.10588610128872412
17985,202610,1,0.11709821462820551
17986,202610,0,0.1649046412105824
17987,202610,0,0.06124122612510121
17990,202610,0,0.21098905360575396
17994,202610,0,0.1300674468665452
17999,202610,0,0.11706347110601231
18001,202610,1,0.22863747000927365
18002,202610,0,0.0601123112829348
18003,202610,0,0.05036876554658228
18004,202610,0,0.37175515984282836
18005,202610,0,0.18658728416031398
18007,202610,0,0.20199506652676172
18008,202610,0,0.22440488576191556
18010,202610,1,0.18612215513975316
18011,202610,0,0.11669489386088205
18013,202610,0,0.07917448882266329
18015,202610,0,0.056422736955243157
18016,202610,0,0.12271601994212007
18018,202610,0,0.11790201310491813
18019,202610,0,0.1288272827752415
18022,202610,1,0.06811033209354972
18024,202610,0,0.12287760271487382
18026,202610,0,0.1471226086649687
18029,202610,1,0.216508161962401
18030,202610,0,0.15577058256506995
18032,202610,0,0.15805181217145683
18035,202610,0,0.1397818911486134
18039,202610,0,0.14529515561744047
18042,202610,0,0.12391088906119829
18044,202610,0,0.14179758803598067
18045,202610,0,0.12324221256227938
18046,202610,0,0.13447822029854584
18051,202610,0,0.09473552822820332
18052,202610,0,0.11815663654185775
18053,202610,1,0.1595568220861799
18054,202610,0,0.06103168024381048
18055,202610,0,0.13804450345876101
18059,202610,0,0.10910515428981604
18064,202610,0,0.15600980769346653
18066,202610,0,0.13928505220699147
18067,202610,1,0.1791654418514898
18072,202610,0,0.16539384706260707
18073,202610,0,0.05243554284236416
18074,202610,1,0.13617333416205163
18077,202610,0,0.155182898953702
18080,202610,0,0.12337591476987761
18081,202610,0,0.05780491077260902
18083,202610,0,0.11992720458988748
18084,202610,0,0.14347755842720059
18085,202610,0,0.1293041928480202
18086,202610,0,0.12614708653501636
18087,202610,0,0.141951640707267
18089,202610,1,0.12201698666529594
18090,202610,0,0.13658281445288015
18092,202610,0,0.14743917427099307
18093,202610,0,0.11009961698129325
18094,202610,1,0.14875273974852787
18095,202610,0,0.06029041052218507
18097,202610,0,0.12344215258587508
18100,202610,0,0.13852710071471475
18101,202610,0,0.1280356535595037
18102,202610,0,0.13168753186231366
18103,202610,0,0.16721823048347903
18104,202610,0,0.15021810648797446
18105,202610,0,0.12725104687170638
18109,202610,0,0.11059749834292315
18110,202610,0,0.16349139857024647
18112,202610,1,0.0677448397227668
18113,202610,0,0.19118149003379267
18115,202610,0,0.12287837206226913
18116,202610,1,0.22293637317901965
18117,202610,0,0.06774396786144495
18119,202610,0,0.13625476124146213
18126,202610,0,0.1803342075209408
18127,202610,0,0.05915290931536047
18128,202610,0,0.04228798236462746
18129,202610,0,0.14033784769941582
18130,202610,0,0.1119562859093132
18136,202610,0,0.22776506352954332
18137,202610,0,0.36769229983899376
18138,202610,0,0.15216558778845288
18141,202610,0,0.15333038540711427
18142,202610,0,0.14539166651751903
18144,202610,0,0.04673878922822007
18145,202610,0,0.1200560517602282
18146,202610,0,0.1457757237165715
18149,202610,0,0.19031302946188852
18150,202610,1,0.17329975840648518
18151,202610,1,0.1346856876866858
18152,202610,0,0.05644015849418641
18153,202610,0,0.20775649866019222
18154,202610,0,0.14637454088923524
18155,202610,0,0.1376469479108059
18156,202610,0,0.1897145634752831
18161,202610,0,0.15695433154693814
18163,202610,0,0.0690591922283578
18165,202610,0,0.06769298814503391
18166,202610,0,0.13693136404889547
18167,202610,1,0.15684706201716792
18168,202610,0,0.1544718002472638
18172,202610,0,0.043959956845100484
18174,202610,0,0.16198088706532482
18176,202610,0,0.06090372797949235
18177,202610,0,0.06954870840952955
18179,202610,0,0.1466831319421739
18180,202610,0,0.15783797687807674
18181,202610,0,0.16615858256588578
18182,202610,0,0.052339094485776214
18183,202610,0,0.1392039067802318
18184,202610,1,0.2149203411038323
18187,202610,0,0.12275859697620246
18188,202610,0,0.22603612444024665
18189,202610,0,0.1350404740236951
18192,202610,1,0.20471363143368887
18194,202610,0,0.14506197741086715
18196,202610,0,0.14398878683147706
18197,202610,0,0.153799047253576
18198,202610,0,0.09491919360737769
18199,202610,0,0.15068497908301737
18201,202610,0,0.14568176259931243
18203,202610,0,0.05752383947485298
18205,202610,0,0.1323245285039249
18206,202610,0,0.13244707033681316
18207,202610,0,0.1677544473203457
18210,202610,0,0.12477408838186804
18212,202610,0,0.1275263534110694
18213,202610,0,0.15099819365956985
18214,202610,0,0.12204439418569718
18215,202610,0,0.12503129039920563
18216,202610,0,0.13753554412407182
18219,202610,1,0.12469279421661687
18220,202610,0,0.08129018688517606
18221,202610,0,0.22101313523636332
18222,202610,0,0.053586920063211495
18223,202610,0,0.19605284214210203
18224,202610,1,0.15335565562876746
18227,202610,0,0.15392923947245285
18228,202610,0,0.1600713433021821
18229,202610,0,0.06227362537646488
18230,202610,1,0.2653745520448215
18231,202610,1,0.3431658310648867
18232,202610,0,0.18371633743063148
18234,202610,0,0.15016734896520342
18235,202610,0,0.15636857607444812
18238,202610,1,0.151030160865006
18239,202610,0,0.12718259167238727
18241,202610,1,0.13625661552316018
18242,202610,0,0.12629071968909328
18243,202610,0,0.1559927503365215
18244,202610,0,0.060042190058703065
18245,202610,0,0.16408109963209902
18246,202610,0,0.10133603532356439
18248,202610,0,0.13510486593829252
18249,202610,0,0.1251560960475738
18250,202610,0,0.25817326782501143
18252,202610,0,0.15156168852616836
18253,202610,0,0.25025228633817376
18254,202610,0,0.13123900893965854
18256,202610,0,0.131659736192424
18257,202610,0,0.12690322731699927
18262,202610,0,0.15163603960095465
18263,202610,0,0.059794623085872065
18264,202610,0,0.056541763627264506
18266,202610,0,0.13729462140254217
18267,202610,0,0.05527247002847163
18268,202610,0,0.11233403176972968
18269,202610,0,0.15366272546085272
18270,202610,0,0.15537155940452427
18271,202610,0,0.2316255084044151
18272,202610,0,0.11473380412575279
18273,202610,0,0.11963849398712842
18276,202610,0,0.15042990131766754
18277,202610,0,0.05851917398823134
18280,202610,0,0.12327488637451982
18282,202610,0,0.0621747078198947
18285,202610,0,0.14373459418049783
18288,202610,0,0.34306546189738324
18290,202610,0,0.12691983084298952
18291,202610,0,0.11784081876847138
18293,202610,1,0.1410960435227751
18294,202610,1,0.11673524900387036
18295,202610,0,0.0589219770383121
18296,202610,0,0.17762244257530255
18298,202610,0,0.14047518656342342
18300,202610,0,0.11488424882033754
18301,202610,0,0.13274179564173655
18302,202610,0,0.11231896035874515
18303,202610,1,0.17864340363601297
18304,202610,0,0.06483581314823098
18305,202610,0,0.13410810177026727
18306,202610,0,0.22407732947609418
18307,202610,0,0.06043789874293586
18308,202610,0,0.056138268859436895
18309,202610,0,0.12618327861763307
18311,202610,0,0.15319104850189705
18313,202610,0,0.15085403552378412
18314,202610,0,0.15363338453707545
18317,202610,0,0.12931795862073045
18318,202610,0,0.1700133806374111
18319,202610,1,0.24597157340950881
18320,202610,0,0.2085920180474795
18321,202610,0,0.1285085405167205
18323,202610,1,0.14880452567444755
18325,202610,0,0.3088327630170123
18326,202610,0,0.12193767125230179
18330,202610,0,0.14477914519418572
18331,202610,1,0.26542168212600126
18334,202610,0,0.11938493894324041
18336,202610,0,0.04886057243565409
18337,202610,0,0.13109830266026298
18338,202610,0,0.11253879417044417
18339,202610,0,0.126658727170024
18340,202610,1,0.21923052030992832
18341,202610,0,0.23979992140718961
18347,202610,0,0.07280381209500542
18348,202610,1,0.12788064781726743
18349,202610,1,0.14294505256058396
18352,202610,1,0.12016240728752103
18354,202610,0,0.06319398388547255
18355,202610,0,0.06103662685786409
18356,202610,0,0.1299601171326622
18358,202610,0,0.13017296431100928
18359,202610,1,0.11855464076015455
18360,202610,0,0.1760799762209262
18361,202610,0,0.14021257210366775
18363,202610,0,0.13055532497472436
18364,202610,0,0.21848646047006862
18366,202610,1,0.1520078907958769
18367,202610,0,0.12324018438690575
18368,202610,0,0.06316466481003785
18369,202610,1,0.2125108349896547
18371,202610,1,0.35257083894277635
18372,202610,1,0.2330581271116877
18373,202610,1,0.14130758172879265
18376,202610,1,0.05601483844695092
18380,202610,0,0.04977319823709605
18381,202610,1,0.22981784859170346
18383,202610,0,0.12335941118673187
18384,202610,0,0.10631984378617587
18385,202610,0,0.15046768175837932
18386,202610,0,0.1294158904971186
18387,202610,0,0.34280791195585475
18390,202610,0,0.13584526479762535
18391,202610,0,0.17521732882552313
18392,202610,0,0.12874543678466274
18393,202610,1,0.13194065929212387
18395,202610,0,0.3136557585508383
18396,202610,0,0.17278986615880737
18397,202610,0,0.10956116175067236
18399,202610,0,0.14821706350913982
18400,202610,0,0.22063710610821516
18401,202610,1,0.14995980585972543
18403,202610,0,0.16914551986690674
18404,202610,0,0.13025271995552376
18406,202610,0,0.12814607156498065
18407,202610,0,0.2434649164172897
18411,202610,0,0.1471592710933803
18412,202610,0,0.13145641030254399
18413,202610,0,0.12543610669308844
18414,202610,1,0.12829210496352184
18415,202610,0,0.13925293031016867
18417,202610,0,0.1534265402963788
18418,202610,0,0.11507025963048553
18420,202610,0,0.06085522971569686
18422,202610,0,0.11404973197629031
18423,202610,1,0.24377053887312872
18425,202610,0,0.06301590517628904
18426,202610,0,0.3435419315639135
18427,202610,0,0.048573157798971166
18428,202610,0,0.13756091694688932
18429,202610,0,0.14872881433435697
18430,202610,0,0.13369079335479647
18431,202610,0,0.1295957409893534
18432,202610,0,0.1549750382122634
18433,202610,0,0.3732138717680298
18434,202610,1,0.14002338911790485
18435,202610,0,0.14939703577370042
18436,202610,0,0.11459922208960838
18437,202610,0,0.04814602153450034
18439,202610,0,0.10597713248207484
18440,202610,0,0.13201270110549934
18441,202610,1,0.23969146483031256
18444,202610,0,0.12290364577581708
18445,202610,1,0.3384633588449629
18446,202610,0,0.1526101055494515
18447,202610,0,0.13113855943627656
18448,202610,0,0.153550209179706
18455,202610,0,0.10444532133235035
18456,202610,1,0.05125282009839357
18457,202610,0,0.12274436470641109
18459,202610,0,0.15874842383723553
18460,202610,0,0.10808518582210458
18462,202610,1,0.04808719348276717
18463,202610,0,0.1730986641697831
18464,202610,0,0.12227790454009861
18466,202610,0,0.15093906301118462
18467,202610,0,0.12675401179254156
18469,202610,0,0.14894456260499425
18470,202610,1,0.11342945604168718
18471,202610,0,0.054495689514592674
18475,202610,0,0.12848266367733044
18476,202610,0,0.05407528470935608
18477,202610,0,0.11221214548748075
18478,202610,0,0.2271975201567271
18483,202610,0,0.10916197548584902
18485,202610,1,0.12374160287419217
18488,202610,0,0.15397252217440188
18489,202610,0,0.06840377645708584
18490,202610,0,0.1213941333499622
18492,202610,0,0.2574687503375267
18493,202610,0,0.12283601379715081
18494,202610,0,0.14384790591697189
18498,202610,0,0.09983519120905623
18502,202610,0,0.13153942215299513
18503,202610,0,0.06987706451268481
18504,202610,0,0.14191953667109933
18506,202610,0,0.1114195217860687
18507,202610,0,0.14755160633444828
18508,202610,0,0.1495298686916439
18512,202610,0,0.12900825949660888
18514,202610,1,0.09681918741681093
18515,202610,0,0.04676287439129074
18517,202610,0,0.15947178071849133
18518,202610,0,0.12869578185726277
18519,202610,1,0.13168978086519015
18520,202610,0,0.13710764961516442
18521,202610,0,0.11015514831084693
18522,202610,0,0.13869878671558722
18523,202610,0,0.13907599763858836
18524,202610,0,0.06880676934370265
18525,202610,1,0.15378960387981308
18526,202610,0,0.2331687809104694
18530,202610,0,0.12321015222163559
18531,202610,0,0.14613789853678963
18532,202610,0,0.052292319149410155
18533,202610,0,0.1552854937995966
18534,202610,0,0.15539614879663785
18537,202610,1,0.1350078396057606
18540,202610,0,0.13037203421043547
18542,202610,0,0.11994188907877473
18543,202610,0,0.12491964643153576
18544,202610,0,0.1541647661705865
18547,202610,0,0.1279019529583183
18549,202610,0,0.05636531623307888
18552,202610,0,0.15846845872613946
18553,202610,0,0.19322671534621202
18554,202610,1,0.14394671508961995
18555,202610,0,0.13741840160605936
18556,202610,1,0.05452137211037823
18558,202610,0,0.15679793108558385
18561,202610,0,0.13396869298610903
18563,202610,1,0.248858342155934
18565,202610,0,0.06723629945223884
18568,202610,0,0.26141632207346
18570,202610,0,0.12539630657960962
18571,202610,1,0.13579568121875282
18572,202610,0,0.10907362088688882
18575,202610,0,0.15353244465078297
18576,202610,0,0.16004179417501857
18579,202610,0,0.14632314553167136
18581,202610,0,0.1439655630213508
18583,202610,0,0.09836561277326647
18584,202610,0,0.05471262492300348
18585,202610,0,0.05978019158649828
18590,202610,0,0.05836581646758999
18593,202610,0,0.14233025242547165
18594,202610,0,0.14034392837750043
18595,202610,0,0.10712145883088854
18597,202610,1,0.10766087296072191
18598,202610,0,0.12234779287123716
18600,202610,0,0.1961970441947618
18601,202610,0,0.32695996677353123
18602,202610,0,0.11650242062283796
18603,202610,0,0.2335464367559831
18604,202610,0,0.057522847460305934
18610,202610,0,0.13032289841751918
18611,202610,0,0.1301473068836967
18612,202610,0,0.153848754248215
18613,202610,0,0.10289411291361583
18614,202610,1,0.3828684094076878
18615,202610,0,0.1554495310601615
18617,202610,0,0.12586219916113167
18618,202610,1,0.09069056713336293
18619,202610,0,0.16365324827601832
18623,202610,0,0.05811515893264499
18627,202610,0,0.23857638132267772
18630,202610,0,0.12291886163757133
18631,202610,0,0.15576594584878137
18632,202610,0,0.05426503702844588
18633,202610,0,0.12498882399125691
18634,202610,1,0.15751840005497125
18635,202610,0,0.38251610260051877
18637,202610,0,0.3403844108517343
18638,202610,0,0.14084267120046884
18639,202610,0,0.11209756890168113
18640,202610,0,0.12320785862784046
18641,202610,0,0.0570351035550013
18645,202610,0,0.16305062173482374
18648,202610,0,0.10424064674155226
18649,202610,0,0.13281339506199724
18651,202610,0,0.11471774490795121
18653,202610,0,0.08655428852560915
18656,202610,0,0.16139355813758538
18657,202610,0,0.13295653832110532
18658,202610,0,0.1281129581232377
18659,202610,0,0.12516882884512964
18661,202610,0,0.15531619714567488
18663,202610,0,0.24968127703545256
18668,202610,0,0.14275705429109595
18669,202610,0,0.12399338885920583
18671,202610,0,0.1436767509362906
18672,202610,0,0.09918193658832901
18673,202610,0,0.1437770476534293
18678,202610,1,0.3714139187302235
18679,202610,0,0.1095537081928519
18680,202610,0,0.13956723054539727
18685,202610,1,0.14507542869622328
18686,202610,1,0.11710140580217272
18687,202610,1,0.060229107578861865
18689,202610,0,0.13908202519449617
18690,202610,0,0.15968032462607346
18691,202610,1,0.1622088595110979
18692,202610,0,0.13306177273031963
18694,202610,0,0.13664900911242242
18695,202610,0,0.17639987847251587
18697,202610,1,0.14057423111262468
18698,202610,0,0.15103258046485016
18699,202610,0,0.12545752561160575
18700,202610,1,0.2256131042146714
18704,202610,0,0.1551110713706424
18705,202610,1,0.11669257681417204
18706,202610,0,0.3316585999068773
18708,202610,0,0.1357650134985678
18709,202610,0,0.15369968957822386
18711,202610,1,0.19888389569325543
18712,202610,0,0.16048684835768814
18713,202610,0,0.1648369048326331
18714,202610,1,0.13551227962024645
18716,202610,0,0.24602469852042105
18717,202610,0,0.14656995464794073
18719,202610,0,0.38423338844506716
18721,202610,0,0.24174009921428796
18723,202610,1,0.1388601182639429
18724,202610,0,0.12200193642120383
18725,202610,0,0.0615852788813498
18728,202610,0,0.14426183504588283
18729,202610,0,0.12633767889930678
18732,202610,0,0.06540810939829513
18733,202610,0,0.13926999635994658
18734,202610,0,0.06599746934565874
18735,202610,0,0.16786043932573433
18736,202610,0,0.15190771091938812
18739,202610,0,0.11728307040156152
18740,202610,0,0.1548382531774839
18742,202610,0,0.15688718258235865
18743,202610,0,0.2489120660040714
18744,202610,0,0.13124074953983958
18749,202610,0,0.04268934806414953
18750,202610,0,0.14613125310838052
18751,202610,0,0.12832058792788523
18753,202610,0,0.12301828082195705
18754,202610,0,0.1697116749860994
18755,202610,0,0.1230550233675541
18756,202610,0,0.07242732412973246
18757,202610,1,0.3365742851360868
18759,202610,0,0.14840801633297024
18760,202610,0,0.06873998085842356
18762,202610,0,0.15905156107742266
18763,202610,0,0.11420822031558824
18764,202610,1,0.26584414059451467
18765,202610,0,0.13661420865497467
18766,202610,0,0.1110099037091855
18767,202610,1,0.13855064500115544
18768,202610,1,0.12793584040280526
18769,202610,0,0.11929237316457987
18772,202610,0,0.12296367903051335
18773,202610,0,0.07326187016929868
18774,202610,0,0.1477653455239006
18778,202610,0,0.13744679329842424
18779,202610,1,0.24727927515433756
18780,202610,0,0.07166417467868218
18782,202610,0,0.13608044705945277
18783,202610,1,0.13566534143352618
18784,202610,0,0.12549685463162757
18785,202610,0,0.13649485586833404
18786,202610,0,0.1444437042964089
18789,202610,0,0.14187932982729765
18792,202610,1,0.12472067453697229
18797,202610,0,0.13277337272315395
18798,202610,0,0.056246576877483655
18799,202610,1,0.2154845565195236
18801,202610,0,0.10100969199843084
18802,202610,0,0.14169168134509516
18804,202610,0,0.136570980987573
18807,202610,0,0.14593952702468133
18810,202610,0,0.21772669885957963
18811,202610,0,0.11040685643241831
18812,202610,0,0.2742392193174871
18814,202610,1,0.2537937854189785
18815,202610,0,0.1176069445843163
18816,202610,0,0.14348313715164346
18818,202610,0,0.15528669034604708
18819,202610,0,0.1674780856423173
18820,202610,0,0.16746960288804677
18821,202610,0,0.2329735283764513
18822,202610,0,0.17829891176640808
18825,202610,0,0.13779141207160658
18826,202610,1,0.14004069271594352
18827,202610,0,0.23236175898946812
18828,202610,1,0.14227633374174772
18831,202610,0,0.12909514504689992
18832,202610,0,0.1376915714474619
18833,202610,1,0.11834431569817186
18834,202610,0,0.2081818714279953
18835,202610,0,0.11017707564903566
18836,202610,0,0.11511528922365406
18837,202610,0,0.11434707551163892
18840,202610,0,0.06799488018261796
18842,202610,0,0.09961469723351407
18847,202610,0,0.12636838355087968
18849,202610,0,0.1347708900664698
18851,202610,0,0.22132300775087357
18852,202610,0,0.13371111929954263
18854,202610,0,0.15080770540186106
18855,202610,0,0.11891884242934121
18857,202610,0,0.12722741876421037
18859,202610,0,0.16243309227659256
18860,202610,0,0.172866619190737
18861,202610,0,0.1475511837696727
18862,202610,0,0.05088746120579031
18864,202610,0,0.1270184887329733
18868,202610,0,0.11243178352816864
18870,202610,0,0.14261841345233944
18871,202610,0,0.06037146277881362
18872,202610,0,0.14970530859433132
18874,202610,0,0.14309225146965177
18875,202610,0,0.15383566232560114
18880,202610,0,0.1722378226687151
18882,202610,0,0.1153697574021726
18883,202610,1,0.24679975265629028
18884,202610,0,0.12445322664658491
18885,202610,0,0.24977639425079387
18886,202610,1,0.1344034053582848
18888,202610,1,0.1642250775884926
18889,202610,0,0.15486800461671582
18892,202610,0,0.13634730320163485
18894,202610,0,0.23879922018403088
18895,202610,0,0.1428780839696277
18897,202610,0,0.16352694479572458
18898,202610,0,0.05665683504297867
18899,202610,1,0.15115667770205635
18900,202610,0,0.1963849329247377
18902,202610,0,0.14963608436730805
18907,202610,0,0.15923596826313707
18908,202610,0,0.1178196897458834
18909,202610,0,0.16059592547427387
18910,202610,0,0.33085606599837836
18912,202610,1,0.12835978791254027
18914,202610,0,0.14169635951542123
18917,202610,0,0.11986091852423081
18918,202610,0,0.12847666221662227
18919,202610,0,0.18938585743324463
18920,202610,0,0.12951766318809885
18921,202610,0,0.2501368643255965
18923,202610,1,0.29499077043549854
18924,202610,0,0.1375163168435572
18925,202610,0,0.11979904855851678
18927,202610,0,0.15637602319096758
18928,202610,0,0.06073640046658993
18929,202610,0,0.1121350412924307
18930,202610,0,0.13624686181192694
18932,202610,0,0.151378429898494
18934,202610,1,0.11506726145013042
18935,202610,0,0.052309828100984
18938,202610,0,0.09064832097930256
18940,202610,0,0.11108400180063971
18941,202610,0,0.1414401180984264
18942,202610,0,0.15450021179039394
18943,202610,1,0.14474522675720092
18944,202610,0,0.05913072494249201
18945,202610,1,0.05340890345791807
18946,202610,0,0.14069975250635416
18948,202610,1,0.1581125733891
18949,202610,0,0.11931059092936216
18950,202610,1,0.1161791957844644
18952,202610,0,0.16301332219279435
18953,202610,1,0.23214383253135967
18954,202610,0,0.058819778743639826
18956,202610,0,0.15780380217663975
18957,202610,0,0.06658569540715564
18959,202610,0,0.1578534026346768
18960,202610,0,0.10622815551028388
18961,202610,1,0.16824207739268193
18962,202610,0,0.15124634135594786
18963,202610,0,0.17790454858330165
18964,202610,0,0.23407251199129453
18965,202610,0,0.12962445336676512
18967,202610,0,0.11505798755809493
18969,202610,0,0.13907569504313858
18971,202610,0,0.21905347816349124
18973,202610,0,0.13205039393817794
18975,202610,1,0.24944692028776638
18976,202610,1,0.11896619585077692
18977,202610,0,0.11936422397762549
18978,202610,0,0.15458082548836052
18979,202610,0,0.12879938457144866
18980,202610,1,0.3351775997870472
18981,202610,0,0.15438085255588205
18982,202610,0,0.06732187935043442
18983,202610,0,0.14368374257557803
18984,202610,0,0.13184463541203767
18985,202610,0,0.13251384456514845
18986,202610,0,0.13738782443206302
18987,202610,0,0.1283877710730863
18988,202610,0,0.09353427084227013
18991,202610,0,0.07414186988903303
18992,202610,0,0.1280782648009718
18993,202610,0,0.13459029375049583
18994,202610,0,0.24567136970601466
18995,202610,0,0.13375584167084653
18996,202610,0,0.12523882665711913
18997,202610,0,0.12742779390869852
18999,202610,0,0.12431663867746338
19002,202610,0,0.10218802086858972
19003,202610,0,0.34502739788618675
19004,202610,0,0.11184148391356533
19005,202610,0,0.11080579285107155
19007,202610,0,0.10321831081465288
19009,202610,1,0.1324025450897915
19010,202610,0,0.14660723704887033
19011,202610,1,0.13745360007105398
19012,202610,0,0.12074401521157828
19013,202610,0,0.13735886290642038
19014,202610,0,0.11256275717506713
19015,202610,0,0.2041408868858632
19016,202610,0,0.13654551093558728
19017,202610,0,0.18079861824341534
19018,202610,0,0.1314398096299957
19019,202610,0,0.1257615061135507
19021,202610,0,0.13551019982168203
19022,202610,0,0.19315952590892205
19023,202610,0,0.26180077463739315
19024,202610,0,0.2248197074651599
19027,202610,1,0.2219496734797711
19028,202610,0,0.133599309272092
19029,202610,0,0.049950767127599396
19030,202610,0,0.06527774081151567
19031,202610,0,0.17233424395524854
19033,202610,1,0.1646418077823222
19034,202610,0,0.15474466648817628
19035,202610,0,0.05055096707529955
19036,202610,0,0.16526907705123411
19037,202610,0,0.12961078770556722
19038,202610,0,0.14905235609706263
19040,202610,0,0.06316357672579397
19041,202610,1,0.13223890757658846
19042,202610,0,0.2262458976550309
19043,202610,0,0.12202693276522507
19044,202610,0,0.1060492894394516
19046,202610,0,0.0724637524196846
19047,202610,0,0.2164065160130419
19048,202610,0,0.17681945659351186
19049,202610,0,0.14422471249982075
19051,202610,0,0.15118183163489982
19053,202610,0,0.12572466728741746
19054,202610,0,0.27133346716746864
19055,202610,0,0.15146579666255341
19056,202610,0,0.12352853624989668
19057,202610,0,0.1537894674394291
19058,202610,0,0.13737097496235962
19059,202610,0,0.10688421476126742
19060,202610,0,0.14410593485130474
19062,202610,0,0.15176185485129118
19063,202610,0,0.16566775210792004
19064,202610,0,0.15339440795893908
19066,202610,1,0.1413109430999701
19068,202610,1,0.2571338947187404
19069,202610,1,0.1726772801885213
19071,202610,0,0.26269192537237895
19072,202610,1,0.15603661836353072
19074,202610,1,0.16387462369020567
19078,202610,0,0.15099342078127462
19079,202610,0,0.1466949089801683
19080,202610,0,0.10792743759623144
19081,202610,0,0.06396033069462483
19082,202610,1,0.14314752477905426
19085,202610,0,0.1477619077018649
19086,202610,1,0.13466607430258976
19087,202610,1,0.15100195771212865
19088,202610,0,0.16109059489752803
19089,202610,0,0.1600051033557456
19090,202610,0,0.1459868908814385
19091,202610,0,0.2504961077176021
19092,202610,0,0.10780910458242111
19093,202610,1,0.1458954029551893
19094,202610,0,0.12910966569098306
19099,202610,0,0.16657965949987996
19100,202610,0,0.14744872309611967
19101,202610,0,0.07330561347918149
19103,202610,0,0.14953709349936334
19104,202610,0,0.16570610613808484
19105,202610,0,0.144388273413301
19106,202610,0,0.13569025145052005
19107,202610,0,0.21957828706229562
19108,202610,0,0.15796959713281175
19109,202610,0,0.05735046661833024
19111,202610,0,0.12649803161748002
19112,202610,0,0.15603055840693972
19113,202610,0,0.11681621778385352
19114,202610,0,0.13266860741250971
19116,202610,0,0.15909003978724773
19117,202610,0,0.1742964159388419
19118,202610,1,0.06419868822937644
19121,202610,0,0.14356688470793086
19125,202610,0,0.22365106448658323
19126,202610,1,0.1329242659507191
19127,202610,0,0.17843978160477802
19128,202610,0,0.13402860100391648
19130,202610,1,0.14238850313364199
19132,202610,0,0.15624641263408973
19134,202610,0,0.15250113857780548
19136,202610,0,0.13148038939732648
19137,202610,0,0.12046588440324549
19142,202610,0,0.15976193041511147
19143,202610,0,0.12164128293176153
19144,202610,0,0.1326923980049221
19145,202610,1,0.12382789833724969
19146,202610,0,0.14728169871619876
19147,202610,0,0.11818876338861312
19148,202610,1,0.3325108085043012
19150,202610,1,0.12506911744143956
19152,202610,0,0.07187083593965794
19154,202610,0,0.04732390615963952
19155,202610,1,0.14722455629783499
19156,202610,1,0.14521456091421053
19157,202610,0,0.1496167879784162
19158,202610,1,0.16681629307916843
19160,202610,0,0.13585214303299747
19161,202610,0,0.05864928814624514
19162,202610,0,0.22298049823592478
19164,202610,0,0.15479208668735708
19165,202610,0,0.055562976655400144
19166,202610,1,0.1417457502255428
19167,202610,0,0.05946877148359045
19168,202610,0,0.15600936363793744
19171,202610,0,0.06655385264414046
19172,202610,0,0.05911061859904841
19173,202610,0,0.1494397048051692
19174,202610,0,0.1510049528327733
19175,202610,0,0.24866499771976244
19176,202610,0,0.13918509243633395
19177,202610,0,0.15622247950284107
19178,202610,0,0.048685449743754154
19179,202610,0,0.2219472903347656
19180,202610,0,0.1975377830538888
19182,202610,0,0.15545850028278566
19184,202610,0,0.14708910506117692
19185,202610,0,0.06417388944953843
19186,202610,1,0.13681764222874634
19187,202610,0,0.05978817567767125
19189,202610,0,0.22109081155158
19190,202610,0,0.20444966670589212
19191,202610,0,0.10957635380459599
19193,202610,0,0.12433542406595728
19194,202610,0,0.16754537118281318
19195,202610,0,0.1470372313176389
19197,202610,0,0.17222149319928134
19198,202610,0,0.12572888471206428
19199,202610,1,0.3522904250909278
19200,202610,0,0.16096157451694165
19202,202610,0,0.06507946834926319
19203,202610,1,0.15001969142698682
19204,202610,0,0.10472238270512799
19205,202610,0,0.1333764420522743
19206,202610,0,0.11399150062272566
19209,202610,0,0.21040645841276726
19211,202610,1,0.12933544626191198
19212,202610,0,0.057698781728292625
19213,202610,0,0.1311433848362215
19214,202610,0,0.3887877084983011
19217,202610,1,0.13539562837012323
19218,202610,1,0.16548899154621124
19219,202610,0,0.18956321420622274
19220,202610,0,0.1657002255860461
19221,202610,0,0.18461250539924215
19222,202610,0,0.15747791566005062
19223,202610,0,0.14990904702821664
19225,202610,0,0.22327913084224227
19226,202610,0,0.1306315380314188
19228,202610,0,0.15363807813178434
19230,202610,0,0.3685488963245579
19234,202610,0,0.255982017056149
19235,202610,0,0.11144734382759205
19236,202610,0,0.14478715303066042
19240,202610,0,0.1594954599525129
19241,202610,0,0.1423503529658764
19242,202610,0,0.1399021265949041
19243,202610,0,0.31202545414415245
19244,202610,0,0.12645024761896295
19246,202610,0,0.14814772784502314
19248,202610,0,0.13790723317310322
19249,202610,0,0.15794495698645436
19250,202610,0,0.14029673784984872
19251,202610,0,0.15834502241349002
19252,202610,1,0.13082508680293214
19254,202610,0,0.13685858091811595
19255,202610,0,0.1447334416634698
19257,202610,0,0.0650045525717015
19258,202610,0,0.16223107995537803
19259,202610,0,0.13893925276681648
19260,202610,0,0.24056651404060414
19261,202610,0,0.11674874873553034
19262,202610,0,0.06611776883211265
19264,202610,0,0.14305409293086235
19265,202610,0,0.1718836290418276
19266,202610,0,0.1608617650967899
19267,202610,1,0.13775819251723675
19270,202610,0,0.12937251913160905
19271,202610,0,0.12624037786153544
19274,202610,0,0.1451283298638949
19275,202610,0,0.14914943383172702
19276,202610,0,0.0832595917646452
19278,202610,0,0.05511457024586611
19280,202610,0,0.12262661974093221
19281,202610,0,0.35621532815877677
19282,202610,0,0.15894344001096514
19285,202610,0,0.13386212407166354
19287,202610,0,0.1843806157070742
19288,202610,0,0.13716683726001389
19290,202610,0,0.145708266956151
19291,202610,0,0.2278068060870248
19292,202610,1,0.12783516312011728
19293,202610,0,0.14862162134136925
19294,202610,1,0.1520338845007252
19295,202610,0,0.20496665330394143
19296,202610,1,0.13418241822439392
19297,202610,0,0.05427504749238833
19298,202610,0,0.18618377527478622
19299,202610,0,0.1990244592327416
19300,202610,0,0.05737616806059245
19301,202610,0,0.12395236089522045
19302,202610,0,0.14170450259680173
19304,202610,0,0.13295184786090095
19305,202610,0,0.15907205784402192
19306,202610,0,0.10875346428133228
19308,202610,1,0.3513856983240794
19309,202610,0,0.16096319289001254
19310,202610,0,0.1313618676628137
19311,202610,0,0.2286358251678043
19313,202610,0,0.18336298398484752
19314,202610,0,0.1748812651846942
19315,202610,0,0.14791243921256617
19317,202610,0,0.1431245486432854
19320,202610,0,0.16223898784203644
19322,202610,0,0.04393433752331778
19323,202610,0,0.138438054228315
19324,202610,0,0.1654150798547108
19325,202610,0,0.1509266377524679
19326,202610,0,0.1193680612741025
19328,202610,0,0.1280954556568136
19329,202610,1,0.16546637950905532
19330,202610,0,0.14487448393832789
19331,202610,0,0.4070720779925634
19332,202610,0,0.14320768984675228
19333,202610,1,0.13060780814157869
19334,202610,0,0.14496641592479173
19336,202610,1,0.12066123967355373
19337,202610,0,0.13834772116062508
19338,202610,0,0.13733601069362902
19340,202610,0,0.12960507703407745
19341,202610,0,0.1303181060377016
19342,202610,0,0.13777780242244397
19343,202610,0,0.14890018675638658
19347,202610,0,0.3185811961100062
19348,202610,0,0.15797494205750603
19349,202610,0,0.22220880020099132
19350,202610,1,0.1459349961759213
19351,202610,0,0.11701384049192771
19352,202610,0,0.0689337443834691
19353,202610,0,0.1478039971427144
19354,202610,0,0.1505093462321475
19356,202610,0,0.1367053947531354
19357,202610,0,0.12964612441983456
19358,202610,0,0.21248042495980562
19361,202610,0,0.09807190303504246
19362,202610,0,0.1421041870269098
19363,202610,1,0.13069272324689055
19365,202610,0,0.13960425852853803
19366,202610,0,0.12855351385544245
19367,202610,0,0.16736832236059204
19369,202610,0,0.1332229091146154
19370,202610,0,0.20727229257964547
19371,202610,1,0.14275636481451284
19372,202610,0,0.14978200053171006
19376,202610,0,0.05152083423513729
19377,202610,0,0.12580775391058552
19380,202610,1,0.1173896311948032
19381,202610,1,0.15678677323919654
19382,202610,0,0.06366959868227268
19383,202610,0,0.23414771387558045
19384,202610,0,0.1503375537607297
19385,202610,0,0.1457358416821753
19386,202610,0,0.15414516509516588
19387,202610,1,0.2767578751861539
19388,202610,0,0.12764369168193068
19389,202610,1,0.2614518939008109
19390,202610,0,0.12849415974865405
19392,202610,0,0.13824725235635035
19393,202610,0,0.1713445425680303
19394,202610,0,0.11469313972383394
19395,202610,0,0.23491207010061077
19396,202610,0,0.13993086801177573
19397,202610,0,0.11309148858449748
19398,202610,1,0.26805403664226174
19399,202610,0,0.152535410585954
19400,202610,0,0.15461524652717082
19402,202610,0,0.14289499178531032
19403,202610,0,0.14369818385325264
19404,202610,0,0.11525913995253659
19405,202610,0,0.13290079208510222
19406,202610,0,0.13777449203690242
19408,202610,0,0.10260851964119477
19409,202610,1,0.09434630075546614
19411,202610,1,0.2197476129228982
19412,202610,0,0.16531872149595433
19413,202610,0,0.1437487263881475
19414,202610,0,0.14946780305130566
19419,202610,0,0.2296277962011843
19421,202610,0,0.16089997102288858
19422,202610,1,0.1442154206714644
19424,202610,0,0.1197726385315762
19425,202610,0,0.1315327908695428
19426,202610,0,0.1386561369273716
19428,202610,0,0.13410356146238628
19429,202610,0,0.38847623549375787
19431,202610,0,0.1554304905528484
19432,202610,0,0.14311972285787575
19434,202610,0,0.06418559224795527
19435,202610,0,0.1289761392745954
19436,202610,0,0.13380796405402623
19438,202610,0,0.10821975040997332
19439,202610,0,0.2516016335238425
19440,202610,1,0.06073389239685972
19441,202610,0,0.061895254737205904
19442,202610,0,0.06654986123698799
19443,202610,0,0.12794255512765473
19444,202610,1,0.14603073577927797
19446,202610,1,0.15371631966007768
19447,202610,0,0.10668084627729242
19448,202610,0,0.12115957747548833
19449,202610,0,0.09205592272188978
19450,202610,0,0.15103974064225567
19452,202610,0,0.12503867172808505
19455,202610,0,0.2581140259561403
19458,202610,0,0.1484092342544945
19459,202610,0,0.15563628319206177
19460,202610,0,0.1355003395637592
19461,202610,0,0.057184068370539964
19462,202610,0,0.11320198704946635
19463,202610,0,0.12189565358497687
19468,202610,0,0.16398693803661765
19469,202610,0,0.05121988057640723
19470,202610,0,0.3595851661567573
19471,202610,0,0.22551162343063705
19472,202610,0,0.13737688075993845
19474,202610,0,0.15468736878883807
19475,202610,0,0.11796770169145525
19477,202610,0,0.13973419735852824
19478,202610,0,0.11199992914166951
19479,202610,0,0.26692187314646393
19482,202610,0,0.14698494117928598
19484,202610,0,0.25879353393547744
19487,202610,0,0.11830882631252743
19488,202610,1,0.13188437106386605
19489,202610,0,0.24125785459279925
19490,202610,1,0.1290856059967569
19492,202610,0,0.1329172533824672
19495,202610,0,0.12355072092196431
19496,202610,1,0.20931276789921877
19497,202610,1,0.10227274209203377
19502,202610,0,0.1380780900822154
19503,202610,1,0.28375359642836057
19505,202610,0,0.09939187418380817
19506,202610,0,0.11300735304945948
19507,202610,0,0.11613985355655895
19509,202610,1,0.24535568496707863
19510,202610,0,0.11644020949216487
19511,202610,0,0.3541879259084294
19512,202610,0,0.06634831051521074
19513,202610,1,0.2148843103370322
19514,202610,0,0.12794161708880913
19515,202610,0,0.1397892549735046
19520,202610,0,0.1482334019346304
19521,202610,0,0.1501288387754245
19524,202610,0,0.2222911688368203
19525,202610,1,0.16543694732094782
19526,202610,0,0.1659887548312114
19527,202610,0,0.1368176993031204
19529,202610,1,0.15098936648790956
19530,202610,1,0.17415829879519124
19531,202610,0,0.2549828558740692
19532,202610,0,0.1210960557429146
19534,202610,0,0.15177259428245765
19538,202610,0,0.1558162870653974
19539,202610,0,0.051690717772821866
19542,202610,0,0.10310673520845388
19543,202610,0,0.12198631801811388
19545,202610,0,0.1605479801319684
19546,202610,0,0.14019685343333876
19548,202610,0,0.18321870306997037
19549,202610,0,0.2733394472628128
19550,202610,0,0.1754315808223883
19552,202610,0,0.12623587537631695
19553,202610,0,0.04876269882592784
19554,202610,0,0.1166356823423968
19555,202610,0,0.1342858788142908
19556,202610,0,0.14486941116371957
19557,202610,0,0.13030157153055388
19558,202610,1,0.19245158485256636
19561,202610,0,0.14703745693961606
19562,202610,0,0.13989994265498623
19563,202610,0,0.16374602013103898
19565,202610,1,0.25462237356569317
19568,202610,0,0.12333272060304287
19570,202610,0,0.12035263383088694
19572,202610,0,0.1388875260733482
19574,202610,0,0.2530280706056571
19576,202610,0,0.21796746418874177
19578,202610,0,0.12303381927380515
19579,202610,0,0.1422942104988891
19580,202610,1,0.21840644057821515
19581,202610,1,0.13509136798297186
19582,202610,0,0.17753613260589915
19585,202610,1,0.14206661514373367
19586,202610,0,0.06098545454102854
19587,202610,0,0.09931031886844292
19589,202610,0,0.10025410480842865
19590,202610,0,0.0612109113617648
19592,202610,0,0.13750222434480658
19594,202610,0,0.06150340335147126
19595,202610,0,0.13550413536305517
19596,202610,0,0.20995666206699473
19597,202610,0,0.14932375895653446
19599,202610,0,0.12217164375114095
19600,202610,0,0.11649357505130485
19601,202610,0,0.12790971438973117
19602,202610,1,0.10596735033332047
19603,202610,0,0.11804425569592805
19604,202610,0,0.13000192482579262
19605,202610,0,0.15703955707313713
19606,202610,0,0.1632101195075193
19607,202610,0,0.08681861207735607
19608,202610,1,0.24495754754886107
19609,202610,0,0.14745094531666
19611,202610,1,0.12433807851039966
19613,202610,0,0.16824848949784046
19616,202610,0,0.058513721165117244
19618,202610,0,0.06986885038928022
19619,202610,0,0.0531713101831506
19620,202610,0,0.11966235432666224
19622,202610,1,0.16046681701544005
19623,202610,0,0.12039451913261488
19624,202610,0,0.18993087684461746
19625,202610,0,0.13753127446962182
19626,202610,0,0.1802727684604933
19628,202610,0,0.1455240141305523
19629,202610,0,0.1624433902172432
19630,202610,0,0.05110876244546044
19631,202610,0,0.11734900904429944
19633,202610,0,0.13495614349723645
19634,202610,0,0.13552234024141768
19635,202610,0,0.25128042703726644
19636,202610,0,0.14325819705385598
19637,202610,0,0.13465081564101428
19639,202610,0,0.14766037017178854
19643,202610,0,0.14795285491617838
19644,202610,0,0.15609657242739972
19645,202610,0,0.17324192548466105
19647,202610,0,0.1591063153284172
19649,202610,0,0.16476573560955318
19650,202610,0,0.14982494023396967
19652,202610,0,0.15753755042188186
19653,202610,0,0.15680557064654888
19656,202610,0,0.11948963518836395
19657,202610,1,0.1051485246740668
19658,202610,1,0.3681692579578835
19660,202610,0,0.15965650162771244
19662,202610,0,0.1238559970344027
19663,202610,0,0.15077040219585883
19664,202610,0,0.16485571153406545
19665,202610,1,0.15563894376157666
19666,202610,0,0.14900444525371326
19667,202610,0,0.11554070307539521
19668,202610,0,0.12610195922033043
19671,202610,0,0.11393160395160387
19672,202610,0,0.14194569331965362
19674,202610,0,0.20572873069317765
19675,202610,0,0.13511287119935264
19676,202610,0,0.14803731954668017
19677,202610,0,0.13858141079121336
19678,202610,0,0.1523759010263107
19679,202610,0,0.13264452955288542
19680,202610,0,0.18815643571484097
19681,202610,0,0.14105475570906637
19682,202610,0,0.1223410686202181
19683,202610,0,0.1574053052681713
19684,202610,0,0.11743597456940166
19686,202610,0,0.12836933000200135
19687,202610,0,0.15200479273723122
19689,202610,0,0.13347729855344345
19691,202610,0,0.14020372148844704
19692,202610,0,0.12310293942458495
19694,202610,1,0.15216589342312772
19698,202610,0,0.21564939502417382
19699,202610,0,0.1429949559289531
19700,202610,0,0.13159906053018583
19702,202610,0,0.12755241057811084
19704,202610,1,0.258834208625797
19705,202610,1,0.14499534238241038
19706,202610,0,0.1588142855875432
19707,202610,0,0.3585738481355874
19708,202610,0,0.1440685778343078
19709,202610,0,0.15993299895096977
19710,202610,0,0.1170803085314464
19711,202610,0,0.14971383873822824
19712,202610,1,0.22106811054409203
19713,202610,0,0.08714511617456039
19714,202610,0,0.13826498650734642
19715,202610,1,0.1527658257169438
19716,202610,0,0.1627339606366946
19717,202610,1,0.2260413555794753
19718,202610,0,0.12134484832547317
19719,202610,0,0.15137972358253496
19720,202610,0,0.11371638903348849
19721,202610,1,0.052935486949830024
19722,202610,0,0.1533823367950003
19723,202610,1,0.12464135594190165
19724,202610,0,0.06307729997610625
19726,202610,0,0.2222851088692143
19727,202610,0,0.14963195384942574
19728,202610,0,0.05809760936155577
19729,202610,0,0.15406923823311852
19730,202610,1,0.14076859040298015
19731,202610,0,0.21363091563111916
19732,202610,1,0.23318542591462146
19733,202610,0,0.14601234381365125
19734,202610,1,0.16084264658996847
19735,202610,0,0.11728188900470053
19736,202610,0,0.15365968579552608
19739,202610,1,0.1597131817789891
19740,202610,0,0.14419853333771196
19743,202610,0,0.15054575869849932
19744,202610,0,0.14456609449061353
19746,202610,0,0.12371067159034232
19748,202610,0,0.12579959089791645
19749,202610,1,0.10656987979191015
19750,202610,0,0.14262918979289926
19751,202610,0,0.2208539671102431
19753,202610,0,0.12318993019488683
19754,202610,0,0.13939221247914352
19758,202610,0,0.10623626046981978
19759,202610,1,0.1901609607788999
19760,202610,0,0.1624958543878551
19765,202610,1,0.1326370542626279
19766,202610,0,0.06725007432944605
19768,202610,1,0.1354323309498412
19769,202610,0,0.05498716585996852
19770,202610,0,0.14340943910487663
19771,202610,0,0.258751624591704
19772,202610,1,0.14605745133380718
19775,202610,0,0.1636659723307334
19778,202610,0,0.11088447742333153
19779,202610,0,0.04785477365163418
19780,202610,1,0.13361050524198353
19781,202610,0,0.12520543039858756
19782,202610,0,0.3381169114007546
19783,202610,0,0.12779435228272273
19784,202610,0,0.04832128164866364
19785,202610,0,0.2584242779957718
19786,202610,0,0.1297665997927083
19787,202610,1,0.23173141348557164
19788,202610,0,0.23945734936153637
19790,202610,0,0.13100778203572877
19791,202610,0,0.05489998114903697
19792,202610,0,0.05216768413465729
19793,202610,0,0.11927784918867684
19794,202610,0,0.16440029143483664
19795,202610,0,0.1300917061587063
19796,202610,1,0.12822288649038954
19797,202610,0,0.24838428136094165
19798,202610,0,0.14356647074062834
19800,202610,1,0.1308596810904843
19802,202610,0,0.06357937719153711
19803,202610,0,0.17133980014374878
19804,202610,0,0.137682188286501
19805,202610,0,0.14414710108051715
19806,202610,0,0.15029666748126677
19807,202610,1,0.3721033429906306
19810,202610,0,0.17721411350107155
19811,202610,0,0.1475129594855652
19813,202610,0,0.06711725937480244
19817,202610,1,0.23407918637383984
19818,202610,0,0.11374385853792818
19819,202610,0,0.14399877411229445
19820,202610,0,0.16149718718631975
19824,202610,0,0.19381370250794566
19825,202610,1,0.26420260574162496
19828,202610,0,0.10082974021623489
19830,202610,0,0.13611388407558603
19831,202610,0,0.2607025544605797
19832,202610,0,0.05846095451474725
19833,202610,0,0.1770532001570946
19834,202610,0,0.148449535714775
19835,202610,0,0.12834344989884625
19836,202610,0,0.1241919248549641
19838,202610,0,0.13805969036401164
19839,202610,0,0.14351607367127184
19841,202610,0,0.14850763653615245
19843,202610,0,0.1175419999978005
19844,202610,0,0.12481782645192087
19845,202610,0,0.1355108977165984
19846,202610,0,0.1637330104518246
19847,202610,0,0.214499536770188
19848,202610,0,0.15958312014077483
19851,202610,0,0.2039407219719116
19853,202610,0,0.1557947862998372
19855,202610,0,0.1439776390483305
19857,202610,0,0.15232289117171505
19858,202610,0,0.13761394968383545
19861,202610,0,0.06314117325356731
19862,202610,1,0.12101513436607249
19866,202610,1,0.3341417301592548
19867,202610,0,0.15637980686956546
19868,202610,0,0.15956253194926895
19871,202610,0,0.12932347130668326
19872,202610,0,0.22627932695607006
19874,202610,0,0.20458554104651858
19875,202610,0,0.1512147001786399
19876,202610,0,0.14535893263236951
19878,202610,0,0.14804764532304057
19879,202610,0,0.05854981635779171
19881,202610,0,0.19633799404235552
19882,202610,0,0.12428487804494576
19883,202610,0,0.10970721027122775
19884,202610,0,0.2298967594212612
19886,202610,1,0.13551697183045616
19887,202610,0,0.36325334048084
19889,202610,0,0.14496975008486293
19890,202610,0,0.14062033615898564
19891,202610,0,0.12045326224196796
19892,202610,1,0.2706477999127913
19893,202610,0,0.20460818546243342
19894,202610,0,0.2788957138837946
19895,202610,1,0.2650245667765417
19896,202610,0,0.14609116720895135
19897,202610,1,0.13446177276337756
19898,202610,0,0.35294258697005126
19899,202610,1,0.13380173876308477
19900,202610,0,0.2588977055799083
19901,202610,0,0.15604276778671372
19902,202610,1,0.25099462030995234
19904,202610,0,0.1589315144200727
19906,202610,0,0.3598272916499933
19910,202610,1,0.131172612723523
19911,202610,1,0.14367376941013907
19913,202610,0,0.12107542543241681
19914,202610,0,0.05493455603568955
19916,202610,0,0.06170191953861232
19920,202610,0,0.2423472595739784
19921,202610,0,0.05805587787862564
19922,202610,0,0.13358006027085892
19923,202610,1,0.14002642416346
19924,202610,0,0.27203536675607154
19925,202610,0,0.1377634705921106
19926,202610,0,0.16355517371436318
19930,202610,1,0.15433015049301754
19932,202610,0,0.16086764244748597
19934,202610,1,0.35018407932747636
19935,202610,0,0.05155417046144923
19936,202610,0,0.16390575853404687
19937,202610,0,0.11793895522603168
19938,202610,0,0.13043481709060478
19939,202610,0,0.15636985447345272
19940,202610,0,0.13718177565035944
19941,202610,0,0.14579235446684696
19942,202610,1,0.17501437415316948
19943,202610,0,0.11410001041846182
19946,202610,0,0.149896195920688
19947,202610,1,0.1502992814167099
19949,202610,0,0.06751881584765049
19951,202610,1,0.23609517549807268
19953,202610,0,0.14459841693316955
19955,202610,0,0.15841967806084098
19957,202610,0,0.15187167311715868
19958,202610,0,0.14875674461741323
19959,202610,0,0.19456057698653728
19960,202610,0,0.12144475065131141
19963,202610,0,0.12251266355351889
19964,202610,0,0.33850283490307104
19965,202610,0,0.16723200975110417
19966,202610,0,0.15298902325132346
19967,202610,0,0.12515416203579469
19968,202610,0,0.17614704927183117
19969,202610,0,0.04470424656693035
19970,202610,0,0.07396517036139574
19972,202610,0,0.10675090683965366
19973,202610,0,0.14411707694313014
19974,202610,0,0.1153532256158685
19975,202610,0,0.143064855580088
19977,202610,0,0.2616195419529343
19981,202610,0,0.3221672642684639
19982,202610,0,0.14446456546995304
19983,202610,0,0.05957212864305159
19984,202610,0,0.08069248053884957
19986,202610,0,0.24378489180921073
19987,202610,0,0.14820715495709463
19988,202610,0,0.12562691991553987
19989,202610,0,0.09988663720338123
19990,202610,1,0.10830626126290768
19993,202610,0,0.10102322051171105
19994,202610,0,0.1402641301822403
19995,202610,0,0.11344826851490024
19996,202610,0,0.13605407418342302
19997,202610,1,0.1357873361590148
19998,202610,1,0.22479378628920044
19999,202610,1,0.13288443669395195
20000,202610,0,0.060110055936102885
20001,202610,0,0.1553792832572814
20002,202610,1,0.06814561686007707
20003,202610,0,0.12549492707193446
20004,202610,0,0.15382546376282924
20005,202610,1,0.2018015747475285
20006,202610,0,0.11767114196831156
20007,202610,1,0.13996205668173503
20010,202610,0,0.21222777208428448
20011,202610,0,0.2758414184409379
20014,202610,1,0.10949552258221695
20015,202610,1,0.10063618908016954
20016,202610,0,0.20812254655716741
20017,202610,1,0.16117052770850404
20019,202610,0,0.1480209231931316
20020,202610,0,0.11033642459456271
20022,202610,1,0.25363876636178756
20023,202610,0,0.12840543531931836
20024,202610,0,0.13898932511452686
20025,202610,0,0.2332406987365047
20026,202610,1,0.1248498091132923
20027,202610,0,0.15108214606660858
20030,202610,0,0.16012406747794558
20031,202610,0,0.058045255410197324
20032,202610,0,0.1288975238955115
20033,202610,1,0.13578020091147647
20034,202610,0,0.14581193502507453
20035,202610,0,0.14493897264256292
20036,202610,1,0.16068341033407527
20037,202610,0,0.06526099804552021
20039,202610,0,0.15209513468742883
20040,202610,0,0.14323142516040627
20041,202610,0,0.1388046400517369
20042,202610,0,0.16317383615053205
20043,202610,0,0.1607747680913341
20044,202610,1,0.15839575780575596
20045,202610,0,0.11635178791020728
20047,202610,0,0.16577646868001653
20048,202610,0,0.25076607046625055
20049,202610,0,0.12218642703594787
20051,202610,0,0.2509009698672044
20052,202610,1,0.1797583979401774
20053,202610,0,0.14906941041812868
20055,202610,0,0.14837749428635916
20057,202610,0,0.23308714983069237
20058,202610,0,0.15680460667959142
20061,202610,0,0.15517057374336857
20063,202610,0,0.14678135446280927
20064,202610,1,0.1655467556615034
20065,202610,0,0.14676191371510433
20066,202610,0,0.12314619416338962
20067,202610,0,0.1526650751428697
20068,202610,0,0.05963789897475088
20069,202610,0,0.25273833335876583
20070,202610,0,0.15925059669825875
20072,202610,0,0.1286412216173012
20073,202610,0,0.17502085619957378
20075,202610,0,0.17050360038368753
20077,202610,0,0.22172531494770573
20078,202610,0,0.13366870005111334
20079,202610,0,0.15430525317138322
20080,202610,1,0.17104696950699166
20083,202610,0,0.11598358838454792
20084,202610,0,0.10472903439116167
20085,202610,0,0.14334834702681473
20086,202610,0,0.06550297451237228
20087,202610,1,0.1573772108292366
20088,202610,0,0.1320062761434246
20089,202610,0,0.14362209889457064
20090,202610,0,0.07265468737315191
20091,202610,0,0.2844996497110582
20092,202610,1,0.18302737082573828
20094,202610,0,0.1441543451274664
20096,202610,0,0.14400666446359345
20097,202610,1,0.3306550070751577
20098,202610,0,0.11745160199183637
20099,202610,1,0.10502811402486875
20100,202610,0,0.13105223695692786
20101,202610,1,0.1600272419232612
20102,202610,0,0.18267967122275966
20103,202610,0,0.16892937307193176
20104,202610,0,0.16913504894541512
20106,202610,0,0.1270751297234725
20107,202610,0,0.25528481612891946
20108,202610,0,0.3958362518959322
20110,202610,0,0.14218955627418337
20115,202610,0,0.06187837553612798
20117,202610,0,0.1734533279981137
20118,202610,0,0.3393828579828911
20119,202610,0,0.1251761123709541
20120,202610,0,0.28023385261151346
20121,202610,0,0.053027050843946065
20122,202610,1,0.32703379280325434
20124,202610,0,0.17078867428641542
20126,202610,0,0.10674765516616382
20127,202610,0,0.11797429358551242
20129,202610,0,0.11701311872015618
20130,202610,1,0.12314942233774578
20133,202610,0,0.12529492241139803
20135,202610,1,0.2352534002354929
20138,202610,0,0.1300922335455576
20141,202610,0,0.13866010548351632
20145,202610,0,0.15442987493861482
20146,202610,0,0.06025604950551209
20148,202610,0,0.15495345101488517
20150,202610,0,0.1485357008634442
20151,202610,0,0.14187783956785163
20152,202610,0,0.1586392280637665
20155,202610,1,0.2371487749573213
20156,202610,0,0.12260764126105805
20158,202610,0,0.14859154867801064
20160,202610,0,0.15429095164377188
20161,202610,0,0.0722032751416249
20162,202610,0,0.1285917579491026
20163,202610,1,0.049724380371664746
20164,202610,0,0.16212550111914995
20165,202610,0,0.27389164586050885
20166,202610,1,0.21850095733654767
20167,202610,0,0.11152604791032458
20169,202610,0,0.15369723777148966
20170,202610,0,0.15425246272877563
20171,202610,0,0.13276652915958626
20172,202610,0,0.058973463842847074
20174,202610,0,0.12202650639203992
20175,202610,0,0.15129210711445043
20176,202610,1,0.12210393790954178
20177,202610,0,0.13467393426077268
20178,202610,0,0.13452730414805733
20181,202610,0,0.1430875951294605
20182,202610,1,0.14490065954275025
20183,202610,1,0.2111439167043956
20184,202610,0,0.055792233209585054
20185,202610,1,0.13327263706945675
20186,202610,0,0.1866719412588204
20187,202610,0,0.24417874341251236
20189,202610,0,0.13685490498455233
20190,202610,0,0.13860369460665467
20191,202610,0,0.12810872712225516
20192,202610,0,0.14947877332639703
20193,202610,0,0.14668439333418304
20194,202610,1,0.12622474509607737
20196,202610,1,0.41281569093612863
20197,202610,0,0.26723615835217707
20198,202610,0,0.11126857964457637
20199,202610,0,0.1298833580739057
20201,202610,0,0.145240707076255
20202,202610,0,0.11537148521925186
20203,202610,0,0.14193456372407223
20204,202610,0,0.1321887717806867
20205,202610,0,0.1473540648216402
20206,202610,1,0.21835873366426284
20207,202610,1,0.24253128957406586
20208,202610,0,0.05937977610226966
20209,202610,1,0.14987836186710485
20210,202610,0,0.13753775377483216
20211,202610,0,0.14608477868964426
20212,202610,0,0.13947195014834043
20213,202610,0,0.14771110337619353
20214,202610,0,0.16537496695014184
20217,202610,0,0.11604081598346094
20218,202610,0,0.13159417388876257
20220,202610,0,0.1402300884920355
20221,202610,0,0.11030286731526796
20224,202610,0,0.3353731703857621
20225,202610,0,0.1333918929110861
20226,202610,0,0.15904895022936902
20228,202610,1,0.13741174417901925
20229,202610,0,0.14029801781055184
20230,202610,1,0.24663831408721562
20233,202610,1,0.13692417463657003
20234,202610,0,0.19060588448864685
20237,202610,1,0.237937047115666
20238,202610,0,0.145262903007364
20239,202610,0,0.2024644810480789
20241,202610,0,0.06642233191233854
20242,202610,0,0.14092370930606957
20243,202610,0,0.15693295829454323
20245,202610,0,0.15206006777143424
20246,202610,1,0.13938683563437199
20248,202610,0,0.14730252664518714
20249,202610,1,0.13433614857075202
20250,202610,0,0.15655436670448247
20251,202610,0,0.23186918579307203
20252,202610,0,0.1348628807891729
20253,202610,0,0.05204304981143352
20254,202610,0,0.1867781991678344
20255,202610,0,0.05762600522032703
20256,202610,0,0.14215901392485833
20257,202610,0,0.21657906815096603
20259,202610,0,0.04994855253313878
20260,202610,0,0.06866540811018708
20261,202610,0,0.13140812492320889
20262,202610,0,0.12346774491850301
20263,202610,0,0.11488331430710887
20264,202610,0,0.16186993308441613
20265,202610,0,0.058983490549598054
20266,202610,0,0.2447275465412015
20269,202610,0,0.05623041403652994
20270,202610,0,0.14612981475360057
20274,202610,0,0.10174853814136658
20275,202610,1,0.33668600598283077
20276,202610,0,0.22455873905321216
20277,202610,0,0.2547979410889251
20278,202610,0,0.1273115526180629
20279,202610,1,0.13323329637283565
20280,202610,1,0.27608848996408664
20281,202610,1,0.13426897664898657
20282,202610,0,0.12565281311194695
20283,202610,0,0.1276189901182852
20285,202610,0,0.13082803642582336
20286,202610,0,0.16679335302336676
20287,202610,0,0.06301129707896666
20288,202610,0,0.2324286451958683
20290,202610,1,0.11254721255188677
20291,202610,0,0.23259277305699588
20292,202610,0,0.06800536611322877
20293,202610,0,0.14647310237898237
20294,202610,0,0.1528655347730731
20295,202610,0,0.3076175431204519
20296,202610,0,0.14625459049145187
20297,202610,1,0.3476926679976782
20298,202610,1,0.14164250192119643
20300,202610,0,0.14602446423923582
20302,202610,0,0.1277003266673894
20303,202610,0,0.14298381183466702
20305,202610,0,0.15461570415774237
20306,202610,0,0.15150343094393867
20309,202610,0,0.1263496544594809
20311,202610,1,0.12550680459444308
20313,202610,0,0.11988991790765093
20314,202610,0,0.23024364069813869
20315,202610,0,0.1263696361055127
20316,202610,0,0.13234203028069344
20317,202610,0,0.11771511118363201
20318,202610,0,0.1618178310267413
20319,202610,0,0.12642535050755216
20320,202610,0,0.15777113896304354
20322,202610,0,0.12072876663347168
20323,202610,0,0.1563305350399904
20324,202610,0,0.06344490304176577
20325,202610,0,0.05807875408854681
20326,202610,0,0.06737253120196209
20327,202610,0,0.11885082930102188
20328,202610,1,0.1394426397182667
20330,202610,0,0.11690669177081683
20331,202610,0,0.1638709323247201
20332,202610,1,0.2459666199824947
20333,202610,1,0.1421401491382168
20335,202610,1,0.24518672160252555
20338,202610,0,0.34991747259004563
20342,202610,0,0.16372454767600494
20343,202610,0,0.13270385757590178
20345,202610,0,0.18294912164301874
20346,202610,0,0.1458388571734252
20347,202610,0,0.06375596265617628
20348,202610,0,0.13546689056958894
20349,202610,0,0.134818814051475
20352,202610,0,0.10809517279897207
20354,202610,0,0.06395436784356498
20355,202610,0,0.13999362858686448
20356,202610,0,0.24867709602228696
20357,202610,0,0.14697766219067906
20359,202610,0,0.12709075473423673
20360,202610,0,0.07768433254487826
20361,202610,0,0.14822294252553314
20363,202610,0,0.05916141812866
20364,202610,1,0.06458190129964944
20365,202610,0,0.15150218628649215
20366,202610,1,0.13407934338814076
20367,202610,0,0.317845904352527
20368,202610,1,0.13434213967234623
20369,202610,0,0.3469532711916444
20370,202610,0,0.06164267210129306
20372,202610,0,0.10790523995383659
20373,202610,0,0.13788612320210092
20374,202610,1,0.16496118044820174
20375,202610,0,0.349812957177566
20376,202610,0,0.13399810498357984
20377,202610,0,0.14460702752497065
20379,202610,0,0.06856660169553183
20380,202610,0,0.143859156989072
20382,202610,0,0.05845916983449976
20383,202610,0,0.13572520793838008
20384,202610,0,0.1712221802587256
20385,202610,0,0.11108107248514693
20386,202610,0,0.12514469604746098
20387,202610,0,0.1792857856763696
20389,202610,0,0.1308879466830394
20390,202610,1,0.06926745939069286
20391,202610,0,0.16838596715155935
20392,202610,0,0.07807066921932573
20395,202610,0,0.14770950168105776
20396,202610,0,0.24594127928951628
20397,202610,0,0.24324824228793837
20398,202610,0,0.2783438150270704
20401,202610,0,0.13147551691468692
20402,202610,1,0.13029682294958453
20403,202610,0,0.13768867980553487
20404,202610,0,0.14066833455085093
20406,202610,0,0.24505277794726965
20407,202610,0,0.15345587433159746
20409,202610,0,0.13551191411809127
20411,202610,0,0.13466926927045483
20412,202610,0,0.15507125442894593
20414,202610,1,0.16860724912838568
20415,202610,0,0.12441328092750739
20418,202610,0,0.11128822556202682
20419,202610,0,0.1282136531754621
20420,202610,0,0.05667370369566889
20423,202610,0,0.13398132860992987
20425,202610,0,0.14993301074034013
20428,202610,0,0.25245965087799405
20429,202610,0,0.11771402177880133
20430,202610,0,0.15743626350594758
20431,202610,1,0.10807249564975507
20432,202610,0,0.1274772374084771
20433,202610,0,0.3451659076442126
20434,202610,0,0.24709902164434003
20436,202610,0,0.12460428614460828
20437,202610,0,0.11898373264242985
20438,202610,0,0.164524028273205
20439,202610,0,0.12352036787849391
20440,202610,0,0.13176931764948457
20441,202610,1,0.11252742429681524
20442,202610,0,0.13476463202794772
20444,202610,0,0.25525893877673117
20446,202610,0,0.12427867266604282
20449,202610,0,0.1745839396449274
20450,202610,0,0.3310266402242156
20451,202610,1,0.35553480977051727
20452,202610,0,0.11338316615403324
20453,202610,1,0.19909078269625494
20454,202610,0,0.13012315255813223
20455,202610,0,0.13109097869240438
20456,202610,0,0.1284505185646518
20458,202610,0,0.1409590318625832
20460,202610,1,0.1454537153659374
20461,202610,0,0.16377303662267378
20462,202610,0,0.14953123566737947
20464,202610,0,0.16566833263128855
20465,202610,0,0.11406212383654138
20466,202610,0,0.13250003743637262
20467,202610,0,0.1497658361282213
20468,202610,0,0.049242498951406165
20472,202610,0,0.18124203073285539
20473,202610,0,0.063474611608793
20475,202610,0,0.1366293277818036
20477,202610,0,0.14024410431883302
20482,202610,0,0.12995114730190022
20483,202610,0,0.23430831557642648
20485,202610,0,0.1515276365829931
20486,202610,0,0.2328131205944994
20487,202610,0,0.15671765003360982
20489,202610,0,0.21313522359078588
20490,202610,0,0.12945714459548247
20491,202610,0,0.13574547603240814
20494,202610,0,0.05089345194414128
20495,202610,0,0.1545026626950391
20496,202610,0,0.11788982927207849
20497,202610,0,0.12549500543541817
20498,202610,0,0.212667157009198
20499,202610,0,0.1286741981083174
20501,202610,1,0.258043346654334
20502,202610,0,0.16410618350635167
20507,202610,0,0.1003186799556903
20508,202610,0,0.13682000103718542
20509,202610,0,0.08095329283080772
20510,202610,0,0.14394192514048207
20511,202610,0,0.14369484109791406
20512,202610,0,0.059796855160658656
20513,202610,0,0.16880002736517252
20515,202610,0,0.361350240013263
20517,202610,0,0.15966137216100426
20518,202610,0,0.2827310489147932
20521,202610,0,0.1616646005978179
20522,202610,0,0.16187038048029354
20523,202610,1,0.14602836742897968
20525,202610,0,0.1525716091854967
20526,202610,0,0.13051080066336795
20527,202610,1,0.2373326095117758
20530,202610,0,0.1361168204925909
20531,202610,0,0.2157890276049418
20534,202610,0,0.1794855380360635
20535,202610,1,0.22621116147920015
20536,202610,0,0.13505536362759404
20540,202610,0,0.132080930374694
20541,202610,0,0.14045682492622089
20543,202610,1,0.13788872609952554
20544,202610,0,0.15897448611615866
20546,202610,0,0.1592245833713646
20547,202610,1,0.2593305761090501
20548,202610,0,0.06214172266071394
20549,202610,0,0.13241304310315583
20550,202610,0,0.053721122687842106
20551,202610,0,0.11164134755396021
20552,202610,0,0.14686982287684786
20553,202610,0,0.12803070074536765
20555,202610,0,0.2375728881645646
20558,202610,1,0.13622093686026826
20559,202610,0,0.1651410116550915
20560,202610,0,0.14021024058943354
20561,202610,0,0.2512529568005343
20562,202610,0,0.12570715484634473
20563,202610,0,0.14373552840567816
20565,202610,0,0.14721493221565288
20566,202610,1,0.17197406270465798
20567,202610,0,0.12901869639437613
20568,202610,0,0.19759648803860266
20569,202610,0,0.12160774720213499
20572,202610,0,0.1377346898475831
20577,202610,1,0.1375130065166802
20578,202610,1,0.2124439292005677
20580,202610,0,0.16291637655770666
20581,202610,0,0.15260498809850845
20582,202610,0,0.1488406719322801
20584,202610,0,0.2567389758619951
20585,202610,0,0.15016681878844962
20587,202610,0,0.12546282670359513
20588,202610,0,0.04433380861231865
20589,202610,0,0.10993829264290679
20590,202610,1,0.22053940369619085
20591,202610,0,0.14507642767096507
20595,202610,1,0.1844593290199381
20596,202610,0,0.12797361728747744
20597,202610,0,0.054145879713309676
20600,202610,0,0.14500266551483093
20601,202610,0,0.13982156160686599
20602,202610,0,0.19152470695449053
20603,202610,1,0.07296762829971055
20604,202610,1,0.1476942203469421
20605,202610,1,0.13803303941809242
20606,202610,0,0.05783174651078847
20609,202610,0,0.14697502792904996
20610,202610,0,0.15504885691306036
20611,202610,0,0.1289353136554659
20613,202610,0,0.12450406320249952
20616,202610,0,0.20241436373828184
20617,202610,0,0.056874461240070805
20618,202610,1,0.12411407516117073
20619,202610,0,0.05116834248045652
20622,202610,0,0.1597697305105082
20627,202610,0,0.13105144550706896
20630,202610,0,0.11982031251038691
20631,202610,0,0.049585016058100756
20632,202610,1,0.18137574268589293
20635,202610,0,0.1548250428562385
20637,202610,0,0.11399879681915157
20639,202610,1,0.14736549777887392
20641,202610,0,0.2288454738262183
20643,202610,0,0.2287723715251242
20644,202610,0,0.23593514294355522
20645,202610,0,0.13511961493063576
20647,202610,0,0.12038802371541442
20648,202610,1,0.15722776888724455
20650,202610,0,0.13979875716544904
20651,202610,0,0.13148669349025607
20653,202610,0,0.16581519083844784
20654,202610,0,0.15397358110596965
20655,202610,0,0.04664400417756849
20656,202610,0,0.15945801095929363
20657,202610,0,0.140679725914453
20659,202610,0,0.06832998234373418
20660,202610,0,0.15796879734076272
20661,202610,0,0.06879241902879746
20662,202610,0,0.06468326270995288
20663,202610,0,0.13405749565646458
20664,202610,0,0.1386015830410347
20666,202610,0,0.14749032062222267
20667,202610,0,0.1070656117573636
20668,202610,0,0.14371317772784076
20669,202610,0,0.24741936906216416
20670,202610,0,0.06542066136355003
20671,202610,0,0.03795618557850785
20673,202610,0,0.06231476439535764
20675,202610,0,0.14231263128329677
20676,202610,0,0.18575119566748804
20677,202610,0,0.12918322676051813
20679,202610,0,0.13949390732368958
20680,202610,1,0.2515471926078333
20681,202610,0,0.12401172002019006
20683,202610,1,0.12732938243202302
20684,202610,0,0.11519352589783081
20685,202610,1,0.16706016234858972
20686,202610,0,0.15132403562054164
20687,202610,0,0.13190522029190374
20689,202610,0,0.12922587786153836
20690,202610,0,0.15487670150994637
20691,202610,0,0.1290698475518469
20692,202610,0,0.14601397908366773
20694,202610,0,0.12039587532693344
20695,202610,0,0.15545868003971763
20696,202610,0,0.07330734376147545
20698,202610,0,0.1435305176304497
20699,202610,1,0.13825384592667764
20700,202610,0,0.178797382526382
20701,202610,0,0.17224387017715684
20703,202610,0,0.13369637392870504
20704,202610,0,0.3747690522602262
20705,202610,0,0.13557428157841112
20706,202610,0,0.1073611674889473
20707,202610,0,0.14081244416701252
20708,202610,1,0.3408108915416776
20709,202610,1,0.13622379660032133
20710,202610,0,0.2623838459176785
20711,202610,0,0.11283225797565868
20712,202610,0,0.07517835791302911
20713,202610,0,0.1410978094005664
20714,202610,0,0.15581160808856753
20715,202610,0,0.13076299361309088
20716,202610,0,0.16530870839460501
20718,202610,1,0.21815860493490954
20720,202610,1,0.09474048490892562
20722,202610,0,0.13462197320185454
20724,202610,0,0.17452982146661508
20726,202610,0,0.24830719739577822
20727,202610,0,0.1668206168183811
20728,202610,0,0.16891699282620307
20729,202610,0,0.24302529428557912
20730,202610,0,0.145919170537746
20731,202610,0,0.32927785175450386
20732,202610,0,0.2165354109911483
20733,202610,1,0.16017453746013663
20734,202610,0,0.1407634697595666
20735,202610,0,0.052931061287752254
20736,202610,0,0.13524942006593046
20737,202610,0,0.10032950588884931
20738,202610,0,0.15272911105285097
20739,202610,0,0.14275771826773692
20741,202610,0,0.16803735394438435
20742,202610,0,0.26259445247600616
20743,202610,0,0.06698929605260781
20744,202610,0,0.12882148985360478
20745,202610,0,0.13942015561098836
20746,202610,0,0.15370823203261655
20747,202610,0,0.22554079890768228
20750,202610,0,0.1534930437942391
20751,202610,0,0.07598391103516097
20752,202610,1,0.13729963414673155
20753,202610,1,0.14761773046463697
20754,202610,0,0.11957831625191337
20756,202610,0,0.2362365594565301
20758,202610,0,0.12792211142510013
20759,202610,0,0.13288832969955067
20760,202610,0,0.1581594337406961
20761,202610,0,0.21814411298282133
20762,202610,0,0.11411218477036558
20763,202610,0,0.09329578307552898
20764,202610,0,0.11938727542397042
20767,202610,0,0.24376295053601377
20769,202610,0,0.08201379615704217
20770,202610,0,0.15432570330775952
20771,202610,0,0.10852943096667593
20773,202610,0,0.12692389105758545
20774,202610,1,0.2661608968718591
20775,202610,0,0.32217764651529956
20776,202610,0,0.11044739195975364
20777,202610,0,0.22231081087311994
20778,202610,0,0.05993758307441952
20779,202610,0,0.13683037925521674
20780,202610,1,0.26290386165011964
20781,202610,1,0.20707766784936693
20782,202610,0,0.1254035938690862
20783,202610,0,0.1262797763985755
20784,202610,0,0.0949346661706039
20785,202610,1,0.12072507542592008
20786,202610,0,0.12034440241923118
20787,202610,0,0.13679800892787392
20788,202610,0,0.12660583737251052
20789,202610,0,0.06301983586454468
20790,202610,0,0.06314967512324858
20791,202610,0,0.16565557714846435
20792,202610,1,0.2200291298515127
20793,202610,1,0.11833699548919654
20797,202610,0,0.13379154085855668
20800,202610,0,0.25793523833848225
20801,202610,0,0.14151346198474268
20802,202610,0,0.14662932856729907
20804,202610,0,0.15492710374466762
20805,202610,1,0.15533548416385037
20806,202610,0,0.12311393616559292
20807,202610,0,0.19766564086806648
20809,202610,0,0.0632204389592185
20810,202610,0,0.34291744607463637
20812,202610,0,0.3982821837142019
20813,202610,0,0.1647760173819295
20814,202610,0,0.13258307888923007
20815,202610,0,0.1341376748194684
20817,202610,1,0.1455902443198302
20818,202610,0,0.050060146065190846
20819,202610,0,0.16148435607622463
20820,202610,0,0.15939099921306032
20821,202610,0,0.1399872753625549
20823,202610,0,0.13189896664924144
20824,202610,1,0.18212562188537942
20825,202610,0,0.16953893370630174
20826,202610,0,0.17538315189105866
20827,202610,0,0.28265671893671324
20828,202610,0,0.15309701535407455
20829,202610,0,0.11847910506660139
20830,202610,0,0.1653901769066884
20831,202610,0,0.12505595259567626
20832,202610,0,0.2123149012740672
20833,202610,0,0.13853108979547074
20835,202610,0,0.06627121507343976
20836,202610,0,0.1276940082582222
20837,202610,0,0.1726723298021656
20838,202610,0,0.14121775585099977
20840,202610,0,0.13997210033535723
20841,202610,0,0.14783838988328227
20842,202610,0,0.14248946855582637
20843,202610,0,0.1343645159115087
20844,202610,0,0.11338942894178748
20845,202610,0,0.1361649378218521
20848,202610,0,0.26003801701451196
20849,202610,0,0.2266217984466872
20850,202610,0,0.12549714182840185
20851,202610,0,0.13531338972854312
20852,202610,0,0.1633830717083358
20853,202610,0,0.16021240167843193
20854,202610,0,0.13003484574159474
20855,202610,0,0.13677471790011392
20857,202610,0,0.054740539765121464
20859,202610,0,0.1651042972193397
20860,202610,1,0.22037363089241885
20861,202610,0,0.12463062760627021
20862,202610,1,0.21467633795544538
20863,202610,0,0.16567951440290354
20864,202610,0,0.2737223696421109
20865,202610,0,0.121921792414687
20866,202610,0,0.07932351371170428
20867,202610,0,0.2333186276865286
20868,202610,0,0.2294198309351457
20869,202610,0,0.16736978985586223
20872,202610,0,0.15836061530721252
20873,202610,1,0.16732240346807814
20874,202610,0,0.053920087083701496
20875,202610,0,0.13597006446262233
20876,202610,0,0.1327526650426734
20877,202610,1,0.39838724833833694
20878,202610,0,0.14675843885291587
20879,202610,0,0.15129324705261846
20880,202610,0,0.05897209561501608
20881,202610,0,0.16295031920119463
20882,202610,0,0.25233046578370727
20883,202610,0,0.21518361546169829
20884,202610,1,0.14500989102148723
20885,202610,0,0.05740584101591177
20886,202610,0,0.1355355119342244
20887,202610,0,0.06338240707252263
20888,202610,0,0.14585489914634492
20889,202610,0,0.1181334717478409
20891,202610,0,0.14230936469845198
20892,202610,0,0.14229734105658245
20893,202610,0,0.15340769723523104
20894,202610,0,0.3819049361608
20895,202610,0,0.3302837340503194
20896,202610,0,0.13061934196630154
20897,202610,0,0.06153965476833535
20898,202610,1,0.13517170484379146
20899,202610,0,0.15067765341389394
20900,202610,0,0.23382489084257732
20901,202610,0,0.1456265562716567
20902,202610,0,0.1538173451924444
20903,202610,0,0.09315059729317376
20904,202610,1,0.12307014588609856
20905,202610,0,0.12634492239721853
20906,202610,0,0.2108960954220277
20907,202610,0,0.12268243724726821
20909,202610,1,0.14534114667890502
20910,202610,0,0.17434790061417219
20911,202610,0,0.1345276028750813
20912,202610,0,0.15073745087504437
20913,202610,0,0.16692157832260915
20915,202610,0,0.12864151786030784
20916,202610,0,0.18230485765378396
20917,202610,0,0.32880214146229847
20918,202610,1,0.1351131764883961
20919,202610,1,0.13126514349383267
20920,202610,1,0.15735759793669626
20921,202610,0,0.11815286844266705
20923,202610,1,0.3951191804132412
20924,202610,0,0.12202921173097807
20925,202610,0,0.14898194945926058
20926,202610,0,0.15582711464848545
20927,202610,1,0.15001921049646008
20928,202610,0,0.15810780961375293
20929,202610,1,0.3599133760409527
20930,202610,0,0.13653343538648485
20931,202610,0,0.1443982719486614
20932,202610,0,0.14025226342135533
20933,202610,0,0.13196240280095634
20935,202610,0,0.14362776037892092
20937,202610,0,0.09676831105355138
20938,202610,0,0.21235370840958512
20939,202610,1,0.16950524894119898
20940,202610,0,0.17249249626215085
20941,202610,0,0.05645203687372611
20942,202610,1,0.11392028960508213
20943,202610,0,0.11768635408647424
20944,202610,0,0.06267261868345404
20945,202610,0,0.16498370819030947
20946,202610,0,0.1015463175828721
20947,202610,0,0.1398029172053464
20948,202610,1,0.16347242075813107
20949,202610,0,0.1412815467998356
20950,202610,0,0.10887105432855704
20952,202610,0,0.14065400862931013
20953,202610,1,0.16212434809218898
20954,202610,0,0.14073820894157588
20955,202610,0,0.12074564087914066
20957,202610,0,0.15324000365510473
20958,202610,0,0.16106607808887524
20959,202610,0,0.2550763668623841
20960,202610,0,0.1453782345391483
20964,202610,1,0.23926694092021744
20965,202610,0,0.22307847524513227
20969,202610,0,0.15185057972059376
20970,202610,1,0.1320822647251337
20971,202610,1,0.3552590365964222
20973,202610,0,0.23711920091635544
20974,202610,1,0.15077360708474818
20975,202610,0,0.11932124121883626
20976,202610,0,0.16279438769349894
20977,202610,0,0.11794705144574208
20979,202610,1,0.142149038734659
20980,202610,1,0.16780373142099714
20981,202610,0,0.12862236985117123
20982,202610,0,0.22466030637609544
20984,202610,0,0.15639686047844487
20985,202610,0,0.13916895528764275
20987,202610,0,0.14629426789516756
20988,202610,0,0.16972165081151333
20989,202610,0,0.38761071770348293
20990,202610,1,0.2562427997107444
20991,202610,0,0.23693059833760735
20992,202610,1,0.32546968168245105
20994,202610,0,0.06203743590180761
20996,202610,0,0.1515397686343685
20997,202610,0,0.15086758136923684
20998,202610,0,0.13797533805767528
20999,202610,0,0.16096807078069805
21000,202610,0,0.40981382004869765
21002,202610,1,0.1728443762125351
21003,202610,0,0.1385579381909095
21004,202610,0,0.148645801209279
21005,202610,0,0.15993515141332917
21006,202610,0,0.11436860182859852
21007,202610,1,0.07045355998636607
21008,202610,0,0.12256949167523319
21009,202610,0,0.05943341031317526
21010,202610,0,0.14738765383494998
21011,202610,1,0.3534306703791584
21012,202610,0,0.10746568071356609
21013,202610,0,0.24968626559005627
21014,202610,0,0.15054644798282063
21016,202610,0,0.15058707695288587
21017,202610,0,0.12352059058170427
21018,202610,0,0.3359226750770619
21020,202610,1,0.1713094731262407
21021,202610,0,0.0514412133380983
21023,202610,0,0.12508842320513594
21024,202610,0,0.13697559086990357
21025,202610,0,0.11539096937548945
21026,202610,1,0.14818487152757137
21027,202610,0,0.1629548267620821
21029,202610,0,0.07638263919082373
21030,202610,0,0.0683903564331288
21031,202610,0,0.05909048925458261
21032,202610,0,0.17082657751555327
21033,202610,0,0.15881621855732517
21034,202610,0,0.20843376971889824
21035,202610,0,0.0496285478156934
21036,202610,0,0.22858655374281592
21037,202610,1,0.24556803054184348
21038,202610,0,0.15528860881186016
21039,202610,0,0.10636779925348011
21040,202610,1,0.15216034417670027
21042,202610,0,0.1507085679623442
21043,202610,1,0.13726131445027748
21044,202610,0,0.05778733877632405
21046,202610,0,0.13353354977588763
21047,202610,0,0.14134367714916088
21048,202610,1,0.1228019243309664
21049,202610,1,0.1632819331225428
21050,202610,0,0.0597707912210705
21051,202610,0,0.2203119383581151
21052,202610,0,0.13909010608544684
21054,202610,0,0.046119600168208645
21056,202610,0,0.15592621389830705
21057,202610,0,0.14979889911521047
21058,202610,0,0.14135532529023545
21059,202610,0,0.10802380757448735
21060,202610,0,0.06096797778485049
21061,202610,1,0.24467846031926674
21062,202610,0,0.17214920670692205
21063,202610,0,0.05781392947385732
21065,202610,0,0.1395765295012198
21066,202610,0,0.06345240837835331
21068,202610,0,0.13519350115180537
21070,202610,0,0.13057706682912693
21071,202610,1,0.15042532448273327
21073,202610,0,0.11626014055484946
21074,202610,0,0.15518750874663842
21075,202610,0,0.11712207873241266
21076,202610,0,0.13979743162607752
21077,202610,0,0.14836588878699447
21078,202610,0,0.12169181576431859
21080,202610,0,0.13740153070427533
21081,202610,1,0.2739971677273384
21083,202610,0,0.14666292184869859
21084,202610,0,0.052818808984442474
21085,202610,1,0.274220388865384
21087,202610,1,0.16248815716783374
21088,202610,0,0.14412098269344842
21090,202610,0,0.23214881056902859
21091,202610,1,0.16312902128381032
21093,202610,0,0.13544725886983974
21094,202610,0,0.13326649665451398
21095,202610,0,0.19767581241367865
21096,202610,0,0.1600147767271982
21097,202610,0,0.242064945730021
21098,202610,0,0.06927329453930604
21099,202610,0,0.15996844455678425
21100,202610,1,0.06776156967996774
21101,202610,1,0.06610089333949212
21102,202610,0,0.14019655845964962
21103,202610,0,0.14251213091926904
21104,202610,0,0.1338284644555478
21105,202610,0,0.137707715251621
21106,202610,0,0.23058427656836625
21107,202610,0,0.16947268842483665
21108,202610,0,0.15211675874432562
21109,202610,0,0.061061715431008946
21110,202610,1,0.05899899458323753
21112,202610,0,0.35438549335862746
21113,202610,0,0.14414026771040062
21114,202610,0,0.058783376868264826
21115,202610,0,0.12857165547234045
21116,202610,0,0.12867344859081603
21117,202610,0,0.14029919158935045
21118,202610,1,0.2678683153136908
21119,202610,0,0.13510156003176052
21120,202610,0,0.12463312844350717
21121,202610,0,0.1385808490792251
21122,202610,1,0.3224374280853111
21125,202610,0,0.15907630165304976
21126,202610,0,0.14024253396333022
21127,202610,0,0.05903427134360539
21128,202610,0,0.15059578642863528
21129,202610,0,0.06940481142448347
21130,202610,0,0.13486587624512808
21131,202610,0,0.14235616483044067
21133,202610,0,0.21994135509263205
21134,202610,0,0.15868904835365863
21135,202610,0,0.12954615239165393
21137,202610,0,0.10556982767667067
21138,202610,0,0.15080290944784586
21139,202610,0,0.052351477684348766
21140,202610,0,0.1163669084485431
21141,202610,0,0.12056337926649321
21142,202610,0,0.1432363443746077
21143,202610,0,0.1439532086707099
21144,202610,0,0.10864600150662423
21146,202610,0,0.1198631092467474
21147,202610,0,0.15255468938598918
21148,202610,1,0.2374169053053708
21149,202610,0,0.13125453497930675
21150,202610,0,0.12023808889857752
21151,202610,1,0.18349298853072166
21152,202610,0,0.24624991187308296
21153,202610,0,0.13884814692911954
21154,202610,1,0.3384791583025282
21155,202610,0,0.07104361764702306
21156,202610,1,0.12543919557386163
21157,202610,1,0.24099430969286478
21158,202610,0,0.12260864543638561
21159,202610,0,0.14032062348683919
21160,202610,1,0.3791690869542825
21161,202610,0,0.1532127768889048
21162,202610,0,0.1258533143119037
21163,202610,0,0.14727375201894358
21166,202610,0,0.1364252499449446
21167,202610,0,0.1695592091103417
21168,202610,1,0.23485271092828958
21169,202610,0,0.24557204010768427
21171,202610,1,0.1421157041931273
21172,202610,0,0.25649652540826323
21173,202610,0,0.12751315021754603
21174,202610,0,0.13881910506748232
21175,202610,1,0.15013629425769498
21177,202610,0,0.14272735907662007
21178,202610,0,0.1289260697774948
21180,202610,0,0.24992624362427018
21181,202610,0,0.05622066962509186
21182,202610,0,0.06298616841340962
21183,202610,0,0.1600503879723822
21184,202610,0,0.13887274206968828
21185,202610,0,0.15316134009120527
21186,202610,0,0.11770112382779453
21187,202610,0,0.21883060240359442
21188,202610,0,0.1428692053343355
21189,202610,0,0.16930855061665362
21192,202610,0,0.14706468894484348
21193,202610,0,0.16675867539349729
21194,202610,1,0.12428411259881339
21196,202610,0,0.057421045480129274
21197,202610,1,0.13827193086271872
21198,202610,0,0.1537420200632137
21199,202610,0,0.13128499852302683
21200,202610,0,0.16616765249190588
21201,202610,0,0.22778862545755668
21202,202610,1,0.13135830572178003
21203,202610,1,0.11784093688354912
21204,202610,0,0.15918179713788944
21205,202610,1,0.1639611522967967
21206,202610,0,0.13395461265237807
21207,202610,0,0.12028793074999282
21208,202610,0,0.15508457248509894
21209,202610,1,0.25704017821683833
21210,202610,0,0.13984304452907925
21211,202610,0,0.05882293452397488
21212,202610,0,0.12539382054617723
21213,202610,0,0.1204231282307144
21214,202610,0,0.1291245570187885
21216,202610,0,0.19988467430399515
21217,202610,0,0.06046099066396122
21218,202610,0,0.16448793736822293
21219,202610,0,0.2237968200175579
21220,202610,0,0.1372933407249269
21221,202610,0,0.1372656330118189
21222,202610,1,0.21445633337662962
21223,202610,0,0.25172254225404933
21224,202610,0,0.1580843164332059
21225,202610,0,0.16632122341533917
21226,202610,0,0.27774077326578844
21227,202610,0,0.12689027004663858
21229,202610,0,0.05826298306320362
21230,202610,0,0.10292715039073587
21231,202610,0,0.1549891275080919
21232,202610,0,0.18310988469583755
21233,202610,0,0.1334568948197865
21234,202610,0,0.26383145004925057
21235,202610,0,0.16932119256870667
21237,202610,0,0.12981512219049943
21238,202610,0,0.31157428899210915
21239,202610,1,0.19576840752533065
21240,202610,0,0.12517440764447046
21243,202610,0,0.21382783283510617
21244,202610,0,0.1359652180366502
21245,202610,0,0.23151748202290498
21246,202610,0,0.15636105575802253
21247,202610,0,0.1425592664531981
21248,202610,0,0.15389680408396406
21251,202610,0,0.12389888604274842
21252,202610,0,0.13061604533053203
21253,202610,0,0.2260772803383348
21254,202610,0,0.12720992695912828
21255,202610,0,0.325586425838258
21256,202610,0,0.12736979518103383
21257,202610,0,0.14487228102536123
21258,202610,0,0.18701299732052162
21259,202610,0,0.26134378251501883
21260,202610,0,0.1627980271122795
21262,202610,0,0.13042237185524208
21263,202610,0,0.18931716688452985
21264,202610,0,0.165397844116333
21265,202610,0,0.13144516329628375
21266,202610,0,0.13814751754930366
21267,202610,1,0.2513193232757573
21268,202610,0,0.059783568891755824
21269,202610,0,0.04392786648356456
21270,202610,1,0.14102678746266292
21271,202610,0,0.2534155977714042
21272,202610,0,0.21092658863324934
21273,202610,0,0.1628612727775207
21274,202610,0,0.14067214677520262
21275,202610,1,0.3064530364722118
21276,202610,0,0.1184286336601405
21279,202610,0,0.12915294780784983
21280,202610,0,0.1259688997986792
21281,202610,0,0.11653817573892071
21283,202610,0,0.20208447109628552
21284,202610,1,0.22985483114308833
21285,202610,0,0.10274702629240831
21286,202610,1,0.13533341017049041
21288,202610,0,0.13013831814080723
21289,202610,0,0.20756143834466967
21291,202610,0,0.12399556502586113
21292,202610,0,0.05394830174905146
21294,202610,0,0.18034599254687703
21296,202610,0,0.133740705414502
21299,202610,0,0.13285028630301152
21300,202610,0,0.14437394529754474
21301,202610,0,0.2588238114214358
21304,202610,0,0.06111548264284371
21305,202610,0,0.2326270047336295
21306,202610,0,0.0656233395311523
21307,202610,0,0.12115070487834936
21309,202610,0,0.15056575361374772
21311,202610,1,0.15360173651247155
21312,202610,0,0.1418780947938171
21314,202610,0,0.14389705752564236
21315,202610,0,0.33190026090311076
21316,202610,0,0.11848102797226753
21317,202610,0,0.12084845797645417
21318,202610,0,0.08509194293552406
21319,202610,0,0.13992955357903372
21320,202610,0,0.13695411387802414
21321,202610,0,0.1433148341738218
21322,202610,0,0.22183195922558832
21323,202610,0,0.16452210679414234
21324,202610,0,0.11785659406215514
21325,202610,1,0.14242579240591677
21326,202610,0,0.26128475866529577
21327,202610,0,0.13906802838198354
21328,202610,0,0.1596381588316172
21329,202610,1,0.1415030840548935
21330,202610,0,0.12467285526289362
21331,202610,0,0.14634694782389185
21332,202610,0,0.22616319693715184
21333,202610,0,0.1365616939409137
21334,202610,0,0.13569583714220818
21335,202610,0,0.14520800578414497
21338,202610,1,0.3215719154461679
21339,202610,0,0.06339515508634427
21340,202610,0,0.05618734829059493
21341,202610,0,0.24480912882328948
21342,202610,0,0.06259590662196485
21343,202610,0,0.38544624720884163
21344,202610,0,0.1596556388594356
21345,202610,0,0.29377770365622136
21346,202610,0,0.25716608593435497
21347,202610,0,0.08628263400278816
21348,202610,0,0.04670372031516801
21349,202610,0,0.13851749058572732
21350,202610,0,0.15457977307248766
21351,202610,0,0.1336138593000809
21352,202610,0,0.05582891973334536
21355,202610,0,0.06843316649090096
21356,202610,0,0.12530872152570066
21358,202610,1,0.14304104645433374
21359,202610,0,0.17859910658626507
21361,202610,0,0.13271045268087198
21362,202610,0,0.13203004514431374
21363,202610,1,0.2631385302182383
21364,202610,0,0.12203462407509871
21365,202610,1,0.1440630647451174
21366,202610,0,0.1238967117560164
21367,202610,0,0.15335119423951046
21368,202610,0,0.14800116924648096
21369,202610,1,0.14995653137223358
21370,202610,1,0.11734638954987461
21372,202610,0,0.2454005504736797
21373,202610,1,0.2215117334202196
21374,202610,0,0.22169419010049934
21376,202610,0,0.2261262699834224
21377,202610,0,0.14214236968568317
21379,202610,0,0.11262623486488987
21380,202610,0,0.07855783014485695
21381,202610,1,0.1652662210965407
21382,202610,0,0.13101788306669468
21383,202610,0,0.12037260003849919
21384,202610,1,0.14183791426130385
21385,202610,0,0.14460059649704596
21386,202610,1,0.129489625564876
21387,202610,1,0.23214166751757687
21388,202610,0,0.16544690361356848
21389,202610,1,0.21926835906655864
21390,202610,1,0.37195850278064635
21391,202610,0,0.17524089313439403
21393,202610,0,0.13198080184853422
21394,202610,0,0.2235043085737204
21395,202610,0,0.13568752020581631
21396,202610,1,0.16281004591238515
21398,202610,0,0.1563214779601577
21399,202610,0,0.06084187578580855
21400,202610,0,0.15698209322683487
21401,202610,0,0.13901030203590295
21402,202610,0,0.22331121844543889
21403,202610,0,0.2374643306230685
21404,202610,0,0.05831557401872295
21405,202610,1,0.12825077289890682
21406,202610,0,0.13528010959262618
21407,202610,1,0.13310420426709252
21408,202610,1,0.12745418350836243
21409,202610,0,0.10765462653095886
21410,202610,0,0.15473829702812855
21412,202610,0,0.19148145154645205
21413,202610,0,0.11954619021326093
21414,202610,0,0.15216514183619548
21415,202610,0,0.13272958850863883
21416,202610,1,0.1231703522655854
21417,202610,0,0.04866926703643601
21418,202610,0,0.14817501732146365
21419,202610,0,0.08641744710435371
21420,202610,0,0.13091786864794677
21421,202610,0,0.2376216274821853
21422,202610,0,0.12322471925772971
21423,202610,0,0.05789857183689953
21424,202610,1,0.0906418693215231
21425,202610,0,0.13027711157361493
21426,202610,0,0.1862773308682783
21429,202610,0,0.059493120044413934
21430,202610,1,0.317888260480847
21432,202610,0,0.15136129722773486
21433,202610,0,0.1251657316781567
21434,202610,0,0.1343422866828269
21435,202610,0,0.1598218069618329
21436,202610,0,0.06027135819528944
21437,202610,0,0.23108578397959392
21438,202610,0,0.13320479350299003
21440,202610,0,0.16838542745817245
21443,202610,0,0.17566776099484968
21444,202610,1,0.1622467368737371
21445,202610,0,0.14304769646035168
21446,202610,0,0.11717319541407253
21447,202610,0,0.11941750826934941
21448,202610,0,0.18057249790863467
21449,202610,0,0.12786855745283357
21450,202610,0,0.05554554378333943
21451,202610,0,0.14163464758157596
21452,202610,0,0.13786836558709004
21453,202610,0,0.1587450103243634
21455,202610,0,0.16073849112517932
21456,202610,0,0.15858420743221016
21457,202610,1,0.1323007921903729
21458,202610,0,0.05318432407763158
21459,202610,0,0.15595419664601815
21460,202610,1,0.13845261738007797
21461,202610,0,0.15128354359289617
21463,202610,0,0.14973098268874457
21464,202610,0,0.39030268371532517
21465,202610,0,0.3026973454691087
21466,202610,0,0.07448274717382265
21468,202610,0,0.12982860857312548
21469,202610,1,0.09714810487663576
21470,202610,0,0.11121166510486755
21472,202610,1,0.36419531670914107
21473,202610,0,0.15023008247920083
21474,202610,0,0.14876422408577686
21476,202610,0,0.1336035859833026
21477,202610,0,0.15809200771041151
21478,202610,0,0.12143193138697134
21479,202610,0,0.15266480505848232
21481,202610,0,0.24359913035817468
21482,202610,0,0.12455481964273674
21483,202610,1,0.39505403525953026
21484,202610,1,0.16730886466303216
21486,202610,0,0.12301479579466036
21487,202610,0,0.12498093221747446
21488,202610,0,0.11789731353417245
21489,202610,0,0.058749726781964585
21490,202610,0,0.13804297621619552
21491,202610,0,0.13697733799516337
21492,202610,0,0.27159384618147814
21493,202610,0,0.2599985099159042
21495,202610,0,0.1653651116565773
21498,202610,0,0.27585155099289566
21499,202610,0,0.14626052112641258
21500,202610,0,0.1356983349563481
21501,202610,1,0.20856706656057572
21503,202610,0,0.14793624313341366
21504,202610,0,0.15549323652626643
21506,202610,0,0.12860169988640568
21507,202610,0,0.1379314542944834
21508,202610,1,0.2224058959048502
21509,202610,0,0.1274881474970782
21511,202610,0,0.05307434311766458
21513,202610,0,0.1415097666002541
21514,202610,0,0.06080760382061478
21515,202610,0,0.21803569822590022
21516,202610,0,0.12357513107596359
21517,202610,0,0.0587479349498928
21518,202610,0,0.14243134363423274
21519,202610,0,0.10334278619421307
21520,202610,0,0.16847581269509534
21521,202610,0,0.14544043928253816
21522,202610,0,0.28588850713044744
21525,202610,0,0.07670288704608609
21526,202610,0,0.19644903751600543
21527,202610,0,0.1418951175667228
21528,202610,1,0.13960619707800262
21529,202610,0,0.16238177382330096
21530,202610,0,0.08597376445136762
21531,202610,0,0.2802866123631932
21532,202610,0,0.20968935986489756
21533,202610,0,0.10863038553443329
21534,202610,0,0.1557608326851644
21535,202610,1,0.13482069140806838
21537,202610,0,0.15481504537301963
21538,202610,0,0.09309052506790078
21539,202610,1,0.40557531539876934
21540,202610,0,0.1382749022485266
21541,202610,1,0.2533567750135957
21542,202610,0,0.12310512994767334
21543,202610,0,0.13703191737115372
21544,202610,0,0.15462076550625986
21545,202610,0,0.0615558938525245
21547,202610,0,0.1438051984804627
21548,202610,0,0.12577237669387478
21550,202610,1,0.14216048984321922
21551,202610,0,0.11711382168583097
21552,202610,0,0.1681325554524041
21554,202610,0,0.2483496298610728
21556,202610,0,0.12093215782690088
21557,202610,0,0.13346426356093466
21558,202610,0,0.11770539912234763
21559,202610,0,0.21082751673836062
21560,202610,0,0.10570835129071401
21561,202610,1,0.14340755194266122
21563,202610,0,0.06634185641787665
21567,202610,0,0.1729010291785189
21568,202610,0,0.13886597153894847
21570,202610,0,0.06176168968368789
21571,202610,0,0.1157965630528771
21573,202610,1,0.3351293340825287
21574,202610,0,0.2475914727458664
21575,202610,0,0.1326388086259469
21576,202610,0,0.32502946312990144
21577,202610,0,0.05961332889351227
21578,202610,1,0.1532769975878481
21579,202610,0,0.1251953743325962
21580,202610,0,0.05777809388426226
21581,202610,0,0.1266764460800226
21582,202610,0,0.12103164663302071
21583,202610,1,0.13173150969898886
21586,202610,0,0.15660941404869544
21587,202610,0,0.13116302405540803
21588,202610,0,0.1448462237469605
21589,202610,0,0.13877716598572998
21590,202610,0,0.12606332036124623
21591,202610,1,0.14682091668743846
21592,202610,0,0.14463480563895853
21593,202610,0,0.15584769507808888
21594,202610,0,0.18587513410642356
21595,202610,0,0.07806895910940322
21596,202610,0,0.15204890448920436
21597,202610,0,0.12794615779643648
21598,202610,1,0.23722473134015917
21599,202610,0,0.15012744711144202
21600,202610,0,0.05711827124434383
21602,202610,1,0.32736498923859664
21603,202610,0,0.3181812506795176
21604,202610,0,0.0621746841861961
21605,202610,0,0.14004544800543522
21606,202610,0,0.33445260297387147
21607,202610,0,0.14287592425190573
21608,202610,0,0.1585803794636385
21611,202610,0,0.06279758367645756
21612,202610,0,0.26496321350133223
21613,202610,0,0.13600407313656707
21614,202610,0,0.15046427998903825
21615,202610,1,0.15261268392192143
21616,202610,1,0.12181991703341997
21617,202610,0,0.13956762556170277
21618,202610,0,0.12971030605187508
21619,202610,1,0.1399898487343716
21620,202610,1,0.13598235858553268
21621,202610,0,0.14624314166651112
21622,202610,0,0.3153812475188823
21623,202610,0,0.15435003520923532
21624,202610,0,0.1221080396458612
21625,202610,0,0.3691418381680554
21626,202610,0,0.13624132807410402
21627,202610,0,0.13243703759889291
21628,202610,0,0.15632705628827717
21629,202610,1,0.13276012195367845
21632,202610,1,0.2409898964420035
21633,202610,0,0.11581223255324517
21634,202610,0,0.12931987628181296
21636,202610,0,0.15243553688608696
21637,202610,0,0.30449718464453623
21638,202610,0,0.14416290494657283
21641,202610,0,0.13604986350184706
21642,202610,0,0.14950050698378042
21643,202610,0,0.14049378043880428
21644,202610,1,0.14834948696543873
21645,202610,0,0.05415253717251808
21646,202610,0,0.056919589410862635
21647,202610,1,0.23434161774239518
21648,202610,1,0.20170643289174867
21649,202610,0,0.14433469917451794
21650,202610,0,0.12642923974158168
21651,202610,0,0.05817862171543091
21652,202610,0,0.13888656118342294
21653,202610,0,0.1541529912866687
21654,202610,0,0.16228586522430166
21655,202610,1,0.16263362016963023
21657,202610,1,0.16240011487381986
21659,202610,0,0.1294900409829954
21660,202610,0,0.0486530706179515
21661,202610,0,0.12125049052414423
21662,202610,1,0.21838119679637788
21664,202610,0,0.15096428497698922
21665,202610,0,0.130035290964547
21666,202610,0,0.3839244844881753
21669,202610,0,0.1454076833042251
21671,202610,0,0.13310611027893277
21672,202610,1,0.12941124496719575
21673,202610,0,0.24103175715007993
21675,202610,0,0.13105505257903996
21676,202610,0,0.12587017564915445
21677,202610,0,0.10367610624997772
21678,202610,0,0.20721166691253448
21679,202610,1,0.15799643696681803
21680,202610,0,0.13794909135257027
21681,202610,0,0.15134061808268787
21683,202610,0,0.11383625497010248
21684,202610,0,0.1245676262531062
21685,202610,0,0.059981247165069036
21686,202610,0,0.1558865307643973
21687,202610,1,0.15829923023865425
21688,202610,0,0.13092987321893962
21689,202610,0,0.1495657127190405
21690,202610,0,0.1611831021069344
21691,202610,1,0.24714449766453614
21692,202610,0,0.14778526299005748
21693,202610,0,0.13897925324954669
21694,202610,0,0.061379058913431275
21695,202610,0,0.1179962241623352
21696,202610,0,0.12539022996867125
21697,202610,0,0.13435943920528554
21698,202610,0,0.2176309483066932
21699,202610,0,0.1284619421009178
21700,202610,0,0.16108541995903947
21702,202610,1,0.21628888504440957
21703,202610,1,0.1337765888656471
21704,202610,1,0.15815891690594444
21705,202610,0,0.13915637627478247
21707,202610,0,0.14680290662073442
21709,202610,0,0.13917721429542385
21710,202610,0,0.1694607779011918
21711,202610,0,0.2695847135985613
21714,202610,0,0.13854006944142674
21715,202610,0,0.17597097351023833
21716,202610,0,0.12619061162311568
21717,202610,1,0.13671011369311942
21719,202610,0,0.23429059870363242
21720,202610,0,0.16093583457311256
21721,202610,0,0.17114838496919094
21723,202610,0,0.1871081823751173
21724,202610,0,0.12621750288520642
21726,202610,1,0.1385365433820025
21727,202610,0,0.24481520926079262
21728,202610,0,0.1172357627405822
21729,202610,0,0.12945254841860096
21730,202610,0,0.0601005610069469
21731,202610,0,0.1814606300214739
21732,202610,0,0.1065832777277159
21733,202610,0,0.154533204513341
21734,202610,0,0.1491941540699107
21735,202610,0,0.163141336114375
21736,202610,0,0.1337956485727564
21737,202610,0,0.1516777298399154
21738,202610,0,0.1824578139824355
21739,202610,0,0.1682492020891135
21740,202610,1,0.126926520314975
21741,202610,0,0.166938732944112
21742,202610,0,0.14500825847850526
21743,202610,0,0.1552803581054144
21744,202610,1,0.06371923217158208
21745,202610,0,0.2004390436274458
21746,202610,0,0.0625764129011454
21747,202610,0,0.13550040181517808
21749,202610,0,0.11385720510179473
21750,202610,0,0.13144163469283535
21751,202610,0,0.1258731725987659
21753,202610,1,0.36888659486349273
21754,202610,0,0.13693238048685916
21756,202610,0,0.15013746941607106
21757,202610,0,0.15944908161487048
21758,202610,0,0.13896120351874813
21759,202610,1,0.13514737955069045
21760,202610,0,0.11517083161543194
21761,202610,1,0.16095076190478055
21763,202610,1,0.31249541863639757
21764,202610,1,0.1355184710318496
21765,202610,0,0.1448324973847607
21767,202610,0,0.12968091888673686
21768,202610,0,0.11450953434249801
21769,202610,0,0.15684664708965462
21770,202610,0,0.11966747164727132
21771,202610,0,0.10895261910184874
21772,202610,0,0.15491380570138316
21773,202610,0,0.14091103262126936
21774,202610,0,0.16535196280670883
21775,202610,0,0.12296327732610504
21777,202610,0,0.3788029644734304
21778,202610,0,0.15478030318551222
21779,202610,0,0.11351221788658197
21780,202610,0,0.13795473980250866
21781,202610,0,0.1723955859422303
21782,202610,0,0.15451950237574483
21783,202610,0,0.33510736741042757
21785,202610,1,0.3813996292026152
21786,202610,1,0.104195781007
21790,202610,0,0.14067047642254812
21791,202610,0,0.15539353029354885
21792,202610,0,0.13745148421599476
21793,202610,0,0.214166503895537
21794,202610,0,0.11890265386198465
21795,202610,0,0.15103217857875728
21796,202610,0,0.0446256563416469
21797,202610,1,0.12081680655705936
21798,202610,0,0.15180175244037558
21799,202610,0,0.12488516768857101
21800,202610,0,0.13972702546312044
21801,202610,0,0.12236134566874335
21802,202610,0,0.1402773114447236
21803,202610,0,0.13516953468987003
21804,202610,0,0.14101141135859532
21805,202610,0,0.11905042148334873
21806,202610,0,0.1563672377331868
21807,202610,0,0.23369970541337975
21808,202610,0,0.14402154756046243
21810,202610,0,0.13675799650962742
21812,202610,0,0.12224452393228605
21813,202610,0,0.06302103974187423
21814,202610,1,0.13924239421295526
21815,202610,1,0.34291837712571405
21816,202610,0,0.16143843449050782
21817,202610,0,0.1039186453364438
21818,202610,1,0.15256073396955136
21819,202610,0,0.1444294389569219
21820,202610,0,0.2550184131777627
21821,202610,0,0.05909542276270436
21823,202610,0,0.14731227659521687
21825,202610,0,0.3618008484357439
21826,202610,0,0.14139606952808897
21827,202610,0,0.11904837555587222
21828,202610,0,0.14416694509794953
21829,202610,0,0.10715676267088999
21830,202610,1,0.23507464940214454
21831,202610,0,0.14334969394240915
21832,202610,1,0.059442475440695745
21833,202610,0,0.12800262151631697
21835,202610,0,0.15208047063508498
21836,202610,0,0.23344496191782452
21837,202610,0,0.15597891024212332
21838,202610,0,0.14448201625052703
21839,202610,0,0.1519376536595695
21840,202610,0,0.1156191675531669
21842,202610,0,0.13329987269646137
21844,202610,0,0.14575906357927657
21845,202610,1,0.15180558708396066
21846,202610,0,0.13748847266604453
21847,202610,0,0.14145483355977304
21848,202610,0,0.21389404038468066
21849,202610,1,0.06353406288260487
21850,202610,1,0.32279859308747805
21851,202610,0,0.14880997599755103
21852,202610,0,0.20298610457592295
21853,202610,0,0.1734142225137277
21854,202610,1,0.12024334616549646
21855,202610,0,0.11669312554435769
21856,202610,0,0.22366001378061065
21859,202610,0,0.15970733154713138
21860,202610,1,0.37821502916364363
21861,202610,0,0.07660364918582918
21862,202610,0,0.09870698914428852
21863,202610,1,0.2541532253110376
21864,202610,0,0.07724206641508873
21865,202610,0,0.12111989652102474
21866,202610,0,0.23810713099435277
21867,202610,0,0.14798796915017143
21868,202610,0,0.1497393281999111
21869,202610,0,0.12439326093871123
21870,202610,0,0.09959932067137137
21871,202610,0,0.18866649555620196
21872,202610,0,0.0651241491229877
21873,202610,0,0.21016089939987415
21874,202610,0,0.10565780037527112
21875,202610,1,0.12591414067356976
21876,202610,0,0.10607540990028719
21877,202610,0,0.2203253298199451
21879,202610,0,0.1716734377148597
21880,202610,1,0.25788446709034696
21882,202610,0,0.2295873007909215
21885,202610,0,0.1428104981408472
21886,202610,0,0.08817708402384103
21887,202610,0,0.13731961427964268
21888,202610,0,0.18103972773369367
21889,202610,0,0.13766696139951654
21890,202610,0,0.14980093383576787
21891,202610,0,0.13277422431478433
21892,202610,0,0.13936387012268892
21893,202610,0,0.1439056598744649
21894,202610,0,0.12488369408032006
21895,202610,0,0.11759559515690077
21896,202610,0,0.24205500553057088
21897,202610,1,0.14823135417177072
21898,202610,0,0.21819054930463855
21899,202610,0,0.23967155791881498
21900,202610,0,0.15468908662524952
21901,202610,0,0.1282424208451725
21902,202610,0,0.2019808279629761
21903,202610,0,0.13633567335975083
21904,202610,1,0.11907837544984037
21905,202610,0,0.14383444325228362
21906,202610,0,0.22809593036082704
21907,202610,1,0.27305255884003443
21908,202610,0,0.0952999462438771
21909,202610,0,0.37954195055048484
21910,202610,0,0.144713961990923
21911,202610,0,0.12631916996018389
21913,202610,0,0.1551774956450619
21914,202610,0,0.11995683613405872
21915,202610,1,0.11893039638495224
21916,202610,0,0.11327793458384743
21917,202610,1,0.18002564837167234
21918,202610,0,0.05041142328617441
21919,202610,0,0.12217027922729713
21921,202610,0,0.15179406989364888
21922,202610,0,0.1488073035024142
21923,202610,0,0.12835372307673845
21925,202610,0,0.05593527214484416
21926,202610,0,0.16424686500736088
21927,202610,0,0.15551028540346967
21928,202610,0,0.12776399580557354
21929,202610,1,0.23714873721612098
21930,202610,0,0.14030002843979933
21931,202610,0,0.11500724619619203
21934,202610,0,0.1635230878531059
21935,202610,0,0.14174013801251226
21936,202610,0,0.374757445323696
21937,202610,0,0.11446295924108775
21938,202610,0,0.24095110895672806
21939,202610,0,0.363424469016094
21940,202610,0,0.35909666772664167
21941,202610,0,0.12687962910825368
21942,202610,0,0.14866016451146133
21943,202610,0,0.23045444345168378
21945,202610,0,0.1733618671811489
21946,202610,0,0.11468498058835809
21947,202610,0,0.1747040664614145
21948,202610,0,0.14724455577572448
21949,202610,1,0.2282767758168662
21951,202610,1,0.14578023053486566
21952,202610,0,0.05523264144062861
21953,202610,0,0.15383060030707527
21954,202610,1,0.23209493538858214
21957,202610,0,0.1354890511593363
21958,202610,0,0.0429266016644838
21959,202610,0,0.14635941240958794
21960,202610,1,0.23374804081290282
21961,202610,0,0.12776374726335027
21962,202610,0,0.1367616014207982
21963,202610,0,0.06162459462003387
21964,202610,0,0.15091342213651945
21965,202610,1,0.3607677430472645
21966,202610,1,0.3556492200373386
21967,202610,0,0.1643547468947481
21969,202610,0,0.059989318327512385
21970,202610,0,0.13337849822004896
21971,202610,0,0.04856053688875156
21973,202610,0,0.18091699931989025
21974,202610,0,0.11799883424438376
21976,202610,1,0.14882897238299736
21978,202610,0,0.33067520700553715
21979,202610,1,0.1862561021023555
21980,202610,0,0.12007671911163201
21981,202610,0,0.058804595963223065
21982,202610,0,0.3664817912841384
21983,202610,0,0.1169910403764226
21984,202610,0,0.11078361337728206
21985,202610,0,0.1195424534118137
21986,202610,0,0.1493897043398096
21987,202610,0,0.129948388233965
21988,202610,1,0.14287744754115017
21990,202610,0,0.1504854722572002
21991,202610,0,0.1188589900603869
21992,202610,0,0.11161209717474722
21994,202610,0,0.1462936366025497
21995,202610,0,0.11207758798541405
21996,202610,0,0.07134153060793974
21997,202610,0,0.10172087333518329
21998,202610,0,0.15706974369537627
21999,202610,0,0.13937820722034483
22002,202610,0,0.05900564599811012
22004,202610,0,0.1425075563521761
22005,202610,0,0.2561263557893608
22006,202610,0,0.1250678157589854
22007,202610,0,0.15079968240284491
22008,202610,0,0.1308070331605595
22009,202610,0,0.11365975735852324
22010,202610,0,0.23375665852246338
22011,202610,0,0.22497210364537973
22012,202610,0,0.32998834166250757
22013,202610,0,0.13526186468143334
22014,202610,0,0.154397421997098
22015,202610,0,0.07048672850504972
22016,202610,0,0.14807638171876722
22017,202610,0,0.05632091277811968
22018,202610,1,0.13173782358455777
22019,202610,0,0.22565794889698607
22020,202610,0,0.1683461381718853
22021,202610,0,0.04744394040308955
22022,202610,0,0.10017326361701728
22023,202610,0,0.1573819420622188
22024,202610,0,0.4068159402033837
22025,202610,0,0.1790817116176365
22026,202610,1,0.18057684304899244
22027,202610,0,0.16918887192852897
22028,202610,0,0.0517416028395359
22029,202610,0,0.2282279396755834
22030,202610,0,0.12883943829029437
22031,202610,0,0.2565749647987025
22032,202610,0,0.04836991492492208
22033,202610,0,0.14698774167063827
22034,202610,0,0.18771406022891762
22035,202610,0,0.13917200125617404
22036,202610,0,0.13185318143942965
22037,202610,1,0.14368078544467788
22038,202610,0,0.043451398364770695
22039,202610,0,0.1486713053580619
22040,202610,1,0.15136575147414397
22041,202610,0,0.1588127268279651
22042,202610,0,0.21770374560009062
22043,202610,1,0.1668172286875305
22044,202610,0,0.11638848094315662
22045,202610,0,0.1346061233708686
22046,202610,0,0.13353926099656113
22047,202610,1,0.25980168166433315
22048,202610,0,0.24947264287516047
22049,202610,0,0.12391610036423584
22050,202610,0,0.1410117658011821
22051,202610,0,0.12216612908119857
22052,202610,0,0.06758877077584069
22053,202610,0,0.1490478683972643
22054,202610,0,0.1558112533078409
22055,202610,0,0.12613021550967748
22056,202610,0,0.14141384037995594
22057,202610,0,0.23981827718428433
22058,202610,0,0.2359320233806219
22059,202610,0,0.14044415075316818
22060,202610,1,0.15081949804769088
22061,202610,0,0.06619182358954796
22062,202610,0,0.14377541122607157
22063,202610,1,0.15792773753222836
22064,202610,1,0.11591350238698277
22065,202610,0,0.14852113767577882
22066,202610,0,0.12695537887038708
22067,202610,0,0.13277095578884948
22068,202610,0,0.20602095188768835
22069,202610,0,0.14458224313279733
22070,202610,1,0.11288651966085878
22071,202610,1,0.17845602037812475
22072,202610,0,0.16291399609172771
22073,202610,1,0.27795560465071395
22074,202610,0,0.17751545992719645
22075,202610,1,0.3952761597906654
22076,202610,0,0.15372944718062037
22077,202610,0,0.13084468898368012
22078,202610,0,0.14750538735836166
22079,202610,0,0.2410665277168121
22080,202610,0,0.16034327349610006
22081,202610,1,0.143418332867995
22082,202610,0,0.048502211856145866
22083,202610,0,0.23355002128093025
22084,202610,0,0.1535280302802995
22085,202610,0,0.15465224773505837
22086,202610,0,0.15644965817241704
22087,202610,1,0.09223102452603259
22088,202610,1,0.23118445664404463
22089,202610,1,0.3276691519451589
22090,202610,0,0.23586677185391602
22091,202610,0,0.16054110683058068
22092,202610,0,0.14599266705147876
22093,202610,0,0.1297669734582713
22094,202610,0,0.1371169589555643
22095,202610,0,0.05727577528007252
22096,202610,1,0.25602795214851365
22097,202610,0,0.0623639810511989
22098,202610,0,0.12457629507576297
22099,202610,0,0.06140178802736215
22100,202610,0,0.09634807383808147
22101,202610,0,0.1753446654902012
22102,202610,0,0.40225333367370175
22103,202610,0,0.1273830499253456
22104,202610,0,0.12827665767157967
22105,202610,1,0.23203027327460646
22106,202610,0,0.1476263613139116
22107,202610,0,0.15566537124452967
22108,202610,1,0.30490465244479503
22109,202610,0,0.1308139564045613
22110,202610,1,0.3313607653923897
22111,202610,0,0.1387295088625157
22112,202610,0,0.20629434452162473
22113,202610,1,0.23470582332132228
22114,202610,0,0.255542198295538
22115,202610,1,0.1632533492708633
22116,202610,0,0.07821678211920535
22117,202610,1,0.05521126658465856
22118,202610,1,0.1343506036798819
22119,202610,1,0.12901809741299608
22120,202610,1,0.24741441384128296
22121,202610,0,0.18055785972720725
22122,202610,1,0.11807454641682887
22123,202610,0,0.05507461741484018
22124,202610,0,0.06513536467799778
22125,202610,0,0.12063949745317329
22126,202610,0,0.17314550268651446
22127,202610,0,0.10955928977466198
22128,202610,0,0.11844594149390798
22129,202610,0,0.12055482023896366
22130,202610,0,0.1339730099566065
22131,202610,0,0.1843311255878342
22132,202610,0,0.06630891837821132
22133,202610,1,0.07656327449978156
22134,202610,0,0.23568845387386667
22135,202610,0,0.1555894424009913
22136,202610,0,0.24659854352108146
22137,202610,0,0.18569965686300788
22138,202610,1,0.15078281472234442
22139,202610,1,0.3920476086083362
22140,202610,0,0.13300213190056392
22141,202610,0,0.15033079372740601
22142,202610,0,0.16609153672007998
22143,202610,0,0.14645972245201772
22144,202610,0,0.13258386194675986
22145,202610,1,0.13361178283531105
22146,202610,0,0.14465474332004225
22147,202610,0,0.13210906223447483
22148,202610,0,0.24459885477208096
22149,202610,0,0.1318183187879855
22150,202610,1,0.08544780860011628
22151,202610,0,0.1439903378168425
22152,202610,0,0.147335357112277
22153,202610,0,0.1452819380084449
22154,202610,0,0.12972982501672792
22155,202610,0,0.13172955139202436
22156,202610,0,0.16773388432925718
22157,202610,1,0.2231943231237678
22158,202610,0,0.13302071864993648
22159,202610,0,0.16440987684112915
22160,202610,0,0.15043619619844134
22161,202610,0,0.13831959829505172
22162,202610,0,0.11459223979708894
22163,202610,0,0.09409312799197057
22164,202610,0,0.19834158292196868
22165,202610,1,0.1390600374695389
22166,202610,0,0.12243737256941006
22167,202610,0,0.06482691005155092
22168,202610,0,0.2808660517409591
22169,202610,0,0.1815438586853615
22170,202610,1,0.12306680406685581
22171,202610,1,0.3752177245431448
22172,202610,0,0.1629091854199115
22173,202610,0,0.13471789897753994
22174,202610,0,0.26278992568144705
22175,202610,0,0.14198681334651
22176,202610,0,0.06103112110149639
22177,202610,0,0.11722859004482317
22178,202610,0,0.30735046375463654
22179,202610,0,0.16328073381950556
22180,202610,0,0.15686248704642852
22181,202610,0,0.15207796428564702
22182,202610,0,0.12740416910304456
22183,202610,0,0.05863218231180957
22184,202610,0,0.1399335405529041
22185,202610,1,0.17726736211792601
22186,202610,0,0.3361645411165209
22187,202610,0,0.14680731974044892
22188,202610,0,0.2817282454991082
22189,202610,1,0.26540299171240495
22190,202610,0,0.19283052762984504
22191,202610,1,0.18920142744723423
22192,202610,0,0.16340666740087537
22193,202610,0,0.1373669192583804
22194,202610,0,0.12650501101715947
22195,202610,0,0.1734516851418871
22196,202610,0,0.05503431375573782
22197,202610,0,0.21930616589332844
22198,202610,0,0.05283873122735167
22199,202610,0,0.19683479833276563
22200,202610,0,0.14700853890323737
22201,202610,0,0.10288404536405087
22202,202610,0,0.23891674757315795
22203,202610,0,0.13823674032139405
22204,202610,0,0.13799920919598574
22205,202610,0,0.12515113142332393
22206,202610,0,0.1308709483516771
22207,202610,0,0.3514420158154332
22208,202610,0,0.15395285704005915
22209,202610,1,0.42967488028272205
22210,202610,0,0.11831419902674513
22211,202610,1,0.24527924298677814
22212,202610,0,0.24609373854522512
22213,202610,0,0.12291563139076682
22214,202610,0,0.14147174913887167
22215,202610,0,0.37208601369935024
22216,202610,0,0.15892752248535946
22217,202610,0,0.11826412732715486
22218,202610,1,0.08409236157478274
22219,202610,0,0.1510183880790952
22220,202610,1,0.14243758555324157
22221,202610,0,0.13538529980701922
22222,202610,0,0.1565503225580194
22223,202610,0,0.2604683960421339
22224,202610,0,0.13594731139305266
22225,202610,0,0.15256420205125482
22226,202610,0,0.06672509732376543
22227,202610,0,0.241482455089729
22228,202610,1,0.25998006121417633
22229,202610,0,0.12801759411297253
22230,202610,1,0.16320058942584575
22231,202610,0,0.15180882208267307
22232,202610,0,0.23498969967954927
22233,202610,0,0.13958229282922627
22234,202610,0,0.27267339374104765
22235,202610,0,0.11563847672342917
22236,202610,0,0.16593967860909686
22237,202610,0,0.15462160495305802
22238,202610,1,0.16690692525127673
22239,202610,1,0.2561508789316807
22240,202610,0,0.10749333622596427
22241,202610,0,0.1659238673279197
22242,202610,0,0.15313509165443015
22243,202610,0,0.13476690406172032
22244,202610,0,0.13476848433317462
22245,202610,0,0.14557640924135046
22246,202610,0,0.13084327104500765
22247,202610,1,0.12694600481910812
22248,202610,0,0.16989679831031884
22249,202610,0,0.14092889741259645
22250,202610,0,0.1825448604053482
22251,202610,0,0.16344816200305984
22252,202610,0,0.051599291702159475
22253,202610,0,0.14431097995749848
22254,202610,0,0.11651892619892323
22255,202610,0,0.148041037613111
22256,202610,1,0.272743558177214
22257,202610,0,0.0869266267532098
22258,202610,0,0.26458192818593956
22259,202610,1,0.34220908933193744
22260,202610,0,0.13977986233192224
22261,202610,1,0.15616598160418518
22262,202610,0,0.15174128217972652
22263,202610,0,0.15894054823898193
22264,202610,0,0.1695920712318459
22265,202610,0,0.14614567197581282
22266,202610,1,0.25132287073812076
22267,202610,0,0.3410441109760961
22268,202610,0,0.18926855599793152
22269,202610,0,0.2327770846670613
22270,202610,0,0.11757343988064015
22271,202610,0,0.058237974654147776
22272,202610,0,0.13684782630525633
22273,202610,0,0.14138690858999173
22274,202610,0,0.18542267911680005
22275,202610,0,0.06978968661721999
22276,202610,1,0.16576338355999037
22277,202610,0,0.3893317948561575
22278,202610,1,0.2427155458866177
22279,202610,0,0.13564215600561635
22280,202610,0,0.1441592665283293
22281,202610,0,0.1558982885752746
22282,202610,0,0.16137597633499293
22283,202610,0,0.07605519215794189
22284,202610,0,0.0538449853486536
22285,202610,0,0.17261835851178592
22286,202610,0,0.1585410608888485
22287,202610,0,0.05809772140627426
22288,202610,0,0.14134625442743365
22289,202610,0,0.1502255856008607
22290,202610,0,0.12573692735278214
22291,202610,0,0.1436796948614068
22292,202610,0,0.0598582505803533
22293,202610,0,0.14356979579287626
22294,202610,0,0.17613851641175582
22295,202610,0,0.1373805521368658
22296,202610,0,0.16190824880256854
22297,202610,0,0.1477172690511327
22298,202610,0,0.13339176996180102
22299,202610,0,0.12949086566563323
22300,202610,0,0.21588780396309892
22301,202610,0,0.14980438748326727
22302,202610,0,0.22076842681354525
22303,202610,0,0.1955216088031486
22304,202610,1,0.15069405903389854
22305,202610,0,0.10920722678712041
22306,202610,0,0.16053223970373984
22307,202610,0,0.23637938810707546
22308,202610,0,0.13284284910426436
22309,202610,0,0.15593202229338599
22310,202610,1,0.13820340028339445
22311,202610,0,0.28903613293084784
22312,202610,0,0.26644173780988095
22313,202610,0,0.1159993817792513
22314,202610,0,0.15622905821459998
22315,202610,0,0.10389715710157067
22316,202610,0,0.23008122381405083
22317,202610,0,0.055368909674713744
22318,202610,0,0.1525600425254565
22319,202610,0,0.24502243135122392
22320,202610,0,0.16034699497285107
22321,202610,1,0.17982487283949652
22322,202610,0,0.1674571979154812
22323,202610,0,0.2730109071419581
22324,202610,0,0.1474542157846362
22325,202610,1,0.15483588300360074
22326,202610,0,0.2351649015049844
22327,202610,0,0.17819811486752374
22328,202610,0,0.1422042236578288
22329,202610,0,0.12827171420578848
22330,202610,0,0.1454771161434939
22331,202610,0,0.16158236844162802
22332,202610,0,0.1365302246221652
22333,202610,0,0.06232035770966545
22334,202610,0,0.15132482264875938
22335,202610,0,0.14704160360227103
22336,202610,0,0.18905211208943257
22337,202610,0,0.2541684956541104
22338,202610,0,0.21829849098303958
22339,202610,0,0.12573486928040167
22340,202610,1,0.25552140649535443
22341,202610,0,0.1386034051160679
22342,202610,0,0.13940645483246558
22343,202610,0,0.15644327782719247
22344,202610,0,0.075056097447696
22345,202610,0,0.18420587959724916
22346,202610,0,0.1039966361609614
22347,202610,0,0.154467635146928
22348,202610,1,0.25571708314505587
22349,202610,0,0.15041855825161063
22350,202610,0,0.13585392372846872
22351,202610,0,0.1344001407831512
22352,202610,1,0.15722490885441628
22353,202610,0,0.12700340399928836
22354,202610,0,0.18710832300170968
22355,202610,0,0.13802141368838594
22356,202610,1,0.1632533484802371
22357,202610,1,0.12902722665327054
22358,202610,0,0.13484619332048486
22359,202610,0,0.332368313394901
22360,202610,0,0.1337056654916585
22361,202610,1,0.14198947254635447
22362,202610,0,0.14228363305575684
22363,202610,1,0.134290666492663
22364,202610,0,0.1267085793876519
22365,202610,0,0.14938780008575245
22366,202610,0,0.1544991327848908
22367,202610,0,0.17902777911152531
22368,202610,0,0.12538806439859548
22369,202610,0,0.09480028672397062
22370,202610,0,0.06092120004722803
22371,202610,0,0.11779184717464475
22372,202610,0,0.23440422259908775
22373,202610,0,0.11922506891830487
22374,202610,0,0.12158392933208162
22375,202610,0,0.1385715506750344
22376,202610,0,0.15146773364129448
22377,202610,0,0.1238227597213594
22378,202610,0,0.1487434633937435
22379,202610,0,0.16407639740885102
22380,202610,1,0.3648200731175219
22381,202610,1,0.11857783655387572
22382,202610,0,0.1364239205954428
22383,202610,1,0.13579791183280296
22384,202610,1,0.1533238807568013
22385,202610,0,0.1533156128460366
22386,202610,0,0.1499972370527353
22387,202610,0,0.2240958048375884
22388,202610,0,0.12862204733957996
22389,202610,1,0.22540467484888674
22390,202610,0,0.13801025358809063
22391,202610,0,0.10372556561877894
22392,202610,0,0.12724096431576312
22393,202610,0,0.3266594001717303
22394,202610,0,0.2264047274122833
22395,202610,0,0.20458981661232198
22396,202610,1,0.4114622541915009
22397,202610,0,0.1679874260922734
22398,202610,0,0.23252581117584664
22399,202610,0,0.1978670603478562
22400,202610,1,0.13490398939561962
22401,202610,0,0.14155007652739499
22402,202610,0,0.15758166007011473
22403,202610,0,0.15112852034790197
22404,202610,0,0.1244822122762303
22405,202610,0,0.22002686998698415
22406,202610,0,0.13553499854089213
22407,202610,0,0.1946525852649224
22408,202610,0,0.15681231110952587
22409,202610,0,0.06277673383668261
22410,202610,0,0.12535815266372857
22411,202610,0,0.29445215291590887
22412,202610,1,0.4095317498792355
22413,202610,0,0.161173692804712
22414,202610,0,0.2673395416710745
22415,202610,0,0.13844282366387278
22416,202610,0,0.15810685254995605
22417,202610,0,0.14326528563303118
22418,202610,1,0.15222451550230154
22419,202610,0,0.16265829528046613
22420,202610,0,0.13178737612279007
22421,202610,0,0.1282494687791125
22422,202610,0,0.1598366430244927
22423,202610,0,0.14062134436588306
22424,202610,0,0.1661718352334628
22425,202610,0,0.2623104032073175
22426,202610,0,0.13145050865116625
22427,202610,0,0.16092893973407607
22428,202610,0,0.1604370474521646
22429,202610,0,0.16256631215706266
22430,202610,0,0.10796484236237681
22431,202610,0,0.13341381624138116
22432,202610,0,0.1352564500973168
22433,202610,0,0.05700964999423594
22434,202610,0,0.11839637597092324
22435,202610,1,0.1498947042985308
22436,202610,0,0.11922655432591528
22437,202610,0,0.14694662374414694
22438,202610,0,0.14437053241957598
22439,202610,0,0.11914187114324598
22440,202610,0,0.16194750658004547
22441,202610,0,0.11580099168649151
22442,202610,0,0.12532463298117413
22443,202610,0,0.14467068039857253
22444,202610,0,0.12095555484035933
22445,202610,0,0.15873395243832225
22446,202610,0,0.05243605462049224
22447,202610,0,0.1344834638560307
22448,202610,0,0.16339229838408187
22449,202610,0,0.14579562235088633
22450,202610,0,0.1609279538807861
22451,202610,0,0.13578159919266689
22452,202610,0,0.21946531845341383
22453,202610,0,0.12475589914016799
22454,202610,0,0.05526727292969614
22455,202610,0,0.3951405714366591
22456,202610,1,0.13022868402606783
22457,202610,0,0.1407419840889112
22458,202610,1,0.2284427305163848
22459,202610,0,0.11103338359919289
22460,202610,0,0.14331934859072074
22461,202610,0,0.12691620023895853
22462,202610,0,0.18707705497867666
22463,202610,1,0.2485622934332793
22464,202610,0,0.14028407331255424
22465,202610,0,0.13882007444527789
22466,202610,0,0.22685711253238755
22467,202610,0,0.14073777566554685
22468,202610,1,0.14119572131725916
22469,202610,1,0.25118571891379315
22470,202610,0,0.24357583756781268
22471,202610,0,0.1483765082749089
22472,202610,1,0.05507400333287674
22473,202610,0,0.1458090447431029
22474,202610,0,0.19436274796188946
22475,202610,0,0.36869481884507643
22476,202610,0,0.11365252539596164
22477,202610,0,0.16217206044755264
22478,202610,1,0.12615366240437503
22479,202610,0,0.15075983308324847
22480,202610,0,0.26751100893106167
22481,202610,1,0.36140585594062363
22482,202610,0,0.14000446552470122
22483,202610,1,0.05828129671370051
22484,202610,0,0.17069993928776342
22485,202610,0,0.11410452562271635
22486,202610,0,0.1611478524228654
22487,202610,0,0.1184208631869225
22488,202610,0,0.06825979579605018
22489,202610,0,0.11447556338496469
22490,202610,1,0.1422204599709578
22491,202610,1,0.21024460854711535
22492,202610,0,0.14067345568180728
22493,202610,0,0.14188545449874235
22494,202610,0,0.1356051546739306
22495,202610,0,0.13116782680950412
22496,202610,0,0.13895330976146697
22497,202610,0,0.15709151445852435
22498,202610,1,0.132688534794154
22499,202610,0,0.11024243865241659
22500,202610,0,0.11265764804394532
22501,202610,0,0.34997713940786573
22502,202610,0,0.1705277139603327
22503,202610,1,0.13704144402683113
22504,202610,1,0.24118154977420292
22505,202610,1,0.2070155451439694
22506,202610,0,0.13386108367568123
22507,202610,0,0.14651475496291996
22508,202610,0,0.046322138797468215
22509,202610,0,0.3888200775491824
22510,202610,0,0.11723414449244582
22511,202610,1,0.1196789276620418
22512,202610,0,0.15823530417437717
22513,202610,0,0.1256612032015507
22514,202610,0,0.15003146655652777
22515,202610,0,0.15006025977214169
22516,202610,0,0.11784400915463421
22517,202610,0,0.13756296024910963
22518,202610,0,0.14020454600259
22519,202610,0,0.1392552944898098
22520,202610,0,0.15144844990421621
22521,202610,0,0.11414878758506967
22522,202610,1,0.21317893370809232
22523,202610,0,0.19827745396921545
22524,202610,0,0.41052154008541664
22525,202610,0,0.15101099854175767
22526,202610,0,0.2674979920832573
22527,202610,0,0.12831632145669158
22528,202610,0,0.12399526491205805
22529,202610,0,0.11443403200375171
22530,202610,0,0.2069922326753979
22531,202610,0,0.14763226755098022
22532,202610,1,0.13609172214024623
22533,202610,0,0.15645399108169628
22534,202610,1,0.3750467554294455
22535,202610,1,0.3365680169427498
22536,202610,0,0.41330706113874455
22537,202610,0,0.14838861951055762
22538,202610,0,0.12776346589385423
22539,202610,0,0.14541175602959752
22540,202610,0,0.05792507419455707
22541,202610,1,0.25601032640200583
22542,202610,0,0.14664291716225253
22543,202610,1,0.2604958896387719
22544,202610,0,0.14847695130556707
22545,202610,0,0.1355487775066117
22546,202610,0,0.08168759343410044
22547,202610,0,0.23874339062637687
22548,202610,0,0.1473437807197984
22549,202610,0,0.12769250974196622
22550,202610,0,0.32157699054788874
22551,202610,0,0.27263080397043205
22552,202610,0,0.14223456829528858
22553,202610,0,0.062249699309147796
22554,202610,0,0.21999529356238465
22555,202610,1,0.41700866265295755
22556,202610,1,0.12844879689962188
22557,202610,0,0.1582467101737167
22558,202610,0,0.06614939825931616
22559,202610,1,0.13978403194252167
22560,202610,0,0.10774052736702545
22561,202610,0,0.2014418845071444
22562,202610,0,0.17954518840005446
22563,202610,0,0.26759006594551754
22564,202610,0,0.1997556198260373
22565,202610,0,0.1304958107508433
22566,202610,0,0.12421197223340816
22567,202610,0,0.1411192458755356
22568,202610,0,0.13284872670820355
22569,202610,1,0.15753066814907948
22570,202610,0,0.11858012278811654
22571,202610,1,0.20633564493237178
22572,202610,0,0.4157999472969099
22573,202610,0,0.17749729314314874
22574,202610,0,0.054574747568764924
22575,202610,1,0.16424200694260827
22576,202610,1,0.1511269907794367
22577,202610,0,0.16604149853019837
22578,202610,0,0.16751010914838307
22579,202610,1,0.22817130606490013
22580,202610,0,0.12892887096869407
22581,202610,0,0.1422742633528416
22582,202610,0,0.2542320179953465
22583,202610,0,0.21797809742407878
22584,202610,0,0.15872730401913035
22585,202610,0,0.12531096241844802
22586,202610,0,0.1329952141030156
22587,202610,0,0.09724400029417972
22588,202610,0,0.12977537160145608
22589,202610,1,0.13807412653477846
22590,202610,1,0.11955996124159464
22591,202610,0,0.24520091983228806
22592,202610,0,0.21334065283043288
22593,202610,0,0.1744607778892257
22594,202610,0,0.18774484985263812
22595,202610,0,0.19966944762589084
22596,202610,0,0.2541335575100785
22597,202610,0,0.15084974186653102
22598,202610,0,0.15391469418820136
22599,202610,0,0.05645177658083032
22600,202610,0,0.1543413195256116
22601,202610,0,0.1320771638827972
22602,202610,0,0.17409361101289228
22603,202610,0,0.22059978830119165
22604,202610,0,0.2508633721123506
22605,202610,0,0.11935605309581673
22606,202610,0,0.07453604477711039
22607,202610,0,0.1283172191908897
22608,202610,0,0.1338291188809233
22609,202610,0,0.13026171016582822
22610,202610,0,0.1687988151364864
22611,202610,0,0.16281842076108016
22612,202610,0,0.14684871363856264
22613,202610,0,0.2617414073921741
22614,202610,0,0.25099785760746174
22615,202610,0,0.07255929028267721
22616,202610,1,0.21763427765607676
22617,202610,1,0.12480292512102797
22618,202610,0,0.1431752109631433
22619,202610,0,0.22051835183242757
22620,202610,1,0.14886605670720068
22621,202610,0,0.1332488998197208
22622,202610,0,0.13879261961045075
22623,202610,1,0.2784430063594028
22624,202610,0,0.11920040990780496
22625,202610,0,0.12139503601903989
22626,202610,0,0.1780041206595995
22627,202610,0,0.1574595687593765
22628,202610,0,0.11865468506670282
22629,202610,0,0.13208941968517743
22630,202610,0,0.11914491621789386
22631,202610,0,0.11859312546144717
22632,202610,1,0.2332896872141651
22633,202610,0,0.13519163033210707
22634,202610,0,0.12503083737790752
22635,202610,0,0.15668599379622586
22636,202610,0,0.2586958276194156
22637,202610,0,0.11525814297919644
22638,202610,1,0.12306480947072863
22639,202610,0,0.18540870954914254
22640,202610,0,0.13999000028985173
22641,202610,0,0.12680004021526217
22642,202610,0,0.16567315977286592
22643,202610,0,0.15910404947267026
22644,202610,0,0.372637263226775
22645,202610,1,0.15629629523879376
22646,202610,0,0.1133539180274542
22647,202610,0,0.22863854265674702
22648,202610,0,0.1393305456532011
22649,202610,0,0.34849283933573494
22650,202610,0,0.23537310842623485
22651,202610,0,0.2422539684683276
22652,202610,0,0.1253722580560318
22653,202610,0,0.13708201213831528
22654,202610,1,0.23063360020271767
22655,202610,0,0.2501043850020708
22656,202610,1,0.14279909980771294
22657,202610,0,0.0547636428970192
22658,202610,0,0.14189200141063038
22659,202610,0,0.14298166679692156
22660,202610,0,0.08517757668838258
22661,202610,0,0.12002711359094365
22662,202610,0,0.14004752689439423
22663,202610,0,0.13353937910026617
22664,202610,0,0.23988866174973292
22665,202610,0,0.16902616478293894
22666,202610,0,0.2332415776780222
22667,202610,1,0.08054106127100415
22668,202610,0,0.14885848692702003
22669,202610,0,0.1485838361590734
22670,202610,0,0.18160046477553574
22671,202610,0,0.17058649042722374
22672,202610,0,0.11095447124307921
22673,202610,0,0.07297666338300002
22674,202610,1,0.16751809171152757
22675,202610,0,0.23084081293952932
22676,202610,0,0.12666659356627
22677,202610,0,0.35701217989006573
22678,202610,0,0.1510843925080059
22679,202610,0,0.14138552504462804
22680,202610,0,0.1448258614544471
22681,202610,0,0.14524345867705474
22682,202610,0,0.1534203919518952
22683,202610,0,0.13215516234276042
22684,202610,0,0.12019667199594672
22685,202610,0,0.13393635809574356
22686,202610,0,0.1580435956835414
22687,202610,0,0.21818583301552616
22688,202610,0,0.11988437875654841
22689,202610,1,0.11042625982503843
22690,202610,0,0.1368671246294575
22691,202610,0,0.13819985347369343
22692,202610,0,0.14847170466533302
22693,202610,0,0.15078532988244953
22694,202610,0,0.14381486573825997
22695,202610,0,0.15188184584425315
22696,202610,0,0.05759963244136784
22697,202610,0,0.27748968951590686
22698,202610,0,0.14332672350839618
22699,202610,0,0.24970102110046485
22700,202610,1,0.2592292993309419
22701,202610,0,0.38588127843764386
22702,202610,0,0.27676260991671725
22703,202610,1,0.14504571446348025
22704,202610,0,0.09739765550008868
22705,202610,0,0.16383097879001587
22706,202610,0,0.1745270206055204
22707,202610,0,0.14815224547789743
22708,202610,0,0.1353261699887984
22709,202610,0,0.05880428237427071
22710,202610,1,0.12292796109033766
22711,202610,0,0.23854762819329717
22712,202610,0,0.13798215384749932
22713,202610,0,0.3601224574371962
22714,202610,0,0.15011234667015055
22715,202610,0,0.10793856275737487
22716,202610,0,0.12047459270517617
22717,202610,0,0.2107829892891951
22718,202610,0,0.05721819134756711
22719,202610,1,0.25910240137740487
22720,202610,0,0.34598321242889163
22721,202610,0,0.06584491804463559
22722,202610,0,0.142818615709907
22723,202610,1,0.2326818314449865
22724,202610,0,0.14004780660289193
22725,202610,0,0.13623439324802455
22726,202610,0,0.27760828861119674
22727,202610,1,0.15290758997497156
22728,202610,0,0.12460054316277097
22729,202610,0,0.10808653150797408
22730,202610,0,0.16540773061530445
22731,202610,1,0.12793336537111158
22732,202610,0,0.17792494682455143
22733,202610,0,0.22938235731996437
22734,202610,0,0.1547698632376904
22735,202610,0,0.3512604585751654
22736,202610,0,0.14745442490672225
22737,202610,0,0.12956715900955268
22738,202610,0,0.05541489726486064
22739,202610,0,0.2854737169319659
22740,202610,0,0.24400000495846663
22741,202610,1,0.12687756835490788
22742,202610,0,0.13946893538610533
22743,202610,0,0.2113929965856767
22744,202610,1,0.14212688434139015
22745,202610,0,0.1294234545287254
22746,202610,0,0.061663299159959134
22747,202610,1,0.1153705236741386
22748,202610,0,0.38287521973569694
22749,202610,0,0.20737937193243733
22750,202610,1,0.1271556647078958
22751,202610,0,0.0917226794659127
22752,202610,0,0.14143423185941337
22753,202610,0,0.35448690695074053
22754,202610,1,0.3339164936360231
22755,202610,0,0.1316214580405444
22756,202610,0,0.11976945405101548
22757,202610,0,0.04649524279588339
22758,202610,0,0.22411781691609017
22759,202610,0,0.12519727800380254
22760,202610,0,0.13980583890782575
22761,202610,1,0.35035242734027133
22762,202610,0,0.13573664304130356
22763,202610,0,0.2295539670709469
22764,202610,0,0.1448892992571195
22765,202610,0,0.41260315912505696
22766,202610,0,0.07218320678122227
22767,202610,1,0.20798885993439573
22768,202610,0,0.05831723746424467
22769,202610,0,0.12378565915679839
22770,202610,0,0.11572578154800899
22771,202610,1,0.176343123054578
22772,202610,0,0.23946591145750654
22773,202610,0,0.11731033659087588
22774,202610,1,0.2204322890472865
22775,202610,0,0.1381010843143762
22776,202610,0,0.22166076782709146
22777,202610,0,0.13263568473113013
22778,202610,1,0.15294868058247105
22779,202610,0,0.08029262991183415
22780,202610,0,0.16245319208011103
22781,202610,0,0.3897553980950708
22782,202610,0,0.13738532396813108
22783,202610,0,0.19832045247198934
22784,202610,0,0.14650684649381263
22785,202610,0,0.12902095493495552
22786,202610,0,0.19002023206707763
22787,202610,0,0.15982265418352454
22788,202610,1,0.13537171359205719
22789,202610,0,0.142907515840149
22790,202610,1,0.3606884294217998
22791,202610,0,0.07275577255754173
22792,202610,0,0.34256761854364454
22793,202610,0,0.1603265308228473
22794,202610,0,0.14201600929127806
22795,202610,0,0.06736406839059284
22796,202610,0,0.06995496970917836
22797,202610,1,0.14897182535237952
22798,202610,0,0.15514440053606957
22799,202610,0,0.12526570816126192
22800,202610,0,0.1463931743651424
22801,202610,0,0.16205218145813008
22802,202610,0,0.1958930568639105
22803,202610,1,0.2863378418246644
22804,202610,0,0.06868850998956061
22805,202610,1,0.12438690319567045
22806,202610,1,0.30845750561854846
22807,202610,1,0.13355475177348244
22808,202610,0,0.12551349026655054
22809,202610,0,0.34410661023955375
22810,202610,0,0.3567934134038481
22811,202610,0,0.13079566391452477
22812,202610,0,0.05763407206886747
22813,202610,0,0.14283514717306953
22814,202610,0,0.15593171502477238
22815,202610,0,0.12830826238595303
22816,202610,0,0.12219278688996386
22817,202610,1,0.058429492025547335
22818,202610,0,0.1408280294730652
22819,202610,1,0.1605978275060112
22820,202610,0,0.23491961203064204
22821,202610,0,0.06024292927691496
22822,202610,1,0.32063867916063454
22823,202610,0,0.13707038053033163
22824,202610,0,0.13399927147632149
22825,202610,0,0.10982122969836756
22826,202610,0,0.2588478044198523
22827,202610,1,0.21926542482410433
22828,202610,0,0.1400949631482487
22829,202610,0,0.23432652768335097
22830,202610,0,0.17637733283167845
22831,202610,0,0.17231898192047712
22832,202610,0,0.14904225776065994
22833,202610,0,0.056317830409958136
22834,202610,1,0.30567968572933446
22835,202610,1,0.16283861067142705
22836,202610,0,0.12998281262591463
22837,202610,1,0.1340213022748165
22838,202610,1,0.39613576459672856
22839,202610,0,0.11387027761159556
22840,202610,0,0.06780087721618071
22841,202610,0,0.13184082860421284
22842,202610,0,0.12478102344845052
22843,202610,1,0.18063791295504464
22844,202610,0,0.12428323643954756
22845,202610,0,0.22522506320479205
22846,202610,0,0.11340523032787028
22847,202610,0,0.14924503708385614
22848,202610,0,0.13411305449435873
22849,202610,0,0.3781932523900526
22850,202610,1,0.26460885648095
22851,202610,0,0.137128103992913
22852,202610,1,0.17279956691533072
22853,202610,0,0.12270448418586367
22854,202610,1,0.1335014772259881
22855,202610,0,0.1325112568358316
22856,202610,0,0.14210813194281113
22857,202610,0,0.13454001667132542
22858,202610,0,0.1434352724808458
22859,202610,0,0.12865012545703688
22860,202610,0,0.38052228686044964
22861,202610,0,0.12181370078729124
22862,202610,0,0.2163147589120149
22863,202610,0,0.22452536970616488
22864,202610,0,0.13441928674056555
22865,202610,0,0.057990957828103464
22866,202610,0,0.28406624319653584
22867,202610,1,0.33876210686846076
22868,202610,0,0.1501869346371881
22869,202610,0,0.4184137768440369
22870,202610,0,0.14866170676507776
22871,202610,0,0.1635328849667827
22872,202610,0,0.19440485763061882
22873,202610,0,0.13357134598403872
22874,202610,0,0.1523866234416829
22875,202610,0,0.14205232778198792
22876,202610,0,0.15383650557829925
22877,202610,0,0.3468128824253496
22878,202610,0,0.12346694786682132
22879,202610,0,0.3397260143696467
22880,202610,0,0.15982287725404937
22881,202610,0,0.11162940519652201
22882,202610,0,0.12708193253807565
22883,202610,0,0.2866697309286889
22884,202610,0,0.14337353956312313
22885,202610,1,0.14069439931794253
22886,202610,0,0.060007613938049695
22887,202610,0,0.12853624893740098
22888,202610,0,0.13796974587374594
22889,202610,0,0.16423890754199677
22890,202610,0,0.2050755307367017
22891,202610,0,0.06359559407954389
22892,202610,1,0.11484314054865144
22893,202610,1,0.1357063797865245
22894,202610,0,0.16921159433335914
22895,202610,0,0.056329551019746446
22896,202610,1,0.17143697063859004
22897,202610,0,0.16269612275949794
22898,202610,0,0.23706352935806174
22899,202610,0,0.05840165754089089
22900,202610,0,0.0519377187002647
22901,202610,0,0.12196254055916686
22902,202610,0,0.1590372349845207
22903,202610,0,0.12192643283554228
22904,202610,0,0.12197878561122928
22905,202610,0,0.16620507739343596
22906,202610,0,0.17428300771494482
22907,202610,0,0.20383523934404738
22908,202610,0,0.13986661864620817
22909,202610,0,0.0742343227270233
22910,202610,0,0.16064639160457425
22911,202610,0,0.1472210205274002
22912,202610,1,0.12841316814275253
22913,202610,0,0.1541961592872861
22914,202610,0,0.06661135011486005
22915,202610,0,0.15368314794872398
22916,202610,0,0.16704850627799062
22917,202610,1,0.24890036193324935
22918,202610,0,0.10686597098712272
22919,202610,0,0.244817364357852
22920,202610,0,0.06134086787298102
22921,202610,0,0.2641642354351155
22922,202610,0,0.06730724526826398
22923,202610,0,0.15280952934056716
22924,202610,0,0.3610095231787697
22925,202610,0,0.15987336737928495
22926,202610,0,0.10272902618122998
22927,202610,0,0.17189627445569128
22928,202610,0,0.1398686264860424
22929,202610,0,0.22822519825418047
22930,202610,0,0.1024218000421858
22931,202610,1,0.1470771577364308
22932,202610,1,0.21549746884234358
22933,202610,0,0.14827181967573208
22934,202610,0,0.16453224730397387
22935,202610,0,0.12032130069616516
22936,202610,0,0.1846912518155333
22937,202610,0,0.1406199986320124
22938,202610,0,0.15251171045349032
22939,202610,1,0.13959882502747778
22940,202610,0,0.12866026950897336
22941,202610,0,0.38274643010286113
22942,202610,1,0.12701339730833414
22943,202610,0,0.13133019153307296
22944,202610,0,0.23288267696608977
22945,202610,0,0.12465983611802128
22946,202610,0,0.14648637573082599
22947,202610,0,0.19604531622869145
22948,202610,0,0.2340197074981837
22949,202610,0,0.25513796577582926
22950,202610,0,0.15586912306930883
22951,202610,0,0.12216141808826293
22952,202610,0,0.15448617478292362
22953,202610,0,0.148310155709815
22954,202610,0,0.12169823142871974
22955,202610,0,0.3523544153663044
22956,202610,1,0.13020575954177677
22957,202610,0,0.37666075762499823
22958,202610,0,0.11701779421905864
22959,202610,0,0.12007749840999964
22960,202610,0,0.3101483751442118
22961,202610,0,0.15416248815229455
22962,202610,0,0.12859663962731946
22963,202610,0,0.11035652345720881
22964,202610,0,0.1846096406767375
22965,202610,0,0.15653707840605702
22966,202610,0,0.15546145011392354
22967,202610,0,0.17065531437994658
22968,202610,0,0.35867052845071357
22969,202610,0,0.13119751000155766
22970,202610,0,0.12038751110515655
22971,202610,0,0.16283446839200555
22972,202610,0,0.33763801480909683
22973,202610,0,0.1699636488556209
22974,202610,0,0.2067197067386303
22975,202610,1,0.13479944042228864
22976,202610,0,0.14040822451498286
22977,202610,0,0.1277460792904708
22978,202610,0,0.16044432339059658
22979,202610,1,0.13869849735597825
22980,202610,0,0.12815833460149711
22981,202610,0,0.09951375586961585
22982,202610,0,0.2524461777761779
22983,202610,0,0.12675018219063283
22984,202610,1,0.23249379445825819
22985,202610,1,0.37899933159283933
22986,202610,0,0.13648248564823917
22987,202610,0,0.18235558902004
22988,202610,0,0.19763250674094987
22989,202610,0,0.3463795376169827
22990,202610,0,0.137433522323298
22991,202610,0,0.2292681554342358
22992,202610,0,0.11704923803362366
22993,202610,0,0.059479368497822656
22994,202610,0,0.16539186535614167
22995,202610,0,0.12451074514859618
22996,202610,0,0.10733055275125129
22997,202610,0,0.06646495473615448
22998,202610,0,0.14288791999686035
22999,202610,0,0.10606003833483804
23000,202610,0,0.10649396881856077
23001,202610,1,0.3979574638405475
23002,202610,0,0.1620614238310502
23003,202610,0,0.12062917482405311
23004,202610,0,0.13806904203512163
23005,202610,0,0.21522999168551057
23006,202610,0,0.12675312495762497
23007,202610,0,0.1276684001298334
23008,202610,0,0.15757053437946542
23009,202610,0,0.34856324186177545
23010,202610,0,0.155204250781737
23011,202610,0,0.10116798176735546
23012,202610,0,0.17072106342526117
23013,202610,0,0.2573200445078263
23014,202610,0,0.10236165127866188
23015,202610,0,0.1315172280701731
23016,202610,1,0.23975517418060907
23017,202610,1,0.2247720404392741
23018,202610,1,0.1418305939201314
23019,202610,0,0.35094488134969254
23020,202610,0,0.14650597596760054
23021,202610,0,0.15409134561691998
23022,202610,0,0.2116453714997891
23023,202610,0,0.06995788264918971
23024,202610,1,0.2305660108137781
23025,202610,0,0.231531961869414
23026,202610,0,0.317480800232546
23027,202610,1,0.33026651428454895
23028,202610,0,0.26023009097006466
23029,202610,1,0.13038509801952405
23030,202610,1,0.11470798003062939
23031,202610,0,0.15609197962035434
23032,202610,0,0.3469554811141016
23033,202610,0,0.14434111639250494
23034,202610,0,0.12999234800252696
23035,202610,0,0.137310465754859
23036,202610,0,0.1641687005304318
23037,202610,0,0.07117598243540714
23038,202610,1,0.3913513671035986
23039,202610,0,0.3173080956607645
23040,202610,0,0.12829894053281368
23041,202610,0,0.131765863323132
23042,202610,0,0.16693585985965745
23043,202610,0,0.11597571005573765
23044,202610,0,0.26630933344330177
23045,202610,1,0.1598820580966947
23046,202610,0,0.1525565700016559
23047,202610,1,0.28893379681246345
23048,202610,0,0.06486184832067957
23049,202610,0,0.3608551871712442
23050,202610,0,0.15280187807953888
23051,202610,0,0.13917222151839365
23052,202610,0,0.13241506615319604
23053,202610,0,0.14929222597063535
23054,202610,0,0.15020921197746184
23055,202610,0,0.17528892520903452
23056,202610,0,0.12723716844194174
23057,202610,1,0.14842670622905027
23058,202610,0,0.15056180277005574
23059,202610,0,0.16597564482008384
23060,202610,0,0.11633869129062133
23061,202610,0,0.13707531285622393
23062,202610,0,0.12808035694571218
23063,202610,0,0.13147699932963314
23064,202610,0,0.12630334195478876
23065,202610,0,0.13048407478826943
23066,202610,0,0.13327441103215912
23067,202610,0,0.09589415864344791
23068,202610,0,0.137039407124747
23069,202610,0,0.14808304828864105
23070,202610,0,0.1584569772983084
23071,202610,0,0.04968335127981159
23072,202610,0,0.12742587714255713
23073,202610,0,0.12785116364155213
23074,202610,0,0.12378449480616334
23075,202610,0,0.14741399391959875
23076,202610,1,0.16947413100467645
23077,202610,0,0.2342394234249538
23078,202610,0,0.12732097658183905
23079,202610,0,0.17121769555468974
23080,202610,0,0.16269217247029852
23081,202610,0,0.04501678278769662
23082,202610,0,0.2591978349088618
23083,202610,0,0.13422439705116176
23084,202610,0,0.11542817869568875
23085,202610,0,0.13850716037907002
23086,202610,0,0.11411471655364011
23087,202610,0,0.1310403112780544
23088,202610,0,0.14701727206672016
23089,202610,0,0.20338989059230062
23090,202610,0,0.15286779231354822
23091,202610,1,0.13126115417991246
23092,202610,1,0.1516729130020633
23093,202610,0,0.1506852992705457
23094,202610,1,0.24716802170355923
23095,202610,0,0.14313232334796494
23096,202610,1,0.05519514337398582
23097,202610,0,0.13654718368962404
23098,202610,0,0.058405888295311834
23099,202610,0,0.13567223361868153
23100,202610,0,0.13994695518256473
23101,202610,0,0.1544393184106081
23102,202610,0,0.1684416686827397
23103,202610,0,0.2268592601360898
23104,202610,0,0.1177619785247023
23105,202610,0,0.11515745745553228
23106,202610,0,0.10457625708380333
23107,202610,0,0.2671963088716654
23108,202610,0,0.059608572500790075
23109,202610,0,0.1530363353941936
23110,202610,0,0.19665280740684515
23111,202610,0,0.11507027459335639
23112,202610,0,0.1052709869724609
23113,202610,0,0.06503721853443767
23114,202610,0,0.1503294834359932
23115,202610,0,0.28523812628357426
23116,202610,0,0.06941621451446583
23117,202610,1,0.1418731451784538
23118,202610,0,0.22726012449492397
23119,202610,0,0.12746893144779722
23120,202610,0,0.14478412259642037
23121,202610,0,0.23250284936700172
23122,202610,0,0.18017073756464214
23123,202610,0,0.1326977242046559
23124,202610,0,0.1497324348048304
23125,202610,0,0.11721127608534762
23126,202610,0,0.1340682469604495
23127,202610,0,0.14207179433341102
23128,202610,0,0.14785651016560933
23129,202610,0,0.24701858444197256
23130,202610,0,0.1176431432487931
23131,202610,0,0.12782886814530384
23132,202610,0,0.1613206952043587
23133,202610,0,0.228413221094216
23134,202610,0,0.141213678800408
23135,202610,0,0.144302193375418
23136,202610,0,0.13066886610805703
23137,202610,0,0.088260763195137
23138,202610,0,0.13974553169112944
23139,202610,0,0.1571808134903054
23140,202610,1,0.1731152223058103
23141,202610,1,0.34161940900081
23142,202610,0,0.06146701513065716
23143,202610,0,0.1363553873032272
23144,202610,1,0.3556873590297495
23145,202610,1,0.3472395361500808
23146,202610,0,0.17239135233997308
23147,202610,0,0.12382015262826375
23148,202610,0,0.12776972832989614
23149,202610,0,0.11404157300086948
23150,202610,1,0.1288029273412032
23151,202610,0,0.1205832395302465
23152,202610,0,0.14194635576827577
23153,202610,0,0.33713001873620985
23154,202610,0,0.11205017246990638
23155,202610,0,0.14744010162510215
23156,202610,0,0.1409459445826718
23157,202610,0,0.1185408778584911
23158,202610,0,0.15565618959500924
23159,202610,1,0.3356835951186282
23160,202610,0,0.14478462890665944
23161,202610,0,0.15888195459953144
23162,202610,0,0.16690079554022036
23163,202610,0,0.15042380919546144
23164,202610,0,0.1871629229386013
23165,202610,1,0.21018565120706106
23166,202610,0,0.28394855790378226
23167,202610,0,0.19814666673790843
23168,202610,0,0.13688127172212708
23169,202610,0,0.1468898906000293
23170,202610,0,0.12937651033500722
23171,202610,0,0.1486144188287473
23172,202610,0,0.06050874105676122
23173,202610,0,0.22860497107750327
23174,202610,0,0.14592190257740423
23175,202610,0,0.14434041069850548
23176,202610,0,0.15185621829060772
23177,202610,0,0.12420082354336832
23178,202610,0,0.13475206588484442
23179,202610,0,0.13441104817875335
23180,202610,0,0.13082873286879734
23181,202610,0,0.3297639863887354
23182,202610,0,0.16310062106843998
23183,202610,0,0.1227126424635455
23184,202610,0,0.11994084769968978
23185,202610,0,0.1538606353304174
23186,202610,0,0.12886455383000714
23187,202610,0,0.22134911640177707
23188,202610,0,0.1566330045982064
23189,202610,1,0.13614259710211837
23190,202610,1,0.3429428162203004
23191,202610,0,0.15511251054190514
23192,202610,0,0.14739921291600983
23193,202610,0,0.14751655560684787
23194,202610,0,0.1277867208701628
23195,202610,1,0.1331845257089989
23196,202610,0,0.11633156061256174
23197,202610,0,0.1283763425042161
23198,202610,0,0.12263285023445582
23199,202610,0,0.06692834020939305
23200,202610,1,0.13199156143367238
23201,202610,0,0.2386892777426186
23202,202610,0,0.20869081227354805
23203,202610,0,0.13267205684805922
23204,202610,0,0.06839617634371312
23205,202610,0,0.16735244712082886
23206,202610,0,0.13724790029566789
23207,202610,0,0.06399549845367065
23208,202610,1,0.15256868143702465
23209,202610,0,0.1581706357563162
23210,202610,1,0.14330552273235064
23211,202610,0,0.15626922357851095
23212,202610,0,0.0629474030619435
23213,202610,1,0.22643488765979522
23214,202610,0,0.13088307380047645
23215,202610,0,0.12433236958682868
23216,202610,0,0.15417669893322572
23217,202610,0,0.12509795578774702
23218,202610,0,0.23807731395774553
23219,202610,0,0.14057074690551596
23220,202610,0,0.15619223008746239
23221,202610,0,0.0625487661706415
23222,202610,0,0.14748702290139423
23223,202610,0,0.3455255900945296
23224,202610,0,0.14432120867282394
23225,202610,0,0.1360072982644295
23226,202610,1,0.13638760458308707
23227,202610,0,0.11990806964560037
23228,202610,0,0.143766366634378
23229,202610,0,0.23914239507556145
23230,202610,0,0.13626910259893263
23231,202610,0,0.3116967493142852
23232,202610,0,0.22008136535223938
23233,202610,0,0.17051817475570555
23234,202610,0,0.13604722529344582
23235,202610,1,0.16310613161606452
23236,202610,0,0.13724285841999403
23237,202610,1,0.13890446632846556
23238,202610,0,0.124457416909975
23239,202610,0,0.09642540950959426
23240,202610,0,0.14233831856992643
23241,202610,0,0.14858875643831415
23242,202610,0,0.37525385096435676
23243,202610,0,0.14968481451874743
23244,202610,1,0.3899046270657851
23245,202610,0,0.1635174423130377
23246,202610,0,0.13036853557942735
23247,202610,0,0.2836660755845205
23248,202610,0,0.1595962149849112
23249,202610,0,0.2213903364173464
23250,202610,0,0.13141048996597332
23251,202610,0,0.1485091549314544
23252,202610,1,0.11847467540529284
23253,202610,0,0.12666600472341447
23254,202610,0,0.14997681163266238
23255,202610,0,0.168901279033576
23256,202610,0,0.13349468439137496
23257,202610,0,0.36820638007071477
23258,202610,0,0.180238115024962
23259,202610,0,0.12742755882094392
23260,202610,0,0.13183827249152566
23261,202610,1,0.24122952115538399
23262,202610,0,0.15356063068650191
23263,202610,0,0.14515637660499994
23264,202610,0,0.15175511943016967
23265,202610,0,0.2761167574574108
23266,202610,1,0.33434820902221446
23267,202610,0,0.182389821937217
23268,202610,0,0.36272828332357165
23269,202610,1,0.40370173213894195
23270,202610,0,0.17655033699232647
23271,202610,0,0.14906646933780018
23272,202610,1,0.14398793455867437
23273,202610,0,0.16875300555601727
23274,202610,0,0.13878711372868283
23275,202610,0,0.1512074219579803
23276,202610,0,0.15331191383854695
23277,202610,0,0.1524128641059097
23278,202610,0,0.13309724438937245
23279,202610,1,0.1495510086765685
23280,202610,0,0.2636804030264645
23281,202610,0,0.1428737730541135
23282,202610,0,0.24051992594785013
23283,202610,0,0.14748443552969204
23284,202610,0,0.1705730074418534
23285,202610,1,0.1511744274065741
23286,202610,0,0.12194757733770216
23287,202610,0,0.1571070952520807
23288,202610,0,0.1479715290578098
23289,202610,0,0.1579155258988363
23290,202610,1,0.12865684424446433
23291,202610,0,0.05769347116509165
23292,202610,1,0.1405751849712617
23293,202610,0,0.23270336546831819
23294,202610,0,0.12168400473238568
23295,202610,0,0.15705387157797032
23296,202610,0,0.16081147030725812
23297,202610,0,0.14052207445455964
23298,202610,0,0.1050077601870176
23299,202610,0,0.15063552554441376
23300,202610,1,0.22160860066137172
23301,202610,0,0.16230174713507148
23302,202610,0,0.25817043376413557
23303,202610,1,0.150118883081428
23304,202610,0,0.229663221113853
23305,202610,0,0.12467670613115941
23306,202610,0,0.1236204822372148
23307,202610,0,0.0533555733962641
23308,202610,1,0.1702688389206067
23309,202610,0,0.20065215520994892
23310,202610,0,0.13211686036579787
23311,202610,0,0.1731617535313585
23312,202610,1,0.13958769496714407
23313,202610,0,0.1378233022616007
23314,202610,0,0.16674874306492948
23315,202610,0,0.14397143894093664
23316,202610,1,0.13746636632417503
23317,202610,1,0.28656004986154565
23318,202610,0,0.13899608044093628
23319,202610,0,0.05283079802546469
23320,202610,0,0.13095330384203965
23321,202610,0,0.14694969153227655
23322,202610,0,0.12102365088111393
23323,202610,0,0.16066291130126606
23324,202610,0,0.193083002281153
23325,202610,0,0.11158186696132646
23326,202610,0,0.13150821328726112
23327,202610,1,0.2162961477495272
23328,202610,0,0.3359093786754032
23329,202610,1,0.32207485912883244
23330,202610,1,0.1198900073159531
23331,202610,1,0.1723905604057094
23332,202610,0,0.052377826872560825
23333,202610,0,0.05402777230461556
23334,202610,0,0.4057241237417275
23335,202610,0,0.11793920130773959
23336,202610,0,0.14056102135926898
23337,202610,0,0.30064444861650375
23338,202610,0,0.07432164023408373
23339,202610,0,0.14203467077825974
23340,202610,0,0.1572139462393799
23341,202610,1,0.1390242789519123
23342,202610,1,0.11260666923745331
23343,202610,0,0.1999382977691465
23344,202610,0,0.12498048334733941
23345,202610,0,0.20499953782258223
23346,202610,0,0.08992124622240222
23347,202610,0,0.1449488694268396
23348,202610,0,0.14291136024074252
23349,202610,0,0.2306682377432429
23350,202610,1,0.24576194809483198
23351,202610,0,0.13066356279065253
23352,202610,0,0.19775719175663178
23353,202610,0,0.40087592234962355
23354,202610,0,0.14692312992971254
23355,202610,0,0.17454223358996068
23356,202610,0,0.29340528514461983
23357,202610,0,0.14841145311922496
23358,202610,1,0.31034438627371963
23359,202610,0,0.12168129084274697
23360,202610,0,0.1203176491997522
23361,202610,0,0.1527884941516302
23362,202610,0,0.15637949145546565
23363,202610,1,0.21635307603220513
23364,202610,0,0.17883559005775693
23365,202610,0,0.1371270240940888
23366,202610,0,0.23103855741874968
23367,202610,0,0.13612313439080093
23368,202610,0,0.17054196883288875
23369,202610,0,0.19619001843427122
23370,202610,1,0.35604873345122473
23371,202610,0,0.15665974907101105
23372,202610,0,0.15299234089635266
23373,202610,0,0.16282027309134087
23374,202610,1,0.1533864640288544
23375,202610,1,0.3729545956561837
23376,202610,0,0.12125148005634946
23377,202610,0,0.09565520324087536
23378,202610,0,0.14484357183044383
23379,202610,0,0.14436464359047152
23380,202610,0,0.24791587904313808
23381,202610,1,0.1707206699702747
23382,202610,1,0.14637754787908697
23383,202610,0,0.1483676762150881
23384,202610,1,0.2657864900301138
23385,202610,0,0.1451329762340995
23386,202610,1,0.2993073233603293
23387,202610,0,0.0538832269925852
23388,202610,0,0.21299495625389706
23389,202610,0,0.3445101833473475
23390,202610,1,0.1544301902647526
23391,202610,1,0.15757209683154355
23392,202610,0,0.056037026972531614
23393,202610,1,0.16234644416027813
23394,202610,0,0.3223537392599648
23395,202610,0,0.16333560048598622
23396,202610,1,0.26172697159153696
23397,202610,0,0.259782289317912
23398,202610,0,0.06108876405946461
23399,202610,0,0.1370301175530098
23400,202610,1,0.15070403227870197
23401,202610,0,0.14773382036218066
23402,202610,0,0.12773192756934168
23403,202610,1,0.3386404006997091
23404,202610,0,0.162239921070087
23405,202610,1,0.22014704047969436
23406,202610,0,0.15445579729206899
23407,202610,0,0.24110636131214905
23408,202610,1,0.13032574621854515
23409,202610,0,0.13024406970278482
23410,202610,0,0.15328826862036835
23411,202610,0,0.05305129333600913
23412,202610,0,0.15184176588880097
23413,202610,0,0.08777526674165852
23414,202610,1,0.18214729056420514
23415,202610,0,0.15264552106743604
23416,202610,0,0.1647630229641002
23417,202610,0,0.12035882706417869
23418,202610,1,0.32526390641778014
23419,202610,0,0.12433469211247931
23420,202610,1,0.22775465737402714
23421,202610,0,0.07352459807407796
23422,202610,0,0.12503512139198486
23423,202610,0,0.1501871452177516
23424,202610,1,0.12523275076139184
23425,202610,0,0.15388865581372402
23426,202610,0,0.13312145977911066
23427,202610,0,0.13788455823744986
23428,202610,0,0.12729859391442247
23429,202610,1,0.15067922127776753
23430,202610,0,0.18703479256602654
23431,202610,0,0.12805001237573668
23432,202610,0,0.1346115015536034
23433,202610,0,0.1304961272408106
23434,202610,0,0.2689806702679295
23435,202610,0,0.04645670156142434
23436,202610,0,0.12402080439753047
23437,202610,0,0.1309866368837019
23438,202610,0,0.1447789373426366
23439,202610,0,0.057458592521871986
23440,202610,0,0.15254330206826164
23441,202610,0,0.0682609391221018
23442,202610,0,0.1230753798914991
23443,202610,0,0.16759029387075622
23444,202610,0,0.14078814261766387
23445,202610,1,0.1316617948172615
23446,202610,0,0.16321271058210762
23447,202610,0,0.0637099040437808
23448,202610,0,0.24289671250421477
23449,202610,0,0.15865826036306976
23450,202610,0,0.15454873182956183
23451,202610,0,0.13518159450222092
23452,202610,0,0.135389947059931
23453,202610,0,0.161022360103154
23454,202610,0,0.1395459199823589
23455,202610,0,0.049003176319106
23456,202610,0,0.061192328451519326
23457,202610,0,0.18989377312099986
23458,202610,1,0.17831156155629382
23459,202610,0,0.13710077980584803
23460,202610,1,0.21033721439210126
23461,202610,0,0.27608897352209594
23462,202610,0,0.16346834938906413
23463,202610,0,0.20264839263411505
23464,202610,0,0.1479911224883968
23465,202610,1,0.16309884092728907
23466,202610,0,0.13946510574492962
23467,202610,1,0.36243869652184596
23468,202610,0,0.15924993050212025
23469,202610,0,0.14586342554222656
23470,202610,0,0.13738808573598932
23471,202610,0,0.2133199334506265
23472,202610,0,0.2552995857808513
23473,202610,0,0.13766670992885585
23474,202610,0,0.24480092461799022
23475,202610,0,0.32880076173770695
23476,202610,0,0.1498444893349837
23477,202610,0,0.11156315203513724
23478,202610,0,0.14502291038784254
23479,202610,0,0.2630055622235961
23480,202610,0,0.16776749594794127
23481,202610,0,0.12583948896390793
23482,202610,0,0.12288312021393756
23483,202610,0,0.22474038550308595
23484,202610,0,0.14761675187920537
23485,202610,1,0.11683491889060615
23486,202610,0,0.13366037140728496
23487,202610,0,0.14054952664502104
23488,202610,0,0.14405025047130357
23489,202610,0,0.12420508016939605
23490,202610,0,0.2612785040498717
23491,202610,1,0.1605472055459544
23492,202610,0,0.14459531441147352
23493,202610,0,0.05595749115862363
23494,202610,0,0.2681061262989838
23495,202610,0,0.3762640398881455
23496,202610,0,0.18038431295094204
23497,202610,0,0.13452875750780852
23498,202610,0,0.10736417510917177
23499,202610,0,0.1210904792274999
23500,202610,0,0.1324087676125118
23501,202610,0,0.05602706228231042
23502,202610,1,0.40788736947900633
23503,202610,1,0.29154165453320424
23504,202610,0,0.17768475780471404
23505,202610,0,0.11775736330943828
23506,202610,0,0.12616273397703753
23507,202610,0,0.23775389979433043
23508,202610,0,0.14072316932519074
23509,202610,0,0.14782257212586128
23510,202610,1,0.33443748907845927
23511,202610,1,0.17428089925774257
23512,202610,0,0.21829184305114122
23513,202610,0,0.12940318729322575
23514,202610,0,0.16011601678292703
23515,202610,0,0.06421389602292334
23516,202610,0,0.06235373370175099
23517,202610,0,0.25564649236792597
23518,202610,0,0.2406717018713358
23519,202610,0,0.22881478032137104
23520,202610,0,0.12936766879783426
23521,202610,0,0.14529032011536522
23522,202610,0,0.22262419339287198
23523,202610,0,0.12225165030437048
23524,202610,0,0.13966859827369252
23525,202610,0,0.12774115501460925
23526,202610,0,0.1537308724103011
23527,202610,0,0.23677727903862503
23528,202610,0,0.14280010505422622
23529,202610,0,0.1318376445749222
23530,202610,0,0.14100641701086572
23531,202610,0,0.1637872562883899
23532,202610,0,0.07055261536078235
23533,202610,0,0.05304917219903064
23534,202610,0,0.06619714161623058
23535,202610,0,0.12448141060909629
23536,202610,1,0.13369793426996843
23537,202610,1,0.23256841331741399
23538,202610,0,0.10041845469028043
23539,202610,1,0.21768701057722298
23540,202610,0,0.06365531849372072
23541,202610,1,0.1467917059914217
23542,202610,0,0.05517634889868255
23543,202610,0,0.31789831083339504
23544,202610,0,0.16797731500685353
23545,202610,0,0.11649468315210325
23546,202610,1,0.10313314958030839
23547,202610,1,0.14032414322528441
23548,202610,0,0.23138733132788877
23549,202610,1,0.06095748931786318
23550,202610,0,0.26170239151601943
23551,202610,0,0.23182823963647003
23552,202610,0,0.19337991933457907
23553,202610,0,0.13012100348896177
23554,202610,0,0.14483222241841276
23555,202610,0,0.1247272461162182
23556,202610,0,0.13756698552181917
23557,202610,0,0.1612422490861369
23558,202610,1,0.2585919199806765
23559,202610,1,0.27423443688385296
23560,202610,0,0.14428635515365046
23561,202610,0,0.12293436819707448
23562,202610,1,0.26858838850609557
23563,202610,1,0.11340443419605813
23564,202610,0,0.11619893322028227
23565,202610,0,0.15293178218032502
23566,202610,0,0.13904394913894316
23567,202610,1,0.1631699139840255
23568,202610,0,0.25987874585881937
23569,202610,0,0.05420103422630311
23570,202610,0,0.1408926905397721
23571,202610,0,0.1715545934246654
23572,202610,0,0.0503665926354083
23573,202610,0,0.1371081588301184
23574,202610,0,0.14942140349707164
23575,202610,0,0.12203663579231606
23576,202610,0,0.17911673914279216
23577,202610,0,0.13456683377507894
23578,202610,0,0.21611873654073624
23579,202610,0,0.11132102762372335
23580,202610,1,0.2596404157905482
23581,202610,0,0.24873720661065238
23582,202610,0,0.13359966887805105
23583,202610,0,0.1501564378080102
23584,202610,0,0.15737361189195653
23585,202610,0,0.10699020657905399
23586,202610,0,0.15427548185718784
23587,202610,0,0.06423970190730627
23588,202610,0,0.24171598153487242
23589,202610,0,0.17224598858463167
23590,202610,0,0.10525704658418182
23591,202610,0,0.05871675543505172
23592,202610,0,0.0733426655857471
23593,202610,0,0.12746212323592315
23594,202610,1,0.22371637763852664
23595,202610,0,0.3686092531233636
23596,202610,0,0.15768450726956207
23597,202610,1,0.23802001626988364
23598,202610,0,0.14285301909920142
23599,202610,0,0.1194106251630958
23600,202610,1,0.2685949150974101
23601,202610,1,0.36908936204616705
23602,202610,0,0.1261938273142112
23603,202610,0,0.2796276955104902
23604,202610,0,0.20928497129403098
23605,202610,1,0.15004105997551717
23606,202610,0,0.09731456613696302
23607,202610,0,0.11724984556758744
23608,202610,0,0.1128073665788685
23609,202610,0,0.27419902481139324
23610,202610,0,0.16817589120692938
23611,202610,0,0.08671870109891236
23612,202610,0,0.05828842840636898
23613,202610,1,0.2564818862588764
23614,202610,0,0.06650286272208979
23615,202610,0,0.131375205947423
23616,202610,0,0.1503842271740401
23617,202610,0,0.17364007433369227
23618,202610,0,0.15961103833711915
23619,202610,0,0.13094897776301043
23620,202610,1,0.26704638135527325
23621,202610,0,0.11234101565915636
23622,202610,0,0.13178604427331095
23623,202610,1,0.22162757539953712
23624,202610,1,0.1278824507842944
23625,202610,0,0.13955520121921897
23626,202610,0,0.13754508299996762
23627,202610,0,0.1663549925569969
23628,202610,0,0.12674216527617368
23629,202610,0,0.1309632454412438
23630,202610,1,0.30693883598003174
23631,202610,1,0.13920584569104252
23632,202610,0,0.13098548580011668
23633,202610,0,0.13787135955788482
23634,202610,0,0.14009455071396465
23635,202610,1,0.13114442425874426
23636,202610,0,0.13998116622773904
23637,202610,1,0.26868426912527754
23638,202610,0,0.23913481707020617
23639,202610,1,0.3538375847568605
23640,202610,1,0.1296576207068586
23641,202610,0,0.1581468918083853
23642,202610,0,0.13316287139481855
23643,202610,0,0.14791076036859074
23644,202610,1,0.4228138330511469
23645,202610,0,0.15576929672921275
23646,202610,0,0.1512303944598186
23647,202610,0,0.1468354951422855
23648,202610,0,0.16169375535519376
23649,202610,0,0.23803951419034583
23650,202610,0,0.14100365911223195
23651,202610,0,0.11775214569277312
23652,202610,0,0.12869620736883378
23653,202610,0,0.11331885387323354
23654,202610,0,0.35961902438996496
23655,202610,0,0.14793393311553402
23656,202610,0,0.121895171800443
23657,202610,0,0.0734206164699221
23658,202610,0,0.12626245747650403
23659,202610,0,0.15888518607550756
23660,202610,0,0.13422408255758347
23661,202610,0,0.06351966809166115
23662,202610,0,0.13940539062313662
23663,202610,0,0.1470999515798637
23664,202610,0,0.159670314051465
23665,202610,0,0.12099027982900643
23666,202610,0,0.17794303157518762
23667,202610,0,0.14215409933950685
23668,202610,0,0.05150899660227657
23669,202610,0,0.1843665878137279
23670,202610,0,0.1327466257682911
23671,202610,0,0.13758858711736277
23672,202610,0,0.17731272073474025
23673,202610,0,0.13286881652890653
23674,202610,0,0.13090985396159596
23675,202610,0,0.13923069006773295
23676,202610,0,0.21194332777393368
23677,202610,0,0.25486522260485006
23678,202610,1,0.2642243582937642
23679,202610,0,0.19376073649359482
23680,202610,0,0.18106930354796122
23681,202610,0,0.14448230250148203
23682,202610,1,0.1418068035177387
23683,202610,1,0.14652437654417869
23684,202610,0,0.32929913655983334
23685,202610,1,0.20733811589431655
23686,202610,0,0.14817776003852132
23687,202610,0,0.12613787460702305
23688,202610,0,0.0579566649980734
23689,202610,0,0.177344424110642
23690,202610,1,0.16880403014258794
23691,202610,0,0.14458728867190432
23692,202610,0,0.38050339832799535
23693,202610,0,0.13201405203579056
23694,202610,0,0.1663332285541502
23695,202610,0,0.24086622660989807
23696,202610,0,0.10597496594836445
23697,202610,0,0.14866253502784385
23698,202610,0,0.15567476099077776
23699,202610,1,0.22456621766010318
23700,202610,0,0.11863524086841462
23701,202610,0,0.1625465615286057
23702,202610,1,0.28264257167948953
23703,202610,0,0.16624236399741393
23704,202610,0,0.11989254714986737
23705,202610,0,0.3013851511494858
23706,202610,0,0.06447918476922053
23707,202610,0,0.13103334939500338
23708,202610,1,0.14843288373424193
23709,202610,1,0.13910185954026816
23710,202610,0,0.1690494272591774
23711,202610,0,0.1407721648482381
23712,202610,1,0.1107291065864151
23713,202610,0,0.32325976364416803
23714,202610,0,0.14492096548203215
23715,202610,0,0.2520136857546726
23716,202610,0,0.1238170920074893
23717,202610,1,0.32001612087538583
23718,202610,1,0.12706887237971626
23719,202610,0,0.15516339139162558
23720,202610,1,0.28752131707559664
23721,202610,0,0.15314178980013796
23722,202610,0,0.14287707826265605
23723,202610,0,0.17011749178564142
23724,202610,0,0.1477485978012632
23725,202610,1,0.14557325463486667
23726,202610,0,0.06755133477894545
23727,202610,1,0.12750308864394033
23728,202610,0,0.11430319444858844
23729,202610,0,0.27685252588010684
23730,202610,0,0.3862120105248871
23731,202610,0,0.13437244164488288
23732,202610,1,0.37259375050618687
23733,202610,0,0.1336785547775738
23734,202610,0,0.16187426321203283
23735,202610,0,0.13476536877206868
23736,202610,0,0.0923906681325414
23737,202610,0,0.09102988131462435
23738,202610,0,0.2414790361514436
23739,202610,1,0.3544582482798249
23740,202610,0,0.1466820849119897
23741,202610,1,0.18894923768354216
23742,202610,0,0.1241429759380881
23743,202610,0,0.2297785889872993
23744,202610,0,0.11647833875682918
23745,202610,0,0.24323175687297752
23746,202610,1,0.17949813451000401
23747,202610,1,0.08740290371658933
23748,202610,0,0.15208388312577448
23749,202610,0,0.31041466241574084
23750,202610,1,0.3104449894635249
23751,202610,0,0.23155259921756738
23752,202610,0,0.24595087169995938
23753,202610,0,0.1314635710398505
23754,202610,0,0.13984510544667475
23755,202610,0,0.08837061708283381
23756,202610,0,0.14279551629733675
23757,202610,1,0.1548189070147004
23758,202610,0,0.13628609410835923
23759,202610,0,0.23765929564040408
23760,202610,0,0.1462727155633443
23761,202610,0,0.29925893401856607
23762,202610,0,0.25845541488741985
23763,202610,0,0.06863654658882898
23764,202610,0,0.2305374336496787
23765,202610,0,0.10598807051750773
23766,202610,0,0.18611999431628465
23767,202610,0,0.1108854714504524
23768,202610,0,0.131285790029814
23769,202610,0,0.13156352079581501
23770,202610,1,0.12639847471807783
23771,202610,0,0.1533116627923599
23772,202610,0,0.1229387342019228
23773,202610,0,0.0771472166116563
23774,202610,0,0.292302208213965
23775,202610,0,0.05185225496292664
23776,202610,0,0.09901944021482076
23777,202610,0,0.05084464826502324
23778,202610,0,0.13935694497969414
23779,202610,0,0.1091739942958493
23780,202610,0,0.06779854221990451
23781,202610,0,0.11750643462980805
23782,202610,0,0.11898349147500879
23783,202610,0,0.1228581032477064
23784,202610,1,0.12910397729390463
23785,202610,0,0.21214226978241627
23786,202610,1,0.1366248847123249
23787,202610,0,0.0518279214544279
23788,202610,0,0.11420148859497939
23789,202610,0,0.22606645146895535
23790,202610,0,0.1475050449335293
23791,202610,0,0.12480986923800885
23792,202610,0,0.30047918599547735
23793,202610,0,0.17419116845731367
23794,202610,0,0.17267146280506857
23795,202610,0,0.13019454218450488
23796,202610,0,0.1413062596620656
23797,202610,0,0.12876056050293153
23798,202610,0,0.037562863519690536
23799,202610,0,0.12718495328089333
23800,202610,0,0.205149488570921
23801,202610,0,0.12750549650039467
23802,202610,1,0.24680122630363
23803,202610,0,0.12772922307502002
23804,202610,0,0.07417152958178229
23805,202610,1,0.15134536085610664
23806,202610,0,0.11546600089175042
23807,202610,0,0.1734338796363275
23808,202610,0,0.04890564287934836
23809,202610,0,0.12465526379081703
23810,202610,0,0.2147069015515153
23811,202610,1,0.26702772827534066
23812,202610,1,0.2783180620110323
23813,202610,0,0.1302700315114279
23814,202610,1,0.22793081081894642
23815,202610,0,0.1887904849979977
23816,202610,0,0.17557802301615633
23817,202610,1,0.12872438560807656
23818,202610,0,0.12008742397866953
23819,202610,0,0.3534263989148233
23820,202610,1,0.13204981378170016
23821,202610,0,0.16097943054314212
23822,202610,0,0.32928383342637874
23823,202610,0,0.15173832700272324
23824,202610,0,0.1410047689368192
23825,202610,0,0.15821834318683747
23826,202610,1,0.20302124428276108
23827,202610,1,0.16016996989955584
23828,202610,0,0.2983591906431944
23829,202610,0,0.15274810669998076
23830,202610,0,0.17432077430808923
23831,202610,0,0.036326465161883995
23832,202610,0,0.13141191899152901
23833,202610,0,0.26061924265352565
23834,202610,0,0.2148299669105212
23835,202610,0,0.14244150771194886
23836,202610,0,0.12015960701847031
23837,202610,0,0.1468193807077466
23838,202610,1,0.2312479729957648
23839,202610,0,0.07939647362969801
23840,202610,1,0.12777265241622845
23841,202610,1,0.26733740240588827
23842,202610,0,0.2474689619069819
23843,202610,0,0.2360630614797444
23844,202610,0,0.13946057563196784
23845,202610,1,0.16142794524449477
23846,202610,0,0.1721477749689411
23847,202610,0,0.12676903927229383
23848,202610,0,0.12963204672845396
23849,202610,0,0.22538169248875647
23850,202610,0,0.36433270016256136
23851,202610,0,0.15029616541642163
23852,202610,0,0.15464802001856656
23853,202610,0,0.13694173156546294
23854,202610,0,0.12930792537174376
23855,202610,1,0.15690988053080868
23856,202610,0,0.1372867368038845
23857,202610,1,0.2768054186918138
23858,202610,0,0.1461672194756228
23859,202610,0,0.39931446922081737
23860,202610,1,0.37329631225631366
23861,202610,0,0.14671618355951635
23862,202610,1,0.14839934429514698
23863,202610,0,0.14550477074710183
23864,202610,0,0.13783235560158316
23865,202610,0,0.14985903290097163
23866,202610,0,0.13850469863914353
23867,202610,0,0.11950026161314208
23868,202610,0,0.15095214826316655
23869,202610,0,0.052380310274089376
23870,202610,1,0.23482619623791298
23871,202610,1,0.12545802838957576
23872,202610,0,0.15513935095663772
23873,202610,1,0.13569695238358206
23874,202610,1,0.11112214191662907
23875,202610,0,0.11504852171549892
23876,202610,0,0.1446801219620624
23877,202610,0,0.13707278303512277
23878,202610,0,0.12529424515195983
23879,202610,0,0.1181917572245549
23880,202610,0,0.24495623285008625
23881,202610,0,0.13305069277541756
23882,202610,1,0.15750734241420355
23883,202610,0,0.15727610717955134
23884,202610,0,0.1318027313638897
23885,202610,0,0.19442168691885894
23886,202610,1,0.2479896007003682
23887,202610,1,0.16251369819900338
23888,202610,0,0.1480065240866094
23889,202610,0,0.21457885237129798
23890,202610,0,0.13424355869538265
23891,202610,0,0.13842688473399925
23892,202610,0,0.1579693615415456
23893,202610,0,0.20801608963670398
23894,202610,0,0.1429225986265992
23895,202610,0,0.11758791139235028
23896,202610,0,0.1047851007578221
23897,202610,0,0.14763923997895792
23898,202610,0,0.16387162598847843
23899,202610,0,0.06696098739650405
23900,202610,0,0.09685658302019655
2,202611,0,0.1402723815111269
3,202611,0,0.060927381370554826
7,202611,0,0.14005056646486336
10,202611,0,0.06290819494676896
11,202611,0,0.15383572701841378
12,202611,0,0.05300779208932795
14,202611,0,0.09291023185075818
16,202611,0,0.1307630820753872
25,202611,0,0.13365494176008477
32,202611,0,0.11497172855231094
38,202611,0,0.1212072207396635
42,202611,0,0.1610281877845066
48,202611,1,0.14056140724422628
63,202611,0,0.11497608723048451
65,202611,0,0.136661363694109
70,202611,0,0.14103459890438647
74,202611,0,0.11793378936553305
76,202611,0,0.1254696830629137
83,202611,0,0.058066429120487505
90,202611,0,0.08799069845615325
98,202611,0,0.17484411117789747
104,202611,0,0.11664428267332697
107,202611,1,0.24111750229247342
118,202611,1,0.12892404952542252
121,202611,0,0.06088015561891017
124,202611,0,0.15004944822950847
125,202611,0,0.15671382530663563
137,202611,0,0.15229449621774832
143,202611,0,0.05539913423737115
144,202611,0,0.14927730007064297
147,202611,1,0.14429383606966348
157,202611,0,0.1417510181526881
163,202611,0,0.132707257185031
165,202611,1,0.11665939880799991
197,202611,0,0.06509583435478751
203,202611,0,0.16443047730011168
205,202611,0,0.1377461677766372
206,202611,1,0.05628253895454206
209,202611,0,0.05739354111830379
228,202611,0,0.16374563888284174
231,202611,0,0.14036636686978818
237,202611,0,0.14927545337571488
243,202611,0,0.05589083016096407
247,202611,0,0.1174292963847231
249,202611,0,0.06083478327518727
253,202611,0,0.1668686781994966
256,202611,1,0.12612115313251893
261,202611,0,0.12456087082714642
263,202611,0,0.03936175187146542
275,202611,0,0.048481422292094456
279,202611,0,0.16559559560904952
280,202611,0,0.12889896453718472
288,202611,1,0.13982229175087962
292,202611,0,0.1225064599119018
297,202611,0,0.12128727157145362
299,202611,0,0.11753763440289043
302,202611,0,0.04913975258223657
304,202611,0,0.14674084920112446
308,202611,0,0.22953735389048163
317,202611,1,0.1551986597396719
318,202611,0,0.15432441153138646
319,202611,0,0.15626370354063918
321,202611,1,0.1279502162570747
323,202611,0,0.07197553152957811
325,202611,0,0.14605206826444336
339,202611,0,0.11675846853975184
340,202611,0,0.1270583348214977
355,202611,0,0.12281743777991616
359,202611,0,0.15130564703669133
368,202611,0,0.16537927026865493
371,202611,0,0.10584203009868882
378,202611,0,0.12870676421510185
388,202611,1,0.1322731672271025
389,202611,1,0.1449381718216595
390,202611,0,0.14858981097566848
392,202611,0,0.12533395613614742
409,202611,0,0.1314908354132921
412,202611,0,0.06524847774054147
420,202611,0,0.15439470027881141
422,202611,0,0.10508021632028604
428,202611,0,0.12742813870044803
429,202611,0,0.04100695871516983
430,202611,0,0.13327044403604046
434,202611,0,0.05607290295778295
437,202611,0,0.16394122876595535
447,202611,0,0.06586287914956782
461,202611,1,0.14917288724421673
464,202611,0,0.04062926975940076
466,202611,0,0.14150922790409481
468,202611,0,0.21023513522457968
470,202611,0,0.14500325862415303
473,202611,0,0.1266027104240507
475,202611,0,0.06173775754507728
476,202611,0,0.13835670148917403
477,202611,1,0.13267257178601033
480,202611,0,0.04996134367633782
483,202611,0,0.14199757894400009
487,202611,0,0.15577926308222872
495,202611,0,0.15530917732172905
496,202611,0,0.1430703463888755
499,202611,0,0.13109752493484914
502,202611,0,0.05874961381920278
504,202611,0,0.13868764714608614
508,202611,0,0.0663096315071535
514,202611,0,0.12708840627213852
515,202611,0,0.16391282933942652
538,202611,0,0.10928430945358696
548,202611,0,0.12195798295633688
551,202611,0,0.12988766200491292
553,202611,0,0.13616413609091219
560,202611,0,0.054768253973119664
564,202611,0,0.1195309559434736
572,202611,0,0.06001988928775776
577,202611,0,0.059598720449651525
578,202611,0,0.22686070628910593
591,202611,0,0.05652050493568022
593,202611,0,0.1278958664419895
603,202611,1,0.15450655851329595
604,202611,0,0.12485120584935093
606,202611,0,0.13846405720746444
614,202611,0,0.142551788963502
616,202611,0,0.046922266035322444
622,202611,0,0.12405213649170387
626,202611,0,0.051763086489505256
632,202611,0,0.05982060083127178
637,202611,0,0.05056394076413719
640,202611,0,0.09237239598592957
644,202611,1,0.12687015433207027
647,202611,0,0.10599883195917502
648,202611,0,0.054937119489575505
653,202611,0,0.1411357781473227
654,202611,0,0.05544505927803831
659,202611,0,0.15884138345491863
661,202611,0,0.05989373549686779
670,202611,0,0.055986051393966
671,202611,0,0.050515904603224276
673,202611,0,0.1167627224127029
674,202611,0,0.08160104989755317
679,202611,1,0.1259943022830834
682,202611,0,0.12164266233731762
683,202611,0,0.12661875395869834
687,202611,0,0.1360170042722258
688,202611,0,0.060384606641034816
689,202611,0,0.14996955108544857
701,202611,0,0.1198246231668234
705,202611,0,0.13351340921117796
707,202611,0,0.11912264403845343
710,202611,0,0.10748131244660868
714,202611,0,0.12607283057671073
716,202611,0,0.11977218188331057
717,202611,0,0.14733073195509472
721,202611,1,0.16327681826697743
729,202611,0,0.06593518144941878
732,202611,0,0.13158168579403617
734,202611,0,0.14137098622614166
736,202611,0,0.14526715523542633
740,202611,1,0.23357450183580403
742,202611,0,0.05419188881334344
750,202611,0,0.13735307996264737
764,202611,0,0.13110464879508116
767,202611,0,0.10476393921516139
768,202611,0,0.12826640720706559
773,202611,1,0.05217394311510512
774,202611,0,0.14686732898120822
777,202611,0,0.05175397910149223
778,202611,1,0.15478498339792268
784,202611,0,0.14089436172773326
785,202611,0,0.15391895036170244
786,202611,0,0.13925162835627175
787,202611,0,0.2193232823751512
788,202611,0,0.1518298233253316
790,202611,0,0.13849777531902738
794,202611,0,0.05487023480546273
796,202611,0,0.12182270912286709
802,202611,0,0.05670876392876917
812,202611,0,0.14719067687916987
814,202611,0,0.047830348127513723
816,202611,0,0.05371768981830507
817,202611,0,0.1468028059095456
834,202611,0,0.12674347276879339
835,202611,0,0.1571912126845402
836,202611,0,0.12414837973245178
837,202611,0,0.1264852337036816
840,202611,0,0.05965196650217425
841,202611,0,0.06680256192448689
850,202611,1,0.07099209591483073
854,202611,0,0.0600802369725422
857,202611,1,0.1402984817962359
858,202611,0,0.12850825303311264
859,202611,0,0.05288338297669841
864,202611,1,0.1353449476602719
883,202611,0,0.10899595494725577
887,202611,0,0.05519415559102248
902,202611,0,0.14477946867973526
912,202611,1,0.14090331920426058
913,202611,0,0.1304025160681383
915,202611,0,0.1055123764549833
916,202611,0,0.1531251356323643
917,202611,0,0.12611283050186844
918,202611,1,0.13076110438522232
924,202611,0,0.14068594993530978
929,202611,0,0.13828932868062413
933,202611,0,0.14020921707229275
934,202611,1,0.12546596398675638
936,202611,0,0.11943950665562482
941,202611,0,0.04907027827560561
946,202611,0,0.069200320244103
948,202611,0,0.06149933107225329
952,202611,0,0.12200040188808496
959,202611,0,0.1226943072013624
963,202611,0,0.12382493365162854
965,202611,0,0.10772244313230286
970,202611,0,0.15892294659233494
975,202611,0,0.17505928573213117
979,202611,0,0.12217433125151071
982,202611,0,0.08626031518725717
986,202611,0,0.05998234847069253
988,202611,1,0.15809732393527237
992,202611,0,0.14527582860298402
1003,202611,0,0.03836096882875695
1004,202611,0,0.15291228844375085
1007,202611,0,0.12722767579238892
1014,202611,0,0.10731755307330765
1017,202611,0,0.059349128075602796
1018,202611,0,0.1172956120694017
1022,202611,1,0.11233451233095808
1043,202611,0,0.061116479517267654
1046,202611,0,0.1446988325697749
1052,202611,0,0.131286130896407
1061,202611,0,0.04644423617904563
1063,202611,0,0.12381695815802445
1064,202611,0,0.13021582024682793
1067,202611,0,0.13551707086670106
1070,202611,0,0.0768331157059436
1075,202611,0,0.06022186224044128
1088,202611,1,0.14234724605697963
1105,202611,0,0.054790002426508576
1116,202611,0,0.22270834259687608
1117,202611,0,0.18487839509291137
1123,202611,0,0.13184673102571157
1125,202611,0,0.14758470312028205
1132,202611,0,0.1160960849475863
1139,202611,1,0.1320221962063006
1140,202611,1,0.1415420296201512
1160,202611,0,0.055382319648439
1161,202611,0,0.1522207373261893
1165,202611,0,0.06099474002989245
1171,202611,0,0.22262251808269976
1179,202611,1,0.054812212816999606
1181,202611,0,0.09050738497103152
1185,202611,0,0.15362878298828136
1186,202611,1,0.11918303264995611
1197,202611,0,0.13450245298888958
1202,202611,0,0.1390862542719696
1205,202611,0,0.05674111618112433
1206,202611,0,0.16049804254318026
1207,202611,1,0.16210681626432782
1213,202611,0,0.1441117832371017
1216,202611,0,0.050973572761864254
1228,202611,0,0.13614304458884818
1232,202611,0,0.11849038507865642
1238,202611,0,0.12101900034007099
1241,202611,0,0.06881155799389264
1244,202611,1,0.10089910038116458
1246,202611,0,0.10662171223677437
1247,202611,1,0.12965112877351134
1258,202611,0,0.1163527852822582
1263,202611,0,0.18083304910246828
1289,202611,0,0.12340134344458825
1292,202611,1,0.1254078111271736
1301,202611,0,0.1577738897411441
1302,202611,0,0.052168712125418584
1303,202611,0,0.1587417625545104
1308,202611,1,0.1751253010515728
1309,202611,1,0.12036229996526653
1312,202611,0,0.12074976610407341
1314,202611,0,0.12449573805246061
1322,202611,0,0.0854073828214916
1326,202611,0,0.04808406688162799
1328,202611,0,0.06390762901424231
1334,202611,0,0.12689362290593206
1336,202611,0,0.12244763663691512
1337,202611,0,0.05365856384298265
1338,202611,0,0.12025836336977785
1340,202611,0,0.14442180056557674
1352,202611,1,0.23397254823806918
1361,202611,0,0.1635841701772837
1365,202611,0,0.17553536783856377
1368,202611,0,0.2741324465051145
1370,202611,0,0.08500967325070358
1378,202611,0,0.15349927136117553
1379,202611,1,0.16737690406680147
1381,202611,0,0.14192986671920788
1388,202611,0,0.13297159538992
1392,202611,1,0.13381503981143222
1393,202611,0,0.12012243906848749
1395,202611,0,0.11402367203234663
1400,202611,0,0.12452912162118336
1404,202611,0,0.05861068649566346
1405,202611,0,0.06241064760105968
1411,202611,0,0.14539751537805223
1414,202611,0,0.141794081373557
1415,202611,0,0.05222969016592966
1420,202611,0,0.11099089098410528
1425,202611,0,0.08126855314714085
1434,202611,0,0.18345819661420867
1445,202611,1,0.1338468911381234
1453,202611,0,0.14674150017618273
1455,202611,0,0.23637506982507261
1459,202611,1,0.14192948240644315
1460,202611,0,0.15792231740831678
1465,202611,0,0.25931830921840066
1474,202611,0,0.14370504643605816
1475,202611,0,0.05493952945333019
1476,202611,0,0.06754851792318846
1477,202611,0,0.11745543074148561
1489,202611,0,0.09776067436198495
1495,202611,0,0.12205016833237395
1496,202611,0,0.0595478318020184
1501,202611,0,0.12694896761788127
1504,202611,0,0.05593637598497998
1506,202611,0,0.1416810836671531
1508,202611,1,0.12775758410341692
1516,202611,0,0.14074119621221198
1533,202611,1,0.12652073329822522
1535,202611,0,0.07710954759914257
1541,202611,0,0.054419939367282524
1546,202611,0,0.05565906986663101
1552,202611,0,0.054525639450644814
1558,202611,0,0.13844635403374736
1559,202611,0,0.10735158792793222
1564,202611,0,0.10261074355017522
1566,202611,0,0.13108457973738452
1567,202611,0,0.1654747140150991
1573,202611,0,0.15617937840807586
1576,202611,0,0.06318316511252964
1577,202611,0,0.06403220743580919
1578,202611,0,0.11980658488491117
1583,202611,1,0.14438857685833087
1586,202611,0,0.12456465784773278
1587,202611,0,0.07902341259838123
1589,202611,0,0.15053980166280503
1591,202611,0,0.12470124794515859
1592,202611,0,0.07992890603756471
1598,202611,0,0.059408546240676936
1602,202611,0,0.15807680878358293
1604,202611,0,0.0697286490877203
1606,202611,0,0.06273615261323094
1614,202611,0,0.05407345988865394
1615,202611,0,0.2162999702362018
1619,202611,0,0.12264655956874236
1623,202611,0,0.13720280989677666
1631,202611,0,0.13238919772814195
1639,202611,0,0.05358365212231446
1648,202611,0,0.05153391443999931
1653,202611,1,0.05978977365615283
1659,202611,0,0.12907223166814547
1669,202611,0,0.14421880841764662
1673,202611,0,0.12681634642859604
1678,202611,0,0.13106293557594548
1682,202611,0,0.23217132711983007
1683,202611,0,0.13946618395581728
1692,202611,0,0.13543305521534363
1693,202611,0,0.16559404851064805
1695,202611,0,0.1399427879283992
1698,202611,0,0.1579417201749734
1706,202611,0,0.27485377470666367
1707,202611,1,0.11051180903520127
1709,202611,0,0.1363079956021891
1710,202611,0,0.14233916080706957
1719,202611,0,0.12130333169280923
1720,202611,0,0.06531046366227891
1723,202611,1,0.14127550095510188
1726,202611,0,0.13326622451738274
1730,202611,0,0.1291742027409227
1732,202611,0,0.12060714298104178
1733,202611,0,0.1256541710250927
1736,202611,0,0.08427483039129904
1743,202611,0,0.13788144357136367
1751,202611,0,0.12661531954154162
1752,202611,0,0.13521973174092744
1754,202611,0,0.15970401610385154
1756,202611,0,0.06179829514112215
1760,202611,0,0.10742720329074254
1764,202611,1,0.160000441563196
1765,202611,0,0.06454291836403905
1776,202611,0,0.1027060396647962
1778,202611,0,0.0528732327518474
1779,202611,0,0.13863085566866074
1781,202611,0,0.057538049256050446
1795,202611,0,0.15012419131397958
1808,202611,0,0.048194848547962056
1809,202611,0,0.13258563902412518
1814,202611,0,0.13513674317551594
1819,202611,1,0.12363291671207442
1821,202611,0,0.1227825182187122
1822,202611,0,0.1112266342456285
1824,202611,0,0.14720320725740424
1827,202611,0,0.12951382957199734
1834,202611,0,0.15252421638872254
1844,202611,0,0.19611931922377981
1851,202611,0,0.1826782010195713
1867,202611,0,0.13440561242229962
1869,202611,0,0.11362443401467318
1875,202611,0,0.24080888521185842
1882,202611,0,0.13822382738704478
1897,202611,0,0.12946453604565009
1910,202611,0,0.12319915184600898
1917,202611,0,0.14207227047425525
1918,202611,0,0.12171752438839441
1935,202611,0,0.13870861238262255
1936,202611,0,0.15154234706228625
1937,202611,0,0.050450025072676735
1944,202611,1,0.12439154967429908
1949,202611,0,0.14056199568984074
1950,202611,1,0.06735772928926549
1952,202611,0,0.04261404669054979
1955,202611,1,0.1568669332347717
1956,202611,0,0.14603002542532578
1969,202611,0,0.05003394883673085
1970,202611,0,0.11314318820439317
1971,202611,0,0.12712685185754008
1977,202611,0,0.15631045115832393
1982,202611,0,0.11577258641448938
1995,202611,0,0.13177839951807999
1996,202611,1,0.15085686996827313
2002,202611,0,0.14359473718180074
2004,202611,0,0.13558419116829215
2011,202611,0,0.16053885669856038
2013,202611,0,0.13776428107473063
2014,202611,0,0.1396315123023773
2018,202611,1,0.1448339971530291
2026,202611,0,0.12240347538381026
2040,202611,0,0.13660490413343657
2043,202611,0,0.13437243788384295
2060,202611,0,0.1386858142999995
2069,202611,0,0.11557758068734063
2073,202611,0,0.09085562985800608
2075,202611,1,0.2423769382605487
2076,202611,0,0.0402805947143211
2082,202611,0,0.11206205094026891
2089,202611,0,0.05644190372567799
2091,202611,0,0.1517499892523323
2103,202611,0,0.06844360833567088
2109,202611,0,0.06258015487093184
2112,202611,0,0.1349249165096163
2113,202611,0,0.15472310571188727
2119,202611,0,0.05723560453704581
2121,202611,0,0.10562819323195156
2125,202611,0,0.15662838528885029
2127,202611,0,0.24151397497270508
2128,202611,0,0.1433275528362223
2132,202611,0,0.16373003797284152
2138,202611,1,0.15399393255646587
2142,202611,1,0.12038010749284554
2146,202611,0,0.1381590983294949
2148,202611,0,0.06333711631464983
2149,202611,0,0.17003024842833195
2156,202611,0,0.058244877379382394
2157,202611,0,0.14477348776469998
2159,202611,0,0.12651459535878598
2160,202611,0,0.12457392479310148
2169,202611,0,0.1624095211138785
2170,202611,0,0.05829438033250897
2180,202611,1,0.1511996551820265
2186,202611,0,0.06618041031148929
2188,202611,0,0.050701124877048184
2190,202611,0,0.11759151693086263
2197,202611,1,0.14938407778925525
2203,202611,0,0.10395597426544848
2204,202611,0,0.15641957555777306
2205,202611,0,0.142866820030606
2207,202611,0,0.14120873888065533
2209,202611,0,0.061506396942833025
2211,202611,0,0.10632354495309235
2219,202611,1,0.14503079554301565
2220,202611,0,0.05330202422823338
2226,202611,0,0.1519666377296822
2229,202611,0,0.11358493554567263
2234,202611,0,0.12470037174896674
2237,202611,0,0.1735410344405636
2240,202611,0,0.1199722124400438
2249,202611,0,0.056642446790417064
2252,202611,0,0.1460508318631177
2264,202611,0,0.16375698055147658
2269,202611,0,0.15122017649452477
2272,202611,0,0.057211157475072195
2283,202611,0,0.11043785507841113
2284,202611,0,0.1365753983514029
2287,202611,0,0.14448180612887376
2290,202611,0,0.10482736073071597
2294,202611,1,0.13566721743569374
2298,202611,0,0.05485710175022427
2328,202611,0,0.12708835419357134
2329,202611,0,0.15104059157987862
2330,202611,0,0.14877189545433972
2336,202611,0,0.12931042864786926
2338,202611,0,0.15013414902802955
2341,202611,0,0.18941148556954235
2353,202611,0,0.1598865520969442
2356,202611,0,0.06649725973598511
2366,202611,0,0.12539805890412242
2401,202611,0,0.11685083061484096
2404,202611,0,0.05459668622518819
2408,202611,0,0.11728040398941487
2409,202611,0,0.12471609131344046
2410,202611,0,0.1448023179072222
2415,202611,1,0.1284425720474051
2421,202611,0,0.255475983413954
2425,202611,0,0.14076067880961954
2427,202611,0,0.16938364537820993
2429,202611,0,0.14025399780983105
2432,202611,0,0.13323147866663462
2435,202611,0,0.10884747223126659
2436,202611,0,0.12746967412661145
2441,202611,1,0.16882008324200395
2447,202611,0,0.11505148951792254
2449,202611,0,0.05691359593825553
2454,202611,0,0.06643611472422112
2460,202611,0,0.0696036728854017
2466,202611,1,0.15812991167142826
2472,202611,0,0.13922352658524523
2479,202611,0,0.08916814554012138
2483,202611,0,0.15252072232797947
2484,202611,0,0.14792377964546224
2492,202611,0,0.16079247253245293
2493,202611,0,0.05696140154183397
2495,202611,0,0.1329061219307684
2498,202611,0,0.17130479467034931
2501,202611,0,0.11685688441423923
2507,202611,1,0.16930107980566966
2510,202611,0,0.12901302787349286
2512,202611,0,0.03948071925588818
2513,202611,1,0.1483919468772614
2516,202611,0,0.06266841499114541
2517,202611,0,0.14263952426051074
2534,202611,1,0.15547613285675105
2538,202611,0,0.05776605314322079
2544,202611,1,0.14919459543370217
2561,202611,0,0.13399349351330092
2563,202611,0,0.12038733939529019
2567,202611,0,0.13023328541875123
2569,202611,0,0.11450703662715567
2571,202611,1,0.12589686488870896
2576,202611,0,0.12903534857724056
2588,202611,0,0.1418610614657591
2592,202611,0,0.049523479648379665
2593,202611,0,0.13341716350922764
2604,202611,0,0.13121866961906664
2613,202611,0,0.10806925137589245
2617,202611,1,0.12460798463052701
2620,202611,0,0.1289570204628596
2626,202611,0,0.06331916512613092
2628,202611,1,0.2283020944356725
2629,202611,0,0.061820747212338115
2634,202611,0,0.0616597894035553
2636,202611,1,0.12199050419850452
2637,202611,0,0.144197367617825
2649,202611,0,0.15389049547941266
2653,202611,0,0.1650340141378839
2661,202611,0,0.12784311937562362
2662,202611,0,0.09376274805201645
2668,202611,0,0.10378224478192687
2673,202611,1,0.09631741365691648
2682,202611,1,0.15594978914544938
2684,202611,0,0.1297479967312807
2686,202611,0,0.112557487874641
2706,202611,0,0.13171270354065448
2709,202611,0,0.1296547855159976
2710,202611,0,0.1265409944097066
2712,202611,0,0.09926628601687212
2717,202611,0,0.12175863110515062
2718,202611,0,0.14779112583053391
2720,202611,0,0.1330911703519977
2726,202611,0,0.153608419772917
2732,202611,0,0.1508358164473535
2735,202611,0,0.16098659768288623
2736,202611,0,0.11498632373724528
2754,202611,0,0.13610512813543135
2755,202611,0,0.06454584768729318
2758,202611,0,0.12439453015894476
2759,202611,0,0.062385986065213325
2768,202611,0,0.14604114460518125
2769,202611,0,0.14953727067685227
2770,202611,0,0.13600010990102498
2776,202611,0,0.05149773666686183
2779,202611,0,0.20564290973189203
2782,202611,1,0.11375164992659634
2790,202611,0,0.04910558524632906
2794,202611,0,0.12701709230535407
2796,202611,0,0.05919595638891006
2801,202611,0,0.1372192031972492
2807,202611,1,0.13594376652913057
2810,202611,0,0.09679005201063967
2811,202611,1,0.06320376557872324
2813,202611,0,0.15936158588693977
2820,202611,0,0.1373395972724471
2822,202611,0,0.13950040114714246
2830,202611,0,0.14358218721284008
2831,202611,0,0.1508240960871755
2835,202611,0,0.13282470883452885
2837,202611,0,0.16035912931517493
2852,202611,0,0.1494646533788709
2861,202611,0,0.11850036803481741
2864,202611,0,0.05043046533693661
2868,202611,1,0.14161111364263632
2869,202611,0,0.05499738258204921
2870,202611,0,0.30376403227762544
2883,202611,0,0.0556674661995171
2888,202611,1,0.04062129293805076
2890,202611,0,0.052886836319889025
2891,202611,1,0.3274061687877654
2892,202611,0,0.053158316631059424
2895,202611,0,0.17157451033238572
2908,202611,0,0.15292347406634468
2911,202611,0,0.04690348341125559
2918,202611,0,0.1002096985147747
2923,202611,1,0.12133879778165241
2931,202611,0,0.1468000297327022
2936,202611,0,0.16218290723787235
2938,202611,0,0.2293183616105827
2940,202611,0,0.14752536678439
2942,202611,0,0.13693921991453875
2943,202611,0,0.04901013857734843
2945,202611,0,0.14976370665342345
2949,202611,0,0.05415191585784331
2959,202611,0,0.1433180872374983
2966,202611,0,0.156974116733716
2969,202611,0,0.13042724463906918
2970,202611,0,0.13901287290687273
2975,202611,0,0.12283587286578287
2976,202611,0,0.14001948020186558
2987,202611,0,0.11965654899440788
2993,202611,0,0.0662889110107186
2995,202611,0,0.06330366371548418
2998,202611,0,0.045782447469147454
3002,202611,0,0.12967578101077806
3004,202611,0,0.12498433020658703
3008,202611,0,0.14669926418841203
3010,202611,0,0.12424945469644687
3019,202611,0,0.06730633780281599
3020,202611,1,0.14237652654030603
3027,202611,0,0.05719738210385728
3030,202611,0,0.13594401505863243
3031,202611,0,0.14860647479889452
3037,202611,0,0.13858674356987433
3038,202611,0,0.11868499407856012
3039,202611,0,0.06555588266987585
3043,202611,0,0.11750351903436058
3048,202611,0,0.04920536474418468
3049,202611,0,0.13090321940177682
3050,202611,1,0.12024157541671618
3053,202611,0,0.05006342093870273
3054,202611,0,0.06443657065492418
3056,202611,0,0.11497154565959719
3069,202611,0,0.23359473305525408
3071,202611,0,0.14421270286995932
3072,202611,0,0.1445342559677992
3075,202611,0,0.12636855322569546
3078,202611,0,0.1239170110627908
3080,202611,0,0.11331840618754457
3089,202611,1,0.21391932010735287
3104,202611,0,0.11958197880199582
3109,202611,0,0.15546390424206993
3125,202611,1,0.12615338710157034
3126,202611,0,0.0854411192367724
3134,202611,1,0.1285372725283207
3137,202611,0,0.05639106249896293
3139,202611,0,0.11064470151087417
3142,202611,0,0.15401415191420814
3147,202611,0,0.05524035624830633
3160,202611,1,0.10847717592712894
3168,202611,0,0.11418559431056355
3169,202611,0,0.1540936666520837
3172,202611,0,0.1059800535124794
3174,202611,0,0.12968790546581732
3176,202611,1,0.05477003676635114
3178,202611,0,0.16171805165842093
3179,202611,0,0.05751374565430681
3181,202611,0,0.11574717534657167
3190,202611,0,0.13331949144859834
3192,202611,0,0.15713927363926905
3196,202611,0,0.1413198471594321
3197,202611,0,0.1632717062074049
3206,202611,0,0.14680576080106633
3208,202611,0,0.06093706036756086
3210,202611,0,0.10401974670376415
3214,202611,0,0.21732021550469238
3217,202611,1,0.13339253958382885
3220,202611,0,0.07711611670882366
3223,202611,1,0.16030784309584997
3228,202611,0,0.05750045902608682
3232,202611,0,0.11142979841606301
3246,202611,1,0.0947044621323622
3247,202611,0,0.1333276771913591
3253,202611,0,0.05456169045808105
3256,202611,0,0.05331899716016423
3257,202611,0,0.1242321772472169
3262,202611,0,0.1271265852099528
3265,202611,1,0.14736355326243145
3269,202611,0,0.057443989022342545
3276,202611,0,0.06947837243582046
3279,202611,0,0.25980688812906305
3282,202611,0,0.0990356413977764
3284,202611,0,0.06566581864263027
3285,202611,0,0.13518566884508856
3295,202611,0,0.12734412151127134
3297,202611,0,0.0925288853338966
3298,202611,0,0.12045848203375382
3303,202611,1,0.12842978441473835
3309,202611,1,0.1309032854284411
3311,202611,0,0.058364897032603814
3312,202611,1,0.13813106682894313
3313,202611,0,0.14990247798482986
3321,202611,0,0.10471591845106769
3322,202611,1,0.11808724237359484
3325,202611,0,0.11851371860077341
3329,202611,0,0.22386528068963618
3345,202611,0,0.16412895337282135
3347,202611,0,0.11445044996573878
3349,202611,0,0.13746386625219997
3350,202611,0,0.08469669865175715
3354,202611,0,0.14425198957725094
3356,202611,0,0.2278595916776487
3363,202611,0,0.12953059242186063
3372,202611,0,0.09962623209741632
3376,202611,0,0.11471193650061978
3380,202611,0,0.11531892929050273
3383,202611,0,0.13829370836499788
3385,202611,0,0.12582268891410284
3387,202611,0,0.13163679209678728
3395,202611,0,0.05519732818913238
3396,202611,0,0.04958457105502267
3397,202611,0,0.11342208968517117
3411,202611,0,0.07738444663936904
3413,202611,0,0.047886507850936066
3415,202611,0,0.10668917608764032
3420,202611,1,0.1451662248257017
3444,202611,0,0.14762326373529389
3446,202611,0,0.11732740105297605
3447,202611,0,0.062478252840377266
3448,202611,0,0.11164282343024605
3454,202611,0,0.05533528968880447
3466,202611,0,0.13126430380304743
3471,202611,0,0.15202455195325953
3474,202611,0,0.05022450826059019
3488,202611,0,0.14606692361678222
3496,202611,0,0.062092385859845195
3498,202611,0,0.15742740386373044
3499,202611,1,0.10023254106354494
3508,202611,0,0.12420280480828075
3511,202611,0,0.05980192837908331
3514,202611,0,0.07909474027285758
3524,202611,0,0.07339361860773189
3526,202611,0,0.088429917778855
3529,202611,0,0.06942983986487768
3552,202611,0,0.05937205169729331
3561,202611,0,0.06612158485482796
3564,202611,0,0.1989426984195674
3566,202611,0,0.051812974946301764
3576,202611,0,0.1657846051434418
3581,202611,0,0.04966981044300194
3582,202611,0,0.14812081278209482
3583,202611,0,0.2414090435151141
3587,202611,0,0.12990900561032903
3589,202611,0,0.13888836960482862
3590,202611,0,0.11053800762769726
3592,202611,0,0.14414553965820034
3594,202611,0,0.05843649839096454
3598,202611,0,0.12673089768601703
3602,202611,1,0.1418999957371989
3605,202611,0,0.14576710209671684
3607,202611,1,0.12889967544620048
3608,202611,0,0.16698813607248045
3610,202611,0,0.1333410568842228
3619,202611,0,0.12120619656430508
3621,202611,1,0.04735656783866783
3622,202611,0,0.11712510347991319
3623,202611,0,0.17899181791232324
3628,202611,0,0.128019419990866
3629,202611,0,0.13295023453613591
3647,202611,0,0.0466158930852863
3653,202611,0,0.18100223432222412
3657,202611,0,0.15263428614558983
3658,202611,0,0.09292002107832169
3661,202611,0,0.05425557086551348
3665,202611,0,0.13110186497772086
3668,202611,0,0.060482317531140514
3670,202611,0,0.08995490192856186
3672,202611,0,0.052941185718496694
3675,202611,0,0.10481736325764657
3680,202611,0,0.056065157188404484
3697,202611,0,0.062106111394991226
3698,202611,0,0.035497734694975684
3699,202611,0,0.13667799029138036
3703,202611,0,0.04768188254315071
3711,202611,0,0.13464897167307477
3712,202611,0,0.15770712597568304
3716,202611,0,0.13430466892895085
3717,202611,0,0.1513324606023075
3721,202611,0,0.1502554029828131
3725,202611,1,0.10608890176017577
3726,202611,0,0.13505985998221212
3735,202611,0,0.151089984971684
3736,202611,0,0.23243075189458892
3740,202611,0,0.11473156693088468
3743,202611,1,0.2173849278762564
3746,202611,1,0.12559729960296837
3748,202611,0,0.11329240587897534
3751,202611,0,0.09350840544599963
3753,202611,0,0.09802897354033764
3754,202611,0,0.10569892374001306
3755,202611,0,0.055204950473921724
3764,202611,0,0.1083817535848896
3768,202611,0,0.141540548793412
3781,202611,0,0.13102604894953584
3782,202611,0,0.1412102179921251
3787,202611,0,0.06826193427318761
3796,202611,1,0.1392447639050191
3800,202611,0,0.1288752541843203
3804,202611,0,0.049055765763911914
3820,202611,0,0.1691946187071566
3821,202611,0,0.15669978936203602
3824,202611,0,0.09607208857661384
3825,202611,0,0.13359313521688063
3826,202611,0,0.17709757877504584
3831,202611,0,0.11669219935249835
3834,202611,0,0.1340894479683269
3835,202611,0,0.13478015783469527
3836,202611,0,0.10915689772947731
3840,202611,0,0.089995404936005
3841,202611,0,0.15718112286897268
3842,202611,1,0.12317753073059629
3847,202611,1,0.1078471494045904
3848,202611,0,0.1615246541652703
3863,202611,0,0.157859059929985
3869,202611,0,0.11553698953423668
3875,202611,0,0.12933406760403543
3876,202611,1,0.14564297663778028
3877,202611,0,0.24305567692641158
3878,202611,0,0.13836689832046511
3879,202611,0,0.13222267571127821
3881,202611,0,0.16081377739072927
3882,202611,0,0.054155287108259065
3887,202611,0,0.12606833062876083
3890,202611,0,0.11629964373339362
3897,202611,1,0.11679411905425939
3904,202611,0,0.051057104564529866
3905,202611,0,0.25462646872898204
3908,202611,0,0.1552764735428603
3917,202611,0,0.16551167768029032
3927,202611,0,0.14783250411835847
3931,202611,0,0.16320223673315892
3938,202611,0,0.15734057226441098
3944,202611,0,0.15054817435723056
3947,202611,0,0.11110097097225097
3950,202611,0,0.15022406495298116
3971,202611,0,0.11105825645027133
3982,202611,0,0.06044616611304824
3988,202611,1,0.20392327232078652
3991,202611,0,0.04929609960025309
3992,202611,0,0.1267085312432161
3997,202611,0,0.11693636762277097
4005,202611,0,0.05340861396626491
4008,202611,0,0.11828960041291081
4016,202611,0,0.060408897023042016
4018,202611,0,0.13046350921440614
4020,202611,0,0.15790874511073677
4027,202611,0,0.056512793241627945
4038,202611,0,0.10628924451604144
4044,202611,1,0.14615915173836092
4045,202611,0,0.1080535069986141
4048,202611,0,0.14081772474209714
4051,202611,0,0.10725285681986098
4054,202611,0,0.1332377123274892
4055,202611,0,0.12788228739177612
4065,202611,0,0.10938137780406744
4066,202611,0,0.12597268252299448
4067,202611,1,0.1078447530821242
4073,202611,0,0.10984525404008212
4079,202611,0,0.054896175732501766
4084,202611,0,0.10688095921674355
4087,202611,0,0.17721820947362554
4089,202611,0,0.04542619057451881
4091,202611,0,0.23204237475235023
4092,202611,0,0.12205825997614345
4102,202611,0,0.27632405138568755
4108,202611,0,0.1554666925540151
4113,202611,0,0.16118247994264456
4116,202611,0,0.17322084458272272
4117,202611,0,0.04543790261249033
4122,202611,1,0.0527452213941962
4124,202611,0,0.1325008180793294
4125,202611,0,0.12417371707328903
4128,202611,0,0.14183935826164323
4129,202611,0,0.13570204901377217
4130,202611,0,0.12480279109768502
4134,202611,0,0.1408557007723654
4141,202611,1,0.14254658543323337
4142,202611,1,0.1164118795594166
4144,202611,0,0.14506213024431383
4147,202611,0,0.21823295389985461
4150,202611,0,0.054847506425550786
4158,202611,0,0.14989977647583222
4162,202611,0,0.14148184126495095
4163,202611,0,0.11034868560279895
4166,202611,0,0.05484868710720024
4167,202611,0,0.11877331741864076
4168,202611,0,0.12253419880655969
4175,202611,0,0.06290898910486621
4179,202611,0,0.06845412900800034
4180,202611,0,0.15197333767399324
4189,202611,0,0.13338881529014693
4192,202611,0,0.16659880759785695
4195,202611,0,0.1377708200107764
4197,202611,0,0.15013718811525814
4198,202611,0,0.13030947334112145
4202,202611,0,0.11128249642893352
4208,202611,0,0.13102758622484822
4222,202611,0,0.141071811593508
4225,202611,0,0.05272029674542033
4227,202611,0,0.13871470734587782
4229,202611,0,0.12179664596706359
4230,202611,0,0.12803904588027115
4234,202611,1,0.13165827733273733
4236,202611,1,0.13803117966984688
4244,202611,0,0.225396248194441
4247,202611,0,0.1231843357582775
4249,202611,0,0.13338238872787475
4258,202611,0,0.1359415618903949
4266,202611,0,0.16399346236480106
4283,202611,0,0.09998773091951886
4286,202611,0,0.10381515701453889
4287,202611,0,0.12544500472078257
4289,202611,0,0.11113925065610016
4291,202611,0,0.16459967320302385
4292,202611,0,0.13216313840720628
4295,202611,1,0.138596926701184
4296,202611,0,0.0594779807367692
4309,202611,0,0.05601924564982547
4323,202611,0,0.15674327015683084
4324,202611,0,0.13642793097605752
4327,202611,0,0.11177754986521929
4328,202611,0,0.13519393179303202
4330,202611,0,0.06258779695229691
4334,202611,0,0.06998228830181907
4338,202611,0,0.05049702046204746
4341,202611,0,0.14162146601873613
4343,202611,0,0.21335606127317724
4349,202611,0,0.05027027425806408
4366,202611,0,0.10292986636456006
4367,202611,0,0.061658406216769324
4373,202611,0,0.10708285096020465
4374,202611,0,0.1855169928344872
4377,202611,1,0.1374598038371664
4384,202611,0,0.1560365831623606
4390,202611,0,0.1171340990728877
4403,202611,0,0.1353755126154775
4409,202611,0,0.10730163565847707
4410,202611,1,0.1431304629054476
4419,202611,0,0.15211430548298116
4427,202611,0,0.08832399851847107
4428,202611,0,0.13113524183011377
4429,202611,0,0.1313743669615239
4430,202611,0,0.03949895873867939
4431,202611,0,0.11236655117688757
4433,202611,0,0.05451579790465409
4434,202611,0,0.13663752370262586
4442,202611,0,0.05365123822407111
4444,202611,0,0.10951038973679332
4453,202611,1,0.16798464387343615
4456,202611,0,0.06966548155403025
4457,202611,0,0.1291207938517272
4459,202611,0,0.12217459347507002
4463,202611,0,0.14908664718550677
4465,202611,0,0.1578803282072799
4466,202611,0,0.0705321532101034
4469,202611,0,0.0805947626531546
4485,202611,1,0.2418603154486949
4486,202611,0,0.12205254729655096
4488,202611,0,0.13682400001776757
4490,202611,0,0.1183034136923228
4492,202611,0,0.15507974545014513
4498,202611,1,0.10687739541504733
4500,202611,0,0.07171403345354699
4502,202611,0,0.14624504525443854
4507,202611,0,0.13271977714962618
4511,202611,0,0.14125258095586907
4512,202611,0,0.10619562035348834
4516,202611,0,0.14155226469121973
4520,202611,0,0.10968401436667508
4524,202611,1,0.1490309338701596
4536,202611,0,0.09192656054398021
4538,202611,0,0.053973945802087885
4549,202611,0,0.06086603371270929
4550,202611,1,0.05151379034739916
4554,202611,0,0.13453439076001758
4561,202611,0,0.14752573559522827
4564,202611,0,0.12084605029436303
4566,202611,0,0.1420265482446014
4568,202611,0,0.16534219941555897
4579,202611,1,0.1345157852660221
4580,202611,0,0.13101078882188572
4586,202611,0,0.058913858322072646
4594,202611,0,0.13368851089016248
4598,202611,0,0.1198245743847256
4602,202611,0,0.11201777455690187
4609,202611,0,0.17013721823979808
4610,202611,0,0.11155201485841389
4611,202611,0,0.12399753093191448
4619,202611,0,0.1596624355238555
4624,202611,0,0.1581613585180386
4627,202611,0,0.1265509150083604
4628,202611,1,0.12211609177275774
4631,202611,0,0.11003783616913689
4632,202611,0,0.1364113180925065
4634,202611,1,0.12356130958440668
4635,202611,0,0.05596768720816032
4637,202611,0,0.13396645032815527
4641,202611,0,0.13833248493095118
4643,202611,0,0.06980367215458676
4660,202611,0,0.05470725504478755
4665,202611,0,0.1468790735674446
4667,202611,0,0.06535489237990832
4668,202611,0,0.13158676026207514
4670,202611,0,0.14124661965108498
4674,202611,0,0.04686541440055933
4676,202611,0,0.12557949786021094
4683,202611,0,0.1739986524018703
4684,202611,0,0.0546384743848675
4687,202611,0,0.1273807801110838
4694,202611,1,0.1365821050669624
4704,202611,0,0.1439507166290377
4706,202611,0,0.13337819173028573
4732,202611,0,0.14437927699146078
4734,202611,0,0.16630548491796637
4735,202611,0,0.10911782113896887
4744,202611,0,0.05817311389269383
4755,202611,0,0.0985675567847119
4756,202611,1,0.12670176471342656
4759,202611,0,0.059168396936198735
4762,202611,0,0.0585085492373275
4763,202611,1,0.10891221751456386
4765,202611,0,0.15398107529134186
4767,202611,0,0.12870014786842382
4770,202611,1,0.12018811036627768
4775,202611,0,0.12635692905357596
4780,202611,0,0.13907500031428685
4788,202611,1,0.17040058260553745
4789,202611,0,0.12846041934001023
4792,202611,1,0.05360299233011238
4794,202611,0,0.15272620418469599
4795,202611,0,0.12618597431855538
4797,202611,0,0.12646492222202857
4803,202611,0,0.05051305551155529
4805,202611,1,0.13697525268886662
4810,202611,0,0.1550989655577513
4812,202611,0,0.14564670606782953
4814,202611,0,0.11258825224380363
4818,202611,0,0.12412367951608541
4820,202611,0,0.05053091244955353
4822,202611,0,0.14070596138026148
4827,202611,0,0.11139409395841306
4828,202611,0,0.06951756157502276
4831,202611,0,0.058610505139945916
4839,202611,0,0.15165955275515913
4841,202611,0,0.11652077927111094
4842,202611,0,0.06584053937209412
4844,202611,0,0.11925595962799128
4852,202611,0,0.047727894886525374
4861,202611,0,0.07151469928892885
4863,202611,0,0.22368204822165794
4868,202611,1,0.12167662916179856
4878,202611,0,0.11334259650483007
4881,202611,0,0.09146684195869133
4883,202611,0,0.17039684917353473
4884,202611,0,0.1385419470299267
4890,202611,0,0.13162364647560085
4894,202611,0,0.059903591334165056
4895,202611,0,0.16614080039690296
4898,202611,0,0.1254213524671617
4899,202611,0,0.039331511809733086
4900,202611,1,0.12285162002332929
4901,202611,0,0.06542300104807272
4902,202611,0,0.04594177483499558
4912,202611,1,0.11881543904159926
4918,202611,1,0.10839623586645646
4919,202611,0,0.12700113873061106
4934,202611,0,0.06147623536066614
4937,202611,0,0.1049823706110291
4939,202611,0,0.04962484715123263
4941,202611,1,0.12512719196949013
4945,202611,0,0.07186776550090761
4950,202611,1,0.0567114209771279
4952,202611,0,0.09885560166079636
4953,202611,0,0.13546297782734837
4954,202611,0,0.13346656725199144
4955,202611,0,0.12134900662143958
4956,202611,1,0.15541486372389188
4957,202611,1,0.15335665511169885
4967,202611,0,0.05080599556711316
4970,202611,0,0.15605572556920708
4971,202611,1,0.11530320266360924
4979,202611,0,0.12485808787037475
4983,202611,0,0.12277337547170145
4989,202611,0,0.12154768299575677
4995,202611,0,0.12613213404270043
5002,202611,1,0.09673170753528303
5004,202611,0,0.15488063335811317
5007,202611,0,0.14189684255478482
5009,202611,0,0.05059871577406001
5010,202611,0,0.10888818215383682
5016,202611,0,0.13408190968977185
5033,202611,0,0.05930149792118043
5038,202611,0,0.04755769412411739
5041,202611,1,0.13828204835862015
5045,202611,0,0.1011241285162822
5049,202611,0,0.04614771155405611
5050,202611,1,0.14958037131527654
5051,202611,0,0.05865181457587225
5055,202611,0,0.13188894870732454
5058,202611,0,0.06862863817117712
5059,202611,0,0.05174114010161246
5072,202611,1,0.1267797713714542
5073,202611,0,0.1456830995106469
5074,202611,0,0.2307972031547925
5076,202611,0,0.13609742675942113
5078,202611,0,0.05753576918941619
5081,202611,0,0.1133593307113708
5082,202611,0,0.1336102514826767
5084,202611,0,0.05204210342311372
5092,202611,1,0.1389481868322348
5105,202611,0,0.12251168682876534
5107,202611,0,0.13227855376818057
5111,202611,0,0.08444878006426709
5120,202611,0,0.055491141476858345
5121,202611,0,0.1169667431157447
5123,202611,0,0.13561483210298125
5141,202611,0,0.12213487228173994
5144,202611,0,0.1479577828608723
5147,202611,0,0.14106019736957445
5149,202611,0,0.03957555226002762
5152,202611,0,0.05718408309337124
5160,202611,0,0.1298708917372492
5170,202611,0,0.1381414158745357
5171,202611,0,0.1518203772783252
5176,202611,0,0.16511678386597853
5178,202611,0,0.18369150930683706
5189,202611,1,0.15163503701171416
5192,202611,0,0.051601890142228934
5195,202611,0,0.06595915766285645
5204,202611,0,0.13517186700523012
5208,202611,0,0.13280155436510788
5211,202611,0,0.1124256746620508
5216,202611,0,0.058431674004779804
5217,202611,0,0.11724483037435948
5222,202611,1,0.2074684242495324
5225,202611,0,0.1421047648613714
5228,202611,0,0.1529556847471738
5239,202611,0,0.043300015729754344
5241,202611,0,0.06048380161106569
5242,202611,1,0.16604781763479456
5243,202611,0,0.14025940286675395
5246,202611,0,0.14727854753984254
5247,202611,0,0.17399231067045898
5248,202611,1,0.1477809162080917
5249,202611,0,0.05559781990481624
5251,202611,0,0.17635441832648036
5255,202611,0,0.15184822532834896
5257,202611,0,0.16237320949015865
5259,202611,0,0.08322272523136243
5260,202611,0,0.14973188006087534
5269,202611,0,0.1435931203379114
5273,202611,1,0.05607876399898259
5281,202611,0,0.14057826384503358
5284,202611,0,0.1623212878224423
5286,202611,0,0.06882679377599837
5292,202611,0,0.06176394884363172
5293,202611,0,0.1213014126516977
5299,202611,0,0.11902377246996838
5301,202611,0,0.1198867204721362
5303,202611,0,0.0982208107990381
5305,202611,0,0.14341279085106204
5315,202611,1,0.12200324473476581
5319,202611,0,0.09422891654707936
5325,202611,0,0.061387637688076535
5331,202611,0,0.12063757845918929
5333,202611,0,0.09300486263411092
5335,202611,0,0.12853668829231854
5339,202611,0,0.10056217883155075
5340,202611,0,0.11314886526378992
5341,202611,0,0.10874001108095777
5343,202611,0,0.09227129500963877
5347,202611,0,0.17745391940069574
5353,202611,0,0.12939836823638737
5355,202611,0,0.11200832609222394
5359,202611,1,0.15816252422197466
5363,202611,0,0.13528203669256095
5365,202611,0,0.13478130221861784
5373,202611,0,0.11500836031732632
5377,202611,0,0.14535383599412138
5379,202611,0,0.06003192420005424
5385,202611,0,0.1416423395243482
5386,202611,0,0.05339144667643915
5387,202611,0,0.13696915539132393
5389,202611,0,0.0585475941306823
5390,202611,0,0.0627359430877164
5396,202611,0,0.06437291651886742
5397,202611,0,0.05421516195018194
5404,202611,0,0.11511674396591047
5407,202611,0,0.14097929198000458
5410,202611,0,0.04449325087312803
5411,202611,0,0.05822592313692549
5412,202611,0,0.12018589345092795
5413,202611,0,0.04237113911570626
5417,202611,1,0.1462070240787705
5418,202611,0,0.1526631364190137
5424,202611,0,0.11440197239008364
5425,202611,1,0.21609305605508253
5427,202611,0,0.16009539008341078
5428,202611,0,0.11961007487576615
5429,202611,1,0.16618301759507578
5433,202611,0,0.14255055794089766
5434,202611,1,0.0572709319497561
5440,202611,1,0.15807847725890725
5441,202611,0,0.14712803964305143
5448,202611,0,0.1214630838226665
5456,202611,0,0.1458350517365287
5460,202611,0,0.04875876876361911
5465,202611,0,0.1645221577590885
5468,202611,0,0.06115527459484266
5470,202611,0,0.1361647210296483
5475,202611,0,0.1179893837052083
5487,202611,0,0.15542936534898116
5501,202611,0,0.05625591325174553
5504,202611,0,0.1254203071194174
5508,202611,0,0.13902895061829726
5510,202611,0,0.11211122838586922
5514,202611,0,0.04754002058090871
5528,202611,0,0.14176103077275984
5540,202611,0,0.11181964132079127
5543,202611,0,0.12744416664456723
5545,202611,0,0.11813452630886954
5546,202611,0,0.1123817293732256
5548,202611,0,0.06209962025872252
5551,202611,0,0.261680810203071
5553,202611,0,0.12377677551428272
5556,202611,0,0.12887502809440043
5560,202611,0,0.1487820548364301
5563,202611,0,0.13530157584196548
5569,202611,0,0.0551759201214051
5572,202611,0,0.053158348578343964
5576,202611,0,0.06559295724664957
5582,202611,0,0.1280891824049151
5586,202611,0,0.059488000889972775
5598,202611,0,0.05825843693489862
5605,202611,0,0.13034368722417958
5608,202611,0,0.1536531093815907
5609,202611,1,0.14392930078572863
5610,202611,0,0.09772923877367903
5622,202611,0,0.07793840922101992
5628,202611,0,0.1394117169267861
5632,202611,0,0.1149671824853978
5635,202611,1,0.11567478750261447
5640,202611,0,0.04616471745949662
5641,202611,0,0.08818844863083389
5647,202611,0,0.04968479412492933
5654,202611,0,0.1478226674950455
5662,202611,1,0.13168384857224108
5665,202611,0,0.14067344243930255
5667,202611,0,0.13487865792452955
5674,202611,0,0.08323851833483452
5691,202611,0,0.13182726039393694
5694,202611,0,0.1323187771295531
5706,202611,0,0.1347934869540283
5708,202611,1,0.12822535276524863
5716,202611,0,0.0628151723910737
5722,202611,0,0.06236272790250893
5738,202611,0,0.14294714562039482
5745,202611,0,0.13304636779716017
5746,202611,0,0.11552169306711242
5755,202611,0,0.13659917152097018
5756,202611,0,0.05541417935830648
5760,202611,0,0.13710984338595
5761,202611,0,0.12864472049848186
5762,202611,0,0.0671457377131924
5763,202611,0,0.05323390055206896
5765,202611,0,0.16889763755648246
5766,202611,1,0.15098259211402748
5773,202611,0,0.12792118584814066
5775,202611,1,0.1429065446739799
5781,202611,0,0.1273282199031517
5786,202611,0,0.13721269325494814
5789,202611,0,0.16016745070530378
5799,202611,1,0.13226324013416219
5802,202611,0,0.12629325712501974
5808,202611,0,0.15276834838581488
5811,202611,0,0.11023329549208612
5812,202611,0,0.23481914918459332
5813,202611,0,0.12049888053692782
5821,202611,0,0.1457017769305418
5829,202611,0,0.1593932355368436
5836,202611,1,0.13078952702495572
5838,202611,0,0.11891692038198551
5840,202611,1,0.13751268564698182
5842,202611,0,0.15408357065282943
5844,202611,1,0.1380085756140415
5861,202611,0,0.12199639960107148
5864,202611,0,0.1318171177423152
5865,202611,1,0.13783540227896424
5871,202611,0,0.15579788963883434
5875,202611,0,0.14411386694548012
5877,202611,1,0.05366802698643575
5879,202611,0,0.14076945666413154
5881,202611,0,0.13697351887410414
5888,202611,1,0.22435873955484054
5891,202611,0,0.055851782147141246
5900,202611,1,0.14367010242738065
5903,202611,0,0.0380188321338022
5909,202611,0,0.1369332376684832
5914,202611,0,0.17042915376972503
5918,202611,0,0.12794846291281411
5933,202611,0,0.05859510384622714
5945,202611,0,0.05721707039567724
5948,202611,0,0.062121732957913886
5949,202611,0,0.05261138322956028
5950,202611,0,0.14494355641146567
5952,202611,0,0.15479482713335166
5955,202611,0,0.15004510353343015
5959,202611,0,0.17345184169100555
5961,202611,0,0.14512021716212242
5964,202611,0,0.08400061518552597
5966,202611,0,0.16698119190162694
5978,202611,0,0.12576423740063672
5980,202611,0,0.12183869158527018
5983,202611,0,0.1541207093561123
5985,202611,0,0.11697083434351445
5995,202611,0,0.1363952785972165
6009,202611,0,0.14168433230628125
6013,202611,1,0.2663490419774296
6016,202611,0,0.08296694117407809
6021,202611,0,0.13306886266563211
6023,202611,0,0.11950062273268017
6029,202611,0,0.14127950206585574
6033,202611,0,0.1288385617805621
6036,202611,0,0.06640167357579803
6039,202611,0,0.13971620860642647
6046,202611,0,0.20590817101691986
6047,202611,0,0.10901243446862287
6048,202611,1,0.12538531417446022
6050,202611,1,0.16782708340698224
6051,202611,0,0.11268441283128752
6054,202611,0,0.04937619233304954
6061,202611,0,0.14457773157960616
6062,202611,1,0.07132065213193828
6065,202611,0,0.11503726657559035
6068,202611,0,0.0924346644810158
6069,202611,0,0.21466552643984582
6070,202611,0,0.18031378149982755
6072,202611,0,0.0758372144266732
6076,202611,0,0.13631694856980495
6082,202611,0,0.0659138942050939
6104,202611,0,0.14654772694986254
6110,202611,0,0.12884436266361415
6122,202611,0,0.1218163994612189
6123,202611,0,0.13793144270350535
6126,202611,0,0.051145108257791415
6128,202611,0,0.14061381908009266
6131,202611,0,0.06252720106450706
6139,202611,0,0.11384838736687673
6140,202611,0,0.1561189993934155
6142,202611,0,0.23775247338058567
6143,202611,0,0.10528002427971818
6147,202611,0,0.14127924234673264
6152,202611,0,0.1671895453481707
6164,202611,0,0.11553361593230145
6171,202611,0,0.18247601420832532
6173,202611,0,0.11983214773069249
6175,202611,0,0.16379311844225938
6176,202611,0,0.06331830559618734
6179,202611,0,0.13499812901708497
6181,202611,0,0.11585483744175673
6184,202611,1,0.04805970630671068
6191,202611,0,0.0738323446515642
6195,202611,1,0.2326727715093968
6200,202611,0,0.11880151842595747
6201,202611,0,0.15299029645862103
6206,202611,1,0.11720047972681526
6208,202611,0,0.15874143291235907
6219,202611,0,0.1364584955883114
6223,202611,0,0.06478775823398926
6224,202611,0,0.13402811696352152
6237,202611,0,0.07046724640186523
6255,202611,0,0.10292222425109893
6264,202611,1,0.16018828342350913
6265,202611,0,0.14299256010583225
6273,202611,0,0.11876285297390579
6275,202611,1,0.16723638428552243
6279,202611,0,0.11535515090190372
6284,202611,0,0.1429464526650086
6295,202611,0,0.11571517310380339
6297,202611,1,0.06270801846805976
6306,202611,0,0.06200538320214653
6311,202611,0,0.20932598414788417
6327,202611,0,0.10187318210512834
6330,202611,0,0.12943468066846464
6338,202611,0,0.12835264128849616
6343,202611,0,0.13171966030550644
6345,202611,0,0.2357526395181042
6349,202611,1,0.22271821883694148
6351,202611,0,0.1197884416039655
6357,202611,0,0.062941136140167
6360,202611,0,0.12145861264534827
6389,202611,0,0.058444014629550366
6392,202611,0,0.14736897266136073
6404,202611,0,0.14017048848456398
6406,202611,0,0.05827015413419234
6407,202611,0,0.13195146342268665
6414,202611,0,0.06078784437652515
6419,202611,0,0.13303626598520332
6425,202611,0,0.12771063389766266
6428,202611,0,0.047960086938731904
6431,202611,0,0.1255274455552273
6435,202611,0,0.1279669753391041
6436,202611,0,0.06436147394533354
6440,202611,0,0.09868321366194356
6446,202611,0,0.1425978957015599
6459,202611,1,0.0570984528748484
6465,202611,0,0.1063316918183438
6473,202611,0,0.12941819763968443
6476,202611,0,0.0679657596906208
6477,202611,0,0.10835412149961327
6478,202611,0,0.1394484726860075
6491,202611,1,0.21186081705158408
6494,202611,0,0.1110784317762582
6501,202611,0,0.12679022162898682
6502,202611,0,0.22014121907465142
6503,202611,0,0.11879543559881435
6514,202611,0,0.038387903772067584
6516,202611,0,0.12172027451516888
6534,202611,0,0.13343304721202182
6541,202611,0,0.05738316538942239
6553,202611,0,0.13971597002419314
6557,202611,0,0.11104484552515162
6559,202611,0,0.1434055316544107
6560,202611,0,0.17240731052966457
6562,202611,0,0.13783448795098976
6575,202611,0,0.13830945907726322
6583,202611,0,0.050741761207361284
6588,202611,0,0.1426571136923799
6590,202611,0,0.10509701876853145
6594,202611,0,0.1155611638196118
6599,202611,1,0.1274319796213865
6602,202611,0,0.13835968053534978
6603,202611,0,0.13040621156289053
6606,202611,0,0.1044051664369277
6614,202611,0,0.14404841947457853
6618,202611,0,0.11167786331064013
6628,202611,0,0.1413563132822306
6633,202611,0,0.05639030174439379
6639,202611,0,0.10721949819548972
6648,202611,0,0.15012645398784777
6654,202611,0,0.10983181264768459
6656,202611,0,0.050148190289826096
6657,202611,0,0.17333518379443807
6663,202611,0,0.06456381042231442
6664,202611,0,0.10791427017801178
6666,202611,0,0.05175089692298891
6670,202611,0,0.10893301533481439
6671,202611,0,0.11368155720392656
6683,202611,0,0.05722616442023829
6693,202611,1,0.13792049220809768
6694,202611,0,0.13296968368267303
6695,202611,0,0.14395987645485817
6699,202611,0,0.14029937008896656
6701,202611,0,0.12215833423123364
6706,202611,0,0.05669169938312587
6707,202611,0,0.05881905378007634
6720,202611,0,0.10908508040841018
6721,202611,0,0.06314717864209536
6726,202611,0,0.14876062056443887
6735,202611,0,0.12383841896386359
6745,202611,0,0.1520171962424785
6746,202611,0,0.1223089554883886
6751,202611,0,0.06450917496380783
6759,202611,0,0.15428988783824868
6760,202611,0,0.11577173200714083
6765,202611,0,0.133344737965421
6767,202611,1,0.11837382840986821
6768,202611,1,0.08279570270745065
6772,202611,1,0.13158453238317283
6774,202611,0,0.06596201180345272
6776,202611,0,0.1442502478232753
6779,202611,0,0.12726023814167414
6789,202611,0,0.11677593435625448
6792,202611,0,0.23641731100106692
6797,202611,0,0.0609415856846018
6807,202611,0,0.12940368074425115
6808,202611,0,0.1615475977320683
6811,202611,0,0.13527280238789077
6813,202611,0,0.07357348161060562
6814,202611,0,0.12771647936632352
6817,202611,0,0.13717885976359717
6826,202611,0,0.1341401505716252
6830,202611,0,0.07080769182570759
6832,202611,0,0.1507232606037005
6834,202611,1,0.12485155416472732
6838,202611,0,0.17670986048097043
6840,202611,0,0.11681299416124111
6850,202611,0,0.11327770376650893
6851,202611,0,0.13739033301350217
6854,202611,0,0.2175675026514114
6856,202611,0,0.19340970777667912
6858,202611,0,0.11049876687524897
6866,202611,0,0.12794410507051596
6871,202611,0,0.1507503846128737
6872,202611,0,0.11899184843450404
6879,202611,0,0.14146004371849935
6881,202611,0,0.05942200513075451
6882,202611,0,0.1602849988818943
6883,202611,0,0.12986875270962722
6894,202611,0,0.15443451933799726
6899,202611,0,0.05596851581361634
6903,202611,0,0.14220684781473966
6908,202611,0,0.1680695073435377
6914,202611,0,0.14119699132526906
6915,202611,0,0.13824699640799074
6917,202611,0,0.13991870016809968
6922,202611,0,0.07085893181716668
6933,202611,0,0.06027819049697515
6944,202611,0,0.1243282445917033
6948,202611,0,0.13947334693823737
6957,202611,0,0.10363988416927207
6962,202611,1,0.11749603389967396
6964,202611,0,0.11785897933725606
6965,202611,1,0.08547854166557296
6987,202611,0,0.12193777269769933
6989,202611,0,0.03747949615935037
6991,202611,0,0.12347815220587782
6992,202611,0,0.11829305537427079
7010,202611,1,0.14853316462316538
7012,202611,1,0.14743271796476368
7019,202611,0,0.12164729162290729
7021,202611,0,0.06218869076067195
7023,202611,0,0.1128273691742878
7033,202611,0,0.06028772230520648
7034,202611,0,0.12429633091646469
7043,202611,0,0.11895766913402082
7047,202611,0,0.11987678273443392
7050,202611,0,0.11695767865698052
7057,202611,0,0.10142458704752047
7069,202611,0,0.06738510860572174
7070,202611,0,0.06307861160371064
7072,202611,0,0.16074814793763056
7078,202611,1,0.1472216093820791
7081,202611,0,0.09947163646325612
7082,202611,0,0.06432877208729937
7088,202611,0,0.14480428339959223
7093,202611,0,0.1457791890445139
7100,202611,0,0.16128562065707638
7103,202611,1,0.05203440041816522
7104,202611,0,0.09241044353757426
7109,202611,0,0.044958580262031776
7111,202611,0,0.14264802001662125
7113,202611,0,0.05858115346445003
7119,202611,0,0.11597490605139837
7122,202611,0,0.05289645648662647
7134,202611,0,0.26481217923296513
7141,202611,1,0.11864841091961627
7147,202611,0,0.07058467644348822
7153,202611,1,0.1220123836820966
7155,202611,0,0.1385662921423876
7156,202611,0,0.13342577697728572
7163,202611,0,0.25477329231757967
7171,202611,1,0.15804081923254681
7173,202611,0,0.09207128965997996
7177,202611,0,0.1313910411955629
7179,202611,0,0.1605173704036308
7191,202611,0,0.15377454400896487
7196,202611,0,0.15573647486045725
7197,202611,0,0.05437319033922884
7199,202611,1,0.13173351615212575
7205,202611,0,0.05596821534844029
7209,202611,0,0.06298101263597275
7213,202611,1,0.13798951196972642
7215,202611,0,0.07146665243084172
7216,202611,0,0.09062278613220219
7217,202611,0,0.14007032079029197
7224,202611,0,0.12244556900758992
7230,202611,0,0.13968466850635858
7235,202611,0,0.17338034441117067
7237,202611,0,0.18718270219879393
7245,202611,0,0.13179230169141096
7246,202611,0,0.11367478206588706
7252,202611,0,0.06531904068159299
7257,202611,0,0.12090727290942971
7258,202611,0,0.12839012938839084
7261,202611,0,0.10487521795832139
7269,202611,0,0.13651597981028488
7270,202611,0,0.12903002826378795
7274,202611,1,0.06838434823109331
7283,202611,0,0.15056901261644423
7291,202611,1,0.12677011582754846
7299,202611,0,0.1322563237022358
7301,202611,0,0.0556517290390925
7304,202611,0,0.12483461884936635
7311,202611,0,0.1441065664985206
7314,202611,0,0.15205618045059413
7324,202611,1,0.12874203878410284
7326,202611,1,0.13520365167249315
7328,202611,1,0.2194078091595051
7332,202611,0,0.13331492998230662
7333,202611,0,0.1532462415969617
7335,202611,0,0.14352279200525916
7336,202611,0,0.06304460359200355
7337,202611,0,0.18597811923323182
7344,202611,0,0.12458692107739909
7348,202611,0,0.12650796626551636
7351,202611,0,0.1202786567038411
7352,202611,0,0.06739580848323211
7361,202611,1,0.130341130883982
7371,202611,0,0.14476003771656157
7373,202611,0,0.12672938721367424
7374,202611,1,0.16002410723249158
7376,202611,0,0.09515114939974671
7383,202611,0,0.225804053147092
7390,202611,0,0.06876259013398481
7391,202611,0,0.0691339039708087
7392,202611,0,0.13017387435513347
7395,202611,0,0.05559012975684184
7400,202611,0,0.1507414903488233
7403,202611,0,0.12460071467169127
7404,202611,0,0.12202854843643529
7407,202611,1,0.15111717879016756
7414,202611,0,0.11951413140313069
7429,202611,0,0.13471236013018964
7435,202611,0,0.1450959887707122
7436,202611,0,0.12574937797374003
7438,202611,0,0.10950030993287055
7441,202611,0,0.05914923862105638
7443,202611,0,0.23702044922798535
7444,202611,0,0.1611878878963723
7452,202611,0,0.09206981999352475
7456,202611,0,0.11963065297623278
7462,202611,0,0.08248088457770936
7472,202611,1,0.13332786349533163
7482,202611,1,0.1744982060405025
7483,202611,0,0.10016274735477032
7488,202611,1,0.16385940415827463
7490,202611,0,0.1458387077089447
7492,202611,0,0.13209197136565867
7500,202611,1,0.11702447779466632
7504,202611,0,0.06952352391141237
7507,202611,0,0.14015864901024355
7511,202611,0,0.056322213252356465
7519,202611,0,0.1355604578372259
7520,202611,0,0.25781973624534543
7522,202611,0,0.049673829591010854
7530,202611,0,0.05287396012679958
7534,202611,1,0.1260165735786792
7536,202611,0,0.14753165852427705
7541,202611,0,0.13834334855975106
7543,202611,0,0.05417787332745141
7545,202611,0,0.13347414283028902
7556,202611,1,0.10210081742443623
7558,202611,0,0.15039335976836393
7560,202611,0,0.14169326833247123
7561,202611,0,0.13100904525437604
7571,202611,0,0.1196902649756026
7579,202611,0,0.13002124684834857
7580,202611,0,0.11096198833618007
7581,202611,0,0.12709392192856234
7582,202611,1,0.13463047317334056
7586,202611,0,0.14454845423082888
7590,202611,0,0.1603694806848005
7592,202611,0,0.14134893231936693
7594,202611,0,0.12034152869772148
7595,202611,0,0.14977621905356328
7601,202611,0,0.10949881118931588
7602,202611,0,0.13569538930559502
7603,202611,0,0.14494062366838908
7611,202611,0,0.12081195068332791
7617,202611,0,0.03599234513133819
7618,202611,0,0.14954486358461666
7619,202611,0,0.1249685859990402
7625,202611,0,0.06274421449283671
7628,202611,0,0.11899222572553864
7630,202611,0,0.051369510269933215
7631,202611,0,0.053238507195098386
7633,202611,0,0.14284309456336347
7634,202611,0,0.11537902840293983
7641,202611,0,0.1555537551789813
7642,202611,0,0.1514625945108622
7646,202611,0,0.10359233913033493
7648,202611,1,0.1414407428650065
7662,202611,0,0.14022249834671197
7666,202611,0,0.1103327102256122
7674,202611,0,0.10853562255128389
7676,202611,0,0.09827908449034599
7679,202611,0,0.1471418832338227
7681,202611,0,0.1296706081126756
7686,202611,0,0.05418620527516124
7692,202611,1,0.12899003917599386
7694,202611,1,0.13296119975137838
7696,202611,0,0.16344462113340374
7707,202611,0,0.05408211034955741
7708,202611,0,0.05716851620474301
7712,202611,0,0.06633376025644874
7715,202611,0,0.12604353369147758
7716,202611,0,0.06737094112172894
7717,202611,0,0.1410291946394027
7719,202611,0,0.05822686710337476
7723,202611,0,0.06514459285168249
7726,202611,0,0.13950253114555344
7734,202611,0,0.1568997742895076
7739,202611,0,0.096311913882642
7743,202611,0,0.12843337681718234
7751,202611,0,0.05191516925592357
7752,202611,0,0.1424800124476164
7755,202611,0,0.1283623034799151
7758,202611,0,0.05099018508101624
7761,202611,0,0.11511773218276515
7767,202611,0,0.05223925711753173
7773,202611,0,0.10391417053706109
7779,202611,0,0.08296656517376248
7785,202611,0,0.06716826661346319
7792,202611,0,0.057682624468736725
7800,202611,0,0.13905831155614948
7801,202611,0,0.12623592752730253
7802,202611,0,0.12834353244051444
7804,202611,1,0.11042646299112645
7808,202611,0,0.1708764862674327
7811,202611,0,0.13051987595593278
7816,202611,0,0.057408199992296266
7822,202611,0,0.06888243774462287
7823,202611,0,0.05932844955818309
7826,202611,1,0.11605933839486292
7832,202611,0,0.12284423158126766
7833,202611,0,0.14046223342941247
7838,202611,0,0.058193234697655506
7840,202611,0,0.1159248009003254
7849,202611,1,0.14681697793360268
7851,202611,1,0.1328313214022488
7857,202611,0,0.13709627258797166
7877,202611,0,0.05164539157236085
7885,202611,0,0.22766049161062862
7900,202611,0,0.12163734677659033
7907,202611,0,0.1416921037036607
7910,202611,0,0.05675861507062338
7914,202611,1,0.17442356476326493
7918,202611,0,0.1540525375831429
7919,202611,0,0.07768697400916169
7921,202611,1,0.061835813616294574
7928,202611,0,0.13067328224523836
7933,202611,0,0.14903103139130003
7937,202611,1,0.12918553987344805
7941,202611,0,0.10373505939875645
7947,202611,0,0.08307625034991019
7955,202611,0,0.13011226001335777
7956,202611,0,0.14529044057130286
7957,202611,0,0.12488263273327697
7964,202611,0,0.13150487806249778
7968,202611,0,0.13138441815929044
7980,202611,0,0.05885423410732597
7983,202611,1,0.14148478254941135
8004,202611,0,0.22924600062736997
8016,202611,0,0.12687728210185092
8017,202611,0,0.056858873878570845
8024,202611,0,0.16633865344115498
8031,202611,0,0.11204065862113757
8032,202611,0,0.05731484433472323
8035,202611,0,0.11735281411495904
8036,202611,0,0.12528915254646947
8037,202611,0,0.052398529822747494
8052,202611,0,0.13339149865559927
8055,202611,0,0.06108256082976324
8059,202611,0,0.13489456511346934
8063,202611,0,0.11981002297007765
8064,202611,0,0.12953929321403487
8068,202611,0,0.12621139418379437
8070,202611,0,0.06448903178013903
8072,202611,0,0.1411900720044533
8085,202611,0,0.16137781362070985
8089,202611,0,0.13555510974087193
8097,202611,0,0.04136841433329821
8100,202611,0,0.1330359856464705
8102,202611,0,0.1708148682215035
8105,202611,0,0.06597414787696633
8114,202611,0,0.10910173895023535
8117,202611,0,0.1263501195136956
8120,202611,0,0.1229208584485378
8126,202611,0,0.11689786146842197
8128,202611,0,0.070045765607498
8135,202611,0,0.05693137955213583
8136,202611,1,0.14982320663472393
8137,202611,0,0.14454662393293868
8141,202611,1,0.1354055076585775
8148,202611,0,0.0953660635236401
8169,202611,0,0.05346529076345414
8173,202611,0,0.05988907873120579
8178,202611,0,0.12625394706180443
8179,202611,0,0.22205663117670224
8182,202611,0,0.046978492408452616
8184,202611,0,0.1060500066763584
8186,202611,0,0.1568284857424554
8189,202611,0,0.13697076024050905
8196,202611,0,0.15432305296825607
8216,202611,0,0.1304581313558421
8219,202611,0,0.12679810466454575
8221,202611,0,0.1223556072690298
8227,202611,0,0.06491453942932236
8232,202611,0,0.13899676616039233
8245,202611,0,0.12462287433238087
8246,202611,1,0.24523787064143684
8248,202611,0,0.12267117336714974
8249,202611,0,0.1425560361529168
8250,202611,0,0.13694135344478153
8256,202611,0,0.052071786217390115
8258,202611,0,0.16325047224001943
8259,202611,0,0.04896524571877608
8268,202611,0,0.14013846520166148
8271,202611,0,0.12127876119333643
8272,202611,1,0.1456493059061621
8273,202611,0,0.13913741221352482
8275,202611,0,0.1341744235144095
8277,202611,0,0.1574754742992699
8283,202611,0,0.13525104599523338
8285,202611,1,0.1398757429220404
8288,202611,0,0.0618890537182868
8299,202611,0,0.05252481367313164
8300,202611,0,0.12479966279552145
8301,202611,0,0.057545255136981575
8307,202611,0,0.15381561169693153
8315,202611,0,0.14404488072430835
8324,202611,0,0.12000382596912083
8326,202611,0,0.13305358315977292
8351,202611,0,0.054823000593463976
8367,202611,0,0.06529164596979205
8368,202611,0,0.15384122610437043
8371,202611,0,0.17374135777622562
8383,202611,0,0.12682666665165365
8386,202611,0,0.15791046793864258
8389,202611,1,0.10859583523667952
8402,202611,0,0.05688065793763552
8404,202611,0,0.1307108210617325
8417,202611,1,0.13385381442375693
8419,202611,1,0.1267187186961119
8421,202611,0,0.14981190534262365
8422,202611,0,0.04856909577123803
8425,202611,0,0.15757762733583325
8429,202611,0,0.11708561600862791
8433,202611,0,0.1534523452487227
8437,202611,0,0.11265846389758721
8440,202611,0,0.04963830022423816
8455,202611,0,0.15539492199145094
8462,202611,1,0.15310932193634214
8471,202611,1,0.14632432433285986
8479,202611,0,0.16948946179284452
8482,202611,0,0.0552944348778008
8485,202611,0,0.14558443505768473
8489,202611,0,0.06391306086159114
8490,202611,0,0.05287958160588951
8492,202611,0,0.05087000880572916
8496,202611,0,0.12865758760671434
8497,202611,0,0.1321055745247346
8498,202611,0,0.1293087732957489
8500,202611,0,0.1497424094896992
8501,202611,0,0.15444081772683027
8508,202611,0,0.14734930898778287
8512,202611,0,0.16751929630455015
8519,202611,1,0.14185269170722628
8522,202611,0,0.16888330805631346
8536,202611,0,0.06384688301205203
8545,202611,0,0.1296608733310905
8546,202611,0,0.12827889420844538
8554,202611,0,0.13509679049948498
8556,202611,0,0.12168023013524144
8557,202611,0,0.14076689984663848
8559,202611,0,0.14179976928783605
8560,202611,0,0.12814818670645994
8563,202611,0,0.1254230577568127
8565,202611,0,0.145184468497698
8574,202611,0,0.11537587973379748
8578,202611,0,0.06336287166874725
8585,202611,0,0.05379832283419341
8602,202611,0,0.16614477629172594
8605,202611,0,0.11410106633079897
8609,202611,0,0.12139060665921458
8614,202611,0,0.0847256476260954
8619,202611,0,0.13879085726737175
8629,202611,0,0.13373214855753474
8632,202611,0,0.1401846811972369
8635,202611,0,0.059751748888741775
8639,202611,0,0.05464507746212818
8642,202611,0,0.05676244373075474
8643,202611,0,0.13343105370832187
8649,202611,1,0.1486155888647531
8655,202611,0,0.14499616232731208
8657,202611,0,0.12530064748406516
8662,202611,0,0.11360382849698242
8663,202611,1,0.13672833411067434
8666,202611,0,0.14846601619116465
8674,202611,0,0.06110474915310884
8676,202611,0,0.13366229151245398
8686,202611,0,0.14244443513724295
8691,202611,0,0.11187468253600813
8701,202611,1,0.13869867139958436
8702,202611,0,0.13577345986494235
8714,202611,0,0.060867817991217085
8718,202611,0,0.133310400859161
8731,202611,0,0.1342860713032951
8736,202611,1,0.12999309392405772
8738,202611,0,0.14375018974685944
8745,202611,0,0.04676870629083735
8749,202611,0,0.12077576717882436
8754,202611,0,0.15238418253766256
8755,202611,1,0.12650771309101863
8760,202611,0,0.10704987687638337
8762,202611,0,0.058687014595540876
8767,202611,0,0.057112061690663914
8768,202611,0,0.13940636314082566
8769,202611,0,0.05078286552910957
8771,202611,0,0.13208162264854517
8781,202611,1,0.06357269299867888
8789,202611,1,0.13389318592699437
8795,202611,0,0.12068705779805607
8796,202611,0,0.058249991624664585
8811,202611,0,0.12659765889919108
8815,202611,0,0.15174226287827508
8820,202611,0,0.120006076236005
8825,202611,0,0.13523180824064898
8832,202611,0,0.11498796994386865
8839,202611,0,0.07628004951540834
8841,202611,0,0.1449719710317718
8844,202611,1,0.1332932695851506
8848,202611,0,0.1285295526900498
8849,202611,0,0.07005031204536562
8856,202611,0,0.1416045177976438
8865,202611,1,0.11339842091242106
8874,202611,1,0.1458704737153831
8875,202611,0,0.12204056455199672
8879,202611,0,0.06685873401084476
8882,202611,0,0.1190437342983877
8885,202611,0,0.13476263494756327
8892,202611,0,0.1363670869811633
8897,202611,0,0.13419658756685476
8905,202611,0,0.06573785315446957
8921,202611,0,0.05539390191765459
8926,202611,1,0.11995491740134545
8928,202611,0,0.12253110755622597
8935,202611,0,0.13019547307606236
8939,202611,0,0.05519364074547497
8941,202611,0,0.15189384291073046
8942,202611,0,0.049998133901338844
8949,202611,0,0.10196328882674585
8951,202611,0,0.05277005268961605
8954,202611,1,0.14377659300659562
8958,202611,0,0.12609942384675757
8964,202611,0,0.06843787998666669
8972,202611,0,0.057259866540539134
8978,202611,0,0.14483813813271498
8979,202611,0,0.0667895966467687
8988,202611,0,0.1553173829617477
8997,202611,0,0.12686840164481578
8998,202611,0,0.05288749158910715
8999,202611,0,0.14614936809618617
9006,202611,0,0.05763031265540478
9008,202611,1,0.14583518193059444
9012,202611,0,0.15164217074459221
9024,202611,0,0.11533972541866215
9026,202611,0,0.12610094480296488
9030,202611,0,0.15184959636841394
9034,202611,0,0.05446024069614891
9036,202611,0,0.1695417588434666
9038,202611,0,0.05435478942298156
9040,202611,0,0.15237450240052353
9041,202611,0,0.07714664288356868
9042,202611,0,0.0560702659080498
9046,202611,0,0.06035130195494557
9049,202611,1,0.05242562585125764
9051,202611,0,0.1575252798504321
9054,202611,0,0.15217112248227235
9057,202611,0,0.055557325085721046
9062,202611,0,0.05714689114239892
9072,202611,0,0.13081597862141825
9075,202611,0,0.116929471679837
9079,202611,0,0.14355177093042634
9081,202611,0,0.06593570596979348
9091,202611,0,0.11034360556097375
9110,202611,0,0.0591705107752418
9113,202611,0,0.16238615226931868
9116,202611,0,0.12365714169152567
9120,202611,0,0.05622684098234142
9126,202611,0,0.1595477675790594
9133,202611,0,0.09435350672011786
9135,202611,0,0.14859272904277848
9144,202611,0,0.10885181787996881
9146,202611,0,0.14103700512813094
9153,202611,0,0.11332588713066614
9155,202611,0,0.0526032616924389
9160,202611,0,0.08277448292293847
9165,202611,0,0.14515924675353975
9172,202611,0,0.14411757135889453
9174,202611,0,0.05723612302169307
9179,202611,0,0.09639623936568797
9180,202611,0,0.12227974534308647
9192,202611,1,0.21095994871934334
9194,202611,1,0.059500994089966903
9195,202611,0,0.2192574784993143
9199,202611,0,0.11807009784850986
9204,202611,0,0.10423533670244689
9205,202611,0,0.05072364277563755
9210,202611,0,0.1261102551054811
9219,202611,1,0.13115254857021247
9227,202611,1,0.12541285063603397
9228,202611,0,0.13114862734263538
9233,202611,0,0.149078770460981
9235,202611,0,0.13705116821189045
9237,202611,0,0.0568397054988981
9239,202611,0,0.05620529218430786
9240,202611,0,0.048476712850341934
9241,202611,0,0.23370555305561017
9242,202611,0,0.11369939094006741
9246,202611,0,0.06039194881766539
9248,202611,0,0.13908685328917642
9253,202611,0,0.12660379302880662
9254,202611,0,0.1469152062373395
9260,202611,0,0.11265669773706181
9261,202611,0,0.05403742328385931
9262,202611,0,0.1356712193321027
9263,202611,0,0.18464049844636224
9266,202611,1,0.2398087510498102
9268,202611,0,0.11097115752546613
9275,202611,0,0.054496443663979
9278,202611,0,0.14384137428409316
9287,202611,0,0.14695844560568633
9288,202611,1,0.12622715652988867
9292,202611,0,0.13955062119021017
9308,202611,0,0.13698332596182125
9309,202611,0,0.16233732842238088
9310,202611,0,0.15805998277605446
9312,202611,0,0.09272055508388696
9314,202611,0,0.06267600805798866
9316,202611,0,0.05643699725480514
9318,202611,0,0.12322182800055384
9322,202611,0,0.15334495379059684
9325,202611,0,0.15922826900229825
9327,202611,0,0.13045607143839713
9336,202611,0,0.10710332305808336
9340,202611,0,0.1536252498089185
9342,202611,0,0.14760012312632134
9346,202611,0,0.12463260634339228
9351,202611,0,0.21238995795277305
9355,202611,1,0.1447884278850184
9357,202611,0,0.11772571608064326
9358,202611,1,0.15940141276878722
9363,202611,1,0.13262658440902253
9365,202611,1,0.14103439982800045
9371,202611,1,0.1155171111825351
9372,202611,0,0.11936064964805217
9374,202611,0,0.06624544167563222
9378,202611,0,0.20476576749659817
9385,202611,0,0.0727003017430759
9386,202611,1,0.14741379254662942
9413,202611,0,0.06888183091871737
9418,202611,0,0.14147928715226518
9420,202611,0,0.13562079281861664
9422,202611,0,0.06211399120319565
9423,202611,0,0.10947617918735676
9425,202611,0,0.1339359835502313
9426,202611,0,0.16091441831370715
9434,202611,0,0.1490758751563797
9436,202611,0,0.11671257692836236
9439,202611,0,0.07047440269015044
9442,202611,1,0.058919413909435975
9446,202611,0,0.05710429459209318
9457,202611,1,0.14041854641693946
9460,202611,0,0.15532396165856435
9461,202611,0,0.1353942306604264
9467,202611,0,0.12760892109452804
9472,202611,0,0.12428937589141281
9473,202611,1,0.1813920180375088
9483,202611,0,0.10078022258825498
9485,202611,0,0.13012414153301882
9492,202611,0,0.07575602059642672
9500,202611,0,0.1275034340027205
9507,202611,0,0.1498630245681305
9513,202611,1,0.08144560237514666
9514,202611,0,0.16394227213312915
9516,202611,0,0.14135679534701565
9520,202611,0,0.08976703803173951
9532,202611,1,0.12261231359744576
9542,202611,0,0.12829161765193145
9544,202611,0,0.23418259727488827
9548,202611,0,0.14103960765009094
9553,202611,1,0.13355030965179576
9556,202611,0,0.061618897447359655
9558,202611,0,0.14997026078366282
9559,202611,1,0.14962783670722687
9565,202611,0,0.1509796271656463
9571,202611,0,0.13240984682022838
9575,202611,0,0.14109637180480206
9587,202611,0,0.13198979095659252
9602,202611,0,0.1748999251344805
9609,202611,0,0.05854355717917334
9618,202611,0,0.09344968099083836
9622,202611,0,0.14000072081177156
9624,202611,0,0.12463761337844911
9633,202611,1,0.137254696075065
9648,202611,0,0.12509356423166806
9658,202611,0,0.12593813807098594
9668,202611,0,0.12218595380910072
9702,202611,0,0.05245210637026445
9705,202611,0,0.13724325338121246
9706,202611,0,0.053033326029926144
9707,202611,0,0.16040861247675334
9708,202611,0,0.08534649477024266
9709,202611,1,0.06896630321115875
9710,202611,0,0.14181085636371044
9726,202611,0,0.14774886504077672
9753,202611,0,0.06980367734171218
9757,202611,0,0.09380141614962186
9761,202611,0,0.057569331785407185
9765,202611,0,0.19336607589450464
9768,202611,0,0.14812575148314697
9769,202611,0,0.14560660017782676
9775,202611,0,0.05796317992206844
9778,202611,0,0.1397553715026149
9787,202611,1,0.14336689815915749
9788,202611,0,0.09202732842472933
9789,202611,0,0.1662840774819793
9792,202611,0,0.13396139558697237
9793,202611,1,0.12384497463479884
9815,202611,0,0.11603281900049282
9816,202611,0,0.05556965462986315
9822,202611,0,0.06182082845999289
9823,202611,0,0.14153298175757895
9827,202611,0,0.11746139174508362
9835,202611,0,0.14208502639540874
9840,202611,0,0.05165394586398197
9841,202611,0,0.1386779521547015
9849,202611,0,0.139602926007022
9853,202611,0,0.12546421458681753
9869,202611,0,0.06358755064758409
9873,202611,0,0.053776348312474305
9881,202611,0,0.04058818837944472
9892,202611,0,0.1374277103534012
9898,202611,0,0.1270785890523138
9899,202611,0,0.13927552152058045
9915,202611,0,0.12612880520925526
9925,202611,1,0.11636472557372757
9936,202611,0,0.15413287315110333
9940,202611,0,0.13169548766349043
9941,202611,0,0.05100870244298907
9947,202611,0,0.056026212717394074
9953,202611,1,0.10280676608372194
9957,202611,0,0.11717140210804605
9962,202611,0,0.05412823339558302
9963,202611,0,0.12117223224018664
9964,202611,0,0.15304258845460958
9965,202611,0,0.1465048304780617
9968,202611,0,0.1446991737882817
9971,202611,0,0.0968344382121288
9973,202611,0,0.1516565138479857
9980,202611,0,0.05831812757510697
9985,202611,1,0.06363565712876697
10002,202611,0,0.16996436239630622
10005,202611,0,0.06257641511229073
10007,202611,0,0.12096970742842396
10009,202611,1,0.16827656618838013
10010,202611,0,0.16113131695637856
10013,202611,0,0.14207707591762245
10014,202611,0,0.05567343810942763
10017,202611,0,0.12966404262155384
10024,202611,0,0.14156205057307616
10028,202611,1,0.10826249414912702
10030,202611,0,0.08998000062252365
10037,202611,0,0.15627476828835066
10046,202611,0,0.10778886628202446
10051,202611,0,0.11109943836298222
10063,202611,0,0.11697573417226019
10065,202611,1,0.11737079663854427
10067,202611,0,0.12288948997143101
10069,202611,1,0.22324459665447025
10073,202611,0,0.05790044263645962
10074,202611,1,0.0931283350847582
10096,202611,0,0.05412442253327827
10099,202611,0,0.07045423032239775
10100,202611,0,0.06896703981447495
10101,202611,0,0.14528421496533234
10103,202611,0,0.062813164762425
10110,202611,0,0.17084783796640743
10113,202611,0,0.14163346269662483
10116,202611,0,0.055712213599128035
10124,202611,0,0.15658308559231726
10127,202611,0,0.10490703905193649
10129,202611,0,0.1672710136175656
10139,202611,0,0.15768755732457856
10140,202611,0,0.17294734757743332
10145,202611,0,0.23946428476258225
10149,202611,0,0.11289072102346429
10150,202611,1,0.13300831602806373
10151,202611,0,0.1782573522541924
10164,202611,1,0.1265153070836745
10165,202611,0,0.05224727388499452
10166,202611,0,0.0513594915126886
10168,202611,0,0.13239203274644007
10174,202611,0,0.09845532570466368
10186,202611,0,0.0765090656699778
10189,202611,0,0.13459266383730795
10192,202611,1,0.14685562978128502
10193,202611,0,0.13398432217075765
10197,202611,0,0.06145967843558015
10201,202611,0,0.14152243358573496
10206,202611,0,0.14609345597984494
10211,202611,0,0.11645049901723972
10216,202611,0,0.12756077320654174
10224,202611,0,0.12216157583473299
10234,202611,0,0.15699750526998943
10236,202611,0,0.12041540004104466
10239,202611,0,0.17169019068491842
10245,202611,1,0.135006534444789
10247,202611,0,0.06039659899909437
10250,202611,0,0.057105129235054536
10253,202611,0,0.14009003974205347
10254,202611,0,0.11940553197704384
10263,202611,0,0.15040275517284496
10264,202611,0,0.1659912937445972
10265,202611,0,0.15460151112935816
10275,202611,0,0.05396535900484494
10280,202611,0,0.12412739693416383
10286,202611,0,0.13962789763053132
10287,202611,0,0.17620623692914603
10293,202611,0,0.13307669161237656
10294,202611,0,0.11547723240087306
10303,202611,0,0.05625420462015479
10308,202611,0,0.1423565427692052
10311,202611,0,0.1295195441501066
10318,202611,0,0.14171385023469085
10323,202611,0,0.16973692546790303
10324,202611,0,0.10476047152188418
10327,202611,0,0.11656464261175271
10330,202611,0,0.1279892296419474
10331,202611,0,0.11618090600182714
10333,202611,0,0.04874309394518121
10334,202611,0,0.1502381208187137
10335,202611,0,0.13389846785668566
10338,202611,0,0.1465415491424047
10339,202611,0,0.12504661188588434
10346,202611,1,0.1842893631355484
10348,202611,0,0.05308262533996843
10354,202611,0,0.24437447638705698
10356,202611,0,0.10654849555541582
10367,202611,0,0.0705538351356986
10375,202611,0,0.13049517396594587
10384,202611,0,0.13728759215443412
10386,202611,0,0.05588185208740384
10389,202611,0,0.12351511828246683
10393,202611,0,0.11747097191433648
10404,202611,0,0.1295591582130257
10408,202611,0,0.06139641988418394
10416,202611,0,0.10999913751914535
10429,202611,1,0.15506406089835398
10434,202611,0,0.16139590984644833
10435,202611,1,0.1136005695666721
10441,202611,1,0.2155021521067861
10448,202611,0,0.17049333834699112
10449,202611,0,0.06976110798731876
10452,202611,0,0.05422429227802119
10453,202611,0,0.13174300078980913
10454,202611,0,0.13354100899249943
10461,202611,0,0.11552900140063174
10462,202611,0,0.05318743959479038
10472,202611,0,0.059841984128350234
10474,202611,0,0.15504097912369405
10476,202611,0,0.14594341448652964
10478,202611,0,0.04470819985623654
10483,202611,0,0.09342583141173771
10485,202611,1,0.14297181686301155
10492,202611,0,0.13096305618060008
10493,202611,0,0.158160482115726
10499,202611,0,0.0711855383284822
10501,202611,0,0.04600378919335101
10503,202611,1,0.11871999031075574
10509,202611,0,0.12406674853171117
10512,202611,0,0.1281563747681167
10513,202611,0,0.10285210646527769
10516,202611,0,0.13141393437140608
10517,202611,0,0.12008221055452473
10523,202611,1,0.173894293133962
10525,202611,0,0.1334874272200062
10529,202611,0,0.11676272475836665
10532,202611,0,0.13999173334499018
10537,202611,0,0.13274146831210207
10541,202611,0,0.13494268409040558
10545,202611,0,0.10653487868646219
10547,202611,1,0.13771793496978987
10548,202611,0,0.11796783136305801
10552,202611,0,0.0555827422756288
10554,202611,0,0.14392671560460515
10557,202611,0,0.14563684698857166
10564,202611,0,0.14224827349852825
10566,202611,1,0.11634979520452185
10574,202611,0,0.052319469688017324
10591,202611,0,0.12355772553927785
10596,202611,0,0.15147973524690803
10600,202611,0,0.18358570383056758
10601,202611,1,0.06019699794067372
10606,202611,0,0.054399774199644105
10611,202611,0,0.11601569092272619
10619,202611,1,0.1425417383455467
10622,202611,0,0.04864037830388132
10626,202611,0,0.12368686390203856
10629,202611,0,0.06911371157832874
10630,202611,0,0.1474918907179822
10631,202611,0,0.14700395451058187
10633,202611,0,0.06676782589986238
10638,202611,0,0.13455136885117763
10639,202611,0,0.17477656473747
10640,202611,0,0.07254185499990419
10641,202611,1,0.054993324585981676
10657,202611,0,0.1346797050702032
10661,202611,1,0.13025525973292615
10663,202611,0,0.12752514000648305
10664,202611,0,0.13542287636300032
10667,202611,0,0.12587207281442386
10671,202611,0,0.1447446477879064
10672,202611,0,0.11867590475522134
10675,202611,0,0.1421260589353618
10679,202611,0,0.15169234584561092
10681,202611,0,0.1288281038235195
10682,202611,1,0.15221523483782795
10683,202611,0,0.05377049707166255
10688,202611,0,0.11678924291208816
10689,202611,1,0.12060756964014266
10701,202611,0,0.1485597097393016
10704,202611,0,0.1504694973075178
10709,202611,0,0.16283680925418412
10711,202611,1,0.1559957076858331
10713,202611,1,0.12274908769114816
10715,202611,0,0.13222625664348042
10716,202611,1,0.16274427095655747
10718,202611,0,0.05790107027713283
10721,202611,1,0.13430094103270712
10724,202611,0,0.13220971936101159
10730,202611,1,0.12557975693893417
10731,202611,0,0.06543587451153157
10733,202611,0,0.12819555310064362
10734,202611,1,0.1680428375752118
10737,202611,0,0.14235517356092486
10744,202611,0,0.03789617484422983
10750,202611,0,0.10529581490830826
10762,202611,1,0.13393201539964716
10770,202611,0,0.11195711500094856
10776,202611,0,0.16259620234597136
10780,202611,0,0.05190844197264567
10782,202611,0,0.2376288331294368
10783,202611,1,0.11453625338923137
10789,202611,0,0.13843462754215802
10791,202611,1,0.13747055256557073
10793,202611,0,0.1557360325652333
10795,202611,0,0.1646813470825115
10807,202611,0,0.11878159140551349
10813,202611,0,0.11747308995108956
10815,202611,0,0.1202076451866465
10817,202611,0,0.12684658718542424
10819,202611,0,0.11814763081578492
10824,202611,0,0.14441768231442956
10828,202611,0,0.16218806270199396
10829,202611,1,0.15616819184612654
10830,202611,0,0.0693415911355775
10832,202611,0,0.13078558611964464
10836,202611,0,0.14235676127797653
10839,202611,0,0.14048272587330154
10843,202611,0,0.12230782035342708
10844,202611,0,0.12003226045658587
10852,202611,1,0.15494453498798474
10866,202611,0,0.23854894443718147
10871,202611,1,0.10941130727937849
10872,202611,0,0.12506150524325532
10873,202611,0,0.051284204575881356
10878,202611,0,0.21476827377169716
10889,202611,0,0.06406074359666893
10892,202611,1,0.13945488291046343
10895,202611,1,0.16228487687466592
10899,202611,0,0.1729641336101807
10901,202611,0,0.141816344430487
10904,202611,0,0.15296115048004888
10907,202611,1,0.10412977149844964
10910,202611,0,0.11887991296202079
10911,202611,0,0.11464432182753762
10917,202611,0,0.11937187854332351
10920,202611,0,0.12963131709178266
10921,202611,0,0.053091672984367524
10922,202611,0,0.06614337217329629
10929,202611,0,0.06283853727850452
10930,202611,0,0.0431860695509959
10933,202611,0,0.1395539572313098
10934,202611,0,0.05041581529721388
10939,202611,0,0.12680236088679828
10942,202611,0,0.05214676412791681
10943,202611,0,0.05715241132264114
10945,202611,0,0.15892892665335215
10946,202611,0,0.11603164198312713
10949,202611,0,0.08460242658988885
10951,202611,0,0.11965742542599068
10952,202611,0,0.1414551266308175
10953,202611,0,0.05022225744284597
10955,202611,0,0.05903999106040712
10956,202611,0,0.15485010236972607
10959,202611,0,0.16331418886752957
10963,202611,0,0.11097891858695515
10965,202611,0,0.1198638180750538
10971,202611,0,0.06645591540760447
10975,202611,0,0.1363963574639027
10979,202611,0,0.10665877985725752
10983,202611,0,0.13257814010020905
10984,202611,0,0.13621872193559417
10989,202611,0,0.055991385680519486
10992,202611,0,0.11862113207586918
10996,202611,1,0.23014670225284029
11001,202611,0,0.05295211889632452
11003,202611,0,0.057724019537666454
11004,202611,0,0.07107320757436025
11008,202611,0,0.05499634308326649
11013,202611,1,0.25095488076623296
11016,202611,0,0.055509230132300434
11017,202611,0,0.0481176518756551
11018,202611,1,0.15530709385761826
11021,202611,0,0.18106080779295677
11028,202611,0,0.20662530034803478
11034,202611,0,0.12625732506776097
11035,202611,0,0.06052692179506044
11036,202611,0,0.07570411936025849
11040,202611,1,0.14139843701979
11041,202611,0,0.10512852152924898
11043,202611,1,0.14204038293282967
11047,202611,0,0.1743234019765879
11056,202611,0,0.1623257379026
11058,202611,0,0.1302299719211191
11059,202611,0,0.08435085515116987
11060,202611,0,0.09954730539348124
11064,202611,0,0.15341189314482762
11066,202611,0,0.057272203558823905
11069,202611,0,0.10968303010593097
11071,202611,0,0.12752147271996855
11072,202611,0,0.12490494726079468
11077,202611,0,0.1247927467170674
11078,202611,1,0.21437746194519117
11080,202611,0,0.1106883009522521
11092,202611,0,0.12200812303472582
11093,202611,1,0.15947766124423973
11097,202611,0,0.054494953282103
11098,202611,0,0.14402248034337378
11113,202611,1,0.14826047172387785
11114,202611,0,0.12082374104770637
11117,202611,1,0.13248268882545414
11121,202611,0,0.06178998548269767
11124,202611,0,0.14491197933976682
11126,202611,1,0.1332320219622255
11131,202611,0,0.1354232146989099
11143,202611,0,0.14898805209006002
11146,202611,0,0.09418675351824714
11148,202611,1,0.10872621502187406
11154,202611,0,0.1304966610481392
11164,202611,0,0.13447561901008995
11172,202611,0,0.12321400087356633
11173,202611,0,0.058252911516790976
11174,202611,0,0.11205052834897004
11175,202611,0,0.12793113223199162
11179,202611,1,0.11712396731367615
11180,202611,0,0.15655319664055684
11184,202611,0,0.06836597358837464
11188,202611,0,0.12068532890296002
11189,202611,0,0.06424811635476581
11190,202611,0,0.10411422070681876
11192,202611,1,0.1581262831630815
11197,202611,0,0.0534920512433081
11198,202611,1,0.26879666577204037
11201,202611,0,0.15404352531165907
11204,202611,0,0.14496409438072466
11211,202611,0,0.1263946390708705
11212,202611,0,0.1293948741440731
11217,202611,1,0.14050270405569762
11218,202611,0,0.14610475084218824
11219,202611,0,0.14173419677910287
11227,202611,0,0.13192783921730084
11241,202611,0,0.14129785409010162
11251,202611,0,0.06790227647099514
11254,202611,0,0.0707917881267898
11260,202611,0,0.07798200450736398
11264,202611,0,0.11607105611554638
11271,202611,1,0.07620486079405848
11273,202611,0,0.06606845265244872
11274,202611,1,0.13623551386643712
11276,202611,0,0.04935494171187641
11278,202611,0,0.04967323725995359
11282,202611,0,0.15788901711590259
11283,202611,0,0.12430023419927302
11291,202611,0,0.1345049049322836
11293,202611,0,0.1372307697148172
11302,202611,0,0.1414410469095721
11304,202611,0,0.05794546034797048
11305,202611,0,0.14783088147556744
11315,202611,0,0.15408395042152231
11321,202611,0,0.1064561560918759
11325,202611,0,0.1475153270947435
11335,202611,0,0.13458013006699918
11341,202611,0,0.10874082913137602
11343,202611,0,0.12650881111670245
11344,202611,0,0.16269385696155286
11350,202611,1,0.19611932052372263
11361,202611,0,0.12171681716973555
11375,202611,0,0.14411129167089856
11377,202611,0,0.06468189594340684
11379,202611,0,0.1623883177097959
11380,202611,0,0.13860340685240993
11381,202611,1,0.2261410830344664
11391,202611,0,0.12642933132297227
11393,202611,0,0.12540437256203865
11394,202611,0,0.1610537994104444
11398,202611,0,0.15339520123897843
11399,202611,0,0.13528409728341384
11408,202611,0,0.11808790316350473
11412,202611,0,0.136162149008561
11420,202611,0,0.13773930483304608
11421,202611,0,0.15963714479059526
11430,202611,0,0.05445390731956477
11434,202611,1,0.14334830161285597
11437,202611,0,0.12005561390109183
11446,202611,0,0.21373248129576716
11447,202611,1,0.157478527982973
11471,202611,0,0.10745349325698669
11472,202611,0,0.13347336881240837
11475,202611,0,0.05854958674970113
11483,202611,0,0.12403526627880176
11492,202611,0,0.12524840609002566
11495,202611,1,0.1560993032649866
11497,202611,0,0.1275876859835809
11498,202611,0,0.08632792063956651
11502,202611,0,0.1241227936557235
11504,202611,0,0.2234175653341483
11511,202611,0,0.21179715670498875
11512,202611,0,0.11614561286208318
11514,202611,0,0.05720706960716411
11522,202611,0,0.1487049515206526
11524,202611,0,0.14805803893598574
11533,202611,0,0.14881785069879597
11534,202611,0,0.09111079521152769
11538,202611,1,0.06380044206574256
11541,202611,0,0.12559254371997547
11542,202611,0,0.12417573053101971
11546,202611,1,0.1439856190821398
11547,202611,0,0.12123758576797065
11548,202611,0,0.09253095285078813
11560,202611,1,0.1517815628425054
11566,202611,0,0.16098212444043933
11572,202611,0,0.13431629567649653
11574,202611,0,0.09832669080675427
11576,202611,0,0.12975616303642767
11577,202611,0,0.05215597546755796
11580,202611,0,0.1361078260043727
11598,202611,0,0.046931410474730116
11603,202611,0,0.10655988187778477
11613,202611,0,0.1297380774171989
11614,202611,0,0.14513312264031186
11620,202611,0,0.12436623121503436
11621,202611,0,0.1436199273671928
11622,202611,0,0.050119214503797783
11626,202611,0,0.07697866828649348
11630,202611,0,0.151279619934939
11636,202611,0,0.13822333786111976
11637,202611,0,0.06644033146542022
11639,202611,0,0.09680424549226306
11643,202611,1,0.25207828935565657
11647,202611,0,0.15152716650267928
11653,202611,0,0.11319857645817247
11654,202611,0,0.07281469187349862
11660,202611,0,0.1266804222571512
11661,202611,1,0.10965208380797609
11664,202611,0,0.14409486304876046
11667,202611,0,0.135733406358223
11679,202611,0,0.10138692827679256
11687,202611,0,0.14334027597481808
11691,202611,0,0.05630590959341816
11696,202611,0,0.11106587377727291
11700,202611,1,0.14323653710710174
11702,202611,0,0.16195238936467152
11703,202611,0,0.05703444527325638
11705,202611,0,0.14993289825314224
11711,202611,0,0.13208115625433614
11716,202611,0,0.11950820197685451
11717,202611,0,0.16275394258985115
11719,202611,1,0.16240619326962805
11722,202611,0,0.060029738550023484
11724,202611,0,0.11910249310308985
11728,202611,0,0.13916600950273142
11736,202611,1,0.12786907889479174
11737,202611,0,0.09932541557486446
11738,202611,0,0.12313540746598686
11744,202611,0,0.12493643865828519
11747,202611,0,0.06201010506204694
11753,202611,0,0.0727988540344468
11757,202611,0,0.14487004714305335
11758,202611,0,0.06636413163314724
11760,202611,0,0.08576335169120418
11761,202611,1,0.33429274701639705
11762,202611,0,0.12159574783035007
11764,202611,0,0.1329419219749953
11768,202611,0,0.06044950709692874
11773,202611,0,0.07097307255692584
11774,202611,0,0.1817273554234819
11783,202611,0,0.0866705972024085
11785,202611,0,0.1131251383991322
11787,202611,0,0.13838320562517473
11788,202611,1,0.13641848616402139
11791,202611,0,0.11965001913564448
11796,202611,0,0.04670874218304663
11797,202611,0,0.08481671300464597
11798,202611,0,0.049064225503051145
11799,202611,1,0.14241545676432243
11803,202611,0,0.06521399686455288
11808,202611,0,0.12539996516323015
11810,202611,0,0.12345481054787971
11814,202611,0,0.13735323886733164
11816,202611,1,0.11335087229322631
11818,202611,1,0.11397742063615982
11822,202611,0,0.1241989011662131
11824,202611,0,0.06475451302772824
11829,202611,0,0.1306688787992051
11835,202611,1,0.1823970163706356
11840,202611,1,0.1488988327159856
11846,202611,0,0.13135924758106715
11847,202611,0,0.12457681951028064
11850,202611,0,0.2545999585261406
11853,202611,0,0.06087503490741975
11854,202611,0,0.06899705075609218
11857,202611,0,0.13525423432120356
11862,202611,0,0.10446937764193716
11871,202611,1,0.13051325073042308
11879,202611,1,0.1673369596462052
11880,202611,1,0.06707312308263848
11883,202611,0,0.06375356503462329
11890,202611,0,0.11749457872040603
11898,202611,1,0.13763686266904684
11905,202611,1,0.14838695893648954
11909,202611,0,0.04712069045578289
11912,202611,1,0.15411709708130472
11913,202611,0,0.1394901911732943
11917,202611,0,0.1446464853905787
11919,202611,0,0.12332347208295907
11920,202611,0,0.06387507560726413
11921,202611,0,0.11988562668133873
11928,202611,0,0.12419618003066338
11929,202611,0,0.15803662464399737
11935,202611,0,0.07116847670669423
11936,202611,0,0.05519456251715191
11939,202611,0,0.05204112410307901
11942,202611,0,0.0540741000012498
11943,202611,0,0.11760125001907185
11945,202611,1,0.2293614483408101
11946,202611,0,0.11899783686444523
11947,202611,0,0.12171046923225709
11952,202611,0,0.15157570677026627
11956,202611,0,0.12500076290740497
11959,202611,0,0.22826343796370346
11969,202611,0,0.11709420303109828
11973,202611,0,0.14842765282958417
11974,202611,0,0.14338915659838708
11975,202611,0,0.14215259176542547
11993,202611,0,0.15596693312658008
11994,202611,0,0.12967911439709895
11995,202611,0,0.08145638538092705
12002,202611,0,0.129268121836179
12004,202611,1,0.11536243251602481
12006,202611,0,0.09818310515333947
12007,202611,0,0.10687621730066613
12014,202611,0,0.14938805320062545
12017,202611,0,0.1905712546956787
12018,202611,1,0.1506929587784273
12021,202611,0,0.14199479581443883
12023,202611,0,0.15795508312700804
12024,202611,0,0.1360084131388594
12027,202611,0,0.16647786812265555
12034,202611,0,0.12028155890559089
12040,202611,0,0.1304625055576067
12047,202611,1,0.13058770088674934
12048,202611,0,0.12047648516858162
12052,202611,0,0.06369823898687842
12057,202611,0,0.15811332628058483
12058,202611,0,0.18631322137364556
12061,202611,0,0.11229705660562299
12062,202611,0,0.13251177326186436
12064,202611,0,0.06768397709261702
12067,202611,1,0.12926814082689023
12071,202611,0,0.1278818417456503
12080,202611,0,0.1692780732693702
12085,202611,0,0.05371867651946021
12090,202611,0,0.15124725225503166
12100,202611,0,0.1267836141706917
12103,202611,0,0.14025712936965237
12104,202611,0,0.13886766666735703
12109,202611,0,0.0594413465731485
12114,202611,0,0.1355798566389138
12123,202611,0,0.07245270045547665
12124,202611,0,0.052890610001793945
12128,202611,0,0.23213710960879302
12132,202611,0,0.11883490017501724
12135,202611,0,0.12405201476346434
12140,202611,0,0.26541551795116425
12149,202611,0,0.05613219318672478
12155,202611,0,0.11200592417700428
12158,202611,0,0.1742339663956139
12161,202611,0,0.15453237063706368
12163,202611,0,0.11445582100371679
12164,202611,0,0.1278530768109531
12174,202611,0,0.06272952722906072
12175,202611,0,0.1447626022053845
12179,202611,0,0.2106986111826705
12183,202611,0,0.13171274123568677
12184,202611,0,0.14058937108397154
12186,202611,0,0.058782907073181574
12190,202611,0,0.13073746760538144
12193,202611,0,0.13785595543342516
12195,202611,0,0.06029046739084292
12196,202611,0,0.057914116578692665
12205,202611,0,0.14106664025557666
12213,202611,0,0.1596792597773034
12220,202611,0,0.14961839507716806
12221,202611,0,0.15006402281028158
12222,202611,0,0.06654431576483587
12224,202611,0,0.12669145041114602
12230,202611,0,0.12630309233357057
12235,202611,1,0.1294703656654015
12239,202611,0,0.10688255105881561
12242,202611,0,0.12285673909736321
12244,202611,0,0.1321071254535486
12245,202611,0,0.13548642921846754
12247,202611,0,0.14375197023850733
12254,202611,0,0.16954369300963576
12258,202611,0,0.14605577651305188
12266,202611,0,0.06397181449089692
12267,202611,0,0.14865214736091234
12272,202611,0,0.15155815302255343
12273,202611,0,0.1396483721811264
12276,202611,0,0.1537818021695452
12277,202611,0,0.12168153992430507
12283,202611,0,0.14790818013013274
12289,202611,0,0.05591459904576521
12297,202611,0,0.13227419893186806
12300,202611,0,0.29636056174070785
12302,202611,0,0.06843973495951748
12310,202611,0,0.07359112343693923
12312,202611,0,0.14834376333929353
12314,202611,0,0.05677552596715001
12315,202611,0,0.05553707487050447
12327,202611,0,0.11698326615869399
12329,202611,0,0.1371521907051192
12332,202611,0,0.13155379644935977
12342,202611,0,0.06682655540163121
12346,202611,0,0.13216252941055628
12347,202611,0,0.23797880368985724
12349,202611,0,0.0594801706718402
12350,202611,0,0.12284788192723665
12354,202611,0,0.13066025720317362
12356,202611,0,0.04032049760519699
12359,202611,0,0.12369208042345745
12360,202611,0,0.16001858918862114
12369,202611,0,0.14065981870616834
12372,202611,0,0.054407914419687925
12373,202611,0,0.053271861341687717
12374,202611,1,0.12450578550660137
12375,202611,0,0.16260237463244975
12376,202611,0,0.14418439564713412
12379,202611,0,0.06062744704981712
12382,202611,0,0.12603455375007425
12387,202611,0,0.06541393964177739
12389,202611,0,0.1257548058987088
12394,202611,0,0.16356677793897664
12395,202611,0,0.13643075074304745
12396,202611,0,0.15039452663425681
12404,202611,0,0.15977759565640942
12405,202611,0,0.12293910212986844
12412,202611,0,0.23407874945933413
12419,202611,0,0.10775426124989614
12431,202611,0,0.12344829654190909
12440,202611,0,0.1392488388191509
12444,202611,0,0.17019750854871923
12447,202611,0,0.053425903366399845
12452,202611,0,0.1354555333789135
12454,202611,0,0.1336138790087111
12456,202611,0,0.13133163521499577
12461,202611,0,0.055991394977076676
12469,202611,0,0.11698487007562347
12472,202611,0,0.08293867927524406
12473,202611,0,0.059625793737350524
12474,202611,0,0.13480674223311545
12476,202611,0,0.14140852305842916
12479,202611,0,0.190454528578699
12481,202611,0,0.1323876688207916
12484,202611,1,0.14682980681712585
12487,202611,0,0.0695521695590698
12491,202611,1,0.14608031481762723
12493,202611,0,0.14258298229479793
12501,202611,0,0.14496366747857348
12504,202611,0,0.10992638333197004
12507,202611,0,0.11672440860334085
12510,202611,0,0.12418971315196269
12512,202611,0,0.27649610054291396
12519,202611,1,0.11817591470342377
12520,202611,0,0.1344505967740233
12526,202611,0,0.14000929928266265
12529,202611,0,0.1672268494211737
12532,202611,0,0.12487778130852349
12533,202611,0,0.14932873708559255
12544,202611,0,0.1976878757374348
12546,202611,0,0.12327105405684183
12551,202611,0,0.15531425728435644
12555,202611,0,0.24823066942697106
12576,202611,0,0.1266456139387331
12581,202611,0,0.1331556775570968
12588,202611,0,0.16724741980170812
12593,202611,0,0.09530346577660556
12594,202611,0,0.11327973832369509
12598,202611,0,0.11937670029718869
12599,202611,0,0.16014750899124744
12601,202611,0,0.14238591404217765
12610,202611,0,0.16535645044157923
12615,202611,1,0.16404631086218685
12616,202611,1,0.11423323316421534
12622,202611,0,0.056169091769706705
12623,202611,1,0.11504878724733708
12624,202611,0,0.11951583199983042
12625,202611,0,0.15309783721600648
12629,202611,0,0.3289079407975129
12632,202611,0,0.05873277542759865
12634,202611,0,0.05371619841193405
12635,202611,0,0.12737931721876303
12638,202611,0,0.16180555069781544
12640,202611,0,0.044206124971798794
12641,202611,0,0.13061145931020063
12643,202611,0,0.10900455361548661
12644,202611,0,0.0721676443270136
12647,202611,0,0.1277082833048201
12651,202611,0,0.16884099637559458
12657,202611,0,0.13179693635914563
12658,202611,0,0.12749407230457405
12660,202611,0,0.14877715851994666
12661,202611,0,0.10513096599248385
12666,202611,0,0.10543485898055094
12673,202611,0,0.11561058276503446
12676,202611,1,0.16308511738286022
12678,202611,0,0.1264947508826953
12681,202611,0,0.14935320398954877
12682,202611,0,0.2267736476433398
12684,202611,0,0.052211970314717776
12686,202611,1,0.15780868873152337
12689,202611,0,0.13530432634396802
12699,202611,0,0.1320596914954334
12701,202611,0,0.13535129374713523
12710,202611,0,0.10851533390427968
12712,202611,0,0.13487004581770995
12713,202611,0,0.13918330003012894
12715,202611,0,0.11479524916215447
12716,202611,0,0.13696239387916992
12717,202611,0,0.13979110783013332
12718,202611,0,0.14014701245811906
12720,202611,0,0.130880516736991
12724,202611,0,0.1251611316710998
12725,202611,0,0.15621573170794947
12726,202611,0,0.1235690253217756
12741,202611,0,0.16239432862261444
12742,202611,0,0.18018765147234972
12743,202611,0,0.14010089258140102
12748,202611,0,0.11478473953854382
12749,202611,0,0.05915800024859519
12751,202611,0,0.14651888805665367
12752,202611,0,0.13767380358696887
12756,202611,0,0.12071316444452221
12760,202611,0,0.11061635442463227
12761,202611,0,0.14867351374491986
12764,202611,0,0.15221858567052726
12767,202611,0,0.06574672592467506
12772,202611,1,0.12559340200619384
12774,202611,0,0.14100797279263777
12782,202611,0,0.07471686421656842
12783,202611,0,0.22573752026438657
12784,202611,0,0.13380026130244901
12785,202611,0,0.13647832916705957
12787,202611,0,0.16054572545218035
12798,202611,0,0.11455182175992602
12801,202611,1,0.15985503043799817
12805,202611,0,0.1233803560322151
12806,202611,0,0.10516432724227018
12809,202611,0,0.08794007459344953
12815,202611,0,0.12710918538422458
12820,202611,0,0.05162068660829451
12824,202611,0,0.09983979070487604
12829,202611,0,0.12072012853888679
12832,202611,1,0.1372874454463878
12833,202611,0,0.13773945961277825
12841,202611,0,0.14345267976004158
12843,202611,0,0.11515423410868839
12847,202611,0,0.13275196153482532
12848,202611,0,0.14118487927320672
12849,202611,0,0.13579045344406704
12852,202611,0,0.12775077826497538
12855,202611,0,0.13994777367816447
12864,202611,0,0.16930761834714014
12872,202611,0,0.06628045222710847
12873,202611,0,0.17039496583827898
12874,202611,0,0.1351670588539128
12875,202611,1,0.05453967685417287
12877,202611,0,0.22863463271978302
12879,202611,0,0.13432278859632718
12885,202611,0,0.14427888375115658
12886,202611,1,0.14883946423156239
12891,202611,1,0.11257501413155471
12893,202611,0,0.13316224509218486
12894,202611,0,0.17144789463049878
12895,202611,0,0.21765712815899516
12901,202611,0,0.05371542246278723
12908,202611,1,0.1250400729526291
12912,202611,0,0.10644633546544047
12919,202611,0,0.1387830065771047
12924,202611,0,0.13881608715193403
12925,202611,1,0.08654192483385031
12929,202611,0,0.13177888746498023
12931,202611,0,0.14286664733725155
12942,202611,1,0.13738871597440191
12945,202611,0,0.11981188391481569
12958,202611,0,0.05708607885152117
12962,202611,0,0.15519273417618024
12964,202611,0,0.15397446367580747
12974,202611,0,0.16044720287708303
12976,202611,0,0.05984775151476965
12980,202611,0,0.14280807807095086
12982,202611,1,0.10555940870315139
12984,202611,0,0.12185823261871198
12987,202611,0,0.09937559387188843
12991,202611,0,0.1335475909240149
12995,202611,0,0.1324949492751856
13001,202611,0,0.21033154785180616
13005,202611,0,0.1676467227770093
13006,202611,0,0.1392275942304956
13015,202611,0,0.12599885148739853
13017,202611,0,0.13517215244493827
13027,202611,1,0.13869646914337014
13033,202611,0,0.1544292591888286
13034,202611,0,0.13182907770239563
13035,202611,0,0.10691967924958685
13038,202611,0,0.2035489704746938
13041,202611,1,0.1305639214471316
13044,202611,0,0.04979891410681184
13045,202611,0,0.13643965106600908
13052,202611,0,0.052008466714907914
13059,202611,0,0.13465147004193231
13060,202611,0,0.04535795352801959
13061,202611,0,0.12069708931662242
13066,202611,0,0.22665442078027392
13080,202611,0,0.22136999844911714
13082,202611,0,0.17022585976422763
13100,202611,1,0.13008342793369262
13105,202611,0,0.13899160303154157
13106,202611,0,0.23661605129681232
13121,202611,0,0.1553868490874631
13123,202611,0,0.16492776201512893
13125,202611,0,0.053806930710457064
13129,202611,0,0.12497219341131728
13130,202611,0,0.10622106099641027
13132,202611,0,0.17179411299468325
13133,202611,0,0.12839598637842148
13135,202611,0,0.13980193753879686
13141,202611,0,0.12111298700962023
13145,202611,0,0.23361279087045247
13149,202611,0,0.06914582556083072
13153,202611,0,0.14656256537934628
13158,202611,0,0.1262244876793054
13159,202611,0,0.15469958148760873
13169,202611,0,0.3483871945697955
13170,202611,0,0.12960116003091465
13178,202611,0,0.1315441024294754
13179,202611,0,0.06985358335078078
13180,202611,0,0.1400751891453741
13181,202611,0,0.1282953346380309
13183,202611,0,0.06345913033945082
13191,202611,1,0.14487251888174596
13196,202611,0,0.13317975717945224
13200,202611,0,0.13278995036035768
13202,202611,0,0.10976367020621053
13204,202611,0,0.05590673032113862
13208,202611,0,0.13051515399365513
13212,202611,0,0.1221179875272682
13213,202611,0,0.14139711323197598
13215,202611,1,0.1031804128264295
13217,202611,1,0.13282165495795753
13218,202611,0,0.14208148071762614
13225,202611,0,0.12089789086343974
13229,202611,0,0.12221898785091036
13232,202611,0,0.13419252211812377
13233,202611,0,0.14685516335226786
13234,202611,0,0.05645600251387067
13249,202611,0,0.061773856266313085
13253,202611,0,0.12958670327102062
13255,202611,0,0.14282081247110676
13257,202611,0,0.23329480196604566
13260,202611,1,0.13133484889608102
13266,202611,0,0.05487957079394536
13269,202611,0,0.0571025194637074
13270,202611,0,0.13907234850275008
13274,202611,0,0.12932004220755877
13281,202611,0,0.13110401659318216
13287,202611,0,0.10344490783708543
13305,202611,0,0.14345641478658977
13308,202611,0,0.051063370918938936
13309,202611,0,0.06064747816881897
13310,202611,0,0.18072351719842936
13314,202611,0,0.1419165665867132
13315,202611,0,0.059848765943773335
13324,202611,0,0.1090453242124109
13326,202611,0,0.13764769069103547
13328,202611,1,0.11775601708324844
13329,202611,1,0.12577640611885
13333,202611,0,0.15206333000481512
13335,202611,1,0.25392967601249233
13336,202611,0,0.10725306972162325
13345,202611,0,0.1527998921965203
13348,202611,0,0.14741486478243582
13350,202611,0,0.21464904360672843
13354,202611,0,0.15489782165137073
13360,202611,0,0.16139716616838615
13364,202611,0,0.1531159284388502
13366,202611,0,0.14255786789306124
13368,202611,0,0.12914332397696998
13375,202611,0,0.08254126072447414
13376,202611,0,0.12238983072902682
13380,202611,0,0.09354120962201587
13382,202611,0,0.05364365456815528
13384,202611,0,0.1581941340601125
13387,202611,0,0.13457294030845204
13390,202611,0,0.08370708334727799
13393,202611,1,0.13805853740449675
13395,202611,1,0.15529225520069767
13398,202611,0,0.13736492112539855
13403,202611,0,0.11252018339886034
13404,202611,0,0.0833329556670898
13405,202611,0,0.12925572642553593
13409,202611,0,0.16325357620038566
13411,202611,0,0.1251956937199528
13414,202611,0,0.13960664192010813
13416,202611,0,0.11528854856505552
13417,202611,0,0.055707397432133356
13418,202611,0,0.13756838334435642
13422,202611,0,0.054521730102607836
13430,202611,0,0.23347767312373024
13435,202611,0,0.05287627457995799
13437,202611,1,0.14308988665646974
13439,202611,0,0.13895078930577323
13446,202611,0,0.10513933497287038
13448,202611,0,0.08706612302366391
13449,202611,0,0.12654371759720717
13451,202611,0,0.12643612053811576
13455,202611,0,0.14022697369182296
13459,202611,1,0.15096987327461714
13468,202611,0,0.14040337809730663
13470,202611,0,0.054564573280417396
13474,202611,0,0.054447623885913
13478,202611,0,0.1266803112295382
13485,202611,0,0.12103414639412619
13488,202611,0,0.1558426950406383
13489,202611,0,0.09539964518686805
13490,202611,1,0.1368472533575333
13491,202611,1,0.21994312108487019
13500,202611,0,0.12470110371639702
13505,202611,0,0.05989793196998419
13506,202611,0,0.12782657544837706
13517,202611,0,0.06371849361091265
13518,202611,0,0.0878028018158247
13523,202611,0,0.1262044089238605
13529,202611,0,0.13765272028452127
13532,202611,0,0.061268164972069904
13534,202611,0,0.12220195852523481
13537,202611,1,0.12465572500548458
13539,202611,0,0.1252617184636576
13547,202611,0,0.13812162681012183
13548,202611,0,0.15281442754613356
13550,202611,0,0.33064289350061093
13554,202611,0,0.15514401821896426
13555,202611,0,0.1661900325882825
13556,202611,0,0.14917762514487654
13558,202611,0,0.06710972647194734
13562,202611,0,0.1274684350691168
13566,202611,0,0.11610379130721336
13574,202611,0,0.06372335041149867
13576,202611,0,0.14177181234309416
13577,202611,0,0.1715902122579242
13580,202611,0,0.07041749678762374
13586,202611,0,0.20906289035344502
13588,202611,1,0.16431496070702495
13597,202611,1,0.21094575513897315
13598,202611,0,0.2559481598946956
13600,202611,0,0.1299028051849039
13602,202611,0,0.1138956179303462
13604,202611,0,0.12720817006318422
13608,202611,1,0.1374865034210744
13616,202611,0,0.14550464803520735
13619,202611,1,0.24173050917025954
13623,202611,0,0.13647595587646802
13627,202611,0,0.16725303107939873
13628,202611,1,0.1487513281831034
13630,202611,0,0.0779721537645792
13631,202611,1,0.1478513647443297
13633,202611,0,0.1491399754774236
13635,202611,0,0.13871126840145476
13636,202611,0,0.15500829771670097
13640,202611,0,0.13204309694277236
13642,202611,0,0.2291381213829264
13647,202611,0,0.15100641722045516
13648,202611,0,0.2455822444964182
13650,202611,1,0.2333757174107554
13652,202611,0,0.12318389852609231
13659,202611,0,0.06138069451849936
13660,202611,0,0.10897731304150743
13661,202611,1,0.12670931293176368
13663,202611,1,0.1807179379876355
13666,202611,0,0.13223863140530331
13667,202611,0,0.0647590675377933
13672,202611,0,0.11479319226832728
13673,202611,0,0.15068533520500563
13675,202611,0,0.11828135943597605
13678,202611,0,0.13274036089453894
13682,202611,0,0.09533494234059914
13684,202611,0,0.13085384239744474
13689,202611,0,0.12544798191385798
13690,202611,0,0.12871551423159341
13696,202611,0,0.1472288326345698
13706,202611,0,0.13607930971386809
13710,202611,0,0.33888959092123155
13711,202611,0,0.14233621386491058
13712,202611,0,0.15190274582981117
13717,202611,0,0.05566746783070892
13718,202611,0,0.11503885548991961
13719,202611,0,0.13196747734845282
13720,202611,0,0.11594215916248052
13722,202611,0,0.11916429226946158
13723,202611,0,0.1426270330844476
13726,202611,0,0.1225603729687447
13733,202611,0,0.05933194794967263
13737,202611,1,0.06076923016602117
13739,202611,0,0.1461861789303054
13743,202611,0,0.14245237270767105
13750,202611,0,0.11514426701496962
13751,202611,0,0.0984668077409612
13752,202611,1,0.14668382188560744
13754,202611,0,0.16707032972288874
13756,202611,0,0.06972544518497527
13760,202611,0,0.06074155143842119
13762,202611,0,0.14355197815211762
13763,202611,0,0.12637509883280254
13766,202611,0,0.06103797392817888
13767,202611,0,0.05480313577360937
13769,202611,0,0.11186444836834164
13770,202611,0,0.11591894984132968
13774,202611,0,0.15866461970222645
13776,202611,0,0.1345779166738905
13780,202611,0,0.06646245717254917
13781,202611,1,0.20402333939969974
13782,202611,1,0.22642479065669824
13784,202611,0,0.056769193914184134
13789,202611,0,0.13989181682735208
13790,202611,0,0.14930941084030855
13792,202611,0,0.08816862767711588
13795,202611,0,0.13413847333715123
13797,202611,0,0.11057734412374179
13800,202611,0,0.11505148633085628
13804,202611,0,0.11880017513802996
13806,202611,1,0.10992395200747876
13809,202611,1,0.11517030888702905
13815,202611,0,0.1210438490378198
13816,202611,0,0.1425175603147173
13817,202611,0,0.1574171871136142
13820,202611,0,0.2111216917506148
13821,202611,1,0.1270019516061052
13824,202611,0,0.156457874739666
13830,202611,0,0.16713846019472584
13838,202611,0,0.12851463186860287
13840,202611,0,0.06513183344807702
13841,202611,0,0.054472422026352996
13842,202611,0,0.14477035686696155
13843,202611,0,0.05986466865470083
13849,202611,0,0.13996348254862825
13850,202611,1,0.1535801962023382
13852,202611,0,0.1476447795737771
13855,202611,0,0.05360881945520431
13858,202611,0,0.13634198066512715
13863,202611,0,0.05038064913582689
13871,202611,0,0.2321118106372976
13872,202611,0,0.12976052737472768
13873,202611,0,0.11293538121843931
13874,202611,0,0.13877786932645322
13877,202611,0,0.14436974865660432
13878,202611,1,0.12744646450068195
13879,202611,0,0.14106745874428958
13885,202611,0,0.15977941896558617
13886,202611,0,0.14497959316558845
13892,202611,0,0.11214746974335615
13895,202611,0,0.061239374661230576
13906,202611,0,0.15850793127695298
13907,202611,0,0.14722997053151712
13908,202611,0,0.04906797587522967
13909,202611,0,0.11763166738234297
13911,202611,0,0.1104593237606955
13914,202611,1,0.12665907234609422
13918,202611,0,0.16190092442393564
13919,202611,0,0.1498710760864775
13923,202611,1,0.1625330439114886
13927,202611,0,0.17234070591478953
13930,202611,0,0.052278311536230124
13931,202611,0,0.150580282541281
13933,202611,0,0.1487617299551981
13935,202611,1,0.13303263632316364
13938,202611,0,0.1508802046804585
13943,202611,0,0.055610616657786986
13944,202611,0,0.06773302821547292
13946,202611,0,0.12933793022737855
13949,202611,0,0.1036593115421036
13950,202611,1,0.0904625865468029
13952,202611,0,0.18334443059033528
13957,202611,0,0.14121082729360313
13958,202611,0,0.07879565178760335
13965,202611,0,0.08183490674894099
13970,202611,0,0.05501012990903978
13972,202611,0,0.1533173665857101
13981,202611,0,0.1571309991320517
13983,202611,0,0.0860170836683925
13984,202611,1,0.14954629114155596
13985,202611,0,0.11472626528397882
13986,202611,0,0.1299860171711819
13991,202611,1,0.0809805371304189
13992,202611,1,0.15543956672071313
13993,202611,0,0.13224285713052225
13995,202611,0,0.12979286725959868
13998,202611,0,0.10808917083759245
14000,202611,0,0.05420932314443375
14002,202611,0,0.058115407396385606
14003,202611,0,0.07656685831167714
14006,202611,1,0.15848490733600795
14011,202611,1,0.13425887288380356
14019,202611,0,0.1572992803558946
14020,202611,1,0.13294300413848237
14021,202611,0,0.34624952200609704
14022,202611,1,0.10737764295943691
14026,202611,0,0.15682128282938534
14031,202611,0,0.07285154992506547
14032,202611,0,0.14151098734116938
14034,202611,0,0.1269897490829686
14035,202611,0,0.12124115654257271
14043,202611,0,0.07462416818185809
14046,202611,0,0.1391560696076447
14048,202611,0,0.13347470839480294
14056,202611,1,0.1403221513397126
14057,202611,0,0.1382435574477246
14062,202611,1,0.11792015468910721
14065,202611,0,0.12456178224958744
14067,202611,0,0.060861811222205145
14082,202611,0,0.06066816600343291
14083,202611,1,0.15856036625823192
14086,202611,0,0.13892567621935561
14094,202611,1,0.24259594414824123
14102,202611,1,0.06024200411988451
14103,202611,0,0.22487946900579725
14104,202611,0,0.16414379978478277
14106,202611,0,0.16757091602667024
14107,202611,0,0.14083879914518987
14109,202611,1,0.13466854873738746
14111,202611,0,0.05864382681169961
14113,202611,1,0.11656564362168172
14115,202611,1,0.13404185627549448
14116,202611,0,0.048091279538437164
14118,202611,0,0.06167932398308922
14119,202611,0,0.14776759782490154
14122,202611,0,0.11138072848419918
14123,202611,0,0.12144091329898318
14124,202611,0,0.05798638868516239
14125,202611,0,0.14241066825604606
14126,202611,0,0.1608377193678902
14127,202611,0,0.12671598368735504
14133,202611,0,0.14639227231631807
14137,202611,0,0.13330916460787068
14139,202611,0,0.11458965359884431
14143,202611,0,0.11924843914421752
14148,202611,0,0.1318622455702323
14149,202611,0,0.11888059141913071
14150,202611,0,0.06201135586292565
14162,202611,0,0.05856136188096661
14163,202611,0,0.13010920541829826
14164,202611,0,0.12077605718024902
14169,202611,1,0.14185571140541572
14173,202611,0,0.12796310604446212
14174,202611,0,0.15475463423683786
14178,202611,0,0.15275859491965163
14181,202611,0,0.06299770983865471
14186,202611,0,0.10976428347459816
14187,202611,0,0.14366226036525578
14188,202611,0,0.1064982320672434
14190,202611,1,0.04953991662048789
14192,202611,0,0.15357991258566311
14193,202611,0,0.1300468360779565
14195,202611,1,0.13707495119206387
14198,202611,0,0.22527731880517143
14200,202611,0,0.15520243975844517
14201,202611,0,0.14088375857641525
14208,202611,0,0.20483848022526943
14212,202611,1,0.14910954317669015
14214,202611,0,0.13266259048976375
14220,202611,0,0.11026474281898367
14224,202611,0,0.13703611970196974
14229,202611,0,0.12571889524395619
14232,202611,1,0.15163948031899238
14233,202611,0,0.10050862222503576
14235,202611,1,0.13901778806195714
14241,202611,0,0.06242304296278552
14242,202611,0,0.1334890750617184
14246,202611,0,0.11458416471578053
14247,202611,0,0.10570189260127934
14250,202611,0,0.052465725099002165
14251,202611,0,0.2243198028247391
14254,202611,0,0.16992575704102156
14257,202611,0,0.06769736208629101
14259,202611,0,0.12863666381127173
14261,202611,0,0.11904296215508751
14262,202611,1,0.15233476464929457
14267,202611,1,0.11711244647236947
14281,202611,0,0.11130107527792608
14282,202611,0,0.14411933431585963
14285,202611,0,0.051476141420755725
14286,202611,0,0.14439053223627896
14292,202611,1,0.1397145404584061
14293,202611,0,0.14388807443450644
14294,202611,1,0.16430377039977123
14296,202611,1,0.2171368887324833
14297,202611,0,0.05097338565863689
14298,202611,0,0.11618894254804696
14301,202611,0,0.05448809885332768
14308,202611,0,0.11860315649156959
14311,202611,0,0.13827035283900718
14313,202611,0,0.24299335537174402
14314,202611,0,0.05385191404403145
14315,202611,0,0.046681243164065245
14318,202611,1,0.14155672640254757
14320,202611,0,0.12507373948114017
14325,202611,0,0.051928043378941274
14333,202611,0,0.12646975166352017
14336,202611,0,0.12937008026929647
14338,202611,0,0.144662370812386
14340,202611,1,0.12697892073867723
14344,202611,1,0.15791815112997654
14354,202611,0,0.13858446953383907
14359,202611,0,0.13795340444133167
14361,202611,0,0.12722655107679923
14362,202611,0,0.1315419810376968
14363,202611,0,0.1617673226768314
14367,202611,1,0.139928455465759
14369,202611,0,0.06985324583664174
14370,202611,0,0.23523413070811752
14376,202611,0,0.10489894529983847
14382,202611,0,0.23043016327179117
14387,202611,0,0.12445451354372986
14389,202611,0,0.15625789845702992
14390,202611,0,0.1293320409696305
14392,202611,0,0.13310191438409377
14393,202611,0,0.09656184632770501
14396,202611,0,0.13397046405225976
14407,202611,0,0.1275657723049702
14410,202611,1,0.1396625241041525
14412,202611,0,0.12143973314983174
14413,202611,0,0.15157808659544766
14414,202611,0,0.04310668915021443
14416,202611,0,0.13486218795501997
14417,202611,0,0.13636486145538337
14420,202611,1,0.1010659230462601
14423,202611,0,0.15758615880486457
14427,202611,0,0.15345202534464578
14430,202611,0,0.17121140136112817
14433,202611,0,0.1348938244213373
14434,202611,0,0.12297289176388947
14435,202611,0,0.20016404633715412
14436,202611,0,0.11641754939385024
14438,202611,0,0.05224230723753474
14439,202611,0,0.12378205430062397
14442,202611,0,0.10815061485381512
14443,202611,1,0.14236131740888064
14444,202611,0,0.08466762643378718
14446,202611,0,0.1128083123460207
14448,202611,1,0.15487523207423146
14449,202611,0,0.24161546034125536
14451,202611,0,0.11545467727001621
14459,202611,0,0.14717525621482858
14464,202611,0,0.13356564154709336
14466,202611,1,0.14228259197483134
14467,202611,0,0.15248614750001158
14469,202611,0,0.13311118969860242
14470,202611,0,0.05789792685337054
14471,202611,0,0.1475187836835942
14476,202611,0,0.04849001598015137
14477,202611,0,0.1348023803993673
14479,202611,0,0.051182577711065706
14480,202611,0,0.14721557044228517
14481,202611,0,0.05035569167839019
14484,202611,1,0.12027992381336014
14485,202611,0,0.11379558160891506
14486,202611,0,0.12243913831507797
14488,202611,1,0.15059387698358484
14493,202611,0,0.12344397208246352
14499,202611,1,0.1148296950476346
14504,202611,0,0.1540796516709883
14508,202611,0,0.1382410654975362
14509,202611,0,0.12580426747422682
14510,202611,1,0.15571632726989773
14516,202611,0,0.16459522617381958
14520,202611,0,0.12400819186495982
14522,202611,0,0.13433996206294785
14523,202611,0,0.11434122444717248
14529,202611,0,0.15968380382405728
14532,202611,0,0.06245882615903706
14537,202611,0,0.05469414826368321
14538,202611,1,0.1327049172569944
14540,202611,0,0.11882635581291087
14541,202611,0,0.11549959634826118
14542,202611,1,0.1675700755093938
14544,202611,0,0.1366760141505904
14548,202611,0,0.09445066734306512
14550,202611,0,0.16261067742625132
14551,202611,1,0.14113736878830696
14554,202611,0,0.056167456497939534
14555,202611,0,0.05880817458029289
14563,202611,1,0.12835903096483378
14564,202611,0,0.13808051326455806
14571,202611,0,0.07601658053666413
14572,202611,0,0.14751465303622047
14574,202611,1,0.14490616067222803
14576,202611,0,0.11707996851307906
14580,202611,0,0.06689652269422373
14581,202611,0,0.12195485696451612
14582,202611,0,0.16587705907737782
14583,202611,0,0.11020819216093934
14586,202611,0,0.12647874669254236
14591,202611,0,0.12288166378036727
14593,202611,0,0.14529890129632886
14594,202611,0,0.12545953034936275
14599,202611,1,0.13503570103884568
14601,202611,0,0.12955460689742898
14602,202611,0,0.10033724114316805
14603,202611,1,0.1522386254944718
14604,202611,0,0.14417149267194124
14610,202611,0,0.16965776506047003
14617,202611,1,0.2347796310423173
14618,202611,1,0.12456873036385603
14620,202611,0,0.13511183357437767
14622,202611,0,0.15763481258122816
14628,202611,0,0.06399504593526761
14629,202611,0,0.25484668669166755
14630,202611,0,0.12181026883629913
14632,202611,0,0.34112953976780613
14634,202611,0,0.11661965239617224
14640,202611,1,0.1506225583139054
14646,202611,0,0.057732952648650915
14648,202611,0,0.12201922977940981
14650,202611,1,0.15065275828197383
14651,202611,0,0.13343817760936266
14658,202611,0,0.25351131030861046
14661,202611,0,0.13355434106927475
14666,202611,0,0.06037548087196396
14672,202611,0,0.17095322505691973
14673,202611,0,0.11771366009656242
14675,202611,1,0.2088056541688824
14678,202611,1,0.12405645969610135
14680,202611,0,0.11162572952740935
14685,202611,0,0.18122032956305598
14688,202611,0,0.1425223953231636
14692,202611,1,0.12400412974867045
14694,202611,0,0.12554580692585487
14695,202611,0,0.17558868089048404
14702,202611,0,0.1444614951715813
14705,202611,0,0.054622202170898915
14706,202611,0,0.1411266099339024
14707,202611,0,0.13853710992056276
14711,202611,0,0.13137218726623737
14713,202611,0,0.06124216549371036
14714,202611,0,0.13561088207781172
14717,202611,0,0.14149538100974332
14721,202611,1,0.12902709304501533
14722,202611,0,0.22196874164833635
14726,202611,0,0.1274068604491473
14735,202611,0,0.11258212269298601
14736,202611,0,0.15118313630687408
14742,202611,0,0.17883341759952678
14744,202611,0,0.3837742068276802
14746,202611,0,0.1395577596768506
14748,202611,0,0.13606366446377344
14751,202611,0,0.16888034543447283
14753,202611,0,0.16659029807631962
14754,202611,0,0.1416534595473109
14755,202611,1,0.1193596277023864
14759,202611,0,0.15803144446635542
14764,202611,0,0.15586324035500046
14766,202611,0,0.1404316182570128
14767,202611,0,0.1723041255264539
14768,202611,0,0.14174922989248856
14770,202611,0,0.12292139108665998
14773,202611,0,0.16633101163093195
14777,202611,0,0.12810860060197796
14778,202611,0,0.12081027661258735
14779,202611,0,0.10784478837039103
14782,202611,0,0.12505353914450296
14783,202611,0,0.14464969170878167
14784,202611,0,0.12879651276658216
14791,202611,1,0.15792918609384354
14793,202611,0,0.05863280932749944
14794,202611,1,0.24378654332517985
14795,202611,0,0.1307276169845442
14796,202611,1,0.3847000457930671
14797,202611,0,0.1343633714305094
14800,202611,0,0.061602765594376885
14802,202611,0,0.13867151079568757
14803,202611,0,0.049199930555190556
14805,202611,0,0.15770524675075892
14808,202611,0,0.22890230912628368
14809,202611,0,0.07090351767224101
14812,202611,0,0.3412538888165175
14813,202611,0,0.14479838679260318
14814,202611,0,0.14173756178913954
14818,202611,0,0.1655241677029782
14819,202611,0,0.09696110464979486
14820,202611,0,0.049660617866362396
14821,202611,0,0.24409277786903055
14822,202611,0,0.1333607722922673
14824,202611,1,0.22253608688524246
14826,202611,0,0.1426195691092875
14827,202611,0,0.11643673640308085
14831,202611,0,0.14763169432210946
14832,202611,0,0.132111949028786
14834,202611,1,0.16723956073190172
14839,202611,0,0.1537706742592013
14841,202611,1,0.14735469812863095
14842,202611,0,0.15548654627068106
14848,202611,0,0.1147061426720922
14849,202611,0,0.05574883144428865
14852,202611,1,0.13859795750109513
14855,202611,0,0.12669201049778586
14856,202611,0,0.155543588786868
14865,202611,0,0.07133119943473998
14866,202611,0,0.0657916153497149
14869,202611,0,0.11350997847282612
14873,202611,0,0.14853943226937105
14877,202611,0,0.13400179797979453
14878,202611,1,0.13671247240364165
14881,202611,0,0.055106350709963066
14882,202611,0,0.22520802845597798
14883,202611,0,0.14963247215826067
14885,202611,0,0.1503607075573431
14889,202611,0,0.16296941008608445
14890,202611,0,0.15624198013072582
14892,202611,0,0.12891853613271337
14893,202611,0,0.05053390883831377
14894,202611,0,0.05668180359494173
14895,202611,1,0.1405800547667302
14897,202611,0,0.13508978072476244
14901,202611,0,0.12505653751653287
14904,202611,0,0.04394345832544167
14908,202611,0,0.14202606670949255
14909,202611,1,0.15210177394807756
14910,202611,1,0.11485164005194934
14914,202611,0,0.12831253611643387
14916,202611,0,0.10339220110088573
14917,202611,0,0.06061635545123175
14918,202611,0,0.11958956394574947
14919,202611,1,0.24773182808310287
14923,202611,0,0.12635940537091966
14927,202611,0,0.12445310272616768
14928,202611,1,0.10154473022460048
14929,202611,0,0.13298462179112297
14931,202611,0,0.14642168209605647
14934,202611,1,0.13387951494097833
14935,202611,0,0.22486391168247197
14948,202611,0,0.25713425085892294
14950,202611,0,0.11966455273743715
14951,202611,0,0.1495708866496033
14952,202611,0,0.059591319051104805
14954,202611,0,0.2351016813956397
14960,202611,0,0.05959639039706667
14962,202611,0,0.055242253822925434
14970,202611,0,0.12225997318176315
14973,202611,0,0.12501324887517834
14976,202611,0,0.15290601247659608
14978,202611,0,0.12517542659371003
14979,202611,1,0.12455975370921718
14982,202611,0,0.1331400357602821
14985,202611,0,0.061075348523243624
14986,202611,0,0.12509359630190248
14987,202611,0,0.12040071204354266
14988,202611,0,0.17405248095707804
14991,202611,0,0.12052360444667695
14994,202611,1,0.24130169396718396
14996,202611,1,0.14513477556825502
14997,202611,0,0.14304636836020448
14998,202611,0,0.15236679428814612
14999,202611,0,0.13825477449796392
15000,202611,0,0.12356967524509987
15003,202611,1,0.1341156200600316
15005,202611,0,0.15745932935688522
15006,202611,0,0.1341202006753551
15009,202611,0,0.16263425966789805
15012,202611,1,0.18654732954684314
15015,202611,0,0.13994918282638566
15018,202611,0,0.127034741174541
15029,202611,0,0.15995502238708598
15036,202611,1,0.13422821292847206
15037,202611,0,0.24928716892254776
15040,202611,1,0.1510021152355243
15041,202611,0,0.13690687533701656
15042,202611,0,0.13591419850676711
15046,202611,1,0.195557692561409
15047,202611,0,0.11666366238200977
15050,202611,0,0.1434570415136678
15053,202611,0,0.14076076302834442
15056,202611,0,0.1605832079380998
15057,202611,0,0.15619641992096694
15058,202611,0,0.1306519950809356
15060,202611,0,0.0894289751735817
15061,202611,1,0.14552105278592825
15062,202611,0,0.14386935629814215
15066,202611,0,0.07317146835149867
15067,202611,0,0.1561576952398321
15068,202611,0,0.059370904305936875
15069,202611,0,0.06608799203133366
15072,202611,0,0.1362609615014308
15077,202611,0,0.14532535766509544
15089,202611,0,0.14769498785326382
15093,202611,0,0.13023213986547083
15096,202611,1,0.1490698541869123
15097,202611,1,0.1152877196737542
15099,202611,0,0.11729243752286916
15101,202611,0,0.1611943374827842
15103,202611,0,0.1490098778636928
15104,202611,0,0.13000665560082042
15105,202611,0,0.1181883664308638
15108,202611,0,0.12828807109139745
15109,202611,0,0.11275320501609438
15112,202611,0,0.13345945598028547
15114,202611,0,0.15869796450206353
15117,202611,0,0.058363413272383785
15122,202611,0,0.11807463446672475
15126,202611,1,0.13885801780475188
15128,202611,1,0.14491862943287978
15129,202611,1,0.15159351313503872
15130,202611,0,0.05498058158579254
15132,202611,0,0.058545353478882046
15133,202611,0,0.1122076710416284
15134,202611,0,0.05583073869869751
15136,202611,0,0.13337621480802359
15137,202611,0,0.216270880004671
15139,202611,1,0.1202550056336751
15142,202611,0,0.07340030727784315
15145,202611,0,0.12230105484943699
15146,202611,0,0.05808356493167691
15147,202611,0,0.12265156006670408
15150,202611,0,0.2247043570537591
15159,202611,1,0.13822900491653334
15163,202611,0,0.16706172326504634
15165,202611,0,0.05219643966158942
15167,202611,0,0.11256639837136052
15168,202611,0,0.052919283437021125
15173,202611,0,0.1159494478808557
15181,202611,0,0.13340633722042378
15183,202611,0,0.15783784130582687
15185,202611,0,0.16699159019190676
15186,202611,0,0.15673563691809403
15189,202611,0,0.11286357450451326
15190,202611,0,0.049510413759761666
15191,202611,0,0.10958008740850281
15193,202611,0,0.14874264119292283
15196,202611,0,0.10763547140846794
15199,202611,0,0.14890011762710606
15200,202611,0,0.14735223768549058
15201,202611,0,0.15646082006055043
15204,202611,0,0.15963156981566615
15207,202611,0,0.05683530803562538
15209,202611,0,0.16344032266030428
15212,202611,0,0.14068722220332655
15213,202611,0,0.13357554137959216
15214,202611,0,0.14327922607023943
15215,202611,0,0.14518377156975448
15216,202611,0,0.1504795198698477
15222,202611,0,0.13536933783228733
15223,202611,0,0.09304482293790556
15224,202611,1,0.2408741912049349
15227,202611,1,0.12254479085000554
15231,202611,0,0.11692986323451676
15234,202611,1,0.1454152072546206
15236,202611,0,0.12248454331875763
15240,202611,0,0.16093187954602328
15241,202611,0,0.1540319647347666
15242,202611,0,0.17050475295867393
15243,202611,0,0.1622360017174689
15247,202611,0,0.14505061261827148
15250,202611,0,0.12137910703384651
15253,202611,0,0.1401665687688562
15254,202611,0,0.13596683027333079
15255,202611,0,0.12191898796114023
15260,202611,0,0.11189743573144309
15265,202611,0,0.06114483647463419
15275,202611,0,0.10984732480999095
15280,202611,0,0.15354775445407126
15281,202611,0,0.14218505116174893
15282,202611,0,0.1601507717688326
15283,202611,0,0.1639774885785403
15284,202611,0,0.18711998903994984
15289,202611,1,0.1365129195343435
15292,202611,0,0.1511497644842978
15293,202611,0,0.09902924847854096
15300,202611,0,0.19464513654789534
15301,202611,0,0.1297124783269324
15302,202611,0,0.3228868173981356
15303,202611,0,0.12939046922430836
15306,202611,0,0.12540651025846486
15307,202611,1,0.1572161162538795
15310,202611,1,0.15123079911943813
15311,202611,0,0.14726475197476036
15313,202611,0,0.1452333041012628
15320,202611,0,0.12699856609430876
15322,202611,0,0.04944784455559275
15324,202611,0,0.13644944524930996
15327,202611,0,0.1675079025621281
15329,202611,0,0.12316782966202794
15340,202611,0,0.2568342516564689
15349,202611,0,0.13399875629468871
15355,202611,0,0.10033428359625407
15356,202611,0,0.1529575935978743
15359,202611,0,0.33561921100454095
15360,202611,0,0.11718353974921325
15361,202611,0,0.07366416382662494
15364,202611,0,0.1439721024864271
15367,202611,0,0.06904730436767702
15368,202611,0,0.22371371138628016
15372,202611,0,0.22552826898326775
15373,202611,1,0.1418747724847299
15374,202611,0,0.062238782749754924
15377,202611,0,0.1544430885518071
15381,202611,1,0.13765116932921612
15383,202611,0,0.15069214347850418
15386,202611,0,0.04923134402191888
15387,202611,1,0.16245925440862002
15391,202611,0,0.13228417764621986
15394,202611,0,0.05462127631672827
15395,202611,0,0.1286020902976796
15396,202611,0,0.057782986744079556
15397,202611,0,0.12255751137108702
15399,202611,1,0.12639540843829844
15400,202611,0,0.08395728472089856
15404,202611,0,0.12389673857101696
15407,202611,1,0.11058883281200259
15408,202611,0,0.11215540072295008
15409,202611,0,0.05243516827405443
15411,202611,0,0.2273342599597525
15414,202611,0,0.14838720916090892
15416,202611,0,0.11270393550471851
15421,202611,0,0.08360025991980788
15423,202611,0,0.11999660269924456
15425,202611,0,0.049302928684635206
15426,202611,0,0.15699354103028335
15428,202611,0,0.14225859166878407
15429,202611,0,0.1288570941984029
15430,202611,1,0.15361726873964093
15437,202611,0,0.1537221373039903
15438,202611,0,0.061695315301879154
15449,202611,0,0.12057243199654563
15451,202611,1,0.14305166975541034
15455,202611,1,0.1454040441303068
15456,202611,0,0.15283406412186468
15459,202611,0,0.17372315416525377
15460,202611,0,0.13953511005657612
15462,202611,1,0.13937735159354847
15465,202611,0,0.15615410675319422
15466,202611,0,0.1383696346135637
15467,202611,1,0.14493827101217283
15468,202611,0,0.18483104684537366
15469,202611,0,0.061787696257361524
15470,202611,0,0.11753150282820185
15473,202611,0,0.2120929153045073
15474,202611,0,0.16619973126548146
15484,202611,0,0.11517746688789596
15486,202611,0,0.1357259092162445
15488,202611,0,0.12152743771980817
15489,202611,0,0.06334575895587867
15493,202611,0,0.12486550107719006
15494,202611,0,0.11546470719589023
15511,202611,0,0.05600406540212881
15512,202611,0,0.14753702849536177
15517,202611,0,0.16622219429258894
15518,202611,0,0.14749671800905975
15522,202611,0,0.057081518888232534
15524,202611,0,0.15686239095196208
15526,202611,0,0.11637262894970192
15527,202611,0,0.12248908719371616
15528,202611,0,0.1108250016070013
15534,202611,0,0.1336646584681763
15537,202611,0,0.14671563968423987
15538,202611,0,0.15016348543107297
15541,202611,0,0.05982082360327031
15544,202611,0,0.13935070666365745
15545,202611,0,0.12837226810170804
15546,202611,0,0.055863477653976215
15547,202611,0,0.06010388978509038
15548,202611,0,0.17103343903688095
15549,202611,0,0.1788526348816019
15550,202611,0,0.11726072931041792
15551,202611,0,0.06826734741117062
15552,202611,0,0.05502402896345592
15553,202611,0,0.11627539963997897
15562,202611,0,0.10365815686216709
15563,202611,0,0.2151227932054656
15564,202611,0,0.14873573939280518
15567,202611,0,0.13448433993754433
15568,202611,0,0.1373957934417297
15569,202611,0,0.058563403731440346
15573,202611,0,0.05477042103345438
15574,202611,0,0.10924080256500995
15579,202611,0,0.1325196783319347
15581,202611,0,0.0561263300617735
15582,202611,0,0.12926019116894286
15586,202611,0,0.15052363175798897
15589,202611,0,0.1479539030706633
15590,202611,1,0.1283026749148959
15591,202611,0,0.120765853452101
15594,202611,0,0.11385844627618263
15596,202611,0,0.12401186566727856
15598,202611,0,0.13579566010150826
15600,202611,0,0.1124253003212246
15603,202611,0,0.15249253202629856
15609,202611,1,0.1463781695149087
15610,202611,1,0.2276351477168515
15613,202611,1,0.12007750891255897
15617,202611,0,0.04823436094448194
15619,202611,0,0.1587683309222501
15625,202611,0,0.10370528318163368
15633,202611,0,0.06544025265757872
15636,202611,0,0.17728692859118217
15637,202611,0,0.14614810484454996
15640,202611,0,0.12158608620683205
15641,202611,0,0.12142161915841261
15642,202611,0,0.10208297914339579
15643,202611,0,0.10923345709973087
15645,202611,1,0.1515673068322511
15650,202611,0,0.11498619079941161
15653,202611,0,0.07366920663016542
15655,202611,0,0.16036983486824405
15661,202611,0,0.14876182655541303
15663,202611,0,0.14183467236764905
15665,202611,0,0.05816881625309933
15667,202611,0,0.13827562818209208
15671,202611,0,0.0491457048781637
15673,202611,0,0.2322971209575096
15676,202611,0,0.057984212290346324
15679,202611,0,0.13347221292318243
15680,202611,1,0.1460284833409868
15684,202611,0,0.22536923672984446
15685,202611,0,0.053043637048222105
15690,202611,0,0.1394587429152312
15695,202611,0,0.11943925152105238
15699,202611,0,0.19297809884732567
15701,202611,0,0.05645278368447212
15705,202611,0,0.2284198921737384
15709,202611,0,0.056335025189829704
15717,202611,0,0.14221415191108558
15718,202611,0,0.27679762577242034
15721,202611,1,0.32604157264938144
15724,202611,0,0.16355524012461473
15725,202611,0,0.10842972940153654
15728,202611,0,0.13030847994662131
15729,202611,0,0.14375498943592638
15731,202611,0,0.13137284957204243
15732,202611,0,0.1346585320996791
15733,202611,0,0.13023611437098345
15739,202611,0,0.1853336675803636
15742,202611,0,0.05098982689420152
15743,202611,0,0.057856250431433026
15744,202611,0,0.09769835679561671
15745,202611,0,0.06438537967832858
15748,202611,0,0.060469901869718255
15751,202611,0,0.18359160815955092
15752,202611,0,0.1433975975335219
15760,202611,0,0.06706470199071071
15761,202611,0,0.06281213054022133
15764,202611,0,0.14465047870976178
15766,202611,0,0.18735613618542596
15770,202611,0,0.05247740051779558
15771,202611,1,0.13397442425959785
15773,202611,0,0.06200352146656242
15774,202611,1,0.14826442257873337
15777,202611,0,0.14456702520547357
15778,202611,0,0.17988080127163086
15780,202611,0,0.07103863698887916
15782,202611,0,0.31358451706332063
15783,202611,0,0.14734961670356317
15785,202611,0,0.12342028478885353
15787,202611,0,0.13886037190732747
15788,202611,0,0.16983753368695761
15789,202611,1,0.11494050600674727
15793,202611,0,0.22200022496283175
15795,202611,0,0.1388754582896428
15798,202611,0,0.1801397669473811
15801,202611,0,0.16669903742675243
15802,202611,1,0.12832058351947573
15804,202611,1,0.13241240325194595
15809,202611,0,0.13056788395538194
15810,202611,0,0.12717599524781228
15814,202611,0,0.12808887339465277
15831,202611,1,0.07024812254298697
15833,202611,0,0.2541316693503606
15835,202611,0,0.15922365587423892
15837,202611,0,0.042308823933449514
15841,202611,0,0.12233982639573922
15842,202611,0,0.0725134961441803
15845,202611,0,0.1295446989328977
15849,202611,0,0.06584691757284913
15850,202611,0,0.06989367655932935
15851,202611,0,0.04635986499582274
15853,202611,0,0.11830423933859983
15854,202611,0,0.13493534455031164
15857,202611,0,0.06327438334467508
15861,202611,0,0.23696821731290768
15862,202611,1,0.1649992441002558
15863,202611,1,0.13853542993125628
15868,202611,0,0.20554502997717958
15871,202611,0,0.12701588173328524
15873,202611,0,0.10365809725499786
15876,202611,0,0.13800585804740925
15880,202611,1,0.12533285210754666
15883,202611,0,0.13059190204381274
15884,202611,0,0.09927259687056283
15887,202611,0,0.10650667119328089
15888,202611,0,0.11565053004914036
15889,202611,1,0.13659436270709516
15890,202611,0,0.13118587465302067
15891,202611,0,0.14671427577654841
15892,202611,0,0.13263220737829978
15893,202611,0,0.12521443136165775
15897,202611,0,0.09550091700527515
15898,202611,0,0.24506554598032818
15902,202611,0,0.1713671396149391
15903,202611,0,0.06925884616936596
15904,202611,1,0.156940544107725
15905,202611,0,0.14674495362237816
15910,202611,0,0.13320477299831504
15911,202611,0,0.1354275497801727
15912,202611,0,0.13014878116062178
15916,202611,0,0.062457943721479524
15917,202611,0,0.05056113713625031
15924,202611,0,0.1682111539783404
15930,202611,0,0.16353366051913606
15932,202611,0,0.16911035698284899
15937,202611,0,0.1324808449780676
15938,202611,1,0.1390226713955876
15940,202611,0,0.14386809029549377
15942,202611,0,0.13353616774012295
15943,202611,0,0.2551023510206435
15944,202611,1,0.060699428411034935
15945,202611,1,0.1340340414652452
15946,202611,0,0.1349979012131431
15948,202611,0,0.05861483804485464
15949,202611,0,0.06386076516275649
15952,202611,0,0.12735938172998443
15953,202611,1,0.14839223600882154
15954,202611,0,0.058245064644673605
15956,202611,0,0.13450739699439013
15957,202611,0,0.10064734154855175
15960,202611,0,0.06143394439448525
15962,202611,0,0.11429907889894118
15965,202611,0,0.120330366077592
15968,202611,0,0.15475224087419076
15969,202611,0,0.1363848194576986
15975,202611,0,0.10874453099461627
15977,202611,0,0.2324321619939414
15982,202611,0,0.1351884763497143
15987,202611,1,0.15040005300702988
15988,202611,0,0.12108331911638226
15990,202611,0,0.0655083234268608
15991,202611,0,0.052801071628508174
15992,202611,0,0.06989153115031162
15993,202611,0,0.19528764322264214
15997,202611,0,0.12065368333794906
15998,202611,1,0.18863715169278128
16003,202611,0,0.11185403710825406
16009,202611,0,0.14200107959577943
16012,202611,1,0.13292823142441945
16014,202611,0,0.16175769048348698
16015,202611,0,0.1413426861740568
16016,202611,0,0.05611066186290134
16018,202611,1,0.20664668970335542
16019,202611,0,0.12467113310965008
16021,202611,1,0.13070432752377328
16026,202611,0,0.11751870123540978
16029,202611,0,0.1537604358673442
16030,202611,0,0.12762743062744564
16031,202611,0,0.04944523591893327
16032,202611,0,0.1387655511087703
16035,202611,1,0.15111517783542353
16037,202611,0,0.06326385108152448
16043,202611,1,0.10755756858406199
16045,202611,0,0.1645649659864938
16049,202611,0,0.15911212080386988
16051,202611,0,0.12794796179570234
16055,202611,0,0.18199737568322097
16061,202611,0,0.15850239724727763
16063,202611,1,0.13341534160195181
16064,202611,0,0.12953456050816217
16065,202611,0,0.06758826711179206
16076,202611,0,0.21724504379538626
16078,202611,0,0.22839854936784787
16085,202611,0,0.13935829645992745
16087,202611,0,0.05859434035430948
16088,202611,0,0.1629271264106216
16091,202611,0,0.14007631094092474
16092,202611,0,0.1363077094762152
16093,202611,0,0.14355965111844393
16095,202611,0,0.15837919436540573
16101,202611,0,0.10774033345292235
16102,202611,0,0.1479113357229071
16110,202611,0,0.15477242932403826
16111,202611,0,0.14261827669895075
16113,202611,0,0.16726002187403274
16118,202611,0,0.18081151106096152
16121,202611,0,0.0614589313770489
16123,202611,0,0.20115718890333398
16127,202611,0,0.12999440865644293
16129,202611,0,0.05586947559642171
16130,202611,0,0.12284255087680472
16133,202611,0,0.12910872223157943
16135,202611,0,0.13781897267828058
16136,202611,0,0.12886869508220303
16137,202611,0,0.17935389033543359
16138,202611,0,0.07169990790337022
16140,202611,0,0.16007934070915242
16141,202611,0,0.1426737124348099
16142,202611,0,0.12626795301135962
16145,202611,0,0.14933656266527265
16147,202611,0,0.15253551052829328
16148,202611,0,0.18589971935000732
16149,202611,0,0.15163255245698068
16158,202611,1,0.16242079151606098
16163,202611,0,0.24227686387426425
16166,202611,0,0.05122414600340121
16169,202611,0,0.11843043546386227
16172,202611,0,0.1420031357718018
16173,202611,0,0.1638610136418715
16176,202611,0,0.14167630488243305
16177,202611,0,0.14649732273919644
16179,202611,0,0.15239026635379224
16181,202611,0,0.056057244395069004
16182,202611,0,0.2743254344923964
16192,202611,1,0.21038000994361916
16193,202611,1,0.1289708444840266
16197,202611,0,0.16230616898008304
16198,202611,0,0.12673155564356567
16199,202611,0,0.12087050703022877
16201,202611,1,0.13813854476060203
16203,202611,0,0.11502013366174542
16204,202611,0,0.07800061953481623
16209,202611,1,0.15813693405246163
16218,202611,0,0.09143130095129753
16219,202611,0,0.17330141966498866
16220,202611,1,0.09430532155987388
16222,202611,1,0.24353536427708536
16226,202611,0,0.15694985876530676
16227,202611,0,0.1230020536344832
16228,202611,0,0.14822534276322707
16229,202611,0,0.14992857151941397
16230,202611,0,0.14167011862515175
16235,202611,0,0.12945766630278824
16237,202611,0,0.055160733638960936
16240,202611,0,0.11863467124129129
16242,202611,0,0.13413308572531957
16246,202611,0,0.1533975775161933
16247,202611,0,0.14487160332948812
16248,202611,0,0.13283428463477373
16254,202611,0,0.38335454808981184
16256,202611,0,0.14119179491283917
16258,202611,0,0.11461475195720537
16260,202611,0,0.04440254726989839
16266,202611,0,0.14833419401783662
16270,202611,0,0.14162869476067114
16271,202611,0,0.13356184001161592
16272,202611,0,0.13667410900354748
16274,202611,0,0.13466089296267317
16275,202611,0,0.1423986401054199
16276,202611,0,0.05717811838979376
16277,202611,0,0.13728510821182924
16278,202611,0,0.06086020155948638
16279,202611,0,0.13197566330864233
16280,202611,0,0.1657249849137462
16283,202611,1,0.3463498600563122
16284,202611,0,0.10942118668672932
16286,202611,0,0.10565821072476388
16288,202611,0,0.1526813111466322
16293,202611,0,0.115079830149577
16299,202611,0,0.24267255160806697
16300,202611,0,0.14283749810720642
16307,202611,0,0.12441926942500961
16314,202611,0,0.153753543658429
16315,202611,0,0.13561969678883246
16319,202611,0,0.15333426791970642
16320,202611,0,0.16303442043002422
16321,202611,0,0.13747718535986572
16325,202611,0,0.05506892976305136
16329,202611,0,0.055651542067277765
16333,202611,0,0.05987350716254025
16334,202611,1,0.12445978738969818
16335,202611,0,0.14982218984076612
16336,202611,0,0.15033476656576447
16338,202611,1,0.12702587748012717
16342,202611,0,0.15051190242339652
16343,202611,0,0.20974549363541148
16345,202611,1,0.11093714512907261
16346,202611,0,0.14532085644360257
16347,202611,0,0.12575742648899996
16348,202611,0,0.17686484342641362
16350,202611,0,0.06318342877409777
16352,202611,0,0.1054919784071904
16353,202611,1,0.059288972302596187
16354,202611,0,0.1477969808740331
16356,202611,0,0.1487868628039471
16357,202611,0,0.16301281123171119
16358,202611,0,0.11567520540885004
16362,202611,0,0.12088234842675442
16364,202611,0,0.056852806023418016
16367,202611,0,0.15008381885150196
16371,202611,0,0.1209637330516363
16374,202611,0,0.13758699847850558
16376,202611,0,0.14243988467756658
16377,202611,0,0.16907191574231376
16378,202611,0,0.16034161154740353
16381,202611,0,0.0841916538872999
16383,202611,1,0.1255103114986583
16384,202611,0,0.1392052015052972
16386,202611,0,0.1349926015028149
16388,202611,0,0.11951702019048698
16390,202611,1,0.1396474778769678
16391,202611,0,0.18575116491034457
16394,202611,0,0.13388425911245933
16397,202611,0,0.05938558633760457
16398,202611,0,0.15631324694849852
16400,202611,0,0.14292140922393154
16404,202611,0,0.15688804160730913
16409,202611,0,0.12066134027576705
16411,202611,0,0.10461798371570757
16414,202611,1,0.12194031527592492
16418,202611,0,0.25291665858836004
16420,202611,0,0.12522079108486894
16421,202611,0,0.1468847931240717
16425,202611,0,0.10500443796605423
16426,202611,0,0.1280051794218134
16429,202611,0,0.15092013765078613
16430,202611,0,0.1264304965472698
16431,202611,0,0.0542778121311029
16437,202611,0,0.06398415091970198
16438,202611,0,0.06486986062310728
16439,202611,0,0.10725229177795807
16440,202611,0,0.06181953774204689
16441,202611,0,0.15395409562884702
16446,202611,1,0.11869691880655993
16451,202611,0,0.12511716037727602
16461,202611,0,0.11987800916427746
16464,202611,0,0.23755830690624358
16466,202611,0,0.2108835276278589
16467,202611,0,0.11016398725917206
16468,202611,0,0.15312084398198134
16469,202611,0,0.1389674122917979
16470,202611,0,0.15189371212458935
16477,202611,1,0.2321958574946622
16483,202611,0,0.17182895684322555
16487,202611,1,0.18657789968123326
16488,202611,0,0.05856293684391468
16490,202611,0,0.061170507945654554
16496,202611,0,0.16929708707201238
16502,202611,0,0.06611187614346131
16510,202611,1,0.12830538484157514
16511,202611,0,0.05678977239175707
16512,202611,0,0.14154959950053575
16513,202611,0,0.13815701742854883
16514,202611,0,0.043109910175763246
16515,202611,0,0.04566226823379569
16517,202611,0,0.14244519288860868
16519,202611,1,0.060375445892497596
16520,202611,0,0.06273430779571532
16525,202611,0,0.15111470225850082
16526,202611,1,0.23060999020270215
16529,202611,0,0.12785003392984268
16532,202611,0,0.13725530630542848
16533,202611,1,0.11863482002532544
16536,202611,0,0.25536913459044575
16540,202611,0,0.07243516942011012
16542,202611,0,0.13879370955004616
16544,202611,1,0.22400649939078499
16548,202611,0,0.13091367942660237
16549,202611,0,0.10920979372098413
16551,202611,0,0.2943014655358986
16552,202611,0,0.13091534204130797
16557,202611,0,0.11984766923271725
16558,202611,0,0.11250049915229357
16559,202611,0,0.15085890969074675
16560,202611,1,0.14006453371044697
16561,202611,0,0.13571263546461523
16562,202611,0,0.13431357417903902
16564,202611,0,0.12588062668493827
16565,202611,1,0.2252694745615451
16566,202611,0,0.13632285565206667
16572,202611,0,0.1506868525987622
16573,202611,0,0.14707197571072134
16574,202611,0,0.15143021549184385
16575,202611,0,0.06984677552487761
16579,202611,0,0.17753794810039647
16580,202611,1,0.2475411218631372
16582,202611,0,0.10667051301967978
16584,202611,0,0.1612571320205726
16586,202611,0,0.12509618640211367
16588,202611,0,0.13909098298059328
16595,202611,0,0.13809298489229976
16597,202611,0,0.11254911064293817
16600,202611,0,0.14896847673940425
16601,202611,0,0.144198660410483
16606,202611,0,0.3075906670864539
16608,202611,0,0.06318945481377512
16611,202611,0,0.13613179293335873
16613,202611,0,0.15407859641252236
16615,202611,1,0.14522426787264023
16619,202611,0,0.13945060526367714
16622,202611,0,0.15072316293348845
16624,202611,0,0.13421674434780045
16626,202611,0,0.1575848084769134
16628,202611,0,0.12673401071956675
16629,202611,1,0.12098705416730589
16630,202611,0,0.1272028501068607
16631,202611,0,0.06963409467493015
16634,202611,0,0.13145014214551728
16638,202611,0,0.1584127044099179
16643,202611,0,0.12332057393756417
16645,202611,0,0.2013266163144748
16649,202611,0,0.1253524818001772
16651,202611,0,0.152938533865288
16652,202611,0,0.13744668669841514
16653,202611,0,0.09472261590722346
16659,202611,1,0.14104924613750314
16660,202611,1,0.11809251967297313
16669,202611,0,0.13601590199992936
16672,202611,0,0.14288131951030691
16674,202611,1,0.16209437720972822
16677,202611,0,0.16089811486472835
16679,202611,0,0.13949402914388528
16680,202611,0,0.13873440888804506
16681,202611,0,0.06017829320884792
16684,202611,0,0.04223167117855409
16685,202611,0,0.128338553707045
16686,202611,0,0.1765976926374318
16687,202611,1,0.12174258237174987
16688,202611,1,0.17260608028802374
16689,202611,0,0.10929528117844146
16690,202611,0,0.04428619875488536
16692,202611,0,0.12473917130657054
16693,202611,0,0.05261979244253533
16696,202611,0,0.0665282158348075
16697,202611,1,0.13461548009696034
16703,202611,0,0.20408500757105735
16704,202611,0,0.06471452928301438
16705,202611,1,0.14382063070601983
16707,202611,0,0.1337189745877909
16711,202611,0,0.1144187931461027
16713,202611,0,0.13205848382755067
16714,202611,0,0.40128723090902346
16716,202611,0,0.10907169038221011
16717,202611,0,0.1586892836353094
16718,202611,0,0.1275149753568724
16719,202611,1,0.15688684024456448
16720,202611,0,0.046118434676896025
16723,202611,0,0.12425622477640234
16724,202611,0,0.2280125065485523
16728,202611,0,0.25725478276180896
16730,202611,0,0.13615311377567355
16735,202611,1,0.17113736170357624
16741,202611,1,0.11687875270128088
16742,202611,1,0.0972480195820104
16743,202611,0,0.10435165355544544
16744,202611,0,0.06619796096186571
16748,202611,0,0.12886103104445637
16750,202611,0,0.1420879364054833
16752,202611,0,0.14409532313167145
16753,202611,0,0.12404237001775854
16755,202611,0,0.15699892344530178
16756,202611,0,0.060722366221338114
16760,202611,0,0.14242471489928998
16764,202611,0,0.059658217801350215
16770,202611,1,0.23107823569008265
16771,202611,0,0.12912976634606688
16772,202611,0,0.17767215923450727
16776,202611,0,0.14246714485069564
16777,202611,0,0.06385376316857655
16780,202611,0,0.15865828257749023
16781,202611,0,0.14905332350493908
16788,202611,0,0.1301775390756729
16792,202611,0,0.12855561560749704
16794,202611,0,0.17161508039087098
16795,202611,0,0.05159475957531443
16796,202611,0,0.07116764830464395
16798,202611,0,0.11915262730782748
16801,202611,0,0.15297055892718542
16802,202611,0,0.12889206613006218
16803,202611,0,0.15700091905885677
16809,202611,1,0.24640990055859846
16815,202611,0,0.12308106307288945
16816,202611,0,0.08381847498358283
16818,202611,0,0.15048305017803595
16819,202611,0,0.15929015479034592
16820,202611,1,0.15334854347542337
16824,202611,0,0.1252269247954465
16829,202611,0,0.13133478972005863
16833,202611,0,0.12538235758447686
16834,202611,0,0.13254375634938512
16846,202611,0,0.1264738687351718
16847,202611,0,0.15062048370537776
16848,202611,0,0.12905905525376157
16852,202611,0,0.11654332819188498
16853,202611,0,0.13766960830479416
16857,202611,0,0.12441269009064483
16858,202611,0,0.16471314642800391
16860,202611,1,0.14253282794221303
16861,202611,0,0.1356578071206404
16862,202611,0,0.16357700582785414
16867,202611,0,0.12329610397404188
16869,202611,0,0.12891482852042072
16870,202611,0,0.135384055844901
16872,202611,0,0.1427335277394566
16876,202611,1,0.15481413488706772
16877,202611,0,0.11634821789084765
16883,202611,0,0.11402519747022016
16890,202611,0,0.07628656544432065
16893,202611,0,0.13367845308759074
16894,202611,0,0.06479519077910932
16897,202611,0,0.11160992406466554
16901,202611,0,0.12880054278436165
16902,202611,0,0.10301531878134598
16906,202611,0,0.052322471015084186
16910,202611,0,0.07189800644903749
16911,202611,0,0.24365829954479043
16921,202611,0,0.10968173554448758
16923,202611,1,0.09935600911011454
16926,202611,0,0.16744713086993943
16928,202611,0,0.15062021806657455
16932,202611,0,0.1645137923507654
16933,202611,0,0.1363417273051252
16935,202611,0,0.13777043839917688
16943,202611,0,0.13793448370075015
16944,202611,1,0.1465619619973393
16947,202611,0,0.062321415913216986
16948,202611,0,0.13098501121760125
16949,202611,0,0.06072363479638928
16952,202611,1,0.25457396425155754
16953,202611,0,0.14994437293541107
16954,202611,0,0.11918537533353135
16956,202611,0,0.14151858552621413
16958,202611,0,0.060578374972351065
16959,202611,1,0.1301735820303531
16962,202611,0,0.13250200443158336
16969,202611,0,0.05798419335600429
16970,202611,0,0.05565890746793647
16972,202611,1,0.14465586060443206
16977,202611,1,0.1266872938363743
16979,202611,0,0.12915729069178972
16981,202611,0,0.1344567306966298
16983,202611,0,0.1341395221111194
16984,202611,0,0.11647533857867548
16985,202611,0,0.12119518863700052
16987,202611,0,0.15386995832615605
16989,202611,0,0.256202669852487
16990,202611,0,0.1590853037669704
16992,202611,0,0.1279690468636574
16994,202611,1,0.19498611761487686
16995,202611,0,0.1262961856910738
16997,202611,0,0.305805802635627
16999,202611,1,0.19141665719976056
17000,202611,0,0.16302796986005857
17002,202611,0,0.15185066030490632
17003,202611,0,0.16376361772948766
17004,202611,1,0.36733883294790304
17006,202611,0,0.22703138516840285
17007,202611,0,0.15566372221104563
17008,202611,0,0.04765861980170026
17014,202611,0,0.12316819512873926
17015,202611,0,0.14918084589191452
17017,202611,1,0.12321265333724718
17018,202611,0,0.16638628169538616
17020,202611,0,0.0799235267101118
17023,202611,1,0.1457507039058424
17024,202611,0,0.25678894173369554
17026,202611,0,0.22412718988711164
17028,202611,0,0.13523791764299414
17035,202611,0,0.12666488597191458
17038,202611,0,0.13038721813980012
17039,202611,1,0.13070023017686105
17041,202611,0,0.24338681808989787
17046,202611,0,0.16233351254035688
17052,202611,0,0.07239455743588985
17053,202611,0,0.06935292001423798
17056,202611,0,0.11352818458826912
17057,202611,1,0.1261941745282796
17063,202611,0,0.1351468976862845
17067,202611,1,0.15281960529415875
17068,202611,0,0.13291095698972283
17073,202611,0,0.05898733307252005
17077,202611,0,0.14858542586817974
17078,202611,0,0.12531516665198134
17079,202611,1,0.13535230686912467
17081,202611,0,0.13683472670813282
17083,202611,0,0.15469527752677006
17085,202611,0,0.13078026665123998
17086,202611,0,0.1438834617312881
17087,202611,0,0.1285549514382575
17088,202611,0,0.13968089401194692
17090,202611,0,0.13908730874650288
17093,202611,0,0.056210242565350205
17094,202611,0,0.057466232932425386
17095,202611,0,0.11855463261651673
17096,202611,0,0.07481147503641458
17099,202611,0,0.1832423928374759
17101,202611,0,0.1460959864139868
17102,202611,0,0.15369770840386382
17104,202611,0,0.13244987754540108
17105,202611,0,0.12938648450633985
17115,202611,0,0.11916481247057474
17116,202611,0,0.14954108571045793
17122,202611,0,0.058699786667260744
17123,202611,0,0.06659505403981017
17127,202611,0,0.137394008698856
17128,202611,0,0.15312003631933124
17129,202611,1,0.15391485195502327
17131,202611,0,0.16509722582550346
17136,202611,0,0.13537922978284714
17140,202611,0,0.08113441114938108
17141,202611,0,0.15497496046229972
17146,202611,0,0.11386079152079963
17147,202611,0,0.0542442358561688
17149,202611,0,0.16671866715992378
17155,202611,0,0.1467017151440163
17158,202611,0,0.20114142479936656
17159,202611,0,0.12194053649656919
17163,202611,0,0.13622887575052126
17164,202611,0,0.11890988839366833
17165,202611,0,0.1482289668400292
17167,202611,1,0.2655206682709002
17169,202611,0,0.20404726073348656
17170,202611,0,0.11471788759525862
17171,202611,0,0.1557640558428814
17172,202611,0,0.1014313883115369
17175,202611,0,0.3414135098263278
17177,202611,0,0.11618466144243048
17181,202611,0,0.12124654510410944
17183,202611,0,0.04903600429670662
17188,202611,0,0.12313697664265691
17189,202611,0,0.12973820056304872
17191,202611,0,0.10676041389555131
17192,202611,0,0.12334997926742616
17194,202611,0,0.1276980300309894
17210,202611,0,0.1156108150791979
17212,202611,0,0.15628146906368073
17219,202611,0,0.22648745642658025
17220,202611,0,0.14547792607520285
17225,202611,0,0.14162421173138434
17227,202611,0,0.14225456264655512
17228,202611,0,0.04737226017203266
17229,202611,0,0.05572121003133067
17231,202611,0,0.14240763517246313
17232,202611,0,0.15019264263756993
17233,202611,0,0.04933914751920647
17236,202611,1,0.12041163358250818
17237,202611,0,0.11587759781379679
17240,202611,0,0.15067790852990298
17241,202611,0,0.12937153829576614
17243,202611,0,0.11610307595145021
17246,202611,0,0.19356407947529938
17247,202611,0,0.09764201696999276
17251,202611,0,0.2522637413041537
17253,202611,0,0.11783879348743584
17254,202611,0,0.05294623352435342
17256,202611,0,0.05331770307268226
17257,202611,0,0.13826392512415547
17262,202611,0,0.10641934787192502
17267,202611,0,0.06962573923532406
17268,202611,0,0.1291397707345406
17269,202611,0,0.1202409319195646
17270,202611,0,0.15329675948044608
17271,202611,1,0.12155027832748218
17275,202611,0,0.1748899669964406
17276,202611,0,0.16908511594928655
17277,202611,0,0.24158099246211456
17279,202611,0,0.12754893994075206
17283,202611,0,0.061456111482399337
17285,202611,1,0.11071108753558631
17287,202611,0,0.13389897935404685
17288,202611,0,0.05828560164314999
17294,202611,0,0.12587641691014412
17295,202611,0,0.05370862108316714
17297,202611,1,0.14179442763423064
17298,202611,0,0.14634842162473732
17299,202611,1,0.24359310945360882
17300,202611,0,0.04538930237660699
17302,202611,0,0.14029514410852123
17303,202611,0,0.12279134441178016
17305,202611,0,0.14912413445714526
17306,202611,1,0.1620448721709903
17307,202611,0,0.17872029465356176
17310,202611,0,0.12085945389959778
17312,202611,0,0.0694726607530703
17316,202611,0,0.13845835063192957
17317,202611,0,0.11990825266403207
17318,202611,0,0.05179014323319486
17320,202611,0,0.04683615914949477
17323,202611,0,0.13438445119917272
17324,202611,0,0.11377941950879737
17328,202611,0,0.24027099261952206
17330,202611,1,0.1331657295820086
17332,202611,0,0.14088857626974488
17333,202611,0,0.10896139712322586
17335,202611,0,0.07165906071165712
17338,202611,0,0.12882625417112822
17340,202611,0,0.17034820253180516
17341,202611,1,0.11030831179719013
17344,202611,0,0.15162083752541647
17345,202611,0,0.1740633825132822
17348,202611,1,0.15718675707398014
17349,202611,0,0.1609010913420126
17351,202611,0,0.13479580492386084
17352,202611,0,0.13924511135121775
17354,202611,0,0.06609217955739015
17356,202611,0,0.20796693926902832
17357,202611,0,0.15238259935656656
17360,202611,1,0.2564277874409381
17361,202611,0,0.06737189967373296
17362,202611,0,0.16239999581670025
17363,202611,0,0.17106652855884255
17365,202611,1,0.3388137415370872
17366,202611,0,0.13942731036361858
17367,202611,0,0.11683038727042314
17369,202611,0,0.06446951876913798
17371,202611,0,0.15668033814922092
17373,202611,0,0.16397625396417373
17378,202611,0,0.14944080852390126
17380,202611,0,0.1564396793319717
17381,202611,1,0.12876545788765767
17382,202611,0,0.15134765090405805
17383,202611,0,0.12100748743306414
17387,202611,0,0.13472573271810298
17389,202611,0,0.1452531248367064
17391,202611,0,0.09608182347732507
17398,202611,0,0.1379615518894494
17399,202611,1,0.16456158309231603
17402,202611,0,0.12720428011229337
17405,202611,0,0.21993760740777937
17407,202611,0,0.056658963420807736
17409,202611,0,0.12623411251913208
17411,202611,0,0.14258424779685855
17412,202611,0,0.05214074848752496
17413,202611,0,0.12951087448497606
17415,202611,0,0.13645429036922455
17420,202611,0,0.1251465028176629
17421,202611,0,0.12506997301199335
17422,202611,0,0.12817887732116642
17428,202611,0,0.13636599475625757
17430,202611,0,0.12036953680267991
17433,202611,0,0.11955745724024168
17435,202611,0,0.14639794466487255
17438,202611,0,0.11456549283708532
17440,202611,0,0.0547429581074762
17441,202611,1,0.3323707347390904
17442,202611,0,0.1298266825742471
17444,202611,0,0.14263272146318182
17448,202611,0,0.15027850825532454
17449,202611,0,0.2023714130643847
17462,202611,0,0.1344630319727117
17464,202611,0,0.13724019308067908
17466,202611,0,0.06240791601974643
17468,202611,0,0.1694303792921381
17469,202611,0,0.1370342892499879
17472,202611,0,0.1190918327591317
17473,202611,0,0.15633116398340496
17475,202611,0,0.14358290158972248
17479,202611,0,0.05290067068449977
17481,202611,0,0.11555371701373791
17482,202611,0,0.14689306930881726
17485,202611,0,0.05199041324420935
17486,202611,0,0.21324971484086824
17487,202611,1,0.13146735467207463
17488,202611,0,0.1658775395300034
17489,202611,0,0.05096420972604938
17490,202611,0,0.11109581211586035
17491,202611,0,0.06692036607074373
17492,202611,0,0.13125062605924023
17494,202611,0,0.1093136732872904
17497,202611,0,0.22084183246636954
17500,202611,0,0.14012939152397133
17506,202611,0,0.15614330741206137
17507,202611,0,0.1414033755838708
17508,202611,0,0.24802982613706834
17509,202611,1,0.14375761211706514
17510,202611,0,0.10982827976340787
17512,202611,0,0.2158178885790774
17513,202611,0,0.14970522374428533
17515,202611,0,0.16722403755252213
17519,202611,1,0.15828859942187928
17520,202611,0,0.1589422074638508
17521,202611,0,0.12158134309488423
17522,202611,0,0.16247445405906544
17523,202611,0,0.12889447224323686
17524,202611,0,0.11555812559886339
17530,202611,0,0.25314835480043385
17532,202611,1,0.0638559795496299
17535,202611,0,0.16693766548894368
17536,202611,0,0.1254383336313074
17545,202611,0,0.12776512884633576
17548,202611,0,0.15241197087672081
17549,202611,0,0.13508535705316205
17553,202611,0,0.15804252012168654
17555,202611,0,0.16385459283316856
17557,202611,0,0.14205172340362035
17558,202611,0,0.12982198750336146
17559,202611,0,0.1535057702840936
17562,202611,0,0.16946047239461778
17564,202611,0,0.0574689407141589
17565,202611,0,0.22756860775746945
17566,202611,0,0.14385555811204895
17567,202611,0,0.15321215293709592
17568,202611,0,0.0536691250476857
17569,202611,0,0.13055764329587125
17572,202611,0,0.11326907112833698
17573,202611,0,0.16422334435158623
17574,202611,1,0.14104724219352782
17575,202611,0,0.13153497371114908
17577,202611,0,0.14520847531887682
17578,202611,0,0.13638399359469205
17580,202611,0,0.12085524180335382
17581,202611,0,0.15547386199148389
17584,202611,1,0.1081598492670332
17585,202611,0,0.12633228912040065
17586,202611,0,0.1621701565311668
17591,202611,0,0.13654278258634586
17594,202611,0,0.15689062474161353
17596,202611,0,0.12654562864993982
17599,202611,0,0.23041162207567895
17602,202611,0,0.1520760425298876
17603,202611,0,0.14929091890279525
17606,202611,0,0.05889080030763958
17614,202611,0,0.16212073501890398
17621,202611,0,0.15960945900841358
17624,202611,0,0.177467193407028
17626,202611,0,0.24684084408338502
17628,202611,0,0.06792569751790621
17629,202611,0,0.13320576395754954
17630,202611,0,0.19206282741325534
17631,202611,0,0.13065766306913212
17632,202611,1,0.21849005434500265
17633,202611,0,0.0858412491814749
17636,202611,0,0.16812189964785598
17641,202611,0,0.13137368602370647
17642,202611,0,0.2420209061610721
17645,202611,0,0.16316186087135529
17646,202611,0,0.19769685869655332
17650,202611,0,0.13983668095466792
17655,202611,0,0.11414613003102282
17659,202611,0,0.09555857410007144
17660,202611,0,0.15205531909347292
17662,202611,0,0.14150999372879972
17664,202611,0,0.07724730653042142
17671,202611,0,0.06288736083501081
17673,202611,0,0.14149865245167742
17676,202611,0,0.15553509851970848
17677,202611,1,0.1463477063008966
17679,202611,0,0.1658235191740282
17685,202611,0,0.1534111425416201
17694,202611,1,0.12004271241807891
17705,202611,0,0.169303063773809
17706,202611,1,0.13903492543522375
17708,202611,0,0.12341516618138697
17711,202611,0,0.15780704282931293
17714,202611,0,0.1595257918729476
17715,202611,0,0.05606389295904199
17718,202611,1,0.11597153184050035
17721,202611,0,0.12537970823104183
17724,202611,0,0.25255224488671707
17726,202611,0,0.14556283993760663
17728,202611,0,0.11584976850749365
17730,202611,0,0.12291517626154143
17732,202611,0,0.11897866847448878
17735,202611,0,0.27022103883430637
17737,202611,0,0.1055714420291807
17738,202611,0,0.16338225533713674
17739,202611,0,0.1456963979547049
17747,202611,0,0.13849229500130156
17749,202611,0,0.1386831893721582
17752,202611,0,0.12888279571221883
17753,202611,0,0.18586795702593295
17756,202611,0,0.11858433603662452
17757,202611,1,0.11442994443219394
17758,202611,0,0.08700706310937045
17760,202611,0,0.13847571254687902
17762,202611,0,0.1297298649750527
17763,202611,0,0.216118337378025
17769,202611,0,0.060635295269894834
17773,202611,1,0.2218907911391569
17775,202611,0,0.12537086069577932
17776,202611,0,0.05826195617810451
17781,202611,0,0.17025366450656437
17782,202611,0,0.10908714350486604
17783,202611,0,0.05580359340167246
17784,202611,0,0.16975188932128651
17785,202611,0,0.12171794017496448
17797,202611,1,0.12752792477033645
17798,202611,0,0.10298162343721556
17799,202611,0,0.14982989686702114
17800,202611,0,0.2716589269775913
17803,202611,0,0.11744347250148747
17804,202611,0,0.07423012156623966
17805,202611,0,0.09384716715517262
17808,202611,0,0.14444433497237183
17815,202611,1,0.1181312446937099
17817,202611,0,0.12710097675434368
17823,202611,0,0.2692868230308857
17824,202611,0,0.13827825668577062
17825,202611,0,0.1365015826388371
17827,202611,0,0.05916308135982737
17828,202611,0,0.14474295781077784
17830,202611,1,0.13045563371219648
17831,202611,0,0.10970088573522133
17834,202611,0,0.1157907094145291
17835,202611,0,0.2617802843954769
17837,202611,0,0.12454076380827885
17838,202611,0,0.16735125922955063
17839,202611,0,0.13145552542586794
17843,202611,0,0.16832134988308306
17846,202611,0,0.35533932423388725
17847,202611,0,0.1485534929850436
17848,202611,0,0.14337270778037445
17853,202611,0,0.07277314011943102
17856,202611,0,0.13663935810263425
17859,202611,0,0.12828795945289895
17863,202611,0,0.06625630375230188
17867,202611,1,0.11487085251092008
17868,202611,0,0.06419617720328369
17869,202611,0,0.12129684374481822
17870,202611,0,0.19957829158379634
17875,202611,0,0.06459099878019894
17876,202611,0,0.13273529656231306
17877,202611,0,0.13461145262962282
17879,202611,0,0.17061491165160114
17884,202611,0,0.1508592509622857
17885,202611,0,0.06258023934551249
17886,202611,0,0.06689029770403208
17890,202611,0,0.15328938723696156
17896,202611,1,0.1072868027712233
17897,202611,0,0.10003263242427049
17900,202611,0,0.09104229887412027
17901,202611,1,0.12448123602251113
17902,202611,0,0.14222779139149702
17903,202611,0,0.13373011115340133
17908,202611,0,0.14000863986286025
17914,202611,0,0.16763341989774252
17915,202611,0,0.14300322181596328
17916,202611,0,0.062355457339259186
17920,202611,0,0.14565033057907825
17921,202611,0,0.16851932799038782
17924,202611,0,0.15093562688539058
17925,202611,0,0.12514227939994593
17926,202611,0,0.10131152855504089
17927,202611,1,0.12337725123350896
17928,202611,0,0.21264740479358762
17930,202611,0,0.1307465545627431
17932,202611,0,0.10800257540172736
17933,202611,0,0.15361869191682168
17935,202611,1,0.1475434316222579
17939,202611,0,0.14922618689062608
17941,202611,0,0.24245661748629987
17942,202611,1,0.25056773993847703
17943,202611,0,0.21611961231409937
17944,202611,1,0.1503583380149954
17947,202611,0,0.0538182472998122
17948,202611,0,0.12074229264431062
17950,202611,0,0.13881995629646238
17956,202611,0,0.1340501745868115
17957,202611,1,0.23532144657769333
17959,202611,0,0.12588107740852256
17963,202611,1,0.12837965981949387
17964,202611,1,0.1338466839112181
17966,202611,1,0.1259377063035904
17968,202611,1,0.23062712728815396
17969,202611,1,0.13808734148354498
17970,202611,0,0.1671911976459429
17973,202611,0,0.13063888430535367
17974,202611,0,0.14266254624331237
17975,202611,0,0.12470235102405312
17976,202611,0,0.14444359364080098
17980,202611,0,0.10637553580380014
17986,202611,0,0.16117895254052228
17987,202611,0,0.06330928110000472
17990,202611,0,0.21128478025745043
17994,202611,0,0.12685088994673968
17999,202611,0,0.11664910609372604
18002,202611,0,0.06117056056764366
18003,202611,0,0.05152659250001913
18004,202611,1,0.3694499416350898
18005,202611,0,0.1934373592147929
18007,202611,0,0.20398471417351682
18008,202611,1,0.2235854560917467
18011,202611,1,0.11649029571940803
18013,202611,0,0.08696061690357818
18015,202611,0,0.053492936438327254
18016,202611,0,0.12302093844098921
18018,202611,0,0.12162215494891641
18019,202611,0,0.12832202521863204
18024,202611,1,0.1223886034488111
18026,202611,0,0.14029702496796131
18030,202611,0,0.15033854317976167
18032,202611,0,0.16093320446230047
18035,202611,0,0.1403192043168282
18039,202611,0,0.14414569039296093
18042,202611,0,0.12406661101203459
18044,202611,0,0.13378627567536666
18045,202611,0,0.12605698051919476
18046,202611,0,0.1333074673823129
18051,202611,1,0.08968198161792251
18052,202611,0,0.11798470599654337
18054,202611,0,0.06288966588349262
18055,202611,0,0.14040237386027396
18059,202611,0,0.10606383460637861
18064,202611,1,0.1606378808715895
18066,202611,0,0.14235670024077585
18072,202611,0,0.1618085738057269
18073,202611,0,0.05403788856623762
18077,202611,0,0.15775154066019675
18080,202611,1,0.11799535096944781
18081,202611,0,0.0539970018214415
18083,202611,0,0.12022727819750624
18084,202611,0,0.14300568715786724
18085,202611,0,0.12941023174333674
18086,202611,0,0.12620189472403368
18087,202611,0,0.1442739702522549
18090,202611,1,0.1293395881294879
18092,202611,0,0.15190311331096143
18093,202611,0,0.11027608794817677
18095,202611,0,0.06080730038836034
18097,202611,0,0.12089252129038375
18100,202611,0,0.14146726446634325
18101,202611,0,0.1182432481235729
18102,202611,1,0.13168753186231366
18103,202611,0,0.16721823048347903
18104,202611,0,0.15442622579381482
18105,202611,0,0.12679028522819902
18109,202611,0,0.11086100695492511
18110,202611,0,0.1633963534315167
18113,202611,0,0.19831909985923746
18115,202611,1,0.12120502447034419
18117,202611,0,0.07037163429413025
18119,202611,0,0.1390135098116379
18126,202611,0,0.18481938435448275
18127,202611,0,0.06294164876273262
18128,202611,0,0.04238390543847349
18129,202611,0,0.14107403385594874
18130,202611,0,0.12492981164512612
18136,202611,1,0.22040721116050885
18137,202611,0,0.36930603820023566
18138,202611,1,0.15236704663094744
18141,202611,1,0.15969729447322334
18142,202611,0,0.1451425414757792
18144,202611,0,0.043880914877449266
18145,202611,0,0.11863826267968262
18146,202611,0,0.1462137194927062
18149,202611,0,0.18741931151646435
18152,202611,0,0.053465254728973226
18153,202611,0,0.20775649866019222
18154,202611,0,0.15930092443513136
18155,202611,0,0.13257191706636867
18156,202611,0,0.17790678248224034
18161,202611,0,0.16418469753884227
18163,202611,0,0.07867496482122045
18165,202611,0,0.06762433850575095
18166,202611,0,0.1367953419310277
18168,202611,0,0.15491568973474631
18172,202611,0,0.050559811118330585
18174,202611,0,0.15882778163064834
18176,202611,0,0.06130346916745146
18177,202611,0,0.07481885790681857
18179,202611,0,0.15003154442130365
18180,202611,1,0.1577146114901157
18181,202611,0,0.16482616082491502
18182,202611,0,0.05498486584164578
18183,202611,0,0.13510926998256392
18187,202611,0,0.12690936900896124
18188,202611,0,0.2304115774123271
18189,202611,0,0.12982638397963608
18194,202611,0,0.14313996069233614
18196,202611,0,0.14754408760565024
18197,202611,0,0.15748598008576703
18198,202611,0,0.09493344906964192
18199,202611,0,0.14900942989570223
18201,202611,0,0.14824154821139646
18203,202611,1,0.05895453365649223
18205,202611,0,0.13466789446091426
18206,202611,0,0.13326788969902723
18207,202611,0,0.16947980248723096
18210,202611,0,0.12039039797639424
18212,202611,0,0.1274735119678341
18213,202611,1,0.14086435051474014
18214,202611,0,0.12136094755181501
18215,202611,0,0.12445063395652331
18216,202611,0,0.13603762584510531
18220,202611,0,0.07748265005689543
18221,202611,0,0.22249828830597185
18222,202611,0,0.05814945441384154
18223,202611,0,0.1951138033563249
18227,202611,0,0.1510060722780216
18228,202611,0,0.1598990999918274
18229,202611,0,0.05274936038252481
18232,202611,0,0.183578149780439
18234,202611,0,0.15065541651857361
18235,202611,1,0.16236577482177758
18239,202611,0,0.12906908473311643
18242,202611,1,0.12631245142096842
18243,202611,0,0.14998209912810867
18244,202611,0,0.060042190058703065
18245,202611,0,0.16568912335002617
18246,202611,0,0.10230133792168926
18248,202611,0,0.13498345481569846
18249,202611,1,0.1255993608126306
18250,202611,0,0.26553207563851844
18252,202611,1,0.14976430233913043
18253,202611,0,0.24701494552956105
18254,202611,0,0.12845019560265142
18256,202611,0,0.13139040080448652
18257,202611,0,0.12906575951396626
18262,202611,1,0.15163603960095465
18263,202611,0,0.05968020707123898
18264,202611,0,0.056654592024141505
18266,202611,0,0.13782267442154456
18267,202611,0,0.05002629275690813
18268,202611,0,0.10741275215612148
18269,202611,0,0.15602373150885201
18270,202611,0,0.15882596648873992
18271,202611,0,0.23691181323951901
18272,202611,0,0.11123854923013254
18273,202611,1,0.12116014741994777
18276,202611,0,0.15508495121400626
18277,202611,0,0.05905460014440253
18280,202611,0,0.12234964757389293
18282,202611,0,0.06532508984479574
18285,202611,0,0.14373459418049783
18288,202611,0,0.34306546189738324
18290,202611,1,0.12695677482274872
18291,202611,1,0.11927337058556088
18295,202611,0,0.06076954647074319
18296,202611,1,0.17150045582838538
18298,202611,0,0.1348808722694637
18300,202611,0,0.11267954846006369
18301,202611,0,0.1314577242501259
18302,202611,0,0.11026775315673161
18304,202611,0,0.06483581314823098
18305,202611,0,0.13407129370302945
18306,202611,0,0.21974494346142134
18307,202611,0,0.060729982493557405
18308,202611,0,0.06220508459949735
18309,202611,0,0.1308836753144641
18311,202611,0,0.15319104850189705
18313,202611,0,0.15193593574671643
18314,202611,0,0.15326594088707332
18317,202611,1,0.12734537061406598
18318,202611,0,0.1935444292158924
18320,202611,0,0.21155708968699297
18321,202611,0,0.12577565481920863
18325,202611,1,0.3088327630170123
18326,202611,1,0.12183286013262709
18330,202611,0,0.1441252710534277
18334,202611,0,0.1157456621737423
18336,202611,0,0.050628361353584395
18337,202611,0,0.12915433609889954
18338,202611,0,0.11076792737818653
18339,202611,0,0.13184382384078674
18341,202611,0,0.24009947120568514
18347,202611,0,0.07067624693096244
18354,202611,0,0.062101310328714694
18355,202611,0,0.06080534530053437
18356,202611,0,0.132063793066662
18358,202611,0,0.13022094919536767
18360,202611,0,0.18418594482867917
18361,202611,0,0.1393808331831808
18363,202611,0,0.1403151522306011
18364,202611,0,0.22241837219169175
18367,202611,0,0.13176006646445027
18368,202611,1,0.060368040596724896
18380,202611,0,0.046197612418960185
18383,202611,0,0.12272374920043867
18384,202611,0,0.10955429902400925
18385,202611,0,0.150346694107123
18386,202611,1,0.12850090173161993
18387,202611,0,0.3430836506278156
18390,202611,0,0.1320951007394661
18391,202611,0,0.1734938590654621
18392,202611,0,0.1286665984969986
18395,202611,0,0.3136557585508383
18396,202611,0,0.16747054959276164
18397,202611,0,0.1077269941278197
18399,202611,0,0.14917530547248314
18400,202611,0,0.2292537928307309
18403,202611,0,0.15590297612940643
18404,202611,0,0.12876484510237252
18406,202611,0,0.12814607156498065
18407,202611,0,0.24367210133328598
18411,202611,1,0.14267543984968042
18412,202611,1,0.13404598882957908
18413,202611,0,0.1259081654982479
18415,202611,0,0.1383748317099409
18417,202611,0,0.15496450127738662
18418,202611,1,0.11353132819025732
18420,202611,0,0.059862561582644046
18422,202611,0,0.111196254608316
18425,202611,0,0.06541692638540202
18426,202611,0,0.35477901412514085
18427,202611,0,0.04687590374165403
18428,202611,0,0.13951336894795108
18429,202611,0,0.1368858529968055
18430,202611,0,0.1364634455840603
18431,202611,0,0.1365966396705513
18432,202611,0,0.15411263653699406
18433,202611,0,0.3810930588781126
18435,202611,0,0.1496151752909104
18436,202611,0,0.11633067174116617
18437,202611,0,0.04814602153450034
18439,202611,0,0.10597713248207484
18440,202611,1,0.1349035801232766
18444,202611,0,0.12712846408541661
18446,202611,0,0.15192458676605278
18447,202611,1,0.13113855943627656
18448,202611,0,0.15123454192545746
18455,202611,0,0.1007471731021739
18457,202611,0,0.12067820851995373
18459,202611,0,0.16250814108554218
18460,202611,1,0.10838173012309085
18463,202611,0,0.1768412230497661
18464,202611,0,0.12302223305565473
18466,202611,1,0.15031203546756805
18467,202611,0,0.12628591638237166
18469,202611,0,0.1506735993291496
18471,202611,0,0.057505801694882466
18475,202611,0,0.12848266367733044
18476,202611,0,0.05836296724506273
18477,202611,0,0.11042982851279838
18478,202611,1,0.22545279154320613
18483,202611,0,0.10965351966137911
18488,202611,0,0.15445968069578409
18489,202611,0,0.06826659520899976
18490,202611,0,0.1212592236953073
18492,202611,0,0.27210732583592223
18493,202611,0,0.12304044891318035
18494,202611,0,0.146522624018948
18498,202611,0,0.1125732207448608
18502,202611,0,0.13940339079335645
18503,202611,0,0.06631166793150582
18504,202611,0,0.14201439131913718
18506,202611,0,0.11017756226686726
18507,202611,0,0.14633655518521047
18508,202611,0,0.14895034494251774
18512,202611,0,0.12950162908584473
18515,202611,0,0.04344916943486308
18517,202611,0,0.15743253056721168
18518,202611,0,0.12869578185726277
18520,202611,0,0.1356927668730108
18521,202611,0,0.11081062053913118
18522,202611,0,0.14124522892103059
18523,202611,0,0.14069162843623284
18524,202611,0,0.06833289263815968
18526,202611,1,0.23077694138358937
18530,202611,0,0.12320158093635335
18531,202611,0,0.1484306344469593
18532,202611,0,0.0573373457545001
18533,202611,0,0.15422332559414947
18534,202611,0,0.15469942325785485
18540,202611,0,0.12922155019671205
18542,202611,0,0.12358235771325192
18543,202611,0,0.12496963572821936
18544,202611,0,0.15384925375124422
18547,202611,0,0.13026222110803617
18549,202611,0,0.05956103301829136
18552,202611,0,0.13382112757097953
18553,202611,0,0.18945352935192109
18555,202611,0,0.13705691572411383
18558,202611,0,0.1592637184775647
18561,202611,1,0.12904630412555704
18565,202611,0,0.06302168563902497
18568,202611,0,0.24862229300236982
18570,202611,1,0.12122918943056944
18572,202611,0,0.1116437981595794
18575,202611,0,0.1459882494000631
18576,202611,0,0.1661876149081326
18579,202611,0,0.1433221840964885
18581,202611,0,0.14330939124739414
18583,202611,0,0.09920474818434823
18584,202611,0,0.05399054131967642
18585,202611,0,0.06511989584148348
18590,202611,0,0.0550278099987869
18593,202611,1,0.14184404770776998
18594,202611,0,0.13448724341352666
18595,202611,0,0.10654177462714717
18598,202611,0,0.11914512222704474
18600,202611,0,0.19385122438018343
18601,202611,0,0.3251420865020771
18602,202611,0,0.11612312896661194
18603,202611,0,0.23033023117111046
18604,202611,0,0.057542441941267106
18610,202611,0,0.12349017110034391
18611,202611,0,0.13396148663550025
18612,202611,1,0.15265220985442413
18613,202611,1,0.10105482622280078
18615,202611,0,0.1611958457222709
18617,202611,0,0.12857195660530502
18619,202611,0,0.16487833820500686
18623,202611,0,0.05647879691522911
18627,202611,1,0.23857638132267772
18630,202611,0,0.12405243340794744
18631,202611,0,0.15251472639430708
18632,202611,0,0.04926635756264718
18633,202611,0,0.1314075929332779
18635,202611,1,0.3754767598422636
18637,202611,1,0.33949432605373747
18638,202611,0,0.14166415230030507
18639,202611,0,0.11115859615992366
18640,202611,0,0.12424545481329713
18641,202611,0,0.055496870574583246
18645,202611,0,0.16996547803828863
18648,202611,0,0.10424064674155226
18649,202611,0,0.1311950061523355
18651,202611,0,0.11471774490795121
18653,202611,0,0.0860693813479227
18656,202611,0,0.15726483506523195
18657,202611,0,0.13471105354059298
18658,202611,0,0.13497353034154708
18659,202611,0,0.12599640361742748
18661,202611,0,0.1536352995386418
18663,202611,0,0.24110002410483872
18668,202611,0,0.14720937609718487
18669,202611,0,0.12399338885920583
18671,202611,0,0.14487380247047835
18672,202611,0,0.09785379696408128
18673,202611,0,0.14587149856679452
18679,202611,0,0.11088254863154866
18680,202611,1,0.14070908413526662
18689,202611,0,0.1402551057805967
18690,202611,0,0.16039741984817454
18692,202611,0,0.13306177273031963
18694,202611,0,0.13664900911242242
18695,202611,0,0.17360958085750802
18698,202611,0,0.14445140546463234
18699,202611,0,0.11541941701652143
18704,202611,0,0.15876292033911202
18706,202611,0,0.3314699347365447
18708,202611,1,0.1379967848876134
18709,202611,0,0.1522357237107183
18712,202611,0,0.16100701892296468
18713,202611,0,0.16573970354452858
18716,202611,1,0.2530920992547042
18717,202611,0,0.14876537758458708
18719,202611,0,0.3833176527949196
18721,202611,1,0.24623291553917742
18724,202611,0,0.12200193642120383
18725,202611,0,0.06208898206474003
18728,202611,0,0.14907551942827982
18729,202611,0,0.1266293846479225
18732,202611,0,0.06605191889892088
18733,202611,0,0.14167037817363162
18734,202611,0,0.0683668389611882
18735,202611,0,0.16145507700786585
18736,202611,0,0.16136453353821245
18739,202611,0,0.11807896317098544
18740,202611,0,0.14647827228731022
18742,202611,0,0.1589546642202919
18743,202611,0,0.25234508718775767
18744,202611,1,0.13315094322615845
18749,202611,0,0.04399664428390556
18750,202611,0,0.14415408748956193
18751,202611,0,0.12478196896684743
18753,202611,1,0.12873699441683
18754,202611,1,0.17096376582837533
18755,202611,0,0.11902041781461474
18756,202611,0,0.07673733899541328
18759,202611,0,0.14021065655072182
18760,202611,0,0.06373344371142067
18762,202611,0,0.15905156107742266
18763,202611,1,0.11422202918734567
18765,202611,0,0.13036051933342083
18766,202611,0,0.11635989640122443
18769,202611,0,0.1199324973478685
18772,202611,0,0.12657215033932198
18773,202611,0,0.07661127467593706
18774,202611,0,0.1484597125931168
18778,202611,0,0.13623457381047663
18780,202611,0,0.06789492591081489
18782,202611,0,0.1357494355243386
18784,202611,0,0.11005129113166245
18785,202611,0,0.13539538791066127
18786,202611,0,0.14507828470209924
18789,202611,1,0.14356144426816497
18797,202611,1,0.13120946607565914
18798,202611,1,0.056266349529173906
18801,202611,0,0.10596744725796108
18802,202611,1,0.13275602407557627
18804,202611,0,0.1358503569551269
18807,202611,0,0.15011988087431116
18810,202611,0,0.21908522365085611
18811,202611,0,0.1090292320985583
18812,202611,1,0.2742392193174871
18815,202611,0,0.11738236799753278
18816,202611,0,0.14348313715164346
18818,202611,0,0.14633942230042293
18819,202611,0,0.1674780856423173
18820,202611,0,0.15883302844033217
18821,202611,0,0.2348752618326432
18822,202611,0,0.17647214640222267
18825,202611,0,0.13752245506380487
18827,202611,0,0.2318343566259644
18831,202611,0,0.131585136272262
18832,202611,0,0.12417758018216683
18834,202611,0,0.20815651793422185
18835,202611,1,0.11017707564903566
18836,202611,0,0.12465410491221872
18837,202611,0,0.11420682873900458
18840,202611,0,0.07453389528659275
18842,202611,0,0.09893409509257999
18847,202611,0,0.12676761277049817
18849,202611,0,0.14131885973867386
18851,202611,1,0.22327025813602389
18852,202611,0,0.13468466981126892
18854,202611,0,0.14919468827940752
18855,202611,0,0.11852218737551944
18857,202611,0,0.12773959884550254
18859,202611,0,0.16357382855464203
18860,202611,0,0.17585985603183457
18861,202611,0,0.1541013486644751
18862,202611,0,0.050640043230115936
18864,202611,0,0.1315571865423202
18868,202611,0,0.11074421413491675
18870,202611,0,0.14282831724307493
18871,202611,0,0.05841777604857512
18872,202611,1,0.14970530859433132
18874,202611,0,0.1429314685650878
18875,202611,1,0.15043300793835704
18880,202611,0,0.1691733625298888
18882,202611,0,0.11073432496013264
18884,202611,0,0.12690342398715657
18885,202611,1,0.24979700093624113
18889,202611,0,0.16099323767486673
18892,202611,0,0.13665279081269763
18894,202611,0,0.23794217873423773
18895,202611,0,0.14244536761898396
18897,202611,0,0.16090868633417155
18898,202611,0,0.0590529303409953
18900,202611,0,0.19714194370677574
18902,202611,0,0.14791571370332612
18907,202611,0,0.16341971535423988
18908,202611,1,0.1190382648348395
18909,202611,0,0.1515935367024404
18910,202611,0,0.33085606599837836
18914,202611,0,0.14129697355788437
18917,202611,0,0.12287847824391271
18918,202611,0,0.12956688534426433
18919,202611,1,0.18938585743324463
18920,202611,1,0.13095004392671322
18921,202611,0,0.24306707165811997
18924,202611,0,0.13773623071175925
18925,202611,0,0.11971145209808753
18927,202611,0,0.14341340630363944
18928,202611,0,0.06065426319723548
18929,202611,0,0.11180381911034977
18930,202611,0,0.1342447585048945
18932,202611,0,0.151378429898494
18935,202611,0,0.04977540914119842
18938,202611,0,0.08773301288133706
18940,202611,0,0.116467285633756
18941,202611,0,0.13809915209905888
18942,202611,0,0.1558522614222015
18944,202611,0,0.05883419997515049
18946,202611,0,0.14178644600254123
18949,202611,0,0.11912331872087571
18952,202611,1,0.1629285659484676
18954,202611,0,0.05933833856307903
18956,202611,0,0.15780380217663975
18957,202611,0,0.065643243802859
18959,202611,0,0.15727080980099648
18960,202611,0,0.1092913063507968
18962,202611,0,0.15343335917061884
18963,202611,0,0.18104449828530894
18964,202611,0,0.23616696793796474
18965,202611,0,0.12875043772911554
18967,202611,0,0.11494722586461197
18969,202611,0,0.13755833863724004
18971,202611,0,0.22615583034680614
18973,202611,0,0.13281309708049446
18977,202611,0,0.11938962075402802
18978,202611,0,0.1604648112803932
18979,202611,1,0.12359395272899538
18981,202611,0,0.15908060777223662
18982,202611,0,0.06757616402725765
18983,202611,0,0.1494995188492313
18984,202611,0,0.13138386951095343
18985,202611,0,0.12973503589999008
18986,202611,0,0.13772657668194666
18987,202611,0,0.1333044725837165
18988,202611,0,0.10464666675789268
18991,202611,0,0.06866607855000424
18992,202611,0,0.12385856498653224
18993,202611,0,0.13198288501834435
18994,202611,0,0.25089492476239805
18995,202611,0,0.13375729216784127
18996,202611,1,0.12750415651032956
18997,202611,0,0.12742779390869852
18999,202611,0,0.12332467732966547
19002,202611,0,0.10344570126415885
19003,202611,1,0.3364374399898875
19004,202611,0,0.11186232306970295
19005,202611,0,0.112824056886271
19007,202611,0,0.09383148060260837
19010,202611,0,0.14551842335073809
19012,202611,0,0.1241617235733435
19013,202611,1,0.13890096138680294
19014,202611,0,0.11280724781608086
19015,202611,1,0.20332064863886454
19016,202611,0,0.14009164471178664
19017,202611,0,0.18404831075818903
19018,202611,0,0.12822816171057227
19019,202611,0,0.13851452486834182
19021,202611,1,0.13424410845405516
19022,202611,0,0.19543132994998716
19023,202611,0,0.25099365550507735
19024,202611,0,0.22605771682121947
19028,202611,0,0.13733883114606268
19029,202611,0,0.051107955615762084
19030,202611,0,0.06497802119190338
19031,202611,0,0.17879972680862605
19034,202611,0,0.15697159755425358
19035,202611,0,0.05269139579711516
19036,202611,0,0.16991301621806085
19037,202611,0,0.13109541488769974
19038,202611,0,0.14647682103463078
19040,202611,0,0.06480437643844589
19042,202611,0,0.2250319641674978
19043,202611,0,0.12212732747350395
19044,202611,0,0.10850108598153205
19046,202611,1,0.07393239265040022
19047,202611,0,0.22221688840300832
19048,202611,0,0.17681945659351186
19049,202611,0,0.14320666524829176
19051,202611,0,0.15521529242055165
19053,202611,0,0.12572466728741746
19054,202611,0,0.26692937006059925
19055,202611,1,0.15128780055524013
19056,202611,0,0.12338851050882044
19057,202611,0,0.1527980778428361
19058,202611,0,0.1360551299903233
19059,202611,0,0.10761157095449324
19060,202611,0,0.142426662756632
19062,202611,0,0.14880077147736082
19063,202611,1,0.16244607284353
19064,202611,0,0.15339440795893908
19071,202611,0,0.253963646985476
19078,202611,0,0.15169031465138327
19079,202611,0,0.1466949089801683
19080,202611,0,0.10792743759623144
19081,202611,0,0.05725893512291794
19085,202611,0,0.14861717106589709
19088,202611,0,0.15319499885403942
19089,202611,0,0.1464727841856222
19090,202611,0,0.14573921975399692
19091,202611,0,0.2500167207858067
19092,202611,0,0.10769745417615774
19094,202611,0,0.12947702574909006
19099,202611,0,0.16712979114718177
19100,202611,0,0.14744872309611967
19101,202611,0,0.07240682321140643
19103,202611,0,0.1486992118327581
19104,202611,0,0.16830161617068481
19105,202611,1,0.14527759857384467
19106,202611,0,0.13437761947040253
19107,202611,0,0.20728355932522755
19108,202611,0,0.15437310362642107
19109,202611,0,0.05836459453312613
19111,202611,0,0.12649803161748002
19112,202611,0,0.15948190371128929
19113,202611,0,0.11681621778385352
19114,202611,0,0.1326139767515495
19116,202611,0,0.15774317453018566
19117,202611,0,0.1737967065704225
19121,202611,0,0.14315371703766422
19125,202611,0,0.22446245638604795
19127,202611,0,0.1844379450853287
19128,202611,0,0.13536908420937127
19132,202611,1,0.15951258694702183
19134,202611,1,0.14673808567483265
19136,202611,0,0.1297245129167084
19137,202611,0,0.1198383784056311
19142,202611,0,0.15617944072649625
19143,202611,0,0.12028665899054418
19144,202611,0,0.14424763481117175
19146,202611,0,0.14279571580312617
19147,202611,0,0.11667126283171514
19152,202611,0,0.06534485168590728
19154,202611,0,0.05309702852877236
19157,202611,0,0.14573652272791623
19160,202611,0,0.1486410241844286
19161,202611,0,0.06382485583730638
19162,202611,0,0.22331127097832296
19164,202611,1,0.15479208668735708
19165,202611,0,0.05969598969824161
19167,202611,0,0.06080872232845298
19168,202611,0,0.16157784059899696
19171,202611,0,0.06865889551241275
19172,202611,0,0.060548138267411525
19173,202611,0,0.1470042315978873
19174,202611,0,0.1510049528327733
19175,202611,1,0.2649931406366289
19176,202611,0,0.13720686319301964
19177,202611,0,0.14350619302004658
19178,202611,0,0.0487176549259844
19179,202611,0,0.21293175769574663
19180,202611,0,0.19918052491467728
19182,202611,0,0.14779267866017748
19184,202611,0,0.1446402988441838
19185,202611,0,0.06113095352224472
19187,202611,0,0.05963993193669893
19189,202611,0,0.22798185099632365
19190,202611,1,0.20462544764402743
19191,202611,0,0.11250855567051364
19193,202611,0,0.13601022431061988
19194,202611,0,0.16519055935439536
19195,202611,1,0.15140767004909958
19197,202611,0,0.17547816997166293
19198,202611,0,0.12572888471206428
19200,202611,0,0.16200707752152668
19202,202611,0,0.06507072227724937
19204,202611,0,0.10367596251971045
19205,202611,0,0.13630722469539194
19206,202611,0,0.11399150062272566
19209,202611,1,0.21770272268893343
19212,202611,0,0.05764980522667912
19213,202611,0,0.13140988163610415
19214,202611,0,0.3887877084983011
19219,202611,1,0.19004582880798082
19220,202611,1,0.17223391822691128
19221,202611,1,0.18333037364534205
19222,202611,0,0.15760658044818188
19223,202611,0,0.1587256560171885
19225,202611,0,0.22393053739140326
19226,202611,1,0.13422652790839387
19228,202611,0,0.15265284128006562
19230,202611,0,0.3499487646998023
19234,202611,1,0.2585228605116526
19235,202611,1,0.11120975610752243
19236,202611,0,0.14505108158448488
19240,202611,0,0.15145432941193046
19241,202611,0,0.1423503529658764
19242,202611,0,0.13680146193460438
19243,202611,0,0.30987963468354907
19244,202611,0,0.12724281550779148
19246,202611,1,0.15532975002154736
19248,202611,0,0.13853244110754567
19249,202611,0,0.1507912626745473
19250,202611,0,0.12684375441871001
19251,202611,0,0.15558940366713986
19254,202611,0,0.13976689505024378
19255,202611,0,0.13799551690573503
19257,202611,1,0.06517411689343182
19258,202611,0,0.1652893266732268
19259,202611,0,0.1348562219916007
19260,202611,0,0.2463693426614734
19261,202611,0,0.11902252922891948
19262,202611,0,0.0711813026725408
19264,202611,0,0.14086948300445148
19265,202611,0,0.18102179914752756
19266,202611,0,0.15924764955534823
19270,202611,0,0.13298434488311653
19271,202611,0,0.12646724411831234
19274,202611,0,0.14534130150626234
19275,202611,0,0.1505602295590876
19276,202611,0,0.08317327707046951
19278,202611,0,0.054823377217769594
19280,202611,0,0.12313639812088079
19281,202611,1,0.35677086594406054
19282,202611,0,0.15350546002131107
19285,202611,1,0.1364411340010595
19287,202611,0,0.17196303609681451
19288,202611,0,0.1409163965231548
19290,202611,0,0.1460570424248754
19291,202611,1,0.23397738970576215
19293,202611,0,0.1518563398195539
19295,202611,0,0.20535474189653585
19297,202611,1,0.062171181952278276
19298,202611,0,0.18363478140615527
19299,202611,0,0.19925422881977078
19300,202611,0,0.062472815587476575
19301,202611,0,0.1236956779966384
19302,202611,1,0.14503035193169467
19304,202611,0,0.13240039666090894
19305,202611,0,0.1595177930862429
19306,202611,0,0.1112968848193103
19309,202611,0,0.16009073347450645
19310,202611,0,0.13422037013507343
19311,202611,0,0.23359721307931403
19313,202611,0,0.18388045824577437
19314,202611,1,0.1730920151245308
19315,202611,1,0.14694340950634763
19317,202611,0,0.1407276043454655
19320,202611,0,0.16482471308048602
19322,202611,0,0.04392053501295233
19323,202611,1,0.1359050742164485
19324,202611,0,0.16621966041269912
19325,202611,0,0.1462240110560369
19326,202611,0,0.12140612337885898
19328,202611,0,0.1280954556568136
19330,202611,0,0.14836726629185615
19331,202611,0,0.4085071269350654
19332,202611,0,0.14125974540876485
19334,202611,0,0.14410531166471535
19337,202611,0,0.13806985552574105
19338,202611,0,0.13733601069362902
19340,202611,0,0.12722568349689056
19341,202611,0,0.1267348606158354
19342,202611,0,0.13765577516465588
19343,202611,0,0.15089164562606305
19347,202611,0,0.3126661988425712
19348,202611,0,0.1552321158251202
19349,202611,0,0.22599490805711633
19351,202611,1,0.11701384049192771
19352,202611,1,0.06863886973769984
19353,202611,1,0.13297540727581805
19354,202611,0,0.14517701619586984
19356,202611,0,0.13598042895830312
19357,202611,0,0.13330616132784257
19358,202611,0,0.20834105742525605
19361,202611,0,0.09096082350655431
19362,202611,0,0.1421041870269098
19365,202611,0,0.13121579147905865
19366,202611,0,0.1334616796874421
19367,202611,0,0.16515603614106603
19369,202611,0,0.13245394588115067
19370,202611,1,0.21648548191428052
19372,202611,0,0.14973334398290508
19376,202611,0,0.05206683396644275
19377,202611,0,0.1361143659610955
19382,202611,0,0.06329724065159775
19383,202611,0,0.23318831013654193
19384,202611,0,0.15299745724125594
19385,202611,0,0.14479261034121962
19386,202611,0,0.15798813041836784
19388,202611,0,0.12835496476396197
19390,202611,1,0.12318171508318558
19392,202611,0,0.13732630681680386
19393,202611,0,0.16780674884808844
19394,202611,0,0.11734900490747675
19395,202611,0,0.23166775955732877
19396,202611,0,0.13534770453939166
19397,202611,0,0.11303744530519531
19399,202611,0,0.15951489746493033
19400,202611,0,0.15122420596970407
19402,202611,0,0.14031623062353604
19403,202611,0,0.1480343273899046
19404,202611,0,0.11736429493113408
19405,202611,0,0.13159340650383794
19406,202611,0,0.13840983684777206
19408,202611,0,0.11262430379572202
19412,202611,0,0.1692350915704166
19413,202611,1,0.15037286885061787
19414,202611,0,0.14540406928567337
19419,202611,0,0.24436630236962711
19421,202611,0,0.1658154072066931
19424,202611,0,0.12075416185108889
19425,202611,1,0.13032715884983986
19426,202611,1,0.13190080332507473
19428,202611,1,0.1327756047407042
19429,202611,0,0.38566094537415946
19431,202611,0,0.144945529165838
19432,202611,0,0.14311972285787575
19434,202611,0,0.06446588648524396
19435,202611,0,0.13132363263813054
19436,202611,0,0.14094982168705533
19438,202611,0,0.11164980681865269
19439,202611,0,0.24655037053506038
19441,202611,0,0.06167684322727468
19442,202611,0,0.06886782525661944
19443,202611,0,0.12826478500535093
19447,202611,0,0.10514662020541886
19448,202611,0,0.12159929310460163
19449,202611,0,0.09041941013368444
19450,202611,0,0.14861438212065764
19452,202611,0,0.1256982697540196
19455,202611,0,0.2577892283517609
19458,202611,0,0.1484092342544945
19459,202611,0,0.15563628319206177
19460,202611,0,0.1355003395637592
19461,202611,0,0.056982115231768896
19462,202611,0,0.11366494196496355
19463,202611,0,0.12380682838391316
19468,202611,0,0.16507205762744162
19469,202611,0,0.05121988057640723
19470,202611,0,0.3594499448189063
19471,202611,0,0.2123954790818025
19472,202611,0,0.13324989680783553
19474,202611,0,0.15052246022101032
19475,202611,0,0.11849393402042331
19477,202611,0,0.14773895749924726
19478,202611,0,0.1206491218863326
19479,202611,0,0.2655199319307314
19482,202611,0,0.1451791212419017
19484,202611,0,0.25632755265594487
19487,202611,0,0.11830882631252743
19489,202611,1,0.24159839463578978
19492,202611,0,0.13374090347781128
19495,202611,0,0.11922298444407711
19502,202611,0,0.1380780900822154
19505,202611,0,0.09971579684145926
19506,202611,0,0.11449432146973819
19507,202611,0,0.11784624192221911
19510,202611,0,0.12219877554536786
19511,202611,0,0.3815545279862237
19512,202611,0,0.06638943439318488
19514,202611,1,0.12794161708880913
19515,202611,0,0.1357151730538353
19520,202611,0,0.144716929032504
19521,202611,0,0.15326695415340033
19524,202611,1,0.21515403122960108
19526,202611,0,0.16884724503100026
19527,202611,0,0.13763236593591585
19531,202611,0,0.2579093906781074
19532,202611,0,0.12542511284577826
19534,202611,0,0.15117648111003204
19538,202611,0,0.15582362757505067
19539,202611,0,0.048019834275184366
19542,202611,0,0.10397313651257167
19543,202611,0,0.1231967211564463
19545,202611,0,0.15642204013552785
19546,202611,0,0.14099508788283874
19548,202611,0,0.1786083999843723
19549,202611,1,0.2734649227920505
19550,202611,0,0.17083216101277426
19552,202611,0,0.1265032248876877
19553,202611,0,0.04585855552586885
19554,202611,0,0.11653633077924949
19555,202611,0,0.13398501267488452
19556,202611,0,0.1427835252097126
19557,202611,0,0.12345112597053276
19561,202611,0,0.13630332069398593
19562,202611,1,0.13209388037102304
19563,202611,0,0.1619882640955029
19568,202611,1,0.12438682634061381
19570,202611,0,0.12035263383088694
19572,202611,0,0.14260334063733135
19574,202611,0,0.2536478712943601
19576,202611,1,0.22329234671641449
19578,202611,0,0.1258112613679162
19579,202611,0,0.13934621170415817
19582,202611,0,0.1777215273524615
19586,202611,0,0.06273627561321937
19587,202611,0,0.09975437647450681
19589,202611,0,0.09979026750954685
19590,202611,0,0.06087866391340568
19592,202611,0,0.13516526623381017
19594,202611,0,0.06155938311125066
19595,202611,1,0.13838550630524382
19596,202611,0,0.2101418000398778
19597,202611,1,0.1485669066040704
19599,202611,0,0.12159402996311328
19600,202611,0,0.11932830594460513
19601,202611,1,0.12793238431154866
19603,202611,0,0.1177298581083041
19604,202611,0,0.12875586895115854
19605,202611,0,0.1600415723348781
19606,202611,1,0.16873385882921643
19607,202611,0,0.08372364749906606
19609,202611,1,0.1480060526599784
19613,202611,1,0.16368205666853264
19616,202611,0,0.05957527790894802
19618,202611,0,0.06161623545555647
19619,202611,0,0.052595610196970045
19620,202611,0,0.11990767264568025
19623,202611,0,0.12111500492879021
19624,202611,0,0.17694811717321882
19625,202611,0,0.13753127446962182
19626,202611,0,0.1596570624397731
19628,202611,0,0.1446038286032245
19629,202611,0,0.16041972582203373
19630,202611,1,0.05170252798248274
19631,202611,0,0.11936961314821598
19633,202611,0,0.14284909153872713
19634,202611,0,0.13562289213456075
19635,202611,0,0.251082906439634
19636,202611,0,0.1489066399641415
19637,202611,0,0.13565772096364187
19639,202611,0,0.15315140250229267
19643,202611,0,0.14795285491617838
19644,202611,0,0.14905303216206695
19645,202611,0,0.1765001153724483
19647,202611,0,0.1562807165940163
19649,202611,0,0.1618197990364904
19650,202611,0,0.12761996281470622
19652,202611,0,0.15585413280724483
19653,202611,0,0.16464260921357468
19656,202611,0,0.11844540434265045
19660,202611,0,0.15800675248902044
19662,202611,1,0.12537565418790372
19663,202611,0,0.15323294563905437
19664,202611,0,0.14850893533581921
19666,202611,0,0.15393112479030166
19667,202611,1,0.11512059384804266
19668,202611,0,0.12685674745422523
19671,202611,0,0.11057178640481562
19672,202611,0,0.141564777393382
19674,202611,0,0.20564174552053213
19675,202611,0,0.13511287119935264
19676,202611,0,0.1478866614800123
19677,202611,1,0.14233403146019918
19678,202611,0,0.15614020506599272
19679,202611,0,0.13315790484863244
19680,202611,0,0.1883589244671538
19681,202611,0,0.1457380998806629
19682,202611,0,0.11761358745602181
19683,202611,0,0.15503692575428316
19684,202611,0,0.11259613011499701
19686,202611,0,0.12921026597707422
19687,202611,0,0.15373933858228334
19689,202611,1,0.13197775546415247
19691,202611,0,0.14078298836380632
19692,202611,0,0.12325838824423829
19698,202611,0,0.21564939502417382
19699,202611,0,0.13930365292148977
19700,202611,0,0.13134168781732658
19702,202611,0,0.12319086707088699
19706,202611,0,0.16262388015289578
19707,202611,0,0.36106519964471
19708,202611,0,0.1440685778343078
19709,202611,0,0.15403272767080037
19710,202611,0,0.11020767558310081
19711,202611,0,0.1496542894023068
19713,202611,0,0.08720043024492839
19714,202611,0,0.13826498650734642
19716,202611,0,0.15809590231393333
19718,202611,0,0.12021542690195683
19719,202611,0,0.1504468001772816
19720,202611,0,0.11330989040156778
19722,202611,1,0.15429054390090743
19724,202611,0,0.06284067925369362
19726,202611,0,0.2213826531979997
19727,202611,0,0.1501735723474023
19728,202611,0,0.05743377603048566
19729,202611,0,0.16425368295517306
19731,202611,0,0.2116311648214098
19733,202611,0,0.14632371442330583
19735,202611,0,0.1158619747362702
19736,202611,0,0.1586089373410039
19740,202611,1,0.14888902502725596
19743,202611,0,0.13962451804916873
19744,202611,0,0.1471673094255657
19746,202611,0,0.1290398964736916
19748,202611,0,0.1251046413434496
19750,202611,0,0.143811285259764
19751,202611,0,0.2210453807682118
19753,202611,0,0.1274305895685319
19754,202611,0,0.13709905551167287
19758,202611,0,0.09815032149115334
19760,202611,0,0.16363012570503088
19766,202611,0,0.06725007432944605
19769,202611,0,0.05498716585996852
19770,202611,0,0.14398097818338654
19771,202611,1,0.2617139533419453
19775,202611,0,0.15812052021012699
19778,202611,0,0.1119260251979107
19779,202611,0,0.051220872769952935
19781,202611,0,0.12629387069903
19782,202611,0,0.3444229537088149
19783,202611,0,0.12706238534196962
19784,202611,0,0.04832128164866364
19785,202611,0,0.25162632497912185
19786,202611,1,0.12959908923922986
19788,202611,0,0.24255327487383516
19790,202611,0,0.13398347305010086
19791,202611,0,0.05485862543846197
19792,202611,0,0.046750563523721
19793,202611,0,0.11953658675233925
19794,202611,1,0.162355246464066
19795,202611,0,0.12219941535251073
19797,202611,0,0.24161421944909156
19798,202611,1,0.14300820021908434
19802,202611,0,0.06403316870269432
19803,202611,0,0.1693746299991342
19804,202611,1,0.13383969000810664
19805,202611,0,0.14092399012821308
19806,202611,0,0.15022163216487
19810,202611,0,0.15841937241658388
19811,202611,1,0.1453158730670078
19813,202611,0,0.07011862378407319
19818,202611,0,0.11449808247390382
19819,202611,0,0.14618091148867424
19820,202611,0,0.15760660617179448
19824,202611,0,0.1934579205924085
19828,202611,0,0.09872602904418533
19830,202611,0,0.1391918833704463
19831,202611,0,0.26532460572427163
19832,202611,0,0.05858732131390232
19833,202611,0,0.18023275384791002
19834,202611,0,0.14710282438431843
19835,202611,0,0.13538456186521364
19836,202611,0,0.1270691431822942
19838,202611,0,0.14169003317916276
19839,202611,0,0.14381755772856017
19841,202611,0,0.1434720715544386
19843,202611,0,0.11222929632005806
19844,202611,0,0.12580261585227256
19845,202611,0,0.13850182206640022
19846,202611,1,0.16280986470426856
19847,202611,0,0.2189478376223183
19848,202611,0,0.1611566955023302
19851,202611,0,0.20214285798429546
19853,202611,0,0.15636834058072482
19855,202611,0,0.13800018368771227
19857,202611,0,0.15103064276161535
19858,202611,0,0.13704752826520297
19861,202611,0,0.06593512069061247
19867,202611,0,0.15684439746366285
19868,202611,0,0.15918779689950693
19871,202611,0,0.12826232716303632
19872,202611,1,0.222593330683212
19874,202611,1,0.20162903093039236
19875,202611,0,0.1512147001786399
19876,202611,1,0.14734060253333478
19878,202611,0,0.14259225233563583
19879,202611,0,0.06032560132949209
19881,202611,0,0.1903257425636953
19882,202611,0,0.12466104686725532
19883,202611,0,0.11045140140408195
19884,202611,0,0.2294935956836827
19887,202611,0,0.36357323306111117
19889,202611,0,0.14496975008486293
19890,202611,0,0.1396993985513587
19891,202611,1,0.11967721105379167
19893,202611,0,0.20529416260333425
19894,202611,0,0.27224289908347404
19896,202611,0,0.1452616872192857
19898,202611,0,0.3574541890880015
19900,202611,0,0.2588977055799083
19901,202611,0,0.1510704637016446
19904,202611,0,0.1589315144200727
19906,202611,0,0.3768543616693491
19913,202611,1,0.1211952001507781
19914,202611,0,0.05720052751378865
19916,202611,0,0.06290908138819462
19920,202611,0,0.23364983127186525
19921,202611,0,0.05785103475018611
19922,202611,0,0.13419328030288188
19924,202611,0,0.26719654952627186
19925,202611,0,0.14176005029999716
19926,202611,0,0.16757129120216474
19932,202611,1,0.15688190735090007
19935,202611,0,0.05155417046144923
19936,202611,1,0.16736760636278722
19937,202611,0,0.12377516811939825
19938,202611,0,0.12925349270163836
19939,202611,1,0.15734912904398485
19940,202611,1,0.13438506201930348
19941,202611,0,0.14352637040291544
19943,202611,0,0.11523663998596301
19946,202611,0,0.1503525191655037
19949,202611,0,0.06805651635380718
19953,202611,0,0.14784478422164943
19955,202611,0,0.14452852745144254
19957,202611,0,0.1529590157058601
19958,202611,0,0.1324343752886314
19959,202611,0,0.19801357606209233
19960,202611,0,0.128167263193218
19963,202611,0,0.11924363260117521
19964,202611,0,0.3283212872879417
19965,202611,0,0.1671844287682237
19966,202611,0,0.1503271257536161
19967,202611,0,0.1251906657580654
19968,202611,0,0.17159362382748072
19969,202611,0,0.04490052009162622
19970,202611,0,0.07400055188614062
19972,202611,0,0.10675090683965366
19973,202611,0,0.14461251171311593
19974,202611,0,0.11300028431057864
19975,202611,0,0.1455456917067546
19977,202611,0,0.2617586812236811
19981,202611,1,0.31972355854221496
19982,202611,1,0.14335035643730504
19983,202611,0,0.05759336482034915
19984,202611,0,0.08159712266386333
19986,202611,0,0.23852523158276134
19987,202611,0,0.14941729190727782
19988,202611,0,0.14101230983614735
19989,202611,0,0.0940487415978483
19993,202611,0,0.10304351497738062
19994,202611,1,0.13544930006142514
19995,202611,0,0.11137828932161274
19996,202611,0,0.14347521852745468
20000,202611,1,0.05990603713223517
20001,202611,0,0.1610288246653751
20003,202611,0,0.125715034710984
20004,202611,0,0.1586244880400501
20006,202611,1,0.12013125308287011
20010,202611,1,0.21222777208428448
20011,202611,0,0.2643137973623032
20016,202611,0,0.20744006961195424
20019,202611,0,0.1473248711673607
20020,202611,0,0.11150277436671276
20023,202611,1,0.13007740397566547
20024,202611,0,0.13928330803733546
20025,202611,0,0.2332406987365047
20027,202611,0,0.15104760925929925
20030,202611,0,0.15893671999206582
20031,202611,0,0.0575936255001138
20032,202611,0,0.1282432526395985
20034,202611,0,0.15441609368086456
20035,202611,0,0.14461404235419595
20037,202611,0,0.069004607068381
20039,202611,0,0.1508783554935167
20040,202611,0,0.13939732926697412
20041,202611,0,0.14501275783167333
20042,202611,0,0.16512799956678198
20043,202611,0,0.1579054848098687
20045,202611,0,0.1192911008884467
20047,202611,0,0.14416539339361903
20048,202611,0,0.25164322712062875
20049,202611,0,0.12740938275290317
20051,202611,0,0.25544145277183333
20053,202611,0,0.15099368349822123
20055,202611,0,0.14680885901341525
20057,202611,0,0.23463417428382768
20058,202611,0,0.15609295491190794
20061,202611,0,0.14256260699221407
20063,202611,1,0.1436731778731147
20065,202611,0,0.14988539326506478
20066,202611,0,0.12377727116616352
20067,202611,0,0.1520659303249177
20068,202611,0,0.058282331252526104
20069,202611,1,0.25531139328336316
20070,202611,0,0.16294922140119633
20072,202611,0,0.12658728393178814
20073,202611,0,0.17502085619957378
20075,202611,0,0.17565025430798903
20077,202611,0,0.22325466447676587
20078,202611,0,0.1354077155363761
20079,202611,0,0.15381624150419101
20083,202611,0,0.12255807461001213
20084,202611,0,0.10510839836162707
20085,202611,0,0.1535686901512276
20086,202611,0,0.06995200466982655
20088,202611,0,0.1320062761434246
20089,202611,0,0.14523483292861358
20090,202611,0,0.0708717747513274
20091,202611,0,0.2765211372847716
20094,202611,0,0.13834125960533547
20096,202611,0,0.14841460263897874
20098,202611,0,0.11583646913670162
20100,202611,0,0.1400607302244696
20102,202611,0,0.16450329300076197
20103,202611,0,0.17330641876036867
20104,202611,0,0.16774278974516818
20106,202611,0,0.12744514378941424
20107,202611,1,0.25528481612891946
20108,202611,0,0.41779460109842204
20110,202611,0,0.14123067277488585
20115,202611,1,0.06131912072426368
20117,202611,0,0.16580796168996922
20118,202611,0,0.32420377264577777
20119,202611,0,0.12626672989791587
20120,202611,0,0.2858231966819119
20121,202611,1,0.04716466862992524
20124,202611,1,0.1768725351803975
20126,202611,0,0.10870268782702303
20127,202611,0,0.11831464941010648
20129,202611,1,0.11967102092662396
20133,202611,0,0.1179115897302507
20138,202611,0,0.1301024883951306
20141,202611,0,0.13823182152488206
20145,202611,0,0.15291177246717896
20146,202611,0,0.060240519323831725
20148,202611,0,0.15495345101488517
20150,202611,0,0.14936359124632317
20151,202611,0,0.14176568724903676
20152,202611,0,0.15820871188416696
20156,202611,0,0.11659564776307807
20158,202611,0,0.15229113443412223
20160,202611,0,0.15440128889556592
20161,202611,0,0.06927586421676422
20162,202611,0,0.12502334092412745
20164,202611,0,0.16980048799060377
20165,202611,1,0.2740860749406762
20167,202611,0,0.11899275242028426
20169,202611,0,0.15309228586461202
20170,202611,0,0.1502240285833468
20171,202611,0,0.13276652915958626
20172,202611,0,0.0565330548710051
20174,202611,0,0.12241539693898949
20175,202611,0,0.14750075665381665
20177,202611,1,0.1345725300626997
20178,202611,0,0.13707468374372656
20181,202611,0,0.1430875951294605
20184,202611,0,0.059398746604813694
20186,202611,1,0.1873018761002503
20187,202611,0,0.23097957674002906
20189,202611,0,0.13739392671759576
20190,202611,0,0.14522316396638207
20191,202611,0,0.1271774414126128
20192,202611,0,0.14947877332639703
20193,202611,0,0.14667447701474065
20197,202611,0,0.2572067722237447
20198,202611,0,0.12076499358759722
20199,202611,0,0.12989236436960744
20201,202611,0,0.1485082182445787
20202,202611,0,0.11122352539067223
20203,202611,0,0.14169469706456886
20204,202611,0,0.12260706325624615
20205,202611,0,0.14776812967870845
20208,202611,0,0.058338736357098415
20210,202611,0,0.1383463025520902
20211,202611,0,0.13978570578311167
20212,202611,0,0.13949372987653075
20213,202611,0,0.15136128291693385
20214,202611,0,0.1553787872102098
20217,202611,0,0.11385153678242681
20218,202611,0,0.1358068915392714
20220,202611,0,0.14403146534574618
20221,202611,0,0.10942108828379697
20224,202611,1,0.3353731703857621
20225,202611,0,0.1339081589538846
20226,202611,0,0.1566610998425788
20229,202611,0,0.1398826567196495
20234,202611,0,0.19851690160456906
20238,202611,0,0.14339405597010152
20239,202611,1,0.20616199377235303
20241,202611,0,0.06929212644199538
20242,202611,0,0.14682884164971305
20243,202611,0,0.15621386331537326
20245,202611,0,0.15206006777143424
20248,202611,0,0.14730252664518714
20250,202611,0,0.1637673293192152
20251,202611,0,0.2345699461054498
20252,202611,0,0.13475141112910172
20253,202611,1,0.053881594430476555
20254,202611,1,0.1834918767625709
20255,202611,0,0.06169052367073177
20256,202611,0,0.14215901392485833
20257,202611,1,0.2205776396416243
20259,202611,0,0.04986513427468263
20260,202611,0,0.06866540811018708
20261,202611,0,0.12541641275193086
20262,202611,0,0.12831359712225487
20263,202611,0,0.11562382396616941
20264,202611,1,0.17229670862046248
20265,202611,0,0.05341561026812125
20266,202611,0,0.252446089311855
20269,202611,0,0.05657702472977327
20270,202611,0,0.1434762943838895
20274,202611,0,0.10287966508097596
20276,202611,0,0.22121519024892775
20277,202611,0,0.25872679040330243
20278,202611,0,0.12487061219626527
20282,202611,0,0.12565281311194695
20283,202611,1,0.125495221214488
20285,202611,0,0.13146840297703993
20286,202611,0,0.1580998851209538
20287,202611,0,0.059252279586106835
20288,202611,0,0.2300188365137998
20291,202611,0,0.2258169117729213
20292,202611,0,0.06800536611322877
20293,202611,0,0.14969176492578828
20294,202611,1,0.14608122625845738
20295,202611,1,0.3076175431204519
20296,202611,0,0.145176552252005
20300,202611,0,0.14600779046145088
20302,202611,0,0.13352696824154137
20303,202611,0,0.15190112391810337
20305,202611,0,0.15493157825161277
20306,202611,0,0.14916415962998378
20309,202611,0,0.12668232055605755
20313,202611,1,0.12030840455056223
20314,202611,0,0.23024364069813869
20315,202611,0,0.12975301990772334
20316,202611,0,0.13206899184060716
20317,202611,0,0.1215208145191015
20318,202611,0,0.1628653182968395
20319,202611,0,0.12642535050755216
20320,202611,0,0.1602355518832008
20322,202611,1,0.12072876663347168
20323,202611,0,0.15607407975821555
20324,202611,0,0.06344490304176577
20325,202611,0,0.05429759888124125
20326,202611,0,0.06642059933032463
20327,202611,0,0.11878805234482565
20330,202611,0,0.1168800369084225
20331,202611,0,0.16393578133628406
20338,202611,1,0.3527227196216722
20342,202611,0,0.15510599382057377
20343,202611,0,0.13452620468593732
20345,202611,0,0.18106228203426913
20346,202611,1,0.1458388571734252
20347,202611,0,0.06515409610699222
20348,202611,0,0.13416306990876173
20349,202611,1,0.1364034049945386
20352,202611,0,0.11242215066846618
20354,202611,0,0.06384162168093521
20355,202611,0,0.14076195699023777
20356,202611,0,0.25532616491691673
20357,202611,0,0.148526907959734
20359,202611,0,0.12717067242034572
20360,202611,1,0.07783885673265636
20361,202611,0,0.14951080613896825
20363,202611,0,0.05870971417049114
20365,202611,0,0.15209115394071845
20367,202611,0,0.3009426767840158
20369,202611,1,0.35024245545920574
20370,202611,0,0.06271569609692017
20372,202611,0,0.10605227398205902
20373,202611,0,0.1408511018102011
20375,202611,0,0.3512803146263714
20376,202611,0,0.13151708650567526
20377,202611,1,0.14451514122327094
20379,202611,0,0.06820021500951352
20380,202611,0,0.14813503892289934
20382,202611,1,0.056224923566015085
20383,202611,0,0.1338722424889429
20384,202611,0,0.1554822459713304
20385,202611,0,0.10857639892980023
20386,202611,0,0.12514469604746098
20387,202611,0,0.173980024920289
20389,202611,0,0.1308879466830394
20391,202611,0,0.16703464735112306
20392,202611,0,0.08021481460189143
20395,202611,0,0.1477275456075963
20396,202611,0,0.2495912702373867
20397,202611,1,0.24356417795923663
20398,202611,0,0.27774717331045445
20401,202611,0,0.1305912533299775
20403,202611,0,0.13582897731125423
20404,202611,0,0.1453659707496371
20406,202611,0,0.24505277794726965
20407,202611,0,0.15651078275381558
20409,202611,0,0.13589494214548933
20411,202611,0,0.13490642342810277
20412,202611,0,0.15943060435073736
20415,202611,1,0.11587023535451928
20418,202611,0,0.12001646070244555
20419,202611,0,0.12279222205382771
20420,202611,0,0.0537048852401254
20423,202611,0,0.12929510613100426
20425,202611,1,0.1499979003086305
20428,202611,1,0.24876762843641306
20429,202611,1,0.11787745889483812
20430,202611,0,0.15853782454702434
20432,202611,0,0.12574627898925886
20433,202611,0,0.34971088922052374
20434,202611,0,0.2452274608381801
20436,202611,1,0.11385916911185447
20437,202611,0,0.12019492384889632
20438,202611,0,0.16362453067958233
20439,202611,0,0.12308369030590326
20440,202611,0,0.13004097884591165
20442,202611,0,0.13296827037612408
20444,202611,0,0.2525979202946043
20446,202611,0,0.12427867266604282
20449,202611,0,0.17444428520515987
20450,202611,1,0.33773333658006044
20452,202611,0,0.11159433592618818
20454,202611,0,0.1317974876322578
20455,202611,0,0.13382123840103005
20456,202611,0,0.1284505185646518
20458,202611,0,0.13852105037274634
20461,202611,1,0.16487068634507115
20462,202611,0,0.1505015690892941
20464,202611,0,0.16566833263128855
20465,202611,0,0.11512000368705692
20466,202611,1,0.13198651118575216
20467,202611,0,0.1534594333134301
20468,202611,0,0.04947444569550336
20472,202611,0,0.18298559122451508
20473,202611,0,0.063474611608793
20475,202611,0,0.13726855796710538
20477,202611,0,0.13820768102040226
20482,202611,0,0.12135434597471359
20483,202611,0,0.23484061881157922
20485,202611,1,0.15029237589144595
20486,202611,0,0.23947251915919116
20487,202611,0,0.1532910768814027
20489,202611,1,0.21370098720620848
20490,202611,0,0.13141687865205137
20491,202611,0,0.13400501236654044
20494,202611,0,0.050569205464693394
20495,202611,0,0.15467582098636032
20496,202611,0,0.1189467846153736
20497,202611,0,0.12595372279718042
20498,202611,0,0.21280375532557746
20499,202611,0,0.13275543536725076
20502,202611,1,0.15937761316515814
20507,202611,0,0.1003186799556903
20508,202611,0,0.13858957204654446
20509,202611,0,0.07874447094394994
20510,202611,0,0.14953478575614862
20511,202611,0,0.13127500718347987
20512,202611,0,0.06178541159514181
20513,202611,0,0.16173234777081485
20515,202611,1,0.3618203038277722
20517,202611,0,0.15063543321982376
20518,202611,0,0.2844003041160721
20521,202611,1,0.16222521202570694
20522,202611,0,0.1612946902509179
20525,202611,0,0.14852299198507557
20526,202611,0,0.12703545837555646
20530,202611,1,0.1323800461838864
20531,202611,0,0.2165647103126867
20534,202611,0,0.1756890605238252
20536,202611,0,0.1301915876892891
20540,202611,0,0.13521885213204896
20541,202611,1,0.13388245650694766
20544,202611,0,0.15924257737118108
20546,202611,0,0.15573902306442353
20548,202611,0,0.06117083575238427
20549,202611,0,0.13274373783964066
20550,202611,0,0.05356867896994021
20551,202611,0,0.11164134755396021
20552,202611,0,0.1444004185390378
20553,202611,0,0.12813737775977263
20555,202611,0,0.2297720494376044
20559,202611,0,0.16039177006991864
20560,202611,0,0.1415512546572497
20561,202611,0,0.2523482932612447
20562,202611,0,0.12526700378031594
20563,202611,0,0.14373552840567816
20565,202611,0,0.14628588506487988
20567,202611,0,0.1260196348868184
20568,202611,0,0.1955418731491893
20569,202611,0,0.1306034074933364
20572,202611,0,0.13564983421087556
20580,202611,0,0.16409868879400738
20581,202611,1,0.15535100408119645
20582,202611,0,0.14826888203139976
20584,202611,0,0.2567389758619951
20585,202611,0,0.14460242421796266
20587,202611,1,0.12546282670359513
20588,202611,0,0.04278114480848533
20589,202611,1,0.10885645616573125
20591,202611,0,0.1495851055204968
20596,202611,0,0.12797361728747744
20597,202611,0,0.05440871129945532
20600,202611,0,0.14281928439405817
20601,202611,1,0.13533479005689886
20602,202611,0,0.1943362598385952
20606,202611,0,0.06412400760012202
20609,202611,0,0.14749557698072518
20610,202611,0,0.1618327221991157
20611,202611,0,0.12106024012012045
20613,202611,0,0.12469772854175175
20616,202611,0,0.2022579020875223
20617,202611,1,0.05708998526456501
20619,202611,0,0.051796239315593066
20622,202611,0,0.1593865394735758
20627,202611,0,0.13487313761055192
20630,202611,0,0.12193207247680107
20631,202611,0,0.049585016058100756
20635,202611,1,0.14964310966089486
20637,202611,0,0.11399879681915157
20641,202611,0,0.23081688752166832
20643,202611,0,0.2309176843320791
20644,202611,1,0.23478288389312144
20645,202611,0,0.13502432873623388
20647,202611,0,0.12046165378344102
20650,202611,0,0.14422036461754165
20651,202611,0,0.1306797876863085
20653,202611,0,0.16401057681428133
20654,202611,0,0.15777432814714906
20655,202611,0,0.04679678745914498
20656,202611,0,0.1617689621255306
20657,202611,0,0.13495629797847294
20659,202611,0,0.06622974531182604
20660,202611,1,0.1420760235390884
20661,202611,0,0.0657876555016712
20662,202611,0,0.0637828348321474
20663,202611,0,0.13348498710680728
20664,202611,1,0.1386015830410347
20666,202611,0,0.14745232985817938
20667,202611,0,0.1070656117573636
20668,202611,0,0.13833610228593018
20669,202611,0,0.24672097057233322
20670,202611,1,0.06542066136355003
20671,202611,1,0.040122719310009235
20673,202611,0,0.05857360598630585
20675,202611,0,0.14254452544578222
20676,202611,0,0.18279832792320516
20677,202611,0,0.13073216101296736
20679,202611,1,0.141747985791949
20681,202611,0,0.1255121336795082
20684,202611,0,0.11640480769786747
20686,202611,0,0.1481607615848346
20687,202611,0,0.13427159183330534
20689,202611,0,0.1295480751495515
20690,202611,0,0.15510711162246077
20691,202611,0,0.13585238544525927
20692,202611,0,0.15726755801762896
20694,202611,0,0.11828317712289116
20695,202611,0,0.1590674360820185
20696,202611,0,0.07332888232066453
20698,202611,0,0.14353572877694618
20700,202611,0,0.18215678232943772
20701,202611,1,0.16961489713213132
20703,202611,0,0.1299679917739864
20704,202611,0,0.3806348922196054
20705,202611,0,0.13573674687300857
20706,202611,0,0.09731437976517958
20707,202611,0,0.1306573094800658
20710,202611,0,0.27389147152734705
20711,202611,0,0.10055905394616615
20712,202611,0,0.0735116293263175
20713,202611,0,0.13566242357138084
20714,202611,0,0.15224630124079608
20715,202611,0,0.13167631183189535
20716,202611,0,0.17473206246698458
20722,202611,0,0.13505468074759627
20724,202611,0,0.17831522811780195
20726,202611,0,0.25362706938587776
20727,202611,1,0.1670048678784759
20728,202611,0,0.166326398560917
20729,202611,0,0.2486538130968153
20730,202611,0,0.14483601941438823
20731,202611,1,0.32955432649992633
20732,202611,1,0.21242233440640618
20734,202611,0,0.1407634697595666
20735,202611,0,0.057255995952933195
20736,202611,0,0.13501135540969283
20737,202611,0,0.10341720005869909
20738,202611,0,0.15183848207730138
20739,202611,1,0.14155527201724044
20741,202611,1,0.1712332721761212
20742,202611,0,0.25535092552976274
20743,202611,0,0.06882261896985381
20744,202611,0,0.1256849995846563
20745,202611,0,0.1412756732948045
20746,202611,0,0.15351073607255258
20747,202611,1,0.21599310059308788
20750,202611,1,0.15582856702794626
20751,202611,0,0.080005674997456
20754,202611,0,0.11896793073283213
20756,202611,0,0.24135358498162895
20758,202611,0,0.12563755023323672
20759,202611,0,0.13357759203963315
20760,202611,0,0.16245040755284906
20761,202611,0,0.21738571224432213
20762,202611,0,0.11332646781051219
20763,202611,0,0.09554310861502015
20764,202611,0,0.11865371482754208
20767,202611,0,0.23429886027661945
20769,202611,0,0.07855950923659503
20770,202611,0,0.15432570330775952
20771,202611,1,0.10860945432541855
20773,202611,0,0.1269104078274949
20775,202611,0,0.32878671018365163
20776,202611,0,0.1103521830368749
20777,202611,0,0.21771145133463313
20778,202611,0,0.05960216477272852
20779,202611,1,0.1352769348191104
20782,202611,0,0.1254035938690862
20783,202611,0,0.12720564808103252
20784,202611,0,0.08676671258846716
20786,202611,0,0.11964116005606208
20787,202611,0,0.13290604134354891
20788,202611,0,0.12787183218751855
20789,202611,0,0.06305261647643294
20790,202611,0,0.06344722833252105
20791,202611,0,0.16013712246598888
20797,202611,1,0.13192077890015827
20800,202611,0,0.2417973466517823
20801,202611,0,0.1415985984673828
20802,202611,1,0.1340293553881745
20804,202611,0,0.15483922134276049
20806,202611,1,0.12311393616559292
20807,202611,0,0.21265792911888923
20809,202611,0,0.06452625610960207
20810,202611,0,0.3446413743780484
20812,202611,0,0.3978996467619086
20813,202611,1,0.1625504454210994
20814,202611,0,0.1330419472218757
20815,202611,0,0.13351045745895698
20818,202611,0,0.052839041207056105
20819,202611,0,0.16236625144311645
20820,202611,0,0.15888520529667652
20821,202611,0,0.13801648703039626
20823,202611,0,0.13180959856409263
20825,202611,1,0.167157266552724
20826,202611,0,0.17620472279205934
20827,202611,0,0.28422886025018473
20828,202611,0,0.15066637736667465
20829,202611,0,0.12190972461522147
20830,202611,0,0.16717048305637824
20831,202611,0,0.12946113277044724
20832,202611,1,0.21126201350733642
20833,202611,0,0.13992850858477435
20835,202611,0,0.0669140316778887
20836,202611,0,0.1276940082582222
20837,202611,0,0.16924367269946855
20838,202611,0,0.13975219639468323
20840,202611,1,0.13062115220735504
20841,202611,0,0.14783838988328227
20842,202611,0,0.13909325943055406
20843,202611,0,0.13557606885298767
20844,202611,0,0.11281009642355036
20845,202611,0,0.13708172735776836
20848,202611,1,0.25395971241756343
20849,202611,0,0.23286205153962244
20850,202611,0,0.12662472295747113
20851,202611,0,0.1338812686930519
20852,202611,0,0.16364274882092386
20853,202611,0,0.15873642765922985
20854,202611,0,0.1321012099749035
20855,202611,0,0.12656272909185098
20857,202611,0,0.06351654656532277
20859,202611,0,0.15418958635698404
20861,202611,0,0.1243481446709056
20863,202611,0,0.15840403798554126
20864,202611,0,0.2854425106326598
20865,202611,0,0.12216232203213073
20866,202611,0,0.07738160086824765
20867,202611,0,0.23346911379583649
20868,202611,0,0.22586287442365363
20869,202611,0,0.16705249205336625
20872,202611,0,0.16191541690421007
20874,202611,0,0.055141570021116686
20875,202611,0,0.14065374852699086
20876,202611,0,0.13331937155951237
20878,202611,0,0.14693202855689472
20879,202611,0,0.15001964738144613
20880,202611,0,0.05737658841897198
20881,202611,1,0.1622464874729116
20882,202611,0,0.25187387399254985
20883,202611,0,0.22448121711623822
20885,202611,0,0.05519410671496055
20886,202611,0,0.13461232483493482
20887,202611,0,0.0669684438556732
20888,202611,0,0.1419672142339424
20889,202611,0,0.1181334717478409
20891,202611,0,0.14212207329936447
20892,202611,0,0.14852632871034796
20893,202611,0,0.15216645309985158
20894,202611,1,0.3646141428995696
20895,202611,1,0.3258833059160042
20896,202611,0,0.1284513374099732
20897,202611,0,0.06153965476833535
20899,202611,0,0.15097511118982845
20900,202611,0,0.23872175430111756
20901,202611,0,0.1471103640561598
20902,202611,0,0.1538173451924444
20903,202611,0,0.09319613168553405
20905,202611,0,0.12486803972336674
20906,202611,0,0.218417954486866
20907,202611,1,0.12381773511152937
20910,202611,1,0.18191601800975285
20911,202611,0,0.13484330298821837
20912,202611,0,0.15572593952974634
20913,202611,0,0.17166114005810612
20915,202611,0,0.12705313712910707
20916,202611,0,0.18230485765378396
20917,202611,0,0.34582359097140397
20921,202611,0,0.11851235769566788
20924,202611,0,0.12121119882063869
20925,202611,0,0.1538795330055932
20926,202611,0,0.1509165042538219
20928,202611,1,0.16406483403154884
20930,202611,0,0.13657287045960245
20931,202611,1,0.15721285244816308
20932,202611,0,0.14478657332309314
20933,202611,0,0.13580989286805353
20935,202611,0,0.14257966153392063
20937,202611,0,0.0972492599821391
20938,202611,1,0.21235370840958512
20940,202611,0,0.1647697010047682
20941,202611,0,0.055230693755872556
20943,202611,0,0.12018308481561939
20944,202611,0,0.06278632480290812
20945,202611,1,0.16383050529339555
20946,202611,0,0.10207958968924297
20947,202611,0,0.13988653315357807
20949,202611,0,0.1421774296954783
20950,202611,0,0.10787752177189604
20952,202611,1,0.14388963185898732
20954,202611,1,0.15008746979337173
20955,202611,0,0.12171049102790585
20957,202611,0,0.15342704085120615
20958,202611,0,0.16105869073166384
20959,202611,1,0.2550763668623841
20960,202611,0,0.14346337189588307
20965,202611,0,0.22721328457132098
20969,202611,1,0.14600199205719847
20973,202611,0,0.23086733703175244
20975,202611,0,0.12199918690665204
20976,202611,0,0.14791397302983234
20977,202611,1,0.11794705144574208
20981,202611,1,0.12843021538502694
20982,202611,1,0.22404189776777292
20984,202611,0,0.1502553103957514
20985,202611,0,0.13471231363540714
20987,202611,1,0.14629426789516756
20988,202611,1,0.16548119467076608
20989,202611,1,0.3900774531736816
20991,202611,0,0.2372409009370831
20994,202611,0,0.07107283550364919
20996,202611,1,0.14723707229245434
20997,202611,0,0.14984013385515743
20998,202611,0,0.13957620939856302
20999,202611,1,0.16849343241760767
21000,202611,1,0.41034756578823084
21003,202611,0,0.14151829670958246
21004,202611,0,0.14713842993146747
21005,202611,1,0.15489744586582854
21006,202611,0,0.11362919525191308
21008,202611,0,0.12285361247910141
21009,202611,0,0.06347586790446598
21010,202611,0,0.14428703295482798
21012,202611,1,0.10846471076398262
21013,202611,0,0.2591984747277207
21014,202611,0,0.16748943066032512
21016,202611,0,0.1511376407079635
21017,202611,0,0.12241975090716078
21018,202611,1,0.33687514659900214
21021,202611,0,0.05511103248074295
21023,202611,0,0.12517767204233013
21024,202611,0,0.13692761396042077
21025,202611,0,0.11916167849164433
21027,202611,0,0.1629541800404031
21029,202611,0,0.07617676030396453
21030,202611,0,0.06857971387507647
21031,202611,0,0.05922764186348247
21032,202611,0,0.17200270271240534
21033,202611,0,0.14035010179544402
21034,202611,0,0.20843376971889824
21035,202611,0,0.053755796976337346
21036,202611,1,0.22394019465591922
21038,202611,0,0.15372571285854414
21039,202611,0,0.10675611924150137
21042,202611,0,0.1482972717853158
21044,202611,1,0.0591073417394685
21046,202611,0,0.1372796047506154
21047,202611,0,0.14116891399140108
21050,202611,0,0.0597707912210705
21051,202611,0,0.2222788096004182
21052,202611,0,0.1385942576610762
21054,202611,0,0.050564713719013096
21056,202611,0,0.1610739804791491
21057,202611,0,0.14169866178296547
21058,202611,0,0.14622148021419934
21059,202611,0,0.1026813706303338
21060,202611,0,0.06361538241926942
21062,202611,1,0.17499632377945212
21063,202611,0,0.056684264866947824
21065,202611,1,0.14215537411141244
21066,202611,0,0.06364899353288561
21068,202611,1,0.1342071200625577
21070,202611,1,0.13041689642773396
21073,202611,1,0.11714129457450811
21074,202611,0,0.15918478493630914
21075,202611,1,0.1180643979986789
21076,202611,0,0.1385441132065834
21077,202611,0,0.1508923225962246
21078,202611,0,0.11970468155707083
21080,202611,0,0.1358152438296158
21083,202611,1,0.14870967858006945
21084,202611,0,0.05894172664531521
21088,202611,1,0.14233090756283465
21090,202611,0,0.23412046530924113
21093,202611,0,0.13564608465873745
21094,202611,0,0.13506963357309387
21095,202611,0,0.19908573644696617
21096,202611,0,0.15960326940194566
21097,202611,0,0.2427482929863914
21098,202611,0,0.06927329453930604
21099,202611,0,0.15873220843389305
21102,202611,0,0.13834773342777362
21103,202611,0,0.14251213091926904
21104,202611,0,0.13646295384286095
21105,202611,0,0.137707715251621
21106,202611,0,0.2149233461215628
21107,202611,0,0.17575651397988593
21108,202611,0,0.1542075852330878
21109,202611,0,0.058291682204457164
21112,202611,1,0.35921528196511554
21113,202611,1,0.14493089707910914
21114,202611,0,0.0609884641715545
21115,202611,1,0.1259857946579439
21116,202611,1,0.1279902376139556
21117,202611,1,0.1410741049982104
21119,202611,0,0.13292269260472261
21120,202611,0,0.12469932966329748
21121,202611,0,0.13716664478370083
21125,202611,0,0.16019931393773487
21126,202611,1,0.14199203977632935
21127,202611,1,0.053959518202215666
21128,202611,0,0.14832399890208825
21129,202611,0,0.0660586389771561
21130,202611,0,0.13527384023638325
21131,202611,0,0.13813134149721565
21133,202611,0,0.218644948158617
21134,202611,0,0.15951884390863566
21135,202611,0,0.1320049586071743
21137,202611,0,0.10283349009530685
21138,202611,0,0.14643692437307995
21139,202611,0,0.06111898670035091
21140,202611,0,0.1163669084485431
21141,202611,0,0.12081765054807385
21142,202611,0,0.14487101624702872
21143,202611,0,0.14308540639501613
21144,202611,0,0.11211633095958776
21146,202611,0,0.11783942116015306
21147,202611,0,0.15209287693328888
21149,202611,0,0.1327363284556229
21150,202611,0,0.12093289367678156
21152,202611,0,0.2444879536544933
21153,202611,0,0.1417628004938263
21155,202611,0,0.06913700649608409
21158,202611,0,0.12282280400199933
21159,202611,0,0.1365259157266845
21161,202611,0,0.1550494797689503
21162,202611,0,0.12868756464537542
21163,202611,0,0.13800685615022257
21166,202611,0,0.13657772818371733
21167,202611,0,0.17337326336540773
21169,202611,1,0.24166995201468291
21172,202611,1,0.25717426927814047
21173,202611,0,0.12507439506521104
21174,202611,0,0.13628648610112404
21177,202611,0,0.14125862212897014
21178,202611,0,0.13092041871893917
21180,202611,0,0.2517136272925772
21181,202611,0,0.055341626013378185
21182,202611,0,0.062204431625924886
21183,202611,0,0.1564946055064774
21184,202611,0,0.13644398541813305
21185,202611,1,0.14863749863770362
21186,202611,0,0.11664524608929448
21187,202611,0,0.22243166356197144
21188,202611,0,0.14106809418118668
21189,202611,0,0.16999151145383393
21192,202611,0,0.15158073287553145
21193,202611,0,0.15827838414079412
21196,202611,0,0.06159826676829834
21198,202611,0,0.1576380221283262
21199,202611,0,0.1291638484451083
21200,202611,0,0.16616765249190588
21201,202611,1,0.22380876535797517
21204,202611,0,0.16476994146252075
21206,202611,0,0.13724653019610686
21207,202611,0,0.12004155959474967
21208,202611,0,0.15833172920892638
21210,202611,0,0.13611636959398982
21211,202611,0,0.057682579393247564
21212,202611,0,0.1250462508688127
21213,202611,0,0.1166601611610483
21214,202611,0,0.12839019075866268
21216,202611,0,0.19906881314309055
21217,202611,0,0.05691085547858054
21218,202611,0,0.16522237768748152
21219,202611,0,0.22193855488118894
21220,202611,0,0.1361178615823722
21221,202611,1,0.13671506565099129
21223,202611,0,0.24603494504403392
21224,202611,0,0.1560180548458576
21225,202611,1,0.16684729837067974
21226,202611,0,0.28356800358726186
21227,202611,0,0.12570078010533908
21229,202611,0,0.06271555984534118
21230,202611,1,0.1022486643156142
21231,202611,0,0.1570680477640752
21232,202611,0,0.18577592015922534
21233,202611,0,0.13397106627730024
21234,202611,1,0.26593574433351125
21235,202611,1,0.17078227168828902
21237,202611,0,0.13673356322963773
21238,202611,1,0.3131169906866561
21240,202611,0,0.12245002455864121
21243,202611,1,0.21256642958784996
21244,202611,1,0.13628725512293396
21245,202611,0,0.2326944665824462
21246,202611,0,0.15493199429169988
21247,202611,1,0.13798196101132643
21248,202611,0,0.16254982877519783
21251,202611,0,0.12492282692122579
21252,202611,0,0.12750020346108776
21253,202611,1,0.23146000033098607
21254,202611,0,0.12720992695912828
21255,202611,1,0.3221968056831626
21256,202611,0,0.12991029606348173
21257,202611,0,0.14605442085204645
21258,202611,0,0.18439928109788328
21259,202611,0,0.2540660509296645
21260,202611,0,0.16580748431122425
21262,202611,0,0.13019007386220854
21263,202611,0,0.1975129085524552
21264,202611,0,0.1598147507604211
21265,202611,0,0.14300934831639472
21266,202611,1,0.14457269388872232
21268,202611,0,0.05669873122840406
21269,202611,0,0.04878257638032743
21271,202611,0,0.2577624678239264
21272,202611,0,0.21118794646647374
21273,202611,1,0.15345161748720706
21274,202611,0,0.14003345081385188
21276,202611,0,0.12001294516547639
21279,202611,0,0.1300444205511359
21280,202611,1,0.13610878724573963
21281,202611,0,0.1198484918851106
21283,202611,0,0.19709825893537208
21285,202611,0,0.10176594657396676
21288,202611,0,0.12992354851326865
21289,202611,0,0.20785924063376326
21291,202611,0,0.12399556502586113
21292,202611,0,0.054268102359670764
21294,202611,0,0.18976156872178535
21296,202611,0,0.133740705414502
21299,202611,0,0.13657388220812172
21300,202611,0,0.14288409676949868
21301,202611,1,0.2515583336375679
21304,202611,0,0.0628345530867939
21305,202611,1,0.2326270047336295
21306,202611,0,0.0694035794541215
21307,202611,0,0.112599096134586
21309,202611,0,0.1535423276767105
21312,202611,0,0.14471715063327573
21314,202611,0,0.14951264997345418
21315,202611,0,0.33792900296108325
21316,202611,0,0.11680156739420662
21317,202611,0,0.12462867633442291
21318,202611,0,0.08979153919087354
21319,202611,0,0.14175641438753125
21320,202611,0,0.13775625091667065
21321,202611,0,0.1433399207298452
21322,202611,0,0.21677532321353002
21323,202611,0,0.1641854531135053
21324,202611,0,0.12217406886904807
21326,202611,0,0.2664491131547276
21327,202611,0,0.13878500256036577
21328,202611,0,0.16147307287475424
21330,202611,0,0.12137828054315028
21331,202611,0,0.14648712547965295
21332,202611,0,0.2254196629928306
21333,202611,0,0.13728844750834013
21334,202611,0,0.13938248810820472
21335,202611,1,0.1454855895418439
21339,202611,0,0.06185793282599889
21340,202611,0,0.05672100742407912
21341,202611,1,0.2623616714241355
21342,202611,0,0.06082784055249109
21343,202611,1,0.38725668566310056
21344,202611,0,0.15839700147054095
21345,202611,0,0.28230750286095074
21346,202611,0,0.24329348371532
21347,202611,0,0.08729021492221926
21348,202611,0,0.04399322528841404
21349,202611,0,0.13914616629603926
21350,202611,0,0.1541732249785559
21351,202611,1,0.13197589749106214
21352,202611,0,0.05011142691914802
21355,202611,0,0.06753501513815627
21356,202611,1,0.1260745512182673
21359,202611,0,0.18180002833566342
21361,202611,0,0.12607150999592828
21362,202611,0,0.13177379048504037
21364,202611,0,0.11802372272893089
21366,202611,0,0.12363549614712502
21367,202611,0,0.159004903837475
21368,202611,0,0.14800116924648096
21372,202611,1,0.24090795893358405
21374,202611,0,0.22022066894932857
21376,202611,1,0.23088875234126033
21377,202611,1,0.1444469171853659
21379,202611,0,0.1244453115419958
21380,202611,0,0.07921600329383516
21382,202611,0,0.13394195494934216
21383,202611,0,0.12447352276119945
21385,202611,0,0.14362656070416563
21388,202611,0,0.1704085481406559
21391,202611,0,0.17227751826799134
21393,202611,0,0.13013915619517863
21394,202611,0,0.21900628666535465
21395,202611,0,0.1307756909355473
21398,202611,0,0.15575119115428987
21399,202611,0,0.056292350584600095
21400,202611,0,0.1602813296516627
21401,202611,0,0.1351252909152354
21402,202611,0,0.2306136157501162
21403,202611,0,0.23698658420112628
21404,202611,0,0.05831557401872295
21406,202611,0,0.1354714560597063
21409,202611,0,0.1060982772034731
21410,202611,0,0.15373978956935394
21412,202611,0,0.1940288809528764
21413,202611,0,0.12027366387961716
21414,202611,0,0.15216514183619548
21415,202611,0,0.13950303826842791
21417,202611,0,0.05027060520423938
21418,202611,0,0.14518628744606943
21419,202611,0,0.0955217992507161
21420,202611,0,0.13844181693983001
21421,202611,0,0.23563436089400502
21422,202611,0,0.12322471925772971
21423,202611,0,0.05793865111209129
21425,202611,1,0.13027711157361493
21426,202611,0,0.18604686112315705
21429,202611,0,0.05946802169840175
21432,202611,0,0.14965998184736884
21433,202611,0,0.1262776745231662
21434,202611,0,0.1324873628979332
21435,202611,0,0.15971231765036123
21436,202611,0,0.05926664761211683
21437,202611,0,0.21992690610879728
21438,202611,0,0.13014984820113032
21440,202611,1,0.17245217568116725
21443,202611,0,0.17259172800339942
21445,202611,0,0.14444086346033205
21446,202611,0,0.11434678813467389
21447,202611,1,0.1188260670085244
21448,202611,0,0.18093239493541874
21449,202611,1,0.12791359576399533
21450,202611,0,0.052537063457492615
21451,202611,0,0.14142165940459953
21452,202611,0,0.13807240416036232
21453,202611,0,0.1592325220405364
21455,202611,0,0.16131124107504993
21456,202611,0,0.1598696402632926
21458,202611,0,0.05485648871840922
21459,202611,0,0.15078089654322643
21461,202611,1,0.14577039490957738
21463,202611,0,0.14263455054162444
21464,202611,0,0.3906175272773569
21465,202611,1,0.30111458770206706
21466,202611,0,0.06982868244296958
21468,202611,0,0.12982860857312548
21470,202611,0,0.11152940078680247
21473,202611,0,0.15734452575605168
21474,202611,0,0.14876422408577686
21476,202611,0,0.14035941178749245
21477,202611,1,0.15984741159527974
21478,202611,0,0.1248975711890656
21479,202611,0,0.154631420672055
21481,202611,1,0.24359913035817468
21482,202611,0,0.12330267866755236
21486,202611,0,0.12529269978234162
21487,202611,0,0.12653893526376317
21488,202611,0,0.11789731353417245
21489,202611,0,0.059337555823224065
21490,202611,0,0.1349877125002468
21491,202611,1,0.135423269167801
21492,202611,0,0.2728551970644682
21493,202611,0,0.2527602359058856
21495,202611,0,0.16059290333016435
21498,202611,1,0.2794202842638066
21499,202611,0,0.1550682943959792
21500,202611,0,0.13759359291817033
21503,202611,0,0.14793624313341366
21504,202611,0,0.15287261262100357
21506,202611,1,0.12887701608661245
21507,202611,1,0.14502933795826123
21509,202611,1,0.12719853940425535
21511,202611,0,0.05623295242936727
21513,202611,0,0.1493289214220391
21514,202611,0,0.06088993528164091
21515,202611,0,0.2198395945008018
21516,202611,0,0.12357513107596359
21517,202611,0,0.05183165666621899
21518,202611,1,0.1402449225788817
21519,202611,0,0.11101531613117516
21520,202611,1,0.16847581269509534
21521,202611,0,0.14577964744671865
21522,202611,0,0.2585155713976389
21525,202611,0,0.07362670429411501
21526,202611,0,0.19644903751600543
21527,202611,0,0.1425479156945898
21529,202611,0,0.15782688492691907
21530,202611,0,0.08597376445136762
21531,202611,0,0.2731729549027382
21532,202611,0,0.21884742629317355
21533,202611,0,0.10938245979388937
21534,202611,0,0.15756894850432515
21537,202611,1,0.1505023644592069
21538,202611,0,0.09321903095857259
21540,202611,0,0.13881776353390954
21542,202611,0,0.12340429263435349
21543,202611,1,0.13498224972862807
21544,202611,0,0.15462076550625986
21545,202611,0,0.06877740391228566
21547,202611,0,0.14604843111318933
21548,202611,0,0.12256469231236208
21551,202611,0,0.11922903659845985
21552,202611,0,0.17468444440530395
21554,202611,1,0.24835131862386714
21556,202611,0,0.11766374651504775
21557,202611,0,0.13195806765883308
21558,202611,0,0.11865316574388131
21559,202611,0,0.21082751673836062
21560,202611,0,0.11013385173662978
21563,202611,0,0.0651040577596954
21567,202611,0,0.16337999982008217
21568,202611,0,0.13915935277263633
21570,202611,0,0.06170553805063422
21571,202611,1,0.11427263630178335
21574,202611,1,0.24923462969677188
21575,202611,0,0.15147133640637123
21576,202611,0,0.32581361567494416
21577,202611,0,0.05156479755728465
21579,202611,0,0.12604013940207276
21580,202611,0,0.055596608740054586
21581,202611,0,0.12424047002164082
21582,202611,0,0.12103164663302071
21586,202611,0,0.15655155978665347
21587,202611,1,0.13125451604290184
21588,202611,0,0.14216393722195658
21589,202611,0,0.13917873827653046
21590,202611,0,0.12365301795230882
21592,202611,0,0.14421892697931923
21593,202611,0,0.16200797180466509
21594,202611,0,0.1786437865493995
21595,202611,0,0.07863638447189124
21596,202611,0,0.15204890448920436
21597,202611,0,0.12796983644914392
21599,202611,0,0.15023675605312303
21600,202611,0,0.06194526216538415
21603,202611,1,0.32435196530291066
21604,202611,0,0.056298594075395655
21605,202611,0,0.16383600304749485
21606,202611,0,0.3345771673541748
21607,202611,0,0.14484345366164061
21608,202611,0,0.15768083464496396
21611,202611,0,0.05850051264618846
21612,202611,0,0.259733262038555
21613,202611,0,0.13607661070968013
21614,202611,0,0.1465265549230433
21617,202611,0,0.13965420973665726
21618,202611,0,0.13314760580428323
21621,202611,0,0.13954650558305198
21622,202611,1,0.31689968941916374
21623,202611,0,0.15727979639673306
21624,202611,0,0.12490277829071153
21625,202611,0,0.36155790421326484
21626,202611,0,0.13766706487900648
21627,202611,1,0.13187824455246516
21628,202611,1,0.15572086783609573
21633,202611,1,0.11708292141453651
21634,202611,0,0.1236888945820997
21636,202611,0,0.15307496494683479
21637,202611,1,0.30827258118556444
21638,202611,0,0.1455473478403918
21641,202611,0,0.13695951977182902
21642,202611,1,0.14946741814532574
21643,202611,0,0.13923142733843197
21645,202611,0,0.055225617203354276
21646,202611,0,0.05810370994178494
21649,202611,0,0.1479967807061371
21650,202611,0,0.13328439400561637
21651,202611,0,0.05957125738844948
21652,202611,0,0.13897262373451427
21653,202611,0,0.15144771402715615
21654,202611,0,0.15638697819808825
21659,202611,0,0.13231112688099692
21660,202611,0,0.05120292139861319
21661,202611,0,0.12206106180268238
21664,202611,0,0.15096428497698922
21665,202611,0,0.13195877009667872
21666,202611,0,0.3839244844881753
21669,202611,0,0.14434728501749935
21671,202611,0,0.1311325417715357
21673,202611,0,0.240327867114281
21675,202611,0,0.13062443930575354
21676,202611,0,0.13631146677782482
21677,202611,0,0.11045746054818219
21678,202611,0,0.2054262597558781
21680,202611,0,0.137035148568864
21681,202611,0,0.15289030516960722
21683,202611,0,0.11502371037196386
21684,202611,0,0.127924648078409
21685,202611,0,0.060052846778324474
21686,202611,0,0.1557140689144447
21688,202611,0,0.132395635590588
21689,202611,0,0.15074729005354487
21690,202611,0,0.15902476246321182
21692,202611,0,0.14410686939392092
21693,202611,0,0.13849633691975008
21694,202611,0,0.05728182698752723
21695,202611,0,0.1179962241623352
21696,202611,0,0.12557849141723348
21697,202611,0,0.1362914073727223
21698,202611,0,0.2157153347133427
21699,202611,0,0.12892441201409457
21700,202611,1,0.16210315741754514
21705,202611,0,0.13818834077550052
21707,202611,1,0.14576968048976532
21709,202611,0,0.1360753004662059
21710,202611,0,0.17123154058668918
21711,202611,0,0.27313095570643925
21714,202611,0,0.13858609818826223
21715,202611,0,0.17586933052371126
21716,202611,0,0.12734289833234377
21719,202611,0,0.23070910169063152
21720,202611,1,0.14637673109917487
21721,202611,0,0.170907810470893
21723,202611,0,0.1816293618727275
21724,202611,1,0.1239356046575883
21727,202611,0,0.2463494554409746
21728,202611,0,0.11906997298663156
21729,202611,0,0.12771971523868467
21730,202611,0,0.05925661649781118
21731,202611,0,0.1814606300214739
21732,202611,0,0.10572800656826432
21733,202611,0,0.15479472695516883
21734,202611,0,0.14942931006845425
21735,202611,1,0.1628069572606722
21736,202611,0,0.13200396344513998
21737,202611,0,0.1509091752259466
21738,202611,0,0.1824578139824355
21739,202611,0,0.16905519224196927
21741,202611,0,0.16202964815928422
21742,202611,0,0.14656625293282846
21743,202611,1,0.15371322187346537
21745,202611,0,0.2076073750577433
21746,202611,0,0.0565962947883418
21747,202611,0,0.13772836512286607
21749,202611,1,0.11387003139897955
21750,202611,0,0.13039577810582825
21751,202611,0,0.126624979338853
21754,202611,0,0.14069289229333448
21756,202611,0,0.15698825996217505
21757,202611,0,0.15658059586978038
21758,202611,0,0.14038276938097574
21760,202611,0,0.11783139294043656
21765,202611,0,0.14061885142195504
21767,202611,0,0.12998807411217708
21768,202611,0,0.11524974157897748
21769,202611,0,0.15959070684031923
21770,202611,0,0.1165696194459171
21771,202611,0,0.11087257855086323
21772,202611,0,0.15523110077746052
21773,202611,0,0.1396661783396746
21774,202611,0,0.17122936977457992
21775,202611,0,0.11482462603597592
21777,202611,1,0.3849828679261588
21778,202611,1,0.16185027462330587
21779,202611,1,0.11431110540007698
21780,202611,0,0.1413139172435989
21781,202611,0,0.17937772175357208
21782,202611,0,0.15174896666179144
21783,202611,1,0.33866923484160416
21790,202611,0,0.1443901815851823
21791,202611,0,0.1553810509389798
21792,202611,0,0.139742344460309
21793,202611,0,0.224928722936416
21794,202611,0,0.11890265386198465
21795,202611,1,0.14795570465989183
21796,202611,0,0.0462087034721813
21798,202611,0,0.1590647105091445
21799,202611,0,0.1257445246300769
21800,202611,0,0.14156191382378516
21801,202611,1,0.12180506903307367
21802,202611,0,0.13864547586439394
21803,202611,0,0.13537139329796605
21804,202611,0,0.15615821220661266
21805,202611,0,0.12058022306059064
21806,202611,0,0.15214248904500965
21807,202611,0,0.22796007046419797
21808,202611,0,0.14620268431569725
21810,202611,1,0.13723559560883575
21812,202611,0,0.12663275865331433
21813,202611,0,0.063643879748042
21816,202611,0,0.1616356019770423
21817,202611,0,0.10551510185683206
21819,202611,0,0.1436917754096362
21820,202611,1,0.2601934106720941
21821,202611,0,0.0546360158124005
21823,202611,0,0.14386936818799204
21825,202611,1,0.3540005573090973
21826,202611,0,0.14411100785173145
21827,202611,0,0.12691614848512212
21828,202611,0,0.1436910087318868
21829,202611,0,0.10621944240696711
21831,202611,0,0.14033351127513133
21833,202611,0,0.12688865731013346
21835,202611,1,0.15025531442716705
21836,202611,0,0.23344496191782452
21837,202611,0,0.1738260920267178
21838,202611,0,0.14547131812593703
21839,202611,0,0.15175080029828433
21840,202611,0,0.11920249292826524
21842,202611,1,0.13109373651763082
21844,202611,0,0.14575906357927657
21846,202611,0,0.13962799641637563
21847,202611,0,0.14945659672328224
21848,202611,0,0.21632943408917757
21851,202611,0,0.14598670128056349
21852,202611,0,0.19880904359423995
21853,202611,0,0.17366326367057552
21855,202611,0,0.11692686866972705
21856,202611,0,0.2215842737067874
21859,202611,0,0.1611341193536326
21861,202611,1,0.07217394514352315
21862,202611,0,0.09848494007474488
21864,202611,0,0.0769945536692011
21865,202611,1,0.11953106128649359
21866,202611,0,0.24348553050228727
21867,202611,0,0.14383001565993522
21868,202611,0,0.15201386807975587
21869,202611,0,0.12620134832935634
21870,202611,0,0.11428591322294536
21871,202611,0,0.18699985397034305
21872,202611,0,0.061536131813967505
21873,202611,0,0.2141222663547433
21874,202611,0,0.10826174349172615
21876,202611,0,0.1149831977847715
21877,202611,0,0.2203253298199451
21879,202611,0,0.16499401613133136
21882,202611,0,0.2361754637659873
21885,202611,0,0.14216658451092876
21886,202611,0,0.09355391760689864
21887,202611,0,0.1370898203064775
21888,202611,0,0.18290329053906318
21889,202611,0,0.14072118012142168
21890,202611,0,0.14962454921273788
21891,202611,1,0.13190424380203838
21892,202611,1,0.13862265367360493
21893,202611,0,0.1402519580568511
21894,202611,0,0.13033941564139825
21895,202611,0,0.12059327874736873
21896,202611,0,0.23903509764291922
21898,202611,1,0.21421845735970158
21899,202611,0,0.24011312911106314
21900,202611,0,0.15239050726394407
21901,202611,0,0.1282424208451725
21902,202611,1,0.20702854527965406
21903,202611,0,0.1362215654016707
21905,202611,0,0.14384928102002426
21906,202611,0,0.22682761080953343
21908,202611,0,0.1041567511919327
21909,202611,1,0.3748642271138481
21910,202611,0,0.14653642680984122
21911,202611,0,0.12617916861253525
21913,202611,0,0.156108809056119
21914,202611,0,0.1193997417357771
21916,202611,0,0.11438079373324023
21918,202611,0,0.05041142328617441
21919,202611,0,0.12078135309018417
21921,202611,0,0.15131905747424948
21922,202611,1,0.14317064539046198
21923,202611,0,0.12746718561615183
21925,202611,0,0.05372695322430032
21926,202611,0,0.1654672538187849
21927,202611,0,0.15353201833228056
21928,202611,0,0.1296327114288836
21930,202611,0,0.1446289797013886
21931,202611,0,0.12011281162444949
21934,202611,0,0.1635230878531059
21935,202611,0,0.14149096171566733
21936,202611,0,0.3750482813787718
21937,202611,0,0.11726703588982174
21938,202611,0,0.24150110131749283
21939,202611,0,0.36244175517056293
21940,202611,1,0.3628766515734592
21941,202611,0,0.12723495386534797
21942,202611,0,0.14710902208448778
21943,202611,1,0.23413570011546167
21945,202611,0,0.18499391399783566
21946,202611,0,0.115285056403618
21947,202611,0,0.17110174577499138
21948,202611,0,0.14296647439297352
21952,202611,0,0.056389517637207565
21953,202611,0,0.15383060030707527
21957,202611,0,0.1510491036717761
21958,202611,0,0.04720566502546943
21959,202611,0,0.15672752286346806
21961,202611,0,0.12870015128015969
21962,202611,0,0.13490145387411917
21963,202611,0,0.060752755291237207
21964,202611,0,0.15336565376782604
21967,202611,0,0.16875705710167488
21969,202611,0,0.05994123626659855
21970,202611,0,0.13270043364109338
21971,202611,0,0.04529106916890298
21973,202611,0,0.18806703045041975
21974,202611,0,0.11357592692273222
21978,202611,1,0.31977041932117223
21980,202611,0,0.12802508539319798
21981,202611,0,0.059844650249952266
21982,202611,1,0.3612146546784141
21983,202611,0,0.1152468799981325
21984,202611,0,0.11240671421405111
21985,202611,0,0.12026272795562824
21986,202611,0,0.14485591247747137
21987,202611,1,0.12988163544319875
21990,202611,0,0.1472073713514577
21991,202611,0,0.11754538967101755
21992,202611,0,0.11161977752648385
21994,202611,0,0.14659633856073648
21995,202611,0,0.110950973039453
21996,202611,0,0.0720081406272517
21997,202611,0,0.11327030141858507
21998,202611,0,0.1625014840950966
21999,202611,0,0.13912573107233334
22002,202611,0,0.05554565230600347
22004,202611,0,0.1425462992507435
22005,202611,0,0.2614500090234486
22006,202611,1,0.12626636426603288
22007,202611,0,0.14836315721160234
22008,202611,0,0.1276779073581827
22009,202611,0,0.11396162723768131
22010,202611,1,0.23612391200075278
22011,202611,1,0.22576082226385946
22012,202611,0,0.3269671113527027
22013,202611,0,0.1333316309227921
22014,202611,1,0.1523410085729527
22015,202611,0,0.07164246792081129
22016,202611,0,0.1437355584106715
22017,202611,0,0.05842671189161033
22019,202611,0,0.22222908370596098
22020,202611,0,0.17279774171679507
22021,202611,0,0.04708182876547977
22022,202611,0,0.11425533062693582
22023,202611,0,0.15903343582889842
22024,202611,1,0.4072178463216011
22025,202611,0,0.17244057535394694
22027,202611,0,0.16595052995967255
22028,202611,0,0.05663138343302461
22029,202611,1,0.22703405624635167
22030,202611,1,0.1344813458782307
22031,202611,1,0.2561940163833832
22032,202611,1,0.04836991492492208
22033,202611,0,0.1418303404178561
22034,202611,0,0.18635603056539
22035,202611,0,0.1385816181448576
22036,202611,0,0.1335901298891684
22038,202611,0,0.044184010884283594
22039,202611,0,0.15011963437158146
22041,202611,1,0.16623451935026146
22042,202611,0,0.214653261133427
22044,202611,0,0.11363495054794844
22045,202611,0,0.13372946962226973
22046,202611,1,0.12863465915916242
22048,202611,0,0.2409591924795962
22049,202611,0,0.1260460099320673
22050,202611,1,0.13883759909614402
22051,202611,0,0.12162184970916338
22052,202611,0,0.07109198304277525
22053,202611,0,0.1480869169137265
22054,202611,0,0.15729778670619163
22055,202611,0,0.12640144188208186
22056,202611,0,0.14244150403785508
22057,202611,1,0.24702044751145463
22058,202611,0,0.24161635093520664
22059,202611,0,0.1408463239924723
22061,202611,0,0.06454355902942022
22062,202611,0,0.1412140698179643
22065,202611,0,0.1473442157059966
22066,202611,0,0.12675374544536644
22067,202611,1,0.1362931202104718
22068,202611,0,0.20840299435208384
22069,202611,0,0.14458224313279733
22072,202611,1,0.16733905561769355
22074,202611,0,0.21573136032520523
22076,202611,0,0.15649338041156247
22077,202611,0,0.1316051837734315
22078,202611,0,0.14728756887141523
22079,202611,0,0.23377460551642051
22080,202611,0,0.15833625871466245
22082,202611,0,0.048470141837561764
22083,202611,1,0.2403018911586786
22084,202611,0,0.15255527546939535
22085,202611,0,0.1563619743767121
22086,202611,0,0.15077025018092488
22090,202611,0,0.2389531758283044
22091,202611,0,0.16054110683058068
22092,202611,1,0.1454280905790166
22093,202611,0,0.1257136572712703
22094,202611,1,0.14392315324473906
22095,202611,0,0.05392236494228949
22097,202611,1,0.057271390396233995
22098,202611,0,0.12012305986357337
22099,202611,0,0.06546077714875191
22100,202611,0,0.09498811820142161
22101,202611,0,0.171751740027218
22102,202611,0,0.40324647637062977
22103,202611,0,0.1273830499253456
22104,202611,1,0.1284666830865467
22106,202611,0,0.15230228422931796
22107,202611,0,0.15206282085084807
22109,202611,1,0.12901899996197128
22111,202611,0,0.13831828535487772
22112,202611,0,0.21308409301685757
22114,202611,1,0.252826846078949
22116,202611,0,0.07103098493037698
22121,202611,0,0.18594907803080443
22123,202611,0,0.05507461741484018
22124,202611,0,0.06989267206432964
22125,202611,0,0.12029122850796366
22126,202611,0,0.17106569596167773
22127,202611,0,0.10801554114534309
22128,202611,1,0.11894839630572822
22129,202611,1,0.1206207098186488
22130,202611,0,0.12981608475376571
22131,202611,0,0.1817081943197983
22132,202611,0,0.06559277664201772
22134,202611,0,0.2325514617709841
22135,202611,0,0.14887813552180557
22136,202611,0,0.24659854352108146
22137,202611,0,0.1841670415801607
22140,202611,1,0.1355285002999515
22141,202611,0,0.16131186716283583
22142,202611,1,0.16999216773340384
22143,202611,0,0.1449048036941686
22144,202611,1,0.12649778404004217
22146,202611,0,0.1441379104573595
22147,202611,0,0.1340608580876702
22148,202611,0,0.24453485096564959
22149,202611,0,0.13255780188548985
22151,202611,0,0.14211194219633938
22152,202611,0,0.147335357112277
22153,202611,0,0.14397308671777473
22154,202611,0,0.12972982501672792
22155,202611,1,0.13142786481277027
22156,202611,0,0.16847289974664756
22158,202611,0,0.13302071864993648
22159,202611,0,0.16133877380954179
22160,202611,0,0.15043619619844134
22161,202611,0,0.1388323915288487
22162,202611,1,0.11499697081982285
22163,202611,0,0.09423251698840505
22164,202611,0,0.2029477317539519
22166,202611,0,0.12802375034657149
22167,202611,0,0.06517609296167282
22168,202611,0,0.274370395177144
22169,202611,0,0.17878768301798062
22172,202611,0,0.1620423490433101
22173,202611,1,0.13266802516163612
22174,202611,1,0.2597372425106206
22175,202611,0,0.14127066517996598
22176,202611,0,0.06576659097831204
22177,202611,0,0.12043601676091163
22178,202611,0,0.31167982799821603
22179,202611,1,0.16169331746225138
22180,202611,1,0.18186295264293245
22181,202611,0,0.1530425545522588
22182,202611,0,0.12740416910304456
22183,202611,0,0.06024628023705364
22184,202611,0,0.1399335405529041
22186,202611,0,0.33936997334711916
22187,202611,0,0.1491306562615687
22188,202611,1,0.2828532179855145
22190,202611,0,0.15565808982077373
22192,202611,1,0.166588686589606
22193,202611,0,0.13777930702369268
22194,202611,0,0.12838102661549744
22195,202611,0,0.17133517231663034
22196,202611,0,0.056894798297344125
22197,202611,0,0.22243032852677797
22198,202611,0,0.06030165238609059
22199,202611,0,0.19637475375401228
22200,202611,0,0.15182410592380322
22201,202611,1,0.10317506606423527
22202,202611,0,0.25052305535196495
22203,202611,0,0.13943640606868077
22204,202611,0,0.13873320973968056
22205,202611,0,0.12589662068356494
22206,202611,0,0.12938898581932162
22207,202611,1,0.35427235248009037
22208,202611,0,0.1584553513768349
22210,202611,0,0.11603360231522498
22212,202611,0,0.2450292329581928
22213,202611,1,0.13407906642105727
22214,202611,0,0.14165879019709857
22215,202611,1,0.3808925612067779
22216,202611,0,0.15909724389770696
22217,202611,1,0.11578631153021082
22219,202611,0,0.15390680773106913
22221,202611,1,0.1345058424701833
22222,202611,0,0.14884481001760122
22223,202611,0,0.281655362549712
22224,202611,0,0.13594731139305266
22225,202611,0,0.15374580551790215
22226,202611,0,0.06058008893463523
22227,202611,0,0.241482455089729
22229,202611,0,0.12524685559223944
22231,202611,0,0.1401206458590547
22232,202611,1,0.23666034143971085
22233,202611,0,0.14005069260465183
22234,202611,0,0.2453571813066665
22235,202611,0,0.10918695182354857
22236,202611,0,0.16600834743503487
22237,202611,0,0.15664466473281763
22240,202611,0,0.10589190734922103
22241,202611,0,0.1617238488529147
22242,202611,0,0.15537868395725082
22243,202611,0,0.13974822334989476
22244,202611,1,0.13649625099992202
22245,202611,0,0.14661520049193472
22246,202611,1,0.1327216123164977
22248,202611,0,0.1671031164130781
22249,202611,0,0.1407941093847671
22250,202611,0,0.1790172576236661
22251,202611,0,0.15385564306595104
22252,202611,0,0.05369999055453128
22253,202611,0,0.1449465629875987
22254,202611,0,0.11622545439275071
22255,202611,0,0.14839180515584532
22257,202611,0,0.08500296779077875
22258,202611,1,0.2605755177929038
22260,202611,0,0.13613595591001532
22262,202611,0,0.15769589658474653
22263,202611,0,0.15835237248715364
22264,202611,0,0.1651423898344541
22265,202611,0,0.14673960561703953
22267,202611,0,0.3394906325506567
22268,202611,0,0.18546878682952983
22269,202611,0,0.23569183141607303
22270,202611,1,0.11659854203400857
22271,202611,0,0.061891737455711436
22272,202611,0,0.13212825910979592
22273,202611,0,0.14162990996395844
22274,202611,0,0.1853159486673937
22275,202611,0,0.079528508002721
22277,202611,0,0.3880167705509073
22279,202611,1,0.1356310081269477
22280,202611,1,0.14378146053670524
22281,202611,1,0.15923832816462924
22282,202611,0,0.15679158975410337
22283,202611,0,0.07635335056635935
22284,202611,0,0.05860336295954777
22285,202611,1,0.1726159793177786
22286,202611,0,0.16379551732685968
22287,202611,0,0.06361759643167626
22288,202611,0,0.13975254070869506
22289,202611,0,0.15206185222034907
22290,202611,0,0.12004061712707674
22291,202611,0,0.13984054214079342
22292,202611,0,0.06023297708150462
22293,202611,0,0.14688306331826506
22294,202611,1,0.16917712676260602
22295,202611,0,0.13494113153026224
22296,202611,0,0.16498783857496702
22297,202611,0,0.14862984220424957
22298,202611,0,0.1325305056652879
22299,202611,0,0.13243939254291717
22300,202611,0,0.21519039265316017
22301,202611,1,0.14937574730893144
22302,202611,0,0.22286275718211243
22303,202611,0,0.2052337003746519
22305,202611,0,0.10920722678712041
22306,202611,0,0.15762629310520881
22307,202611,0,0.24123465208055098
22308,202611,0,0.13240125680305187
22309,202611,0,0.15586326706471001
22311,202611,1,0.2794474351375574
22312,202611,0,0.2598902720690391
22313,202611,0,0.11674174640786958
22314,202611,0,0.15446401433419887
22315,202611,0,0.10130764778100243
22316,202611,0,0.23081403591437852
22317,202611,0,0.055481184573283916
22318,202611,0,0.15087209183837014
22319,202611,0,0.23465456508599916
22320,202611,0,0.1651522237371815
22322,202611,0,0.1664196072458286
22323,202611,0,0.27162845984895956
22324,202611,0,0.15055917933107008
22326,202611,1,0.2351649015049844
22327,202611,1,0.17557003411797165
22328,202611,0,0.14900499063567227
22329,202611,0,0.12808786337289885
22330,202611,0,0.14151076979345759
22331,202611,0,0.16071110549683623
22332,202611,0,0.13638051921138786
22333,202611,0,0.05786757583248318
22334,202611,0,0.15534745959562124
22335,202611,0,0.14718026788431227
22336,202611,0,0.18878923844443393
22337,202611,1,0.24949856732299955
22338,202611,0,0.221821557927139
22339,202611,0,0.12573486928040167
22341,202611,0,0.13694372779511682
22342,202611,0,0.13961240108350303
22343,202611,0,0.15666138152509793
22344,202611,0,0.07515617710671171
22345,202611,0,0.17692041733052985
22346,202611,0,0.10506448168144128
22347,202611,1,0.15512816065108392
22349,202611,1,0.15111033264795823
22350,202611,0,0.13367367932554952
22351,202611,0,0.1344001407831512
22353,202611,0,0.1299387424369212
22354,202611,0,0.1736140554212727
22355,202611,0,0.1403449688321787
22358,202611,0,0.13188636213801272
22359,202611,1,0.3296425053680939
22360,202611,1,0.13836111701349132
22362,202611,0,0.14260065281738182
22364,202611,1,0.12712846568466418
22365,202611,0,0.14872237974918456
22366,202611,0,0.1515753257759266
22367,202611,1,0.17732992131280267
22368,202611,0,0.12672471492137422
22369,202611,0,0.09417148965891486
22370,202611,0,0.060153548060843644
22371,202611,0,0.11843303811923646
22372,202611,0,0.2449403888748456
22373,202611,0,0.11863191747902747
22374,202611,0,0.12384509401076695
22375,202611,0,0.14072745373726822
22376,202611,0,0.15158861284982025
22377,202611,0,0.13195314366719002
22378,202611,0,0.1487434633937435
22379,202611,0,0.16541751362120147
22382,202611,0,0.13863555333155686
22385,202611,1,0.15322421326022748
22386,202611,0,0.14466972462177516
22387,202611,0,0.22527235497549655
22388,202611,0,0.1283422848632774
22390,202611,0,0.13801025358809063
22391,202611,0,0.10489148770385542
22392,202611,0,0.12603121277353435
22393,202611,0,0.3244422340706393
22394,202611,0,0.2315599474261368
22395,202611,0,0.20376802979755185
22397,202611,0,0.1740473707092005
22398,202611,1,0.23453683714424955
22399,202611,0,0.1944113684103147
22401,202611,0,0.1476560982980041
22402,202611,0,0.15758166007011473
22403,202611,0,0.15112852034790197
22404,202611,1,0.12290721893429515
22405,202611,0,0.22134110661967119
22406,202611,0,0.13553499854089213
22407,202611,0,0.1703275895519515
22408,202611,0,0.15072811779838063
22409,202611,0,0.06421445363205788
22410,202611,0,0.12535815266372857
22411,202611,0,0.283012055777763
22413,202611,0,0.16130479905609854
22414,202611,1,0.2567691708062058
22415,202611,0,0.13841933557843047
22416,202611,0,0.164853111399939
22417,202611,1,0.1448032369343478
22419,202611,0,0.16759404816458848
22420,202611,1,0.12496237804489144
22421,202611,1,0.12866644989430256
22422,202611,0,0.15983128534779495
22423,202611,1,0.14428901067937622
22424,202611,0,0.16254758878835074
22425,202611,0,0.2618528457447354
22426,202611,0,0.1313576128609641
22427,202611,0,0.1521105856784513
22428,202611,0,0.15927049028135665
22429,202611,0,0.1648614450480792
22430,202611,0,0.11093999687882918
22431,202611,0,0.13449620435463433
22432,202611,0,0.13707362105937615
22433,202611,0,0.05685777590649001
22434,202611,1,0.1183695989416286
22436,202611,0,0.11950092997444173
22437,202611,0,0.14795634714756786
22438,202611,0,0.14437053241957598
22439,202611,0,0.11932136686868779
22440,202611,0,0.16194750658004547
22441,202611,0,0.11480073461115296
22442,202611,0,0.12526316303667612
22443,202611,0,0.1417988834350637
22444,202611,0,0.12103355139120704
22445,202611,1,0.15873395243832225
22446,202611,0,0.05195971470425784
22447,202611,0,0.13259387188782937
22448,202611,0,0.16491134213554923
22449,202611,0,0.1481159295958088
22450,202611,0,0.1533723311291288
22451,202611,0,0.13578159919266689
22452,202611,0,0.21631470653530974
22453,202611,1,0.12511978420938777
22454,202611,0,0.06343213494531247
22455,202611,0,0.40189004125833827
22457,202611,0,0.1407419840889112
22459,202611,0,0.11369241367940465
22460,202611,0,0.14331934859072074
22461,202611,0,0.13079394015997559
22462,202611,0,0.1829168736892902
22464,202611,0,0.14722245167174822
22465,202611,0,0.13877733633003278
22466,202611,0,0.22654869779248432
22467,202611,1,0.13905792347040608
22470,202611,0,0.2477280804671011
22471,202611,1,0.14856376765265586
22473,202611,1,0.14619734913404098
22474,202611,0,0.1894944776134777
22475,202611,1,0.36971634331885517
22476,202611,0,0.10969719623468982
22477,202611,0,0.16365908068672455
22479,202611,0,0.15304138486003738
22480,202611,0,0.2774447770400932
22482,202611,0,0.1398378787687506
22484,202611,1,0.1712581402473813
22485,202611,0,0.1139127516716624
22486,202611,0,0.16530859086608565
22487,202611,0,0.11697555958599394
22488,202611,0,0.0689998537116978
22489,202611,0,0.11421302212896851
22492,202611,0,0.14075491600485487
22493,202611,0,0.15122108566521217
22494,202611,1,0.13503582526836191
22495,202611,0,0.128619025227287
22496,202611,1,0.13776207436097776
22497,202611,0,0.15325522162604838
22499,202611,0,0.09899201531694336
22500,202611,0,0.11232613711491926
22501,202611,1,0.35812178635254915
22502,202611,0,0.16493605735819514
22506,202611,1,0.1371991914684902
22507,202611,0,0.149885760270287
22508,202611,0,0.042689218246697754
22509,202611,1,0.3888200775491824
22510,202611,0,0.11521917653079834
22512,202611,0,0.15496305234348806
22513,202611,0,0.12723384837530435
22514,202611,1,0.14859530609710225
22515,202611,0,0.15989951685599443
22516,202611,1,0.12072829376395174
22517,202611,1,0.14125058080940078
22518,202611,0,0.14519755741627044
22519,202611,0,0.13787069582799283
22520,202611,0,0.1496414129307854
22521,202611,0,0.10616111252328132
22523,202611,0,0.18210446142951447
22524,202611,0,0.40643063206195124
22525,202611,0,0.14964328686007342
22526,202611,0,0.2521621537766197
22527,202611,0,0.1274887102047482
22528,202611,0,0.12641526763268632
22529,202611,0,0.11362423597061305
22530,202611,0,0.21148186105044894
22531,202611,0,0.14799196402617715
22533,202611,0,0.16072132487768204
22536,202611,1,0.39871128624911534
22537,202611,1,0.14923153671486372
22538,202611,0,0.12879745104153126
22539,202611,1,0.1498852409719302
22540,202611,0,0.05288966514248358
22542,202611,0,0.14895874531533598
22544,202611,0,0.147986700039643
22545,202611,1,0.1371539822123187
22546,202611,0,0.08373127257382923
22547,202611,0,0.24450616382411128
22548,202611,1,0.1586833808285315
22549,202611,0,0.1321857130407509
22550,202611,0,0.3213990777854773
22551,202611,0,0.27176216948883564
22552,202611,0,0.1415371979071724
22553,202611,0,0.06325595002493906
22554,202611,0,0.2196076467229244
22557,202611,1,0.15896342612881484
22558,202611,0,0.06732863582298718
22560,202611,0,0.10883654887994863
22561,202611,0,0.20334565058514803
22562,202611,0,0.17594954738388213
22563,202611,0,0.2754088847101481
22564,202611,0,0.20353789395323285
22565,202611,0,0.13139871877942427
22566,202611,0,0.12426171855220468
22567,202611,0,0.13990754057981702
22568,202611,1,0.13560195790900678
22570,202611,0,0.1230293087371405
22572,202611,1,0.41244245904306936
22573,202611,0,0.1810367823477548
22574,202611,1,0.06049342405053722
22577,202611,0,0.16455825040576627
22578,202611,1,0.16924088941414236
22580,202611,0,0.12618404394201554
22581,202611,0,0.1422488445662761
22582,202611,1,0.2381781381382493
22583,202611,0,0.22161279609084708
22584,202611,0,0.15854695025711682
22585,202611,0,0.13115968302595646
22586,202611,1,0.13522599518516662
22587,202611,0,0.09919890262984278
22588,202611,0,0.13196172107817408
22591,202611,0,0.24828190363970196
22592,202611,0,0.21340552767603896
22593,202611,0,0.159170137749785
22594,202611,1,0.1842463926449307
22595,202611,0,0.20519648895921705
22596,202611,0,0.2481845082807584
22597,202611,0,0.1468585285171424
22598,202611,0,0.13843577671599247
22599,202611,0,0.059915265188885916
22600,202611,0,0.15437551625302737
22601,202611,0,0.1320771638827972
22602,202611,0,0.17189137306237698
22603,202611,0,0.2213829285381507
22604,202611,0,0.2522510564814232
22605,202611,0,0.13037250096684863
22606,202611,0,0.07167091606830395
22607,202611,0,0.1281329800841671
22608,202611,0,0.1335033914196746
22609,202611,0,0.13138124124710676
22610,202611,0,0.1681238653726103
22611,202611,0,0.1659956019896321
22612,202611,0,0.14684871363856264
22613,202611,0,0.26481562601968484
22614,202611,0,0.25637810493601837
22615,202611,0,0.06781586322971668
22618,202611,0,0.14328798865926512
22619,202611,1,0.21954984716647633
22621,202611,0,0.12931245792560203
22622,202611,0,0.14211793224229538
22624,202611,0,0.1192199039506495
22625,202611,1,0.12201239297371301
22626,202611,0,0.1780041206595995
22627,202611,0,0.15352163250065196
22628,202611,0,0.12071027964961346
22629,202611,0,0.13233536275607294
22630,202611,0,0.11292574490775764
22631,202611,0,0.117127525126075
22633,202611,0,0.1347233876242437
22634,202611,0,0.12623213551949347
22635,202611,0,0.15321285775440868
22636,202611,1,0.24591927399658
22637,202611,0,0.11553597063925797
22639,202611,0,0.18266402696327208
22640,202611,1,0.14349778675730965
22641,202611,0,0.13298434224337605
22642,202611,0,0.1658431063277321
22643,202611,0,0.15853892038001755
22644,202611,0,0.3712523754965554
22646,202611,0,0.10651888613428166
22647,202611,0,0.22946200396269087
22648,202611,0,0.140964596766927
22649,202611,1,0.3491041336439148
22650,202611,0,0.2333959188767296
22651,202611,1,0.2480331380160634
22652,202611,0,0.1253722580560318
22653,202611,0,0.13454186201091692
22655,202611,0,0.24372330216676574
22657,202611,0,0.05871558530220693
22658,202611,0,0.14178924291052483
22659,202611,1,0.1437883822718654
22660,202611,1,0.08608680215465403
22661,202611,1,0.11973501613064025
22662,202611,0,0.1318447614300463
22663,202611,0,0.13129749752792863
22664,202611,0,0.2363524143074706
22665,202611,0,0.16915083461399655
22666,202611,0,0.24413257330045146
22668,202611,0,0.14709389878085294
22669,202611,0,0.14636823270090052
22670,202611,0,0.1825907741576341
22671,202611,0,0.16687282748366933
22672,202611,0,0.10923513355070813
22673,202611,0,0.068274725388744
22675,202611,1,0.2281458977133395
22676,202611,0,0.1256815057628471
22677,202611,1,0.34707872200452267
22678,202611,0,0.15130455753769412
22679,202611,1,0.13925348041733637
22680,202611,1,0.1421447955241682
22681,202611,1,0.14488334393818525
22682,202611,0,0.1543996335472679
22683,202611,0,0.13188405015210652
22684,202611,0,0.12144769465925351
22685,202611,0,0.1337916859795311
22686,202611,0,0.15686129830630388
22687,202611,0,0.21992383051156106
22688,202611,0,0.12025520198169029
22690,202611,0,0.13839999867839198
22691,202611,0,0.13736172953524536
22692,202611,0,0.152975453107256
22693,202611,1,0.1498495719333295
22694,202611,0,0.14381486573825997
22695,202611,0,0.1537203618874576
22696,202611,0,0.057521477414571295
22697,202611,0,0.2755900083338965
22698,202611,1,0.14169755956939625
22699,202611,0,0.2377535910116762
22701,202611,1,0.40887570371281606
22702,202611,0,0.2732717390697535
22704,202611,0,0.09461326708972508
22705,202611,0,0.15953674016967948
22706,202611,0,0.17711089267059696
22707,202611,1,0.14859349714302017
22708,202611,1,0.13870263252198223
22709,202611,0,0.06259218659465804
22711,202611,0,0.23839303672050274
22712,202611,0,0.14174389712650304
22713,202611,1,0.3702777446501641
22714,202611,0,0.15004094050290345
22715,202611,0,0.10941688696360094
22716,202611,0,0.12091651131666249
22717,202611,0,0.20538070855311363
22718,202611,0,0.06279760901644582
22720,202611,0,0.34401043964546424
22721,202611,0,0.059541257136151944
22722,202611,1,0.14159650510517488
22724,202611,0,0.13824932790433195
22725,202611,0,0.14184504226226052
22726,202611,0,0.28433685108958634
22728,202611,0,0.12580874032521958
22729,202611,0,0.1004130698246281
22730,202611,0,0.16279997770641103
22732,202611,0,0.18096358408164534
22733,202611,0,0.2286619285784811
22734,202611,0,0.15473398434984123
22735,202611,0,0.35238784881535834
22736,202611,0,0.14683440458139563
22737,202611,0,0.12839913355686958
22738,202611,0,0.05684657979620678
22739,202611,0,0.27647702284644743
22740,202611,0,0.2390587555430528
22742,202611,0,0.14010235568586757
22743,202611,0,0.20551984327750059
22745,202611,0,0.1284826512047127
22746,202611,0,0.062448850114128256
22748,202611,0,0.3747201112265111
22749,202611,0,0.2103593092477709
22751,202611,0,0.08920914093465437
22752,202611,0,0.14377129143977244
22753,202611,0,0.35448690695074053
22755,202611,1,0.12457353029053075
22756,202611,0,0.10377645254662576
22757,202611,0,0.05011197844840886
22758,202611,0,0.22310802696649046
22759,202611,0,0.12533513166622906
22760,202611,1,0.1375471620800513
22762,202611,0,0.12595718686941576
22763,202611,0,0.23935086037569142
22764,202611,0,0.1448892992571195
22765,202611,1,0.4048838075205867
22766,202611,0,0.0713023748960095
22768,202611,0,0.05750320298975731
22769,202611,0,0.12667416466577566
22770,202611,0,0.11543828112088202
22772,202611,0,0.23392217418270722
22773,202611,0,0.11769164003036849
22775,202611,0,0.1381010843143762
22776,202611,0,0.22142363501630236
22777,202611,0,0.13193274084252019
22779,202611,0,0.08128645386461777
22780,202611,0,0.15932279396580812
22781,202611,0,0.38385326754809546
22782,202611,1,0.13668965110313255
22783,202611,0,0.19832045247198934
22784,202611,0,0.14691345386010352
22785,202611,1,0.13345021416740413
22786,202611,0,0.19002023206707763
22787,202611,1,0.15982265418352454
22789,202611,0,0.1434620292561472
22791,202611,0,0.07199732374456984
22792,202611,1,0.35323349627484074
22793,202611,0,0.16030853052814997
22794,202611,0,0.1472746288749949
22795,202611,0,0.0649337547307074
22796,202611,0,0.07080218744779548
22798,202611,0,0.15411997833156718
22799,202611,1,0.12422464113581454
22800,202611,0,0.14496188754136324
22801,202611,0,0.16319053858273258
22802,202611,0,0.1962386500475137
22804,202611,0,0.06103876040543203
22808,202611,0,0.1254372127319812
22809,202611,1,0.33849731769930547
22810,202611,0,0.3580873659701441
22811,202611,0,0.13073561248417845
22812,202611,0,0.0588422890825334
22813,202611,0,0.14424429040013295
22814,202611,0,0.15605935051385658
22815,202611,1,0.1275004489778584
22816,202611,0,0.11944601938641482
22818,202611,0,0.1450229032742387
22820,202611,0,0.23109251986584015
22821,202611,0,0.059787446275219744
22823,202611,0,0.12718564723427728
22824,202611,0,0.12464046001753079
22825,202611,0,0.11440126802980599
22826,202611,0,0.2593019555190091
22828,202611,0,0.13929730627533682
22829,202611,0,0.2368037834840217
22830,202611,0,0.17896664605755616
22831,202611,0,0.18339587461386475
22832,202611,0,0.1468817741334027
22833,202611,0,0.05863054905712567
22836,202611,0,0.12703308061631668
22839,202611,0,0.11663490065770254
22840,202611,0,0.06192028598462318
22841,202611,0,0.1361636151095591
22842,202611,0,0.1282187381027256
22844,202611,1,0.12046459753430387
22845,202611,0,0.21888938990802775
22846,202611,0,0.11078619002426586
22847,202611,0,0.1493386012991679
22848,202611,0,0.13411305449435873
22849,202611,1,0.3774720524534067
22851,202611,0,0.13609882722188302
22853,202611,0,0.11812665953789973
22855,202611,0,0.13279237601700622
22856,202611,1,0.13761096115719723
22857,202611,1,0.12521275262850015
22858,202611,1,0.14547446129469038
22859,202611,0,0.12865012545703688
22860,202611,0,0.38052228686044964
22861,202611,0,0.12311761191058207
22862,202611,0,0.216141261834418
22863,202611,1,0.22924548075187756
22864,202611,0,0.13644874461936132
22865,202611,0,0.05959830861698908
22866,202611,1,0.288409613716063
22868,202611,1,0.1485297233864916
22869,202611,1,0.42572088982657347
22870,202611,0,0.14683415908306827
22871,202611,0,0.16329771327574774
22872,202611,1,0.19762849402526048
22873,202611,0,0.13084179288890238
22874,202611,0,0.15300977174284602
22875,202611,0,0.14447986612697147
22876,202611,0,0.15448073923061972
22877,202611,0,0.3415279369704768
22878,202611,0,0.12795843042694452
22879,202611,0,0.3464798551379738
22880,202611,0,0.15642815086220024
22881,202611,1,0.11160824165649286
22882,202611,0,0.1271276224797011
22883,202611,0,0.28632176977176327
22884,202611,0,0.14083810398393806
22886,202611,0,0.05602770893292934
22887,202611,0,0.12937962025099037
22888,202611,0,0.138212193520803
22889,202611,0,0.16567939069375826
22890,202611,0,0.20550627334616436
22891,202611,0,0.06461900699682746
22894,202611,0,0.1659953333789426
22895,202611,1,0.05598497737088158
22897,202611,0,0.16298465390072805
22898,202611,0,0.242277076116557
22899,202611,0,0.05840165754089089
22900,202611,0,0.04543769846435685
22901,202611,0,0.12175359149670571
22902,202611,1,0.157825280414275
22903,202611,1,0.12310310218279649
22904,202611,0,0.12171966554119365
22905,202611,0,0.16438962518286312
22906,202611,0,0.1790556918412889
22907,202611,0,0.2118728198846835
22908,202611,0,0.1480831922666464
22909,202611,0,0.06952192494678756
22910,202611,0,0.15561761998509513
22911,202611,0,0.14925743124477847
22913,202611,0,0.1541961592872861
22914,202611,1,0.06532428278312956
22915,202611,0,0.15069878074356574
22916,202611,1,0.16879544809492672
22918,202611,0,0.1049777942074827
22919,202611,0,0.25218617546399374
22920,202611,1,0.061285073845877336
22921,202611,0,0.2650323590791192
22922,202611,0,0.05934142695977611
22923,202611,0,0.15292295688373758
22924,202611,1,0.35243213066793083
22925,202611,0,0.15691130595274566
22926,202611,0,0.10542958561374267
22927,202611,0,0.16721058226541133
22928,202611,0,0.14315579569019857
22929,202611,0,0.2243115145481251
22930,202611,0,0.1005785440474661
22933,202611,0,0.1480860989259977
22934,202611,0,0.1614228151170189
22935,202611,0,0.12323978569897265
22936,202611,0,0.18998184783439817
22937,202611,0,0.13615601615152123
22938,202611,0,0.15282497527545996
22940,202611,0,0.12695511809596605
22941,202611,0,0.358665108432125
22943,202611,0,0.1337190941366716
22944,202611,1,0.2292857118761279
22945,202611,0,0.12465983611802128
22946,202611,0,0.14703523653387637
22947,202611,0,0.19906038945073973
22948,202611,0,0.2368274714067836
22949,202611,0,0.25481949291976397
22950,202611,0,0.1561188692195731
22951,202611,0,0.12308945978878699
22952,202611,0,0.15647598770275
22953,202611,0,0.13951262195120276
22954,202611,0,0.1236530647729259
22955,202611,0,0.3534652348160934
22957,202611,0,0.37859591067918275
22958,202611,0,0.11744387236794376
22959,202611,0,0.12310020895165442
22960,202611,1,0.29617341725768886
22961,202611,0,0.16290800992942264
22962,202611,0,0.1291408118624603
22963,202611,0,0.10997410444837384
22964,202611,0,0.1758215597610357
22965,202611,0,0.15582667231904945
22966,202611,0,0.1530635331288695
22967,202611,0,0.16915705942431308
22968,202611,0,0.3627273543106007
22969,202611,0,0.13165536278951598
22970,202611,0,0.1199634305035689
22971,202611,0,0.16708786638550202
22972,202611,0,0.33504883592275264
22973,202611,0,0.1633894498808299
22974,202611,0,0.2077929915974214
22976,202611,0,0.13996179159747182
22977,202611,0,0.12422157467671421
22978,202611,0,0.15259581146964538
22980,202611,0,0.12863082887157176
22981,202611,0,0.10370549150204174
22982,202611,1,0.24413479117110892
22983,202611,0,0.12617620124589515
22986,202611,0,0.13468381877294272
22987,202611,1,0.1863027915584187
22988,202611,0,0.19763250674094987
22989,202611,0,0.35214827800467735
22990,202611,0,0.137433522323298
22991,202611,1,0.2292681554342358
22992,202611,0,0.11760167778613481
22993,202611,0,0.05831917605920338
22994,202611,1,0.16493148214386288
22995,202611,0,0.1260621825643053
22996,202611,0,0.10706772689803226
22997,202611,0,0.06434237337712573
22998,202611,0,0.14316584220076362
22999,202611,1,0.1035038676409857
23000,202611,1,0.10715039794840817
23002,202611,0,0.1519149869122346
23003,202611,0,0.12105834640287112
23004,202611,1,0.1369926659954474
23005,202611,0,0.20940830440297867
23006,202611,0,0.1256472898010696
23007,202611,0,0.1269133097725996
23008,202611,0,0.15569447989749433
23009,202611,1,0.3532304806299483
23010,202611,0,0.14929682821162024
23011,202611,0,0.10174926824349789
23012,202611,0,0.16680906237035276
23013,202611,0,0.2573200445078263
23014,202611,0,0.10141201048397243
23015,202611,0,0.13262356075136186
23019,202611,1,0.34971553606531347
23020,202611,0,0.14581302856469494
23021,202611,0,0.15426173266675516
23022,202611,0,0.21546563277696582
23023,202611,0,0.07206361403719716
23025,202611,0,0.22722251395831564
23026,202611,1,0.3176805619894896
23028,202611,0,0.26387252195431155
23031,202611,0,0.15996960352866876
23032,202611,0,0.3484739068964816
23033,202611,0,0.15011664571587235
23034,202611,0,0.13178311732852904
23035,202611,0,0.13669583669732877
23036,202611,0,0.16506180493208786
23037,202611,0,0.06787235939098712
23039,202611,0,0.3290167230105248
23040,202611,0,0.12899877281943414
23041,202611,0,0.12719383313140573
23042,202611,1,0.16354188428353725
23043,202611,0,0.11410041761058404
23044,202611,1,0.2642918860675264
23046,202611,0,0.15681507148239468
23048,202611,0,0.06279304393905939
23049,202611,1,0.3608551871712442
23050,202611,1,0.15688279377407516
23051,202611,0,0.13657426678843532
23052,202611,0,0.13241506615319604
23053,202611,0,0.1492820349597605
23054,202611,1,0.15077905330820998
23055,202611,0,0.17515571629709023
23056,202611,0,0.12843464815374903
23058,202611,1,0.14687687939125657
23059,202611,0,0.16853720286572632
23060,202611,0,0.11743187544598455
23061,202611,1,0.13781809841578932
23062,202611,0,0.12731073290954661
23063,202611,0,0.1317653111512233
23064,202611,1,0.132128010256746
23065,202611,0,0.13057664062315907
23066,202611,0,0.1333547276260035
23067,202611,0,0.10396046771437271
23068,202611,1,0.147719963124398
23069,202611,1,0.1444218906071911
23070,202611,0,0.16656868203983938
23071,202611,1,0.052747397388964036
23072,202611,0,0.12742587714255713
23073,202611,0,0.12785116364155213
23074,202611,0,0.12422810116730085
23075,202611,0,0.14755459033787746
23077,202611,1,0.23384003673902398
23078,202611,0,0.13122854884514387
23079,202611,0,0.17166729701729078
23080,202611,0,0.15979903038726997
23081,202611,0,0.04613222955704821
23082,202611,0,0.2586123255657991
23083,202611,1,0.14235297400217264
23084,202611,0,0.11727187322172312
23085,202611,1,0.14026350564275852
23086,202611,1,0.09956227659421171
23087,202611,0,0.13079256944540432
23088,202611,0,0.14680327875729973
23089,202611,0,0.19944982748429302
23090,202611,0,0.1525689705681789
23093,202611,1,0.1508466615397894
23095,202611,0,0.13595736796663574
23097,202611,0,0.13772019001988964
23098,202611,0,0.0541181058420594
23099,202611,0,0.1355046919012255
23100,202611,0,0.1374784367092578
23101,202611,0,0.15487593019089335
23102,202611,0,0.17659995373475942
23103,202611,0,0.2268592601360898
23104,202611,1,0.11947766330730655
23105,202611,0,0.11619032231945384
23106,202611,0,0.10272925916655723
23107,202611,1,0.2716028336616226
23108,202611,0,0.061411920750517525
23109,202611,0,0.16284985886633685
23110,202611,0,0.1947457237554159
23111,202611,0,0.11383573441120431
23112,202611,0,0.10320730278754561
23113,202611,0,0.06407286232475941
23114,202611,0,0.14858093484860552
23115,202611,0,0.29035808949835457
23116,202611,0,0.06924714513800387
23118,202611,0,0.22384178121745701
23119,202611,0,0.12788265086393177
23120,202611,0,0.14541437786965453
23121,202611,1,0.230856418652401
23122,202611,0,0.18230664770817395
23123,202611,0,0.13287070236666518
23124,202611,0,0.14965173581283192
23125,202611,0,0.11460241845759993
23126,202611,0,0.1340682469604495
23127,202611,1,0.14360787793989163
23128,202611,0,0.14473461650900954
23129,202611,0,0.2512381866327765
23130,202611,1,0.11823624120001905
23131,202611,0,0.12782886814530384
23132,202611,0,0.15982208945890924
23133,202611,0,0.23736060161409123
23134,202611,0,0.14591370610760027
23135,202611,0,0.144302193375418
23136,202611,0,0.13044181322809376
23137,202611,0,0.08945896867182719
23138,202611,1,0.13569759304127305
23139,202611,0,0.15587416150704644
23142,202611,0,0.06006237835373665
23143,202611,0,0.1373978862866898
23146,202611,0,0.1706342591614141
23147,202611,0,0.12443842419909422
23148,202611,0,0.1261653977826169
23149,202611,0,0.11414357532890859
23151,202611,0,0.1205832395302465
23152,202611,0,0.1390616718370648
23153,202611,0,0.33977586642989743
23154,202611,0,0.11662012004284145
23155,202611,1,0.1471474722521412
23156,202611,0,0.14930683924150184
23157,202611,0,0.11708701511079829
23158,202611,0,0.1557389942746088
23160,202611,1,0.14464784055169744
23161,202611,0,0.1648501964259984
23162,202611,0,0.1706390465542114
23163,202611,0,0.14892589581995677
23164,202611,0,0.1871629229386013
23166,202611,0,0.2851458551515216
23167,202611,0,0.17988530212119694
23168,202611,0,0.13527068873688433
23169,202611,0,0.14818881616049334
23170,202611,0,0.12864512932530842
23171,202611,0,0.15073146687229694
23172,202611,0,0.06661387787297104
23173,202611,0,0.22838123861237988
23174,202611,0,0.14097512184550962
23175,202611,1,0.150284865699874
23176,202611,0,0.15474111369843624
23177,202611,0,0.12420082354336832
23178,202611,0,0.1349308059136814
23179,202611,0,0.1336525442707947
23180,202611,0,0.13232170039190644
23181,202611,0,0.3297639863887354
23182,202611,0,0.16121255186957614
23183,202611,0,0.12317093539023591
23184,202611,0,0.12168389826757965
23185,202611,0,0.1538606353304174
23186,202611,0,0.12733373838037382
23187,202611,0,0.22680681103521433
23188,202611,0,0.1583429218914617
23191,202611,0,0.15207888980093104
23192,202611,0,0.1482628794780957
23193,202611,0,0.14751655560684787
23194,202611,0,0.12749235812007337
23196,202611,0,0.1164620918604363
23197,202611,0,0.13160643880679018
23198,202611,0,0.1206915234115402
23199,202611,0,0.07090429387822308
23201,202611,0,0.24102968641251582
23202,202611,0,0.20182130969824708
23203,202611,0,0.13383535074914385
23204,202611,0,0.06900905733720006
23205,202611,0,0.17053098991904114
23206,202611,0,0.13963253960951813
23207,202611,0,0.06360648080027231
23209,202611,0,0.156174360519746
23211,202611,0,0.15626922357851095
23212,202611,0,0.06446271190848898
23214,202611,0,0.12766339081945569
23215,202611,0,0.1227995062546691
23216,202611,0,0.15781846710013905
23217,202611,1,0.12224354448981098
23218,202611,0,0.23829157368116127
23219,202611,0,0.14230415414647843
23220,202611,0,0.15619223008746239
23221,202611,0,0.06349609038343558
23222,202611,0,0.1481524520337669
23223,202611,1,0.3482107584087735
23224,202611,0,0.14057377980807076
23225,202611,0,0.13856402855675698
23227,202611,0,0.12085527013052823
23228,202611,0,0.14455950249156177
23229,202611,0,0.24780168368129982
23230,202611,0,0.1381611352399698
23231,202611,0,0.31942307715755663
23232,202611,1,0.2259639049789415
23233,202611,0,0.16508594813176114
23234,202611,0,0.1362786146530765
23236,202611,0,0.12776262588003104
23238,202611,0,0.12398872885757524
23239,202611,0,0.09598593680314016
23240,202611,0,0.13021366822193597
23241,202611,0,0.15018760822754626
23242,202611,0,0.3683758157090604
23243,202611,1,0.15069432619356288
23245,202611,0,0.17185472749594866
23246,202611,0,0.12868599942522724
23247,202611,1,0.29219714933094565
23248,202611,0,0.16055241412536217
23249,202611,0,0.22127363327642374
23250,202611,0,0.13335272413111882
23251,202611,0,0.1537004329477712
23253,202611,1,0.12618563808729266
23254,202611,0,0.15609853878442181
23255,202611,0,0.16344199263109205
23256,202611,1,0.13585650775916722
23257,202611,0,0.36925238373165503
23258,202611,0,0.180238115024962
23259,202611,0,0.12742755882094392
23260,202611,0,0.13197638503768927
23262,202611,0,0.16251792252443437
23263,202611,1,0.14392228405018945
23264,202611,0,0.15053675643397418
23265,202611,1,0.2761167574574108
23267,202611,0,0.18475182891456277
23268,202611,1,0.35822997489327785
23270,202611,0,0.18027349256895533
23271,202611,0,0.1440323084312056
23273,202611,0,0.1745474734575877
23274,202611,0,0.14016914477467335
23275,202611,0,0.15221602176842017
23276,202611,0,0.14778159532535917
23277,202611,0,0.14418056472605828
23278,202611,0,0.13700954124143352
23280,202611,0,0.26715688903143747
23281,202611,1,0.1493418747960064
23282,202611,0,0.2420779442792535
23283,202611,0,0.14574906592347878
23284,202611,0,0.17074720320749445
23286,202611,0,0.12108795483289789
23287,202611,0,0.1559568039742465
23288,202611,0,0.14466634970919517
23289,202611,0,0.15785455104674098
23291,202611,0,0.059412768220577235
23293,202611,0,0.23440512189073706
23294,202611,0,0.120300896438073
23295,202611,0,0.15608215617888235
23296,202611,1,0.1651213692297285
23297,202611,0,0.1452398182835833
23298,202611,0,0.09799762275512353
23299,202611,0,0.15406096404935526
23301,202611,1,0.15942777348868112
23302,202611,1,0.24224740426898198
23304,202611,0,0.22489403127805838
23305,202611,0,0.12222201905760807
23306,202611,0,0.12423979026461483
23307,202611,0,0.05347519964247019
23309,202611,0,0.20065215520994892
23310,202611,0,0.13641753857065475
23311,202611,0,0.1688731346788651
23313,202611,0,0.13414924982541251
23314,202611,0,0.16499490856308627
23315,202611,0,0.14447333917637623
23318,202611,0,0.13627020188017733
23319,202611,0,0.05282867684761986
23320,202611,0,0.13057132958506656
23321,202611,0,0.14586380802427676
23322,202611,0,0.12449008355222123
23323,202611,0,0.15725466630947071
23324,202611,1,0.19282435355045155
23325,202611,0,0.11440613903543291
23326,202611,0,0.13862616732391342
23328,202611,0,0.33116542854983444
23332,202611,0,0.04589589676439949
23333,202611,0,0.056298009561382006
23334,202611,0,0.4066035205116209
23335,202611,0,0.12068393423373362
23336,202611,0,0.14838168533810295
23337,202611,1,0.2984734571448911
23338,202611,0,0.07392059392342828
23339,202611,0,0.14203467077825974
23340,202611,0,0.15701775319074682
23343,202611,0,0.200182213533812
23344,202611,0,0.12034752280079977
23345,202611,1,0.20478792517260652
23346,202611,0,0.08993736382171587
23347,202611,0,0.14112218292395312
23348,202611,0,0.14366746394728505
23349,202611,0,0.2306682377432429
23351,202611,0,0.1302159653564443
23352,202611,0,0.20959028207283248
23353,202611,0,0.3943125955335492
23354,202611,0,0.14677531286404505
23355,202611,1,0.17708113967409228
23356,202611,0,0.29340528514461983
23357,202611,0,0.14394677712273077
23359,202611,0,0.12159414900411998
23360,202611,1,0.12319880204913343
23361,202611,0,0.15731932547187275
23362,202611,1,0.162588071975417
23364,202611,0,0.16628031876671925
23365,202611,0,0.13728224711917167
23366,202611,0,0.23455302270785866
23367,202611,0,0.1387820024664943
23368,202611,0,0.17355301346577362
23369,202611,0,0.1960558092195782
23371,202611,0,0.15739656717976633
23372,202611,0,0.1545634496842908
23373,202611,0,0.16282027309134087
23376,202611,1,0.10944152565681169
23377,202611,0,0.09411849244543918
23378,202611,0,0.14346472810219746
23379,202611,1,0.13590441387766652
23380,202611,1,0.24941098485929686
23383,202611,1,0.15043357439275437
23385,202611,0,0.1514072282559562
23387,202611,0,0.06389488298098027
23388,202611,0,0.20297954243360197
23389,202611,1,0.33866838595035975
23392,202611,0,0.06106254074513508
23394,202611,0,0.31856445648461473
23395,202611,0,0.16396867012400457
23397,202611,0,0.2659906675868969
23398,202611,0,0.05929683222503461
23399,202611,0,0.1365317049028738
23401,202611,0,0.14773382036218066
23402,202611,0,0.12702761501966625
23404,202611,0,0.16286182296177693
23406,202611,1,0.15445579729206899
23407,202611,0,0.23591621055619102
23409,202611,0,0.12690009720310444
23410,202611,0,0.1524598031930818
23411,202611,0,0.05108675548579211
23412,202611,0,0.14870956452043316
23413,202611,0,0.08620729420605426
23415,202611,0,0.1515130503050457
23416,202611,0,0.1653871090086168
23417,202611,0,0.1221822099878083
23419,202611,0,0.12765765818874494
23421,202611,0,0.07254852513463521
23422,202611,0,0.12626971055459546
23423,202611,0,0.14694559683913683
23425,202611,1,0.15383181724470232
23426,202611,0,0.14244458137023147
23427,202611,0,0.13607418140102517
23428,202611,0,0.12848626610818112
23430,202611,0,0.18586805205234883
23431,202611,0,0.12805001237573668
23432,202611,0,0.13715190267039046
23433,202611,0,0.13147069311124923
23434,202611,1,0.2754700121041624
23435,202611,0,0.047903226855378275
23436,202611,0,0.12735677932436773
23437,202611,1,0.13270824519319438
23438,202611,0,0.1458796688509694
23439,202611,0,0.06494439324743523
23440,202611,0,0.15367355916314826
23441,202611,0,0.06995390919091854
23442,202611,0,0.12289554361846357
23443,202611,0,0.17293588197404822
23444,202611,0,0.1432799038241058
23446,202611,1,0.16927621095038115
23447,202611,0,0.06163815494141383
23448,202611,1,0.2509482513377687
23449,202611,1,0.15988521669692038
23450,202611,0,0.1548924883586196
23451,202611,1,0.13561503313649043
23452,202611,0,0.13488782476422403
23453,202611,0,0.16332367018738222
23454,202611,0,0.13835220498068518
23455,202611,0,0.047922945357376893
23456,202611,0,0.05990009292853116
23457,202611,0,0.1904145698400649
23459,202611,0,0.13738752157078035
23461,202611,1,0.27058582745421594
23462,202611,0,0.1424160897618728
23463,202611,0,0.20723381268472646
23464,202611,1,0.15135036481190103
23466,202611,0,0.1416508959069599
23468,202611,0,0.15113605282430162
23469,202611,0,0.14634311617224244
23470,202611,0,0.13420932725710455
23471,202611,0,0.2102007714813283
23472,202611,0,0.26208406656729616
23473,202611,0,0.14831381315313477
23474,202611,0,0.24425755546799002
23475,202611,1,0.3240795617134841
23476,202611,0,0.14706133043654587
23477,202611,0,0.11999241939453385
23478,202611,0,0.14764201646574268
23479,202611,0,0.2648271640209508
23480,202611,0,0.1705555254886483
23481,202611,0,0.1282591695411377
23482,202611,0,0.1283917909504698
23483,202611,0,0.22525638205843615
23484,202611,0,0.14761675187920537
23486,202611,0,0.1331151347356755
23487,202611,0,0.1391750131374521
23488,202611,0,0.13884969655834684
23489,202611,0,0.12604387777451692
23490,202611,0,0.2699875046380668
23492,202611,0,0.1442374110319173
23493,202611,0,0.053351594635638086
23494,202611,0,0.2651119915025804
23495,202611,0,0.3784755598366508
23496,202611,0,0.17843164511118761
23497,202611,0,0.13565452517253734
23498,202611,0,0.10763941629128927
23499,202611,0,0.12092428408557118
23500,202611,0,0.12860940362898327
23501,202611,0,0.055530640405059985
23504,202611,0,0.2121868342016899
23505,202611,0,0.11465966964190318
23506,202611,0,0.1271726347758628
23507,202611,0,0.23925820628106753
23508,202611,0,0.14005616854574565
23509,202611,0,0.14451604026071163
23512,202611,1,0.21684031473148493
23513,202611,1,0.12843184570021038
23514,202611,0,0.16125291952756643
23515,202611,0,0.06510268843247347
23516,202611,0,0.0656074077163718
23517,202611,0,0.24571149911818388
23518,202611,1,0.24262472148641417
23519,202611,0,0.23077349725216406
23520,202611,0,0.1284177828780333
23521,202611,0,0.1449062710463448
23522,202611,1,0.2164708046687258
23523,202611,0,0.12130427538945138
23524,202611,0,0.13994786492638894
23525,202611,0,0.12774115501460925
23526,202611,0,0.15163483849874865
23527,202611,1,0.23901584373543083
23528,202611,0,0.14431276890846823
23529,202611,0,0.13377664092908223
23530,202611,0,0.14179976860485924
23531,202611,0,0.15884240913363926
23532,202611,0,0.0738600711199482
23533,202611,0,0.05103070191265139
23534,202611,0,0.06591836450367711
23535,202611,0,0.12897971291177074
23538,202611,0,0.10116538204045822
23540,202611,0,0.06284034789632469
23542,202611,0,0.05586712662871995
23543,202611,1,0.30140241384714483
23544,202611,0,0.164233517804683
23545,202611,1,0.11626145218030473
23548,202611,1,0.2366331673496192
23550,202611,0,0.26500711641832403
23551,202611,0,0.23026706178833029
23552,202611,0,0.19411849117755958
23553,202611,0,0.13062211577002544
23554,202611,0,0.1455004540478052
23555,202611,1,0.12458597378503562
23556,202611,0,0.14306648893871973
23557,202611,0,0.15880929276169398
23560,202611,0,0.14058435790186222
23561,202611,0,0.12565936937023106
23564,202611,0,0.11603108967664878
23565,202611,0,0.1534812555676644
23566,202611,0,0.14721902370281992
23568,202611,0,0.2644348478687581
23569,202611,0,0.055464620413596614
23570,202611,1,0.1397132392293976
23571,202611,0,0.1673805425497084
23572,202611,0,0.04923456014879796
23573,202611,0,0.13700832476077995
23574,202611,0,0.14417228061229342
23575,202611,0,0.12059246548830958
23576,202611,0,0.1765464609878676
23577,202611,0,0.1240969313371643
23578,202611,0,0.21394002915050647
23579,202611,1,0.10827898840637201
23581,202611,0,0.24715522709462368
23582,202611,0,0.1327269202085661
23583,202611,0,0.15445832147195518
23584,202611,0,0.15773239470551328
23585,202611,0,0.09530697346102886
23586,202611,0,0.15389598302802457
23587,202611,1,0.06465179281226673
23588,202611,1,0.24444455722963515
23589,202611,1,0.17190099186201477
23590,202611,0,0.1027785470598137
23591,202611,1,0.06148476197625774
23592,202611,0,0.07064213019815588
23593,202611,0,0.1284366400909666
23595,202611,1,0.36881868324587225
23596,202611,0,0.15727865952173928
23598,202611,0,0.14225822748241318
23599,202611,0,0.11940813681286591
23602,202611,0,0.12542130588685158
23603,202611,0,0.2747167446537046
23604,202611,0,0.21675732398325398
23606,202611,0,0.09731456613696302
23607,202611,0,0.11589284250262336
23608,202611,0,0.1028149935260401
23609,202611,0,0.275554106307155
23610,202611,0,0.16494318156330723
23611,202611,0,0.08612070951490802
23612,202611,0,0.05700505450750513
23614,202611,0,0.06720522185700104
23615,202611,0,0.12955123311543232
23616,202611,0,0.1358864078731116
23617,202611,1,0.17668630613858663
23618,202611,0,0.156207941013787
23619,202611,0,0.118859945531071
23621,202611,0,0.11274556273775047
23622,202611,0,0.13133034346017156
23625,202611,0,0.13955520121921897
23626,202611,0,0.13847889041025435
23627,202611,1,0.16574351567219628
23628,202611,1,0.12807235762990396
23629,202611,0,0.13174353616689882
23632,202611,0,0.12740525984963463
23633,202611,0,0.1378298663567154
23634,202611,0,0.14009455071396465
23636,202611,0,0.1396965835685761
23638,202611,1,0.24200060558503006
23641,202611,1,0.1581468918083853
23642,202611,0,0.12658916518598703
23643,202611,0,0.1428548357717215
23645,202611,0,0.15625946179937297
23646,202611,0,0.15483155741254484
23647,202611,0,0.1539103716696083
23648,202611,1,0.1614613489232126
23649,202611,0,0.2362696505486078
23650,202611,1,0.14100365911223195
23651,202611,0,0.12567511247488694
23652,202611,0,0.12695581591884594
23653,202611,0,0.1141994481793227
23654,202611,0,0.3628101952700904
23655,202611,0,0.14827737814189443
23656,202611,0,0.12187409403734371
23657,202611,1,0.08069090304655481
23658,202611,1,0.12726890828282594
23659,202611,0,0.15699828773048463
23660,202611,1,0.13429777614799676
23661,202611,0,0.06360410518134485
23662,202611,0,0.13916695361762257
23663,202611,0,0.1475640101569283
23664,202611,0,0.1686930112677086
23665,202611,0,0.11965346378242186
23666,202611,0,0.17553027397303383
23667,202611,0,0.136661601963387
23668,202611,0,0.04728481864925877
23669,202611,0,0.17899260529970223
23670,202611,0,0.13142893014711166
23671,202611,0,0.13675987457911662
23672,202611,1,0.17731272073474025
23673,202611,0,0.12977374227546268
23674,202611,0,0.13064975854890393
23675,202611,0,0.1393370684348491
23676,202611,0,0.2128024668811611
23677,202611,1,0.23519475495835138
23679,202611,0,0.193695385537174
23680,202611,0,0.15905345136811436
23681,202611,0,0.13992332320385734
23684,202611,0,0.3386747721253912
23686,202611,0,0.14807262427215462
23687,202611,0,0.12519700830881478
23688,202611,0,0.05543735739310042
23689,202611,0,0.17231747569752293
23691,202611,1,0.15109436900169948
23692,202611,0,0.3800687913578187
23693,202611,0,0.13328859227739798
23694,202611,0,0.17018748790631583
23695,202611,1,0.23718748865405012
23696,202611,0,0.10805228572578696
23697,202611,0,0.14815562831276158
23698,202611,0,0.15746317312889577
23700,202611,0,0.1170751242840871
23701,202611,0,0.1625465615286057
23703,202611,0,0.1668153991592203
23704,202611,0,0.12033505156455843
23705,202611,1,0.28672161519930234
23706,202611,0,0.06699142089599212
23707,202611,0,0.13103334939500338
23710,202611,1,0.17772122294002188
23711,202611,0,0.13121366395313863
23713,202611,0,0.33395830142821964
23714,202611,0,0.13964859984858366
23715,202611,1,0.2506046495742609
23716,202611,0,0.12445365437347644
23719,202611,0,0.15612905569781094
23721,202611,0,0.1496220998666296
23722,202611,0,0.1473262446373233
23723,202611,0,0.1702878349540533
23724,202611,0,0.14891271327425382
23726,202611,0,0.06435439166314547
23728,202611,0,0.11507453240251732
23729,202611,0,0.2721186254772799
23730,202611,0,0.3879418207583809
23731,202611,0,0.1410282129993589
23733,202611,0,0.13417687372110082
23734,202611,1,0.16212180687593075
23735,202611,0,0.13366713644500813
23736,202611,0,0.093121255378619
23737,202611,0,0.08992691738844316
23738,202611,0,0.23943548265440415
23740,202611,0,0.14662857687054554
23742,202611,0,0.11451082602173457
23743,202611,0,0.225722334525742
23744,202611,0,0.11716531526788998
23745,202611,0,0.2378204623320212
23748,202611,0,0.15897011976859526
23749,202611,0,0.2985631768929434
23751,202611,0,0.23193309179530755
23752,202611,0,0.24518178893253093
23753,202611,0,0.13566454063125385
23754,202611,0,0.14729660772449482
23755,202611,0,0.08722989032456531
23756,202611,0,0.14279551629733675
23758,202611,0,0.13827677555611964
23759,202611,0,0.23765929564040408
23760,202611,0,0.13709094636128025
23761,202611,0,0.2941049256869618
23762,202611,1,0.2572738256066901
23763,202611,0,0.07007558686940375
23764,202611,0,0.23656001061987722
23765,202611,0,0.10791554763618806
23766,202611,1,0.18233356295293238
23767,202611,0,0.11036222322849008
23768,202611,0,0.12990287538994028
23769,202611,0,0.13237020152634782
23771,202611,0,0.15344861947692978
23772,202611,0,0.12433245652435036
23773,202611,0,0.0771472166116563
23774,202611,0,0.28032488758415
23775,202611,0,0.04778974890332326
23776,202611,0,0.09688177824564054
23777,202611,0,0.05431567806680275
23778,202611,1,0.139734986663593
23779,202611,0,0.11323369074506455
23780,202611,0,0.07348619008431773
23781,202611,1,0.11760700007694386
23782,202611,0,0.11888190757153483
23783,202611,0,0.12573313383204857
23785,202611,0,0.2149701054094655
23787,202611,1,0.04821411446841118
23788,202611,0,0.11420148859497939
23789,202611,1,0.2230322181819339
23790,202611,0,0.1537901851436354
23791,202611,0,0.12434770927459961
23792,202611,1,0.30304591243866785
23793,202611,0,0.1777397373634867
23794,202611,0,0.17267146280506857
23795,202611,0,0.13297717612698245
23796,202611,0,0.14160071879557368
23797,202611,0,0.12557476321905245
23798,202611,0,0.0396107407841904
23799,202611,0,0.12569215776221696
23800,202611,0,0.20655655468198283
23801,202611,0,0.13044437093230798
23803,202611,0,0.12804524048339375
23804,202611,0,0.07360058874162767
23806,202611,0,0.11572142174902103
23807,202611,0,0.17100659778685098
23808,202611,0,0.050276919747321486
23809,202611,0,0.12466920531867445
23810,202611,0,0.21820114990474307
23813,202611,1,0.13279128791408124
23815,202611,0,0.19443539951844868
23816,202611,0,0.17959092609059207
23818,202611,0,0.11810304606257961
23819,202611,0,0.35548022423849585
23821,202611,0,0.1613058908418647
23822,202611,1,0.3262989910630566
23823,202611,0,0.14704545074860587
23824,202611,0,0.14121107214473816
23825,202611,0,0.16498170245497062
23828,202611,1,0.2878673113266303
23829,202611,0,0.15189277110854774
23830,202611,0,0.17421805585109787
23831,202611,0,0.03513803369362191
23832,202611,0,0.13103187345666137
23833,202611,0,0.2476564303771618
23834,202611,1,0.2075666664730963
23835,202611,0,0.14480796559014109
23836,202611,0,0.11942316700003168
23837,202611,0,0.1493263807022048
23839,202611,0,0.07189057326711347
23842,202611,1,0.24509179970051562
23843,202611,0,0.23181461407116633
23844,202611,0,0.13667501278915056
23846,202611,0,0.16720523713020705
23847,202611,0,0.12962271200928582
23848,202611,0,0.12884529693344415
23849,202611,1,0.2195366125520226
23850,202611,1,0.3661841218334803
23851,202611,1,0.15011718339543212
23852,202611,0,0.15754877758490626
23853,202611,0,0.14101674538441322
23854,202611,0,0.12907731770080683
23856,202611,0,0.1366122726087353
23858,202611,0,0.14565114847329122
23859,202611,0,0.3964508170373902
23861,202611,0,0.14173388968104073
23863,202611,0,0.14566072943490355
23864,202611,0,0.13824169918014848
23865,202611,0,0.15161380045703235
23866,202611,0,0.13517441832865107
23867,202611,0,0.11679969321825265
23868,202611,0,0.155210999076842
23869,202611,0,0.058293017561882154
23872,202611,0,0.16299397156844858
23875,202611,0,0.11500637540183542
23876,202611,0,0.14310610889407138
23877,202611,1,0.13569884709556362
23878,202611,0,0.12577418611190752
23879,202611,0,0.11741070678846104
23880,202611,0,0.24622952978976975
23881,202611,0,0.14327405943141436
23883,202611,0,0.15440889954175036
23884,202611,0,0.12864845497329191
23885,202611,0,0.18888476578774324
23888,202611,1,0.13973358279135858
23889,202611,0,0.21457885237129798
23890,202611,0,0.13283882595265947
23891,202611,0,0.13838667344004044
23892,202611,0,0.15543388324289373
23893,202611,0,0.21083511076369066
23894,202611,0,0.15091403580579574
23895,202611,0,0.11776603575162989
23896,202611,0,0.10283980170170864
23897,202611,0,0.14454520151278802
23898,202611,0,0.15789314733103496
23899,202611,0,0.06003382598150566
23900,202611,0,0.09796097416061252
23901,202611,0,0.16438224576017585
23902,202611,1,0.14224247777932564
23903,202611,1,0.16688533160679825
23904,202611,0,0.1652606718923274
23905,202611,1,0.17094338601805087
23906,202611,0,0.25878365367945505
23907,202611,1,0.2436911659735155
23908,202611,0,0.15123959877046506
23909,202611,0,0.1488209699841955
23910,202611,0,0.20813190242078794
23911,202611,0,0.17860688427555307
23912,202611,0,0.141337316899005
23913,202611,0,0.17839927958327564
23914,202611,0,0.24759240496442536
23915,202611,0,0.14683764723287784
23916,202611,0,0.1426833311254773
23917,202611,0,0.1496195151983242
23918,202611,0,0.11869446567203829
23919,202611,0,0.23986016907385369
23920,202611,0,0.13227711602897152
23921,202611,0,0.1346297227981684
23922,202611,0,0.2363961237002954
23923,202611,0,0.2257441397876867
23924,202611,0,0.147854158267577
23925,202611,1,0.13357916688603225
23926,202611,0,0.12934640172691686
23927,202611,1,0.34567555545921186
23928,202611,0,0.2581369080075477
23929,202611,0,0.27210312604296927
23930,202611,0,0.1457689929242236
23931,202611,0,0.056904653048917515
23932,202611,0,0.11389606682348836
23933,202611,0,0.12194662315108754
23934,202611,1,0.12810984599047817
23935,202611,0,0.16123520777062011
23936,202611,0,0.12421803699334077
23937,202611,0,0.12359202712041945
23938,202611,0,0.25613744313434605
23939,202611,0,0.13506171073114115
23940,202611,0,0.3687414160264942
23941,202611,0,0.14542293475426957
23942,202611,0,0.1125820564131578
23943,202611,0,0.0652837802481625
23944,202611,1,0.32624559311012585
23945,202611,0,0.14427863709597222
23946,202611,0,0.12600863281206318
23947,202611,0,0.13970759957967882
23948,202611,0,0.3166249974984251
23949,202611,0,0.17185000224913735
23950,202611,0,0.1222360511186777
23951,202611,0,0.13288717797202745
23952,202611,1,0.13468719084525058
23953,202611,0,0.14657029044530728
23954,202611,1,0.38522585369697904
23955,202611,0,0.06311428244962523
23956,202611,0,0.1460051982954112
23957,202611,0,0.23183541490167683
23958,202611,0,0.14606767058770698
23959,202611,0,0.3531322799055426
23960,202611,0,0.13387967424477962
23961,202611,0,0.13732732762145347
23962,202611,0,0.11651758019243175
23963,202611,0,0.15523156911305988
23964,202611,1,0.371311806436086
23965,202611,0,0.13856186238666798
23966,202611,0,0.056487105741570516
23967,202611,0,0.15160545645961226
23968,202611,0,0.11255320919819384
23969,202611,0,0.12767611857665603
23970,202611,0,0.2732844763741126
23971,202611,0,0.14370617976809094
23972,202611,0,0.2702112539249498
23973,202611,0,0.14119605114093756
23974,202611,0,0.18240710121186052
23975,202611,0,0.05462147659771661
23976,202611,1,0.24517869831560363
23977,202611,0,0.13053397822693708
23978,202611,0,0.12534948696761358
23979,202611,0,0.1116735442601974
23980,202611,0,0.12040157091172686
23981,202611,0,0.12199276958337942
23982,202611,0,0.14405837050263254
23983,202611,0,0.05846915506789271
23984,202611,0,0.05233803793490512
23985,202611,0,0.14306743487176127
23986,202611,1,0.2665153875162568
23987,202611,0,0.26888181374270903
23988,202611,1,0.1311952663926613
23989,202611,0,0.15090447565682052
23990,202611,0,0.27458930950648225
23991,202611,0,0.2437464599465219
23992,202611,0,0.133836378370245
23993,202611,0,0.13937756081406186
23994,202611,0,0.13143462072133813
23995,202611,0,0.2790474456855559
23996,202611,0,0.22407657916819418
23997,202611,1,0.12879986880467764
23998,202611,0,0.14739700401303021
23999,202611,0,0.09472932878043917
24000,202611,0,0.1265526021496145
24001,202611,0,0.2269425624494609
24002,202611,0,0.19048680175335997
24003,202611,0,0.11723350454019962
24004,202611,0,0.05430789692744453
24005,202611,0,0.1633000928654252
24006,202611,0,0.13205414928963627
24007,202611,0,0.13600231893597242
24008,202611,0,0.11890895626725584
24009,202611,1,0.3484875805205724
24010,202611,0,0.15071598316480858
24011,202611,1,0.16022959268658335
24012,202611,0,0.12721814209302548
24013,202611,1,0.16278841610782407
24014,202611,0,0.24676346678390015
24015,202611,0,0.3140062609745586
24016,202611,0,0.34720830918626244
24017,202611,1,0.15570260349139953
24018,202611,0,0.11303199099891852
24019,202611,0,0.1562868105819417
24020,202611,0,0.22639969957964257
24021,202611,0,0.13462268311351236
24022,202611,0,0.2311546714760647
24023,202611,1,0.12519543233695463
24024,202611,0,0.14058676042135101
24025,202611,1,0.12301522681612272
24026,202611,0,0.18495185311728932
24027,202611,1,0.15061415521418167
24028,202611,0,0.1345686664427864
24029,202611,0,0.15908577732042017
24030,202611,0,0.17404208458828377
24031,202611,0,0.16690164688475131
24032,202611,1,0.1533994075832336
24033,202611,0,0.06649546346164655
24034,202611,0,0.37764108079643766
24035,202611,0,0.2368402842331927
24036,202611,0,0.13619138690213248
24037,202611,1,0.11580526609142616
24038,202611,0,0.13221340259756367
24039,202611,0,0.14335893882375816
24040,202611,0,0.05002614391851635
24041,202611,0,0.12052985429465282
24042,202611,1,0.08014851347139829
24043,202611,0,0.23122208405680475
24044,202611,1,0.25072981181341764
24045,202611,0,0.28029161829836824
24046,202611,0,0.142965614721721
24047,202611,0,0.15899583689076627
24048,202611,0,0.24938266371744439
24049,202611,0,0.2445788486056033
24050,202611,0,0.3934341536286642
24051,202611,1,0.2291692652058008
24052,202611,1,0.1259472906236197
24053,202611,0,0.05849491434640636
24054,202611,0,0.0583610430866307
24055,202611,0,0.14126604610455964
24056,202611,1,0.15176218077575754
24057,202611,0,0.15951495226943
24058,202611,1,0.14953910685949082
24059,202611,0,0.14330641378681344
24060,202611,0,0.14259822006848605
24061,202611,0,0.15247609309314364
24062,202611,0,0.16787075796397874
24063,202611,0,0.1816515323537415
24064,202611,0,0.3648282867136355
24065,202611,0,0.23054849728565863
24066,202611,0,0.12325173151029166
24067,202611,0,0.06190959202105297
24068,202611,0,0.16680676653097198
24069,202611,1,0.15186148347504175
24070,202611,0,0.1869171954118962
24071,202611,0,0.11329871919178906
24072,202611,0,0.24435159328654066
24073,202611,0,0.058944427384070165
24074,202611,1,0.22193499792496796
24075,202611,1,0.13646251179364205
24076,202611,0,0.12450381630829903
24077,202611,0,0.1137631585661587
24078,202611,0,0.11819410815960116
24079,202611,0,0.12813029262851391
24080,202611,0,0.12814037246201804
24081,202611,0,0.14907681116856608
24082,202611,0,0.05214640775732528
24083,202611,0,0.09371736600433365
24084,202611,1,0.13280535400374938
24085,202611,0,0.14631336694587757
24086,202611,0,0.14825818252800768
24087,202611,0,0.15914112589709686
24088,202611,0,0.1572153814972448
24089,202611,0,0.13080715916924712
24090,202611,0,0.4302097517579901
24091,202611,1,0.13025893419290366
24092,202611,0,0.14397872598391528
24093,202611,0,0.14662402523221862
24094,202611,0,0.06673466608453243
24095,202611,1,0.1429756739403366
24096,202611,0,0.14057063352419621
24097,202611,0,0.17764372747730509
24098,202611,0,0.15857300608188163
24099,202611,0,0.12870746200574285
24100,202611,0,0.1491692203830657
24101,202611,0,0.11928433803923348
24102,202611,0,0.23170394540251224
24103,202611,0,0.1496884410630454
24104,202611,0,0.11615340656531951
24105,202611,0,0.12268887707095633
24106,202611,0,0.16286804603967395
24107,202611,0,0.18054280323802036
24108,202611,0,0.11809151242142613
24109,202611,0,0.13852848150720393
24110,202611,0,0.050740323948509095
24111,202611,0,0.1325911074260899
24112,202611,0,0.14283682215192053
24113,202611,0,0.06370545173261535
24114,202611,0,0.13219235873242832
24115,202611,0,0.1545625701313359
24116,202611,0,0.07057447567215298
24117,202611,0,0.16225149797581348
24118,202611,0,0.12738165824484335
24119,202611,0,0.3386823011085217
24120,202611,0,0.09737879192598349
24121,202611,1,0.05800595720431327
24122,202611,0,0.06395970910788949
24123,202611,0,0.13119929749148027
24124,202611,0,0.1296360110600216
24125,202611,1,0.12765638061193957
24126,202611,0,0.151950129765517
24127,202611,0,0.2551978119189086
24128,202611,0,0.33039425270125866
24129,202611,0,0.1410576947995453
24130,202611,0,0.15605294871867337
24131,202611,0,0.06256731521021203
24132,202611,0,0.36179386171628447
24133,202611,0,0.04725150091481053
24134,202611,1,0.13923477925539285
24135,202611,0,0.13460836483187189
24136,202611,0,0.11099299242103808
24137,202611,0,0.12309324515477232
24138,202611,0,0.2407668392885308
24139,202611,0,0.13643211331442734
24140,202611,0,0.12300330815478946
24141,202611,0,0.06725911496662434
24142,202611,1,0.1750298314003438
24143,202611,0,0.16563892080004738
24144,202611,0,0.10857615120256466
24145,202611,0,0.15809840444972098
24146,202611,0,0.05538412380565203
24147,202611,0,0.16610756852027872
24148,202611,0,0.2358709187930084
24149,202611,0,0.11327499931733996
24150,202611,0,0.17984559416950827
24151,202611,0,0.14381808592281928
24152,202611,0,0.18076881420080315
24153,202611,0,0.12928291008595116
24154,202611,0,0.1512758636337041
24155,202611,0,0.13553488262146646
24156,202611,0,0.13356432128888054
24157,202611,0,0.13444513556130985
24158,202611,0,0.22693293245759158
24159,202611,0,0.25498621464016713
24160,202611,0,0.20222803851152563
24161,202611,0,0.13607749620345386
24162,202611,0,0.057990226070416956
24163,202611,0,0.14307814483294443
24164,202611,1,0.16238973197638532
24165,202611,1,0.1878546518875538
24166,202611,0,0.41131541738427974
24167,202611,0,0.13298246891721238
24168,202611,0,0.22274141480496434
24169,202611,0,0.18376317773096745
24170,202611,1,0.22656659450392042
24171,202611,1,0.1129556721918113
24172,202611,0,0.17680115069697114
24173,202611,0,0.14373466623185818
24174,202611,0,0.07617337580470554
24175,202611,1,0.22940421753136647
24176,202611,1,0.1587548753799798
24177,202611,0,0.06270225729927179
24178,202611,0,0.39478974538704864
24179,202611,1,0.1754509671169767
24180,202611,0,0.3299193656393814
24181,202611,0,0.14856435155288902
24182,202611,0,0.13631253238540664
24183,202611,0,0.1520559697313234
24184,202611,0,0.16237313711080556
24185,202611,0,0.06618539380287043
24186,202611,1,0.2534365914804947
24187,202611,0,0.16285528572550007
24188,202611,1,0.1834452193543429
24189,202611,0,0.15495315468550977
24190,202611,0,0.3253925386068291
24191,202611,0,0.17853367852000895
24192,202611,1,0.3542393669733019
24193,202611,0,0.05334346645137006
24194,202611,1,0.25554998761993936
24195,202611,0,0.2669580621926342
24196,202611,0,0.15929934672760077
24197,202611,1,0.14591984633577124
24198,202611,0,0.14527791800838316
24199,202611,1,0.11093871381790904
24200,202611,0,0.37330439126153786
24201,202611,0,0.13669172982586045
24202,202611,1,0.1713900059006312
24203,202611,0,0.13352563025035724
24204,202611,0,0.1755589792744725
24205,202611,1,0.16503913488802158
24206,202611,0,0.1457149254412048
24207,202611,0,0.2515703180783974
24208,202611,0,0.12390241627943616
24209,202611,0,0.14417320463846564
24210,202611,0,0.12243589663001817
24211,202611,1,0.136053070705433
24212,202611,0,0.12442474498776936
24213,202611,0,0.1590643998173407
24214,202611,0,0.17916067190686927
24215,202611,0,0.18917702069439768
24216,202611,0,0.22152268938815928
24217,202611,1,0.1991740645724235
24218,202611,1,0.09737362515956784
24219,202611,0,0.12138356319095515
24220,202611,0,0.15459861778906012
24221,202611,1,0.32358433416050697
24222,202611,1,0.36287455721215606
24223,202611,0,0.2266010871526963
24224,202611,0,0.126183662339829
24225,202611,0,0.13589342226368484
24226,202611,0,0.2336345924058989
24227,202611,0,0.11024222127904303
24228,202611,0,0.11164895088427772
24229,202611,0,0.12042923993460548
24230,202611,0,0.13400085862822397
24231,202611,0,0.23522348392412373
24232,202611,0,0.05863637855343202
24233,202611,0,0.1278846593543167
24234,202611,0,0.12985477563344458
24235,202611,0,0.0872908446706856
24236,202611,0,0.31639551797767684
24237,202611,0,0.12469214714514043
24238,202611,1,0.1434580622581535
24239,202611,0,0.13431474769661864
24240,202611,1,0.14602924112286345
24241,202611,0,0.09904051697644892
24242,202611,0,0.07095437099726958
24243,202611,1,0.1575951474867797
24244,202611,0,0.16536401232567163
24245,202611,0,0.2732263445424051
24246,202611,0,0.1538674122782937
24247,202611,1,0.1154370438089599
24248,202611,0,0.15051732721370792
24249,202611,0,0.14177845834314604
24250,202611,0,0.1872893837277465
24251,202611,0,0.1127781842970388
24252,202611,0,0.11076580283410314
24253,202611,0,0.145697767336963
24254,202611,1,0.13289927454787695
24255,202611,0,0.274768703244862
24256,202611,1,0.14328799223402097
24257,202611,0,0.12874184313573211
24258,202611,1,0.42417435729779096
24259,202611,0,0.11774418389365315
24260,202611,0,0.1325994771600094
24261,202611,0,0.15445533401905093
24262,202611,1,0.2461098790493345
24263,202611,0,0.12313128851937664
24264,202611,0,0.13435715558323177
24265,202611,0,0.13253509466593832
24266,202611,0,0.15071054526240027
24267,202611,0,0.1323745148062782
24268,202611,0,0.34015803319073
24269,202611,1,0.14120788930929037
24270,202611,0,0.17438427442608717
24271,202611,0,0.1818099064430781
24272,202611,0,0.06640957190541265
24273,202611,1,0.33535606512308264
24274,202611,0,0.2262932684110872
24275,202611,0,0.14582893143782535
24276,202611,1,0.11760198676067878
24277,202611,0,0.14914380539784342
24278,202611,0,0.06549391562569669
24279,202611,1,0.1720251548860432
24280,202611,0,0.12764490179691115
24281,202611,0,0.1396939307693517
24282,202611,1,0.1519439504101279
24283,202611,0,0.15142961532789617
24284,202611,1,0.35176219037486745
24285,202611,1,0.2688102831943165
24286,202611,0,0.1596719535600903
24287,202611,0,0.154429630754519
24288,202611,0,0.13729088929981037
24289,202611,0,0.12634174598603068
24290,202611,1,0.3404697524407578
24291,202611,0,0.14655531748972245
24292,202611,0,0.19539873710846664
24293,202611,0,0.040491747169904696
24294,202611,1,0.12279024806986959
24295,202611,0,0.12305973372437383
24296,202611,0,0.12921600639003425
24297,202611,0,0.22808512645372866
24298,202611,0,0.1630176298213451
24299,202611,0,0.17490651066821056
24300,202611,0,0.12565409440523437
24301,202611,0,0.12392428668766138
24302,202611,0,0.1417365130041905
24303,202611,0,0.3743814815402225
24304,202611,0,0.24907210623714937
24305,202611,0,0.1550824729037157
24306,202611,0,0.16741742501869541
24307,202611,0,0.13279694364970535
24308,202611,0,0.1738495210818973
24309,202611,0,0.059235500655296744
24310,202611,0,0.15597809093052253
24311,202611,0,0.13956654560785767
24312,202611,0,0.13951481561232357
24313,202611,0,0.13431960637986481
24314,202611,0,0.1400637494127661
24315,202611,0,0.09458008590875658
24316,202611,0,0.1135076938194789
24317,202611,1,0.39645827439511394
24318,202611,0,0.061626500010963904
24319,202611,0,0.26295028082603367
24320,202611,0,0.15215622010400617
24321,202611,0,0.13994357316561445
24322,202611,0,0.3041438320119969
24323,202611,0,0.25549684373470133
24324,202611,0,0.1377612461104031
24325,202611,0,0.3957170589472196
24326,202611,1,0.24814882841928215
24327,202611,0,0.16454260436827892
24328,202611,1,0.10835422863943076
24329,202611,0,0.2694915875749911
24330,202611,0,0.1775574589427698
24331,202611,0,0.1394279902259508
24332,202611,0,0.15406434509273023
24333,202611,0,0.37711858407903104
24334,202611,0,0.12557608457548433
24335,202611,0,0.2136974526220596
24336,202611,1,0.09899794997096202
24337,202611,1,0.19928641566175764
24338,202611,0,0.14215028099903695
24339,202611,0,0.05909218708390912
24340,202611,0,0.14681630359797546
24341,202611,1,0.25426200275044114
24342,202611,1,0.16475702329240363
24343,202611,0,0.3500001934296621
24344,202611,0,0.05883065670419108
24345,202611,0,0.1374764445473021
24346,202611,0,0.1310782778380096
24347,202611,1,0.2507364190525782
24348,202611,0,0.24442823945246447
24349,202611,0,0.15383619610464713
24350,202611,1,0.17716820719586196
24351,202611,0,0.11115965001771189
24352,202611,0,0.2277302136564737
24353,202611,0,0.12651117973746487
24354,202611,0,0.3437395823953067
24355,202611,0,0.1438547856042669
24356,202611,0,0.1394470087979264
24357,202611,0,0.1426497378239767
24358,202611,0,0.259328536631231
24359,202611,0,0.13737377346794666
24360,202611,1,0.21911419782962285
24361,202611,0,0.13726214393805058
24362,202611,0,0.12887339892483474
24363,202611,0,0.06729307598915198
24364,202611,0,0.12992725736561808
24365,202611,0,0.23673475218269308
24366,202611,1,0.18001023925621407
24367,202611,0,0.1623552973331363
24368,202611,0,0.05235019076066237
24369,202611,0,0.12281912722519465
24370,202611,1,0.12183267827476092
24371,202611,1,0.17643519376375952
24372,202611,0,0.1474585250933609
24373,202611,0,0.11549537799124343
24374,202611,0,0.12835622491535706
24375,202611,0,0.11200779609520399
24376,202611,1,0.24195482142428312
24377,202611,0,0.2269006060158159
24378,202611,0,0.12282127283188582
24379,202611,0,0.3668057693594257
24380,202611,0,0.1257627010941634
24381,202611,0,0.14820398503485183
24382,202611,0,0.12730967862181575
24383,202611,0,0.15659947350116699
24384,202611,0,0.06936976242179915
24385,202611,0,0.11397920753960882
24386,202611,0,0.07944139203739499
24387,202611,0,0.15602515650477483
24388,202611,0,0.14581129461263134
24389,202611,0,0.12052007306774386
24390,202611,0,0.06745137897423008
24391,202611,1,0.12494880450243735
24392,202611,0,0.11568089397201298
24393,202611,1,0.13954511398583802
24394,202611,0,0.16561895384360892
24395,202611,0,0.2793252543816977
24396,202611,0,0.38043322151506076
24397,202611,1,0.1002893248093898
24398,202611,0,0.1747963126198039
24399,202611,0,0.049770613711148534
24400,202611,0,0.06203594813024059
24401,202611,0,0.11050460508636682
24402,202611,0,0.11844554035696622
24403,202611,0,0.1268173923561569
24404,202611,0,0.13971949955609905
24405,202611,0,0.15194139280772392
24406,202611,0,0.25033050654320044
24407,202611,0,0.14392333626600112
24408,202611,0,0.15876870480486735
24409,202611,0,0.16037097138681544
24410,202611,0,0.05404112639805501
24411,202611,0,0.12252618445997436
24412,202611,0,0.06406441020351936
24413,202611,0,0.060312486906744005
24414,202611,0,0.1454030683507095
24415,202611,1,0.16633519311342979
24416,202611,0,0.24623315947081328
24417,202611,0,0.14234198373103546
24418,202611,1,0.22281228384985244
24419,202611,0,0.13025197441077502
24420,202611,0,0.12538410116063467
24421,202611,0,0.08294155897939848
24422,202611,0,0.12320568526895685
24423,202611,1,0.0638870902148879
24424,202611,1,0.1317225886012654
24425,202611,0,0.24439305416872487
24426,202611,0,0.06959682138133322
24427,202611,0,0.22217266502735353
24428,202611,1,0.2376310085517411
24429,202611,0,0.16547899625580798
24430,202611,1,0.10703880747827192
24431,202611,1,0.05659137429889394
24432,202611,0,0.12725427639557807
24433,202611,0,0.12576953819994938
24434,202611,0,0.14001289221122423
24435,202611,0,0.38423727624864423
24436,202611,0,0.14148123385446712
24437,202611,0,0.128693020412495
24438,202611,1,0.06833555534625861
24439,202611,0,0.13340739135197768
24440,202611,0,0.14872755754704475
24441,202611,0,0.15414672762836812
24442,202611,0,0.19318759846703107
24443,202611,0,0.114445380845015
24444,202611,0,0.14133625566143074
24445,202611,0,0.1472076603367519
24446,202611,0,0.12556230179047254
24447,202611,0,0.2533050922879439
24448,202611,1,0.12182249016711656
24449,202611,0,0.13960339611836006
24450,202611,0,0.13556046875101158
24451,202611,0,0.15847342521482438
24452,202611,0,0.14529345315396086
24453,202611,0,0.15026963680274275
24454,202611,0,0.06622749641195545
24455,202611,1,0.180408012583356
24456,202611,0,0.18606173251997704
24457,202611,0,0.12063333878079482
24458,202611,0,0.1388506327214314
24459,202611,0,0.045647269108004596
24460,202611,0,0.12875526661644385
24461,202611,0,0.1571332656104664
24462,202611,0,0.12253415571964794
24463,202611,1,0.1456488349366391
24464,202611,0,0.1725618868547812
24465,202611,0,0.06637046975983651
24466,202611,0,0.12216965622025967
24467,202611,0,0.1276401516761887
24468,202611,0,0.16203431937324606
24469,202611,0,0.13284857628291577
24470,202611,1,0.05187996811223348
24471,202611,1,0.14052344093159197
24472,202611,1,0.170278120670964
24473,202611,1,0.15629747976067426
24474,202611,0,0.168881265081513
24475,202611,0,0.05974836705540053
24476,202611,0,0.1400938967715405
24477,202611,0,0.1768243440228555
24478,202611,0,0.27592301876228414
24479,202611,1,0.1745030209057938
24480,202611,0,0.1656606892953067
24481,202611,0,0.11920022337030894
24482,202611,1,0.33062311177566134
24483,202611,0,0.10231058933293818
24484,202611,0,0.11608229017224989
24485,202611,0,0.17759271321257977
24486,202611,0,0.262111873021773
24487,202611,0,0.13214172518899595
24488,202611,0,0.13235459292945928
24489,202611,0,0.15483891132173666
24490,202611,1,0.16528501224120584
24491,202611,0,0.14725084259127966
24492,202611,0,0.19431691437110934
24493,202611,1,0.1320120151407456
24494,202611,0,0.0656229330595392
24495,202611,1,0.15678196647986356
24496,202611,0,0.13935955877220524
24497,202611,0,0.16454263106512285
24498,202611,1,0.25818087870708833
24499,202611,0,0.121109635773286
24500,202611,1,0.17864597256498588
24501,202611,0,0.14962179403488196
24502,202611,0,0.24032846343077638
24503,202611,0,0.32761377481606824
24504,202611,0,0.258488735587081
24505,202611,0,0.2080420384272311
24506,202611,0,0.1395980189289247
24507,202611,0,0.1347166681266229
24508,202611,0,0.10606858474144924
24509,202611,0,0.1402404658531227
24510,202611,0,0.15398487731443417
24511,202611,0,0.2252546606309206
24512,202611,0,0.06504492486602682
24513,202611,0,0.15415963735717975
24514,202611,0,0.14977101639935544
24515,202611,0,0.14204297430530335
24516,202611,1,0.11662961105115674
24517,202611,0,0.2769935450556258
24518,202611,0,0.06572904374714537
24519,202611,1,0.15114516178185386
24520,202611,0,0.06949044383266546
24521,202611,0,0.07016625617939813
24522,202611,1,0.15224809049981314
24523,202611,0,0.13843008610807891
24524,202611,0,0.05493456420931214
24525,202611,1,0.15249598032519276
24526,202611,0,0.1104818116312061
24527,202611,0,0.1522481693152476
24528,202611,0,0.1375900917945183
24529,202611,1,0.11880298236404702
24530,202611,0,0.1273342021489976
24531,202611,0,0.16327681200434208
24532,202611,0,0.2581132881303491
24533,202611,0,0.17627726851043812
24534,202611,0,0.14899006045641708
24535,202611,0,0.21185434588600294
24536,202611,0,0.15810302045038735
24537,202611,1,0.11682407496814544
24538,202611,0,0.15029358824968198
24539,202611,0,0.12368520706689205
24540,202611,0,0.2654647843121388
24541,202611,0,0.1459521675824755
24542,202611,1,0.4462265413583969
24543,202611,0,0.16319441587148134
24544,202611,0,0.14885512554413832
24545,202611,1,0.1063492828403093
24546,202611,0,0.14396929947007506
24547,202611,0,0.20602972842031317
24548,202611,0,0.13777423757847462
24549,202611,0,0.16002831188447755
24550,202611,0,0.37048253566855743
24551,202611,0,0.16470771934204848
24552,202611,0,0.14840794550309824
24553,202611,1,0.1552832975541177
24554,202611,0,0.26380630748750244
24555,202611,0,0.2541674095301964
24556,202611,0,0.13052463312544926
24557,202611,1,0.12771656624624264
24558,202611,0,0.227046521667753
24559,202611,0,0.37781358128054604
24560,202611,0,0.1456860241042248
24561,202611,0,0.12593825068354297
24562,202611,0,0.23668389029207626
24563,202611,0,0.20320009967703528
24564,202611,0,0.13430744940033415
24565,202611,1,0.12836888344081404
24566,202611,1,0.14518968096203713
24567,202611,0,0.13972066672257855
24568,202611,0,0.12814616341788262
24569,202611,0,0.18781215845961882
24570,202611,0,0.16839476404404768
24571,202611,0,0.13335194509878573
24572,202611,0,0.32134196440869806
24573,202611,0,0.26457288101204424
24574,202611,1,0.34463337819527784
24575,202611,0,0.2537007992579036
24576,202611,0,0.16311375180737278
24577,202611,0,0.1561041938344096
24578,202611,0,0.26560665778113896
24579,202611,0,0.11799835636855524
24580,202611,1,0.3767659207128175
24581,202611,0,0.12068032315737051
24582,202611,0,0.11887053967914017
24583,202611,0,0.10958219172892
24584,202611,1,0.2138974780842493
24585,202611,1,0.15464581510231148
24586,202611,1,0.2584934207669014
24587,202611,0,0.143902808568815
24588,202611,0,0.13680961150298152
24589,202611,0,0.165552402252799
24590,202611,1,0.14346036914120242
24591,202611,0,0.1606908148260808
24592,202611,0,0.06326695314109518
24593,202611,0,0.12901445965546396
24594,202611,0,0.16117037887423347
24595,202611,0,0.24930291643642633
24596,202611,0,0.1385842664005634
24597,202611,0,0.1311373300300888
24598,202611,1,0.14872408090045738
24599,202611,0,0.10949650947455357
24600,202611,0,0.15743385240959742
24601,202611,0,0.16163380173623051
24602,202611,1,0.12901353134221327
24603,202611,0,0.3561918784766371
24604,202611,0,0.16469874776948062
24605,202611,0,0.13189213721622242
24606,202611,1,0.2726325601084672
24607,202611,1,0.15332927192962773
24608,202611,0,0.137935538028332
24609,202611,0,0.16430883127284143
24610,202611,0,0.11159615811021736
24611,202611,1,0.24337742160833264
24612,202611,1,0.21609011214956117
24613,202611,0,0.16062692542241563
24614,202611,0,0.15228556191333592
24615,202611,0,0.11522734934809503
24616,202611,0,0.06407466964761913
24617,202611,1,0.3291289378614317
24618,202611,0,0.22725736998229495
24619,202611,0,0.15227172530397998
24620,202611,0,0.15108466914270638
24621,202611,0,0.11926658866848419
24622,202611,0,0.1683117299249132
24623,202611,0,0.12534202778559372
24624,202611,0,0.17085825122431472
24625,202611,0,0.1810721470580722
24626,202611,1,0.16982391864725496
24627,202611,1,0.16649889459943285
24628,202611,0,0.1672526432297355
