id_cliente,mes,objetivo,prediccion
2,202611,0,0.15267870639452832
3,202611,0,0.09046655545559895
7,202611,0,0.15277302156782652
10,202611,0,0.08832839262435857
11,202611,0,0.15579283449534073
12,202611,0,0.050021262028657205
14,202611,0,0.06753986103020879
16,202611,0,0.1444630864130848
25,202611,0,0.14963136674776376
32,202611,0,0.10052577331318735
38,202611,0,0.08929300609063325
42,202611,0,0.1660312557802276
48,202611,1,0.1798215447141434
63,202611,0,0.10861347150608638
65,202611,0,0.1264675438548752
70,202611,0,0.14508239478297522
74,202611,0,0.1388777046977752
76,202611,0,0.13914879919476103
83,202611,0,0.06792884781548254
90,202611,0,0.10874272406566231
98,202611,0,0.1710105184378609
104,202611,0,0.10659336153548213
107,202611,1,0.25206130447552877
118,202611,1,0.09409051569441267
121,202611,0,0.08617546750141843
124,202611,0,0.1573804841695743
125,202611,0,0.1422974902902443
137,202611,0,0.21563520544829665
143,202611,0,0.07354666649257433
144,202611,0,0.15768983879831863
147,202611,1,0.18605689269781728
157,202611,0,0.16552427635058342
163,202611,0,0.1073707402017996
165,202611,1,0.08333709771359961
197,202611,0,0.1282368052730508
203,202611,0,0.23284820884513555
205,202611,0,0.09436141503365475
206,202611,1,0.07913626924157564
209,202611,0,0.0813352491514137
228,202611,0,0.12009763700930107
231,202611,0,0.13246655103806262
237,202611,0,0.1571193350620448
243,202611,0,0.0827398946303295
247,202611,0,0.12395333842524664
249,202611,0,0.09413229686419376
253,202611,0,0.18462068593945294
256,202611,1,0.09878206146454678
261,202611,0,0.09240877517945621
263,202611,0,0.06265750514856
275,202611,0,0.07418092353604602
279,202611,0,0.18379578477005326
280,202611,0,0.12148306207811484
288,202611,1,0.1393246910000513
292,202611,0,0.1448863641475829
297,202611,0,0.1103815538440171
299,202611,0,0.10929006475567227
302,202611,0,0.05326572166859987
304,202611,0,0.15030482831062408
308,202611,0,0.180578881264812
317,202611,1,0.15532262354075652
318,202611,0,0.17037738947008385
319,202611,0,0.17387083251225996
321,202611,1,0.14662668012803068
323,202611,0,0.11953375964304372
325,202611,0,0.18638457089143648
339,202611,0,0.13614716797232287
340,202611,0,0.12041344709453528
355,202611,0,0.08400721449473908
359,202611,0,0.15579753634299595
368,202611,0,0.16423308115379262
371,202611,0,0.08334852564609332
378,202611,0,0.12248601056435736
388,202611,1,0.1118604683687824
389,202611,1,0.08485799929689032
390,202611,0,0.16122132091003036
392,202611,0,0.09466771809374346
409,202611,0,0.1338055042412427
412,202611,0,0.12359074364639228
420,202611,0,0.17144570088947192
422,202611,0,0.06806820081441617
428,202611,0,0.13292175860362365
429,202611,0,0.053759170998985355
430,202611,0,0.12970901158909126
434,202611,0,0.0745223794460149
437,202611,0,0.19012965743786353
447,202611,0,0.10701921488005256
461,202611,1,0.1617635166410275
464,202611,0,0.056892986613984994
466,202611,0,0.1744689999201447
468,202611,0,0.18666722730580715
470,202611,0,0.12383551145882357
473,202611,0,0.12096788020075928
475,202611,0,0.05798555458299122
476,202611,0,0.127620370297631
477,202611,1,0.15743698123288705
480,202611,0,0.05476584810644719
483,202611,0,0.15392079838640255
487,202611,0,0.15426759382386268
495,202611,0,0.13964325325825777
496,202611,0,0.14723470060703445
499,202611,0,0.10913489314690261
502,202611,0,0.12359536395829876
504,202611,0,0.11085270721291277
508,202611,0,0.07196515503220284
514,202611,0,0.1333162306036618
515,202611,0,0.17104677023037948
538,202611,0,0.11513669224793745
548,202611,0,0.12429314885569646
551,202611,0,0.12453527988934146
553,202611,0,0.15202277051527271
560,202611,0,0.06894170168007378
564,202611,0,0.09087273785774366
572,202611,0,0.09030976839128747
577,202611,0,0.06752567364959622
578,202611,0,0.20083033161120148
591,202611,0,0.0701241889374687
593,202611,0,0.1133026846124642
603,202611,1,0.11352046303406806
604,202611,0,0.15023341317870942
606,202611,0,0.13205265232789767
614,202611,0,0.17104590948851167
616,202611,0,0.05403858538860952
622,202611,0,0.12241329381588602
626,202611,0,0.0659751087150021
632,202611,0,0.061392573456857995
637,202611,0,0.07000180804275016
640,202611,0,0.13230605514979413
644,202611,1,0.12765925425224162
647,202611,0,0.08659891833655242
648,202611,0,0.056039507848801316
653,202611,0,0.17123523233830099
654,202611,0,0.08130027283640412
659,202611,0,0.1701992610187874
661,202611,0,0.08426859342701762
670,202611,0,0.06937454840390085
671,202611,0,0.07616674539650509
673,202611,0,0.12335431294364735
674,202611,0,0.08032446248139943
679,202611,1,0.13089554362867373
682,202611,0,0.13091739715789236
683,202611,0,0.15314258213860976
687,202611,0,0.14850513852777708
688,202611,0,0.09368914678702751
689,202611,0,0.15849362468029973
701,202611,0,0.07198745364141472
705,202611,0,0.13647397185131147
707,202611,0,0.08510029560972436
710,202611,0,0.09210192531049792
714,202611,0,0.12948634443925727
716,202611,0,0.11934598987218889
717,202611,0,0.15674474246330514
721,202611,1,0.17886697009256905
729,202611,0,0.09899069330163245
732,202611,0,0.12759348678272392
734,202611,0,0.17699616619751612
736,202611,0,0.16519921357357786
740,202611,1,0.18791268332825375
742,202611,0,0.07228370712760304
750,202611,0,0.13866215643542215
764,202611,0,0.12163190194616515
767,202611,0,0.08767287595632843
768,202611,0,0.1627942174999082
773,202611,1,0.06567642026480099
774,202611,0,0.16020346383287834
777,202611,0,0.07724456333380238
778,202611,1,0.14650900643758555
784,202611,0,0.15644501701830713
785,202611,0,0.17254682160004658
786,202611,0,0.1490229004516701
787,202611,0,0.2577712539455422
788,202611,0,0.13949604834177998
790,202611,0,0.09722354202094954
794,202611,0,0.08177221046616949
796,202611,0,0.12345748389602326
802,202611,0,0.07146541288880116
812,202611,0,0.1033913518431765
814,202611,0,0.06106243144204661
816,202611,0,0.08177343554360827
817,202611,0,0.15902559244090167
834,202611,0,0.12699486418396375
835,202611,0,0.17637086925646453
836,202611,0,0.09014881899961515
837,202611,0,0.13970294442601375
840,202611,0,0.08752212247458022
841,202611,0,0.10725974452677775
850,202611,1,0.07856665264256671
854,202611,0,0.09580888718830212
857,202611,1,0.20019305445077562
858,202611,0,0.09671132911589257
859,202611,0,0.08417449534295164
864,202611,1,0.17136314075709125
883,202611,0,0.07664247578391065
887,202611,0,0.08505720780211276
902,202611,0,0.16999481018323154
912,202611,1,0.16020665081775393
913,202611,0,0.09805308331722054
915,202611,0,0.11968566776962063
916,202611,0,0.12153199630123225
917,202611,0,0.12185134897684381
918,202611,1,0.11287634260339138
924,202611,0,0.1265113454453663
929,202611,0,0.13321330239315338
933,202611,0,0.09187976109117407
934,202611,1,0.11678025135654639
936,202611,0,0.0761159164434034
941,202611,0,0.06440347681624169
946,202611,0,0.11818717757635255
948,202611,0,0.07942587832889142
952,202611,0,0.13447119677147415
959,202611,0,0.14741859806799437
963,202611,0,0.110694837326426
965,202611,0,0.13990508356560738
970,202611,0,0.171164248977135
975,202611,0,0.2633146873771635
979,202611,0,0.11215251449211301
982,202611,0,0.054980204818383366
986,202611,0,0.07563898094448218
988,202611,1,0.1829894147048878
992,202611,0,0.18061655582975222
1003,202611,0,0.05817669201856115
1004,202611,0,0.14499784304718585
1007,202611,0,0.10464448964491263
1014,202611,0,0.15007197073778186
1017,202611,0,0.05691686996045433
1018,202611,0,0.11359302826327988
1022,202611,1,0.1059937466325732
1043,202611,0,0.09166478062897838
1046,202611,0,0.14848096326705876
1052,202611,0,0.133067428552068
1061,202611,0,0.054283598844839645
1063,202611,0,0.11307830817134586
1064,202611,0,0.1470068041085638
1067,202611,0,0.12769606148570828
1070,202611,0,0.12476793899778543
1075,202611,0,0.08042644414449626
1088,202611,1,0.1655254632862844
1105,202611,0,0.07429247117033129
1116,202611,0,0.18065681740600267
1117,202611,0,0.28818154357152154
1123,202611,0,0.12517376786539067
1125,202611,0,0.148830749127133
1132,202611,0,0.08908887519520285
1139,202611,1,0.10144987123868757
1140,202611,1,0.12914483830821616
1160,202611,0,0.0687905193220686
1161,202611,0,0.1410604806648688
1165,202611,0,0.108329050602486
1171,202611,0,0.16394598107839445
1179,202611,1,0.07887660958991413
1181,202611,0,0.1153124217846596
1185,202611,0,0.13006615361785318
1186,202611,1,0.12016458667205274
1197,202611,0,0.1293693611115348
1202,202611,0,0.1641501537620075
1205,202611,0,0.0559192033853922
1206,202611,0,0.204244161203808
1207,202611,1,0.19379684974172484
1213,202611,0,0.1336348097326825
1216,202611,0,0.08235346864796446
1228,202611,0,0.117755144237632
1232,202611,0,0.1389592945897046
1238,202611,0,0.15011021904244817
1241,202611,0,0.07962049032858044
1244,202611,1,0.0771636922692552
1246,202611,0,0.07511506453600346
1247,202611,1,0.14539766643400445
1258,202611,0,0.13107816037163106
1263,202611,0,0.16908516934255785
1289,202611,0,0.13352115676356527
1292,202611,1,0.12477264298079827
1301,202611,0,0.1881387477318786
1302,202611,0,0.0610808368031617
1303,202611,0,0.2081530615850546
1308,202611,1,0.20592793059897546
1309,202611,1,0.12964021891487384
1312,202611,0,0.142821909905462
1314,202611,0,0.10197744417259173
1322,202611,0,0.09958819818885677
1326,202611,0,0.09671758191548732
1328,202611,0,0.09252707635375866
1334,202611,0,0.12539855042803577
1336,202611,0,0.14663332710999644
1337,202611,0,0.060673960087127464
1338,202611,0,0.08145235397788081
1340,202611,0,0.15541196421448641
1352,202611,1,0.30629663913771316
1361,202611,0,0.1875051092076288
1365,202611,0,0.19822816042483196
1368,202611,0,0.25945249609582877
1370,202611,0,0.10059883403367563
1378,202611,0,0.16662755164438842
1379,202611,1,0.17926908930040947
1381,202611,0,0.1688731956414674
1388,202611,0,0.15503310413418547
1392,202611,1,0.10538626048150168
1393,202611,0,0.12870070830088562
1395,202611,0,0.0990860068421629
1400,202611,0,0.10937505251045601
1404,202611,0,0.07797279814707533
1405,202611,0,0.08242505022032333
1411,202611,0,0.15787804790568968
1414,202611,0,0.17170337501870186
1415,202611,0,0.06435176196713947
1420,202611,0,0.10721469522690592
1425,202611,0,0.07390379288929777
1434,202611,0,0.21196802792289482
1445,202611,1,0.14740625489247916
1453,202611,0,0.153254870355006
1455,202611,0,0.1868735570676834
1459,202611,1,0.08502531566146135
1460,202611,0,0.17707889197434146
1465,202611,0,0.23853980913643283
1474,202611,0,0.1396922158647261
1475,202611,0,0.06178752079001017
1476,202611,0,0.10294177091342929
1477,202611,0,0.09377839435014582
1489,202611,0,0.11234190769907054
1495,202611,0,0.1453768153779313
1496,202611,0,0.08197025109100871
1501,202611,0,0.11782501929336804
1504,202611,0,0.06876393344768138
1506,202611,0,0.11808541726747873
1508,202611,1,0.0920809800850103
1516,202611,0,0.1500212687901589
1533,202611,1,0.13369972219311646
1535,202611,0,0.08315250586123751
1541,202611,0,0.08495613177135233
1546,202611,0,0.07144907407997085
1552,202611,0,0.07472605086743363
1558,202611,0,0.16551014051830032
1559,202611,0,0.11101844911017814
1564,202611,0,0.1073147555137501
1566,202611,0,0.10457358997160551
1567,202611,0,0.17756865468627211
1573,202611,0,0.1441907619797111
1576,202611,0,0.0982370980351783
1577,202611,0,0.08250441502800938
1578,202611,0,0.07428906811538619
1583,202611,1,0.13161049207302294
1586,202611,0,0.1495010872561024
1587,202611,0,0.11701512441946883
1589,202611,0,0.16831023526666541
1591,202611,0,0.12660931482352228
1592,202611,0,0.1078703030812611
1598,202611,0,0.06697330070065666
1602,202611,0,0.17515282187910322
1604,202611,0,0.10382355459915771
1606,202611,0,0.10447141297552089
1614,202611,0,0.05833180441428596
1615,202611,0,0.18728970226382102
1619,202611,0,0.1378694101299716
1623,202611,0,0.1524354054153513
1631,202611,0,0.08388915763532247
1639,202611,0,0.05474664537109677
1648,202611,0,0.05482216771363341
1653,202611,1,0.07619372589526861
1659,202611,0,0.10295205162288765
1669,202611,0,0.1605325408886268
1673,202611,0,0.12673241954583858
1678,202611,0,0.13432880354136031
1682,202611,0,0.19581129213479756
1683,202611,0,0.14696538474149995
1692,202611,0,0.09182017463545895
1693,202611,0,0.13118143698270018
1695,202611,0,0.13856210647198142
1698,202611,0,0.19164649770461717
1706,202611,0,0.21223367597434256
1707,202611,1,0.12534915680322628
1709,202611,0,0.13265013835647232
1710,202611,0,0.14799189783978917
1719,202611,0,0.10360787995393324
1720,202611,0,0.07058071781393145
1723,202611,1,0.1308549223917208
1726,202611,0,0.1376816971106175
1730,202611,0,0.10108266905461595
1732,202611,0,0.12878283936882606
1733,202611,0,0.12668426585819653
1736,202611,0,0.10653501705868164
1743,202611,0,0.13140061591593283
1751,202611,0,0.12241849495470504
1752,202611,0,0.15976270804233794
1754,202611,0,0.1580512377731262
1756,202611,0,0.08428574742620018
1760,202611,0,0.09802319960111731
1764,202611,1,0.20020347883779818
1765,202611,0,0.07070956293693956
1776,202611,0,0.10070981480054542
1778,202611,0,0.07982180254429008
1779,202611,0,0.1545495921146702
1781,202611,0,0.06851012472036314
1795,202611,0,0.09661970154633366
1808,202611,0,0.05625682022621903
1809,202611,0,0.13326357296128527
1814,202611,0,0.1442636330959644
1819,202611,1,0.14916946684409313
1821,202611,0,0.12173426239199604
1822,202611,0,0.12088152165910222
1824,202611,0,0.17498977946198616
1827,202611,0,0.13982700992098315
1834,202611,0,0.16855496001979844
1844,202611,0,0.21304570754288576
1851,202611,0,0.17563010458032688
1867,202611,0,0.15278132692444793
1869,202611,0,0.10616766845700099
1875,202611,0,0.29553575459483816
1882,202611,0,0.1649184963385317
1897,202611,0,0.10091056316327986
1910,202611,0,0.07061209559310526
1917,202611,0,0.1421152293293708
1918,202611,0,0.09206176143800475
1935,202611,0,0.14710546562992527
1936,202611,0,0.18645898379994322
1937,202611,0,0.07994182206956273
1944,202611,1,0.13559024874379086
1949,202611,0,0.15701356931793678
1950,202611,1,0.09332763247888387
1952,202611,0,0.057199376880517044
1955,202611,1,0.18486946344633948
1956,202611,0,0.15980259250175788
1969,202611,0,0.0738297752299212
1970,202611,0,0.10471822943782501
1971,202611,0,0.13530001582247503
1977,202611,0,0.10977989645854655
1982,202611,0,0.09318160638457265
1995,202611,0,0.10190348037417712
1996,202611,1,0.16553293297218838
2002,202611,0,0.18052255721290017
2004,202611,0,0.11609066792761308
2011,202611,0,0.15094878582753712
2013,202611,0,0.17141747730189574
2014,202611,0,0.1393824301995198
2018,202611,1,0.15184333639849434
2026,202611,0,0.14721865367507964
2040,202611,0,0.1356009441748334
2043,202611,0,0.13521366102898488
2060,202611,0,0.1466134405399248
2069,202611,0,0.13496174404497407
2073,202611,0,0.10784970714307963
2075,202611,1,0.22426383418760584
2076,202611,0,0.06144883032950913
2082,202611,0,0.07833452272350673
2089,202611,0,0.05929817627523141
2091,202611,0,0.16989833096327248
2103,202611,0,0.13750064433580556
2109,202611,0,0.07029595646481446
2112,202611,0,0.1422272297257965
2113,202611,0,0.18764587155038423
2119,202611,0,0.07435269242006992
2121,202611,0,0.14778714604138501
2125,202611,0,0.15380514083573807
2127,202611,0,0.20409497117339861
2128,202611,0,0.14979364199059667
2132,202611,0,0.19250113710455516
2138,202611,1,0.17906861899324655
2142,202611,1,0.11112290035852514
2146,202611,0,0.15332422819109748
2148,202611,0,0.10682171956901947
2149,202611,0,0.2221384289897364
2156,202611,0,0.08396884705545686
2157,202611,0,0.14803538651751988
2159,202611,0,0.11715612825484577
2160,202611,0,0.11362695134674647
2169,202611,0,0.20041001368587058
2170,202611,0,0.10937234342084387
2180,202611,1,0.1472320309540319
2186,202611,0,0.08357624294707883
2188,202611,0,0.06765081707510325
2190,202611,0,0.13573465275263116
2197,202611,1,0.11944608877714039
2203,202611,0,0.1287163831929943
2204,202611,0,0.1741582545002672
2205,202611,0,0.11650430775829825
2207,202611,0,0.11790291528014396
2209,202611,0,0.07438372822540151
2211,202611,0,0.15111193481785007
2219,202611,1,0.1191497752558591
2220,202611,0,0.061083545274397695
2226,202611,0,0.12389772093181707
2229,202611,0,0.13680835821164328
2234,202611,0,0.13196757168568612
2237,202611,0,0.17528472872801343
2240,202611,0,0.12331410643470775
2249,202611,0,0.07057396378251828
2252,202611,0,0.12927903451427947
2264,202611,0,0.19840274937389893
2269,202611,0,0.14778208298935436
2272,202611,0,0.07915251409320531
2283,202611,0,0.12233791486155901
2284,202611,0,0.16180593469079027
2287,202611,0,0.1811358666458676
2290,202611,0,0.09448363632412368
2294,202611,1,0.1576354143708996
2298,202611,0,0.07463953236319772
2328,202611,0,0.12619735089594777
2329,202611,0,0.23115874291384675
2330,202611,0,0.17862132354954793
2336,202611,0,0.1484071039142238
2338,202611,0,0.15822932842204981
2341,202611,0,0.1586909613522246
2353,202611,0,0.18054244617561185
2356,202611,0,0.08081337126513412
2366,202611,0,0.11301449923904923
2401,202611,0,0.09329707118120291
2404,202611,0,0.08614265125736993
2408,202611,0,0.09492734806848396
2409,202611,0,0.15153557722010377
2410,202611,0,0.15161886448867024
2415,202611,1,0.0897558045807961
2421,202611,0,0.20261651042993195
2425,202611,0,0.15530284259800553
2427,202611,0,0.19464932239706936
2429,202611,0,0.11511354176033838
2432,202611,0,0.12398154546537749
2435,202611,0,0.08501625792244835
2436,202611,0,0.14248282977072524
2441,202611,1,0.19290358391401338
2447,202611,0,0.1406762543721376
2449,202611,0,0.07071590267770388
2454,202611,0,0.08217709373980306
2460,202611,0,0.07901557001412336
2466,202611,1,0.2058559115267859
2472,202611,0,0.16585042787742935
2479,202611,0,0.06204885391850389
2483,202611,0,0.15658328660700677
2484,202611,0,0.13919757669142171
2492,202611,0,0.17109492068985502
2493,202611,0,0.08214336882588207
2495,202611,0,0.14387567964628983
2498,202611,0,0.2073441490997296
2501,202611,0,0.1209173386265299
2507,202611,1,0.19533932492596193
2510,202611,0,0.1455542891008974
2512,202611,0,0.05494680280419064
2513,202611,1,0.17645610953859583
2516,202611,0,0.08535109616249825
2517,202611,0,0.14640374715851145
2534,202611,1,0.14696163893219494
2538,202611,0,0.08723365094566138
2544,202611,1,0.1488208119269326
2561,202611,0,0.1504301187480121
2563,202611,0,0.12093969814923708
2567,202611,0,0.11845483133423391
2569,202611,0,0.13336832671447618
2571,202611,1,0.15702316429888574
2576,202611,0,0.12858562116100367
2588,202611,0,0.1632946764066287
2592,202611,0,0.06525713483143092
2593,202611,0,0.09207844711148613
2604,202611,0,0.1524974807433868
2613,202611,0,0.11419006845129988
2617,202611,1,0.14186886572927798
2620,202611,0,0.12156519061205925
2626,202611,0,0.11292014083742519
2628,202611,1,0.1917153882367605
2629,202611,0,0.06487059280891641
2634,202611,0,0.05708429535350926
2636,202611,1,0.08752606144215243
2637,202611,0,0.1576018386548803
2649,202611,0,0.16373788553539076
2653,202611,0,0.1374236686790694
2661,202611,0,0.1348594920337782
2662,202611,0,0.09355055751093477
2668,202611,0,0.12363690743308664
2673,202611,1,0.07365613250142902
2682,202611,1,0.1649490053402419
2684,202611,0,0.12644707056879245
2686,202611,0,0.1166772355220831
2706,202611,0,0.12293598764230532
2709,202611,0,0.1015162385630182
2710,202611,0,0.14131230816183557
2712,202611,0,0.0922384008315666
2717,202611,0,0.09516122612991888
2718,202611,0,0.17782603705212524
2720,202611,0,0.15494587810729032
2726,202611,0,0.17275958023252086
2732,202611,0,0.15772508581881284
2735,202611,0,0.1439366687948699
2736,202611,0,0.09131564319386998
2754,202611,0,0.12209643267357925
2755,202611,0,0.08070024889992525
2758,202611,0,0.12777068960162608
2759,202611,0,0.08177779743636415
2768,202611,0,0.12201958363097971
2769,202611,0,0.18259737949168275
2770,202611,0,0.17456806005409342
2776,202611,0,0.0565444330326213
2779,202611,0,0.17934664147571786
2782,202611,1,0.063958964319431
2790,202611,0,0.06070740528189952
2794,202611,0,0.106178361425343
2796,202611,0,0.08177093948701929
2801,202611,0,0.12492457752626668
2807,202611,1,0.12279888266650532
2810,202611,0,0.058978617891772535
2811,202611,1,0.0598371556395143
2813,202611,0,0.1472298874587621
2820,202611,0,0.13494178103408333
2822,202611,0,0.1697983162452991
2830,202611,0,0.1122652779116589
2831,202611,0,0.1678444579708093
2835,202611,0,0.14906045553362343
2837,202611,0,0.17032084551262416
2852,202611,0,0.16647899517503958
2861,202611,0,0.11607562832117395
2864,202611,0,0.06533566047447714
2868,202611,1,0.1529190154713085
2869,202611,0,0.08275263293085006
2870,202611,0,0.2051548839661988
2883,202611,0,0.06577736368135464
2888,202611,1,0.0546039693845739
2890,202611,0,0.06351600001173752
2891,202611,1,0.22044730871826143
2892,202611,0,0.08611330020464107
2895,202611,0,0.19432871468028493
2908,202611,0,0.13841805816888095
2911,202611,0,0.06467819590772365
2918,202611,0,0.07696989907587012
2923,202611,1,0.11938080009733597
2931,202611,0,0.22694098309093585
2936,202611,0,0.149511972790769
2938,202611,0,0.25569714151525114
2940,202611,0,0.2418051391157314
2942,202611,0,0.11135786406384496
2943,202611,0,0.07822071318116727
2945,202611,0,0.17314019869154557
2949,202611,0,0.08067191590280473
2959,202611,0,0.1580715334353716
2966,202611,0,0.1841535930636013
2969,202611,0,0.12077627582183639
2970,202611,0,0.13468030599451264
2975,202611,0,0.12701360172514647
2976,202611,0,0.13866762428704604
2987,202611,0,0.11073473035188165
2993,202611,0,0.10378974890040966
2995,202611,0,0.07600128101617139
2998,202611,0,0.05701221600267623
3002,202611,0,0.13174060665504458
3004,202611,0,0.14179164211175105
3008,202611,0,0.1548159410805717
3010,202611,0,0.08713947522138887
3019,202611,0,0.09951341664944864
3020,202611,1,0.15530845095144233
3027,202611,0,0.09516584243339263
3030,202611,0,0.1791704637649872
3031,202611,0,0.11278459469681308
3037,202611,0,0.14697722846759442
3038,202611,0,0.09007134833877342
3039,202611,0,0.0801327921264676
3043,202611,0,0.12881593437101516
3048,202611,0,0.05979806167998135
3049,202611,0,0.13966852941092842
3050,202611,1,0.13318381813803337
3053,202611,0,0.08230343982162908
3054,202611,0,0.08150186629914434
3056,202611,0,0.07855921075482243
3069,202611,0,0.21276857520077244
3071,202611,0,0.14564480408810798
3072,202611,0,0.13415364042025685
3075,202611,0,0.13243437282054538
3078,202611,0,0.13599593167500426
3080,202611,0,0.09298251532625666
3089,202611,1,0.18158871557582082
3104,202611,0,0.09728301258005591
3109,202611,0,0.1880249508708214
3125,202611,1,0.13409742797131632
3126,202611,0,0.07024524299683767
3134,202611,1,0.129624911992968
3137,202611,0,0.07193048848079912
3139,202611,0,0.09678685694796511
3142,202611,0,0.15115057429803944
3147,202611,0,0.08949648580880415
3160,202611,1,0.07180553390855769
3168,202611,0,0.0924404425800869
3169,202611,0,0.12182023920198773
3172,202611,0,0.08642798776087736
3174,202611,0,0.13708220543754535
3176,202611,1,0.09451765252416923
3178,202611,0,0.1927572661861889
3179,202611,0,0.07974357216231648
3181,202611,0,0.13442565034766085
3190,202611,0,0.12644330184189717
3192,202611,0,0.17664255139857404
3196,202611,0,0.15843926568021272
3197,202611,0,0.1822457318938835
3206,202611,0,0.15756952612053887
3208,202611,0,0.072321704179856
3210,202611,0,0.07284379795943681
3214,202611,0,0.19945525406323633
3217,202611,1,0.13340303804952724
3220,202611,0,0.07965881188316074
3223,202611,1,0.18710055422440916
3228,202611,0,0.07507272705911792
3232,202611,0,0.11719217979569911
3246,202611,1,0.09529992807927073
3247,202611,0,0.11330910231131679
3253,202611,0,0.12897334467350333
3256,202611,0,0.06868170229387185
3257,202611,0,0.09132563021110868
3262,202611,0,0.08703087309906761
3265,202611,1,0.10571110866674951
3269,202611,0,0.07205133178366571
3276,202611,0,0.09548265828330893
3279,202611,0,0.22551691589625728
3282,202611,0,0.12102406580266246
3284,202611,0,0.09594309060751727
3285,202611,0,0.10297040387740286
3295,202611,0,0.14186063153962766
3297,202611,0,0.060257626895509946
3298,202611,0,0.14681556369265672
3303,202611,1,0.137447947809448
3309,202611,1,0.16171845744342492
3311,202611,0,0.07185415704713408
3312,202611,1,0.1553178126718217
3313,202611,0,0.17162741256945668
3321,202611,0,0.09731084856175037
3322,202611,1,0.12136913693646485
3325,202611,0,0.13648939439170873
3329,202611,0,0.14840478397563478
3345,202611,0,0.17621695993178857
3347,202611,0,0.11053066445037144
3349,202611,0,0.16012931930966545
3350,202611,0,0.1230230885795182
3354,202611,0,0.12871208560338987
3356,202611,0,0.20604466793766632
3363,202611,0,0.10545895682828732
3372,202611,0,0.09509794545486946
3376,202611,0,0.11698901227467563
3380,202611,0,0.10231827357162612
3383,202611,0,0.14393909637579125
3385,202611,0,0.1101359205072734
3387,202611,0,0.1609127083291839
3395,202611,0,0.07060161117448627
3396,202611,0,0.05845730498145173
3397,202611,0,0.09318641862085075
3411,202611,0,0.08436383435373111
3413,202611,0,0.05967574694884951
3415,202611,0,0.13643381379271238
3420,202611,1,0.16054615334232678
3444,202611,0,0.19869920462644683
3446,202611,0,0.17051193606741716
3447,202611,0,0.08089820421249315
3448,202611,0,0.11035575504021702
3454,202611,0,0.07368550978909283
3466,202611,0,0.15200620031645004
3471,202611,0,0.12972086503963307
3474,202611,0,0.07009667376718448
3488,202611,0,0.1687817935125297
3496,202611,0,0.07120363500748503
3498,202611,0,0.16923673115669477
3499,202611,1,0.0960640696984733
3508,202611,0,0.11320670373024223
3511,202611,0,0.1044893782836859
3514,202611,0,0.08267759211363704
3524,202611,0,0.08184210527742806
3526,202611,0,0.06364878309309795
3529,202611,0,0.06951453352300087
3552,202611,0,0.06557934918963952
3561,202611,0,0.0775671227750288
3564,202611,0,0.1550159168077127
3566,202611,0,0.06983512367485249
3576,202611,0,0.18637349539038192
3581,202611,0,0.05765534794292848
3582,202611,0,0.16554517142008113
3583,202611,0,0.19675143890377436
3587,202611,0,0.14216246687627068
3589,202611,0,0.14554740698483487
3590,202611,0,0.09616681801079678
3592,202611,0,0.16720869437000072
3594,202611,0,0.06716590504489105
3598,202611,0,0.10795132970057497
3602,202611,1,0.16025781837928343
3605,202611,0,0.18610127441008673
3607,202611,1,0.1503558573734222
3608,202611,0,0.20625687609692395
3610,202611,0,0.08987856734883577
3619,202611,0,0.11605985938098354
3621,202611,1,0.07293115462293175
3622,202611,0,0.13607599193771264
3623,202611,0,0.266451325962014
3628,202611,0,0.14620193205484186
3629,202611,0,0.1521375091731471
3647,202611,0,0.05097472881945033
3653,202611,0,0.13852435485764214
3657,202611,0,0.15203768383273547
3658,202611,0,0.07938459523460564
3661,202611,0,0.07328887373854355
3665,202611,0,0.12824675534804197
3668,202611,0,0.06143457016661651
3670,202611,0,0.07177732963145811
3672,202611,0,0.05807649357298033
3675,202611,0,0.07323599652559848
3680,202611,0,0.0850059997305297
3697,202611,0,0.11612746995423767
3698,202611,0,0.04869909015954761
3699,202611,0,0.16257794477483642
3703,202611,0,0.05806851283145413
3711,202611,0,0.1621460552390008
3712,202611,0,0.17511667482869522
3716,202611,0,0.15371086377965404
3717,202611,0,0.13169590134909798
3721,202611,0,0.17108680244495267
3725,202611,1,0.07861459448446767
3726,202611,0,0.15438993703708792
3735,202611,0,0.14923383207851856
3736,202611,0,0.225364677152526
3740,202611,0,0.10828123464306096
3743,202611,1,0.17904215959057912
3746,202611,1,0.12587257119073536
3748,202611,0,0.10198297927990309
3751,202611,0,0.07581604943540017
3753,202611,0,0.12541566380911154
3754,202611,0,0.09684593787324261
3755,202611,0,0.09634764528774205
3764,202611,0,0.07954465216716147
3768,202611,0,0.16474666114230405
3781,202611,0,0.10675262032632603
3782,202611,0,0.1270214477241576
3787,202611,0,0.08287924467789018
3796,202611,1,0.10896212047383234
3800,202611,0,0.09404864434023052
3804,202611,0,0.11398467803371752
3820,202611,0,0.21650312968734398
3821,202611,0,0.1547233568797471
3824,202611,0,0.08852491994797092
3825,202611,0,0.12287227218030405
3826,202611,0,0.1906438000388057
3831,202611,0,0.1103158614174037
3834,202611,0,0.09922134783566207
3835,202611,0,0.13991593309360076
3836,202611,0,0.12754322112384997
3840,202611,0,0.08486220244133091
3841,202611,0,0.1917806772863895
3842,202611,1,0.08136298582483249
3847,202611,1,0.11170127375782893
3848,202611,0,0.1906668257256561
3863,202611,0,0.22405874412802404
3869,202611,0,0.1299200429874246
3875,202611,0,0.09216109254705895
3876,202611,1,0.1389470102616426
3877,202611,0,0.2107776207301663
3878,202611,0,0.1262017860919883
3879,202611,0,0.14437693095820683
3881,202611,0,0.2089702002729795
3882,202611,0,0.05767057794693874
3887,202611,0,0.1219160647635694
3890,202611,0,0.12026952898770597
3897,202611,1,0.1193917307714915
3904,202611,0,0.06553081311740609
3905,202611,0,0.21678740142863678
3908,202611,0,0.1452320074235282
3917,202611,0,0.1895838341846502
3927,202611,0,0.18602516069712874
3931,202611,0,0.19911456324538365
3938,202611,0,0.17995621727785324
3944,202611,0,0.18021405972492338
3947,202611,0,0.09764828066252834
3950,202611,0,0.13308387504014824
3971,202611,0,0.07418814401100944
3982,202611,0,0.12963447627921057
3988,202611,1,0.17983464060400733
3991,202611,0,0.06830318971398515
3992,202611,0,0.09892064011379084
3997,202611,0,0.13601584178136672
4005,202611,0,0.08572645210797153
4008,202611,0,0.09797150895100631
4016,202611,0,0.08312625990323969
4018,202611,0,0.15136697959419396
4020,202611,0,0.15480063111383224
4027,202611,0,0.13786971141131185
4038,202611,0,0.09514898780789717
4044,202611,1,0.13243012475662758
4045,202611,0,0.08240791034790958
4048,202611,0,0.150170931835573
4051,202611,0,0.10542409343807957
4054,202611,0,0.1723927410528163
4055,202611,0,0.08601562812333276
4065,202611,0,0.09973161807696172
4066,202611,0,0.09062792234428295
4067,202611,1,0.07552186781265183
4073,202611,0,0.09816866436110447
4079,202611,0,0.08254349762384874
4084,202611,0,0.08887961147054203
4087,202611,0,0.21625587057140253
4089,202611,0,0.04665098218286925
4091,202611,0,0.19954180525739662
4092,202611,0,0.11814893938328125
4102,202611,0,0.24072417342800825
4108,202611,0,0.17951784800547757
4113,202611,0,0.2044874816688074
4116,202611,0,0.16697844169427228
4117,202611,0,0.06153889934087487
4122,202611,1,0.06564536480061697
4124,202611,0,0.16373265269215204
4125,202611,0,0.1351676420072772
4128,202611,0,0.14322649144398167
4129,202611,0,0.147408477003299
4130,202611,0,0.07895057463416667
4134,202611,0,0.14029508397484938
4141,202611,1,0.1332840843964076
4142,202611,1,0.12492475687552906
4144,202611,0,0.15123385722325705
4147,202611,0,0.1881690333800388
4150,202611,0,0.06510533723498516
4158,202611,0,0.1736682561252155
4162,202611,0,0.12172385757912534
4163,202611,0,0.0908184811619323
4166,202611,0,0.05843759868107966
4167,202611,0,0.1261097049502983
4168,202611,0,0.12353032744570061
4175,202611,0,0.0740264399515534
4179,202611,0,0.10530931196449293
4180,202611,0,0.18403722086178448
4189,202611,0,0.14586278941079023
4192,202611,0,0.1817557763132661
4195,202611,0,0.15057030751030281
4197,202611,0,0.1581375683930939
4198,202611,0,0.13970917361097338
4202,202611,0,0.11032900288129469
4208,202611,0,0.12014690853109188
4222,202611,0,0.16259460789274494
4225,202611,0,0.0646598962256138
4227,202611,0,0.1518988654007049
4229,202611,0,0.12694371528360623
4230,202611,0,0.1223654033907267
4234,202611,1,0.14810452722736323
4236,202611,1,0.15573116319420707
4244,202611,0,0.19021680121595996
4247,202611,0,0.15154332175126461
4249,202611,0,0.13366500065070586
4258,202611,0,0.11525735354120965
4266,202611,0,0.25380570792789053
4283,202611,0,0.08952377974095928
4286,202611,0,0.14059614558145145
4287,202611,0,0.11502357985679644
4289,202611,0,0.13290146960011484
4291,202611,0,0.1733309991275541
4292,202611,0,0.14460927288856096
4295,202611,1,0.1555952525895175
4296,202611,0,0.0743890454557123
4309,202611,0,0.06255807786948107
4323,202611,0,0.16928900089156151
4324,202611,0,0.11775447020738852
4327,202611,0,0.12128196105372663
4328,202611,0,0.17092769730299642
4330,202611,0,0.08992633248188493
4334,202611,0,0.06325266665079572
4338,202611,0,0.06889706261390433
4341,202611,0,0.15447134188763603
4343,202611,0,0.17201285792417545
4349,202611,0,0.0566661421225931
4366,202611,0,0.118412513635543
4367,202611,0,0.1268759425642715
4373,202611,0,0.13341677953588935
4374,202611,0,0.21223915749870256
4377,202611,1,0.16382800875867698
4384,202611,0,0.13864348629178427
4390,202611,0,0.11230291924793098
4403,202611,0,0.14516653701297227
4409,202611,0,0.11540780230932764
4410,202611,1,0.1831929273944355
4419,202611,0,0.17854428097716
4427,202611,0,0.0724489617956055
4428,202611,0,0.1707389677090397
4429,202611,0,0.1481525554329913
4430,202611,0,0.06083605022091737
4431,202611,0,0.07355012682886336
4433,202611,0,0.08165125913519052
4434,202611,0,0.14799474611138377
4442,202611,0,0.08270511036279743
4444,202611,0,0.07247174264504896
4453,202611,1,0.2023946772350883
4456,202611,0,0.0926992236263166
4457,202611,0,0.1340294774907347
4459,202611,0,0.10825593514002109
4463,202611,0,0.12299139511530977
4465,202611,0,0.16861467508746786
4466,202611,0,0.12646337439661337
4469,202611,0,0.14524612815974133
4485,202611,1,0.1966661450391898
4486,202611,0,0.10450456752509081
4488,202611,0,0.1236774748106569
4490,202611,0,0.13462182996743047
4492,202611,0,0.15275607895936028
4498,202611,1,0.1037627738570387
4500,202611,0,0.09542831645812798
4502,202611,0,0.15295403991413445
4507,202611,0,0.16507682332173643
4511,202611,0,0.13620930490592786
4512,202611,0,0.09999989231533706
4516,202611,0,0.14653618113427702
4520,202611,0,0.073005548103915
4524,202611,1,0.133493451918591
4536,202611,0,0.12211275325269835
4538,202611,0,0.060661729258547424
4549,202611,0,0.09943601016099932
4550,202611,1,0.05370701270504951
4554,202611,0,0.14717066327967807
4561,202611,0,0.13668053744155212
4564,202611,0,0.08682590387167433
4566,202611,0,0.15696429620196736
4568,202611,0,0.19041260823331957
4579,202611,1,0.12776235100147842
4580,202611,0,0.15602421746800896
4586,202611,0,0.07676177870996598
4594,202611,0,0.12870713878896506
4598,202611,0,0.10829858122760895
4602,202611,0,0.1272108462791383
4609,202611,0,0.19984349387962547
4610,202611,0,0.11746550925360123
4611,202611,0,0.08595155604850259
4619,202611,0,0.19016230632832848
4624,202611,0,0.15136631622726268
4627,202611,0,0.14498468475712417
4628,202611,1,0.12214923515263558
4631,202611,0,0.0793582278568341
4632,202611,0,0.16644030039212268
4634,202611,1,0.11112669226600042
4635,202611,0,0.0760257624700576
4637,202611,0,0.1655292195016145
4641,202611,0,0.14950018348756763
4643,202611,0,0.07377419494961625
4660,202611,0,0.057891407137875876
4665,202611,0,0.16529047955426338
4667,202611,0,0.0934770971636317
4668,202611,0,0.15688273341919615
4670,202611,0,0.16133300469021838
4674,202611,0,0.06535713958708633
4676,202611,0,0.14610509202573993
4683,202611,0,0.20409832100426473
4684,202611,0,0.07597229655432153
4687,202611,0,0.13435313802143795
4694,202611,1,0.15159270841289138
4704,202611,0,0.14272335188772328
4706,202611,0,0.13281816799054164
4732,202611,0,0.13623198698263292
4734,202611,0,0.19460502153200612
4735,202611,0,0.12860594344855314
4744,202611,0,0.08646501268539142
4755,202611,0,0.09660350204731037
4756,202611,1,0.13592012156601277
4759,202611,0,0.06601791844359234
4762,202611,0,0.0820246243463752
4763,202611,1,0.11060602842804336
4765,202611,0,0.14651066661055573
4767,202611,0,0.14721034346106077
4770,202611,1,0.13134222478355645
4775,202611,0,0.09041530741151681
4780,202611,0,0.16453269254055497
4788,202611,1,0.19228929351915194
4789,202611,0,0.08255261174919036
4792,202611,1,0.07343422811003757
4794,202611,0,0.13401272518348
4795,202611,0,0.11670345353036048
4797,202611,0,0.1592015944563653
4803,202611,0,0.07806675568422901
4805,202611,1,0.1744175937489109
4810,202611,0,0.17523639277959657
4812,202611,0,0.13973937062953828
4814,202611,0,0.10958174008697247
4818,202611,0,0.12041019837460534
4820,202611,0,0.09064613343439619
4822,202611,0,0.13775974699094362
4827,202611,0,0.1300754510196995
4828,202611,0,0.08243771496756379
4831,202611,0,0.06813861737761451
4839,202611,0,0.16306920861559449
4841,202611,0,0.07155185995302779
4842,202611,0,0.061842343397134014
4844,202611,0,0.11267346381950308
4852,202611,0,0.05320215667388441
4861,202611,0,0.0980577274026215
4863,202611,0,0.19611850843926318
4868,202611,1,0.13773392903069157
4878,202611,0,0.10422370766858155
4881,202611,0,0.12034594098051349
4883,202611,0,0.1971542735732299
4884,202611,0,0.1393763284462872
4890,202611,0,0.14521925745612901
4894,202611,0,0.06048356881514753
4895,202611,0,0.16125002947274505
4898,202611,0,0.07487600680547893
4899,202611,0,0.05214497964251051
4900,202611,1,0.12393488792980582
4901,202611,0,0.12980638364250657
4902,202611,0,0.06329182551261935
4912,202611,1,0.09170278985502463
4918,202611,1,0.13495281687105326
4919,202611,0,0.10013096901844022
4934,202611,0,0.0824892201790098
4937,202611,0,0.13222851212778272
4939,202611,0,0.06448978492375594
4941,202611,1,0.1297064413017744
4945,202611,0,0.11100188685447474
4950,202611,1,0.05681491707948487
4952,202611,0,0.07138880313508188
4953,202611,0,0.12359549582291249
4954,202611,0,0.14652116465042636
4955,202611,0,0.11973375889273703
4956,202611,1,0.177750855207785
4957,202611,1,0.14428762439774134
4967,202611,0,0.06331967440093865
4970,202611,0,0.15216383461932825
4971,202611,1,0.10701403518329565
4979,202611,0,0.09132941718203721
4983,202611,0,0.13256906442656377
4989,202611,0,0.10238748603509217
4995,202611,0,0.14505123731977315
5002,202611,1,0.08834553290000317
5004,202611,0,0.19305956758874157
5007,202611,0,0.1427246794899502
5009,202611,0,0.062185544669411535
5010,202611,0,0.12154490131112969
5016,202611,0,0.14667919055146317
5033,202611,0,0.061794800336257755
5038,202611,0,0.057194572043270095
5041,202611,1,0.12797059582503267
5045,202611,0,0.09921983209941655
5049,202611,0,0.06404444227513767
5050,202611,1,0.17276923531573626
5051,202611,0,0.06835067370743066
5055,202611,0,0.08946078439092363
5058,202611,0,0.10736480895445857
5059,202611,0,0.06252725480484866
5072,202611,1,0.12230622344959513
5073,202611,0,0.16225731173178115
5074,202611,0,0.2123148095369522
5076,202611,0,0.13593319824756883
5078,202611,0,0.07379336559562942
5081,202611,0,0.11557617653526657
5082,202611,0,0.1285929132183902
5084,202611,0,0.06514238613422522
5092,202611,1,0.14464506255859347
5105,202611,0,0.1436319182901329
5107,202611,0,0.15546316782871436
5111,202611,0,0.08860009165159659
5120,202611,0,0.06825652465970596
5121,202611,0,0.09842509320431142
5123,202611,0,0.135008746631017
5141,202611,0,0.11575139960190327
5144,202611,0,0.16366265576743083
5147,202611,0,0.09475950315330396
5149,202611,0,0.08819125513763101
5152,202611,0,0.08376374987983588
5160,202611,0,0.13671471612250266
5170,202611,0,0.1489827248871875
5171,202611,0,0.18049763804080865
5176,202611,0,0.1334689085117681
5178,202611,0,0.20954968292956383
5189,202611,1,0.14543242841629775
5192,202611,0,0.07284571345843613
5195,202611,0,0.10619105366130381
5204,202611,0,0.15602823549957653
5208,202611,0,0.1352244609168275
5211,202611,0,0.12060320078632754
5216,202611,0,0.09341847561430362
5217,202611,0,0.07776268205177686
5222,202611,1,0.1785002860515824
5225,202611,0,0.14829221211337557
5228,202611,0,0.185052156587172
5239,202611,0,0.05370942271261299
5241,202611,0,0.1073568534196417
5242,202611,1,0.1857289120787319
5243,202611,0,0.08702699473294707
5246,202611,0,0.14407807195616212
5247,202611,0,0.20252921660073778
5248,202611,1,0.11370421735438918
5249,202611,0,0.06907066754838008
5251,202611,0,0.2379824640329258
5255,202611,0,0.17860151313741218
5257,202611,0,0.1883970042796254
5259,202611,0,0.11778785290750546
5260,202611,0,0.17219868587264447
5269,202611,0,0.2018670184365045
5273,202611,1,0.08944372768691722
5281,202611,0,0.14123068501922476
5284,202611,0,0.19783463793747663
5286,202611,0,0.09342810749784959
5292,202611,0,0.0914000668054748
5293,202611,0,0.0806659997750896
5299,202611,0,0.0870469932388761
5301,202611,0,0.12176984312399819
5303,202611,0,0.07476430705688521
5305,202611,0,0.18680990328504266
5315,202611,1,0.11423449870610859
5319,202611,0,0.10403787998450745
5325,202611,0,0.06919552167757631
5331,202611,0,0.09424595336275136
5333,202611,0,0.09781350308628495
5335,202611,0,0.14443777245922912
5339,202611,0,0.08131728152887342
5340,202611,0,0.0856371914791413
5341,202611,0,0.09782814273880817
5343,202611,0,0.08343804920867527
5347,202611,0,0.19932645548646327
5353,202611,0,0.1137924050791631
5355,202611,0,0.13208528267591318
5359,202611,1,0.1639114229419219
5363,202611,0,0.13433403902968563
5365,202611,0,0.08930266942261758
5373,202611,0,0.08115497459846327
5377,202611,0,0.1385943200037308
5379,202611,0,0.09323613957203493
5385,202611,0,0.1373244524783559
5386,202611,0,0.07287439956347577
5387,202611,0,0.16018656443147028
5389,202611,0,0.0838029277320081
5390,202611,0,0.09352878342646526
5396,202611,0,0.0802312937897505
5397,202611,0,0.08254071838013463
5404,202611,0,0.1177670995588298
5407,202611,0,0.1386311177029817
5410,202611,0,0.048958032998421455
5411,202611,0,0.07409012191615148
5412,202611,0,0.11991198555973567
5413,202611,0,0.05371715465116992
5417,202611,1,0.16753007833084824
5418,202611,0,0.1704011998338602
5424,202611,0,0.11478613709187961
5425,202611,1,0.15547931707047327
5427,202611,0,0.18703758866124243
5428,202611,0,0.12274848941907425
5429,202611,1,0.18545835842516994
5433,202611,0,0.14829948986716351
5434,202611,1,0.09987058297111073
5440,202611,1,0.10797920307755508
5441,202611,0,0.1464227940834825
5448,202611,0,0.12343285473193688
5456,202611,0,0.17394269791303243
5460,202611,0,0.06624078666168405
5465,202611,0,0.18579301102937482
5468,202611,0,0.07666646716333189
5470,202611,0,0.15742057577587176
5475,202611,0,0.12482988064672146
5487,202611,0,0.1674742911345713
5501,202611,0,0.07270510325045998
5504,202611,0,0.08500853389023749
5508,202611,0,0.14985676020507743
5510,202611,0,0.12092876767820773
5514,202611,0,0.050191099335513224
5528,202611,0,0.14773548261998848
5540,202611,0,0.12019278732014749
5543,202611,0,0.10588512195959572
5545,202611,0,0.07322500171249807
5546,202611,0,0.14552297481749712
5548,202611,0,0.08952153119984355
5551,202611,0,0.23287370637728777
5553,202611,0,0.13746634131291616
5556,202611,0,0.14524291407003156
5560,202611,0,0.17114429439351767
5563,202611,0,0.14911790494936658
5569,202611,0,0.06128899357050454
5572,202611,0,0.06863615373654657
5576,202611,0,0.10795156136652623
5582,202611,0,0.12325664408140795
5586,202611,0,0.0805436714300986
5598,202611,0,0.08176165342457083
5605,202611,0,0.12804447851616912
5608,202611,0,0.16657237061745128
5609,202611,1,0.15763364836116775
5610,202611,0,0.109198379584671
5622,202611,0,0.07842695305582165
5628,202611,0,0.14504118760188447
5632,202611,0,0.14122139639027567
5635,202611,1,0.09992475311850825
5640,202611,0,0.08206843162819728
5641,202611,0,0.10710788632657504
5647,202611,0,0.06948752421929873
5654,202611,0,0.22483033226519936
5662,202611,1,0.14906239714190384
5665,202611,0,0.15942549461762245
5667,202611,0,0.10640714081726553
5674,202611,0,0.10496609144954627
5691,202611,0,0.13053347575496627
5694,202611,0,0.13351299810426442
5706,202611,0,0.14069555256014532
5708,202611,1,0.11737756499664082
5716,202611,0,0.10288579885574332
5722,202611,0,0.07860549987820205
5738,202611,0,0.15903113944733807
5745,202611,0,0.13194177856638672
5746,202611,0,0.15492528599338987
5755,202611,0,0.15567944131034617
5756,202611,0,0.0659020218309191
5760,202611,0,0.16248999572936673
5761,202611,0,0.15130003113828644
5762,202611,0,0.10064145049203593
5763,202611,0,0.06512043617320581
5765,202611,0,0.184969179507416
5766,202611,1,0.1547051224617351
5773,202611,0,0.13763621187754815
5775,202611,1,0.15607668758212542
5781,202611,0,0.11153347652816502
5786,202611,0,0.1574016507498079
5789,202611,0,0.1585021789768879
5799,202611,1,0.14179199044439098
5802,202611,0,0.11866527372135016
5808,202611,0,0.1603318804069604
5811,202611,0,0.09984863432656298
5812,202611,0,0.20280231899960233
5813,202611,0,0.1443128972134903
5821,202611,0,0.14537086455932988
5829,202611,0,0.18210654544781574
5836,202611,1,0.10351573697899656
5838,202611,0,0.09612101261073668
5840,202611,1,0.1483830564213027
5842,202611,0,0.17804828693830763
5844,202611,1,0.1866101122152186
5861,202611,0,0.11813580125775926
5864,202611,0,0.15131596137527764
5865,202611,1,0.0995951632546584
5871,202611,0,0.15420451839791127
5875,202611,0,0.14569878393777277
5877,202611,1,0.06112648927409277
5879,202611,0,0.18182500770536705
5881,202611,0,0.14417919232749732
5888,202611,1,0.18490725303550304
5891,202611,0,0.09077235283325939
5900,202611,1,0.13984252027764021
5903,202611,0,0.06379412926095827
5909,202611,0,0.13211133843814651
5914,202611,0,0.2044564598445372
5918,202611,0,0.11423379129037796
5933,202611,0,0.05321735012345169
5945,202611,0,0.056028771894243205
5948,202611,0,0.0752250170379329
5949,202611,0,0.06092100562937079
5950,202611,0,0.1537633564261492
5952,202611,0,0.15271954251100212
5955,202611,0,0.17629942703863552
5959,202611,0,0.14854872153687781
5961,202611,0,0.13841604817550024
5964,202611,0,0.10401374066456849
5966,202611,0,0.19497930729021842
5978,202611,0,0.11114095198736774
5980,202611,0,0.11253035719857167
5983,202611,0,0.1612942956800338
5985,202611,0,0.11062936463106328
5995,202611,0,0.1520561710867742
6009,202611,0,0.16735097341050856
6013,202611,1,0.2430207842368634
6016,202611,0,0.09292711221987628
6021,202611,0,0.20088969581398344
6023,202611,0,0.15861803140615677
6029,202611,0,0.17793393807116994
6033,202611,0,0.14702043937857268
6036,202611,0,0.08848206603898942
6039,202611,0,0.15410934820808567
6046,202611,0,0.14048294208770534
6047,202611,0,0.12469967318716474
6048,202611,1,0.12766052574235323
6050,202611,1,0.19515882096275042
6051,202611,0,0.09470107163483794
6054,202611,0,0.07969897744085237
6061,202611,0,0.1380417080150441
6062,202611,1,0.12118354731999784
6065,202611,0,0.13323186593534544
6068,202611,0,0.061689409044356075
6069,202611,0,0.18004476680783996
6070,202611,0,0.18626922010686547
6072,202611,0,0.06253274713687251
6076,202611,0,0.15743537588675888
6082,202611,0,0.09026529527925539
6104,202611,0,0.18690594589970233
6110,202611,0,0.12526160240657824
6122,202611,0,0.11808375308509188
6123,202611,0,0.12615343761736028
6126,202611,0,0.06415647153456293
6128,202611,0,0.1366678110901507
6131,202611,0,0.07075589654955353
6139,202611,0,0.09016024828827593
6140,202611,0,0.16821746269729781
6142,202611,0,0.1742890649176355
6143,202611,0,0.0972927029065773
6147,202611,0,0.15654745346985594
6152,202611,0,0.19651855280238228
6164,202611,0,0.08315710859223398
6171,202611,0,0.20954587056049467
6173,202611,0,0.10338581504947189
6175,202611,0,0.1931893777573956
6176,202611,0,0.06520702140852809
6179,202611,0,0.12772013669037577
6181,202611,0,0.10320905827287262
6184,202611,1,0.060464328145654556
6191,202611,0,0.09353265971825588
6195,202611,1,0.2004541741596554
6200,202611,0,0.13275604844761876
6201,202611,0,0.17043780366996755
6206,202611,1,0.0889118720145944
6208,202611,0,0.18579735826208277
6219,202611,0,0.1342759162614977
6223,202611,0,0.07953338668524372
6224,202611,0,0.10367008287326947
6237,202611,0,0.09099658751527799
6255,202611,0,0.0855617006771617
6264,202611,1,0.18361821514167864
6265,202611,0,0.15983592992444762
6273,202611,0,0.0975360421284315
6275,202611,1,0.1702656600324338
6279,202611,0,0.11798508507294506
6284,202611,0,0.15226381268860742
6295,202611,0,0.08623614315563653
6297,202611,1,0.07122572944716107
6306,202611,0,0.06736051280283642
6311,202611,0,0.1693445000940714
6327,202611,0,0.06985067309674942
6330,202611,0,0.11072600616611204
6338,202611,0,0.1374012624400285
6343,202611,0,0.20940344182417148
6345,202611,0,0.1817354199864245
6349,202611,1,0.1848925000121841
6351,202611,0,0.10639518753116571
6357,202611,0,0.08685717891686384
6360,202611,0,0.12272974346201392
6389,202611,0,0.07157368542434639
6392,202611,0,0.11695175818903464
6404,202611,0,0.10626490577769647
6406,202611,0,0.0747819498100722
6407,202611,0,0.1253336738204443
6414,202611,0,0.11749480498572953
6419,202611,0,0.12966402793219914
6425,202611,0,0.11380291917393792
6428,202611,0,0.07854333811699601
6431,202611,0,0.14453245267136328
6435,202611,0,0.10821634117200131
6436,202611,0,0.07346377538401677
6440,202611,0,0.13942604065879
6446,202611,0,0.16580395867752393
6459,202611,1,0.0614434817618241
6465,202611,0,0.11282193572814868
6473,202611,0,0.11291218238911235
6476,202611,0,0.07534463219051539
6477,202611,0,0.10111804138151856
6478,202611,0,0.13154386696375456
6491,202611,1,0.1581927474239266
6494,202611,0,0.0828708834881621
6501,202611,0,0.10530198384558206
6502,202611,0,0.16922152136528099
6503,202611,0,0.12906990242475014
6514,202611,0,0.06202022397877005
6516,202611,0,0.1146358528702473
6534,202611,0,0.11266174535923135
6541,202611,0,0.06245663996654809
6553,202611,0,0.14392096670252158
6557,202611,0,0.10337750766935304
6559,202611,0,0.1488688084271134
6560,202611,0,0.20497767962592262
6562,202611,0,0.15430639020818102
6575,202611,0,0.12769502862714183
6583,202611,0,0.07336035659809766
6588,202611,0,0.1423714135303709
6590,202611,0,0.10299397387488228
6594,202611,0,0.12274194372350747
6599,202611,1,0.12905986335000524
6602,202611,0,0.13660014690923514
6603,202611,0,0.1738846071071102
6606,202611,0,0.08098952264708441
6614,202611,0,0.13746680885496226
6618,202611,0,0.07888515607504223
6628,202611,0,0.13033436331598428
6633,202611,0,0.08361428433636388
6639,202611,0,0.07004624099187161
6648,202611,0,0.1383867252433424
6654,202611,0,0.0980683342942748
6656,202611,0,0.057705179410639476
6657,202611,0,0.13359348681114475
6663,202611,0,0.07809450402453605
6664,202611,0,0.11518505822603198
6666,202611,0,0.07314400363583216
6670,202611,0,0.10845432776958802
6671,202611,0,0.07783356436807705
6683,202611,0,0.06613003550222836
6693,202611,1,0.15510072875916597
6694,202611,0,0.1312094455215502
6695,202611,0,0.1467191274084192
6699,202611,0,0.14774931021613436
6701,202611,0,0.09255418923567992
6706,202611,0,0.06225250927906532
6707,202611,0,0.06849580594368052
6720,202611,0,0.07989038220778093
6721,202611,0,0.10494375415021197
6726,202611,0,0.19397883984271527
6735,202611,0,0.0972911637030544
6745,202611,0,0.15243550838842512
6746,202611,0,0.1195124790679088
6751,202611,0,0.0647378365189424
6759,202611,0,0.16287285696233977
6760,202611,0,0.08906860149989662
6765,202611,0,0.15316667281921578
6767,202611,1,0.11240114440257451
6768,202611,1,0.12146532670207913
6772,202611,1,0.12226524064526471
6774,202611,0,0.07432002131349104
6776,202611,0,0.16155916842641618
6779,202611,0,0.12876633048598948
6789,202611,0,0.12398913415858008
6792,202611,0,0.20157142875264647
6797,202611,0,0.06399314047011277
6807,202611,0,0.137784540234498
6808,202611,0,0.17523945241347094
6811,202611,0,0.16073413468622663
6813,202611,0,0.14660878657802814
6814,202611,0,0.13559292893661998
6817,202611,0,0.14395008384774172
6826,202611,0,0.12517454836728376
6830,202611,0,0.07749717568821216
6832,202611,0,0.18286844474673353
6834,202611,1,0.1261911237551604
6838,202611,0,0.1899145167917063
6840,202611,0,0.10051167673636109
6850,202611,0,0.10064798832241903
6851,202611,0,0.1434911028692525
6854,202611,0,0.1727437514310044
6856,202611,0,0.2669261420070756
6858,202611,0,0.07613794330193815
6866,202611,0,0.12001762745015646
6871,202611,0,0.1617370557002064
6872,202611,0,0.09137883346268462
6879,202611,0,0.12806318432887573
6881,202611,0,0.07733730035269294
6882,202611,0,0.1773032020505917
6883,202611,0,0.09827837398799708
6894,202611,0,0.167659644852397
6899,202611,0,0.0687027235805899
6903,202611,0,0.1630733096771599
6908,202611,0,0.17237542100810216
6914,202611,0,0.14015034618288102
6915,202611,0,0.1318329358218115
6917,202611,0,0.12311739152512824
6922,202611,0,0.12702292528692116
6933,202611,0,0.07511950238638573
6944,202611,0,0.12675249736830052
6948,202611,0,0.141903044015121
6957,202611,0,0.06799771679030346
6962,202611,1,0.11426005158163889
6964,202611,0,0.12610048884366723
6965,202611,1,0.08883206695340497
6987,202611,0,0.11280460074764083
6989,202611,0,0.07470032103214566
6991,202611,0,0.13074709152045463
6992,202611,0,0.07395586157766347
7010,202611,1,0.13983068451313727
7012,202611,1,0.12172387565155886
7019,202611,0,0.10790859110397429
7021,202611,0,0.08213788969478672
7023,202611,0,0.09153925192105106
7033,202611,0,0.0841145215789979
7034,202611,0,0.11164000643982692
7043,202611,0,0.11925834414245819
7047,202611,0,0.11669585765206437
7050,202611,0,0.14750223012507124
7057,202611,0,0.13991415646192243
7069,202611,0,0.07999516641564666
7070,202611,0,0.10455592735418007
7072,202611,0,0.18351542274404595
7078,202611,1,0.15822130067845802
7081,202611,0,0.08155386610346145
7082,202611,0,0.08764921433162105
7088,202611,0,0.10075534346447391
7093,202611,0,0.17726478522642133
7100,202611,0,0.18572340221878608
7103,202611,1,0.07438543603727465
7104,202611,0,0.13140052004835046
7109,202611,0,0.05862550827348054
7111,202611,0,0.17729362577480273
7113,202611,0,0.06484279896106636
7119,202611,0,0.10999953468953323
7122,202611,0,0.06517047133250045
7134,202611,0,0.23471821713683627
7141,202611,1,0.09203057561233786
7147,202611,0,0.11702842099394864
7153,202611,1,0.08206775617361944
7155,202611,0,0.1291106136477115
7156,202611,0,0.1607048366183369
7163,202611,0,0.21164625953957744
7171,202611,1,0.15053839895491855
7173,202611,0,0.11654930017382649
7177,202611,0,0.13333654879687093
7179,202611,0,0.19546194515252885
7191,202611,0,0.17008043872603715
7196,202611,0,0.17669174113933653
7197,202611,0,0.08102649305680204
7199,202611,1,0.1519844449401711
7205,202611,0,0.05750307851233663
7209,202611,0,0.07381715673938101
7213,202611,1,0.1388395253411723
7215,202611,0,0.06750747616125582
7216,202611,0,0.11702710807738205
7217,202611,0,0.16194516822417965
7224,202611,0,0.13318076942387658
7230,202611,0,0.16682849174000142
7235,202611,0,0.19576996928932985
7237,202611,0,0.24887278200999483
7245,202611,0,0.14380887618262256
7246,202611,0,0.10794803149741491
7252,202611,0,0.0892604439912062
7257,202611,0,0.12085988446998569
7258,202611,0,0.09366562099639855
7261,202611,0,0.08977852262486206
7269,202611,0,0.1397747518138297
7270,202611,0,0.12502464879045902
7274,202611,1,0.06945793233942787
7283,202611,0,0.13539857383498394
7291,202611,1,0.08216692649712234
7299,202611,0,0.11522768647780765
7301,202611,0,0.07033758983772295
7304,202611,0,0.14355690413985814
7311,202611,0,0.15926353306544383
7314,202611,0,0.16811947105183
7324,202611,1,0.08885830717057946
7326,202611,1,0.17033174265281062
7328,202611,1,0.20841016909333054
7332,202611,0,0.145551238848835
7333,202611,0,0.16645099730071955
7335,202611,0,0.15972487971717714
7336,202611,0,0.08114193066386512
7337,202611,0,0.1792831955387719
7344,202611,0,0.1471897079048722
7348,202611,0,0.0934228797396946
7351,202611,0,0.12940855473609134
7352,202611,0,0.08713762488593563
7361,202611,1,0.1509496342182181
7371,202611,0,0.16115903938499948
7373,202611,0,0.15092572738134444
7374,202611,1,0.16546080729455245
7376,202611,0,0.08315182236601744
7383,202611,0,0.21117270308995098
7390,202611,0,0.10755338608648268
7391,202611,0,0.08026234473274554
7392,202611,0,0.12405716502354174
7395,202611,0,0.06069140229622407
7400,202611,0,0.18307643744776753
7403,202611,0,0.1389178674105374
7404,202611,0,0.12753360437057837
7407,202611,1,0.13813517590459207
7414,202611,0,0.09016747899071986
7429,202611,0,0.13788096841535719
7435,202611,0,0.16595870809983546
7436,202611,0,0.11735611674524281
7438,202611,0,0.107870518292144
7441,202611,0,0.07378603930420796
7443,202611,0,0.2143423008256587
7444,202611,0,0.2513536404088054
7452,202611,0,0.10500719030893851
7456,202611,0,0.12849697825836096
7462,202611,0,0.09025180589994052
7472,202611,1,0.16982804342654342
7482,202611,1,0.19239854869271408
7483,202611,0,0.1337884068600572
7488,202611,1,0.21675821512778554
7490,202611,0,0.1391365259237799
7492,202611,0,0.1449268900939749
7500,202611,1,0.08597950988922078
7504,202611,0,0.09784143253722734
7507,202611,0,0.13925169502276843
7511,202611,0,0.06922503474734068
7519,202611,0,0.1357621301288834
7520,202611,0,0.22706401202979876
7522,202611,0,0.06626403790952798
7530,202611,0,0.054661372458538596
7534,202611,1,0.11524551714396027
7536,202611,0,0.18442782453414075
7541,202611,0,0.13021306003502614
7543,202611,0,0.0850518301322148
7545,202611,0,0.11295486726469614
7556,202611,1,0.12249515131613194
7558,202611,0,0.17695913673410174
7560,202611,0,0.15399464726102083
7561,202611,0,0.14112094116324908
7571,202611,0,0.12574257508011558
7579,202611,0,0.12193995944527353
7580,202611,0,0.0860805484360313
7581,202611,0,0.1209428618229308
7582,202611,1,0.11063665624128123
7586,202611,0,0.1517873517002205
7590,202611,0,0.1821807219016895
7592,202611,0,0.10271269326749081
7594,202611,0,0.12380791436890522
7595,202611,0,0.18042705265668996
7601,202611,0,0.10647438023326602
7602,202611,0,0.1453582225037022
7603,202611,0,0.15023361119008352
7611,202611,0,0.07229087243686255
7617,202611,0,0.0559709782048907
7618,202611,0,0.16282157113248688
7619,202611,0,0.14313941438379263
7625,202611,0,0.07151395900111047
7628,202611,0,0.11714481522504712
7630,202611,0,0.07214382310356428
7631,202611,0,0.06994865042196398
7633,202611,0,0.1707354905761848
7634,202611,0,0.13130785246335766
7641,202611,0,0.18641424003567458
7642,202611,0,0.09907849946801846
7646,202611,0,0.10843641259309926
7648,202611,1,0.14551257567743706
7662,202611,0,0.14988592447027016
7666,202611,0,0.12127915981348321
7674,202611,0,0.11476778106765144
7676,202611,0,0.08928765504226895
7679,202611,0,0.16154016154145132
7681,202611,0,0.1055605255109151
7686,202611,0,0.06679294178195895
7692,202611,1,0.13617223342928794
7694,202611,1,0.14094011136519563
7696,202611,0,0.20003728021500178
7707,202611,0,0.08533155075218457
7708,202611,0,0.061240771537745736
7712,202611,0,0.093526618229823
7715,202611,0,0.11042683130378955
7716,202611,0,0.1110461086858218
7717,202611,0,0.17689423194552123
7719,202611,0,0.06675267211681415
7723,202611,0,0.10672824138311236
7726,202611,0,0.15828826232569995
7734,202611,0,0.20207802079502618
7739,202611,0,0.07944378474656975
7743,202611,0,0.11558605930737641
7751,202611,0,0.06232035083118776
7752,202611,0,0.1227983910896215
7755,202611,0,0.07482829410496274
7758,202611,0,0.07653631234936252
7761,202611,0,0.11953561510832802
7767,202611,0,0.0728666383896598
7773,202611,0,0.08024890327513601
7779,202611,0,0.10660155592359613
7785,202611,0,0.11501033680353598
7792,202611,0,0.08991105059765453
7800,202611,0,0.12542528384493684
7801,202611,0,0.11639525178664156
7802,202611,0,0.08086688687760617
7804,202611,1,0.1126772990033888
7808,202611,0,0.20937306395313318
7811,202611,0,0.10509123855698042
7816,202611,0,0.10385188697888771
7822,202611,0,0.11015158237484265
7823,202611,0,0.09983403055055386
7826,202611,1,0.11424883515417922
7832,202611,0,0.11483147856775786
7833,202611,0,0.15412733862016928
7838,202611,0,0.0688986489630664
7840,202611,0,0.11131031799315651
7849,202611,1,0.11932327805568042
7851,202611,1,0.16219762452016948
7857,202611,0,0.1286166586817055
7877,202611,0,0.09263873448647233
7885,202611,0,0.1767176557023415
7900,202611,0,0.141614386182549
7907,202611,0,0.15279623952417165
7910,202611,0,0.0700720321071095
7914,202611,1,0.16985701312232085
7918,202611,0,0.16086487276579323
7919,202611,0,0.12795086608392914
7921,202611,1,0.09013057007756545
7928,202611,0,0.15568728554866954
7933,202611,0,0.16750242668562684
7937,202611,1,0.1268481171445523
7941,202611,0,0.08546124236190641
7947,202611,0,0.11924742408485688
7955,202611,0,0.14869176500938755
7956,202611,0,0.16628346221655058
7957,202611,0,0.11787241809165701
7964,202611,0,0.08648884257475255
7968,202611,0,0.15137812698466277
7980,202611,0,0.08895503579767851
7983,202611,1,0.0924861643559455
8004,202611,0,0.20247333787259558
8016,202611,0,0.09909896348596349
8017,202611,0,0.06705867928916183
8024,202611,0,0.1961426412499049
8031,202611,0,0.0832380163188981
8032,202611,0,0.08175729925601367
8035,202611,0,0.08806958917598483
8036,202611,0,0.13233626997492742
8037,202611,0,0.08116289339917497
8052,202611,0,0.15266176298453168
8055,202611,0,0.059594363211124685
8059,202611,0,0.12186540790943638
8063,202611,0,0.11499995743178047
8064,202611,0,0.14419125105859595
8068,202611,0,0.1242249060094863
8070,202611,0,0.07696531390745795
8072,202611,0,0.1233986444664456
8085,202611,0,0.1663085766982416
8089,202611,0,0.11390539100020801
8097,202611,0,0.054302353704839795
8100,202611,0,0.15353092195434523
8102,202611,0,0.1972124290051558
8105,202611,0,0.09468757772398337
8114,202611,0,0.12146864978182823
8117,202611,0,0.12424132622888397
8120,202611,0,0.12336993080855817
8126,202611,0,0.13351514541652976
8128,202611,0,0.08243470264682083
8135,202611,0,0.08471629696015222
8136,202611,1,0.1722785882985772
8137,202611,0,0.15195471995533485
8141,202611,1,0.14953310053979466
8148,202611,0,0.09330683938172515
8169,202611,0,0.07247768273023449
8173,202611,0,0.07688096263542916
8178,202611,0,0.13203709933220345
8179,202611,0,0.16875863828097412
8182,202611,0,0.07908651639593708
8184,202611,0,0.0838252533465931
8186,202611,0,0.183269042218703
8189,202611,0,0.11973894467372465
8196,202611,0,0.17146485182879465
8216,202611,0,0.08603085349203167
8219,202611,0,0.13218671239188
8221,202611,0,0.12646584052132603
8227,202611,0,0.07211973504615037
8232,202611,0,0.18509598481854303
8245,202611,0,0.12307029836471063
8246,202611,1,0.18992843307525847
8248,202611,0,0.14435193247117695
8249,202611,0,0.16422580317749783
8250,202611,0,0.15155776984258773
8256,202611,0,0.0760790591755236
8258,202611,0,0.19189411722319255
8259,202611,0,0.06269211273040798
8268,202611,0,0.1432339140307949
8271,202611,0,0.09157372643197366
8272,202611,1,0.1610040548871741
8273,202611,0,0.13623279730329077
8275,202611,0,0.12121694810454399
8277,202611,0,0.15543320114143175
8283,202611,0,0.1393114247991346
8285,202611,1,0.14601905155009276
8288,202611,0,0.07388016460285925
8299,202611,0,0.06126600797829146
8300,202611,0,0.13353748305497315
8301,202611,0,0.07560764303960316
8307,202611,0,0.14164735494453592
8315,202611,0,0.15213523959467373
8324,202611,0,0.10034621378708483
8326,202611,0,0.13751906047752746
8351,202611,0,0.08458481308577528
8367,202611,0,0.09071111749843516
8368,202611,0,0.1901485570583991
8371,202611,0,0.18645586115598103
8383,202611,0,0.09787481669544645
8386,202611,0,0.19024762541864135
8389,202611,1,0.12757174999799725
8402,202611,0,0.07257823049152405
8404,202611,0,0.13826489169088896
8417,202611,1,0.10690802482557978
8419,202611,1,0.12997615272362678
8421,202611,0,0.16443299781077766
8422,202611,0,0.06214877860691654
8425,202611,0,0.18952876222266915
8429,202611,0,0.11914112836664378
8433,202611,0,0.17193153147849638
8437,202611,0,0.06423111025570585
8440,202611,0,0.07354046258195028
8455,202611,0,0.18035131713337652
8462,202611,1,0.15517344197057958
8471,202611,1,0.16570716496011173
8479,202611,0,0.17349734029625555
8482,202611,0,0.08270469954070479
8485,202611,0,0.175127823465998
8489,202611,0,0.09245938095788879
8490,202611,0,0.04919282487938787
8492,202611,0,0.07233803591197466
8496,202611,0,0.15521171210036455
8497,202611,0,0.07904194457293842
8498,202611,0,0.12401860737526899
8500,202611,0,0.17325021657532225
8501,202611,0,0.1649511193258663
8508,202611,0,0.19537917503855887
8512,202611,0,0.19593716906729844
8519,202611,1,0.137097664669055
8522,202611,0,0.19400264975713125
8536,202611,0,0.09745910618858736
8545,202611,0,0.1420245088870968
8546,202611,0,0.11498688913618471
8554,202611,0,0.14627470847283916
8556,202611,0,0.13164257697585485
8557,202611,0,0.1587636090850659
8559,202611,0,0.15363425261378647
8560,202611,0,0.17507354154367083
8563,202611,0,0.10004304857772173
8565,202611,0,0.15664285230422934
8574,202611,0,0.07339690459850999
8578,202611,0,0.07569110810699244
8585,202611,0,0.0725554200849986
8602,202611,0,0.17962072245038585
8605,202611,0,0.11523613413450327
8609,202611,0,0.09478398301944697
8614,202611,0,0.07502863377332782
8619,202611,0,0.1250388475930897
8629,202611,0,0.15010700382831527
8632,202611,0,0.11276328415739494
8635,202611,0,0.09334165717885405
8639,202611,0,0.06572088656135398
8642,202611,0,0.09707215279687136
8643,202611,0,0.11943478251252015
8649,202611,1,0.14810359695768557
8655,202611,0,0.13678444937743353
8657,202611,0,0.12148559176393524
8662,202611,0,0.09128432856690968
8663,202611,1,0.15986515323770992
8666,202611,0,0.15729285845719926
8674,202611,0,0.07294428519572044
8676,202611,0,0.1303210074204332
8686,202611,0,0.17496110360375106
8691,202611,0,0.09928919782763063
8701,202611,1,0.14249696057206748
8702,202611,0,0.09270856559760299
8714,202611,0,0.0913669993515729
8718,202611,0,0.12460255532934303
8731,202611,0,0.16781240479507015
8736,202611,1,0.1553935521110381
8738,202611,0,0.1598113855263265
8745,202611,0,0.06644356574312082
8749,202611,0,0.12416533164505657
8754,202611,0,0.1622431444364701
8755,202611,1,0.14512772724874234
8760,202611,0,0.11805210936196081
8762,202611,0,0.06526152473303169
8767,202611,0,0.07653127104985286
8768,202611,0,0.1433980301669663
8769,202611,0,0.057723761691521276
8771,202611,0,0.1669442222675096
8781,202611,1,0.10403143181759167
8789,202611,1,0.1137108905278337
8795,202611,0,0.12048959626451054
8796,202611,0,0.08518109801482818
8811,202611,0,0.1466200657660569
8815,202611,0,0.1593623680212062
8820,202611,0,0.12718845719657548
8825,202611,0,0.14666299516433523
8832,202611,0,0.11784170544410373
8839,202611,0,0.11618196583999774
8841,202611,0,0.1349059500624948
8844,202611,1,0.1582500214380025
8848,202611,0,0.11906575378748725
8849,202611,0,0.075171430326331
8856,202611,0,0.17070226029878643
8865,202611,1,0.10835678300866464
8874,202611,1,0.17837839434982972
8875,202611,0,0.12589601287290472
8879,202611,0,0.09293620863756669
8882,202611,0,0.08008788886442933
8885,202611,0,0.12966565623801948
8892,202611,0,0.145049541049546
8897,202611,0,0.08525964298088004
8905,202611,0,0.0729652728574197
8921,202611,0,0.07304557023869336
8926,202611,1,0.14355794055827203
8928,202611,0,0.11672841355714665
8935,202611,0,0.14405356000525266
8939,202611,0,0.08376433141167121
8941,202611,0,0.1811867466111759
8942,202611,0,0.07807621068822779
8949,202611,0,0.09348557325395025
8951,202611,0,0.07330939543188855
8954,202611,1,0.1713065777752709
8958,202611,0,0.10567085580715473
8964,202611,0,0.06581862328694456
8972,202611,0,0.06723696721022682
8978,202611,0,0.11418129906961365
8979,202611,0,0.08482218749769957
8988,202611,0,0.162448772580087
8997,202611,0,0.15585121653192285
8998,202611,0,0.07092089090909645
8999,202611,0,0.1310850656533194
9006,202611,0,0.08444869708230351
9008,202611,1,0.16749429804471738
9012,202611,0,0.17908144398443146
9024,202611,0,0.11356019466769009
9026,202611,0,0.1332938460467673
9030,202611,0,0.1600303379268398
9034,202611,0,0.05589490976350269
9036,202611,0,0.1917145010429337
9038,202611,0,0.07628085042941055
9040,202611,0,0.16042504919667608
9041,202611,0,0.07668980891382607
9042,202611,0,0.05660620000534652
9046,202611,0,0.07414242205667952
9049,202611,1,0.07914019687834244
9051,202611,0,0.18660309763331412
9054,202611,0,0.18272777253280115
9057,202611,0,0.07379122329419789
9062,202611,0,0.06493374916509954
9072,202611,0,0.15120317774709005
9075,202611,0,0.09627506034303818
9079,202611,0,0.16970091919530655
9081,202611,0,0.09388349107401836
9091,202611,0,0.06835707663591768
9110,202611,0,0.06447284735968765
9113,202611,0,0.16169440968273033
9116,202611,0,0.15051462333394985
9120,202611,0,0.0853430504016485
9126,202611,0,0.19401910543652703
9133,202611,0,0.08565754084104299
9135,202611,0,0.16411365246414353
9144,202611,0,0.13101357620824616
9146,202611,0,0.13581242093093107
9153,202611,0,0.11631371210699926
9155,202611,0,0.08019970099908341
9160,202611,0,0.10830265399703144
9165,202611,0,0.13185185223696522
9172,202611,0,0.15288328735527634
9174,202611,0,0.08078811883481138
9179,202611,0,0.1297320372540564
9180,202611,0,0.12350237273172147
9192,202611,1,0.19538048281435386
9194,202611,1,0.09517056310126842
9195,202611,0,0.19127534211930336
9199,202611,0,0.12851859659668016
9204,202611,0,0.06545965770021271
9205,202611,0,0.07217126103307432
9210,202611,0,0.09077439397994626
9219,202611,1,0.10694466540978102
9227,202611,1,0.08446503909605477
9228,202611,0,0.12255558840181689
9233,202611,0,0.1469668623911273
9235,202611,0,0.15823687516914
9237,202611,0,0.0739515528699313
9239,202611,0,0.06303370328694204
9240,202611,0,0.05428054834718322
9241,202611,0,0.1634024351079439
9242,202611,0,0.10742890585143873
9246,202611,0,0.07275124575059545
9248,202611,0,0.12604792200648932
9253,202611,0,0.12194104983011689
9254,202611,0,0.1370681288319269
9260,202611,0,0.127889905442886
9261,202611,0,0.08229434725194013
9262,202611,0,0.14444422248883979
9263,202611,0,0.205186374301582
9266,202611,1,0.20790223368224042
9268,202611,0,0.08519992779429744
9275,202611,0,0.08566941108627109
9278,202611,0,0.14066548224261813
9287,202611,0,0.13467843566356233
9288,202611,1,0.12117725603630358
9292,202611,0,0.15403747404758125
9308,202611,0,0.1254764041169633
9309,202611,0,0.16397448661261274
9310,202611,0,0.1765970244171381
9312,202611,0,0.12457430880880692
9314,202611,0,0.0935865441803544
9316,202611,0,0.06008767087075028
9318,202611,0,0.1487154208842491
9322,202611,0,0.17387695956870622
9325,202611,0,0.17719422696095827
9327,202611,0,0.13486949291529224
9336,202611,0,0.11531377839709657
9340,202611,0,0.18327447922627935
9342,202611,0,0.16045213542938944
9346,202611,0,0.10826942168508732
9351,202611,0,0.2084307395832992
9355,202611,1,0.11616122060619602
9357,202611,0,0.11453710671914631
9358,202611,1,0.1200757208427454
9363,202611,1,0.1362884634885129
9365,202611,1,0.1276295257557594
9371,202611,1,0.1362657920962516
9372,202611,0,0.12492411393418451
9374,202611,0,0.08774923349503272
9378,202611,0,0.18766365133540291
9385,202611,0,0.10063339176555963
9386,202611,1,0.18702085050253753
9413,202611,0,0.06790301148322818
9418,202611,0,0.16480592304583133
9420,202611,0,0.07103972581119672
9422,202611,0,0.06565695304518875
9423,202611,0,0.08913522942547324
9425,202611,0,0.14829860704049821
9426,202611,0,0.18762814904124525
9434,202611,0,0.17712991409853582
9436,202611,0,0.08800523767186451
9439,202611,0,0.09953956867671436
9442,202611,1,0.11621069518673584
9446,202611,0,0.06141311903088648
9457,202611,1,0.1505433020062418
9460,202611,0,0.1660579678701419
9461,202611,0,0.14312332986523246
9467,202611,0,0.1384128667322853
9472,202611,0,0.14095023229428932
9473,202611,1,0.22141953629227842
9483,202611,0,0.07896867352175249
9485,202611,0,0.12294857972961075
9492,202611,0,0.10303757240709502
9500,202611,0,0.1403556527112812
9507,202611,0,0.14690855064183847
9513,202611,1,0.08061801121318415
9514,202611,0,0.1852904060332882
9516,202611,0,0.1418059819786835
9520,202611,0,0.10884138869423997
9532,202611,1,0.08941627490160435
9542,202611,0,0.11013217562381834
9544,202611,0,0.20211387260834027
9548,202611,0,0.1135482414501948
9553,202611,1,0.1545979441858167
9556,202611,0,0.08086902000099447
9558,202611,0,0.16028205302782814
9559,202611,1,0.16928979179274675
9565,202611,0,0.1783377878161026
9571,202611,0,0.1265650435946458
9575,202611,0,0.16623807245801914
9587,202611,0,0.15731477900068663
9602,202611,0,0.13700916217714806
9609,202611,0,0.07375499482964859
9618,202611,0,0.07745798021223395
9622,202611,0,0.1510712990867629
9624,202611,0,0.13954093458408065
9633,202611,1,0.16575218996774901
9648,202611,0,0.1213826080661964
9658,202611,0,0.11104231533618279
9668,202611,0,0.11478744635429561
9702,202611,0,0.0581384055137665
9705,202611,0,0.16130522972494443
9706,202611,0,0.08521876227906769
9707,202611,0,0.16167041957441516
9708,202611,0,0.10851154596404773
9709,202611,1,0.13207423288841363
9710,202611,0,0.15597856626121331
9726,202611,0,0.16093354566310403
9753,202611,0,0.06701835462967679
9757,202611,0,0.08048614076986625
9761,202611,0,0.09444982025941388
9765,202611,0,0.20309384526638205
9768,202611,0,0.11962348998097994
9769,202611,0,0.16149914062471357
9775,202611,0,0.0723482533144177
9778,202611,0,0.15854511653567446
9787,202611,1,0.15199015574133806
9788,202611,0,0.11395728401700825
9789,202611,0,0.17409217569403732
9792,202611,0,0.13303158548864136
9793,202611,1,0.11423965103245524
9815,202611,0,0.11751883691690565
9816,202611,0,0.09106026240344593
9822,202611,0,0.12116121792784963
9823,202611,0,0.18601369646034463
9827,202611,0,0.12845488034411637
9835,202611,0,0.15805908049574624
9840,202611,0,0.06711679249869736
9841,202611,0,0.1481577107033981
9849,202611,0,0.11762042649181163
9853,202611,0,0.1660329007918915
9869,202611,0,0.08088781190770856
9873,202611,0,0.05897201742209267
9881,202611,0,0.055251444046803454
9892,202611,0,0.1090659194115249
9898,202611,0,0.14466525509697695
9899,202611,0,0.16427998785910342
9915,202611,0,0.10986047800377892
9925,202611,1,0.13703168614864447
9936,202611,0,0.17168636335400242
9940,202611,0,0.15781411882422716
9941,202611,0,0.08410778271581651
9947,202611,0,0.07600782676154978
9953,202611,1,0.08906749947566046
9957,202611,0,0.13550654846394639
9962,202611,0,0.07321016666147419
9963,202611,0,0.11923008003030844
9964,202611,0,0.16922635403174613
9965,202611,0,0.15870380962966674
9968,202611,0,0.1266811812762121
9971,202611,0,0.06083862469808475
9973,202611,0,0.1372513110204359
9980,202611,0,0.07294698395813401
9985,202611,1,0.06740114872926267
10002,202611,0,0.20606739619427691
10005,202611,0,0.10033409692267727
10007,202611,0,0.11164012647377014
10009,202611,1,0.18310397248202595
10010,202611,0,0.18092139825083878
10013,202611,0,0.1487688411147066
10014,202611,0,0.06393193540859267
10017,202611,0,0.12156481301224083
10024,202611,0,0.1411540027405561
10028,202611,1,0.12559079286448493
10030,202611,0,0.09290948551313281
10037,202611,0,0.15418857452643292
10046,202611,0,0.10206600052938225
10051,202611,0,0.11146766351940206
10063,202611,0,0.11656864859780869
10065,202611,1,0.11105463730177195
10067,202611,0,0.09904527820667326
10069,202611,1,0.19361237550810742
10073,202611,0,0.06738949978003742
10074,202611,1,0.07566580132542951
10096,202611,0,0.055384664604861314
10099,202611,0,0.10248603326175337
10100,202611,0,0.07803092369957365
10101,202611,0,0.15946869619082002
10103,202611,0,0.09582679154776323
10110,202611,0,0.19489343694965916
10113,202611,0,0.14930356789953708
10116,202611,0,0.07115822964082308
10124,202611,0,0.17193102875550031
10127,202611,0,0.10036438650756485
10129,202611,0,0.17455452115608447
10139,202611,0,0.17736883432418968
10140,202611,0,0.20771948409498586
10145,202611,0,0.23315761728358206
10149,202611,0,0.12862449730970146
10150,202611,1,0.08453674141840889
10151,202611,0,0.1945949055566469
10164,202611,1,0.13003247989580777
10165,202611,0,0.08305964049184303
10166,202611,0,0.07561448917503018
10168,202611,0,0.0787325966333125
10174,202611,0,0.13206702979233612
10186,202611,0,0.11486257712177814
10189,202611,0,0.14875429698214584
10192,202611,1,0.1376509604283926
10193,202611,0,0.14955793105718904
10197,202611,0,0.06924403485783528
10201,202611,0,0.12777313118671016
10206,202611,0,0.14647503523988137
10211,202611,0,0.1062861902417386
10216,202611,0,0.15300849917160514
10224,202611,0,0.09222064466538027
10234,202611,0,0.15685814207796528
10236,202611,0,0.13268146035426204
10239,202611,0,0.19736566069791256
10245,202611,1,0.13444613632613975
10247,202611,0,0.0988338290869642
10250,202611,0,0.059454992509462
10253,202611,0,0.15521376779460008
10254,202611,0,0.11416911359931683
10263,202611,0,0.17400942437114963
10264,202611,0,0.1983424922174826
10265,202611,0,0.08883254676037619
10275,202611,0,0.06396757502972847
10280,202611,0,0.12570264628243313
10286,202611,0,0.1345821164909579
10287,202611,0,0.19039664764827177
10293,202611,0,0.15289827874910644
10294,202611,0,0.08503689633149011
10303,202611,0,0.08566047325225744
10308,202611,0,0.12475089114986593
10311,202611,0,0.12963234839220736
10318,202611,0,0.15686156367159454
10323,202611,0,0.1700744813340733
10324,202611,0,0.06055140937518463
10327,202611,0,0.14164078841575067
10330,202611,0,0.1360195028782398
10331,202611,0,0.11469158304703526
10333,202611,0,0.05632068038833646
10334,202611,0,0.10038541238196352
10335,202611,0,0.08638185135576876
10338,202611,0,0.15553876199440356
10339,202611,0,0.10886721746464421
10346,202611,1,0.20659264607894892
10348,202611,0,0.05989929964723431
10354,202611,0,0.20309911676826276
10356,202611,0,0.08093722705394338
10367,202611,0,0.07273540947269785
10375,202611,0,0.13864917942068797
10384,202611,0,0.1678696008472723
10386,202611,0,0.06228965953095317
10389,202611,0,0.1269107375186045
10393,202611,0,0.11516122882808838
10404,202611,0,0.13807252445969584
10408,202611,0,0.08415948610895284
10416,202611,0,0.06983165591975922
10429,202611,1,0.1661116127316609
10434,202611,0,0.1831692661208658
10435,202611,1,0.1058384345378926
10441,202611,1,0.21090578568124152
10448,202611,0,0.20824294104438495
10449,202611,0,0.08262259295361572
10452,202611,0,0.06704074916406014
10453,202611,0,0.12985491963040516
10454,202611,0,0.12920896625915895
10461,202611,0,0.09574124973554879
10462,202611,0,0.06284050732727509
10472,202611,0,0.07105117274479497
10474,202611,0,0.18602958180322376
10476,202611,0,0.17792871063278262
10478,202611,0,0.07446654068421674
10483,202611,0,0.11911032027367191
10485,202611,1,0.14048155587148764
10492,202611,0,0.154395092615624
10493,202611,0,0.16986626801559365
10499,202611,0,0.09852088534111691
10501,202611,0,0.05761653085786782
10503,202611,1,0.10830559378854317
10509,202611,0,0.13727751645233138
10512,202611,0,0.13438646981041946
10513,202611,0,0.08319696705413593
10516,202611,0,0.10357145361733192
10517,202611,0,0.10412132581389863
10523,202611,1,0.1306126671275374
10525,202611,0,0.11484312883082513
10529,202611,0,0.12021320557588669
10532,202611,0,0.0988793705904662
10537,202611,0,0.12475114962936547
10541,202611,0,0.1386325824465105
10545,202611,0,0.10164964515443493
10547,202611,1,0.13468070034563892
10548,202611,0,0.10876025081730097
10552,202611,0,0.08016791388269015
10554,202611,0,0.16789309957799273
10557,202611,0,0.15669758725877578
10564,202611,0,0.16917285305925764
10566,202611,1,0.12141707282076597
10574,202611,0,0.08196056701757862
10591,202611,0,0.10623015831893878
10596,202611,0,0.18869871209914463
10600,202611,0,0.21241043721540329
10601,202611,1,0.06060554873304419
10606,202611,0,0.08088749766505601
10611,202611,0,0.0658734219518625
10619,202611,1,0.1381002923237546
10622,202611,0,0.0557108390102416
10626,202611,0,0.12864105026545253
10629,202611,0,0.061956485515359615
10630,202611,0,0.15020625174652147
10631,202611,0,0.1613627570645614
10633,202611,0,0.07405751735822048
10638,202611,0,0.17721143223055819
10639,202611,0,0.21236174070238847
10640,202611,0,0.06867628420655766
10641,202611,1,0.06398292019764432
10657,202611,0,0.10608102975616761
10661,202611,1,0.15996136572143346
10663,202611,0,0.12145849651538244
10664,202611,0,0.15544052913294332
10667,202611,0,0.12086922445874132
10671,202611,0,0.16428248264479683
10672,202611,0,0.1153703550260416
10675,202611,0,0.14526192997135196
10679,202611,0,0.16509676054576336
10681,202611,0,0.14046530642845473
10682,202611,1,0.1849606208981212
10683,202611,0,0.060555504694756054
10688,202611,0,0.09264824791675835
10689,202611,1,0.09303121699768362
10701,202611,0,0.18114717777622613
10704,202611,0,0.12648581301952708
10709,202611,0,0.20825013451707647
10711,202611,1,0.18562000131732637
10713,202611,1,0.1044139715578216
10715,202611,0,0.12609871515249418
10716,202611,1,0.17310690731980566
10718,202611,0,0.08433880728839757
10721,202611,1,0.1550855294608329
10724,202611,0,0.10927697634551073
10730,202611,1,0.12431816240535089
10731,202611,0,0.10389698520392436
10733,202611,0,0.12800843743013388
10734,202611,1,0.14678199560079408
10737,202611,0,0.10521312328334742
10744,202611,0,0.058261153101010245
10750,202611,0,0.06678524864576207
10762,202611,1,0.14122985124441448
10770,202611,0,0.10590401072488388
10776,202611,0,0.1745878074911599
10780,202611,0,0.07876540535241869
10782,202611,0,0.22775737454492107
10783,202611,1,0.10175329378283254
10789,202611,0,0.15643174709013083
10791,202611,1,0.150286949178642
10793,202611,0,0.16523004241671738
10795,202611,0,0.1904321604497283
10807,202611,0,0.10569592503895579
10813,202611,0,0.11890313992468553
10815,202611,0,0.11601634945766044
10817,202611,0,0.13328387924099674
10819,202611,0,0.13234135679487094
10824,202611,0,0.15784631072016364
10828,202611,0,0.17099705347766125
10829,202611,1,0.17104934630676666
10830,202611,0,0.1097669200483789
10832,202611,0,0.15415328907080256
10836,202611,0,0.17524200029559714
10839,202611,0,0.16826163099297411
10843,202611,0,0.11218373271513699
10844,202611,0,0.08039927902640347
10852,202611,1,0.1663509376079542
10866,202611,0,0.2030452168077486
10871,202611,1,0.14201812827061763
10872,202611,0,0.14637607982057613
10873,202611,0,0.10810554618484798
10878,202611,0,0.16789360249258967
10889,202611,0,0.08413773734286413
10892,202611,1,0.13141339120856205
10895,202611,1,0.17221213404415656
10899,202611,0,0.19191228368674781
10901,202611,0,0.17483046816637057
10904,202611,0,0.1174999543211368
10907,202611,1,0.12245463981269862
10910,202611,0,0.12371500253847965
10911,202611,0,0.10040443954336692
10917,202611,0,0.12518139017464208
10920,202611,0,0.13135997621628043
10921,202611,0,0.04779347575494641
10922,202611,0,0.10089640633002049
10929,202611,0,0.06286163369755669
10930,202611,0,0.07325909642227403
10933,202611,0,0.1456533830654834
10934,202611,0,0.06723742469589365
10939,202611,0,0.0912003949642421
10942,202611,0,0.05644868974057534
10943,202611,0,0.08343368738870897
10945,202611,0,0.18184402027581933
10946,202611,0,0.13767066160653907
10949,202611,0,0.07782682142735423
10951,202611,0,0.10310671462572754
10952,202611,0,0.1640963931394805
10953,202611,0,0.08193352669751093
10955,202611,0,0.06677535503558978
10956,202611,0,0.17444693323181934
10959,202611,0,0.16952006142390372
10963,202611,0,0.15008382430005712
10965,202611,0,0.158139992701834
10971,202611,0,0.07943035476673956
10975,202611,0,0.10895270597586355
10979,202611,0,0.11301621279031719
10983,202611,0,0.1274672601597269
10984,202611,0,0.12970140808645345
10989,202611,0,0.0905641349317719
10992,202611,0,0.1176525765681046
10996,202611,1,0.21298096373622005
11001,202611,0,0.06462672750325878
11003,202611,0,0.09375992844772174
11004,202611,0,0.09736197286647892
11008,202611,0,0.0769689609007906
11013,202611,1,0.22429304760256463
11016,202611,0,0.0695388331228069
11017,202611,0,0.060182432963958775
11018,202611,1,0.1533167917050416
11021,202611,0,0.15482320979038267
11028,202611,0,0.1747100174413247
11034,202611,0,0.15773609023884996
11035,202611,0,0.0827017639302939
11036,202611,0,0.08680636597722798
11040,202611,1,0.13281850197926134
11041,202611,0,0.07933708439518969
11043,202611,1,0.15565316367382193
11047,202611,0,0.22822062013373984
11056,202611,0,0.19945540170407464
11058,202611,0,0.1606620585619198
11059,202611,0,0.06135666074028836
11060,202611,0,0.08452753357024445
11064,202611,0,0.17758067424047094
11066,202611,0,0.0687630697889767
11069,202611,0,0.0688641697447724
11071,202611,0,0.1289426731564888
11072,202611,0,0.14460444341633139
11077,202611,0,0.13493859004579242
11078,202611,1,0.1772287989707213
11080,202611,0,0.11064193989729507
11092,202611,0,0.09884066508451432
11093,202611,1,0.1530649666063884
11097,202611,0,0.06621492159826924
11098,202611,0,0.13265502021898495
11113,202611,1,0.14350629350193128
11114,202611,0,0.10925528934894078
11117,202611,1,0.1359634072399905
11121,202611,0,0.07819170390038747
11124,202611,0,0.172224943645796
11126,202611,1,0.13275840955809418
11131,202611,0,0.12076502533380368
11143,202611,0,0.1613757419167076
11146,202611,0,0.10750594978004685
11148,202611,1,0.11354928186559765
11154,202611,0,0.1462209620876926
11164,202611,0,0.15760674499726482
11172,202611,0,0.12919419710764865
11173,202611,0,0.0637964973637291
11174,202611,0,0.09122128623050868
11175,202611,0,0.11845916695980392
11179,202611,1,0.12815044728737246
11180,202611,0,0.17510277543742242
11184,202611,0,0.06604100763312158
11188,202611,0,0.1320471894835841
11189,202611,0,0.09701931360817158
11190,202611,0,0.07508046604899153
11192,202611,1,0.16610283484906435
11197,202611,0,0.061978843625302024
11198,202611,1,0.2319321741257176
11201,202611,0,0.12979080787867056
11204,202611,0,0.11877250679770315
11211,202611,0,0.1339849659147979
11212,202611,0,0.13932505958780275
11217,202611,1,0.1548933859449137
11218,202611,0,0.15891590076064285
11219,202611,0,0.1592854905207884
11227,202611,0,0.1256867397722311
11241,202611,0,0.14183270737365056
11251,202611,0,0.08217092842857425
11254,202611,0,0.09495229301610038
11260,202611,0,0.09325332318684522
11264,202611,0,0.0981353114458061
11271,202611,1,0.15504996245917232
11273,202611,0,0.13472267626687837
11274,202611,1,0.1422868017379425
11276,202611,0,0.06433960239679541
11278,202611,0,0.05878383708791593
11282,202611,0,0.14743757329507218
11283,202611,0,0.14377168095749246
11291,202611,0,0.13949452695967063
11293,202611,0,0.15560348269233001
11302,202611,0,0.1302039665222695
11304,202611,0,0.10136875884603641
11305,202611,0,0.137594606427922
11315,202611,0,0.18244359387120496
11321,202611,0,0.16751933050594842
11325,202611,0,0.11628389437315877
11335,202611,0,0.11520157711834263
11341,202611,0,0.10823473513597383
11343,202611,0,0.1161495427276765
11344,202611,0,0.217674025387648
11350,202611,1,0.16547548780533816
11361,202611,0,0.09369035401228888
11375,202611,0,0.07580155627945759
11377,202611,0,0.0794783663400944
11379,202611,0,0.157059035786967
11380,202611,0,0.15860319877897025
11381,202611,1,0.17862432320448451
11391,202611,0,0.0866769418102124
11393,202611,0,0.0682096100968103
11394,202611,0,0.11152694610428986
11398,202611,0,0.15636371651329659
11399,202611,0,0.10849388408780124
11408,202611,0,0.09357923817398248
11412,202611,0,0.1391356447298042
11420,202611,0,0.1366484581206788
11421,202611,0,0.1754678549375038
11430,202611,0,0.07870094703043418
11434,202611,1,0.11784280470204402
11437,202611,0,0.110879339832294
11446,202611,0,0.18257239718809665
11447,202611,1,0.14499433103435874
11471,202611,0,0.08211055676144147
11472,202611,0,0.13659080466216694
11475,202611,0,0.09950328152725094
11483,202611,0,0.1190666666528703
11492,202611,0,0.11546830865584265
11495,202611,1,0.1617892993715183
11497,202611,0,0.13523014242825204
11498,202611,0,0.06165852305460201
11502,202611,0,0.0736617941598761
11504,202611,0,0.19501678271923087
11511,202611,0,0.2385537239967949
11512,202611,0,0.10472078474299594
11514,202611,0,0.0683282091274817
11522,202611,0,0.1233711867434867
11524,202611,0,0.14974650997327604
11533,202611,0,0.15552804771080736
11534,202611,0,0.1141776923609443
11538,202611,1,0.07232687920620938
11541,202611,0,0.13733272512114497
11542,202611,0,0.10762664389839943
11546,202611,1,0.1448974802877068
11547,202611,0,0.0997497099282612
11548,202611,0,0.10136905003513436
11560,202611,1,0.1760727831870305
11566,202611,0,0.18184330115999783
11572,202611,0,0.14618034302438315
11574,202611,0,0.07124143177450598
11576,202611,0,0.1215822919648173
11577,202611,0,0.07313703985069889
11580,202611,0,0.09979718234168308
11598,202611,0,0.10538241629926645
11603,202611,0,0.08362720103700408
11613,202611,0,0.14851496775337172
11614,202611,0,0.1347686378942431
11620,202611,0,0.09628379548390968
11621,202611,0,0.15759433425189623
11622,202611,0,0.05025274849872801
11626,202611,0,0.062082225181686206
11630,202611,0,0.16332834191672677
11636,202611,0,0.14075568619958406
11637,202611,0,0.07639014248644801
11639,202611,0,0.07663390160684033
11643,202611,1,0.20837590522656207
11647,202611,0,0.15945422769562875
11653,202611,0,0.14255554454869837
11654,202611,0,0.06872763345941287
11660,202611,0,0.12802904708663046
11661,202611,1,0.08271072275983235
11664,202611,0,0.14868362511518143
11667,202611,0,0.14248846140782936
11679,202611,0,0.08796420525833087
11687,202611,0,0.13706207098470244
11691,202611,0,0.058920180948273525
11696,202611,0,0.1139435389961131
11700,202611,1,0.13566871191300922
11702,202611,0,0.17020705527818017
11703,202611,0,0.08084831683092407
11705,202611,0,0.1322639314615051
11711,202611,0,0.13690804027327194
11716,202611,0,0.08470389055896925
11717,202611,0,0.16502060054386586
11719,202611,1,0.19221435713737478
11722,202611,0,0.08553187366318879
11724,202611,0,0.12303412577863075
11728,202611,0,0.1387897498774025
11736,202611,1,0.11194549668189145
11737,202611,0,0.08570004013837158
11738,202611,0,0.13043877936035939
11744,202611,0,0.10157676734123536
11747,202611,0,0.072985210679918
11753,202611,0,0.09139591218184243
11757,202611,0,0.13346789707560824
11758,202611,0,0.1059176654398551
11760,202611,0,0.09546912400174198
11761,202611,1,0.21022472289443575
11762,202611,0,0.12282840124006815
11764,202611,0,0.1469315690137704
11768,202611,0,0.06379365163351064
11773,202611,0,0.11044472233365078
11774,202611,0,0.2046051865124368
11783,202611,0,0.060839245974853066
11785,202611,0,0.08303547932576884
11787,202611,0,0.13616695274944904
11788,202611,1,0.15489382029109713
11791,202611,0,0.08264933215911768
11796,202611,0,0.053070797667469055
11797,202611,0,0.09093580899063142
11798,202611,0,0.04909810818579137
11799,202611,1,0.12976514810580383
11803,202611,0,0.09149164421178274
11808,202611,0,0.12509965653451463
11810,202611,0,0.12049323310929319
11814,202611,0,0.13498397558099956
11816,202611,1,0.07368703513408185
11818,202611,1,0.09729302275886877
11822,202611,0,0.0978213574738864
11824,202611,0,0.07199800455746587
11829,202611,0,0.12889386661698807
11835,202611,1,0.15622029594152254
11840,202611,1,0.15379993955733817
11846,202611,0,0.14080897603416376
11847,202611,0,0.1237795788180363
11850,202611,0,0.2010188185191467
11853,202611,0,0.06530609557623937
11854,202611,0,0.07885215388495839
11857,202611,0,0.14213440854089668
11862,202611,0,0.10722165674605956
11871,202611,1,0.14302371384337467
11879,202611,1,0.09139167012566005
11880,202611,1,0.09885973099090863
11883,202611,0,0.06361608610726298
11890,202611,0,0.11419374480054031
11898,202611,1,0.09353731056286153
11905,202611,1,0.15115717778493906
11909,202611,0,0.04983127785356247
11912,202611,1,0.12580479828059876
11913,202611,0,0.17389062031367822
11917,202611,0,0.1473508813076891
11919,202611,0,0.12101921334504966
11920,202611,0,0.06391698799095567
11921,202611,0,0.09473742650504376
11928,202611,0,0.10723833579775209
11929,202611,0,0.15155736251725418
11935,202611,0,0.07496434907680612
11936,202611,0,0.05439184616453233
11939,202611,0,0.07759553871718239
11942,202611,0,0.06272598282465235
11943,202611,0,0.10797367270411787
11945,202611,1,0.19104143492247153
11946,202611,0,0.12367808701398163
11947,202611,0,0.09779678328328952
11952,202611,0,0.10336648441347278
11956,202611,0,0.12967635603482563
11959,202611,0,0.17431371984655242
11969,202611,0,0.11353214966341096
11973,202611,0,0.11540177410234233
11974,202611,0,0.14287555194981835
11975,202611,0,0.08517397895009597
11993,202611,0,0.15295077399305895
11994,202611,0,0.09269425817778666
11995,202611,0,0.08786083631966446
12002,202611,0,0.0993072538734677
12004,202611,1,0.0972530398990506
12006,202611,0,0.12766134739482687
12007,202611,0,0.09447032690085357
12014,202611,0,0.13639250561132385
12017,202611,0,0.2000096407804906
12018,202611,1,0.17316169117635005
12021,202611,0,0.12855204354537808
12023,202611,0,0.1758135489639051
12024,202611,0,0.13151022279702643
12027,202611,0,0.18307583206215097
12034,202611,0,0.118966219712273
12040,202611,0,0.11978617856497614
12047,202611,1,0.11139042713205208
12048,202611,0,0.07909079384665052
12052,202611,0,0.07232664752723104
12057,202611,0,0.170919320544366
12058,202611,0,0.2093822282626113
12061,202611,0,0.1256024788153519
12062,202611,0,0.1388881380813255
12064,202611,0,0.07649188312567107
12067,202611,1,0.12552322969963506
12071,202611,0,0.08956217191793227
12080,202611,0,0.14893403013632953
12085,202611,0,0.06889142113454332
12090,202611,0,0.16000366692832968
12100,202611,0,0.0689149153763574
12103,202611,0,0.1391462172863078
12104,202611,0,0.13881697566476314
12109,202611,0,0.07368286484794062
12114,202611,0,0.14034033531107118
12123,202611,0,0.06932129775456262
12124,202611,0,0.0915319887548972
12128,202611,0,0.17474820696877533
12132,202611,0,0.09254530565346396
12135,202611,0,0.12029728315606228
12140,202611,0,0.2271229771611428
12149,202611,0,0.06710044619990548
12155,202611,0,0.09811678068115068
12158,202611,0,0.14264768209151318
12161,202611,0,0.15252712600689144
12163,202611,0,0.1043544329037741
12164,202611,0,0.1260680108513413
12174,202611,0,0.07116037775376814
12175,202611,0,0.14445002803748558
12179,202611,0,0.16577705088874556
12183,202611,0,0.1398969549962435
12184,202611,0,0.15038892793720118
12186,202611,0,0.0776349139447865
12190,202611,0,0.13255354301452346
12193,202611,0,0.09653350552484814
12195,202611,0,0.09301987236848258
12196,202611,0,0.05757808689777126
12205,202611,0,0.13841700415559385
12213,202611,0,0.1610871561942555
12220,202611,0,0.14569199972263988
12221,202611,0,0.14556769123198385
12222,202611,0,0.0738936889312965
12224,202611,0,0.1359272539661446
12230,202611,0,0.07149353317882415
12235,202611,1,0.13589856025928776
12239,202611,0,0.09031831904324718
12242,202611,0,0.11975008459909756
12244,202611,0,0.14042022973616142
12245,202611,0,0.13731173835344515
12247,202611,0,0.15202623231804419
12254,202611,0,0.1832645837972029
12258,202611,0,0.14530896793118334
12266,202611,0,0.07530331821985634
12267,202611,0,0.0661377529008622
12272,202611,0,0.15158413656890615
12273,202611,0,0.12003271333156579
12276,202611,0,0.16657058375175823
12277,202611,0,0.09268779898480804
12283,202611,0,0.13854733332487856
12289,202611,0,0.07668917383631152
12297,202611,0,0.09570793758587318
12300,202611,0,0.22397136579365517
12302,202611,0,0.06416440840548567
12310,202611,0,0.07190787745237909
12312,202611,0,0.16736421725941247
12314,202611,0,0.05985532219460711
12315,202611,0,0.06355262566992234
12327,202611,0,0.10272016044518018
12329,202611,0,0.12433204948552014
12332,202611,0,0.10842461071436162
12342,202611,0,0.0992057044389549
12346,202611,0,0.09750319642648676
12347,202611,0,0.18561245166048349
12349,202611,0,0.06837912099494343
12350,202611,0,0.08358035337708797
12354,202611,0,0.12967772030948824
12356,202611,0,0.0532171533457897
12359,202611,0,0.12489226564846631
12360,202611,0,0.20496297200819735
12369,202611,0,0.12822090833455713
12372,202611,0,0.06076239992259809
12373,202611,0,0.056861829902483826
12374,202611,1,0.10443122949385891
12375,202611,0,0.18432172897764265
12376,202611,0,0.16145568966025423
12379,202611,0,0.0841787022140644
12382,202611,0,0.08371591910716952
12387,202611,0,0.10214311544032485
12389,202611,0,0.1301913358264103
12394,202611,0,0.113451165393181
12395,202611,0,0.11912364196566017
12396,202611,0,0.16217144563101105
12404,202611,0,0.1641415738103568
12405,202611,0,0.09121001038784171
12412,202611,0,0.2179858035253201
12419,202611,0,0.07496518295459183
12431,202611,0,0.102891218506514
12440,202611,0,0.11589668775175126
12444,202611,0,0.17794481322107283
12447,202611,0,0.07725160227918804
12452,202611,0,0.14084340948452112
12454,202611,0,0.1274099331756261
12456,202611,0,0.14079235285761682
12461,202611,0,0.09066334114149588
12469,202611,0,0.09096725041551561
12472,202611,0,0.10947375569856169
12473,202611,0,0.06299230139546169
12474,202611,0,0.11615218732130796
12476,202611,0,0.16242113712926692
12479,202611,0,0.15397357138195258
12481,202611,0,0.1308094731675296
12484,202611,1,0.16157493101701767
12487,202611,0,0.06265556000290873
12491,202611,1,0.16016675968185676
12493,202611,0,0.14946462819615602
12501,202611,0,0.13975135404942562
12504,202611,0,0.12511802188230853
12507,202611,0,0.11794430562096637
12510,202611,0,0.10858704148526187
12512,202611,0,0.23787140914504223
12519,202611,1,0.11540990435536397
12520,202611,0,0.1307623391423531
12526,202611,0,0.150850347918632
12529,202611,0,0.17609285829813065
12532,202611,0,0.11616550382467647
12533,202611,0,0.1519032028840058
12544,202611,0,0.17058037875625853
12546,202611,0,0.11656635349707126
12551,202611,0,0.13929538082307102
12555,202611,0,0.21368266527731875
12576,202611,0,0.11330075916025151
12581,202611,0,0.11160718573401078
12588,202611,0,0.12422779837583692
12593,202611,0,0.09224621851949336
12594,202611,0,0.0992295370224566
12598,202611,0,0.07043637437244313
12599,202611,0,0.16968442316365084
12601,202611,0,0.13518838952627507
12610,202611,0,0.18831447789638905
12615,202611,1,0.1599823822062861
12616,202611,1,0.10441062749324423
12622,202611,0,0.0774289661513841
12623,202611,1,0.10882870957498954
12624,202611,0,0.09511895543887204
12625,202611,0,0.16312299253739818
12629,202611,0,0.19667780613220362
12632,202611,0,0.0690603283185401
12634,202611,0,0.06138063221988408
12635,202611,0,0.1295534381772174
12638,202611,0,0.10807242444294289
12640,202611,0,0.04453021817252292
12641,202611,0,0.11116616082162716
12643,202611,0,0.08894019255063312
12644,202611,0,0.10604026929509391
12647,202611,0,0.1216853944146041
12651,202611,0,0.17853131420706597
12657,202611,0,0.13768635520587297
12658,202611,0,0.06862776300025808
12660,202611,0,0.16462317899650625
12661,202611,0,0.10342083969909545
12666,202611,0,0.09109767645037097
12673,202611,0,0.1260936014654487
12676,202611,1,0.16951736065299172
12678,202611,0,0.10336053608026838
12681,202611,0,0.15584667717917855
12682,202611,0,0.18427610577874345
12684,202611,0,0.06526839806733828
12686,202611,1,0.12045126476842384
12689,202611,0,0.1214279856633624
12699,202611,0,0.10518916592501111
12701,202611,0,0.12611731690711314
12710,202611,0,0.12161576060031645
12712,202611,0,0.13615534941493773
12713,202611,0,0.11278664867751073
12715,202611,0,0.11488953019984649
12716,202611,0,0.13609223170258966
12717,202611,0,0.10494144215767573
12718,202611,0,0.1457182911965736
12720,202611,0,0.09672383338262104
12724,202611,0,0.1320707319390705
12725,202611,0,0.16221753821293494
12726,202611,0,0.09355184859174129
12741,202611,0,0.17874145897516067
12742,202611,0,0.19570204062960697
12743,202611,0,0.1075761264247923
12748,202611,0,0.11582732034714092
12749,202611,0,0.0760868899744981
12751,202611,0,0.15648071487030976
12752,202611,0,0.16034136067352783
12756,202611,0,0.07058186500848476
12760,202611,0,0.08986335266103282
12761,202611,0,0.14427856827296076
12764,202611,0,0.1712169209858437
12767,202611,0,0.09427879026152794
12772,202611,1,0.1326047582761434
12774,202611,0,0.12734824347937132
12782,202611,0,0.06672435423424114
12783,202611,0,0.17151720946137924
12784,202611,0,0.11566283324866554
12785,202611,0,0.1182036370353858
12787,202611,0,0.1580954824439377
12798,202611,0,0.09895497308577442
12801,202611,1,0.17423921406406548
12805,202611,0,0.15922874162897271
12806,202611,0,0.09649893335759781
12809,202611,0,0.07085260153080734
12815,202611,0,0.13109977274589357
12820,202611,0,0.07022424260770982
12824,202611,0,0.10124479126342056
12829,202611,0,0.1238956612421439
12832,202611,1,0.07909756529204853
12833,202611,0,0.13600523431700787
12841,202611,0,0.1570914216356964
12843,202611,0,0.10164240495511133
12847,202611,0,0.13005720852985897
12848,202611,0,0.12801382117978632
12849,202611,0,0.1037169536966049
12852,202611,0,0.1168661581385205
12855,202611,0,0.14027272236743385
12864,202611,0,0.17909761158443838
12872,202611,0,0.1008195887306172
12873,202611,0,0.133339923598501
12874,202611,0,0.08068694321834702
12875,202611,1,0.08020651875845707
12877,202611,0,0.16397370929419325
12879,202611,0,0.14235702392408286
12885,202611,0,0.1429896037067825
12886,202611,1,0.15776239820054225
12891,202611,1,0.06699519574721022
12893,202611,0,0.13224711117214805
12894,202611,0,0.19041501609743983
12895,202611,0,0.16157628033226462
12901,202611,0,0.057785857904134985
12908,202611,1,0.1234793202357581
12912,202611,0,0.08015234540218172
12919,202611,0,0.13133625354736778
12924,202611,0,0.1324507179903115
12925,202611,1,0.07785429784170327
12929,202611,0,0.1076452171663887
12931,202611,0,0.15037351220641404
12942,202611,1,0.10065329912750613
12945,202611,0,0.12250044283570063
12958,202611,0,0.07824005974521157
12962,202611,0,0.14783888548935248
12964,202611,0,0.14380908610921334
12974,202611,0,0.17551940385982714
12976,202611,0,0.08848234288474564
12980,202611,0,0.10189823761832191
12982,202611,1,0.10334556134499714
12984,202611,0,0.12224982877755496
12987,202611,0,0.10632075295085479
12991,202611,0,0.11547872975112959
12995,202611,0,0.09962552241427754
13001,202611,0,0.16076850318423128
13005,202611,0,0.19691778774854812
13006,202611,0,0.12541704798507355
13015,202611,0,0.11005353055284346
13017,202611,0,0.13861870896349862
13027,202611,1,0.13858160307043846
13033,202611,0,0.13420359512477964
13034,202611,0,0.12953035775497102
13035,202611,0,0.06284888049534379
13038,202611,0,0.15679621553625775
13041,202611,1,0.15285588077162507
13044,202611,0,0.07644986486790584
13045,202611,0,0.15462567060243804
13052,202611,0,0.05384761192520965
13059,202611,0,0.12366441419440015
13060,202611,0,0.055499209449986264
13061,202611,0,0.11233453675686109
13066,202611,0,0.17049478471025067
13080,202611,0,0.1829501638166616
13082,202611,0,0.18656124824103715
13100,202611,1,0.10113203431587924
13105,202611,0,0.1512793965586362
13106,202611,0,0.2435221662118734
13121,202611,0,0.18968799491107557
13123,202611,0,0.17621856271505693
13125,202611,0,0.05447954897639044
13129,202611,0,0.11952480033975028
13130,202611,0,0.13905207795330393
13132,202611,0,0.13968413227923177
13133,202611,0,0.08696745254022892
13135,202611,0,0.11991579094542677
13141,202611,0,0.11548122223154253
13145,202611,0,0.19188647676072643
13149,202611,0,0.09693129008112779
13153,202611,0,0.1506058538766529
13158,202611,0,0.1193355860138671
13159,202611,0,0.14090602640403102
13169,202611,0,0.23006792313468374
13170,202611,0,0.13021747884275073
13178,202611,0,0.1282168354958357
13179,202611,0,0.07816689868617509
13180,202611,0,0.15740638072537536
13181,202611,0,0.13986796178264743
13183,202611,0,0.06954490401682689
13191,202611,1,0.14566379021947945
13196,202611,0,0.1152643167362878
13200,202611,0,0.16137151010852355
13202,202611,0,0.12189568731839862
13204,202611,0,0.07324145106196603
13208,202611,0,0.14606097293913708
13212,202611,0,0.10088966472312792
13213,202611,0,0.15738132464524723
13215,202611,1,0.13060654267450816
13217,202611,1,0.09821589221972102
13218,202611,0,0.14558937411859668
13225,202611,0,0.17129885515133167
13229,202611,0,0.100854736929379
13232,202611,0,0.09969470491209785
13233,202611,0,0.14651440071823052
13234,202611,0,0.06864100923567612
13249,202611,0,0.07043057295179737
13253,202611,0,0.14052415608748756
13255,202611,0,0.10728502452245188
13257,202611,0,0.1944321152300777
13260,202611,1,0.1347928411323238
13266,202611,0,0.07316320799087551
13269,202611,0,0.06218407184432111
13270,202611,0,0.10553310112680814
13274,202611,0,0.13458232779796395
13281,202611,0,0.12409489869008142
13287,202611,0,0.1060300724728366
13305,202611,0,0.13972810046265444
13308,202611,0,0.07163535738187563
13309,202611,0,0.08768324184803425
13310,202611,0,0.2284416421912846
13314,202611,0,0.08898656836512243
13315,202611,0,0.08174711984103449
13324,202611,0,0.09151630927737703
13326,202611,0,0.13745233262546883
13328,202611,1,0.1001811993234885
13329,202611,1,0.14872863398042474
13333,202611,0,0.14989965585002255
13335,202611,1,0.19556712967556178
13336,202611,0,0.10647021005981723
13345,202611,0,0.16501308162445316
13348,202611,0,0.15191865142564961
13350,202611,0,0.1621963921847432
13354,202611,0,0.17081200864515425
13360,202611,0,0.1538906066647875
13364,202611,0,0.1593651972721295
13366,202611,0,0.13714780372810395
13368,202611,0,0.08154378744891921
13375,202611,0,0.07171360562290038
13376,202611,0,0.11614045326708465
13380,202611,0,0.07359900857736056
13382,202611,0,0.06325963886271964
13384,202611,0,0.1757112774396998
13387,202611,0,0.14128117258441317
13390,202611,0,0.07792665805962026
13393,202611,1,0.17332571240680592
13395,202611,1,0.15732733619551797
13398,202611,0,0.15503515966228423
13403,202611,0,0.1160562794930729
13404,202611,0,0.06997930623577502
13405,202611,0,0.1289883076922993
13409,202611,0,0.22506838406668359
13411,202611,0,0.11571814105143129
13414,202611,0,0.10382700700969333
13416,202611,0,0.09460822415253975
13417,202611,0,0.07581568797692263
13418,202611,0,0.09337924263769615
13422,202611,0,0.07181704417425669
13430,202611,0,0.17788986861844397
13435,202611,0,0.06328857501569868
13437,202611,1,0.1252369656634926
13439,202611,0,0.14171236585706593
13446,202611,0,0.09677652182587289
13448,202611,0,0.10430796405488404
13449,202611,0,0.10082321628444185
13451,202611,0,0.1295314369093385
13455,202611,0,0.11197773096543633
13459,202611,1,0.1694384788335989
13468,202611,0,0.14346083076498925
13470,202611,0,0.07118604443845082
13474,202611,0,0.0650241490633944
13478,202611,0,0.08051709604117373
13485,202611,0,0.12859380885123345
13488,202611,0,0.1345296008240575
13489,202611,0,0.08490188383079214
13490,202611,1,0.14282030650638514
13491,202611,1,0.16175355528132077
13500,202611,0,0.11365141961449424
13505,202611,0,0.06105316963062694
13506,202611,0,0.12869886506238878
13517,202611,0,0.07223816273644837
13518,202611,0,0.10689644409944314
13523,202611,0,0.12453729356703852
13529,202611,0,0.15237482085399282
13532,202611,0,0.09261599256993487
13534,202611,0,0.10980146789412311
13537,202611,1,0.09485506073651018
13539,202611,0,0.13647540791223273
13547,202611,0,0.11252081452731225
13548,202611,0,0.11686519771163134
13550,202611,0,0.17637263168242795
13554,202611,0,0.12790871397882508
13555,202611,0,0.18324066823237534
13556,202611,0,0.15614455512549763
13558,202611,0,0.10209902038100667
13562,202611,0,0.10224282965736951
13566,202611,0,0.14145518372351917
13574,202611,0,0.09931429641228091
13576,202611,0,0.1337740684558508
13577,202611,0,0.17801089127882422
13580,202611,0,0.10830763971676192
13586,202611,0,0.14988167979293307
13588,202611,1,0.16953203874390413
13597,202611,1,0.1374969064388514
13598,202611,0,0.17121551154967113
13600,202611,0,0.11969717542556059
13602,202611,0,0.09537291366088357
13604,202611,0,0.11315008119843628
13608,202611,1,0.09610247716498428
13616,202611,0,0.15326323392324692
13619,202611,1,0.19190245959862962
13623,202611,0,0.10463729086603835
13627,202611,0,0.19270551804982455
13628,202611,1,0.14480663718807749
13630,202611,0,0.10004815240950188
13631,202611,1,0.13740129685633962
13633,202611,0,0.14682211009058407
13635,202611,0,0.14007542365032907
13636,202611,0,0.15216176667546957
13640,202611,0,0.13563235952972558
13642,202611,0,0.2124511706808401
13647,202611,0,0.13928183697150207
13648,202611,0,0.2551021957844984
13650,202611,1,0.18464015854004062
13652,202611,0,0.11306003081101097
13659,202611,0,0.08776366584207168
13660,202611,0,0.08266889078348591
13661,202611,1,0.11879500243335617
13663,202611,1,0.24906002490253626
13666,202611,0,0.1342806680859624
13667,202611,0,0.09237093629045176
13672,202611,0,0.09554865590493158
13673,202611,0,0.13737692442851931
13675,202611,0,0.06849529586274361
13678,202611,0,0.13472608334619215
13682,202611,0,0.1497603772287771
13684,202611,0,0.08673168523001383
13689,202611,0,0.12196631949236304
13690,202611,0,0.10657118151095732
13696,202611,0,0.14994688929256064
13706,202611,0,0.1355300302096029
13710,202611,0,0.23991893024906302
13711,202611,0,0.13571737549192447
13712,202611,0,0.14800497808239574
13717,202611,0,0.06376536801162702
13718,202611,0,0.07251856167035546
13719,202611,0,0.1037690526995218
13720,202611,0,0.13673440882579332
13722,202611,0,0.11604786809704347
13723,202611,0,0.15213091990725824
13726,202611,0,0.0991789185672534
13733,202611,0,0.06290356573752107
13737,202611,1,0.07618824561437268
13739,202611,0,0.15598282806356673
13743,202611,0,0.14909959138928128
13750,202611,0,0.07068609329303017
13751,202611,0,0.08555248147265317
13752,202611,1,0.1439672470110364
13754,202611,0,0.24272131458827145
13756,202611,0,0.07842928122794063
13760,202611,0,0.07133362102958242
13762,202611,0,0.1012310633065843
13763,202611,0,0.11938953283370794
13766,202611,0,0.0713880182091248
13767,202611,0,0.07805248145197938
13769,202611,0,0.13171051324557187
13770,202611,0,0.10474100666994407
13774,202611,0,0.18514856521212225
13776,202611,0,0.10270403388697685
13780,202611,0,0.09369545807833748
13781,202611,1,0.14171125500337606
13782,202611,1,0.1782336765814739
13784,202611,0,0.07214352155049288
13789,202611,0,0.11908350019272482
13790,202611,0,0.15793707589165376
13792,202611,0,0.12308703847893167
13795,202611,0,0.13697796044499258
13797,202611,0,0.11225847945901127
13800,202611,0,0.09197129481611845
13804,202611,0,0.10351487699965962
13806,202611,1,0.10466438498005876
13809,202611,1,0.0989063451825526
13815,202611,0,0.11387670934766626
13816,202611,0,0.16785252290592034
13817,202611,0,0.1654540535123563
13820,202611,0,0.13930891885587965
13821,202611,1,0.11488195348628034
13824,202611,0,0.18047701238357391
13830,202611,0,0.12073302285561706
13838,202611,0,0.12047972792596956
13840,202611,0,0.06518232504077368
13841,202611,0,0.0724131569086121
13842,202611,0,0.12435103633424965
13843,202611,0,0.06276936265078142
13849,202611,0,0.14974978283958565
13850,202611,1,0.14514395783869388
13852,202611,0,0.14650501100560884
13855,202611,0,0.06438261415286059
13858,202611,0,0.13677835337486402
13863,202611,0,0.06376849790725597
13871,202611,0,0.16534312871237902
13872,202611,0,0.1267071118219271
13873,202611,0,0.09109279894088379
13874,202611,0,0.1162699996169761
13877,202611,0,0.14621955451262478
13878,202611,1,0.1348677501267055
13879,202611,0,0.1517984929155583
13885,202611,0,0.16746327018786805
13886,202611,0,0.16524315934883413
13892,202611,0,0.056459129724407406
13895,202611,0,0.07953443765981415
13906,202611,0,0.17823647591508684
13907,202611,0,0.13281831437148506
13908,202611,0,0.07796203977479019
13909,202611,0,0.08903466824093413
13911,202611,0,0.07643599516496132
13914,202611,1,0.10258223436162547
13918,202611,0,0.1573108869740191
13919,202611,0,0.1560717008773771
13923,202611,1,0.14514844853808714
13927,202611,0,0.19525274714001684
13930,202611,0,0.08885104460686036
13931,202611,0,0.11070458378539981
13933,202611,0,0.15386336728412733
13935,202611,1,0.14702235325462265
13938,202611,0,0.17044842758257162
13943,202611,0,0.0781212174180484
13944,202611,0,0.07456750954684586
13946,202611,0,0.13757239197877738
13949,202611,0,0.10425215728500906
13950,202611,1,0.08352216591671109
13952,202611,0,0.20135134275543595
13957,202611,0,0.20094825932285934
13958,202611,0,0.06386509673354374
13965,202611,0,0.06251819579322726
13970,202611,0,0.05684852784968208
13972,202611,0,0.15157255351496318
13981,202611,0,0.15403412873260514
13983,202611,0,0.10680204747824247
13984,202611,1,0.13473843129044497
13985,202611,0,0.09821548303949895
13986,202611,0,0.1389857394916698
13991,202611,1,0.0875109321759207
13992,202611,1,0.16298686020338315
13993,202611,0,0.07141948180705336
13995,202611,0,0.08801599172622862
13998,202611,0,0.09002087946154155
14000,202611,0,0.0739667286365363
14002,202611,0,0.06742254775553262
14003,202611,0,0.07646555869122691
14006,202611,1,0.17515586300578442
14011,202611,1,0.07079663625694066
14019,202611,0,0.1644606594714117
14020,202611,1,0.12761836112337666
14021,202611,0,0.22044158102811282
14022,202611,1,0.08155967298223112
14026,202611,0,0.14270333456070594
14031,202611,0,0.09782167396304797
14032,202611,0,0.1568612904935504
14034,202611,0,0.10439054546258973
14035,202611,0,0.10396775527116818
14043,202611,0,0.06358661281030376
14046,202611,0,0.13820786312424915
14048,202611,0,0.14907939782793192
14056,202611,1,0.12652567960404196
14057,202611,0,0.08699573872691481
14062,202611,1,0.1004251898802081
14065,202611,0,0.09476127253323514
14067,202611,0,0.0957357315901935
14082,202611,0,0.06876504303223273
14083,202611,1,0.12035405122967782
14086,202611,0,0.08259489793585734
14094,202611,1,0.1810928796140263
14102,202611,1,0.08301300720811845
14103,202611,0,0.21788598607704207
14104,202611,0,0.2238286513925067
14106,202611,0,0.18021029777675332
14107,202611,0,0.12976854496760254
14109,202611,1,0.14713229591600271
14111,202611,0,0.07796033563203061
14113,202611,1,0.11107535087088881
14115,202611,1,0.10173543006267959
14116,202611,0,0.0599264406576731
14118,202611,0,0.06000316614126604
14119,202611,0,0.1449794051969602
14122,202611,0,0.07586486912139043
14123,202611,0,0.12202199381919296
14124,202611,0,0.07925854393213752
14125,202611,0,0.1397514661116136
14126,202611,0,0.16935312637533295
14127,202611,0,0.09955813089822539
14133,202611,0,0.11012737807670481
14137,202611,0,0.13312170519557057
14139,202611,0,0.06791413133091363
14143,202611,0,0.0942425909113824
14148,202611,0,0.13429359716110026
14149,202611,0,0.10210541229469165
14150,202611,0,0.06403346220640323
14162,202611,0,0.09361943341474528
14163,202611,0,0.11840081300674693
14164,202611,0,0.11965694316343484
14169,202611,1,0.10584817993343852
14173,202611,0,0.11606938708651399
14174,202611,0,0.17080259218716476
14178,202611,0,0.14531539332587884
14181,202611,0,0.07184045685743465
14186,202611,0,0.09029152120775086
14187,202611,0,0.1201233928308863
14188,202611,0,0.11627977382549017
14190,202611,1,0.05911162024497755
14192,202611,0,0.16423498373611062
14193,202611,0,0.13486214810334493
14195,202611,1,0.14863234597669656
14198,202611,0,0.18115090156060276
14200,202611,0,0.15632597470534665
14201,202611,0,0.12697603247749537
14208,202611,0,0.17213468603678567
14212,202611,1,0.15777541140162596
14214,202611,0,0.1038919145260966
14220,202611,0,0.09454387495402672
14224,202611,0,0.13828812982285973
14229,202611,0,0.09956998146901139
14232,202611,1,0.14144173849121636
14233,202611,0,0.07314995719584001
14235,202611,1,0.14380391370110437
14241,202611,0,0.0706915461719441
14242,202611,0,0.15685178777399417
14246,202611,0,0.09885492187824135
14247,202611,0,0.1036483249974405
14250,202611,0,0.10137798779704074
14251,202611,0,0.17856442272440395
14254,202611,0,0.14646982445217052
14257,202611,0,0.10768132848730032
14259,202611,0,0.08669434503191945
14261,202611,0,0.06285149295368014
14262,202611,1,0.12198690641385626
14267,202611,1,0.13041261019843572
14281,202611,0,0.06578201049283362
14282,202611,0,0.13358746522747292
14285,202611,0,0.0787526642349995
14286,202611,0,0.16072534098339408
14292,202611,1,0.14466784749597492
14293,202611,0,0.1433915826468377
14294,202611,1,0.22165268583918815
14296,202611,1,0.18716242398832916
14297,202611,0,0.07727192049057874
14298,202611,0,0.08067971994427439
14301,202611,0,0.06050561580611527
14308,202611,0,0.13225447995487533
14311,202611,0,0.13315722793903614
14313,202611,0,0.18254387147157233
14314,202611,0,0.0733445789793367
14315,202611,0,0.05993969425105317
14318,202611,1,0.1517047659427918
14320,202611,0,0.1450301156667625
14325,202611,0,0.06159804243994244
14333,202611,0,0.13136742920917788
14336,202611,0,0.09710842450493005
14338,202611,0,0.13019919410929356
14340,202611,1,0.14090355932835677
14344,202611,1,0.20960670937116616
14354,202611,0,0.0920250917626962
14359,202611,0,0.11043453173099144
14361,202611,0,0.08686636444258986
14362,202611,0,0.14085455184612986
14363,202611,0,0.1849360861937242
14367,202611,1,0.14079475661107335
14369,202611,0,0.10314470614170515
14370,202611,0,0.1979142890354951
14376,202611,0,0.11126289025635333
14382,202611,0,0.22043883389029814
14387,202611,0,0.1365924533013257
14389,202611,0,0.14750346952259039
14390,202611,0,0.1236421481070656
14392,202611,0,0.12503076678471056
14393,202611,0,0.10025736851149719
14396,202611,0,0.08867118839425173
14407,202611,0,0.11195538555639135
14410,202611,1,0.12418031450057739
14412,202611,0,0.15109908340993708
14413,202611,0,0.12786652728877113
14414,202611,0,0.052685322584374625
14416,202611,0,0.12870147468828547
14417,202611,0,0.13906618798092915
14420,202611,1,0.10742086880801
14423,202611,0,0.1636072966866482
14427,202611,0,0.16924739431992317
14430,202611,0,0.20536649699103068
14433,202611,0,0.12321848753014071
14434,202611,0,0.09804057887392875
14435,202611,0,0.18073221341070633
14436,202611,0,0.10997723517799599
14438,202611,0,0.06489360781415035
14439,202611,0,0.09949415302215084
14442,202611,0,0.13314200284677166
14443,202611,1,0.15293143502708975
14444,202611,0,0.09532942728698757
14446,202611,0,0.11327757600678595
14448,202611,1,0.18346386173224213
14449,202611,0,0.19594160992104476
14451,202611,0,0.11591900231739252
14459,202611,0,0.1650997186436591
14464,202611,0,0.12445075244207435
14466,202611,1,0.11735314143427533
14467,202611,0,0.07820809899366284
14469,202611,0,0.13695335705155517
14470,202611,0,0.09301772595894363
14471,202611,0,0.12341182240046322
14476,202611,0,0.06746951166754717
14477,202611,0,0.14633038590014213
14479,202611,0,0.06533244218248474
14480,202611,0,0.16965407594023404
14481,202611,0,0.0628645918872552
14484,202611,1,0.12162932613960781
14485,202611,0,0.06404413037131106
14486,202611,0,0.12046257834941361
14488,202611,1,0.16767224437184483
14493,202611,0,0.1281807464101069
14499,202611,1,0.1079748008445378
14504,202611,0,0.18031117454287635
14508,202611,0,0.11322756703152266
14509,202611,0,0.09682374428194468
14510,202611,1,0.18064105009278408
14516,202611,0,0.16692838256676518
14520,202611,0,0.12991884911047608
14522,202611,0,0.14145856398178805
14523,202611,0,0.09147868457698866
14529,202611,0,0.17661981276962224
14532,202611,0,0.07092451054107445
14537,202611,0,0.05353430410978282
14538,202611,1,0.11482531888402982
14540,202611,0,0.12184038721553762
14541,202611,0,0.08708721718767569
14542,202611,1,0.1956298819751547
14544,202611,0,0.14607855903645509
14548,202611,0,0.06364568226859348
14550,202611,0,0.1699815609090469
14551,202611,1,0.13405371496324311
14554,202611,0,0.08793527234368585
14555,202611,0,0.08563018003747948
14563,202611,1,0.12871172726313254
14564,202611,0,0.1466254152922107
14571,202611,0,0.12395385626434748
14572,202611,0,0.15743811812258926
14574,202611,1,0.16095871143854054
14576,202611,0,0.07746884329885009
14580,202611,0,0.08934905357513913
14581,202611,0,0.11472399759141896
14582,202611,0,0.17438197746975653
14583,202611,0,0.0815123024778368
14586,202611,0,0.1239282468976832
14591,202611,0,0.13129652086135002
14593,202611,0,0.1663049687365485
14594,202611,0,0.12853273996457035
14599,202611,1,0.11166141804002014
14601,202611,0,0.1300411563478918
14602,202611,0,0.07003945100957981
14603,202611,1,0.15794316800758612
14604,202611,0,0.17848828974862768
14610,202611,0,0.18555817724520454
14617,202611,1,0.20237398564574127
14618,202611,1,0.10163332435056927
14620,202611,0,0.11134916775668205
14622,202611,0,0.14820480361505445
14628,202611,0,0.06290744943944292
14629,202611,0,0.19523668045549647
14630,202611,0,0.12269697537963092
14632,202611,0,0.23703386260702783
14634,202611,0,0.12918353364986948
14640,202611,1,0.16579168905767672
14646,202611,0,0.08349853558966963
14648,202611,0,0.06591371417611203
14650,202611,1,0.16556610058494642
14651,202611,0,0.13494088315340735
14658,202611,0,0.2164749515841864
14661,202611,0,0.1463251759729534
14666,202611,0,0.0554511979883774
14672,202611,0,0.13220184369279894
14673,202611,0,0.07645903246559078
14675,202611,1,0.17196855809055023
14678,202611,1,0.15988563089223856
14680,202611,0,0.11029284625582662
14685,202611,0,0.19790676989925277
14688,202611,0,0.088281831990672
14692,202611,1,0.13205197307909097
14694,202611,0,0.13466715861647788
14695,202611,0,0.1912689109733998
14702,202611,0,0.1443779197446644
14705,202611,0,0.06052866881692833
14706,202611,0,0.1382896599877683
14707,202611,0,0.13119990944118784
14711,202611,0,0.16549710651373462
14713,202611,0,0.0782403391661958
14714,202611,0,0.13956215483596132
14717,202611,0,0.15985444635814813
14721,202611,1,0.15134398454327444
14722,202611,0,0.16961112884516982
14726,202611,0,0.13975374468762194
14735,202611,0,0.07457572269795237
14736,202611,0,0.1735016787518455
14742,202611,0,0.18922545501154664
14744,202611,0,0.2699653301338099
14746,202611,0,0.15461173817895563
14748,202611,0,0.14546079018262634
14751,202611,0,0.11987637899926169
14753,202611,0,0.1677335985721973
14754,202611,0,0.14999114623837573
14755,202611,1,0.10805981068163889
14759,202611,0,0.166278732476861
14764,202611,0,0.15775591324689922
14766,202611,0,0.16389623303949596
14767,202611,0,0.19833171380871695
14768,202611,0,0.1230019414449227
14770,202611,0,0.11491343699631051
14773,202611,0,0.18268690413260708
14777,202611,0,0.1187593796529331
14778,202611,0,0.1123791044105878
14779,202611,0,0.08741071187405283
14782,202611,0,0.13112732030106772
14783,202611,0,0.16799059932377103
14784,202611,0,0.12155553317145071
14791,202611,1,0.17908238136715296
14793,202611,0,0.08298825708654914
14794,202611,1,0.20028734456542155
14795,202611,0,0.11482918231421547
14796,202611,1,0.26835092480065825
14797,202611,0,0.11759363513490671
14800,202611,0,0.06734581419979876
14802,202611,0,0.11069496811093207
14803,202611,0,0.05020903156195182
14805,202611,0,0.1772626994672143
14808,202611,0,0.20026505013892798
14809,202611,0,0.07772812634123365
14812,202611,0,0.2267928891858037
14813,202611,0,0.16968027363571253
14814,202611,0,0.08013014781275041
14818,202611,0,0.18445107768693147
14819,202611,0,0.07385082672543532
14820,202611,0,0.06463457383293168
14821,202611,0,0.20451928142918332
14822,202611,0,0.13044585959672886
14824,202611,1,0.20595021818764309
14826,202611,0,0.16513829043834757
14827,202611,0,0.10713282319603844
14831,202611,0,0.1592020287972338
14832,202611,0,0.14627429109561702
14834,202611,1,0.19178698070773337
14839,202611,0,0.1488215070635831
14841,202611,1,0.10247426510226995
14842,202611,0,0.15613263363902197
14848,202611,0,0.08872173060564488
14849,202611,0,0.07542617877856504
14852,202611,1,0.148091950205962
14855,202611,0,0.12635293663309885
14856,202611,0,0.16452049150726814
14865,202611,0,0.1011733703462899
14866,202611,0,0.10959537112823259
14869,202611,0,0.11485848970924697
14873,202611,0,0.1677601283919744
14877,202611,0,0.12659390947398652
14878,202611,1,0.13415584861538582
14881,202611,0,0.08294637936739467
14882,202611,0,0.21063639166236472
14883,202611,0,0.11863100909177629
14885,202611,0,0.16368117986525807
14889,202611,0,0.18407923150008712
14890,202611,0,0.146985784347163
14892,202611,0,0.08633023394236557
14893,202611,0,0.05764222938619804
14894,202611,0,0.0799138291880406
14895,202611,1,0.08713270896328025
14897,202611,0,0.11411958831124963
14901,202611,0,0.07087457998266951
14904,202611,0,0.05294246325370759
14908,202611,0,0.11861795141592404
14909,202611,1,0.1667760935132662
14910,202611,1,0.08586961899307949
14914,202611,0,0.13777009285063327
14916,202611,0,0.11280458672176992
14917,202611,0,0.07146872609507185
14918,202611,0,0.091731953946426
14919,202611,1,0.20739286564763385
14923,202611,0,0.14129865139283768
14927,202611,0,0.11824187020712036
14928,202611,1,0.06751614674769682
14929,202611,0,0.1374268488314371
14931,202611,0,0.13227176505938365
14934,202611,1,0.12721476555577255
14935,202611,0,0.1571039559830751
14948,202611,0,0.20951505631421463
14950,202611,0,0.12209817292674208
14951,202611,0,0.1398937231725683
14952,202611,0,0.07662494426632836
14954,202611,0,0.19093938556378184
14960,202611,0,0.08484681512552938
14962,202611,0,0.06242770335177275
14970,202611,0,0.11460233158646584
14973,202611,0,0.11379213350991849
14976,202611,0,0.18483775599523722
14978,202611,0,0.10905245161191264
14979,202611,1,0.13782244548336436
14982,202611,0,0.12059952605149682
14985,202611,0,0.06341757887474396
14986,202611,0,0.09909020325133998
14987,202611,0,0.1354893544070281
14988,202611,0,0.16206321994554995
14991,202611,0,0.10250092772725648
14994,202611,1,0.21223555987096254
14996,202611,1,0.16587203865061625
14997,202611,0,0.13981711454012813
14998,202611,0,0.12999601543461053
14999,202611,0,0.1510836617796653
15000,202611,0,0.12423892595365292
15003,202611,1,0.09340289319403411
15005,202611,0,0.1744061816850215
15006,202611,0,0.1150745981251097
15009,202611,0,0.18586211541834924
15012,202611,1,0.1852041070224562
15015,202611,0,0.08918202315535084
15018,202611,0,0.1461139901013874
15029,202611,0,0.20956244678548913
15036,202611,1,0.13871657683098287
15037,202611,0,0.18427197930072534
15040,202611,1,0.16152723038328595
15041,202611,0,0.150753667432817
15042,202611,0,0.1344282420754598
15046,202611,1,0.1660070298464018
15047,202611,0,0.14647890120886234
15050,202611,0,0.15049944998369646
15053,202611,0,0.15466033619785505
15056,202611,0,0.16990725333017148
15057,202611,0,0.1870291832113366
15058,202611,0,0.13247561923209136
15060,202611,0,0.07049164874944856
15061,202611,1,0.16261272950370806
15062,202611,0,0.15449153352128336
15066,202611,0,0.11578559197704966
15067,202611,0,0.18792219611865402
15068,202611,0,0.08566742139933393
15069,202611,0,0.08835094178785063
15072,202611,0,0.1361177122049313
15077,202611,0,0.13340679040062728
15089,202611,0,0.15602991618477663
15093,202611,0,0.1455157278075116
15096,202611,1,0.16398314892000276
15097,202611,1,0.059617359352347084
15099,202611,0,0.10284798168041646
15101,202611,0,0.1862183577124399
15103,202611,0,0.17588857966886987
15104,202611,0,0.13276571475507995
15105,202611,0,0.11857156221757463
15108,202611,0,0.10645559375643744
15109,202611,0,0.0941873073546133
15112,202611,0,0.12067629350912984
15114,202611,0,0.15200639909994754
15117,202611,0,0.06002490497113251
15122,202611,0,0.11184975837189536
15126,202611,1,0.13156088116304399
15128,202611,1,0.0931890779260334
15129,202611,1,0.12769511154801552
15130,202611,0,0.05185528652260162
15132,202611,0,0.07262110658854758
15133,202611,0,0.10058486142556247
15134,202611,0,0.077920622185547
15136,202611,0,0.1500033022593248
15137,202611,0,0.16599666816025066
15139,202611,1,0.12055085230221355
15142,202611,0,0.11418507466144387
15145,202611,0,0.09047379042205574
15146,202611,0,0.08683102604358992
15147,202611,0,0.12999066652333918
15150,202611,0,0.17555797457078223
15159,202611,1,0.14385915066734423
15163,202611,0,0.15901044582377485
15165,202611,0,0.07209611040213765
15167,202611,0,0.11129598716342877
15168,202611,0,0.06554633671336119
15173,202611,0,0.13219482680438893
15181,202611,0,0.11678927149055336
15183,202611,0,0.1313896098846988
15185,202611,0,0.19127095071163913
15186,202611,0,0.17155495099465898
15189,202611,0,0.0814543034694213
15190,202611,0,0.08466985263049331
15191,202611,0,0.10711970949772154
15193,202611,0,0.16407794705665252
15196,202611,0,0.08318689864745553
15199,202611,0,0.16445169153455796
15200,202611,0,0.15111709087531444
15201,202611,0,0.17352285491504674
15204,202611,0,0.19594609946363237
15207,202611,0,0.08786224317482005
15209,202611,0,0.19289972136537475
15212,202611,0,0.09783742293580837
15213,202611,0,0.13498299593660157
15214,202611,0,0.1623337423715531
15215,202611,0,0.1611077656910544
15216,202611,0,0.17269141931418064
15222,202611,0,0.14160283083678815
15223,202611,0,0.0926524992107793
15224,202611,1,0.2153060022928235
15227,202611,1,0.09820648596390849
15231,202611,0,0.1332291925265082
15234,202611,1,0.11308822231560016
15236,202611,0,0.0837405484499014
15240,202611,0,0.18888039723679825
15241,202611,0,0.09402408864123289
15242,202611,0,0.20833764636213695
15243,202611,0,0.15875419183097866
15247,202611,0,0.153638960477142
15250,202611,0,0.11889237307352682
15253,202611,0,0.12664933499189088
15254,202611,0,0.13907775276899817
15255,202611,0,0.08983115989475514
15260,202611,0,0.07954223714286696
15265,202611,0,0.06978216844402174
15275,202611,0,0.12734763495629103
15280,202611,0,0.15286231081340546
15281,202611,0,0.16976190665406016
15282,202611,0,0.1991310293808404
15283,202611,0,0.21948431511797667
15284,202611,0,0.20250095385675546
15289,202611,1,0.15321206836590115
15292,202611,0,0.18355354597627802
15293,202611,0,0.08366062646493815
15300,202611,0,0.1673683779568772
15301,202611,0,0.13853503395307998
15302,202611,0,0.21239633266590766
15303,202611,0,0.13956126731281038
15306,202611,0,0.09825816674290021
15307,202611,1,0.18439197738869467
15310,202611,1,0.21319267469470268
15311,202611,0,0.1574007772634965
15313,202611,0,0.14926915181276187
15320,202611,0,0.12331310356576221
15322,202611,0,0.04591233847611796
15324,202611,0,0.12311847209269272
15327,202611,0,0.1778190768123286
15329,202611,0,0.12135297776706301
15340,202611,0,0.19919408382377424
15349,202611,0,0.09884839689223351
15355,202611,0,0.06578534370222267
15356,202611,0,0.1733493171612358
15359,202611,0,0.22244033633394172
15360,202611,0,0.102230585429826
15361,202611,0,0.11595878868092825
15364,202611,0,0.15393986515407088
15367,202611,0,0.10250910518877392
15368,202611,0,0.17516195171795645
15372,202611,0,0.20137601498289429
15373,202611,1,0.15310126859405615
15374,202611,0,0.07386026880436757
15377,202611,0,0.18693214994992774
15381,202611,1,0.13438894665363138
15383,202611,0,0.14205616822854572
15386,202611,0,0.06411767487965594
15387,202611,1,0.14037969210495888
15391,202611,0,0.16748863111731013
15394,202611,0,0.06253983536353316
15395,202611,0,0.1564847264740239
15396,202611,0,0.07899368840055795
15397,202611,0,0.1215780229367924
15399,202611,1,0.10426948409881337
15400,202611,0,0.10688265708980957
15404,202611,0,0.1373491466966666
15407,202611,1,0.08974622938585448
15408,202611,0,0.0981143533232539
15409,202611,0,0.06137241879578266
15411,202611,0,0.1919472547051081
15414,202611,0,0.1713131514538423
15416,202611,0,0.0973125202749509
15421,202611,0,0.10056633985265809
15423,202611,0,0.13477201673903202
15425,202611,0,0.05722382127478689
15426,202611,0,0.16528456304637032
15428,202611,0,0.15156329440864863
15429,202611,0,0.12958932271800927
15430,202611,1,0.17847187620382732
15437,202611,0,0.19395439978729115
15438,202611,0,0.07487977913736388
15449,202611,0,0.10120221389851264
15451,202611,1,0.14966146071417563
15455,202611,1,0.13921775737301825
15456,202611,0,0.16065261230054712
15459,202611,0,0.19124136049504295
15460,202611,0,0.137143586138143
15462,202611,1,0.1781378559425054
15465,202611,0,0.11157836372464465
15466,202611,0,0.0766759815639263
15467,202611,1,0.14032209352448236
15468,202611,0,0.08580170266670864
15469,202611,0,0.07778861305768575
15470,202611,0,0.0964499267751603
15473,202611,0,0.18062324834348165
15474,202611,0,0.0976893368544414
15484,202611,0,0.0978537377858728
15486,202611,0,0.15183544732509416
15488,202611,0,0.1013505254622051
15489,202611,0,0.07047103631397905
15493,202611,0,0.12747846834327023
15494,202611,0,0.10636501387474653
15511,202611,0,0.07015048004525519
15512,202611,0,0.17830331048712403
15517,202611,0,0.1898566199815736
15518,202611,0,0.14853579392704283
15522,202611,0,0.06433757350141349
15524,202611,0,0.11329838597945005
15526,202611,0,0.10703380918778592
15527,202611,0,0.1371932265029413
15528,202611,0,0.07201124925028606
15534,202611,0,0.11562615591056734
15537,202611,0,0.10694336780188235
15538,202611,0,0.1590212513941488
15541,202611,0,0.07353041182758417
15544,202611,0,0.13847359414312993
15545,202611,0,0.14535894245850278
15546,202611,0,0.08154899777566768
15547,202611,0,0.06533276606071349
15548,202611,0,0.1893370492117788
15549,202611,0,0.180653606293015
15550,202611,0,0.1212375135406273
15551,202611,0,0.11903831588334893
15552,202611,0,0.06954536263988557
15553,202611,0,0.06597392202191328
15562,202611,0,0.07448907706235468
15563,202611,0,0.22960118226370474
15564,202611,0,0.18626371528208022
15567,202611,0,0.1490598654414974
15568,202611,0,0.10404703118276555
15569,202611,0,0.07983154072503484
15573,202611,0,0.08357553012094063
15574,202611,0,0.10024913894959521
15579,202611,0,0.12598725746250256
15581,202611,0,0.06921197658657197
15582,202611,0,0.06658247601607295
15586,202611,0,0.17388845414535176
15589,202611,0,0.1553045163573819
15590,202611,1,0.09099420447757228
15591,202611,0,0.10681024135485387
15594,202611,0,0.08043545370253827
15596,202611,0,0.15395519284783934
15598,202611,0,0.10665281006921622
15600,202611,0,0.12068691454012878
15603,202611,0,0.17182690059483424
15609,202611,1,0.15695772047916093
15610,202611,1,0.15824960973946298
15613,202611,1,0.11652505914194491
15617,202611,0,0.048414871335840284
15619,202611,0,0.1750839945250381
15625,202611,0,0.10620980578370615
15633,202611,0,0.09029640686810235
15636,202611,0,0.1647982251897624
15637,202611,0,0.15598582525665244
15640,202611,0,0.12800336827378372
15641,202611,0,0.12639461305313726
15642,202611,0,0.08177337483923627
15643,202611,0,0.11569503105011489
15645,202611,1,0.15624961023365996
15650,202611,0,0.09527721197561882
15653,202611,0,0.0829208293615071
15655,202611,0,0.1912970643291377
15661,202611,0,0.1387529646237438
15663,202611,0,0.15858000771085604
15665,202611,0,0.07658417175476041
15667,202611,0,0.12914856446055278
15671,202611,0,0.07450364906810367
15673,202611,0,0.178201429007869
15676,202611,0,0.06858555257667927
15679,202611,0,0.1568681367877991
15680,202611,1,0.10633327600277656
15684,202611,0,0.19291607463043772
15685,202611,0,0.08359717768555369
15690,202611,0,0.08560783016221579
15695,202611,0,0.0900130387204086
15699,202611,0,0.28820389583935474
15701,202611,0,0.11673438716136889
15705,202611,0,0.19016830545618715
15709,202611,0,0.06775043434012189
15717,202611,0,0.14814022191003517
15718,202611,0,0.2197532561107153
15721,202611,1,0.207897868731653
15724,202611,0,0.17899383618180326
15725,202611,0,0.08213683297397535
15728,202611,0,0.14926783823078024
15729,202611,0,0.17195572426466837
15731,202611,0,0.13870023607173015
15732,202611,0,0.1192380077188858
15733,202611,0,0.13720361709686907
15739,202611,0,0.17285981521194524
15742,202611,0,0.06496209494164419
15743,202611,0,0.07689087871618404
15744,202611,0,0.07979661727896277
15745,202611,0,0.08407026285761167
15748,202611,0,0.10621122006825562
15751,202611,0,0.19233537119193786
15752,202611,0,0.14236727410705657
15760,202611,0,0.07940563314586853
15761,202611,0,0.07189312269694274
15764,202611,0,0.1310978246577576
15766,202611,0,0.2135282838284906
15770,202611,0,0.06035357374690647
15771,202611,1,0.14637552145091265
15773,202611,0,0.0856153409869661
15774,202611,1,0.16871616982683357
15777,202611,0,0.13551190895812826
15778,202611,0,0.21698869188626896
15780,202611,0,0.0969119020294038
15782,202611,0,0.19515535047592944
15783,202611,0,0.16992317409182453
15785,202611,0,0.13334053116186587
15787,202611,0,0.14391163304418586
15788,202611,0,0.2037900523055157
15789,202611,1,0.10339368295232441
15793,202611,0,0.16934425473612938
15795,202611,0,0.08629638941316796
15798,202611,0,0.22054540759186317
15801,202611,0,0.19379801905467614
15802,202611,1,0.07258328936734813
15804,202611,1,0.15351309505528657
15809,202611,0,0.14832383537537244
15810,202611,0,0.13013975787301701
15814,202611,0,0.13473132878676208
15831,202611,1,0.10774437152701981
15833,202611,0,0.21176479156197878
15835,202611,0,0.17657423797128194
15837,202611,0,0.05156237815349353
15841,202611,0,0.12165102787165015
15842,202611,0,0.09961725434638635
15845,202611,0,0.1278334104894909
15849,202611,0,0.07411447073112494
15850,202611,0,0.05603639973931446
15851,202611,0,0.058380948177971737
15853,202611,0,0.11951545697849884
15854,202611,0,0.1421283274553098
15857,202611,0,0.07250578951381419
15861,202611,0,0.21350968007406707
15862,202611,1,0.17952408073253182
15863,202611,1,0.15372178866271854
15868,202611,0,0.15698322459301464
15871,202611,0,0.1041430518440535
15873,202611,0,0.08125613763907148
15876,202611,0,0.13350641994686582
15880,202611,1,0.10655979518035552
15883,202611,0,0.1112684863773842
15884,202611,0,0.08920851489125944
15887,202611,0,0.1261157684549852
15888,202611,0,0.10305749334225704
15889,202611,1,0.10315366576542506
15890,202611,0,0.1545463551833471
15891,202611,0,0.17344411638896626
15892,202611,0,0.10741840885820031
15893,202611,0,0.08529012718659099
15897,202611,0,0.06439099849752453
15898,202611,0,0.1976992602150801
15902,202611,0,0.19342787880530707
15903,202611,0,0.07694084405371672
15904,202611,1,0.11236849852963597
15905,202611,0,0.1632754760180395
15910,202611,0,0.12409335161024213
15911,202611,0,0.13178012808367465
15912,202611,0,0.11544600406925315
15916,202611,0,0.07303376158055717
15917,202611,0,0.0706990105474932
15924,202611,0,0.18969363464587669
15930,202611,0,0.18215097262571778
15932,202611,0,0.1892532531868613
15937,202611,0,0.11125447099875214
15938,202611,1,0.12735612017259743
15940,202611,0,0.13374847804021756
15942,202611,0,0.14204521367060127
15943,202611,0,0.21832054504390894
15944,202611,1,0.0629942979562032
15945,202611,1,0.10335300975533734
15946,202611,0,0.11623901560261628
15948,202611,0,0.05935021219724228
15949,202611,0,0.07929247818875629
15952,202611,0,0.12176497361532972
15953,202611,1,0.16764457644694603
15954,202611,0,0.05552557282835316
15956,202611,0,0.11233617908711298
15957,202611,0,0.13734237465996424
15960,202611,0,0.0938533525892695
15962,202611,0,0.1230040941003794
15965,202611,0,0.09345549159402698
15968,202611,0,0.16293149234995818
15969,202611,0,0.16655007532674573
15975,202611,0,0.09160371808225241
15977,202611,0,0.22236301945289338
15982,202611,0,0.12327312392511584
15987,202611,1,0.19031567217515843
15988,202611,0,0.09002477028583257
15990,202611,0,0.09232274631494804
15991,202611,0,0.057449036875646085
15992,202611,0,0.12111207598259083
15993,202611,0,0.2491240831963854
15997,202611,0,0.1371590162683027
15998,202611,1,0.15392914048279271
16003,202611,0,0.1297015332382583
16009,202611,0,0.1480386903883155
16012,202611,1,0.15285098242969558
16014,202611,0,0.15648009215272862
16015,202611,0,0.12496816284672412
16016,202611,0,0.08362970833496935
16018,202611,1,0.17796878321795276
16019,202611,0,0.1314783189603558
16021,202611,1,0.13058512340768155
16026,202611,0,0.09532937879532213
16029,202611,0,0.1620360600154134
16030,202611,0,0.09615390079868481
16031,202611,0,0.07857296928080024
16032,202611,0,0.10597999202233069
16035,202611,1,0.1490573109907276
16037,202611,0,0.07631781544395982
16043,202611,1,0.12666557809800708
16045,202611,0,0.19267529911449846
16049,202611,0,0.1669565250481767
16051,202611,0,0.10151083317878183
16055,202611,0,0.22610971695481472
16061,202611,0,0.1734636912674038
16063,202611,1,0.11006092030758727
16064,202611,0,0.08986474711180766
16065,202611,0,0.08413993127734001
16076,202611,0,0.149031510693227
16078,202611,0,0.1871208129276336
16085,202611,0,0.13075100021527372
16087,202611,0,0.1292840894842177
16088,202611,0,0.15387076390978816
16091,202611,0,0.08298793485434441
16092,202611,0,0.1441187990823286
16093,202611,0,0.15816660277395175
16095,202611,0,0.16791640880186717
16101,202611,0,0.10829438994490433
16102,202611,0,0.21199014065429406
16110,202611,0,0.17844492554286828
16111,202611,0,0.1280080752065075
16113,202611,0,0.1740141728644286
16118,202611,0,0.18153766247123815
16121,202611,0,0.10442924333165525
16123,202611,0,0.14738755257455433
16127,202611,0,0.14988739213365043
16129,202611,0,0.06589848375829223
16130,202611,0,0.09673368913131526
16133,202611,0,0.09717334115384334
16135,202611,0,0.13062596160609136
16136,202611,0,0.11839505952801799
16137,202611,0,0.20070055432497316
16138,202611,0,0.06540890355054953
16140,202611,0,0.18793623126084252
16141,202611,0,0.15407070225411928
16142,202611,0,0.09586112151816761
16145,202611,0,0.16057368510075182
16147,202611,0,0.17143658323501113
16148,202611,0,0.2036898078042508
16149,202611,0,0.16500300622917652
16158,202611,1,0.15650125460404327
16163,202611,0,0.17096653548258978
16166,202611,0,0.06760051806051698
16169,202611,0,0.10473242249595865
16172,202611,0,0.1464548787438251
16173,202611,0,0.1712502612002811
16176,202611,0,0.12418086546077559
16177,202611,0,0.11622883337405396
16179,202611,0,0.1785749168455114
16181,202611,0,0.06190478348029422
16182,202611,0,0.25132159148711525
16192,202611,1,0.17491787386768323
16193,202611,1,0.10232073598972025
16197,202611,0,0.20222041931851129
16198,202611,0,0.13603774301355306
16199,202611,0,0.1228827341776655
16201,202611,1,0.14662361309537605
16203,202611,0,0.09486628371367109
16204,202611,0,0.145386376301376
16209,202611,1,0.17380249158933664
16218,202611,0,0.11601446377130917
16219,202611,0,0.19035722013976678
16220,202611,1,0.07116290591544912
16222,202611,1,0.1974498469268524
16226,202611,0,0.1797033960621027
16227,202611,0,0.10844696394105918
16228,202611,0,0.15530684458211927
16229,202611,0,0.15945663928741308
16230,202611,0,0.13521366005409488
16235,202611,0,0.13519367557015782
16237,202611,0,0.0782627574937935
16240,202611,0,0.103714898467573
16242,202611,0,0.12166622410589234
16246,202611,0,0.17921816640723448
16247,202611,0,0.14000391353588482
16248,202611,0,0.1285620642763368
16254,202611,0,0.2754186000124094
16256,202611,0,0.12728805035939522
16258,202611,0,0.10837114832704177
16260,202611,0,0.06387155719815099
16266,202611,0,0.18340157970836135
16270,202611,0,0.1493575547641568
16271,202611,0,0.14989306912385875
16272,202611,0,0.14874806982965938
16274,202611,0,0.15071710949881764
16275,202611,0,0.08334993096386577
16276,202611,0,0.0737485801336275
16277,202611,0,0.14903121662127172
16278,202611,0,0.09475861004472337
16279,202611,0,0.10762249666744293
16280,202611,0,0.18168650248185708
16283,202611,1,0.22121755101919685
16284,202611,0,0.08787176704278904
16286,202611,0,0.08341995489397638
16288,202611,0,0.13930783599724778
16293,202611,0,0.11631950908892914
16299,202611,0,0.1899359473403466
16300,202611,0,0.1640026245480036
16307,202611,0,0.13014493277435038
16314,202611,0,0.1557840631126512
16315,202611,0,0.13602117273491326
16319,202611,0,0.16872933173773583
16320,202611,0,0.1430370360946422
16321,202611,0,0.15529360819190996
16325,202611,0,0.068737840503836
16329,202611,0,0.0759631691465381
16333,202611,0,0.09750564608170746
16334,202611,1,0.11743425760123392
16335,202611,0,0.18343965315494656
16336,202611,0,0.16766056395336956
16338,202611,1,0.1396827517169471
16342,202611,0,0.14268813565483307
16343,202611,0,0.1481187462627856
16345,202611,1,0.10022542230327824
16346,202611,0,0.15505435998969694
16347,202611,0,0.11186744697376964
16348,202611,0,0.12732127512078617
16350,202611,0,0.08839187649969282
16352,202611,0,0.08561264366771225
16353,202611,1,0.05523145750262816
16354,202611,0,0.16842932804661434
16356,202611,0,0.1708668633818324
16357,202611,0,0.20801572179477637
16358,202611,0,0.11574209256157035
16362,202611,0,0.12594075028276785
16364,202611,0,0.08564693050673987
16367,202611,0,0.14350757532472105
16371,202611,0,0.10724475522512489
16374,202611,0,0.12863443900427346
16376,202611,0,0.13449398974499258
16377,202611,0,0.17839774757965535
16378,202611,0,0.16880401989408464
16381,202611,0,0.1214644513259013
16383,202611,1,0.1038057283107159
16384,202611,0,0.1411056264699292
16386,202611,0,0.1288149169940668
16388,202611,0,0.10421200765476162
16390,202611,1,0.15212729117249044
16391,202611,0,0.1832174292982836
16394,202611,0,0.13573617063876664
16397,202611,0,0.06624571829039613
16398,202611,0,0.15773953171103064
16400,202611,0,0.14709218409375535
16404,202611,0,0.1533148296229236
16409,202611,0,0.10405063147714858
16411,202611,0,0.1284044156836384
16414,202611,1,0.08860161268938495
16418,202611,0,0.2276007111088377
16420,202611,0,0.12333696288464663
16421,202611,0,0.15379865599695589
16425,202611,0,0.08773665171925756
16426,202611,0,0.14312284276452386
16429,202611,0,0.14546900563471205
16430,202611,0,0.08194843980622069
16431,202611,0,0.07982888310862665
16437,202611,0,0.08774163503574493
16438,202611,0,0.086135982201121
16439,202611,0,0.10824593815297714
16440,202611,0,0.0640812795839007
16441,202611,0,0.18019635318385674
16446,202611,1,0.08615667545951475
16451,202611,0,0.10172895394162261
16461,202611,0,0.10299694815115079
16464,202611,0,0.2609109025889526
16466,202611,0,0.17245493009482166
16467,202611,0,0.09761920202767331
16468,202611,0,0.13858797083773278
16469,202611,0,0.1479312026305403
16470,202611,0,0.11388599679792985
16477,202611,1,0.2961548477220838
16483,202611,0,0.19752341646644103
16487,202611,1,0.20578651463804723
16488,202611,0,0.08844961336321473
16490,202611,0,0.07112522101912902
16496,202611,0,0.14159069198605653
16502,202611,0,0.09546775457955826
16510,202611,1,0.10888093093305586
16511,202611,0,0.0708573310155103
16512,202611,0,0.1226630456243887
16513,202611,0,0.09087195310449042
16514,202611,0,0.05411441425236456
16515,202611,0,0.06647472686341495
16517,202611,0,0.11774549588329264
16519,202611,1,0.061244919200259144
16520,202611,0,0.08756132078611156
16525,202611,0,0.17585005606223997
16526,202611,1,0.21456155060317475
16529,202611,0,0.13393886010735898
16532,202611,0,0.14996573672022293
16533,202611,1,0.09365923607972429
16536,202611,0,0.22986079267784532
16540,202611,0,0.11417940569084632
16542,202611,0,0.13484565529275275
16544,202611,1,0.1734379209780318
16548,202611,0,0.11939103599631536
16549,202611,0,0.07759075297877169
16551,202611,0,0.322126614522933
16552,202611,0,0.11447177836882103
16557,202611,0,0.1311112107752651
16558,202611,0,0.10116966417980575
16559,202611,0,0.16230245071018498
16560,202611,1,0.1665205737417286
16561,202611,0,0.1623557880852741
16562,202611,0,0.1388303374595669
16564,202611,0,0.10279727747337618
16565,202611,1,0.1725693006046816
16566,202611,0,0.08968631933685971
16572,202611,0,0.17950571227547485
16573,202611,0,0.158453352291677
16574,202611,0,0.2224525927241525
16575,202611,0,0.06091772093815157
16579,202611,0,0.19489526677240868
16580,202611,1,0.21726443365172793
16582,202611,0,0.0887327869573928
16584,202611,0,0.13829343692349297
16586,202611,0,0.13387119087822705
16588,202611,0,0.12723626490968598
16595,202611,0,0.1451792273793393
16597,202611,0,0.08336912067395724
16600,202611,0,0.14829302717420398
16601,202611,0,0.09368644712637185
16606,202611,0,0.20857502931138902
16608,202611,0,0.08346560758290125
16611,202611,0,0.15393029109082723
16613,202611,0,0.15262801015229385
16615,202611,1,0.12343092959343994
16619,202611,0,0.17329414092636766
16622,202611,0,0.12939495940679657
16624,202611,0,0.14077460459092725
16626,202611,0,0.1885420020859263
16628,202611,0,0.14886349550997746
16629,202611,1,0.09057758446702616
16630,202611,0,0.13315529195062417
16631,202611,0,0.1407155939659677
16634,202611,0,0.13719777701468394
16638,202611,0,0.17019167109894384
16643,202611,0,0.10287990528304523
16645,202611,0,0.16083430155092127
16649,202611,0,0.07933954969206335
16651,202611,0,0.1676360702263806
16652,202611,0,0.1528722695245185
16653,202611,0,0.11200847315066287
16659,202611,1,0.15261362865915348
16660,202611,1,0.11097247346874824
16669,202611,0,0.15125481532869464
16672,202611,0,0.09919521340290521
16674,202611,1,0.17966815487482912
16677,202611,0,0.13632498357442713
16679,202611,0,0.1632524219652802
16680,202611,0,0.09899126292598191
16681,202611,0,0.07725099954653386
16684,202611,0,0.04640038141559936
16685,202611,0,0.12849447317451657
16686,202611,0,0.19314464378809537
16687,202611,1,0.1150240526384786
16688,202611,1,0.19239086734015448
16689,202611,0,0.0858461021177645
16690,202611,0,0.05666669634173387
16692,202611,0,0.11409645235719072
16693,202611,0,0.07021396421681707
16696,202611,0,0.09810411100305022
16697,202611,1,0.13549288550249688
16703,202611,0,0.16537537760903623
16704,202611,0,0.08061993533536523
16705,202611,1,0.16341308614715272
16707,202611,0,0.14457577484213036
16711,202611,0,0.08627738387746575
16713,202611,0,0.13306824603565162
16714,202611,0,0.33323416024275154
16716,202611,0,0.11935151869553222
16717,202611,0,0.12018645276427724
16718,202611,0,0.151000891818261
16719,202611,1,0.17341083966115486
16720,202611,0,0.0548234685942589
16723,202611,0,0.09575680773988862
16724,202611,0,0.20762087178054944
16728,202611,0,0.2723960461607439
16730,202611,0,0.1378291348703471
16735,202611,1,0.1801313062499816
16741,202611,1,0.12815923462376225
16742,202611,1,0.07713034293482718
16743,202611,0,0.13498536387588797
16744,202611,0,0.06565149225393596
16748,202611,0,0.13641867140336528
16750,202611,0,0.14497929455158556
16752,202611,0,0.16781777013135393
16753,202611,0,0.10843703834223653
16755,202611,0,0.15638155042496338
16756,202611,0,0.0586756116652709
16760,202611,0,0.14623710922971095
16764,202611,0,0.06271547241793067
16770,202611,1,0.18788893623533398
16771,202611,0,0.13812176979904567
16772,202611,0,0.19422070257519722
16776,202611,0,0.11940158253026328
16777,202611,0,0.09824814888042552
16780,202611,0,0.1409713826848361
16781,202611,0,0.1367414427219918
16788,202611,0,0.1327215549344212
16792,202611,0,0.1453878191534404
16794,202611,0,0.19566520902917492
16795,202611,0,0.06996310341009386
16796,202611,0,0.10214872301416085
16798,202611,0,0.09318380787346936
16801,202611,0,0.16442420585757422
16802,202611,0,0.08611049174163418
16803,202611,0,0.17965912677481413
16809,202611,1,0.17823611370847195
16815,202611,0,0.11725800467881761
16816,202611,0,0.10443313864929248
16818,202611,0,0.13654502453706008
16819,202611,0,0.1771374512443614
16820,202611,1,0.2008191425100959
16824,202611,0,0.13931218065572212
16829,202611,0,0.125426004342124
16833,202611,0,0.13621619867744436
16834,202611,0,0.10815261892503517
16846,202611,0,0.14941630503880154
16847,202611,0,0.17798839482401188
16848,202611,0,0.14651594937881535
16852,202611,0,0.10170760368049138
16853,202611,0,0.15197684347087864
16857,202611,0,0.13003565625689706
16858,202611,0,0.20020793484621188
16860,202611,1,0.16787518975712223
16861,202611,0,0.14510211328394362
16862,202611,0,0.16389220883162234
16867,202611,0,0.12987187952187734
16869,202611,0,0.1309665881605097
16870,202611,0,0.15146276132551106
16872,202611,0,0.11142847171781874
16876,202611,1,0.16178961123781602
16877,202611,0,0.14515281798664317
16883,202611,0,0.09202422737103215
16890,202611,0,0.06506615303379586
16893,202611,0,0.09123807718144912
16894,202611,0,0.09663904549763752
16897,202611,0,0.06962223275302756
16901,202611,0,0.11190130171944522
16902,202611,0,0.104725707890541
16906,202611,0,0.061253375394540344
16910,202611,0,0.06763555046588124
16911,202611,0,0.2208432518898305
16921,202611,0,0.06337460340895891
16923,202611,1,0.13689876129380688
16926,202611,0,0.2012407467669582
16928,202611,0,0.14024797940654476
16932,202611,0,0.18048580921266183
16933,202611,0,0.14028128242885243
16935,202611,0,0.1524909501540446
16943,202611,0,0.15946319647254575
16944,202611,1,0.16815309740673884
16947,202611,0,0.07635820072564742
16948,202611,0,0.14895172107156843
16949,202611,0,0.06035582470099462
16952,202611,1,0.2568527360578831
16953,202611,0,0.11078900053476157
16954,202611,0,0.13211921265474447
16956,202611,0,0.14098710481236265
16958,202611,0,0.1006315233805202
16959,202611,1,0.1040547798662231
16962,202611,0,0.12809979687225062
16969,202611,0,0.07735842313209568
16970,202611,0,0.08222168625309557
16972,202611,1,0.12609716506256835
16977,202611,1,0.13790289370943354
16979,202611,0,0.12523008608893374
16981,202611,0,0.15887459264831041
16983,202611,0,0.15642929750725346
16984,202611,0,0.12499245254014855
16985,202611,0,0.1122445836277003
16987,202611,0,0.19489623957051952
16989,202611,0,0.2023827518981965
16990,202611,0,0.1699417749505032
16992,202611,0,0.08433303442531384
16994,202611,1,0.23320742417890863
16995,202611,0,0.11861663379090352
16997,202611,0,0.17915400674154616
16999,202611,1,0.23110118236052105
17000,202611,0,0.1689450831576622
17002,202611,0,0.16272195439450277
17003,202611,0,0.170767350481928
17004,202611,1,0.29677962895006593
17006,202611,0,0.18115552360998902
17007,202611,0,0.18569305134843908
17008,202611,0,0.0643905078968513
17014,202611,0,0.11733663958292456
17015,202611,0,0.16445371328175304
17017,202611,1,0.1190827815321033
17018,202611,0,0.20243246324218508
17020,202611,0,0.10063834454087747
17023,202611,1,0.1478989987763106
17024,202611,0,0.21833792932772483
17026,202611,0,0.16387019514371964
17028,202611,0,0.1344497560352658
17035,202611,0,0.15347882268342408
17038,202611,0,0.12405012057852405
17039,202611,1,0.13717609187956242
17041,202611,0,0.21487635089117021
17046,202611,0,0.2005088651384965
17052,202611,0,0.14032308030361273
17053,202611,0,0.10681878093886998
17056,202611,0,0.12805423882464909
17057,202611,1,0.09307471260592133
17063,202611,0,0.11346762057448317
17067,202611,1,0.16553136768028626
17068,202611,0,0.13062681138123983
17073,202611,0,0.09404659107378945
17077,202611,0,0.15229757986681633
17078,202611,0,0.13422562867186505
17079,202611,1,0.1327224968470166
17081,202611,0,0.14714197758841463
17083,202611,0,0.14339386657226427
17085,202611,0,0.14970774896930725
17086,202611,0,0.15981612744485757
17087,202611,0,0.1235579385404411
17088,202611,0,0.1355408599640865
17090,202611,0,0.15507485322407055
17093,202611,0,0.05902414415893764
17094,202611,0,0.060817180310149675
17095,202611,0,0.09496769481328635
17096,202611,0,0.10218226896755707
17099,202611,0,0.17831975532013614
17101,202611,0,0.1579975869705304
17102,202611,0,0.1398080614659775
17104,202611,0,0.13035279010811818
17105,202611,0,0.144677168093127
17115,202611,0,0.11351559605518295
17116,202611,0,0.17400940527329634
17122,202611,0,0.06960432834681893
17123,202611,0,0.0579827046200608
17127,202611,0,0.15818519479573515
17128,202611,0,0.1596085654151232
17129,202611,1,0.1524267565426468
17131,202611,0,0.17841203889102517
17136,202611,0,0.10565461090286805
17140,202611,0,0.07918090370054576
17141,202611,0,0.11022610897189197
17146,202611,0,0.114545772131762
17147,202611,0,0.06100872178999165
17149,202611,0,0.14179951215465764
17155,202611,0,0.16046922905006422
17158,202611,0,0.1427495637211255
17159,202611,0,0.10747258968425191
17163,202611,0,0.1061462040434077
17164,202611,0,0.12415531633113468
17165,202611,0,0.13725751884819948
17167,202611,1,0.22312967155325164
17169,202611,0,0.16815211725898407
17170,202611,0,0.09740725362260898
17171,202611,0,0.17701792410549547
17172,202611,0,0.13662480272724067
17175,202611,0,0.2378152595722535
17177,202611,0,0.12600810597688994
17181,202611,0,0.09232020962485225
17183,202611,0,0.07713141221529388
17188,202611,0,0.1040432175982192
17189,202611,0,0.10703964675085767
17191,202611,0,0.09995877911225161
17192,202611,0,0.13483291988129087
17194,202611,0,0.1036375699895579
17210,202611,0,0.09104207475085002
17212,202611,0,0.16676287725122352
17219,202611,0,0.17420984143321638
17220,202611,0,0.1271182910469059
17225,202611,0,0.15806926222384088
17227,202611,0,0.12013915694830114
17228,202611,0,0.056065725160316986
17229,202611,0,0.06898033315903003
17231,202611,0,0.1607306502492244
17232,202611,0,0.12790863795488597
17233,202611,0,0.06347947089908465
17236,202611,1,0.11418195975740038
17237,202611,0,0.11455035962138617
17240,202611,0,0.16721395311591983
17241,202611,0,0.1727139922505388
17243,202611,0,0.14099329001389507
17246,202611,0,0.2857705011282502
17247,202611,0,0.07220830574309092
17251,202611,0,0.2998467626954209
17253,202611,0,0.08821946777814375
17254,202611,0,0.07483957618130997
17256,202611,0,0.06305395299563867
17257,202611,0,0.1442525812970148
17262,202611,0,0.08810391822101354
17267,202611,0,0.0996170229512693
17268,202611,0,0.10382355400101544
17269,202611,0,0.11298949029700074
17270,202611,0,0.13275987707076595
17271,202611,1,0.1218922140580368
17275,202611,0,0.13349456540994134
17276,202611,0,0.1861989460055357
17277,202611,0,0.2119147090632063
17279,202611,0,0.09348785254771418
17283,202611,0,0.0675402948655303
17285,202611,1,0.10964210760524148
17287,202611,0,0.1436000625022653
17288,202611,0,0.07033155544946323
17294,202611,0,0.11851198856922247
17295,202611,0,0.07567965638984445
17297,202611,1,0.14848635969738047
17298,202611,0,0.1372387722187651
17299,202611,1,0.202804247256397
17300,202611,0,0.06534306650668861
17302,202611,0,0.10103585448327332
17303,202611,0,0.13364444394458394
17305,202611,0,0.16015479508553526
17306,202611,1,0.1402021484095761
17307,202611,0,0.1848744349782892
17310,202611,0,0.09378025301571677
17312,202611,0,0.12442108155975651
17316,202611,0,0.10751711305633505
17317,202611,0,0.1110532561810962
17318,202611,0,0.07948546861382169
17320,202611,0,0.06591951950131597
17323,202611,0,0.14706991819691945
17324,202611,0,0.1062977438041338
17328,202611,0,0.16542919109664403
17330,202611,1,0.12592389666503348
17332,202611,0,0.17073521160697222
17333,202611,0,0.12196560499641781
17335,202611,0,0.12763250141455576
17338,202611,0,0.13322403836370184
17340,202611,0,0.1729893947554472
17341,202611,1,0.11831424703635122
17344,202611,0,0.16731844152941452
17345,202611,0,0.1906550648719927
17348,202611,1,0.2032577422721555
17349,202611,0,0.16547200514773613
17351,202611,0,0.1220961054810959
17352,202611,0,0.14578482060172462
17354,202611,0,0.11007918773892866
17356,202611,0,0.1537353706641032
17357,202611,0,0.19778363044735575
17360,202611,1,0.1983532734554295
17361,202611,0,0.0907449201451896
17362,202611,0,0.17802792989734276
17363,202611,0,0.20530957456329477
17365,202611,1,0.23388642822109929
17366,202611,0,0.1565134513071582
17367,202611,0,0.11403079956976461
17369,202611,0,0.1206275478279689
17371,202611,0,0.18077568803077107
17373,202611,0,0.16781043123187123
17378,202611,0,0.15920162495602866
17380,202611,0,0.1564902872383482
17381,202611,1,0.10267489282175576
17382,202611,0,0.1655515586526411
17383,202611,0,0.09890834137308942
17387,202611,0,0.15998653182293548
17389,202611,0,0.0919540230607861
17391,202611,0,0.08303130156379863
17398,202611,0,0.1424651468374887
17399,202611,1,0.17354119746422136
17402,202611,0,0.1216903120079424
17405,202611,0,0.20652970867854017
17407,202611,0,0.06837636921460079
17409,202611,0,0.11963414649449913
17411,202611,0,0.14735792914328294
17412,202611,0,0.06425664911736301
17413,202611,0,0.10658450538866482
17415,202611,0,0.14987663635292622
17420,202611,0,0.11406308153368239
17421,202611,0,0.0910637231567036
17422,202611,0,0.09159770660305816
17428,202611,0,0.13437358589967224
17430,202611,0,0.1438760420321934
17433,202611,0,0.11322167654462488
17435,202611,0,0.1497405174108385
17438,202611,0,0.09789581499723386
17440,202611,0,0.0766401274081571
17441,202611,1,0.23426377022225503
17442,202611,0,0.11814563953543612
17444,202611,0,0.16082704988547955
17448,202611,0,0.1380454643809566
17449,202611,0,0.1628648388175885
17462,202611,0,0.12430052299404797
17464,202611,0,0.12820842071287347
17466,202611,0,0.10125216501150251
17468,202611,0,0.19333266013158532
17469,202611,0,0.11384490528192287
17472,202611,0,0.0736909866302381
17473,202611,0,0.15130695529782237
17475,202611,0,0.15659117448745438
17479,202611,0,0.052003246343198244
17481,202611,0,0.11163397359219977
17482,202611,0,0.15858492160529716
17485,202611,0,0.05393852195903266
17486,202611,0,0.1700803905466589
17487,202611,1,0.1500195507300358
17488,202611,0,0.15261843945362463
17489,202611,0,0.12406295998701804
17490,202611,0,0.11711911128865117
17491,202611,0,0.09679168611929387
17492,202611,0,0.10773335374503766
17494,202611,0,0.06887129689809092
17497,202611,0,0.1820928716134443
17500,202611,0,0.12796007615522254
17506,202611,0,0.17261780300156354
17507,202611,0,0.11275281452684442
17508,202611,0,0.22258277618589042
17509,202611,1,0.16531325846579784
17510,202611,0,0.09527311107093783
17512,202611,0,0.18324365904028322
17513,202611,0,0.10346481053466165
17515,202611,0,0.16242524075092313
17519,202611,1,0.1910638642162932
17520,202611,0,0.18611704017176675
17521,202611,0,0.14688073073927568
17522,202611,0,0.17675600507825753
17523,202611,0,0.12804304251538834
17524,202611,0,0.13176734339244603
17530,202611,0,0.20935695622024314
17532,202611,1,0.07382345088521781
17535,202611,0,0.13189105027693998
17536,202611,0,0.08221003101621821
17545,202611,0,0.11438792943195318
17548,202611,0,0.18102956160903722
17549,202611,0,0.10584103376928604
17553,202611,0,0.18094544080350025
17555,202611,0,0.17479310689166494
17557,202611,0,0.12602524565663317
17558,202611,0,0.12765853391549853
17559,202611,0,0.15583095824682286
17562,202611,0,0.18554061522498363
17564,202611,0,0.07866666073524367
17565,202611,0,0.17556617655309895
17566,202611,0,0.19190915497732286
17567,202611,0,0.13006669422413664
17568,202611,0,0.08321351409884539
17569,202611,0,0.08514509050513178
17572,202611,0,0.07956464383926258
17573,202611,0,0.19099279115427065
17574,202611,1,0.16986541245091008
17575,202611,0,0.08662833566762669
17577,202611,0,0.1436259621923577
17578,202611,0,0.13079098369934994
17580,202611,0,0.09552642176055308
17581,202611,0,0.17245212115019046
17584,202611,1,0.08434187765142291
17585,202611,0,0.1490638791569794
17586,202611,0,0.13880216205876805
17591,202611,0,0.11890008815030934
17594,202611,0,0.15747553291553695
17596,202611,0,0.09433241030264258
17599,202611,0,0.1977674244257652
17602,202611,0,0.16394335858837228
17603,202611,0,0.1968418383267948
17606,202611,0,0.08935170200895906
17614,202611,0,0.1798240076710735
17621,202611,0,0.14270463444099074
17624,202611,0,0.18639404302099497
17626,202611,0,0.22102917746129888
17628,202611,0,0.06866977656091966
17629,202611,0,0.13137429536024844
17630,202611,0,0.19726210385487264
17631,202611,0,0.15386445714538394
17632,202611,1,0.17738871535723316
17633,202611,0,0.16649779114821214
17636,202611,0,0.1912982277418801
17641,202611,0,0.12972840889001883
17642,202611,0,0.21325145431884066
17645,202611,0,0.19383789496814802
17646,202611,0,0.20321746153405562
17650,202611,0,0.10863171540349656
17655,202611,0,0.15693394957930976
17659,202611,0,0.1056817272605131
17660,202611,0,0.14139272580531906
17662,202611,0,0.08082350315708282
17664,202611,0,0.11360709288154731
17671,202611,0,0.07374309460780498
17673,202611,0,0.1647881525350787
17676,202611,0,0.16274435759392442
17677,202611,1,0.16459754581486138
17679,202611,0,0.1668349881363026
17685,202611,0,0.1841965133479076
17694,202611,1,0.12213660103024279
17705,202611,0,0.18748510475472602
17706,202611,1,0.1604439781120717
17708,202611,0,0.13558905908895164
17711,202611,0,0.15895523920362667
17714,202611,0,0.20137646533580403
17715,202611,0,0.06532696344746558
17718,202611,1,0.097738547701024
17721,202611,0,0.1405839269464105
17724,202611,0,0.2097887583650249
17726,202611,0,0.17339594600823222
17728,202611,0,0.09791394234046816
17730,202611,0,0.13037459233550058
17732,202611,0,0.11061947077133742
17735,202611,0,0.2513067910708047
17737,202611,0,0.10565950715272085
17738,202611,0,0.18245185074376066
17739,202611,0,0.18240406116646324
17747,202611,0,0.14791540943243742
17749,202611,0,0.13576491743228117
17752,202611,0,0.12844681966112637
17753,202611,0,0.21483346049138483
17756,202611,0,0.0880412263446099
17757,202611,1,0.10835594747691688
17758,202611,0,0.11027197664831899
17760,202611,0,0.1598541111689808
17762,202611,0,0.07549631158914637
17763,202611,0,0.19082810220039575
17769,202611,0,0.0641742735816641
17773,202611,1,0.1849141734053423
17775,202611,0,0.15444160147717503
17776,202611,0,0.08152013457115154
17781,202611,0,0.17734639888901244
17782,202611,0,0.10182512768236264
17783,202611,0,0.05912893092283659
17784,202611,0,0.17542349983153685
17785,202611,0,0.1076893042132103
17797,202611,1,0.11788864440935432
17798,202611,0,0.09752801416963669
17799,202611,0,0.18320912749486723
17800,202611,0,0.2880091866011414
17803,202611,0,0.09624125913181689
17804,202611,0,0.08594042246638624
17805,202611,0,0.08607826678868492
17808,202611,0,0.10933726617355581
17815,202611,1,0.10598342156283315
17817,202611,0,0.1281471647162422
17823,202611,0,0.23893005868004005
17824,202611,0,0.1467080003361984
17825,202611,0,0.1419893983087439
17827,202611,0,0.08562454885378826
17828,202611,0,0.14112343386337642
17830,202611,1,0.12817442808291934
17831,202611,0,0.06675948630799479
17834,202611,0,0.1288120136532924
17835,202611,0,0.2781755174560362
17837,202611,0,0.13905724812067316
17838,202611,0,0.23155779633418383
17839,202611,0,0.10472186394736514
17843,202611,0,0.152857197018936
17846,202611,0,0.2308578385064515
17847,202611,0,0.15164822603756875
17848,202611,0,0.11726718346757345
17853,202611,0,0.12758944436012984
17856,202611,0,0.12390537490116749
17859,202611,0,0.10217086450286737
17863,202611,0,0.0977627139590543
17867,202611,1,0.09640654985921827
17868,202611,0,0.0817843200936505
17869,202611,0,0.09830519656248583
17870,202611,0,0.15130562408761478
17875,202611,0,0.08200128572137219
17876,202611,0,0.1551747226661606
17877,202611,0,0.16284796377995486
17879,202611,0,0.21261036932429375
17884,202611,0,0.1520438171754807
17885,202611,0,0.09464703554842885
17886,202611,0,0.08246678005160836
17890,202611,0,0.1693080419871383
17896,202611,1,0.09038627895250266
17897,202611,0,0.11341346396571261
17900,202611,0,0.07767394546520293
17901,202611,1,0.10031697536466139
17902,202611,0,0.1397899190141369
17903,202611,0,0.12594307686309225
17908,202611,0,0.15323218738888367
17914,202611,0,0.12899922402854935
17915,202611,0,0.1398442333772546
17916,202611,0,0.055015859844332826
17920,202611,0,0.16255179678292286
17921,202611,0,0.1945789392847558
17924,202611,0,0.11187100345116657
17925,202611,0,0.09628372072855436
17926,202611,0,0.09706426153282144
17927,202611,1,0.1204052473321703
17928,202611,0,0.16385954502981376
17930,202611,0,0.12171972925914595
17932,202611,0,0.10331237106403504
17933,202611,0,0.17152354437081
17935,202611,1,0.1617625995395361
17939,202611,0,0.18307058417317154
17941,202611,0,0.22003249304094175
17942,202611,1,0.20708561600526346
17943,202611,0,0.1682004919777119
17944,202611,1,0.1686791291971313
17947,202611,0,0.054130168291101455
17948,202611,0,0.10607449137479844
17950,202611,0,0.1536770062769942
17956,202611,0,0.13995941448532007
17957,202611,1,0.214510575989776
17959,202611,0,0.12293384418299974
17963,202611,1,0.12529373994927273
17964,202611,1,0.14677618847401064
17966,202611,1,0.10127031506298127
17968,202611,1,0.20088630864566512
17969,202611,1,0.18175720821772146
17970,202611,0,0.1858260767565927
17973,202611,0,0.12296190156578461
17974,202611,0,0.10006258164628438
17975,202611,0,0.11382610702557712
17976,202611,0,0.17473733715620812
17980,202611,0,0.13106319943257147
17986,202611,0,0.17341589672363092
17987,202611,0,0.09615942179795949
17990,202611,0,0.1725884896884054
17994,202611,0,0.12413178581024091
17999,202611,0,0.12542995183128858
18002,202611,0,0.07935826448477684
18003,202611,0,0.07567312350974491
18004,202611,1,0.2661836994195492
18005,202611,0,0.16345316449017855
18007,202611,0,0.16536102539302802
18008,202611,1,0.18932664739159755
18011,202611,1,0.14394948152721362
18013,202611,0,0.0732995145694191
18015,202611,0,0.08314971720516189
18016,202611,0,0.1309745450448868
18018,202611,0,0.12645619485475892
18019,202611,0,0.13888159697866392
18024,202611,1,0.08575044225852507
18026,202611,0,0.10167503241937528
18030,202611,0,0.14492737579920864
18032,202611,0,0.18267723130597147
18035,202611,0,0.1519983946183591
18039,202611,0,0.1558089309602455
18042,202611,0,0.1100604286232231
18044,202611,0,0.16122564089330937
18045,202611,0,0.14885097126434105
18046,202611,0,0.18037398003127714
18051,202611,1,0.10151851832296964
18052,202611,0,0.14310063805274417
18054,202611,0,0.10597973027767904
18055,202611,0,0.08799212946837892
18059,202611,0,0.11318730609840015
18064,202611,1,0.16708883502875502
18066,202611,0,0.11637915864183705
18072,202611,0,0.19432650204740423
18073,202611,0,0.0663132176042457
18077,202611,0,0.18964629363793062
18080,202611,1,0.11532523822387476
18081,202611,0,0.07461153154659299
18083,202611,0,0.131914765814384
18084,202611,0,0.12455890800221277
18085,202611,0,0.10686776742495789
18086,202611,0,0.15077454917865935
18087,202611,0,0.14248434607648552
18090,202611,1,0.08759098469725995
18092,202611,0,0.18265262800435114
18093,202611,0,0.12787624580070936
18095,202611,0,0.08447084590477544
18097,202611,0,0.13423813969389212
18100,202611,0,0.1967363956679885
18101,202611,0,0.07990191049805354
18102,202611,1,0.1394322174078567
18103,202611,0,0.18258991981007597
18104,202611,0,0.18174326286487175
18105,202611,0,0.14638077700212013
18109,202611,0,0.1099271381238594
18110,202611,0,0.20858395181766518
18113,202611,0,0.22001737336447558
18115,202611,1,0.10922919213996228
18117,202611,0,0.08266608629230211
18119,202611,0,0.12727384162393293
18126,202611,0,0.22234115764133053
18127,202611,0,0.065097787999652
18128,202611,0,0.05038564448165764
18129,202611,0,0.15269231518570156
18130,202611,0,0.13391154895088733
18136,202611,1,0.18184437103007184
18137,202611,0,0.34605765382723724
18138,202611,1,0.12535417728931236
18141,202611,1,0.18014882156637102
18142,202611,0,0.17800344849567254
18144,202611,0,0.05791507564707333
18145,202611,0,0.10934670539767244
18146,202611,0,0.1560216433393804
18149,202611,0,0.1956590556961685
18152,202611,0,0.06860661962224741
18153,202611,0,0.160014328872825
18154,202611,0,0.15087414453728804
18155,202611,0,0.15885146281489324
18156,202611,0,0.18631222446321466
18161,202611,0,0.1677025050897416
18163,202611,0,0.12246103538908701
18165,202611,0,0.0854900013104068
18166,202611,0,0.15192154179862324
18168,202611,0,0.1816771734278876
18172,202611,0,0.0713716980237256
18174,202611,0,0.22646478136301634
18176,202611,0,0.10535419731983835
18177,202611,0,0.1219866659580311
18179,202611,0,0.16473036768533927
18180,202611,1,0.18427569412925773
18181,202611,0,0.19840646647524965
18182,202611,0,0.0781161740329747
18183,202611,0,0.12150652069944161
18187,202611,0,0.1272365481946833
18188,202611,0,0.19200879317603137
18189,202611,0,0.10614346323345214
18194,202611,0,0.1543378286542018
18196,202611,0,0.12225604934769355
18197,202611,0,0.1777016382884377
18198,202611,0,0.1149319916100721
18199,202611,0,0.19708321556323474
18201,202611,0,0.18178169293759164
18203,202611,1,0.07440157989412523
18205,202611,0,0.11209448047007128
18206,202611,0,0.1569000811528596
18207,202611,0,0.17418397064093943
18210,202611,0,0.13251462917841766
18212,202611,0,0.13728802290935868
18213,202611,1,0.10242614274863555
18214,202611,0,0.14660238087212765
18215,202611,0,0.10568872448999071
18216,202611,0,0.16508873700318233
18220,202611,0,0.13665137314837353
18221,202611,0,0.20205028444940845
18222,202611,0,0.08018644535481835
18223,202611,0,0.243046309972135
18227,202611,0,0.19605640421546747
18228,202611,0,0.2036163425737344
18229,202611,0,0.0977492629404714
18232,202611,0,0.20626698367550067
18234,202611,0,0.13703096772829906
18235,202611,1,0.11242227515519104
18239,202611,0,0.14421935609625713
18242,202611,1,0.1478926091386779
18243,202611,0,0.1390323891277676
18244,202611,0,0.08023989963944722
18245,202611,0,0.21567856407882477
18246,202611,0,0.11647307142992536
18248,202611,0,0.14796602754004523
18249,202611,1,0.11962316703725943
18250,202611,0,0.2186044794676008
18252,202611,1,0.1336463118441366
18253,202611,0,0.3048262881793022
18254,202611,0,0.15483336280702273
18256,202611,0,0.14887044415555703
18257,202611,0,0.151066615306385
18262,202611,1,0.20338241098254342
18263,202611,0,0.06681828582575516
18264,202611,0,0.08153370707941746
18266,202611,0,0.16934941750818452
18267,202611,0,0.07969294982560594
18268,202611,0,0.13326555297975007
18269,202611,0,0.19203755269527972
18270,202611,0,0.17678606982409278
18271,202611,0,0.21273650483193704
18272,202611,0,0.13225668967421247
18273,202611,1,0.13116359940662417
18276,202611,0,0.12094800569341652
18277,202611,0,0.10446602401357792
18280,202611,0,0.1410992566751211
18282,202611,0,0.06573564375595818
18285,202611,0,0.18420891292840652
18288,202611,0,0.23586144088210204
18290,202611,1,0.13394169966656166
18291,202611,1,0.14016765582474894
18295,202611,0,0.08958673420216139
18296,202611,1,0.19729905319077626
18298,202611,0,0.11632383918290445
18300,202611,0,0.10015985323813287
18301,202611,0,0.13878630199221917
18302,202611,0,0.10303904632051503
18304,202611,0,0.10008912265100245
18305,202611,0,0.15359713762351587
18306,202611,0,0.17998156746898142
18307,202611,0,0.07967195718533918
18308,202611,0,0.08036211598778371
18309,202611,0,0.11691755861663654
18311,202611,0,0.19605967346877778
18313,202611,0,0.16498746972290748
18314,202611,0,0.16562016106177394
18317,202611,1,0.14113878040376718
18318,202611,0,0.20247808015208665
18320,202611,0,0.18061330545672147
18321,202611,0,0.11243039002558199
18325,202611,1,0.20212156092902578
18326,202611,1,0.13152342191783514
18330,202611,0,0.15505756992687544
18334,202611,0,0.10996302389250057
18336,202611,0,0.05547696468949548
18337,202611,0,0.09734126688964925
18338,202611,0,0.13195638120506709
18339,202611,0,0.1528096037988186
18341,202611,0,0.21290876856305288
18347,202611,0,0.10260879511924836
18354,202611,0,0.08890130663951894
18355,202611,0,0.06256597699303545
18356,202611,0,0.1313875774691035
18358,202611,0,0.1447367297363594
18360,202611,0,0.18346419446757642
18361,202611,0,0.12422267296995734
18363,202611,0,0.168748318022923
18364,202611,0,0.19141543717998538
18367,202611,0,0.13288519484375877
18368,202611,1,0.07977722935418607
18380,202611,0,0.0650392176239257
18383,202611,0,0.11353544818843943
18384,202611,0,0.10288099541733797
18385,202611,0,0.19508846152208664
18386,202611,1,0.12996770835507432
18387,202611,0,0.24535224365775865
18390,202611,0,0.13173812274072946
18391,202611,0,0.18572446308338308
18392,202611,0,0.1089023479582975
18395,202611,0,0.23552748891421765
18396,202611,0,0.18480159042089758
18397,202611,0,0.09178097687375411
18399,202611,0,0.20716356802366148
18400,202611,0,0.17435745191398258
18403,202611,0,0.1788457229994069
18404,202611,0,0.12460371057941284
18406,202611,0,0.13392931566254543
18407,202611,0,0.22577064072813535
18411,202611,1,0.18007775564709497
18412,202611,1,0.1471546895487949
18413,202611,0,0.14934702809036296
18415,202611,0,0.1528534567399457
18417,202611,0,0.14049313806249972
18418,202611,1,0.1424407309478013
18420,202611,0,0.09288100546697184
18422,202611,0,0.10253128663248054
18425,202611,0,0.11952280428048856
18426,202611,0,0.26940792128506874
18427,202611,0,0.07630371673807085
18428,202611,0,0.1633709647234769
18429,202611,0,0.13318355882275812
18430,202611,0,0.09553433970082241
18431,202611,0,0.1730444561926567
18432,202611,0,0.19894270103179534
18433,202611,0,0.31892011154608013
18435,202611,0,0.15702746158517658
18436,202611,0,0.13987319470200968
18437,202611,0,0.0683747470041208
18439,202611,0,0.12121322102266932
18440,202611,1,0.11589132174997395
18444,202611,0,0.15572065029893015
18446,202611,0,0.11493192389317132
18447,202611,1,0.1401999934531524
18448,202611,0,0.19616112160394136
18455,202611,0,0.12290128605776342
18457,202611,0,0.15385179251420913
18459,202611,0,0.1887134442457328
18460,202611,1,0.09767971919600442
18463,202611,0,0.21689983678061464
18464,202611,0,0.12752289829569452
18466,202611,1,0.177621896414063
18467,202611,0,0.13897428671987358
18469,202611,0,0.1638621482592518
18471,202611,0,0.06788013621696395
18475,202611,0,0.12913855099183957
18476,202611,0,0.07690718438699483
18477,202611,0,0.09970278559048247
18478,202611,1,0.1808759309798641
18483,202611,0,0.15856925922909232
18488,202611,0,0.2032849338553724
18489,202611,0,0.08957953603799629
18490,202611,0,0.1323436283436962
18492,202611,0,0.2790118889393357
18493,202611,0,0.15685048088979273
18494,202611,0,0.17577182130820215
18498,202611,0,0.08392692068177914
18502,202611,0,0.08545225910505065
18503,202611,0,0.08720334765419346
18504,202611,0,0.16523035905931904
18506,202611,0,0.12342208112347834
18507,202611,0,0.13119518272623557
18508,202611,0,0.14301678110430283
18512,202611,0,0.11837409797951985
18515,202611,0,0.06392905954795935
18517,202611,0,0.14474128361729505
18518,202611,0,0.13606680460640172
18520,202611,0,0.1389296699264686
18521,202611,0,0.10661315556688271
18522,202611,0,0.16924648042973858
18523,202611,0,0.11958942456560366
18524,202611,0,0.08247785427993665
18526,202611,1,0.20099960736265993
18530,202611,0,0.08874111904933309
18531,202611,0,0.13572251897261667
18532,202611,0,0.07099287408296458
18533,202611,0,0.1574185814359392
18534,202611,0,0.16878066212164938
18540,202611,0,0.09411827456849248
18542,202611,0,0.10339529069120304
18543,202611,0,0.11941570609076473
18544,202611,0,0.12327324808342252
18547,202611,0,0.12760801838736183
18549,202611,0,0.07674194646119845
18552,202611,0,0.12237300530531602
18553,202611,0,0.2019111653732884
18555,202611,0,0.1363465849463781
18558,202611,0,0.16213749388603615
18561,202611,1,0.1234276974421023
18565,202611,0,0.0890618830006346
18568,202611,0,0.223146858227341
18570,202611,1,0.11305116685748022
18572,202611,0,0.09967547355271318
18575,202611,0,0.16589073444871258
18576,202611,0,0.19044873746595814
18579,202611,0,0.13333609434928184
18581,202611,0,0.11844358579982885
18583,202611,0,0.09229575931899624
18584,202611,0,0.06738032431052099
18585,202611,0,0.07184048720035832
18590,202611,0,0.07475981808508618
18593,202611,1,0.17205513536136602
18594,202611,0,0.15460617626823916
18595,202611,0,0.11170943277556065
18598,202611,0,0.13585897465215924
18600,202611,0,0.19982939509783992
18601,202611,0,0.23978911593929766
18602,202611,0,0.10030166350991793
18603,202611,0,0.2082684767176037
18604,202611,0,0.06479422847399453
18610,202611,0,0.13121939741510913
18611,202611,0,0.15333564956428072
18612,202611,1,0.11070785299127628
18613,202611,1,0.12464864649887408
18615,202611,0,0.18719712282860537
18617,202611,0,0.16480792073766345
18619,202611,0,0.21946904081904442
18623,202611,0,0.09182247414070224
18627,202611,1,0.21505624728293238
18630,202611,0,0.13269767843082989
18631,202611,0,0.1618467770559727
18632,202611,0,0.06503441882031413
18633,202611,0,0.09002197315311618
18635,202611,1,0.30150492293329495
18637,202611,1,0.2761584410282318
18638,202611,0,0.17459541797307543
18639,202611,0,0.12342603967032582
18640,202611,0,0.13048533742371457
18641,202611,0,0.07220539193694807
18645,202611,0,0.22252385479361161
18648,202611,0,0.13851403597150033
18649,202611,0,0.1243184963259799
18651,202611,0,0.1044826212115586
18653,202611,0,0.07086360502158477
18656,202611,0,0.1414144215575821
18657,202611,0,0.14729999975216249
18658,202611,0,0.16489130486394563
18659,202611,0,0.07277988036714864
18661,202611,0,0.17115190360577667
18663,202611,0,0.22622234344451386
18668,202611,0,0.1087927162186058
18669,202611,0,0.12048614097889897
18671,202611,0,0.11559365963783272
18672,202611,0,0.11242722128319044
18673,202611,0,0.15188055071655673
18679,202611,0,0.0792378721112591
18680,202611,1,0.1753517287294506
18689,202611,0,0.09563635458754824
18690,202611,0,0.17443741106089516
18692,202611,0,0.1620531223108445
18694,202611,0,0.1772879788330973
18695,202611,0,0.21221248640562382
18698,202611,0,0.10388958568415554
18699,202611,0,0.06465228804544279
18704,202611,0,0.1634975835140099
18706,202611,0,0.2340511637557141
18708,202611,1,0.14849071433370406
18709,202611,0,0.12726328641758902
18712,202611,0,0.19239611613157767
18713,202611,0,0.2067481416061911
18716,202611,1,0.23438249012707515
18717,202611,0,0.1389743465084722
18719,202611,0,0.3772451201169689
18721,202611,1,0.18121090708739498
18724,202611,0,0.12565533816862873
18725,202611,0,0.10657780387829446
18728,202611,0,0.18866464340591185
18729,202611,0,0.11252112095070473
18732,202611,0,0.10856962894296526
18733,202611,0,0.15832451076272924
18734,202611,0,0.1217353444422934
18735,202611,0,0.13817939575188046
18736,202611,0,0.11790909840783417
18739,202611,0,0.08021265423553273
18740,202611,0,0.13776951261445364
18742,202611,0,0.19213797234565397
18743,202611,0,0.24421317612602192
18744,202611,1,0.10517701309782859
18749,202611,0,0.08299701549029784
18750,202611,0,0.16342757262056573
18751,202611,0,0.1247160767214626
18753,202611,1,0.1262523684125131
18754,202611,1,0.19429715418250454
18755,202611,0,0.12979530631860642
18756,202611,0,0.09652049617805766
18759,202611,0,0.15047319299682402
18760,202611,0,0.11279812807119904
18762,202611,0,0.19568200682082648
18763,202611,1,0.10157134192024893
18765,202611,0,0.13870634866745554
18766,202611,0,0.0766512347221183
18769,202611,0,0.10924841021518936
18772,202611,0,0.14455058667911072
18773,202611,0,0.07399098584925501
18774,202611,0,0.14761220664295097
18778,202611,0,0.14193989563474846
18780,202611,0,0.086281739151904
18782,202611,0,0.17140655793269133
18784,202611,0,0.08751769943000813
18785,202611,0,0.10060403862341383
18786,202611,0,0.14064071786134097
18789,202611,1,0.15444071275133964
18797,202611,1,0.12240121758458695
18798,202611,1,0.07568215795511503
18801,202611,0,0.09367228539954058
18802,202611,1,0.1524651078148349
18804,202611,0,0.15814576555374033
18807,202611,0,0.13866159589019458
18810,202611,0,0.1794874584515105
18811,202611,0,0.08494328843357277
18812,202611,1,0.25510432643993974
18815,202611,0,0.12570352999544246
18816,202611,0,0.18317809895968334
18818,202611,0,0.17393276096142316
18819,202611,0,0.21669608049691583
18820,202611,0,0.20853913651370354
18821,202611,0,0.17495863512324233
18822,202611,0,0.2235741458165508
18825,202611,0,0.17619161556838844
18827,202611,0,0.2356431397769812
18831,202611,0,0.11273885547991434
18832,202611,0,0.10819696091060604
18834,202611,0,0.2040277030186876
18835,202611,1,0.095683935041918
18836,202611,0,0.09843635040262062
18837,202611,0,0.12418748594176018
18840,202611,0,0.1491925622211165
18842,202611,0,0.06633556778273364
18847,202611,0,0.12234514227346001
18849,202611,0,0.15395402301834207
18851,202611,1,0.18969993622031472
18852,202611,0,0.14971916435609345
18854,202611,0,0.1705688418144009
18855,202611,0,0.13997940309069387
18857,202611,0,0.11123293205257144
18859,202611,0,0.1942277698486279
18860,202611,0,0.20412967590701114
18861,202611,0,0.191073355040234
18862,202611,0,0.05946694485667021
18864,202611,0,0.09895726352428152
18868,202611,0,0.07745425197403516
18870,202611,0,0.08808919521638311
18871,202611,0,0.08344809094274351
18872,202611,1,0.1788282008790449
18874,202611,0,0.15467573604783677
18875,202611,1,0.1739242650392856
18880,202611,0,0.21286643231545113
18882,202611,0,0.15293731362596805
18884,202611,0,0.11567380168164282
18885,202611,1,0.20420474364609467
18889,202611,0,0.19313610750517374
18892,202611,0,0.17761895016992343
18894,202611,0,0.20915738127171846
18895,202611,0,0.17693430741480998
18897,202611,0,0.18791719257983444
18898,202611,0,0.07765127744315445
18900,202611,0,0.3197189618624334
18902,202611,0,0.17766163769095933
18907,202611,0,0.21583721758457175
18908,202611,1,0.11621608178234448
18909,202611,0,0.147483023625754
18910,202611,0,0.2176167535278574
18914,202611,0,0.1416408882760099
18917,202611,0,0.1428757610139813
18918,202611,0,0.13788830381652412
18919,202611,1,0.17408366891524762
18920,202611,1,0.15035241885468942
18921,202611,0,0.22410703568065604
18924,202611,0,0.10631137830330374
18925,202611,0,0.12551057043370706
18927,202611,0,0.10129428562197877
18928,202611,0,0.09107494577269312
18929,202611,0,0.09886729401790094
18930,202611,0,0.14913329611904635
18932,202611,0,0.11579416293676388
18935,202611,0,0.07121663431043139
18938,202611,0,0.0841604487967145
18940,202611,0,0.0879273974538961
18941,202611,0,0.12150717376499688
18942,202611,0,0.19944003837125582
18944,202611,0,0.06949508620705003
18946,202611,0,0.11855344975206467
18949,202611,0,0.11017294177561492
18952,202611,1,0.19625415819483044
18954,202611,0,0.09847156695585634
18956,202611,0,0.1640034778697531
18957,202611,0,0.07892386272339216
18959,202611,0,0.19695585695644427
18960,202611,0,0.1480515698594386
18962,202611,0,0.1643432494546845
18963,202611,0,0.2101074057824027
18964,202611,0,0.2230616255585957
18965,202611,0,0.12021717947900154
18967,202611,0,0.09232930913686664
18969,202611,0,0.13857221444013587
18971,202611,0,0.18571045026488797
18973,202611,0,0.11757428365805386
18977,202611,0,0.12844500715203921
18978,202611,0,0.17659258379430018
18979,202611,1,0.13886059317536387
18981,202611,0,0.174544619287697
18982,202611,0,0.07156768556143933
18983,202611,0,0.1479981550183403
18984,202611,0,0.1280671320727665
18985,202611,0,0.10792837610137442
18986,202611,0,0.16300146953613207
18987,202611,0,0.1320838937416665
18988,202611,0,0.06706374736146035
18991,202611,0,0.1107778420769011
18992,202611,0,0.13020886678685495
18993,202611,0,0.1508314274195758
18994,202611,0,0.23702963961768225
18995,202611,0,0.13845619718627997
18996,202611,1,0.11090679302989738
18997,202611,0,0.1546383047165866
18999,202611,0,0.1351538614944768
19002,202611,0,0.11281138218887071
19003,202611,1,0.29604749134454067
19004,202611,0,0.10887532171574259
19005,202611,0,0.11873576851918444
19007,202611,0,0.08749349849567382
19010,202611,0,0.1551164709490998
19012,202611,0,0.12197621157843812
19013,202611,1,0.16552326136387183
19014,202611,0,0.13636677129272148
19015,202611,1,0.21955999405186255
19016,202611,0,0.15566172688558524
19017,202611,0,0.20708700950683845
19018,202611,0,0.12004350095146507
19019,202611,0,0.08678124746344494
19021,202611,1,0.1274773232507697
19022,202611,0,0.16360900473494566
19023,202611,0,0.2424386976509507
19024,202611,0,0.1898560308532036
19028,202611,0,0.16671371346097255
19029,202611,0,0.06259793181739044
19030,202611,0,0.08379236590911161
19031,202611,0,0.15527663978928752
19034,202611,0,0.16983268899992796
19035,202611,0,0.08114999945408599
19036,202611,0,0.1405344972862484
19037,202611,0,0.14004617284280463
19038,202611,0,0.16360227343111752
19040,202611,0,0.1067626770801281
19042,202611,0,0.18880219188172775
19043,202611,0,0.11992086256559079
19044,202611,0,0.09377796081947508
19046,202611,1,0.11413940492641352
19047,202611,0,0.20096343629414054
19048,202611,0,0.20441974999573165
19049,202611,0,0.14701906511385243
19051,202611,0,0.18356727842728268
19053,202611,0,0.12449652108859079
19054,202611,0,0.24520317772256395
19055,202611,1,0.16883001652055352
19056,202611,0,0.12758140970035584
19057,202611,0,0.15158500794363788
19058,202611,0,0.13051776379175276
19059,202611,0,0.08610233536674952
19060,202611,0,0.10729281230328484
19062,202611,0,0.1562657772879426
19063,202611,1,0.1795242263080256
19064,202611,0,0.13305972779222228
19071,202611,0,0.21030899874493966
19078,202611,0,0.1433458022612977
19079,202611,0,0.13468150166551557
19080,202611,0,0.07912899347211476
19081,202611,0,0.08722435145762683
19085,202611,0,0.16246810603873957
19088,202611,0,0.15962139178768361
19089,202611,0,0.14756780959793744
19090,202611,0,0.1562566647255858
19091,202611,0,0.22020307000360892
19092,202611,0,0.10390840590039946
19094,202611,0,0.15271080479927185
19099,202611,0,0.2234784353803136
19100,202611,0,0.1520232698295851
19101,202611,0,0.06974675042615656
19103,202611,0,0.13120365248928914
19104,202611,0,0.19297435344745875
19105,202611,1,0.15703649167481565
19106,202611,0,0.1325442571750623
19107,202611,0,0.30257099027070355
19108,202611,0,0.17952146818064538
19109,202611,0,0.06576406584027022
19111,202611,0,0.10611535016369182
19112,202611,0,0.19004455348484287
19113,202611,0,0.06801447252135027
19114,202611,0,0.15320889250149497
19116,202611,0,0.17951660638357347
19117,202611,0,0.18232558915334093
19121,202611,0,0.15184077459242115
19125,202611,0,0.1823160996377948
19127,202611,0,0.23833367257101648
19128,202611,0,0.14982063918142993
19132,202611,1,0.15646504126905678
19134,202611,1,0.1601367848851932
19136,202611,0,0.13126127704576884
19137,202611,0,0.1283791461337159
19142,202611,0,0.12819625546589947
19143,202611,0,0.12798384943878413
19144,202611,0,0.15346513246576307
19146,202611,0,0.16239497668272548
19147,202611,0,0.11264460754934491
19152,202611,0,0.07845670069117512
19154,202611,0,0.061762950948340244
19157,202611,0,0.08210450866605012
19160,202611,0,0.14176102916027342
19161,202611,0,0.10330144876895855
19162,202611,0,0.17973681497522395
19164,202611,1,0.1710536857909693
19165,202611,0,0.07498980987364336
19167,202611,0,0.07583292301863769
19168,202611,0,0.20687351158024775
19171,202611,0,0.10620544282774154
19172,202611,0,0.08096332989308383
19173,202611,0,0.16669276425546392
19174,202611,0,0.14860784074733124
19175,202611,1,0.20867330680811938
19176,202611,0,0.1299860063963656
19177,202611,0,0.1089447863333352
19178,202611,0,0.06714297071616876
19179,202611,0,0.17904389345452898
19180,202611,0,0.1663056501718546
19182,202611,0,0.12982158329495314
19184,202611,0,0.17430326954037606
19185,202611,0,0.09864147016351216
19187,202611,0,0.06559512426828787
19189,202611,0,0.2171637904762469
19190,202611,1,0.16878268017362374
19191,202611,0,0.10470144586179947
19193,202611,0,0.10529383716021781
19194,202611,0,0.18527237834846996
19195,202611,1,0.16208225144451555
19197,202611,0,0.21630379047239962
19198,202611,0,0.08969185284442022
19200,202611,0,0.19474238432240373
19202,202611,0,0.06922044418048572
19204,202611,0,0.13197792379906745
19205,202611,0,0.13292002006279885
19206,202611,0,0.10871760666283557
19209,202611,1,0.18574684610540654
19212,202611,0,0.08795986886203232
19213,202611,0,0.12310941674263973
19214,202611,0,0.2934325741814275
19219,202611,1,0.16956468137106043
19220,202611,1,0.19379554280169195
19221,202611,1,0.2157239555566199
19222,202611,0,0.15949532546895498
19223,202611,0,0.20077117520698587
19225,202611,0,0.19149231654882296
19226,202611,1,0.15647333492736612
19228,202611,0,0.14853466060777243
19230,202611,0,0.3237738941527433
19234,202611,1,0.22287365718864413
19235,202611,1,0.11053858128752717
19236,202611,0,0.1521436968773903
19240,202611,0,0.08087071648754726
19241,202611,0,0.12494602545449726
19242,202611,0,0.13897846434716304
19243,202611,0,0.18144505432973868
19244,202611,0,0.12474568548099224
19246,202611,1,0.17980164995719253
19248,202611,0,0.16351183944776349
19249,202611,0,0.13138510321988697
19250,202611,0,0.09224499977458073
19251,202611,0,0.20201113426070977
19254,202611,0,0.14656725997178482
19255,202611,0,0.1643435481511753
19257,202611,1,0.07202211750157625
19258,202611,0,0.17995632778666176
19259,202611,0,0.11610688146481574
19260,202611,0,0.23660869780857505
19261,202611,0,0.13139644987496454
19262,202611,0,0.0768846121960533
19264,202611,0,0.14918039626524376
19265,202611,0,0.16636155385930365
19266,202611,0,0.18021974996733292
19270,202611,0,0.13182618610137212
19271,202611,0,0.12001493834202998
19274,202611,0,0.17505792584716887
19275,202611,0,0.17250493235728143
19276,202611,0,0.0849091176900013
19278,202611,0,0.06967486399726086
19280,202611,0,0.12047293268215092
19281,202611,1,0.22230056318876892
19282,202611,0,0.12153476485931267
19285,202611,1,0.13162244515550178
19287,202611,0,0.13889947366971975
19288,202611,0,0.12879912418037265
19290,202611,0,0.17408965523652303
19291,202611,1,0.19937282890552502
19293,202611,0,0.15975757057809284
19295,202611,0,0.1731059813995546
19297,202611,1,0.08694688382352031
19298,202611,0,0.1478598288253814
19299,202611,0,0.1813378799545256
19300,202611,0,0.09102851571789863
19301,202611,0,0.12486378265538797
19302,202611,1,0.1518543761608131
19304,202611,0,0.12606260740373704
19305,202611,0,0.17038220787512579
19306,202611,0,0.127247758883071
19309,202611,0,0.11995533676208754
19310,202611,0,0.1104241781597101
19311,202611,0,0.20596076549129513
19313,202611,0,0.20218534154306786
19314,202611,1,0.13804842123595426
19315,202611,1,0.19019972549309538
19317,202611,0,0.10487709072942113
19320,202611,0,0.23000510993727039
19322,202611,0,0.06313775544483442
19323,202611,1,0.1346034013382213
19324,202611,0,0.18677193759624797
19325,202611,0,0.1724957130203498
19326,202611,0,0.11867650714643463
19328,202611,0,0.14623830563802073
19330,202611,0,0.14126913501631957
19331,202611,0,0.3206827002721128
19332,202611,0,0.16880870528947298
19334,202611,0,0.15308645902533669
19337,202611,0,0.14856098525114425
19338,202611,0,0.09398503628544914
19340,202611,0,0.10916748302765607
19341,202611,0,0.13956719407368043
19342,202611,0,0.13073128317718313
19343,202611,0,0.15076104806130938
19347,202611,0,0.21220261772053847
19348,202611,0,0.17774912335874798
19349,202611,0,0.19810433731560803
19351,202611,1,0.0813673268615344
19352,202611,1,0.10242024277097718
19353,202611,1,0.13444108097622187
19354,202611,0,0.16744050511491168
19356,202611,0,0.1461263390424015
19357,202611,0,0.1449731816814614
19358,202611,0,0.2005573355716052
19361,202611,0,0.08979617775758073
19362,202611,0,0.16010895206366177
19365,202611,0,0.08780924150671687
19366,202611,0,0.13161540047871517
19367,202611,0,0.15917434654100981
19369,202611,0,0.09794916751858758
19370,202611,1,0.16666026357262234
19372,202611,0,0.1617613108816142
19376,202611,0,0.05962314107057813
19377,202611,0,0.14782047079075905
19382,202611,0,0.07827700964687612
19383,202611,0,0.19800221485721137
19384,202611,0,0.18068416627861925
19385,202611,0,0.15167525438026044
19386,202611,0,0.1483208534815458
19388,202611,0,0.1680292835195075
19390,202611,1,0.09973468318166669
19392,202611,0,0.11606340729361272
19393,202611,0,0.19494435306559427
19394,202611,0,0.08007430521448519
19395,202611,0,0.1990832648810669
19396,202611,0,0.13057522212597825
19397,202611,0,0.11064939134215368
19399,202611,0,0.1719838348699969
19400,202611,0,0.1372994503175078
19402,202611,0,0.14819581722877573
19403,202611,0,0.13763495632837583
19404,202611,0,0.10899171803847933
19405,202611,0,0.15246705971679209
19406,202611,0,0.1420522556667277
19408,202611,0,0.07887594029009454
19412,202611,0,0.10384158250381108
19413,202611,1,0.17873479654139252
19414,202611,0,0.1322436460069072
19419,202611,0,0.2114580006288769
19421,202611,0,0.15695420486008146
19424,202611,0,0.11434698928444467
19425,202611,1,0.22210727462552998
19426,202611,1,0.09226765137573358
19428,202611,1,0.14173630706926926
19429,202611,0,0.3016635106550101
19431,202611,0,0.15229695595598222
19432,202611,0,0.16542693706987852
19434,202611,0,0.08049780363527893
19435,202611,0,0.15749641445536275
19436,202611,0,0.1305672111840499
19438,202611,0,0.10705002675690241
19439,202611,0,0.2427235066445868
19441,202611,0,0.06626250651743128
19442,202611,0,0.10146912943726913
19443,202611,0,0.1373760652528496
19447,202611,0,0.08166134986917134
19448,202611,0,0.09879229281922997
19449,202611,0,0.06826697542497431
19450,202611,0,0.1796600791813273
19452,202611,0,0.1423980632562797
19455,202611,0,0.2204289461458156
19458,202611,0,0.14096259283520976
19459,202611,0,0.18997340068391355
19460,202611,0,0.15821102428275097
19461,202611,0,0.06723160160308107
19462,202611,0,0.12274593425465748
19463,202611,0,0.11364070671435504
19468,202611,0,0.18667580770495512
19469,202611,0,0.06634276889810252
19470,202611,0,0.24287865583215287
19471,202611,0,0.21802044548290425
19472,202611,0,0.14281328599491355
19474,202611,0,0.10217241647475042
19475,202611,0,0.11645933871966754
19477,202611,0,0.1355908372342914
19478,202611,0,0.08020722037228079
19479,202611,0,0.22049806219029788
19482,202611,0,0.1680814855666144
19484,202611,0,0.23672618697961664
19487,202611,0,0.0856360676334784
19489,202611,1,0.21931551445363748
19492,202611,0,0.1342743504934458
19495,202611,0,0.13395189832556215
19502,202611,0,0.13812042563743265
19505,202611,0,0.08078748234215996
19506,202611,0,0.12195413632084956
19507,202611,0,0.11087096581367555
19510,202611,0,0.11090530594197621
19511,202611,0,0.3248057778527128
19512,202611,0,0.06836654143648245
19514,202611,1,0.1356986900179204
19515,202611,0,0.15336867628603537
19520,202611,0,0.18244602106112648
19521,202611,0,0.1956858056685769
19524,202611,1,0.17937198888981123
19526,202611,0,0.20819085889283553
19527,202611,0,0.16286373411064395
19531,202611,0,0.2518767268279714
19532,202611,0,0.13763322552075405
19534,202611,0,0.16710196473948594
19538,202611,0,0.16467705447766834
19539,202611,0,0.06582843454620406
19542,202611,0,0.13067769602340445
19543,202611,0,0.09961528393301289
19545,202611,0,0.1554244231602302
19546,202611,0,0.1099816151933574
19548,202611,0,0.19399202733727397
19549,202611,1,0.23651233930770835
19550,202611,0,0.20098183036429237
19552,202611,0,0.13628251316329917
19553,202611,0,0.05607493650484403
19554,202611,0,0.14745257898713426
19555,202611,0,0.13860578363538664
19556,202611,0,0.08943943216203246
19557,202611,0,0.15243130657225007
19561,202611,0,0.09733748111351284
19562,202611,1,0.15257608931465305
19563,202611,0,0.1627022765850937
19568,202611,1,0.1182185280568344
19570,202611,0,0.16927979532114698
19572,202611,0,0.1399653688055278
19574,202611,0,0.19789491157090985
19576,202611,1,0.15110467753215442
19578,202611,0,0.120462096528077
19579,202611,0,0.16155972992609668
19582,202611,0,0.1364201590266679
19586,202611,0,0.08096936072614823
19587,202611,0,0.07765345312663391
19589,202611,0,0.09558732784589671
19590,202611,0,0.07722798420511429
19592,202611,0,0.1362198003685844
19594,202611,0,0.13232795151842833
19595,202611,1,0.158250628064776
19596,202611,0,0.17925135279570162
19597,202611,1,0.1339356435164564
19599,202611,0,0.09820440314712904
19600,202611,0,0.09580068833020182
19601,202611,1,0.15224333744628193
19603,202611,0,0.09085810196369734
19604,202611,0,0.09264799094655814
19605,202611,0,0.15487495620043062
19606,202611,1,0.1888558254331682
19607,202611,0,0.09912204332434946
19609,202611,1,0.1513792664315154
19613,202611,1,0.17765579882842802
19616,202611,0,0.07006778635800864
19618,202611,0,0.0858908124818838
19619,202611,0,0.06448529195732794
19620,202611,0,0.11746931299139636
19623,202611,0,0.09785697847990639
19624,202611,0,0.19462817428352674
19625,202611,0,0.1721248273616702
19626,202611,0,0.16200647265434062
19628,202611,0,0.13912675720462378
19629,202611,0,0.18842137861144906
19630,202611,1,0.058322558878629735
19631,202611,0,0.12784596955421346
19633,202611,0,0.15810160134388726
19634,202611,0,0.12050535446541456
19635,202611,0,0.21279491141109846
19636,202611,0,0.1721039525011356
19637,202611,0,0.14715919872736938
19639,202611,0,0.1606552227689049
19643,202611,0,0.11928760614298783
19644,202611,0,0.16777692179408515
19645,202611,0,0.21545825093266244
19647,202611,0,0.18280431430964092
19649,202611,0,0.18488520368426029
19650,202611,0,0.10484818018481777
19652,202611,0,0.14608855031397983
19653,202611,0,0.1750925621991147
19656,202611,0,0.13502210093674927
19660,202611,0,0.18499049846189106
19662,202611,1,0.14710087002341707
19663,202611,0,0.15255067111996887
19664,202611,0,0.14383169088904876
19666,202611,0,0.14715215972904855
19667,202611,1,0.1322349530188189
19668,202611,0,0.1423813949757609
19671,202611,0,0.07589116941342897
19672,202611,0,0.12817374717348187
19674,202611,0,0.1802890102951749
19675,202611,0,0.1572386952674532
19676,202611,0,0.17656528680070852
19677,202611,1,0.1524589580197173
19678,202611,0,0.18072617172340574
19679,202611,0,0.15919998161079574
19680,202611,0,0.21915117159403213
19681,202611,0,0.1253221168087347
19682,202611,0,0.10257741703189614
19683,202611,0,0.1836728361233657
19684,202611,0,0.10203831481201289
19686,202611,0,0.14419967369212258
19687,202611,0,0.15749279123421034
19689,202611,1,0.13490417957952988
19691,202611,0,0.14536492171420895
19692,202611,0,0.1092284131413501
19698,202611,0,0.1730013270901205
19699,202611,0,0.11608171668007795
19700,202611,0,0.1202673147732954
19702,202611,0,0.14270025602300387
19706,202611,0,0.1614604542615593
19707,202611,0,0.2507586204299097
19708,202611,0,0.11598879279645116
19709,202611,0,0.17057522588925988
19710,202611,0,0.08643748237995882
19711,202611,0,0.1590090168784226
19713,202611,0,0.10052517486701065
19714,202611,0,0.13853634467416687
19716,202611,0,0.1451179710314257
19718,202611,0,0.10092752855701856
19719,202611,0,0.17463994149180334
19720,202611,0,0.0987333321456373
19722,202611,1,0.1747449350735559
19724,202611,0,0.06518229046829495
19726,202611,0,0.16802972884406817
19727,202611,0,0.14965662640808125
19728,202611,0,0.07128808100935304
19729,202611,0,0.1900187994444418
19731,202611,0,0.17817129740500628
19733,202611,0,0.15069207442973848
19735,202611,0,0.1309582440115947
19736,202611,0,0.17573166349976244
19740,202611,1,0.14452764979116836
19743,202611,0,0.12802497157427048
19744,202611,0,0.11898390616284293
19746,202611,0,0.10692427626778521
19748,202611,0,0.17359519467140527
19750,202611,0,0.1722134778849961
19751,202611,0,0.19600755533558817
19753,202611,0,0.1311751904603505
19754,202611,0,0.1525667126035971
19758,202611,0,0.09506072610650078
19760,202611,0,0.18473655226353955
19766,202611,0,0.0667390068413405
19769,202611,0,0.07576296778442401
19770,202611,0,0.17457709663687584
19771,202611,1,0.24105942756132556
19775,202611,0,0.13678613927161726
19778,202611,0,0.09326638483959045
19779,202611,0,0.0587504318924431
19781,202611,0,0.12679090265565615
19782,202611,0,0.27171534604007186
19783,202611,0,0.0995097249912092
19784,202611,0,0.07567286315131293
19785,202611,0,0.21860670617946262
19786,202611,1,0.13906683935226022
19788,202611,0,0.21060945688801497
19790,202611,0,0.08858153258695729
19791,202611,0,0.06766225840688155
19792,202611,0,0.06586215190982758
19793,202611,0,0.12139239197245598
19794,202611,1,0.1777718467418428
19795,202611,0,0.06651811526771198
19797,202611,0,0.21089914986947733
19798,202611,1,0.14687289638894074
19802,202611,0,0.09773056849190717
19803,202611,0,0.1964265364282793
19804,202611,1,0.14862036926429167
19805,202611,0,0.13915722325591406
19806,202611,0,0.19752833280141938
19810,202611,0,0.16007960226965579
19811,202611,1,0.13859194438629713
19813,202611,0,0.11223246393577174
19818,202611,0,0.15529854575726987
19819,202611,0,0.1724890394658634
19820,202611,0,0.18363500462073462
19824,202611,0,0.23752920369502503
19828,202611,0,0.09163308674717113
19830,202611,0,0.1312097672680564
19831,202611,0,0.21947098867265072
19832,202611,0,0.10034604018100703
19833,202611,0,0.26417555350701477
19834,202611,0,0.16270279375264393
19835,202611,0,0.12320356111162173
19836,202611,0,0.15075320791126354
19838,202611,0,0.1404770155260092
19839,202611,0,0.1744513169018186
19841,202611,0,0.15262731679625732
19843,202611,0,0.07325768017067948
19844,202611,0,0.11437061475922568
19845,202611,0,0.1556900957141422
19846,202611,1,0.16538324896049098
19847,202611,0,0.20401586215230139
19848,202611,0,0.1177894574317914
19851,202611,0,0.16301650235461151
19853,202611,0,0.1506429885213567
19855,202611,0,0.1267995474315956
19857,202611,0,0.16564995554939432
19858,202611,0,0.1466062297647431
19861,202611,0,0.09850525598219587
19867,202611,0,0.1397839924814422
19868,202611,0,0.17497268273234828
19871,202611,0,0.12324021175808574
19872,202611,1,0.18603530603746884
19874,202611,1,0.16726431400724662
19875,202611,0,0.16355833904622694
19876,202611,1,0.18644034368141915
19878,202611,0,0.1473206261075108
19879,202611,0,0.07827990589058191
19881,202611,0,0.23065217104344612
19882,202611,0,0.12481736978470216
19883,202611,0,0.08337569951140343
19884,202611,0,0.2188734006986452
19887,202611,0,0.25959304139663897
19889,202611,0,0.14288522908379983
19890,202611,0,0.127770157915117
19891,202611,1,0.12940865335278753
19893,202611,0,0.1777718169331948
19894,202611,0,0.2594318737876195
19896,202611,0,0.142549087974743
19898,202611,0,0.2265638192917203
19900,202611,0,0.21258595422199475
19901,202611,0,0.15490625431487343
19904,202611,0,0.22547199036480547
19906,202611,0,0.3232461142237585
19913,202611,1,0.11941449018514397
19914,202611,0,0.06294591787737093
19916,202611,0,0.0895985104774158
19920,202611,0,0.23165990407184267
19921,202611,0,0.09955711634910912
19922,202611,0,0.13638790016985697
19924,202611,0,0.2231085471458358
19925,202611,0,0.13915234230261278
19926,202611,0,0.1926019725037456
19932,202611,1,0.17189642913615952
19935,202611,0,0.07536030311288468
19936,202611,1,0.20727369601929924
19937,202611,0,0.14462541200025633
19938,202611,0,0.1428590835520022
19939,202611,1,0.17321722113665577
19940,202611,1,0.12416003697459736
19941,202611,0,0.1520805006744113
19943,202611,0,0.11691829985828615
19946,202611,0,0.17241723665980502
19949,202611,0,0.0808709624775658
19953,202611,0,0.16872238697675052
19955,202611,0,0.11141985470369693
19957,202611,0,0.18140838847250276
19958,202611,0,0.09356846218678841
19959,202611,0,0.1391278895236049
19960,202611,0,0.07376511364254855
19963,202611,0,0.13264304307921598
19964,202611,0,0.2223408823360879
19965,202611,0,0.17822686514878938
19966,202611,0,0.15669473153947908
19967,202611,0,0.13439447066559368
19968,202611,0,0.1613736584257597
19969,202611,0,0.06792136097583878
19970,202611,0,0.06888855885305413
19972,202611,0,0.10692334442430751
19973,202611,0,0.15382099279318368
19974,202611,0,0.14687928189910998
19975,202611,0,0.12416933393394294
19977,202611,0,0.24582644936246792
19981,202611,1,0.21762943778635405
19982,202611,1,0.15477331120490612
19983,202611,0,0.07098601439709337
19984,202611,0,0.08704477826730733
19986,202611,0,0.20834208506192017
19987,202611,0,0.18568833800247275
19988,202611,0,0.09506867940196949
19989,202611,0,0.07069074100870544
19993,202611,0,0.08534030914382032
19994,202611,1,0.1595944010974195
19995,202611,0,0.057667873950015616
19996,202611,0,0.11582986986616531
20000,202611,1,0.13211486948090942
20001,202611,0,0.14948549930579258
20003,202611,0,0.11902636983858543
20004,202611,0,0.17861090189075832
20006,202611,1,0.12139226301321904
20010,202611,1,0.17117971663549988
20011,202611,0,0.21961768175424326
20016,202611,0,0.1596203617391369
20019,202611,0,0.12338016924355044
20020,202611,0,0.1020695122443804
20023,202611,1,0.1081752425251873
20024,202611,0,0.16432863680032192
20025,202611,0,0.19179732379019235
20027,202611,0,0.14218615353392458
20030,202611,0,0.17573042245100462
20031,202611,0,0.06518163966480833
20032,202611,0,0.12027355586176931
20034,202611,0,0.16698941692781205
20035,202611,0,0.1434341998988183
20037,202611,0,0.06885474444279283
20039,202611,0,0.13441933390754562
20040,202611,0,0.1385297931464004
20041,202611,0,0.15389433361997992
20042,202611,0,0.1873520742037377
20043,202611,0,0.1709404545063545
20045,202611,0,0.12672070923927498
20047,202611,0,0.10560104804416717
20048,202611,0,0.21031859653544344
20049,202611,0,0.1074013710455457
20051,202611,0,0.207436572653422
20053,202611,0,0.1509747886595815
20055,202611,0,0.1670780203140501
20057,202611,0,0.21153314528717607
20058,202611,0,0.17559487712291244
20061,202611,0,0.12244619572896075
20063,202611,1,0.12867469707379256
20065,202611,0,0.14701193323557182
20066,202611,0,0.14834325265680684
20067,202611,0,0.15447652458990963
20068,202611,0,0.07166151680919884
20069,202611,1,0.22833022187589944
20070,202611,0,0.19142018770689473
20072,202611,0,0.13857657263805703
20073,202611,0,0.20406441282240756
20075,202611,0,0.1965836607552881
20077,202611,0,0.17394899858166601
20078,202611,0,0.15402128218472427
20079,202611,0,0.1755013542460691
20083,202611,0,0.12351927317878095
20084,202611,0,0.09784227430972862
20085,202611,0,0.1293742894231384
20086,202611,0,0.08302961767530627
20088,202611,0,0.10598743476451991
20089,202611,0,0.14712399535324752
20090,202611,0,0.09559861673052202
20091,202611,0,0.2537822474637155
20094,202611,0,0.1572663389937159
20096,202611,0,0.09704327789394392
20098,202611,0,0.1270942700747221
20100,202611,0,0.12231988302193741
20102,202611,0,0.262747686633096
20103,202611,0,0.17115154755103523
20104,202611,0,0.19234668831514787
20106,202611,0,0.1455812509228916
20107,202611,1,0.2828489812069929
20108,202611,0,0.3787757101475263
20110,202611,0,0.11104848747438471
20115,202611,1,0.09253464823220142
20117,202611,0,0.1252040262665937
20118,202611,0,0.23813147978001725
20119,202611,0,0.1197169450844324
20120,202611,0,0.25251091591547314
20121,202611,1,0.06840747418037352
20124,202611,1,0.20027479075517501
20126,202611,0,0.08151929487740543
20127,202611,0,0.15202511683339734
20129,202611,1,0.09821922952781637
20133,202611,0,0.0648568246253782
20138,202611,0,0.10718615124292155
20141,202611,0,0.11484248587916912
20145,202611,0,0.1727143923371177
20146,202611,0,0.09580963962490412
20148,202611,0,0.16639552364192114
20150,202611,0,0.16297095977040635
20151,202611,0,0.12732445933458844
20152,202611,0,0.20297183180687514
20156,202611,0,0.1134780090264952
20158,202611,0,0.16299071466236545
20160,202611,0,0.16066536880648422
20161,202611,0,0.09724640328467023
20162,202611,0,0.1032652764227723
20164,202611,0,0.21983995842267764
20165,202611,1,0.244586610372149
20167,202611,0,0.1141494555452583
20169,202611,0,0.11800201349207806
20170,202611,0,0.16727422920568424
20171,202611,0,0.13342347622783998
20172,202611,0,0.05640302074386253
20174,202611,0,0.09242365701682119
20175,202611,0,0.15498203198564708
20177,202611,1,0.14358757079643222
20178,202611,0,0.14484525362278636
20181,202611,0,0.1709902202545704
20184,202611,0,0.08159988152946712
20186,202611,1,0.2575053473244389
20187,202611,0,0.2043842648559454
20189,202611,0,0.14951346291759238
20190,202611,0,0.16163834314144654
20191,202611,0,0.12704879298887983
20192,202611,0,0.1723195621269907
20193,202611,0,0.15084928741338088
20197,202611,0,0.20443492483891756
20198,202611,0,0.10751000074069732
20199,202611,0,0.127008396960963
20201,202611,0,0.15970529396294922
20202,202611,0,0.0956887337537011
20203,202611,0,0.1519155982516369
20204,202611,0,0.08957424247024812
20205,202611,0,0.1183170071198228
20208,202611,0,0.08682778777523158
20210,202611,0,0.1362879917659783
20211,202611,0,0.09902122955613976
20212,202611,0,0.14700152460878135
20213,202611,0,0.16893070800722476
20214,202611,0,0.1916068290294333
20217,202611,0,0.12544161038851018
20218,202611,0,0.09409316639416543
20220,202611,0,0.16398696514027608
20221,202611,0,0.08937427693079082
20224,202611,1,0.21702231708707553
20225,202611,0,0.14923990952744828
20226,202611,0,0.1088519718701342
20229,202611,0,0.15776965201781987
20234,202611,0,0.16560805345954227
20238,202611,0,0.16180132084784493
20239,202611,1,0.17755702611594482
20241,202611,0,0.09516973053189026
20242,202611,0,0.1653300020407501
20243,202611,0,0.1763819875941704
20245,202611,0,0.17384041411496973
20248,202611,0,0.14827763664458002
20250,202611,0,0.15704367931664215
20251,202611,0,0.18330575762534992
20252,202611,0,0.11707263998929335
20253,202611,1,0.06062181609535694
20254,202611,1,0.21353553029423425
20255,202611,0,0.07160843127670395
20256,202611,0,0.15440871925291033
20257,202611,1,0.20715870762891433
20259,202611,0,0.06125866194797585
20260,202611,0,0.09506071787520394
20261,202611,0,0.08709477011024468
20262,202611,0,0.11851491968357217
20263,202611,0,0.10612294976485569
20264,202611,1,0.14262312222792745
20265,202611,0,0.06791776882879004
20266,202611,0,0.22482719525236317
20269,202611,0,0.06517573729605616
20270,202611,0,0.1595209649747122
20274,202611,0,0.08760576634682986
20276,202611,0,0.1814021197471383
20277,202611,0,0.2159201442805765
20278,202611,0,0.10764679550402234
20282,202611,0,0.14396650999119703
20283,202611,1,0.14786581868030124
20285,202611,0,0.1038156866337982
20286,202611,0,0.14276115819120475
20287,202611,0,0.117587361698137
20288,202611,0,0.19441993457775383
20291,202611,0,0.19351955886088978
20292,202611,0,0.1322458546216035
20293,202611,0,0.16610105096627084
20294,202611,1,0.14102009641048777
20295,202611,1,0.19208575142144374
20296,202611,0,0.1763058175972755
20300,202611,0,0.14687873136149449
20302,202611,0,0.13647879081191377
20303,202611,0,0.14056044097446596
20305,202611,0,0.2355526945273591
20306,202611,0,0.16453719720002488
20309,202611,0,0.1122250035404503
20313,202611,1,0.10485913923014854
20314,202611,0,0.1961481116175874
20315,202611,0,0.1373390452921688
20316,202611,0,0.14452361543027967
20317,202611,0,0.11621805303543356
20318,202611,0,0.1498728486656371
20319,202611,0,0.09274951805219203
20320,202611,0,0.20019545558598653
20322,202611,1,0.1379336617525201
20323,202611,0,0.1777339892522106
20324,202611,0,0.0660819739715427
20325,202611,0,0.09270953006087429
20326,202611,0,0.0962833637729104
20327,202611,0,0.11159156530488436
20330,202611,0,0.09663576995985092
20331,202611,0,0.15540229251466656
20338,202611,1,0.2537220229716669
20342,202611,0,0.2183848041807336
20343,202611,0,0.1409504289777088
20345,202611,0,0.19136775029231504
20346,202611,1,0.10705463306867388
20347,202611,0,0.10878421416267592
20348,202611,0,0.1431949605553225
20349,202611,1,0.14975122582237912
20352,202611,0,0.10373167825670983
20354,202611,0,0.06794542625501637
20355,202611,0,0.08840518642240074
20356,202611,0,0.2149184448823115
20357,202611,0,0.16401836572295578
20359,202611,0,0.11447705278193046
20360,202611,1,0.14038334986705617
20361,202611,0,0.1663499409954242
20363,202611,0,0.07859801439339228
20365,202611,0,0.12736537146702517
20367,202611,0,0.19993878547291946
20369,202611,1,0.2306370866503108
20370,202611,0,0.07544034414031342
20372,202611,0,0.11333998152803229
20373,202611,0,0.14153752947765008
20375,202611,0,0.23400610728762467
20376,202611,0,0.13395114424626875
20377,202611,1,0.13745343178679542
20379,202611,0,0.07851138733413543
20380,202611,0,0.1712608117758249
20382,202611,1,0.0712128983862667
20383,202611,0,0.14332577421310583
20384,202611,0,0.1509418345053247
20385,202611,0,0.10164393093537108
20386,202611,0,0.10636618138866746
20387,202611,0,0.13180337450155755
20389,202611,0,0.1397511503815204
20391,202611,0,0.16095981509790797
20392,202611,0,0.13564217811120227
20395,202611,0,0.13863583192500464
20396,202611,0,0.17605888525459276
20397,202611,1,0.22073796963051256
20398,202611,0,0.2922302952733173
20401,202611,0,0.13792926901417676
20403,202611,0,0.12342780305284072
20404,202611,0,0.11718713146590866
20406,202611,0,0.2756647389861654
20407,202611,0,0.1901181753515417
20409,202611,0,0.13926464971284058
20411,202611,0,0.10531777959941015
20412,202611,0,0.15633592479056357
20415,202611,1,0.07482930225859968
20418,202611,0,0.07394798497509711
20419,202611,0,0.14294288966154534
20420,202611,0,0.06831256761103162
20423,202611,0,0.15059283151050737
20425,202611,1,0.09833160214465149
20428,202611,1,0.20220015164587177
20429,202611,1,0.13504019375327092
20430,202611,0,0.22566635003143795
20432,202611,0,0.1263958778221511
20433,202611,0,0.2639715960154362
20434,202611,0,0.24016892914688512
20436,202611,1,0.07302522895936149
20437,202611,0,0.13449968796259712
20438,202611,0,0.1788792096257519
20439,202611,0,0.11862924123866607
20440,202611,0,0.12592062206397794
20442,202611,0,0.14057299038617888
20444,202611,0,0.23126577532004458
20446,202611,0,0.07776389694171382
20449,202611,0,0.13123283134966354
20450,202611,1,0.221963785074917
20452,202611,0,0.07357475825135174
20454,202611,0,0.11653165834640046
20455,202611,0,0.1677017912802116
20456,202611,0,0.13326100604857105
20458,202611,0,0.1511577736407839
20461,202611,1,0.1864525917785458
20462,202611,0,0.17111920315997384
20464,202611,0,0.1714992326016189
20465,202611,0,0.1138092321456151
20466,202611,1,0.11824177482925355
20467,202611,0,0.15663081397584777
20468,202611,0,0.05716197542734812
20472,202611,0,0.204730621714578
20473,202611,0,0.06928205151694086
20475,202611,0,0.14146550616426665
20477,202611,0,0.12334761734945253
20482,202611,0,0.10370382298496401
20483,202611,0,0.17202362389066925
20485,202611,1,0.15667015422632716
20486,202611,0,0.20996198139301142
20487,202611,0,0.12677842117327637
20489,202611,1,0.16653695952107092
20490,202611,0,0.12649265981733904
20491,202611,0,0.10105252601626874
20494,202611,0,0.13646016202358033
20495,202611,0,0.16316893473747957
20496,202611,0,0.09700739022782505
20497,202611,0,0.1051008919183798
20498,202611,0,0.17397164638580292
20499,202611,0,0.15405870944797134
20502,202611,1,0.1743354164138985
20507,202611,0,0.09294117113595135
20508,202611,0,0.15577048205914798
20509,202611,0,0.12874177947882964
20510,202611,0,0.13886514084073923
20511,202611,0,0.15584004029579362
20512,202611,0,0.08707582885951072
20513,202611,0,0.18900565427308003
20515,202611,1,0.2716577176907298
20517,202611,0,0.13982410750369378
20518,202611,0,0.22895812887275666
20521,202611,1,0.19229125114781961
20522,202611,0,0.14059402350726916
20525,202611,0,0.11618493505151796
20526,202611,0,0.13376392293458664
20530,202611,1,0.12461645805566819
20531,202611,0,0.17666610520543682
20534,202611,0,0.20307559106358186
20536,202611,0,0.13555515938290108
20540,202611,0,0.13438172002034438
20541,202611,1,0.18434964632850087
20544,202611,0,0.1828963317594584
20546,202611,0,0.17363706167089615
20548,202611,0,0.07187606197378567
20549,202611,0,0.14342480256611725
20550,202611,0,0.056161830442085524
20551,202611,0,0.12274277652312215
20552,202611,0,0.1400802346823447
20553,202611,0,0.1341800161306749
20555,202611,0,0.16413580224420748
20559,202611,0,0.14204895994919675
20560,202611,0,0.1507091689013792
20561,202611,0,0.22018855557010517
20562,202611,0,0.1538827506587523
20563,202611,0,0.18052638035581628
20565,202611,0,0.15505464486373063
20567,202611,0,0.13404320852690468
20568,202611,0,0.21352570815115876
20569,202611,0,0.08390476283584326
20572,202611,0,0.15284210266674345
20580,202611,0,0.1495471269548193
20581,202611,1,0.13359545420545843
20582,202611,0,0.16812020826728957
20584,202611,0,0.23764169393211435
20585,202611,0,0.15544741767668355
20587,202611,1,0.10420710840078504
20588,202611,0,0.0624125781182554
20589,202611,1,0.11447773075151123
20591,202611,0,0.17081243609599414
20596,202611,0,0.06256819931815481
20597,202611,0,0.09391320622667733
20600,202611,0,0.15730318954281425
20601,202611,1,0.11124151062252934
20602,202611,0,0.20002759417510935
20606,202611,0,0.08077505621848147
20609,202611,0,0.15821048509484473
20610,202611,0,0.18988852586443042
20611,202611,0,0.0919135290339779
20613,202611,0,0.11513169292370368
20616,202611,0,0.1495463790689145
20617,202611,1,0.06824179416817475
20619,202611,0,0.06239810385111157
20622,202611,0,0.17161289120952625
20627,202611,0,0.14643291784054122
20630,202611,0,0.09411841711716792
20631,202611,0,0.06343665564038654
20635,202611,1,0.14722767532752223
20637,202611,0,0.08592225298017989
20641,202611,0,0.18468390720973032
20643,202611,0,0.1766658370184026
20644,202611,1,0.203319612645234
20645,202611,0,0.1450701961531914
20647,202611,0,0.09193777527763644
20650,202611,0,0.1540181722526082
20651,202611,0,0.12665361221329033
20653,202611,0,0.19945692111422103
20654,202611,0,0.157050784179993
20655,202611,0,0.0725575438268118
20656,202611,0,0.17019999117327814
20657,202611,0,0.14805517787245812
20659,202611,0,0.0671444752408206
20660,202611,1,0.1286090613612734
20661,202611,0,0.1060315247500103
20662,202611,0,0.08413788738077971
20663,202611,0,0.10970486635937765
20664,202611,1,0.13899686240156137
20666,202611,0,0.16636138516477028
20667,202611,0,0.08487475246721636
20668,202611,0,0.16346164329872098
20669,202611,0,0.2465813835337593
20670,202611,1,0.07448197847533188
20671,202611,1,0.04839001323176027
20673,202611,0,0.09279163237350271
20675,202611,0,0.11637868103026405
20676,202611,0,0.26851617820033
20677,202611,0,0.10407665943575677
20679,202611,1,0.13880078885097213
20681,202611,0,0.11843663500181267
20684,202611,0,0.11251552614211707
20686,202611,0,0.1630955736061732
20687,202611,0,0.12161687646070288
20689,202611,0,0.13709903147035837
20690,202611,0,0.18177633664929618
20691,202611,0,0.09786428316751651
20692,202611,0,0.15037105423108388
20694,202611,0,0.12670081499126917
20695,202611,0,0.18696104615971404
20696,202611,0,0.14176130256013916
20698,202611,0,0.15064799256644626
20700,202611,0,0.1329658339586044
20701,202611,1,0.1955894077249755
20703,202611,0,0.11708341454293408
20704,202611,0,0.24278482584818925
20705,202611,0,0.1530436037693866
20706,202611,0,0.07505543831126761
20707,202611,0,0.10392428753784412
20710,202611,0,0.23227520791678258
20711,202611,0,0.08548191215137772
20712,202611,0,0.08288006490167989
20713,202611,0,0.08342730583527105
20714,202611,0,0.1399148772337993
20715,202611,0,0.1335241753000171
20716,202611,0,0.22997529191802538
20722,202611,0,0.1672765899219508
20724,202611,0,0.19906117713757188
20726,202611,0,0.1938664564897157
20727,202611,1,0.1727276385684571
20728,202611,0,0.2033700603680117
20729,202611,0,0.2128850799041887
20730,202611,0,0.14966072656874221
20731,202611,1,0.1996722777298628
20732,202611,1,0.16614596413038973
20734,202611,0,0.15931291357127234
20735,202611,0,0.07310766618416
20736,202611,0,0.1410493992562189
20737,202611,0,0.09513547549164936
20738,202611,0,0.13540418093578563
20739,202611,1,0.15797749182972412
20741,202611,1,0.1985637044456521
20742,202611,0,0.21084718931981694
20743,202611,0,0.10599579958647251
20744,202611,0,0.12296163028454628
20745,202611,0,0.13657471380770503
20746,202611,0,0.1686815541999849
20747,202611,1,0.18760460400820694
20750,202611,1,0.19449421594644375
20751,202611,0,0.07584905068933684
20754,202611,0,0.08485636832703748
20756,202611,0,0.21175593053463254
20758,202611,0,0.14145783310096602
20759,202611,0,0.08432357463280961
20760,202611,0,0.1110840961349884
20761,202611,0,0.1681348998796153
20762,202611,0,0.11937672823743563
20763,202611,0,0.0849125999822053
20764,202611,0,0.12936490229292685
20767,202611,0,0.1786996717379828
20769,202611,0,0.08754824859169302
20770,202611,0,0.18549215172732536
20771,202611,1,0.14511574479150535
20773,202611,0,0.0866756821825697
20775,202611,0,0.20996132052559627
20776,202611,0,0.08196356186677542
20777,202611,0,0.18243455091414004
20778,202611,0,0.07576531786714083
20779,202611,1,0.1330427882847604
20782,202611,0,0.11940480834116599
20783,202611,0,0.11119594727993669
20784,202611,0,0.07378565745305164
20786,202611,0,0.16006186968261357
20787,202611,0,0.14675119127457587
20788,202611,0,0.11370956210655214
20789,202611,0,0.07298554618007382
20790,202611,0,0.07680197923696754
20791,202611,0,0.15525471031802826
20797,202611,1,0.14706039262818846
20800,202611,0,0.2176847030615228
20801,202611,0,0.1305834325970879
20802,202611,1,0.1279098154056299
20804,202611,0,0.16917820746056925
20806,202611,1,0.12003100967171931
20807,202611,0,0.23892300507060282
20809,202611,0,0.11079522301582251
20810,202611,0,0.21952410105220185
20812,202611,0,0.33833428531186277
20813,202611,1,0.17868759500893222
20814,202611,0,0.14863057691718437
20815,202611,0,0.12187916143541547
20818,202611,0,0.05696674438884218
20819,202611,0,0.19036152075013024
20820,202611,0,0.1541462490561332
20821,202611,0,0.15093851946908313
20823,202611,0,0.15676900564731774
20825,202611,1,0.2027372599327793
20826,202611,0,0.1763640005590717
20827,202611,0,0.29502106291090513
20828,202611,0,0.13835209029031215
20829,202611,0,0.11776992414286004
20830,202611,0,0.16346804326852787
20831,202611,0,0.10744401522734312
20832,202611,1,0.16401782215798885
20833,202611,0,0.11052265173107124
20835,202611,0,0.08446584011924645
20836,202611,0,0.1153869720846292
20837,202611,0,0.21926424229721983
20838,202611,0,0.13687642941977718
20840,202611,1,0.09444757082958363
20841,202611,0,0.15025662089625433
20842,202611,0,0.09272736675960998
20843,202611,0,0.09072251181199564
20844,202611,0,0.08834057358762556
20845,202611,0,0.1403216782088456
20848,202611,1,0.21961199021070082
20849,202611,0,0.1910680852713265
20850,202611,0,0.1080836162905233
20851,202611,0,0.14771217361754804
20852,202611,0,0.14156474705834665
20853,202611,0,0.13905974585554
20854,202611,0,0.13656749415693273
20855,202611,0,0.10191806799319815
20857,202611,0,0.09455984228711059
20859,202611,0,0.1662856781036764
20861,202611,0,0.13995126957016776
20863,202611,0,0.19900847561180757
20864,202611,0,0.21337742767125029
20865,202611,0,0.09520597456468453
20866,202611,0,0.15690859815332114
20867,202611,0,0.20717206131653454
20868,202611,0,0.18372755402853247
20869,202611,0,0.164026753038672
20872,202611,0,0.18392818254291243
20874,202611,0,0.08036495753420707
20875,202611,0,0.1425836572816284
20876,202611,0,0.13138296043021994
20878,202611,0,0.17246139207889366
20879,202611,0,0.15364963563622402
20880,202611,0,0.10016706110855945
20881,202611,1,0.17570158461816793
20882,202611,0,0.2382501432177049
20883,202611,0,0.18393755828141808
20885,202611,0,0.05987383381487019
20886,202611,0,0.16636279420893219
20887,202611,0,0.09875010657862356
20888,202611,0,0.09656140817457573
20889,202611,0,0.12544511531275998
20891,202611,0,0.13938121839352044
20892,202611,0,0.11387904015351523
20893,202611,0,0.1558501920589293
20894,202611,1,0.25247345407309596
20895,202611,1,0.21136432737614969
20896,202611,0,0.12865895241123623
20897,202611,0,0.060809305553269424
20899,202611,0,0.15160736527172824
20900,202611,0,0.23289953309742084
20901,202611,0,0.10327202563507921
20902,202611,0,0.15902240078792496
20903,202611,0,0.06706866283595
20905,202611,0,0.13417155239466647
20906,202611,0,0.18609597636604902
20907,202611,1,0.14020232792482432
20910,202611,1,0.2373734539781884
20911,202611,0,0.13895901269694982
20912,202611,0,0.15778184691282046
20913,202611,0,0.10680773150270448
20915,202611,0,0.08563436836492298
20916,202611,0,0.23430173154952133
20917,202611,0,0.23881272031183326
20921,202611,0,0.13078662308103414
20924,202611,0,0.10828288085693755
20925,202611,0,0.18801560048058025
20926,202611,0,0.15121231911924915
20928,202611,1,0.1518081043441621
20930,202611,0,0.13422652485316167
20931,202611,1,0.11176444883221755
20932,202611,0,0.1523876875450571
20933,202611,0,0.1562732172750347
20935,202611,0,0.12110363435598297
20937,202611,0,0.10748983450232735
20938,202611,1,0.16425554514193683
20940,202611,0,0.1754017939593092
20941,202611,0,0.05566975971693845
20943,202611,0,0.10900134544800451
20944,202611,0,0.07476784550431391
20945,202611,1,0.18881535628996923
20946,202611,0,0.14063418558256632
20947,202611,0,0.15470521842293825
20949,202611,0,0.13556929870802975
20950,202611,0,0.08310642343837064
20952,202611,1,0.15752138062302137
20954,202611,1,0.15553093422222344
20955,202611,0,0.11598780177688503
20957,202611,0,0.16512328425196432
20958,202611,0,0.18547658720654392
20959,202611,1,0.1994030770278892
20960,202611,0,0.15439004213907842
20965,202611,0,0.21650969551107652
20969,202611,1,0.1682955861322909
20973,202611,0,0.19349229828707804
20975,202611,0,0.1125098238302313
20976,202611,0,0.17184837046874105
20977,202611,1,0.11475812310041886
20981,202611,1,0.09096760850118837
20982,202611,1,0.19578496244274018
20984,202611,0,0.18063861864890743
20985,202611,0,0.15112079787014288
20987,202611,1,0.18901125291386944
20988,202611,1,0.17067212180550342
20989,202611,1,0.31733634811604783
20991,202611,0,0.22184561156968297
20994,202611,0,0.1193764355517362
20996,202611,1,0.17779514422405504
20997,202611,0,0.15830588090775044
20998,202611,0,0.16306092458964078
20999,202611,1,0.19662968162593128
21000,202611,1,0.24619351466080247
21003,202611,0,0.15441447134454775
21004,202611,0,0.16707914755185888
21005,202611,1,0.15682094520178783
21006,202611,0,0.13128633114513388
21008,202611,0,0.10478440841513695
21009,202611,0,0.06937083085916548
21010,202611,0,0.12803078673313967
21012,202611,1,0.07757184129446709
21013,202611,0,0.22667932639689461
21014,202611,0,0.18082853410998773
21016,202611,0,0.160072897970444
21017,202611,0,0.1417628441851167
21018,202611,1,0.24586450885733005
21021,202611,0,0.06728943380646799
21023,202611,0,0.09768418980225663
21024,202611,0,0.15281901418036886
21025,202611,0,0.07709476157216669
21027,202611,0,0.1932260602484269
21029,202611,0,0.12895254606570938
21030,202611,0,0.10861550123991955
21031,202611,0,0.07469549972736421
21032,202611,0,0.18058045097334696
21033,202611,0,0.1489220330377395
21034,202611,0,0.16503543666181814
21035,202611,0,0.06481444727924311
21036,202611,1,0.1744748787926631
21038,202611,0,0.12383920280758832
21039,202611,0,0.12041013796655851
21042,202611,0,0.14537115006798607
21044,202611,1,0.085467328014795
21046,202611,0,0.12357020315224893
21047,202611,0,0.15462707638360554
21050,202611,0,0.10027741262579652
21051,202611,0,0.18639844503839517
21052,202611,0,0.14614260582576655
21054,202611,0,0.0633393089754838
21056,202611,0,0.17433035295733837
21057,202611,0,0.14930123551775487
21058,202611,0,0.15299637597276158
21059,202611,0,0.06803817807017334
21060,202611,0,0.0789272306724522
21062,202611,1,0.1698897016403901
21063,202611,0,0.09350384536044767
21065,202611,1,0.1591085959654573
21066,202611,0,0.12060988982006636
21068,202611,1,0.14487822093111427
21070,202611,1,0.13229562318618476
21073,202611,1,0.10591009492497007
21074,202611,0,0.15357620514736006
21075,202611,1,0.12328795836985884
21076,202611,0,0.15872478295785603
21077,202611,0,0.1833585111203044
21078,202611,0,0.1028756576205168
21080,202611,0,0.14915104227216092
21083,202611,1,0.15341677387713487
21084,202611,0,0.08267857369878752
21088,202611,1,0.09596272160227755
21090,202611,0,0.17374155481784775
21093,202611,0,0.0967149021717312
21094,202611,0,0.13611002678548684
21095,202611,0,0.16331172954757622
21096,202611,0,0.18424562141663006
21097,202611,0,0.19691955037975503
21098,202611,0,0.12572372160465622
21099,202611,0,0.1632098144364107
21102,202611,0,0.07979844331706773
21103,202611,0,0.1110925841532305
21104,202611,0,0.1100732131697374
21105,202611,0,0.14919107394108622
21106,202611,0,0.17586774087936574
21107,202611,0,0.19223320297292518
21108,202611,0,0.15780219496373923
21109,202611,0,0.08301034119834105
21112,202611,1,0.2522911270959307
21113,202611,1,0.14811987867206647
21114,202611,0,0.0696488265356428
21115,202611,1,0.07697747804785682
21116,202611,1,0.09703462581351327
21117,202611,1,0.15596927822446002
21119,202611,0,0.13971446994414488
21120,202611,0,0.0997648497649457
21121,202611,0,0.12544015953053544
21125,202611,0,0.17946715756195175
21126,202611,1,0.126679122437508
21127,202611,1,0.08290777846252259
21128,202611,0,0.12015780784684416
21129,202611,0,0.14539772813355822
21130,202611,0,0.14252272028124688
21131,202611,0,0.15759800344917294
21133,202611,0,0.18928884417683622
21134,202611,0,0.12885470464229515
21135,202611,0,0.14711742654382604
21137,202611,0,0.09303441422359592
21138,202611,0,0.1045890430309119
21139,202611,0,0.06000878995576931
21140,202611,0,0.1371974172007366
21141,202611,0,0.1094276498313429
21142,202611,0,0.13635423511690287
21143,202611,0,0.14598656628486614
21144,202611,0,0.1028032380322146
21146,202611,0,0.11147999506208722
21147,202611,0,0.18084705678057345
21149,202611,0,0.13052803733617782
21150,202611,0,0.0904088490985888
21152,202611,0,0.2538825677087452
21153,202611,0,0.16943645239363042
21155,202611,0,0.10171639209868417
21158,202611,0,0.09385474916043403
21159,202611,0,0.16094375918835438
21161,202611,0,0.1681960225951594
21162,202611,0,0.11870241214877729
21163,202611,0,0.08953024722494321
21166,202611,0,0.09931286242671282
21167,202611,0,0.20230508638149727
21169,202611,1,0.19907193902094428
21172,202611,1,0.21922408516187902
21173,202611,0,0.10585731131809392
21174,202611,0,0.15814959222343447
21177,202611,0,0.16928704875956518
21178,202611,0,0.15791679733122613
21180,202611,0,0.2254236278496694
21181,202611,0,0.09401370852991292
21182,202611,0,0.060193835185649004
21183,202611,0,0.15679697622689442
21184,202611,0,0.14826963059981396
21185,202611,1,0.15952616406291475
21186,202611,0,0.1165537525888738
21187,202611,0,0.1743921198769632
21188,202611,0,0.16254409830215824
21189,202611,0,0.12358258917207261
21192,202611,0,0.1784876591872539
21193,202611,0,0.1586722444896157
21196,202611,0,0.08321162050338297
21198,202611,0,0.18367605116654012
21199,202611,0,0.12767427249203153
21200,202611,0,0.173043062390971
21201,202611,1,0.1987431224843587
21204,202611,0,0.17453762948818127
21206,202611,0,0.15324159013698058
21207,202611,0,0.11147078336705757
21208,202611,0,0.1926055284352688
21210,202611,0,0.14424940307840192
21211,202611,0,0.06345954611226669
21212,202611,0,0.1073330709763078
21213,202611,0,0.09746799910918026
21214,202611,0,0.14843009268512347
21216,202611,0,0.17590819779525957
21217,202611,0,0.08716308267232055
21218,202611,0,0.1154456454385403
21219,202611,0,0.17699645354798002
21220,202611,0,0.08565125779254892
21221,202611,1,0.15572521126808966
21223,202611,0,0.24513740103174966
21224,202611,0,0.192057732114622
21225,202611,1,0.189989887849483
21226,202611,0,0.23936752019552246
21227,202611,0,0.11483101586467777
21229,202611,0,0.06899737748509482
21230,202611,1,0.07814150552890434
21231,202611,0,0.1757566777491103
21232,202611,0,0.1893714544723575
21233,202611,0,0.11392274193417126
21234,202611,1,0.23521739579718784
21235,202611,1,0.18447410025136995
21237,202611,0,0.08497733565847171
21238,202611,1,0.20822986736618396
21240,202611,0,0.1396658478643277
21243,202611,1,0.18344994413438923
21244,202611,1,0.10746084450001674
21245,202611,0,0.19016479620028343
21246,202611,0,0.18950179881889545
21247,202611,1,0.1366670765075973
21248,202611,0,0.18847300458106978
21251,202611,0,0.1165381239020443
21252,202611,0,0.12230031467247332
21253,202611,1,0.20559687554079017
21254,202611,0,0.10793636393541135
21255,202611,1,0.1761195796434771
21256,202611,0,0.10790940645412651
21257,202611,0,0.14612974369058734
21258,202611,0,0.1766967979978597
21259,202611,0,0.2698643076009318
21260,202611,0,0.18084011955367763
21262,202611,0,0.14327106958628733
21263,202611,0,0.19664887053771354
21264,202611,0,0.2047533249647775
21265,202611,0,0.08134017132834416
21266,202611,1,0.15076890229286838
21268,202611,0,0.07808432220000998
21269,202611,0,0.07148126462743584
21271,202611,0,0.2581342568186525
21272,202611,0,0.1778027990088766
21273,202611,1,0.1747663885808348
21274,202611,0,0.12741684065385425
21276,202611,0,0.10191668274502899
21279,202611,0,0.1205132491995507
21280,202611,1,0.11528450828327129
21281,202611,0,0.11441704722432758
21283,202611,0,0.17188260692792368
21285,202611,0,0.11229420883873326
21288,202611,0,0.12875668905015042
21289,202611,0,0.1698517073065902
21291,202611,0,0.12436667443941606
21292,202611,0,0.07508084222251606
21294,202611,0,0.2396663768158418
21296,202611,0,0.11793196014567467
21299,202611,0,0.1201470298692383
21300,202611,0,0.1347481973695364
21301,202611,1,0.21097838308700614
21304,202611,0,0.09599493588702081
21305,202611,1,0.19209696095662473
21306,202611,0,0.10998645352818093
21307,202611,0,0.11472872670497417
21309,202611,0,0.1739051038056023
21312,202611,0,0.12562222855165286
21314,202611,0,0.12967830784337692
21315,202611,0,0.19635670371401268
21316,202611,0,0.10302491021690403
21317,202611,0,0.07723725904038536
21318,202611,0,0.10557927428564547
21319,202611,0,0.16732952144942206
21320,202611,0,0.17486096004200982
21321,202611,0,0.13922638555488362
21322,202611,0,0.1777290482513673
21323,202611,0,0.18736478923356423
21324,202611,0,0.09068524954395134
21326,202611,0,0.23194551859501256
21327,202611,0,0.1524349395284172
21328,202611,0,0.19059044751697132
21330,202611,0,0.08970230785991674
21331,202611,0,0.10769471686380308
21332,202611,0,0.16722838791649794
21333,202611,0,0.1660091673668498
21334,202611,0,0.14096688449162542
21335,202611,1,0.10960715409152756
21339,202611,0,0.09931479828109015
21340,202611,0,0.07091568125862091
21341,202611,1,0.2093540941378753
21342,202611,0,0.07670500185879403
21343,202611,1,0.36780807870278004
21344,202611,0,0.1703829982532017
21345,202611,0,0.2654153944001727
21346,202611,0,0.23791015822793243
21347,202611,0,0.12519669672813893
21348,202611,0,0.05468436395123748
21349,202611,0,0.1635038153081862
21350,202611,0,0.09725239434201724
21351,202611,1,0.13932102812399605
21352,202611,0,0.07951881119952851
21355,202611,0,0.08229865055350535
21356,202611,1,0.1309680932926629
21359,202611,0,0.20557938550682128
21361,202611,0,0.1382527493017307
21362,202611,0,0.14786456349214494
21364,202611,0,0.13000706824428845
21366,202611,0,0.14618161854153852
21367,202611,0,0.18229370422206922
21368,202611,0,0.15626425168577798
21372,202611,1,0.2774695307154439
21374,202611,0,0.16922290716397
21376,202611,1,0.1536997478072111
21377,202611,1,0.1355107746265942
21379,202611,0,0.08469831773386584
21380,202611,0,0.09253993604346993
21382,202611,0,0.12858956943191016
21383,202611,0,0.14521079625771402
21385,202611,0,0.16687706849485043
21388,202611,0,0.19969537931570902
21391,202611,0,0.18096172733479848
21393,202611,0,0.1410983543194475
21394,202611,0,0.18767070819207207
21395,202611,0,0.10013827625912526
21398,202611,0,0.1716849351107516
21399,202611,0,0.08140976251315028
21400,202611,0,0.17657178501022638
21401,202611,0,0.11375894665002012
21402,202611,0,0.17460002494056404
21403,202611,0,0.18278288614785027
21404,202611,0,0.051522426342267745
21406,202611,0,0.15993483923431734
21409,202611,0,0.10673359573122167
21410,202611,0,0.17268495920754565
21412,202611,0,0.15324439854051494
21413,202611,0,0.07502340643266964
21414,202611,0,0.1487495329814055
21415,202611,0,0.09013508108811487
21417,202611,0,0.06618730719883872
21418,202611,0,0.18567709746561728
21419,202611,0,0.061978259047397725
21420,202611,0,0.13805164326491093
21421,202611,0,0.21873649409976267
21422,202611,0,0.10080511480090722
21423,202611,0,0.0859676808824121
21425,202611,1,0.1289021383399037
21426,202611,0,0.19618701372530875
21429,202611,0,0.06853548502610271
21432,202611,0,0.1534146252146607
21433,202611,0,0.13812857018908933
21434,202611,0,0.1213699472850768
21435,202611,0,0.16579727696223587
21436,202611,0,0.07304726721021815
21437,202611,0,0.16203200114452893
21438,202611,0,0.09916836658730874
21440,202611,1,0.17764125589879173
21443,202611,0,0.19576096086729092
21445,202611,0,0.13545109308837053
21446,202611,0,0.1265490145038329
21447,202611,1,0.14241968240450056
21448,202611,0,0.13445274756790376
21449,202611,1,0.13594602053857602
21450,202611,0,0.07192629254762788
21451,202611,0,0.16275783907628497
21452,202611,0,0.1647095882554227
21453,202611,0,0.17289860793101455
21455,202611,0,0.1353752551280307
21456,202611,0,0.12521447958345142
21458,202611,0,0.08370811916778696
21459,202611,0,0.1384782390712626
21461,202611,1,0.16267614948506773
21463,202611,0,0.1424504477099298
21464,202611,0,0.3030615099509295
21465,202611,1,0.19320715536230984
21466,202611,0,0.0993838076230789
21468,202611,0,0.12098879933942326
21470,202611,0,0.0835735445242741
21473,202611,0,0.17361876840937215
21474,202611,0,0.1662443469475907
21476,202611,0,0.15127760049319086
21477,202611,1,0.19152554695274604
21478,202611,0,0.14375697990402617
21479,202611,0,0.17882802070268444
21481,202611,1,0.2018814920262903
21482,202611,0,0.1307793415053279
21486,202611,0,0.1357081997177867
21487,202611,0,0.11105359589150494
21488,202611,0,0.11642356688983174
21489,202611,0,0.09454987744218506
21490,202611,0,0.15000675538178912
21491,202611,1,0.17003108056291732
21492,202611,0,0.19731716730565624
21493,202611,0,0.22989692917268487
21495,202611,0,0.1979843028849911
21498,202611,1,0.19536158204949908
21499,202611,0,0.16084709633789873
21500,202611,0,0.12978473692677617
21503,202611,0,0.18224642271844416
21504,202611,0,0.15866471557833595
21506,202611,1,0.13097888357822873
21507,202611,1,0.14956486634290617
21509,202611,1,0.147975083159469
21511,202611,0,0.07091485324729892
21513,202611,0,0.1712698611528368
21514,202611,0,0.07149808054306268
21515,202611,0,0.1819443125960674
21516,202611,0,0.11292122269923859
21517,202611,0,0.07276556880881611
21518,202611,1,0.16615822484431197
21519,202611,0,0.07806852464311329
21520,202611,1,0.15928707824031643
21521,202611,0,0.16262017187746622
21522,202611,0,0.23426836700309875
21525,202611,0,0.12178152110630276
21526,202611,0,0.14861640289418582
21527,202611,0,0.15745537196386772
21529,202611,0,0.17373374462509175
21530,202611,0,0.11028549193801437
21531,202611,0,0.23432694523178987
21532,202611,0,0.16985484448102212
21533,202611,0,0.10995649660641058
21534,202611,0,0.1808654750649686
21537,202611,1,0.11823861067045488
21538,202611,0,0.1054157753465384
21540,202611,0,0.13089651031829164
21542,202611,0,0.08039513117506573
21543,202611,1,0.16620495862410797
21544,202611,0,0.16087101882018587
21545,202611,0,0.06873422582411713
21547,202611,0,0.10642465841101698
21548,202611,0,0.11807657576499014
21551,202611,0,0.10495135059629761
21552,202611,0,0.13664307226017391
21554,202611,1,0.20627050047917234
21556,202611,0,0.10145010557126921
21557,202611,0,0.1235496623465651
21558,202611,0,0.09353015126598092
21559,202611,0,0.1937682543028167
21560,202611,0,0.08355731116438121
21563,202611,0,0.12502158764102148
21567,202611,0,0.16386360686496768
21568,202611,0,0.14950666601439855
21570,202611,0,0.12149423371577889
21571,202611,1,0.13012460982888613
21574,202611,1,0.20450632655313472
21575,202611,0,0.14295760703441476
21576,202611,0,0.2507753323111192
21577,202611,0,0.06572723489705574
21579,202611,0,0.11306852693514025
21580,202611,0,0.08258789142587594
21581,202611,0,0.1317567106934424
21582,202611,0,0.10732469478619082
21586,202611,0,0.22007975168169178
21587,202611,1,0.13640810071842574
21588,202611,0,0.13974240188656148
21589,202611,0,0.14795053491646373
21590,202611,0,0.14119565634440512
21592,202611,0,0.15690790255952033
21593,202611,0,0.18234971214910636
21594,202611,0,0.2074432966067125
21595,202611,0,0.11931936008619076
21596,202611,0,0.1499656273600316
21597,202611,0,0.08190099288042181
21599,202611,0,0.1672970263723802
21600,202611,0,0.05517495624253647
21603,202611,1,0.2021553185091254
21604,202611,0,0.07660800753677201
21605,202611,0,0.1480633742813281
21606,202611,0,0.2028030821835673
21607,202611,0,0.17354687662644458
21608,202611,0,0.1671886099231207
21611,202611,0,0.08990224742024919
21612,202611,0,0.2037381621289645
21613,202611,0,0.16765039734557918
21614,202611,0,0.14705459160181686
21617,202611,0,0.15222206227294935
21618,202611,0,0.12990140875126066
21621,202611,0,0.13790144779313737
21622,202611,1,0.19601330908207057
21623,202611,0,0.18328332250754958
21624,202611,0,0.12472825659932553
21625,202611,0,0.25394629470248054
21626,202611,0,0.13107087990185623
21627,202611,1,0.15678912554213098
21628,202611,1,0.18258137723003862
21633,202611,1,0.10305332487794965
21634,202611,0,0.12102149001144907
21636,202611,0,0.14838403879715223
21637,202611,1,0.19835639121975693
21638,202611,0,0.16288590327762031
21641,202611,0,0.14126955633552485
21642,202611,1,0.1802474661926057
21643,202611,0,0.16201488011915144
21645,202611,0,0.07676533469282612
21646,202611,0,0.0800185211633851
21649,202611,0,0.1624634034727539
21650,202611,0,0.13859590996499835
21651,202611,0,0.0798320146079084
21652,202611,0,0.15266179371695102
21653,202611,0,0.13497134547833242
21654,202611,0,0.1670933897073314
21659,202611,0,0.14027552503973173
21660,202611,0,0.04513737712002511
21661,202611,0,0.14396888692006649
21664,202611,0,0.163137976936662
21665,202611,0,0.11767002833456594
21666,202611,0,0.28232736606921865
21669,202611,0,0.16102723161845003
21671,202611,0,0.14337597591204385
21673,202611,0,0.20382250941318827
21675,202611,0,0.12353636259900712
21676,202611,0,0.1495168282393036
21677,202611,0,0.09337109275178884
21678,202611,0,0.16873902765571178
21680,202611,0,0.13672332412948995
21681,202611,0,0.17962308459510357
21683,202611,0,0.08689514811320687
21684,202611,0,0.11093182474931396
21685,202611,0,0.07118902606414564
21686,202611,0,0.1682547625476533
21688,202611,0,0.14148304333505105
21689,202611,0,0.1386691821751234
21690,202611,0,0.1755484747941445
21692,202611,0,0.11400991544412498
21693,202611,0,0.1558624231219946
21694,202611,0,0.07239553457092164
21695,202611,0,0.1272959356396558
21696,202611,0,0.1152863463361226
21697,202611,0,0.15235550170785844
21698,202611,0,0.17012750875239152
21699,202611,0,0.1379955113333847
21700,202611,1,0.16504488834014946
21705,202611,0,0.12424679687498545
21707,202611,1,0.16375787419955354
21709,202611,0,0.11423984461139479
21710,202611,0,0.16090295293258064
21711,202611,0,0.23900215155041102
21714,202611,0,0.16253575240509616
21715,202611,0,0.20430389616279546
21716,202611,0,0.14501928178465223
21719,202611,0,0.17209260364400966
21720,202611,1,0.1819976536207504
21721,202611,0,0.1988852149447193
21723,202611,0,0.19346817187064955
21724,202611,1,0.14811139522398903
21727,202611,0,0.20899415882242017
21728,202611,0,0.08532646269166706
21729,202611,0,0.13651811436335348
21730,202611,0,0.09052328104258783
21731,202611,0,0.21068157007052352
21732,202611,0,0.11837987799599513
21733,202611,0,0.14198143052166526
21734,202611,0,0.14824868459473112
21735,202611,1,0.16903875407337818
21736,202611,0,0.13539365910132142
21737,202611,0,0.1401500260263566
21738,202611,0,0.18715507330270503
21739,202611,0,0.15749973533672157
21741,202611,0,0.18979733402430227
21742,202611,0,0.12536073693674685
21743,202611,1,0.13013401610719524
21745,202611,0,0.17095890274916467
21746,202611,0,0.07268695802645533
21747,202611,0,0.15440964528422998
21749,202611,1,0.09954773060434446
21750,202611,0,0.08573677694078784
21751,202611,0,0.16745725517649873
21754,202611,0,0.1444857395341185
21756,202611,0,0.19036704933525375
21757,202611,0,0.18073212931716157
21758,202611,0,0.15812910517881518
21760,202611,0,0.1114423571878541
21765,202611,0,0.12850508994974957
21767,202611,0,0.1063970381696009
21768,202611,0,0.0882645082576894
21769,202611,0,0.18307814363916144
21770,202611,0,0.13943774402192696
21771,202611,0,0.11645055779029277
21772,202611,0,0.18525023507827193
21773,202611,0,0.16258946124002285
21774,202611,0,0.13483164617355212
21775,202611,0,0.09465199986344683
21777,202611,1,0.30872509268662923
21778,202611,1,0.2111050086877609
21779,202611,1,0.09573891927222633
21780,202611,0,0.1318498876799151
21781,202611,0,0.13313944477490117
21782,202611,0,0.16233514934400614
21783,202611,1,0.23701238875877761
21790,202611,0,0.13916706994543124
21791,202611,0,0.18770608520416984
21792,202611,0,0.14791397197660297
21793,202611,0,0.1960053960689873
21794,202611,0,0.1508660667656819
21795,202611,1,0.16234630464830135
21796,202611,0,0.0577750743228351
21798,202611,0,0.1656032630153977
21799,202611,0,0.12257869819038751
21800,202611,0,0.1389273365599258
21801,202611,1,0.12177426299112692
21802,202611,0,0.13647024559549545
21803,202611,0,0.1483284113943473
21804,202611,0,0.17685629751818613
21805,202611,0,0.11105372590744067
21806,202611,0,0.15550318966546095
21807,202611,0,0.17858230398905484
21808,202611,0,0.16166566860034165
21810,202611,1,0.14863931706285233
21812,202611,0,0.09238945566463831
21813,202611,0,0.0874801207434905
21816,202611,0,0.1994152788120288
21817,202611,0,0.09586357307412365
21819,202611,0,0.13456930963897093
21820,202611,1,0.1763907253362275
21821,202611,0,0.07291367338790329
21823,202611,0,0.1524743504903999
21825,202611,1,0.22104934450043306
21826,202611,0,0.1638284914504091
21827,202611,0,0.11416323689094456
21828,202611,0,0.13113859348535098
21829,202611,0,0.09881458552314898
21831,202611,0,0.1607538331205781
21833,202611,0,0.10705096017559436
21835,202611,1,0.16181312709502724
21836,202611,0,0.19559730575877812
21837,202611,0,0.1414186813515143
21838,202611,0,0.16467834074068363
21839,202611,0,0.16593155898902795
21840,202611,0,0.10785140541798426
21842,202611,1,0.14739889880964732
21844,202611,0,0.16446637648733625
21846,202611,0,0.11028087366243806
21847,202611,0,0.09700691445939874
21848,202611,0,0.17454622126270739
21851,202611,0,0.10949784830732792
21852,202611,0,0.23263474926541913
21853,202611,0,0.21339633184749687
21855,202611,0,0.07885835166728906
21856,202611,0,0.19303864726951703
21859,202611,0,0.10164311234545617
21861,202611,1,0.1283160197471527
21862,202611,0,0.09429269594265485
21864,202611,0,0.10185537509692613
21865,202611,1,0.13368969406143888
21866,202611,0,0.2025297047015069
21867,202611,0,0.1639541327913517
21868,202611,0,0.1731894464120926
21869,202611,0,0.14342023231517295
21870,202611,0,0.07856135181720032
21871,202611,0,0.23008451701010432
21872,202611,0,0.08153963080518957
21873,202611,0,0.16825245555378943
21874,202611,0,0.08836931598063366
21876,202611,0,0.10070572750770951
21877,202611,0,0.1850617622484856
21879,202611,0,0.17464478416171061
21882,202611,0,0.2095577037979691
21885,202611,0,0.136860711791068
21886,202611,0,0.07425988842712931
21887,202611,0,0.09347999164229026
21888,202611,0,0.22282552941510525
21889,202611,0,0.1593183580431517
21890,202611,0,0.15653279584877952
21891,202611,1,0.1392489037270499
21892,202611,1,0.15075982761148987
21893,202611,0,0.17913602117151983
21894,202611,0,0.1381904802851689
21895,202611,0,0.1380347218667207
21896,202611,0,0.1812487924169336
21898,202611,1,0.15025885946315512
21899,202611,0,0.18821335889538315
21900,202611,0,0.11187944101663443
21901,202611,0,0.10797546414188215
21902,202611,1,0.19610535278367575
21903,202611,0,0.14188704696714544
21905,202611,0,0.15157714937303718
21906,202611,0,0.172088295304346
21908,202611,0,0.13861419717586973
21909,202611,1,0.3617092462887422
21910,202611,0,0.1819416314635222
21911,202611,0,0.09521982150500496
21913,202611,0,0.17111174911824942
21914,202611,0,0.11332960705370422
21916,202611,0,0.10640162020754979
21918,202611,0,0.062094578686207595
21919,202611,0,0.09412667092490536
21921,202611,0,0.1757115066484672
21922,202611,1,0.06608407902818406
21923,202611,0,0.13102799403753937
21925,202611,0,0.10022190793624969
21926,202611,0,0.1905618038257046
21927,202611,0,0.17488243115352997
21928,202611,0,0.13586777610989811
21930,202611,0,0.11649855598596623
21931,202611,0,0.09946325489767198
21934,202611,0,0.11217134403866172
21935,202611,0,0.12365952801922868
21936,202611,0,0.34157399045084547
21937,202611,0,0.11742730817188816
21938,202611,0,0.2237491586300595
21939,202611,0,0.28990315567250735
21940,202611,1,0.23929680097831832
21941,202611,0,0.09308970503099939
21942,202611,0,0.15530194879752499
21943,202611,1,0.2431047273903564
21945,202611,0,0.14147747517537146
21946,202611,0,0.08724006473671017
21947,202611,0,0.20602606476239538
21948,202611,0,0.13828528344641458
21952,202611,0,0.08130038477785967
21953,202611,0,0.18276199589261186
21957,202611,0,0.0976309662720962
21958,202611,0,0.06313306648147061
21959,202611,0,0.12939309442044664
21961,202611,0,0.09152439974936032
21962,202611,0,0.1759475235840262
21963,202611,0,0.07825271692087041
21964,202611,0,0.21086497031736381
21967,202611,0,0.18799275014124667
21969,202611,0,0.09643736466853225
21970,202611,0,0.1402318135716817
21971,202611,0,0.05201429722758121
21973,202611,0,0.20129330738939127
21974,202611,0,0.11258212533017774
21978,202611,1,0.19463940286933193
21980,202611,0,0.12498082422664325
21981,202611,0,0.06633005304090601
21982,202611,1,0.21988098731616426
21983,202611,0,0.09772658676909228
21984,202611,0,0.07791222916405588
21985,202611,0,0.12967690206262847
21986,202611,0,0.16346209520479282
21987,202611,1,0.09128052879712444
21990,202611,0,0.16443273168342395
21991,202611,0,0.11867974781898749
21992,202611,0,0.11593931193146834
21994,202611,0,0.122446588362827
21995,202611,0,0.106161861526575
21996,202611,0,0.07384550184901179
21997,202611,0,0.13753203868740327
21998,202611,0,0.19180513475428884
21999,202611,0,0.1579284342053439
22002,202611,0,0.08416826335438377
22004,202611,0,0.1488899277315004
22005,202611,0,0.22635962047039124
22006,202611,1,0.1337164725617178
22007,202611,0,0.14959260518765205
22008,202611,0,0.14458695584569803
22009,202611,0,0.1036185087344725
22010,202611,1,0.2800600281942767
22011,202611,1,0.20431222328155763
22012,202611,0,0.22058509928987752
22013,202611,0,0.10171446114400169
22014,202611,1,0.18896384537919664
22015,202611,0,0.0897908965112064
22016,202611,0,0.11031150059308559
22017,202611,0,0.08372487172779781
22019,202611,0,0.19933014403143304
22020,202611,0,0.2120682930891274
22021,202611,0,0.05819154696991083
22022,202611,0,0.08618932410998982
22023,202611,0,0.1411525142418856
22024,202611,1,0.37014017945155203
22025,202611,0,0.19879893619907582
22027,202611,0,0.19602989234988966
22028,202611,0,0.06228850801496959
22029,202611,1,0.2420720012834046
22030,202611,1,0.12104370267027513
22031,202611,1,0.2460119881379375
22032,202611,1,0.08413842224898521
22033,202611,0,0.17292056533408956
22034,202611,0,0.20733531497268137
22035,202611,0,0.16631314334263597
22036,202611,0,0.15834820324958226
22038,202611,0,0.06768472852313305
22039,202611,0,0.17947577373492174
22041,202611,1,0.19251395682867514
22042,202611,0,0.19018543204981783
22044,202611,0,0.14496583413394737
22045,202611,0,0.14717517318993378
22046,202611,1,0.14527123773593875
22048,202611,0,0.29662777655541084
22049,202611,0,0.07913761475762993
22050,202611,1,0.13767993933922457
22051,202611,0,0.14146904558692172
22052,202611,0,0.09361200943889944
22053,202611,0,0.1596114022419958
22054,202611,0,0.17773696641610595
22055,202611,0,0.16588528247156703
22056,202611,0,0.10926106621891482
22057,202611,1,0.24434248024352387
22058,202611,0,0.20762791761213475
22059,202611,0,0.15672538868389502
22061,202611,0,0.08602851251665249
22062,202611,0,0.16390127678100225
22065,202611,0,0.14193091559636384
22066,202611,0,0.12366103923604126
22067,202611,1,0.11451347891354025
22068,202611,0,0.18141994097387892
22069,202611,0,0.1571100868758746
22072,202611,1,0.1509116944602329
22074,202611,0,0.23587875042863232
22076,202611,0,0.1970328592267534
22077,202611,0,0.0965875634984929
22078,202611,0,0.14289391684128566
22079,202611,0,0.20927754527885853
22080,202611,0,0.16898216310836328
22082,202611,0,0.08019678505765829
22083,202611,1,0.2042702839805496
22084,202611,0,0.09962736365972848
22085,202611,0,0.17300325095433722
22086,202611,0,0.15739694252525283
22090,202611,0,0.20875702616892217
22091,202611,0,0.1775911110598192
22092,202611,1,0.14873089928538621
22093,202611,0,0.13173211313359287
22094,202611,1,0.12309719266657432
22095,202611,0,0.08552875829105355
22097,202611,1,0.07183814227029676
22098,202611,0,0.12767857456668538
22099,202611,0,0.09544982408850654
22100,202611,0,0.09251086956848122
22101,202611,0,0.20700594391128493
22102,202611,0,0.3172581381280745
22103,202611,0,0.16187189610689898
22104,202611,1,0.11710954174429306
22106,202611,0,0.12246032197919307
22107,202611,0,0.1579743279595483
22109,202611,1,0.131557682068934
22111,202611,0,0.10619516844175761
22112,202611,0,0.16542527051620035
22114,202611,1,0.20649226585615849
22116,202611,0,0.08601458726255223
22121,202611,0,0.15557654200325105
22123,202611,0,0.05848988177757504
22124,202611,0,0.12034811458092481
22125,202611,0,0.13386675581306093
22126,202611,0,0.21288485422555242
22127,202611,0,0.1255618124867939
22128,202611,1,0.12124261486242205
22129,202611,1,0.12520319545347458
22130,202611,0,0.1575996891291261
22131,202611,0,0.2205212949719596
22132,202611,0,0.09680886358146087
22134,202611,0,0.23131788653324217
22135,202611,0,0.17111297082389224
22136,202611,0,0.21459365270824327
22137,202611,0,0.18239599663003572
22140,202611,1,0.16956801480901593
22141,202611,0,0.16763873393534925
22142,202611,1,0.13020512939070725
22143,202611,0,0.16322930716428705
22144,202611,1,0.15460294368899902
22146,202611,0,0.11574820096438948
22147,202611,0,0.13352144608425215
22148,202611,0,0.2228116079032084
22149,202611,0,0.11627164601423967
22151,202611,0,0.15798956019707197
22152,202611,0,0.1646080075397146
22153,202611,0,0.17741646439372716
22154,202611,0,0.1565934387483847
22155,202611,1,0.1418428793050345
22156,202611,0,0.21705926209090098
22158,202611,0,0.16669815001225607
22159,202611,0,0.21742639685395695
22160,202611,0,0.17301355936758378
22161,202611,0,0.16182222200619864
22162,202611,1,0.07887924618866787
22163,202611,0,0.10041539662650177
22164,202611,0,0.18405654005182304
22166,202611,0,0.07498671059589544
22167,202611,0,0.09183167615517605
22168,202611,0,0.22926546878294574
22169,202611,0,0.18684925649443157
22172,202611,0,0.2085240864761286
22173,202611,1,0.15687075183958832
22174,202611,1,0.23243265007966954
22175,202611,0,0.13948286488753053
22176,202611,0,0.08226594484203732
22177,202611,0,0.12221952914425345
22178,202611,0,0.2809544987407962
22179,202611,1,0.15670975744225998
22180,202611,1,0.21051492336778566
22181,202611,0,0.17031540287498506
22182,202611,0,0.11957293118506047
22183,202611,0,0.06652649525525346
22184,202611,0,0.15641279040088923
22186,202611,0,0.2178747561237332
22187,202611,0,0.20851814016048742
22188,202611,1,0.2600902886669632
22190,202611,0,0.19240509808968145
22192,202611,1,0.14982298313629608
22193,202611,0,0.11947997256493471
22194,202611,0,0.1418989306238003
22195,202611,0,0.2522255910435483
22196,202611,0,0.09590751343403169
22197,202611,0,0.17914695308661402
22198,202611,0,0.0775962407294076
22199,202611,0,0.22089616991553976
22200,202611,0,0.18675923996846017
22201,202611,1,0.08569345024025997
22202,202611,0,0.26786981773844437
22203,202611,0,0.11533287514079464
22204,202611,0,0.16955382527172053
22205,202611,0,0.12027513652449096
22206,202611,0,0.09418682086723884
22207,202611,1,0.24963317926493875
22208,202611,0,0.1438736802919296
22210,202611,0,0.11465495764027796
22212,202611,0,0.2298361893581363
22213,202611,1,0.12306833758304311
22214,202611,0,0.11749168737317293
22215,202611,1,0.26910934597699226
22216,202611,0,0.16960133329946894
22217,202611,1,0.11347520650484393
22219,202611,0,0.181494398968807
22221,202611,1,0.16087623421822977
22222,202611,0,0.18971645623394937
22223,202611,0,0.2862307675223237
22224,202611,0,0.13087722568782303
22225,202611,0,0.18436900463483263
22226,202611,0,0.07091030736619253
22227,202611,0,0.2418624795399024
22229,202611,0,0.10554659482770226
22231,202611,0,0.15294991768613858
22232,202611,1,0.22283167408952512
22233,202611,0,0.1649973506708581
22234,202611,0,0.32901244736625823
22235,202611,0,0.10053527451926604
22236,202611,0,0.19033648057948008
22237,202611,0,0.1868782374240866
22240,202611,0,0.1531418573283055
22241,202611,0,0.21401359656434069
22242,202611,0,0.1427176820468905
22243,202611,0,0.1458678029238679
22244,202611,1,0.0998142403291364
22245,202611,0,0.16431790336036287
22246,202611,1,0.06240468181670687
22248,202611,0,0.2014556113309645
22249,202611,0,0.12449159044156984
22250,202611,0,0.23460461667083377
22251,202611,0,0.13805583530937343
22252,202611,0,0.08901300164314184
22253,202611,0,0.1646669912374574
22254,202611,0,0.12776112934544873
22255,202611,0,0.15928264502751383
22257,202611,0,0.06774316367394084
22258,202611,1,0.2058434645253471
22260,202611,0,0.13635366681903643
22262,202611,0,0.17983007627109238
22263,202611,0,0.19638581451683002
22264,202611,0,0.11747980377122179
22265,202611,0,0.19034185907728496
22267,202611,0,0.260626491728281
22268,202611,0,0.1914439500448506
22269,202611,0,0.211951428322088
22270,202611,1,0.11695679768592827
22271,202611,0,0.07736537280311516
22272,202611,0,0.16202068122619778
22273,202611,0,0.1633986190926061
22274,202611,0,0.22378970262094833
22275,202611,0,0.11276331058869506
22277,202611,0,0.2883707544866553
22279,202611,1,0.13308598641732178
22280,202611,1,0.16255595445058
22281,202611,1,0.20037401958075335
22282,202611,0,0.13162777359698638
22283,202611,0,0.10834291193578342
22284,202611,0,0.08776158718273593
22285,202611,1,0.19733785651876803
22286,202611,0,0.20546721300887502
22287,202611,0,0.07625227688369067
22288,202611,0,0.12670725381534892
22289,202611,0,0.17467925650672236
22290,202611,0,0.11608314939619975
22291,202611,0,0.13813380269057565
22292,202611,0,0.06689126732135615
22293,202611,0,0.12584825076750417
22294,202611,1,0.16142565829402436
22295,202611,0,0.16645019155185636
22296,202611,0,0.18049236975418834
22297,202611,0,0.13276901160646323
22298,202611,0,0.15064389758473926
22299,202611,0,0.1124332507502623
22300,202611,0,0.18080667457284483
22301,202611,1,0.16079730770552267
22302,202611,0,0.16095284968129586
22303,202611,0,0.17821732507242083
22305,202611,0,0.08059206493248788
22306,202611,0,0.19292277989613038
22307,202611,0,0.2074290393960942
22308,202611,0,0.12443929944833526
22309,202611,0,0.18258365679987132
22311,202611,1,0.2972622537447749
22312,202611,0,0.21831262038311836
22313,202611,0,0.1474134007646703
22314,202611,0,0.19478884727516907
22315,202611,0,0.09529394393085872
22316,202611,0,0.19386699389846487
22317,202611,0,0.08389717164693734
22318,202611,0,0.17958692504875043
22319,202611,0,0.24234674595814643
22320,202611,0,0.1838726806593609
22322,202611,0,0.19500575228635583
22323,202611,0,0.25411006808748154
22324,202611,0,0.10387719875998923
22326,202611,1,0.20694458767406837
22327,202611,1,0.20448808090903622
22328,202611,0,0.1428171418661301
22329,202611,0,0.11871303448268838
22330,202611,0,0.13094859306704734
22331,202611,0,0.19565784516602083
22332,202611,0,0.11059506564944216
22333,202611,0,0.08001002778965743
22334,202611,0,0.1649925985897696
22335,202611,0,0.17526980689973706
22336,202611,0,0.2118020318581646
22337,202611,1,0.19622426176023172
22338,202611,0,0.18081103118981937
22339,202611,0,0.09382827891569612
22341,202611,0,0.10416182364053846
22342,202611,0,0.14653456442678764
22343,202611,0,0.13608883726656673
22344,202611,0,0.1561959610132636
22345,202611,0,0.13873577024688197
22346,202611,0,0.07971894418467286
22347,202611,1,0.19641039562297946
22349,202611,1,0.16846399441117285
22350,202611,0,0.15140404638989013
22351,202611,0,0.12099584337403732
22353,202611,0,0.1623678296537123
22354,202611,0,0.19840948122716742
22355,202611,0,0.10325954799819109
22358,202611,0,0.09277437640019498
22359,202611,1,0.2459441997477917
22360,202611,1,0.1550733596412595
22362,202611,0,0.17126100711967376
22364,202611,1,0.12010198592673571
22365,202611,0,0.1702496203685716
22366,202611,0,0.15297022482906192
22367,202611,1,0.2092982560288688
22368,202611,0,0.11408384981767151
22369,202611,0,0.06783789563229224
22370,202611,0,0.08247947224578892
22371,202611,0,0.1459825669765099
22372,202611,0,0.2221317505496438
22373,202611,0,0.1374863605684182
22374,202611,0,0.0965705680864254
22375,202611,0,0.17021085646450101
22376,202611,0,0.1277801560173076
22377,202611,0,0.1144670282178471
22378,202611,0,0.15356826833519752
22379,202611,0,0.16359045878037318
22382,202611,0,0.16377242798580402
22385,202611,1,0.17172156500184108
22386,202611,0,0.11997317481699844
22387,202611,0,0.19930499069076693
22388,202611,0,0.12057827489352894
22390,202611,0,0.15672345202509286
22391,202611,0,0.09060109989698764
22392,202611,0,0.13443190076617792
22393,202611,0,0.20828608313844518
22394,202611,0,0.1897004525231706
22395,202611,0,0.1711398940277424
22397,202611,0,0.19312454856903366
22398,202611,1,0.218503794378184
22399,202611,0,0.25092017550539425
22401,202611,0,0.17836501888631598
22402,202611,0,0.1672424975301043
22403,202611,0,0.16960968532409035
22404,202611,1,0.0919476437643489
22405,202611,0,0.1648883371203272
22406,202611,0,0.11987844982032096
22407,202611,0,0.21621420977182837
22408,202611,0,0.17400120139630565
22409,202611,0,0.06651647456939405
22410,202611,0,0.12627525042215043
22411,202611,0,0.23876168437290124
22413,202611,0,0.2253114727988296
22414,202611,1,0.23272603472838552
22415,202611,0,0.17054105141053094
22416,202611,0,0.18667432374751167
22417,202611,1,0.11992709679165177
22419,202611,0,0.2019056076509769
22420,202611,1,0.07908414927354263
22421,202611,1,0.11557701057147476
22422,202611,0,0.17561295731385498
22423,202611,1,0.14407415464947124
22424,202611,0,0.19273367141115139
22425,202611,0,0.22919429492365737
22426,202611,0,0.14578950407908012
22427,202611,0,0.1999507721337351
22428,202611,0,0.16099790681393897
22429,202611,0,0.21837928880397164
22430,202611,0,0.1336446821814997
22431,202611,0,0.13915813074524747
22432,202611,0,0.14167399696686334
22433,202611,0,0.07983518616681246
22434,202611,1,0.09341968490704723
22436,202611,0,0.13008115929628022
22437,202611,0,0.15512240094897162
22438,202611,0,0.17181275075093957
22439,202611,0,0.13945043446689945
22440,202611,0,0.19352922151249993
22441,202611,0,0.11372908181567995
22442,202611,0,0.12132438070906636
22443,202611,0,0.163429459721713
22444,202611,0,0.12654354076679433
22445,202611,1,0.18990492127853317
22446,202611,0,0.05780881696357285
22447,202611,0,0.09460565261588838
22448,202611,0,0.18352424565397157
22449,202611,0,0.12921190767197013
22450,202611,0,0.17675238237433
22451,202611,0,0.1267028369500201
22452,202611,0,0.18969455065458882
22453,202611,1,0.12328931719355583
22454,202611,0,0.09109576547664855
22455,202611,0,0.2807035718731275
22457,202611,0,0.15418280555459557
22459,202611,0,0.09560566121093643
22460,202611,0,0.17718044052223364
22461,202611,0,0.1286992567976993
22462,202611,0,0.2257726429716862
22464,202611,0,0.15866326695986815
22465,202611,0,0.16449434706188107
22466,202611,0,0.19430106027394684
22467,202611,1,0.15554962701493447
22470,202611,0,0.23947930945211848
22471,202611,1,0.16510599163770304
22473,202611,1,0.12869578992609065
22474,202611,0,0.2507730928676312
22475,202611,1,0.31366438858020673
22476,202611,0,0.10430801664013034
22477,202611,0,0.17145091486740535
22479,202611,0,0.1740803297180723
22480,202611,0,0.2366729615052213
22482,202611,0,0.16521687888089182
22484,202611,1,0.17105795845489077
22485,202611,0,0.12652792961000406
22486,202611,0,0.13965493272449195
22487,202611,0,0.11196427629841259
22488,202611,0,0.11622933574646832
22489,202611,0,0.12390000079532718
22492,202611,0,0.13799128149000278
22493,202611,0,0.1705449595272058
22494,202611,1,0.14620586093014798
22495,202611,0,0.12508570314875322
22496,202611,1,0.1672751237668307
22497,202611,0,0.1282721186314226
22499,202611,0,0.09106220151147695
22500,202611,0,0.09189438506114715
22501,202611,1,0.23272871723806976
22502,202611,0,0.1797002011353646
22506,202611,1,0.1304384630581382
22507,202611,0,0.11684922132118045
22508,202611,0,0.0647789749934755
22509,202611,1,0.3073820240176696
22510,202611,0,0.12421874859783875
22512,202611,0,0.1869084537922023
22513,202611,0,0.1158146848773348
22514,202611,1,0.16080753005862164
22515,202611,0,0.14967734047720385
22516,202611,1,0.12270999900001248
22517,202611,1,0.1533474051410934
22518,202611,0,0.09853607111742757
22519,202611,0,0.15898196602188286
22520,202611,0,0.17985362619287315
22521,202611,0,0.07170950923513121
22523,202611,0,0.20112676763642706
22524,202611,0,0.34729429319168403
22525,202611,0,0.12563579267598385
22526,202611,0,0.24430203849031187
22527,202611,0,0.14335478151861017
22528,202611,0,0.14855307044668162
22529,202611,0,0.12935955699569857
22530,202611,0,0.20808040014202162
22531,202611,0,0.12219786857700404
22533,202611,0,0.18058105651138226
22536,202611,1,0.3662257407270438
22537,202611,1,0.11043429193811385
22538,202611,0,0.12507008331219224
22539,202611,1,0.13025346942528984
22540,202611,0,0.06392584208766079
22542,202611,0,0.16296228470704874
22544,202611,0,0.12591881808841915
22545,202611,1,0.12386313930450576
22546,202611,0,0.08674710314488421
22547,202611,0,0.2691640350265217
22548,202611,1,0.11589588322447976
22549,202611,0,0.13358465736499014
22550,202611,0,0.19046825423116243
22551,202611,0,0.26607918738490405
22552,202611,0,0.16259066193554866
22553,202611,0,0.0723692589145045
22554,202611,0,0.18757914472011733
22557,202611,1,0.19003027926493063
22558,202611,0,0.07426813145768647
22560,202611,0,0.09636885341567947
22561,202611,0,0.15909159013679994
22562,202611,0,0.22243979156376725
22563,202611,0,0.22094407351491524
22564,202611,0,0.19101686288093225
22565,202611,0,0.15548039392799734
22566,202611,0,0.14302905597280796
22567,202611,0,0.1736405800865579
22568,202611,1,0.1381901780235656
22570,202611,0,0.10964846078869278
22572,202611,1,0.37008522203507377
22573,202611,0,0.17931722038355125
22574,202611,1,0.06082258390730993
22577,202611,0,0.1972268145929805
22578,202611,1,0.1895340389147113
22580,202611,0,0.13368210563828545
22581,202611,0,0.1289742427379661
22582,202611,1,0.21449470556115638
22583,202611,0,0.17858415535333977
22584,202611,0,0.19556582141639808
22585,202611,0,0.13943254466010194
22586,202611,1,0.09804190280881692
22587,202611,0,0.10632257612945588
22588,202611,0,0.12203344618340162
22591,202611,0,0.2426630462113957
22592,202611,0,0.17387906686373317
22593,202611,0,0.19426431236595698
22594,202611,1,0.188726539031179
22595,202611,0,0.17415508750748265
22596,202611,0,0.2054840602417828
22597,202611,0,0.16532434012648578
22598,202611,0,0.17055367481458714
22599,202611,0,0.07741398035992879
22600,202611,0,0.14792732351746593
22601,202611,0,0.08803301282703539
22602,202611,0,0.19501091581124352
22603,202611,0,0.16997906519754769
22604,202611,0,0.21363760223184378
22605,202611,0,0.1183847377920013
22606,202611,0,0.1062927687597984
22607,202611,0,0.14804648741359774
22608,202611,0,0.15018136457450917
22609,202611,0,0.1201687132560995
22610,202611,0,0.20495055441910012
22611,202611,0,0.1945293281176426
22612,202611,0,0.14356230341467394
22613,202611,0,0.2391187940715754
22614,202611,0,0.20101881936760704
22615,202611,0,0.10131368255936031
22618,202611,0,0.14466786591983705
22619,202611,1,0.18214045694928144
22621,202611,0,0.13755880294398554
22622,202611,0,0.13265319387573812
22624,202611,0,0.1090282705739052
22625,202611,1,0.14745543916078102
22626,202611,0,0.20192434053806785
22627,202611,0,0.08970108189156202
22628,202611,0,0.11410867140463615
22629,202611,0,0.1489689445893078
22630,202611,0,0.09018165319366583
22631,202611,0,0.11676194655806338
22633,202611,0,0.133390087484156
22634,202611,0,0.12562682447258422
22635,202611,0,0.1741048578739346
22636,202611,1,0.28424647461838104
22637,202611,0,0.10243020838754573
22639,202611,0,0.2453858885202959
22640,202611,1,0.1459656749745034
22641,202611,0,0.15252625254016058
22642,202611,0,0.2080435556014918
22643,202611,0,0.1339834271998521
22644,202611,0,0.2919354440627884
22646,202611,0,0.07835963473338062
22647,202611,0,0.20302383028982265
22648,202611,0,0.1968776690294795
22649,202611,1,0.2522727720960604
22650,202611,0,0.23882877370861616
22651,202611,1,0.2043996370197139
22652,202611,0,0.11720207891014667
22653,202611,0,0.16611198675174593
22655,202611,0,0.23192260377793894
22657,202611,0,0.059524930276442345
22658,202611,0,0.17704325983426594
22659,202611,1,0.16606942333295152
22660,202611,1,0.09740745000346218
22661,202611,1,0.08347144766362184
22662,202611,0,0.15934011137560494
22663,202611,0,0.1135000022977776
22664,202611,0,0.21350406354528548
22665,202611,0,0.18376924016434099
22666,202611,0,0.21803357433701256
22668,202611,0,0.14448050341397983
22669,202611,0,0.1587863615616176
22670,202611,0,0.19637043214854608
22671,202611,0,0.15551218711128822
22672,202611,0,0.12430260404779268
22673,202611,0,0.0966983632349602
22675,202611,1,0.20067218970792755
22676,202611,0,0.13207389711211232
22677,202611,1,0.22766490907445205
22678,202611,0,0.1491959548211887
22679,202611,1,0.12373274656455976
22680,202611,1,0.1411236945890612
22681,202611,1,0.08886710806718082
22682,202611,0,0.17898534041373293
22683,202611,0,0.1429895294385589
22684,202611,0,0.13605534309427947
22685,202611,0,0.12339479077768985
22686,202611,0,0.18898807318451719
22687,202611,0,0.19940804980880988
22688,202611,0,0.1203846865306212
22690,202611,0,0.11026473568358797
22691,202611,0,0.08210431137124816
22692,202611,0,0.1863685183383359
22693,202611,1,0.14986227263858887
22694,202611,0,0.15577806628628016
22695,202611,0,0.17985574457842854
22696,202611,0,0.08385121119863889
22697,202611,0,0.241923147436558
22698,202611,1,0.14076206618304887
22699,202611,0,0.20250935630903857
22701,202611,1,0.360363044016357
22702,202611,0,0.24981205620271363
22704,202611,0,0.12220082157641436
22705,202611,0,0.18231552428870307
22706,202611,0,0.20902626419492668
22707,202611,1,0.15812933175606955
22708,202611,1,0.17860951367636618
22709,202611,0,0.08988335578267585
22711,202611,0,0.2025889935916852
22712,202611,0,0.15560001403034385
22713,202611,1,0.25615249721332906
22714,202611,0,0.1646154444692055
22715,202611,0,0.07632622216972909
22716,202611,0,0.0958915766311207
22717,202611,0,0.14715368569607515
22718,202611,0,0.07540143096417395
22720,202611,0,0.23128484381442013
22721,202611,0,0.11136300635304279
22722,202611,1,0.16405714379961728
22724,202611,0,0.17632258564678463
22725,202611,0,0.1522148976464666
22726,202611,0,0.24589710412887117
22728,202611,0,0.1124521367730888
22729,202611,0,0.07431251015110996
22730,202611,0,0.22056420292748935
22732,202611,0,0.22309949678729402
22733,202611,0,0.19924879122088593
22734,202611,0,0.17630094403839053
22735,202611,0,0.2908136300005286
22736,202611,0,0.15398297579360715
22737,202611,0,0.0813662629062626
22738,202611,0,0.06631591879124225
22739,202611,0,0.27594237626432805
22740,202611,0,0.19891558413581475
22742,202611,0,0.14529811005911114
22743,202611,0,0.15781723178296728
22745,202611,0,0.15710664413638165
22746,202611,0,0.08757704910091456
22748,202611,0,0.26954428352674026
22749,202611,0,0.1438442642626937
22751,202611,0,0.10044481837342266
22752,202611,0,0.17641324264486172
22753,202611,0,0.2715639241071519
22755,202611,1,0.10780783441420282
22756,202611,0,0.10307093535657122
22757,202611,0,0.07207749766827247
22758,202611,0,0.18379459574865495
22759,202611,0,0.13436615892645917
22760,202611,1,0.16205551797681847
22762,202611,0,0.0921467825812266
22763,202611,0,0.22660853675820838
22764,202611,0,0.17515297705568125
22765,202611,1,0.30491245096217506
22766,202611,0,0.08282979729321888
22768,202611,0,0.09151468313522877
22769,202611,0,0.13262248011959987
22770,202611,0,0.11652582727594284
22772,202611,0,0.212640198310464
22773,202611,0,0.12317819410844756
22775,202611,0,0.15093921065612512
22776,202611,0,0.17722777971567077
22777,202611,0,0.14237747494049613
22779,202611,0,0.14047046746165445
22780,202611,0,0.1922593017901151
22781,202611,0,0.2925007642798229
22782,202611,1,0.12170882342598549
22783,202611,0,0.1542891395869725
22784,202611,0,0.15571225143367604
22785,202611,1,0.1574551017472592
22786,202611,0,0.2002483625368609
22787,202611,1,0.21167883708393473
22789,202611,0,0.1300592365521064
22791,202611,0,0.08293799415719737
22792,202611,1,0.281015732172574
22793,202611,0,0.18280744517388434
22794,202611,0,0.171092354868578
22795,202611,0,0.11691387457912061
22796,202611,0,0.1166236580272254
22798,202611,0,0.2044244198808048
22799,202611,1,0.08915158014807201
22800,202611,0,0.1741467320386439
22801,202611,0,0.15858386057303267
22802,202611,0,0.20635585043773785
22804,202611,0,0.06788492433973485
22808,202611,0,0.13103465958490912
22809,202611,1,0.25134316333917445
22810,202611,0,0.21697362905458878
22811,202611,0,0.13969695570158325
22812,202611,0,0.06964023852779355
22813,202611,0,0.15711826157133782
22814,202611,0,0.18739454537763095
22815,202611,1,0.13288831553323488
22816,202611,0,0.13575968533432328
22818,202611,0,0.16362916477247394
22820,202611,0,0.21722082481788937
22821,202611,0,0.09737522330325135
22823,202611,0,0.10721825922469991
22824,202611,0,0.11212291387765576
22825,202611,0,0.15956128571340658
22826,202611,0,0.24524634875553564
22828,202611,0,0.0791242310472081
22829,202611,0,0.21337008342731875
22830,202611,0,0.21797701708447595
22831,202611,0,0.24318832888618774
22832,202611,0,0.14328888944844556
22833,202611,0,0.07916083593993661
22836,202611,0,0.1403598675375641
22839,202611,0,0.10618988529271334
22840,202611,0,0.1091355374794069
22841,202611,0,0.1279612136436378
22842,202611,0,0.13945206028014553
22844,202611,1,0.10179770670726951
22845,202611,0,0.18182490229042006
22846,202611,0,0.1038409255631938
22847,202611,0,0.1721801348783687
22848,202611,0,0.10957580138107947
22849,202611,1,0.2706467257143126
22851,202611,0,0.16342959981991234
22853,202611,0,0.13011125779982094
22855,202611,0,0.1289717069157197
22856,202611,1,0.12908420835215276
22857,202611,1,0.0788873337426163
22858,202611,1,0.16241200009462675
22859,202611,0,0.14103976960046602
22860,202611,0,0.28202495962517626
22861,202611,0,0.12706708538946349
22862,202611,0,0.18947875340138873
22863,202611,1,0.20550251197042138
22864,202611,0,0.16167322648960655
22865,202611,0,0.06902405956161763
22866,202611,1,0.2926234143794773
22868,202611,1,0.12398667005970282
22869,202611,1,0.3822764159511959
22870,202611,0,0.1384192892213577
22871,202611,0,0.18089918739754188
22872,202611,1,0.17279925557047024
22873,202611,0,0.10484357766093504
22874,202611,0,0.1761315194667232
22875,202611,0,0.13933413474902565
22876,202611,0,0.1803954079394661
22877,202611,0,0.26272207832536093
22878,202611,0,0.15816655208300506
22879,202611,0,0.2705552944510692
22880,202611,0,0.16616570811424788
22881,202611,1,0.08002027510232784
22882,202611,0,0.1521218766408982
22883,202611,0,0.33662874525245995
22884,202611,0,0.1714299069558019
22886,202611,0,0.06265643731097358
22887,202611,0,0.12918910167715478
22888,202611,0,0.15126052741385929
22889,202611,0,0.15111828920728884
22890,202611,0,0.1818209480116816
22891,202611,0,0.06928140347905719
22894,202611,0,0.17951888244474856
22895,202611,1,0.09168414126539112
22897,202611,0,0.18981207887946022
22898,202611,0,0.21961894171406776
22899,202611,0,0.0685101265301967
22900,202611,0,0.061257697365497084
22901,202611,0,0.14481646220881422
22902,202611,1,0.18036006919978514
22903,202611,1,0.1208341323160362
22904,202611,0,0.09664949036005173
22905,202611,0,0.204851617176078
22906,202611,0,0.2051451810447301
22907,202611,0,0.2231940197717249
22908,202611,0,0.16366036236754614
22909,202611,0,0.08907363190273407
22910,202611,0,0.16940896931106023
22911,202611,0,0.13186937726611844
22913,202611,0,0.16476779868184718
22914,202611,1,0.06499964734185663
22915,202611,0,0.1776071413650004
22916,202611,1,0.2035516960972613
22918,202611,0,0.1118661772067191
22919,202611,0,0.2349248798529863
22920,202611,1,0.07929655824306149
22921,202611,0,0.23315698191637121
22922,202611,0,0.08614200474121857
22923,202611,0,0.13684033723580014
22924,202611,1,0.2738200041192517
22925,202611,0,0.19396387285785674
22926,202611,0,0.10310664417864886
22927,202611,0,0.23778944652827624
22928,202611,0,0.15963072225769745
22929,202611,0,0.19615822822208223
22930,202611,0,0.11012186756528165
22933,202611,0,0.16121157653472623
22934,202611,0,0.18330839654325304
22935,202611,0,0.1313131594333215
22936,202611,0,0.19187078959224857
22937,202611,0,0.13859307319039452
22938,202611,0,0.16925956270563824
22940,202611,0,0.13241377151732095
22941,202611,0,0.3609547236152817
22943,202611,0,0.150988605111571
22944,202611,1,0.16058606916063206
22945,202611,0,0.10320885377538969
22946,202611,0,0.14945742451966326
22947,202611,0,0.1736986377262287
22948,202611,0,0.22534026928601575
22949,202611,0,0.20543733931386068
22950,202611,0,0.18398681888950266
22951,202611,0,0.0931142862733704
22952,202611,0,0.18810946387935026
22953,202611,0,0.09588038029716953
22954,202611,0,0.1394055159242964
22955,202611,0,0.2332282455481772
22957,202611,0,0.34816075364481186
22958,202611,0,0.11570566681733807
22959,202611,0,0.13265625289883068
22960,202611,1,0.17460353152989724
22961,202611,0,0.23945455722806916
22962,202611,0,0.12427040961397282
22963,202611,0,0.10961635482131775
22964,202611,0,0.21506043153139562
22965,202611,0,0.09150732175191752
22966,202611,0,0.1381533222693658
22967,202611,0,0.19360892015951325
22968,202611,0,0.2554263337565563
22969,202611,0,0.10023824202574867
22970,202611,0,0.08673042486205236
22971,202611,0,0.1932786702167885
22972,202611,0,0.23002302528338583
22973,202611,0,0.2025514058172153
22974,202611,0,0.1908460380112143
22976,202611,0,0.14233414959310384
22977,202611,0,0.11052125425753764
22978,202611,0,0.1631945104716758
22980,202611,0,0.12296831550164224
22981,202611,0,0.11636240042881575
22982,202611,1,0.22801439115193461
22983,202611,0,0.117436291633492
22986,202611,0,0.13302976186469798
22987,202611,1,0.21408625859159172
22988,202611,0,0.2722101875753727
22989,202611,0,0.25112267218390805
22990,202611,0,0.147686022064994
22991,202611,1,0.20737299087589317
22992,202611,0,0.10468807244643266
22993,202611,0,0.07949757130796294
22994,202611,1,0.21192645008681404
22995,202611,0,0.1548917571122981
22996,202611,0,0.08089302571399919
22997,202611,0,0.09906746011298585
22998,202611,0,0.15988020681211765
22999,202611,1,0.09648212607406102
23000,202611,1,0.11771771908475115
23002,202611,0,0.12406732796573891
23003,202611,0,0.11678832154672643
23004,202611,1,0.11917138731419025
23005,202611,0,0.18510414528831762
23006,202611,0,0.11941420166016332
23007,202611,0,0.12028819154385789
23008,202611,0,0.19261821854316502
23009,202611,1,0.23133460741970624
23010,202611,0,0.17674006747298723
23011,202611,0,0.10518529043812676
23012,202611,0,0.20447905077474907
23013,202611,0,0.22022477924670894
23014,202611,0,0.09222659325897424
23015,202611,0,0.11888981887368422
23019,202611,1,0.25490558647346717
23020,202611,0,0.17007573287081418
23021,202611,0,0.1375727287904837
23022,202611,0,0.21421840779695292
23023,202611,0,0.08848227200874267
23025,202611,0,0.25479957055477453
23026,202611,1,0.2540788730439621
23028,202611,0,0.23283070607172204
23031,202611,0,0.1098154120452307
23032,202611,0,0.2509111054182116
23033,202611,0,0.16297377431115417
23034,202611,0,0.15455480143029032
23035,202611,0,0.17329837011196042
23036,202611,0,0.18603310211775617
23037,202611,0,0.07676560635669566
23039,202611,0,0.21764054243584213
23040,202611,0,0.10995058957135753
23041,202611,0,0.12308239468284664
23042,202611,1,0.1720798190222043
23043,202611,0,0.13177759743212183
23044,202611,1,0.24201055215722292
23046,202611,0,0.15675614440214997
23048,202611,0,0.10340193021703606
23049,202611,1,0.2718148960344633
23050,202611,1,0.15676069713245575
23051,202611,0,0.09430924997354544
23052,202611,0,0.1722106695779438
23053,202611,0,0.17661517867581
23054,202611,1,0.18291388204794495
23055,202611,0,0.21332762965007343
23056,202611,0,0.1467586785554832
23058,202611,1,0.13397679842198532
23059,202611,0,0.2076878508984982
23060,202611,0,0.10977279876210543
23061,202611,1,0.16136277171944444
23062,202611,0,0.11300180316776216
23063,202611,0,0.1342183961242508
23064,202611,1,0.16205782447982567
23065,202611,0,0.1535572910202651
23066,202611,0,0.1452387913029057
23067,202611,0,0.08807788020427519
23068,202611,1,0.26318506132706915
23069,202611,1,0.13259670100852405
23070,202611,0,0.19967801798803345
23071,202611,1,0.07355245180129812
23072,202611,0,0.13702703464536412
23073,202611,0,0.1283756291819932
23074,202611,0,0.11565900796132625
23075,202611,0,0.14934276537261473
23077,202611,1,0.20984425791339156
23078,202611,0,0.15443327105598545
23079,202611,0,0.20514427113729267
23080,202611,0,0.14906630017648947
23081,202611,0,0.06008732494087799
23082,202611,0,0.30259247237473913
23083,202611,1,0.12441395692063383
23084,202611,0,0.09604858645540496
23085,202611,1,0.1654605978850396
23086,202611,1,0.08492986608569685
23087,202611,0,0.1421009575553773
23088,202611,0,0.17712692844401876
23089,202611,0,0.15897683520982547
23090,202611,0,0.17371414039353722
23093,202611,1,0.17459282385935918
23095,202611,0,0.15714678290047404
23097,202611,0,0.16086895277179072
23098,202611,0,0.07434566684582812
23099,202611,0,0.11593110559460293
23100,202611,0,0.15439659058932065
23101,202611,0,0.16910405922750588
23102,202611,0,0.21907976787361397
23103,202611,0,0.22118193629575125
23104,202611,1,0.13191955734504018
23105,202611,0,0.11420322484605913
23106,202611,0,0.09493789897455683
23107,202611,1,0.2217651828702241
23108,202611,0,0.10088394524599341
23109,202611,0,0.1323935177888462
23110,202611,0,0.16696141979871754
23111,202611,0,0.12583911801714365
23112,202611,0,0.1128191818501573
23113,202611,0,0.10911001613795944
23114,202611,0,0.18167590333469016
23115,202611,0,0.29903932230339086
23116,202611,0,0.07606109756579166
23118,202611,0,0.1655486543103825
23119,202611,0,0.13467213548689774
23120,202611,0,0.1634909316390931
23121,202611,1,0.20707782668989672
23122,202611,0,0.15538510338927256
23123,202611,0,0.16088033283734796
23124,202611,0,0.14838584322650236
23125,202611,0,0.10509151205729257
23126,202611,0,0.16384937342137057
23127,202611,1,0.1296240303392135
23128,202611,0,0.17115892192269552
23129,202611,0,0.22293937424290583
23130,202611,1,0.09400129408612645
23131,202611,0,0.11990495215060128
23132,202611,0,0.18230619182518953
23133,202611,0,0.19988718836647595
23134,202611,0,0.1584828972581503
23135,202611,0,0.1602614562798475
23136,202611,0,0.1483118396977357
23137,202611,0,0.1406681058207849
23138,202611,1,0.1365534142990943
23139,202611,0,0.1870441844739002
23142,202611,0,0.07332528424431291
23143,202611,0,0.14171213640219718
23146,202611,0,0.2156107660717178
23147,202611,0,0.10140635142269036
23148,202611,0,0.12700460583492737
23149,202611,0,0.1107824049642129
23151,202611,0,0.13691367627759615
23152,202611,0,0.17685558226747428
23153,202611,0,0.2324208637324491
23154,202611,0,0.11379618043660467
23155,202611,1,0.16646905907463674
23156,202611,0,0.17735372046206901
23157,202611,0,0.10653284808044414
23158,202611,0,0.1763670429976812
23160,202611,1,0.08583703629873589
23161,202611,0,0.16706019434400513
23162,202611,0,0.22805327690560695
23163,202611,0,0.16261276611713235
23164,202611,0,0.1521147820730207
23166,202611,0,0.2991972521152076
23167,202611,0,0.1558834949729979
23168,202611,0,0.1529129644972722
23169,202611,0,0.1941428471526604
23170,202611,0,0.15075970471153963
23171,202611,0,0.18504942083293371
23172,202611,0,0.10397808340147699
23173,202611,0,0.2041851217730792
23174,202611,0,0.15513478570097533
23175,202611,1,0.1500818840995478
23176,202611,0,0.17442862512495594
23177,202611,0,0.11818754423827987
23178,202611,0,0.1563762323122781
23179,202611,0,0.15287878884498143
23180,202611,0,0.11317208002606419
23181,202611,0,0.21318514939097508
23182,202611,0,0.19150436413674318
23183,202611,0,0.09957209248902471
23184,202611,0,0.13849794070795327
23185,202611,0,0.1521041086922763
23186,202611,0,0.1356621431213795
23187,202611,0,0.1905321752743876
23188,202611,0,0.18500035624135808
23191,202611,0,0.18672463947055254
23192,202611,0,0.17713044036569078
23193,202611,0,0.1942667870131017
23194,202611,0,0.13067710882428424
23196,202611,0,0.07744803283995444
23197,202611,0,0.13426299947381398
23198,202611,0,0.09655340933315054
23199,202611,0,0.10636915604077431
23201,202611,0,0.2198202937134959
23202,202611,0,0.21524899018479335
23203,202611,0,0.12847035936544476
23204,202611,0,0.08605746912741495
23205,202611,0,0.19433544765257116
23206,202611,0,0.14134372426741165
23207,202611,0,0.07687077283538096
23209,202611,0,0.18928828791310146
23211,202611,0,0.10238658976080355
23212,202611,0,0.12025320257011918
23214,202611,0,0.15078823582376444
23215,202611,0,0.09723384547856094
23216,202611,0,0.20277423785778792
23217,202611,1,0.13868351741526985
23218,202611,0,0.21728608332752777
23219,202611,0,0.16043813871520995
23220,202611,0,0.18977780264752872
23221,202611,0,0.06358681668736978
23222,202611,0,0.12540336858823695
23223,202611,1,0.23910573823665235
23224,202611,0,0.1509038806001718
23225,202611,0,0.15979693447491242
23227,202611,0,0.142199126403962
23228,202611,0,0.13983441642720879
23229,202611,0,0.270200419481832
23230,202611,0,0.1140409241430194
23231,202611,0,0.2147251488736446
23232,202611,1,0.29728516343317235
23233,202611,0,0.21819082258829184
23234,202611,0,0.1548730818440837
23236,202611,0,0.11686972121981692
23238,202611,0,0.11937148653068902
23239,202611,0,0.08430710453218886
23240,202611,0,0.15258180132250937
23241,202611,0,0.17080118911729797
23242,202611,0,0.22528905302915303
23243,202611,1,0.17913941358072308
23245,202611,0,0.18384839470654937
23246,202611,0,0.12662158304702228
23247,202611,1,0.27698197808570835
23248,202611,0,0.17998402611200434
23249,202611,0,0.1925945536185885
23250,202611,0,0.1518030780976121
23251,202611,0,0.15343174881064653
23253,202611,1,0.11650957688566897
23254,202611,0,0.17443171453357303
23255,202611,0,0.19065001493847547
23256,202611,1,0.1518568619478679
23257,202611,0,0.2701853201143072
23258,202611,0,0.22260874682755677
23259,202611,0,0.0949328171729255
23260,202611,0,0.14658852741681697
23262,202611,0,0.21188747341509967
23263,202611,1,0.19327541688041291
23264,202611,0,0.18396644838038273
23265,202611,1,0.2553223993468894
23267,202611,0,0.2046098297115067
23268,202611,1,0.3028858674812387
23270,202611,0,0.15299006401422016
23271,202611,0,0.1688197868537946
23273,202611,0,0.20912712582182177
23274,202611,0,0.1171593333899725
23275,202611,0,0.1774921572266033
23276,202611,0,0.15474599656898608
23277,202611,0,0.16120212344099666
23278,202611,0,0.17613232274135462
23280,202611,0,0.26370978457268657
23281,202611,1,0.1384612917371371
23282,202611,0,0.23049908773605676
23283,202611,0,0.12388147807776188
23284,202611,0,0.17982274670880982
23286,202611,0,0.11671617528355871
23287,202611,0,0.15642002860437823
23288,202611,0,0.1530141313883712
23289,202611,0,0.16240652535860162
23291,202611,0,0.07607465737424043
23293,202611,0,0.20051580969871746
23294,202611,0,0.10852152874513811
23295,202611,0,0.17235154865817487
23296,202611,1,0.12147788942054304
23297,202611,0,0.13992258847974187
23298,202611,0,0.0747937762052679
23299,202611,0,0.18403963747048732
23301,202611,1,0.17976097946179662
23302,202611,1,0.2661449369863893
23304,202611,0,0.19853024391170224
23305,202611,0,0.16130270165602054
23306,202611,0,0.1267756337232644
23307,202611,0,0.08364040606554862
23309,202611,0,0.164379847562064
23310,202611,0,0.09770826897726775
23311,202611,0,0.17439673335150568
23313,202611,0,0.12699459924507614
23314,202611,0,0.19230750732042406
23315,202611,0,0.1461250006927224
23318,202611,0,0.1323416661077229
23319,202611,0,0.0833980797851938
23320,202611,0,0.14773447324176897
23321,202611,0,0.17949530781030565
23322,202611,0,0.11447953131059972
23323,202611,0,0.1823275606202331
23324,202611,1,0.1625230302111487
23325,202611,0,0.13186341865927118
23326,202611,0,0.10006137820318713
23328,202611,0,0.21574900816304554
23332,202611,0,0.0706154259996466
23333,202611,0,0.05649895644659719
23334,202611,0,0.3172610418888455
23335,202611,0,0.15317216083250748
23336,202611,0,0.1504443828780556
23337,202611,1,0.1934812560946736
23338,202611,0,0.07288566036444592
23339,202611,0,0.13219423606561
23340,202611,0,0.21697834297244512
23343,202611,0,0.1838363012430969
23344,202611,0,0.09455695850112569
23345,202611,1,0.15695213839530894
23346,202611,0,0.08861366052335722
23347,202611,0,0.13550069193967468
23348,202611,0,0.15879724760503255
23349,202611,0,0.21402576525173306
23351,202611,0,0.11234539500345486
23352,202611,0,0.20443840745451708
23353,202611,0,0.25631284029497975
23354,202611,0,0.17011566348513663
23355,202611,1,0.19340143535344956
23356,202611,0,0.27394703316454266
23357,202611,0,0.14042358693169957
23359,202611,0,0.12443462036251296
23360,202611,1,0.12000805609089527
23361,202611,0,0.1626180373269982
23362,202611,1,0.18952765246872066
23364,202611,0,0.1267969703079666
23365,202611,0,0.14540955127401495
23366,202611,0,0.22691589883335755
23367,202611,0,0.14855760249109742
23368,202611,0,0.20474075589753654
23369,202611,0,0.17049219910429037
23371,202611,0,0.1801306969475978
23372,202611,0,0.171771390491708
23373,202611,0,0.19188117172114216
23376,202611,1,0.08251129271366374
23377,202611,0,0.07267710884961623
23378,202611,0,0.15671856665349593
23379,202611,1,0.12119774662612672
23380,202611,1,0.2164161029051573
23383,202611,1,0.17183889647627687
23385,202611,0,0.1557329015556426
23387,202611,0,0.09868670383351492
23388,202611,0,0.16803922707588703
23389,202611,1,0.22711478692273868
23392,202611,0,0.09876664766926065
23394,202611,0,0.21201728916148488
23395,202611,0,0.21385854135721183
23397,202611,0,0.25578917451529
23398,202611,0,0.09752437272593328
23399,202611,0,0.0977012729361295
23401,202611,0,0.13560645412615677
23402,202611,0,0.07271958265061874
23404,202611,0,0.20556717654139553
23406,202611,1,0.16478828702757656
23407,202611,0,0.2180885623428252
23409,202611,0,0.12629065708454204
23410,202611,0,0.17756065367804807
23411,202611,0,0.06291397420965027
23412,202611,0,0.15053623864332696
23413,202611,0,0.1049796326043081
23415,202611,0,0.16523066612104878
23416,202611,0,0.18362513866402252
23417,202611,0,0.14023188117877955
23419,202611,0,0.12779192684635363
23421,202611,0,0.1102781174479183
23422,202611,0,0.13707262347644578
23423,202611,0,0.18457849954873645
23425,202611,1,0.17422759551049155
23426,202611,0,0.14567748479621054
23427,202611,0,0.15476704794676935
23428,202611,0,0.09223176199637648
23430,202611,0,0.2234368334755379
23431,202611,0,0.15224961605930476
23432,202611,0,0.15200843567404498
23433,202611,0,0.14272271256832408
23434,202611,1,0.2814483889860614
23435,202611,0,0.06636413645072617
23436,202611,0,0.12211574336523794
23437,202611,1,0.11796447563021309
23438,202611,0,0.15070586537899425
23439,202611,0,0.10984236570903183
23440,202611,0,0.13803975994865586
23441,202611,0,0.08796356497455789
23442,202611,0,0.13746501508165196
23443,202611,0,0.11302471835600164
23444,202611,0,0.1565368530266539
23446,202611,1,0.14300753952083858
23447,202611,0,0.07506278205118243
23448,202611,1,0.19833569351567285
23449,202611,1,0.16064234779640743
23450,202611,0,0.1682676399780104
23451,202611,1,0.12428820953854244
23452,202611,0,0.12896859357730786
23453,202611,0,0.19598527606816957
23454,202611,0,0.1532325318390945
23455,202611,0,0.06429881572063387
23456,202611,0,0.11877665995055484
23457,202611,0,0.22856695652120845
23459,202611,0,0.07770431274508618
23461,202611,1,0.2707390852197273
23462,202611,0,0.09171916233306675
23463,202611,0,0.17382242386827965
23464,202611,1,0.17390456914947627
23466,202611,0,0.1587772350913373
23468,202611,0,0.1316053146295936
23469,202611,0,0.13795931666525474
23470,202611,0,0.11537840217304035
23471,202611,0,0.20652831471987732
23472,202611,0,0.22264259402937492
23473,202611,0,0.09864594545410384
23474,202611,0,0.18942475451229504
23475,202611,1,0.2119505990373962
23476,202611,0,0.1243285993630308
23477,202611,0,0.06538243324811277
23478,202611,0,0.09456795116856968
23479,202611,0,0.21244971634769844
23480,202611,0,0.11095511600528266
23481,202611,0,0.11142975626807633
23482,202611,0,0.0953580374555434
23483,202611,0,0.19183657409160426
23484,202611,0,0.18211126322258872
23486,202611,0,0.14549077660880286
23487,202611,0,0.14698873432890888
23488,202611,0,0.13977599279357772
23489,202611,0,0.1400748168523786
23490,202611,0,0.19887436145523296
23492,202611,0,0.17109891067644237
23493,202611,0,0.06977316936292993
23494,202611,0,0.23733771153684746
23495,202611,0,0.285292564775356
23496,202611,0,0.23671844232574443
23497,202611,0,0.1697787003815656
23498,202611,0,0.15201906076386584
23499,202611,0,0.15736958765773315
23500,202611,0,0.10414134430990071
23501,202611,0,0.06875203987859486
23504,202611,0,0.29508461031772665
23505,202611,0,0.1281881504049978
23506,202611,0,0.13123782457710073
23507,202611,0,0.2406738361297322
23508,202611,0,0.13966926243300448
23509,202611,0,0.13317183480314576
23512,202611,1,0.1972086585747901
23513,202611,1,0.1324661382638511
23514,202611,0,0.1844628632688333
23515,202611,0,0.08607328622213117
23516,202611,0,0.09829108988052948
23517,202611,0,0.23515288214206417
23518,202611,1,0.2110813487440015
23519,202611,0,0.2064767510421417
23520,202611,0,0.14069610523031467
23521,202611,0,0.1603008539318474
23522,202611,1,0.2069398542913309
23523,202611,0,0.10675475386942222
23524,202611,0,0.15931564434212023
23525,202611,0,0.14756830644478441
23526,202611,0,0.16331478697866894
23527,202611,1,0.21006612189066687
23528,202611,0,0.16861051508282285
23529,202611,0,0.13576080415711908
23530,202611,0,0.1657652329824047
23531,202611,0,0.1728871979055673
23532,202611,0,0.09638881263020832
23533,202611,0,0.06476554049248348
23534,202611,0,0.06617377711308817
23535,202611,0,0.14292922150288892
23538,202611,0,0.13350215954472916
23540,202611,0,0.0942065495150464
23542,202611,0,0.0745917203643191
23543,202611,1,0.23990999389955425
23544,202611,0,0.18780373620510268
23545,202611,1,0.09472625864524421
23548,202611,1,0.18765230168559835
23550,202611,0,0.18556891284822377
23551,202611,0,0.18126131716564184
23552,202611,0,0.17046771791330811
23553,202611,0,0.14956058891055932
23554,202611,0,0.1661996349331353
23555,202611,1,0.13960039975711605
23556,202611,0,0.15964819285098397
23557,202611,0,0.08272319785214592
23560,202611,0,0.09765741598804016
23561,202611,0,0.12021085560878056
23564,202611,0,0.08544661055078256
23565,202611,0,0.13511235122541304
23566,202611,0,0.12402615628336158
23568,202611,0,0.21599114250383444
23569,202611,0,0.06054910041716711
23570,202611,1,0.15560632099283778
23571,202611,0,0.19945933792151485
23572,202611,0,0.08090995141869638
23573,202611,0,0.16021475643896638
23574,202611,0,0.13228714146564707
23575,202611,0,0.1426296720904983
23576,202611,0,0.2350000152148808
23577,202611,0,0.10904593399575972
23578,202611,0,0.17533192831915925
23579,202611,1,0.09380180884243867
23581,202611,0,0.22881753829647214
23582,202611,0,0.15490768482516087
23583,202611,0,0.11034627732970223
23584,202611,0,0.17638977692841276
23585,202611,0,0.08352036171586634
23586,202611,0,0.15041878294377656
23587,202611,1,0.10156567702452718
23588,202611,1,0.1826186857978922
23589,202611,1,0.20073549646959052
23590,202611,0,0.08648285427758455
23591,202611,1,0.09256811642301045
23592,202611,0,0.07082641664404164
23593,202611,0,0.11671569843643932
23595,202611,1,0.2818491237859094
23596,202611,0,0.18512899900571628
23598,202611,0,0.1477568274679145
23599,202611,0,0.10911903893366384
23602,202611,0,0.08452576382168836
23603,202611,0,0.24908481074195102
23604,202611,0,0.2109411224955457
23606,202611,0,0.08736616620411472
23607,202611,0,0.10954990738620263
23608,202611,0,0.06862281455856643
23609,202611,0,0.19476261459294728
23610,202611,0,0.23580951133760047
23611,202611,0,0.0855451507741088
23612,202611,0,0.07220509449358184
23614,202611,0,0.09768830006653548
23615,202611,0,0.13083690588253194
23616,202611,0,0.14059597616982428
23617,202611,1,0.2339826602129463
23618,202611,0,0.14684083020091956
23619,202611,0,0.09524658725716267
23621,202611,0,0.07025329285605447
23622,202611,0,0.16076090474079635
23625,202611,0,0.1342595873926025
23626,202611,0,0.13435615259963024
23627,202611,1,0.17333820501212405
23628,202611,1,0.09642188428142275
23629,202611,0,0.15659803215955181
23632,202611,0,0.11245955279768566
23633,202611,0,0.16457613935727405
23634,202611,0,0.13844876107358883
23636,202611,0,0.18002320977532843
23638,202611,1,0.20089383034058003
23641,202611,1,0.16479249775976287
23642,202611,0,0.1086279119793218
23643,202611,0,0.14578542696179742
23645,202611,0,0.1463516916169416
23646,202611,0,0.18534313137696048
23647,202611,0,0.150340589618939
23648,202611,1,0.18022504375834766
23649,202611,0,0.2104338999149595
23650,202611,1,0.10643637820381688
23651,202611,0,0.11750582662473745
23652,202611,0,0.13350644501362727
23653,202611,0,0.15741203519768956
23654,202611,0,0.29386599851694717
23655,202611,0,0.18395336341449994
23656,202611,0,0.13276369966945503
23657,202611,1,0.06888250935182211
23658,202611,1,0.12676700361145424
23659,202611,0,0.17219148143795715
23660,202611,1,0.14672576317866803
23661,202611,0,0.11147008474264562
23662,202611,0,0.14094452209527422
23663,202611,0,0.1643634368440152
23664,202611,0,0.20044557890934098
23665,202611,0,0.12498216746556018
23666,202611,0,0.25366974423515215
23667,202611,0,0.1350013411380334
23668,202611,0,0.06361496325401297
23669,202611,0,0.15579653528149695
23670,202611,0,0.09670635694004573
23671,202611,0,0.12696095599950075
23672,202611,1,0.1966013060702092
23673,202611,0,0.15252711696946464
23674,202611,0,0.11750466631898182
23675,202611,0,0.15444440149624775
23676,202611,0,0.1897211232544747
23677,202611,1,0.22209208897216562
23679,202611,0,0.17062414420885716
23680,202611,0,0.17641217997427458
23681,202611,0,0.1629336536468082
23684,202611,0,0.25221319357537175
23686,202611,0,0.1573289582395099
23687,202611,0,0.13776108019614522
23688,202611,0,0.06707651617619902
23689,202611,0,0.17364158306434319
23691,202611,1,0.18334007470411842
23692,202611,0,0.2970909497210533
23693,202611,0,0.1536873701812846
23694,202611,0,0.15217108696516068
23695,202611,1,0.19960204962138864
23696,202611,0,0.09450725271825602
23697,202611,0,0.1529374839980534
23698,202611,0,0.14334699706129417
23700,202611,0,0.08700909557660275
23701,202611,0,0.17197092301890798
23703,202611,0,0.2157976025295304
23704,202611,0,0.12353424929833955
23705,202611,1,0.27527555795214087
23706,202611,0,0.10809826069953882
23707,202611,0,0.15753348551386226
23710,202611,1,0.17324872935655258
23711,202611,0,0.10858823860766793
23713,202611,0,0.22309763189540902
23714,202611,0,0.15474546091369762
23715,202611,1,0.1673156115472092
23716,202611,0,0.11860780917150912
23719,202611,0,0.17460393428116522
23721,202611,0,0.10038324722938906
23722,202611,0,0.15411890758820185
23723,202611,0,0.1672994374121617
23724,202611,0,0.1780536531972789
23726,202611,0,0.10092562589668339
23728,202611,0,0.10611729850039894
23729,202611,0,0.20050069789162514
23730,202611,0,0.28532032054799283
23731,202611,0,0.15304894924281526
23733,202611,0,0.1547934951795048
23734,202611,1,0.18993433155863987
23735,202611,0,0.09858756472747576
23736,202611,0,0.09338744286449502
23737,202611,0,0.1048317858736154
23738,202611,0,0.20158963856763018
23740,202611,0,0.15714647294015027
23742,202611,0,0.07776443790664954
23743,202611,0,0.19861891719480526
23744,202611,0,0.13686657902677032
23745,202611,0,0.22197709957030448
23748,202611,0,0.14233741426978236
23749,202611,0,0.215439665824739
23751,202611,0,0.18516216585066278
23752,202611,0,0.22275305365985185
23753,202611,0,0.14737655838013342
23754,202611,0,0.14475118663565864
23755,202611,0,0.09210980143551264
23756,202611,0,0.11469835258836547
23758,202611,0,0.14502421106324945
23759,202611,0,0.22012385224881345
23760,202611,0,0.10916118449749475
23761,202611,0,0.2555604402809997
23762,202611,1,0.23108030531242627
23763,202611,0,0.08969099700949626
23764,202611,0,0.22441858360147462
23765,202611,0,0.08320082514858222
23766,202611,1,0.17592858900502634
23767,202611,0,0.07747950910126847
23768,202611,0,0.09473796317855278
23769,202611,0,0.09379251558602085
23771,202611,0,0.18339153203618164
23772,202611,0,0.13343162253988058
23773,202611,0,0.07156053494913317
23774,202611,0,0.32205883458389456
23775,202611,0,0.06231628938335166
23776,202611,0,0.1409229705674814
23777,202611,0,0.08709471878361295
23778,202611,1,0.18716786089330578
23779,202611,0,0.11197630303441275
23780,202611,0,0.09221939153799194
23781,202611,1,0.09269307653847537
23782,202611,0,0.11699940667288593
23783,202611,0,0.1105085575380394
23785,202611,0,0.17530945119516744
23787,202611,1,0.06877547927717019
23788,202611,0,0.09849598548735643
23789,202611,1,0.1820495714133009
23790,202611,0,0.1903817869514984
23791,202611,0,0.1233278236562893
23792,202611,1,0.209956056380079
23793,202611,0,0.22322079107056653
23794,202611,0,0.16655867468676108
23795,202611,0,0.1426355590886242
23796,202611,0,0.13230119642565177
23797,202611,0,0.1073831125820517
23798,202611,0,0.05726622110607168
23799,202611,0,0.13153155197568858
23800,202611,0,0.17501328364178523
23801,202611,0,0.13572561501044683
23803,202611,0,0.09537212910666067
23804,202611,0,0.0790137344290301
23806,202611,0,0.13375352217094297
23807,202611,0,0.1885143976004151
23808,202611,0,0.05927246675909172
23809,202611,0,0.09721682667820801
23810,202611,0,0.16369680375605422
23813,202611,1,0.11822634117759485
23815,202611,0,0.2291193397023136
23816,202611,0,0.23593807009516918
23818,202611,0,0.12187973078097122
23819,202611,0,0.23599294265004078
23821,202611,0,0.18741576979788108
23822,202611,1,0.2521660767207436
23823,202611,0,0.18084133176205514
23824,202611,0,0.12361851115391963
23825,202611,0,0.150304723255444
23828,202611,1,0.25441156271308585
23829,202611,0,0.1686368621036162
23830,202611,0,0.19642429791055988
23831,202611,0,0.06527040681035834
23832,202611,0,0.1456000556075307
23833,202611,0,0.23467025883071535
23834,202611,1,0.1911397929825969
23835,202611,0,0.14754269968846567
23836,202611,0,0.1311121582218682
23837,202611,0,0.18013745563842148
23839,202611,0,0.06245192101681256
23842,202611,1,0.23236745566579506
23843,202611,0,0.1845475474412713
23844,202611,0,0.13609580761372464
23846,202611,0,0.1930038094421322
23847,202611,0,0.1480016174229717
23848,202611,0,0.13846541234958265
23849,202611,1,0.18836961241032274
23850,202611,1,0.24567140600409643
23851,202611,1,0.18414400683320575
23852,202611,0,0.1394331533162501
23853,202611,0,0.13372794752316475
23854,202611,0,0.15558323816331046
23856,202611,0,0.15099556794995142
23858,202611,0,0.18019686645125835
23859,202611,0,0.2993124130315944
23861,202611,0,0.15670642607696283
23863,202611,0,0.1379913895253527
23864,202611,0,0.17389803593598502
23865,202611,0,0.18890536949606043
23866,202611,0,0.13109883209248185
23867,202611,0,0.0883424718712013
23868,202611,0,0.16355546720269193
23869,202611,0,0.0672998175966707
23872,202611,0,0.15532954765528129
23875,202611,0,0.09168450394691224
23876,202611,0,0.16747690757597286
23877,202611,1,0.1405009073695422
23878,202611,0,0.11116963779840738
23879,202611,0,0.1500147171798342
23880,202611,0,0.22364119450902148
23881,202611,0,0.1625010663376124
23883,202611,0,0.17938071359992172
23884,202611,0,0.11154581530029262
23885,202611,0,0.18210843732499282
23888,202611,1,0.10003231238221524
23889,202611,0,0.18680222237686825
23890,202611,0,0.1246041318546307
23891,202611,0,0.15837347488624992
23892,202611,0,0.18877233340475044
23893,202611,0,0.236363529079316
23894,202611,0,0.12734130095139307
23895,202611,0,0.1040003401752381
23896,202611,0,0.08571182269837291
23897,202611,0,0.1418084955578816
23898,202611,0,0.16338020921419802
23899,202611,0,0.10939826176199044
23900,202611,0,0.12366068473844874
23901,202611,0,0.20169094737316315
23902,202611,1,0.1262154179476095
23903,202611,1,0.1996031653971648
23904,202611,0,0.12169950983786383
23905,202611,1,0.13267112341314327
23906,202611,0,0.21901096599539568
23907,202611,1,0.2454421275940583
23908,202611,0,0.18062022830632618
23909,202611,0,0.15682403805137574
23910,202611,0,0.15238692048809738
23911,202611,0,0.19610007855329536
23912,202611,0,0.15296039404646147
23913,202611,0,0.18775341284736255
23914,202611,0,0.20030688165369762
23915,202611,0,0.17379906974934944
23916,202611,0,0.16908566453154822
23917,202611,0,0.156212869734514
23918,202611,0,0.09715387134427483
23919,202611,0,0.21234150552953146
23920,202611,0,0.1086739157111294
23921,202611,0,0.14258497805268722
23922,202611,0,0.21073991033754724
23923,202611,0,0.17394162837976956
23924,202611,0,0.11783944605628303
23925,202611,1,0.12599488997695918
23926,202611,0,0.13848288651190727
23927,202611,1,0.24015316382892407
23928,202611,0,0.2581598613376153
23929,202611,0,0.21212668122525485
23930,202611,0,0.17271351881142122
23931,202611,0,0.07326100625191398
23932,202611,0,0.09255742576144661
23933,202611,0,0.12896652244283394
23934,202611,1,0.12973075468471887
23935,202611,0,0.17507107664033372
23936,202611,0,0.13412270014269354
23937,202611,0,0.10799742403008342
23938,202611,0,0.2225533780996203
23939,202611,0,0.14270780480615727
23940,202611,0,0.2405956246948198
23941,202611,0,0.13954089582206017
23942,202611,0,0.11348063834565314
23943,202611,0,0.07570066194276591
23944,202611,1,0.23037807473967253
23945,202611,0,0.16910314607204047
23946,202611,0,0.13671864798878747
23947,202611,0,0.14036959160409507
23948,202611,0,0.23626531890710042
23949,202611,0,0.2156623678660179
23950,202611,0,0.1428113820556201
23951,202611,0,0.12613043019526954
23952,202611,1,0.15383155549357966
23953,202611,0,0.14808856763283545
23954,202611,1,0.23950095914958036
23955,202611,0,0.10234710032950216
23956,202611,0,0.136127005976855
23957,202611,0,0.1952453818179307
23958,202611,0,0.1676231225472565
23959,202611,0,0.2662859224859032
23960,202611,0,0.1484118651726671
23961,202611,0,0.162719878234716
23962,202611,0,0.06788663116321493
23963,202611,0,0.1932904934998933
23964,202611,1,0.3386141682737231
23965,202611,0,0.14501912808787779
23966,202611,0,0.0681943652006601
23967,202611,0,0.11386080085613226
23968,202611,0,0.1606145893196803
23969,202611,0,0.15402305850923367
23970,202611,0,0.2466130249221301
23971,202611,0,0.1368503698031641
23972,202611,0,0.2281190569712992
23973,202611,0,0.15693762509638096
23974,202611,0,0.2073728696121759
23975,202611,0,0.07620545110419401
23976,202611,1,0.1919753454452898
23977,202611,0,0.15792521260714112
23978,202611,0,0.08608556708191258
23979,202611,0,0.10632265127019012
23980,202611,0,0.09512357953303648
23981,202611,0,0.10901572498013581
23982,202611,0,0.13711560504189027
23983,202611,0,0.07079864085618126
23984,202611,0,0.060877663217264524
23985,202611,0,0.11688433035581956
23986,202611,1,0.19188229930671347
23987,202611,0,0.2267352700791066
23988,202611,1,0.1551003039870903
23989,202611,0,0.1516131717531094
23990,202611,0,0.2319457024350512
23991,202611,0,0.22159632881460703
23992,202611,0,0.1253819331673375
23993,202611,0,0.11040037709721733
23994,202611,0,0.11500367080218447
23995,202611,0,0.24193262626865483
23996,202611,0,0.1776319698626549
23997,202611,1,0.13304495751011483
23998,202611,0,0.1298370457107493
23999,202611,0,0.09524111447519706
24000,202611,0,0.1419920520540125
24001,202611,0,0.18909584454711953
24002,202611,0,0.2675437371484874
24003,202611,0,0.09911729073852589
24004,202611,0,0.08582731597070281
24005,202611,0,0.1982019778296298
24006,202611,0,0.1237284805212778
24007,202611,0,0.15524808970688053
24008,202611,0,0.07253918059680285
24009,202611,1,0.2823560147614117
24010,202611,0,0.1847730311906936
24011,202611,1,0.19710769165505115
24012,202611,0,0.12874920781464552
24013,202611,1,0.1264393681719986
24014,202611,0,0.19548295449712566
24015,202611,0,0.20124352496127013
24016,202611,0,0.25071695171414765
24017,202611,1,0.1661713810645995
24018,202611,0,0.14400916886390033
24019,202611,0,0.17950345080827212
24020,202611,0,0.18022783516781385
24021,202611,0,0.15202736509639506
24022,202611,0,0.23550158631367363
24023,202611,1,0.1294627753462858
24024,202611,0,0.13984231543516656
24025,202611,1,0.1008733819842776
24026,202611,0,0.2137710890563684
24027,202611,1,0.13901976939904792
24028,202611,0,0.14497775022900544
24029,202611,0,0.1602802667470662
24030,202611,0,0.18206371456660514
24031,202611,0,0.18633715475210988
24032,202611,1,0.1832933858277109
24033,202611,0,0.0596970763835043
24034,202611,0,0.28442336131507273
24035,202611,0,0.20080089583625052
24036,202611,0,0.1534035411309654
24037,202611,1,0.1145027910646984
24038,202611,0,0.12221351722457177
24039,202611,0,0.17340075828381873
24040,202611,0,0.06109318666523974
24041,202611,0,0.09885432534262492
24042,202611,1,0.08517887656807205
24043,202611,0,0.21594813585427347
24044,202611,1,0.20120121928181878
24045,202611,0,0.19500139613122686
24046,202611,0,0.14282803517318282
24047,202611,0,0.1774248499631105
24048,202611,0,0.19963406264358838
24049,202611,0,0.21206164615597814
24050,202611,0,0.32020539102990575
24051,202611,1,0.18738983044089533
24052,202611,1,0.10289053641761983
24053,202611,0,0.06110087841723557
24054,202611,0,0.060728150589650434
24055,202611,0,0.09015550051679216
24056,202611,1,0.2009929495337086
24057,202611,0,0.15427485311414238
24058,202611,1,0.1634656050282191
24059,202611,0,0.17884526663995715
24060,202611,0,0.16954912298178232
24061,202611,0,0.176271784623596
24062,202611,0,0.17034933646167266
24063,202611,0,0.2785067502961713
24064,202611,0,0.29290389247887105
24065,202611,0,0.1894912982401103
24066,202611,0,0.11539082004335999
24067,202611,0,0.07692337040818795
24068,202611,0,0.13394397900512123
24069,202611,1,0.16724544400777325
24070,202611,0,0.17273152338132752
24071,202611,0,0.10699218629939067
24072,202611,0,0.2063483228429962
24073,202611,0,0.05405566310867838
24074,202611,1,0.16100455927494806
24075,202611,1,0.14279706118974253
24076,202611,0,0.1516529941397911
24077,202611,0,0.0760342183198154
24078,202611,0,0.15149327020315628
24079,202611,0,0.10139653037569554
24080,202611,0,0.12000628910381385
24081,202611,0,0.17282537172056794
24082,202611,0,0.07292898393656937
24083,202611,0,0.07645601260484913
24084,202611,1,0.14947666916552474
24085,202611,0,0.1629522682788174
24086,202611,0,0.1157604523967682
24087,202611,0,0.18226399388400397
24088,202611,0,0.18876731653453505
24089,202611,0,0.11292088113885887
24090,202611,0,0.2853006455469967
24091,202611,1,0.13027755109921194
24092,202611,0,0.11366791431147258
24093,202611,0,0.11942490312267974
24094,202611,0,0.1375902863868397
24095,202611,1,0.1240941206372304
24096,202611,0,0.12969574520247465
24097,202611,0,0.1998939867349474
24098,202611,0,0.12182460343904802
24099,202611,0,0.15267360105390476
24100,202611,0,0.17534759342112746
24101,202611,0,0.07706531372477793
24102,202611,0,0.209172224929275
24103,202611,0,0.1535615369415196
24104,202611,0,0.12326664814140084
24105,202611,0,0.1372634141781317
24106,202611,0,0.1788246216775677
24107,202611,0,0.20505084259476955
24108,202611,0,0.10675888847027576
24109,202611,0,0.13662049064913326
24110,202611,0,0.07283250042612949
24111,202611,0,0.106368800875822
24112,202611,0,0.15687089262637402
24113,202611,0,0.10212180865842112
24114,202611,0,0.1448134323088582
24115,202611,0,0.10322373165691025
24116,202611,0,0.08028746159126642
24117,202611,0,0.1368335279646075
24118,202611,0,0.14756051275524693
24119,202611,0,0.21699797381500469
24120,202611,0,0.12694885393143696
24121,202611,1,0.07134255459728384
24122,202611,0,0.0769108902014867
24123,202611,0,0.16485380468632124
24124,202611,0,0.11218462646375561
24125,202611,1,0.10748873119551228
24126,202611,0,0.1934759383665727
24127,202611,0,0.21601802142920645
24128,202611,0,0.21562019744973318
24129,202611,0,0.15307225567679808
24130,202611,0,0.17445240632717124
24131,202611,0,0.08301665388281868
24132,202611,0,0.27400498838763376
24133,202611,0,0.06819847966248418
24134,202611,1,0.16054348810763794
24135,202611,0,0.10905322094063269
24136,202611,0,0.13483383987416264
24137,202611,0,0.09043145419517819
24138,202611,0,0.1914511467619093
24139,202611,0,0.10285516101418375
24140,202611,0,0.13628833888998437
24141,202611,0,0.14094423996938302
24142,202611,1,0.1882721551280868
24143,202611,0,0.17095268003656724
24144,202611,0,0.08266083378205125
24145,202611,0,0.11231065265448495
24146,202611,0,0.10005491468599895
24147,202611,0,0.19406059198954903
24148,202611,0,0.20408687000959755
24149,202611,0,0.128480842950824
24150,202611,0,0.18066240648161608
24151,202611,0,0.16831183373909622
24152,202611,0,0.21294652143237072
24153,202611,0,0.1351200209304333
24154,202611,0,0.17278347353130266
24155,202611,0,0.1404264599673476
24156,202611,0,0.13194674779857232
24157,202611,0,0.1364226939095307
24158,202611,0,0.18866107760786915
24159,202611,0,0.21870406681626844
24160,202611,0,0.17352737424951037
24161,202611,0,0.15663681575079078
24162,202611,0,0.08760037435804124
24163,202611,0,0.16190031410871672
24164,202611,1,0.16162726436576427
24165,202611,1,0.22055646401533274
24166,202611,0,0.29426202186569145
24167,202611,0,0.158305989820363
24168,202611,0,0.1899546144192052
24169,202611,0,0.21878991559014446
24170,202611,1,0.17902842338338368
24171,202611,1,0.11673065459795591
24172,202611,0,0.1871725872590324
24173,202611,0,0.16940897962689816
24174,202611,0,0.07672232346632923
24175,202611,1,0.20221158250373478
24176,202611,1,0.1715538162109096
24177,202611,0,0.09204475583105086
24178,202611,0,0.25443665808254096
24179,202611,1,0.1826869561789857
24180,202611,0,0.2236606799061487
24181,202611,0,0.1764269376966141
24182,202611,0,0.13839530817207926
24183,202611,0,0.10079816318455227
24184,202611,0,0.1444428482203815
24185,202611,0,0.09439990786644499
24186,202611,1,0.23288718453878465
24187,202611,0,0.16782273625200686
24188,202611,1,0.19807306301695754
24189,202611,0,0.19317729711179327
24190,202611,0,0.2430877963764077
24191,202611,0,0.1956621631715554
24192,202611,1,0.21339030656241223
24193,202611,0,0.06376691433378207
24194,202611,1,0.28539336849411817
24195,202611,0,0.22087146036469352
24196,202611,0,0.18415968559488527
24197,202611,1,0.1466151773395864
24198,202611,0,0.15522938782813123
24199,202611,1,0.10277615861296063
24200,202611,0,0.29648252766468347
24201,202611,0,0.13520962155639174
24202,202611,1,0.18213875671420504
24203,202611,0,0.16590358419138895
24204,202611,0,0.21281150956518705
24205,202611,1,0.15853864434310913
24206,202611,0,0.16824417352119936
24207,202611,0,0.22810544855486684
24208,202611,0,0.11020695856403036
24209,202611,0,0.13471211446476652
24210,202611,0,0.12922591713572845
24211,202611,1,0.13551066942545245
24212,202611,0,0.08727354851260337
24213,202611,0,0.16215855082779684
24214,202611,0,0.19434510974269248
24215,202611,0,0.1967516386772895
24216,202611,0,0.17493999868700608
24217,202611,1,0.16029573813744943
24218,202611,1,0.060688536577786764
24219,202611,0,0.10920280960744323
24220,202611,0,0.17685372371513375
24221,202611,1,0.20369423752605975
24222,202611,1,0.2664865382398512
24223,202611,0,0.19451209657736107
24224,202611,0,0.14096385286889004
24225,202611,0,0.16292334102239853
24226,202611,0,0.19297700840566276
24227,202611,0,0.09661106942292219
24228,202611,0,0.0879301616025072
24229,202611,0,0.11463969928586461
24230,202611,0,0.13523603248938848
24231,202611,0,0.21332411268889065
24232,202611,0,0.07806342257406367
24233,202611,0,0.14397460751122063
24234,202611,0,0.1241104947257041
24235,202611,0,0.09676360729638284
24236,202611,0,0.19262558849057282
24237,202611,0,0.15656307065962155
24238,202611,1,0.16503413666773017
24239,202611,0,0.1573780006633589
24240,202611,1,0.14860571081402915
24241,202611,0,0.07718711178901848
24242,202611,0,0.1317603786745316
24243,202611,1,0.18000043833393595
24244,202611,0,0.14812557312503297
24245,202611,0,0.22435707400503072
24246,202611,0,0.1797124233256383
24247,202611,1,0.09167522469419291
24248,202611,0,0.1738483666678962
24249,202611,0,0.15647270856355383
24250,202611,0,0.16036624587484702
24251,202611,0,0.10860684836899932
24252,202611,0,0.09979341623980047
24253,202611,0,0.1653373787593056
24254,202611,1,0.12288671113799189
24255,202611,0,0.2467068428449644
24256,202611,1,0.0929989387605293
24257,202611,0,0.13228365690772603
24258,202611,1,0.32082992152356904
24259,202611,0,0.1113132693396872
24260,202611,0,0.13117560434560202
24261,202611,0,0.17364017962185674
24262,202611,1,0.2175095961807681
24263,202611,0,0.09917006615377903
24264,202611,0,0.14568646629661008
24265,202611,0,0.11005568372222065
24266,202611,0,0.17065586415229286
24267,202611,0,0.08823135571429311
24268,202611,0,0.2326281908082501
24269,202611,1,0.11149261696878934
24270,202611,0,0.1487991553259573
24271,202611,0,0.10826536069435728
24272,202611,0,0.09068719760336276
24273,202611,1,0.21830723993342338
24274,202611,0,0.1985168167670162
24275,202611,0,0.17007048771823052
24276,202611,1,0.11833679010554517
24277,202611,0,0.13861094272279667
24278,202611,0,0.06374809153283709
24279,202611,1,0.16776282857682254
24280,202611,0,0.10332736278541904
24281,202611,0,0.1567562823605136
24282,202611,1,0.14151307782970768
24283,202611,0,0.18545984399334461
24284,202611,1,0.24065249420977114
24285,202611,1,0.23679032154925753
24286,202611,0,0.1699991238600234
24287,202611,0,0.18136790520246027
24288,202611,0,0.13757221828085517
24289,202611,0,0.1532233408416109
24290,202611,1,0.23233766710409762
24291,202611,0,0.14775142768024077
24292,202611,0,0.23319226243923247
24293,202611,0,0.05453123170959779
24294,202611,1,0.13306130575981032
24295,202611,0,0.1280550293217821
24296,202611,0,0.10844031597391882
24297,202611,0,0.17898068589689603
24298,202611,0,0.18362395101189022
24299,202611,0,0.19025490270218298
24300,202611,0,0.11207297200410984
24301,202611,0,0.12579309252733864
24302,202611,0,0.14369757610128556
24303,202611,0,0.27876003086535706
24304,202611,0,0.22869479331958825
24305,202611,0,0.17145771815146638
24306,202611,0,0.2000362157709756
24307,202611,0,0.1297845785758644
24308,202611,0,0.17301520943133364
24309,202611,0,0.06011095103060185
24310,202611,0,0.19397361006221173
24311,202611,0,0.15099076783293885
24312,202611,0,0.14306434423842473
24313,202611,0,0.14412359847161163
24314,202611,0,0.1675957492078781
24315,202611,0,0.07823844799177582
24316,202611,0,0.1120157901090856
24317,202611,1,0.3097864066231193
24318,202611,0,0.07512589796172059
24319,202611,0,0.22342752984558137
24320,202611,0,0.1686186771989221
24321,202611,0,0.13722046268433152
24322,202611,0,0.2748385150535116
24323,202611,0,0.22388359373421574
24324,202611,0,0.13518118560258377
24325,202611,0,0.2889120682824542
24326,202611,1,0.2623712723766337
24327,202611,0,0.16796211692300508
24328,202611,1,0.07336294029177584
24329,202611,0,0.23747299155530435
24330,202611,0,0.201109904140269
24331,202611,0,0.11804114172243389
24332,202611,0,0.17795248877380043
24333,202611,0,0.2698417681607713
24334,202611,0,0.12860684367922867
24335,202611,0,0.18799481227793588
24336,202611,1,0.06045759734340294
24337,202611,1,0.23530515705043556
24338,202611,0,0.07448465769409994
24339,202611,0,0.07064475336980366
24340,202611,0,0.1529028012480681
24341,202611,1,0.2106115901655293
24342,202611,1,0.22883664148067578
24343,202611,0,0.2540253020467681
24344,202611,0,0.07038700067288281
24345,202611,0,0.1476085067558247
24346,202611,0,0.13001709719745874
24347,202611,1,0.23285400423919989
24348,202611,0,0.22573327600632376
24349,202611,0,0.1581587079184848
24350,202611,1,0.17740595830108946
24351,202611,0,0.10307103318482655
24352,202611,0,0.19642662451536239
24353,202611,0,0.12390250902266899
24354,202611,0,0.2540902448418513
24355,202611,0,0.2090852863949112
24356,202611,0,0.09560855619778522
24357,202611,0,0.11756070412054147
24358,202611,0,0.23510791008676843
24359,202611,0,0.1465049096950248
24360,202611,1,0.18083711032367328
24361,202611,0,0.15743122820208094
24362,202611,0,0.11184643793490419
24363,202611,0,0.08187832523041107
24364,202611,0,0.10291826745536811
24365,202611,0,0.20080126926357728
24366,202611,1,0.2068768994250354
24367,202611,0,0.1927447654622651
24368,202611,0,0.05777388953165226
24369,202611,0,0.11996463045934423
24370,202611,1,0.13666798639545943
24371,202611,1,0.11124158623027386
24372,202611,0,0.15272696289138873
24373,202611,0,0.10139979634035068
24374,202611,0,0.09853712370509078
24375,202611,0,0.1148260225961797
24376,202611,1,0.1918414793043319
24377,202611,0,0.2353871269091887
24378,202611,0,0.12109109628812302
24379,202611,0,0.23013146196464976
24380,202611,0,0.11606716601807987
24381,202611,0,0.14024480102738385
24382,202611,0,0.10946464517904894
24383,202611,0,0.1836399681838157
24384,202611,0,0.08428810166899696
24385,202611,0,0.07983353085447764
24386,202611,0,0.09527795749383114
24387,202611,0,0.1808450227256664
24388,202611,0,0.1611297796578303
24389,202611,0,0.09516902594371145
24390,202611,0,0.1438441661680806
24391,202611,1,0.12085871071844775
24392,202611,0,0.11079490903891406
24393,202611,1,0.11680328970129097
24394,202611,0,0.161932344470648
24395,202611,0,0.27173011721789303
24396,202611,0,0.2580811477509354
24397,202611,1,0.09527339327738861
24398,202611,0,0.14320311150925238
24399,202611,0,0.05247153177292398
24400,202611,0,0.0595086849222958
24401,202611,0,0.10793622229275127
24402,202611,0,0.1395337878326584
24403,202611,0,0.13073498254821636
24404,202611,0,0.1387817291101285
24405,202611,0,0.17434434323113907
24406,202611,0,0.1954049953514485
24407,202611,0,0.1630429282844111
24408,202611,0,0.1840203526810415
24409,202611,0,0.1770094545973805
24410,202611,0,0.0741218856733186
24411,202611,0,0.13868789689668284
24412,202611,0,0.05849397806617282
24413,202611,0,0.08180322024923434
24414,202611,0,0.12993903344611996
24415,202611,1,0.17313051523346862
24416,202611,0,0.21157100023209902
24417,202611,0,0.1350147003688972
24418,202611,1,0.19947508160173452
24419,202611,0,0.1119031344318771
24420,202611,0,0.11331750382901037
24421,202611,0,0.11685454076043893
24422,202611,0,0.1416839959461294
24423,202611,1,0.07282157413804143
24424,202611,1,0.14844574705092456
24425,202611,0,0.2163058553497799
24426,202611,0,0.10676999876350793
24427,202611,0,0.15623435528999566
24428,202611,1,0.21554364662217146
24429,202611,0,0.20379106170673827
24430,202611,1,0.10765960662928184
24431,202611,1,0.06760007133651874
24432,202611,0,0.11766818101221437
24433,202611,0,0.17061973194616697
24434,202611,0,0.1346355847677955
24435,202611,0,0.24000777507402443
24436,202611,0,0.16208748802426365
24437,202611,0,0.1382928225770483
24438,202611,1,0.09351082090593443
24439,202611,0,0.12839049027060745
24440,202611,0,0.1133998966105064
24441,202611,0,0.17020967801755338
24442,202611,0,0.21378628841717642
24443,202611,0,0.13363215127675038
24444,202611,0,0.1656816061892909
24445,202611,0,0.15562781390928165
24446,202611,0,0.10413280488033169
24447,202611,0,0.21452615765082883
24448,202611,1,0.16234240968462516
24449,202611,0,0.11377426629595717
24450,202611,0,0.14759139693483914
24451,202611,0,0.14963052738449367
24452,202611,0,0.15645568996312584
24453,202611,0,0.17981491851396172
24454,202611,0,0.10427933827635846
24455,202611,1,0.21606024582271802
24456,202611,0,0.21952945565786394
24457,202611,0,0.11571301566506975
24458,202611,0,0.16489750944835402
24459,202611,0,0.05967096564045657
24460,202611,0,0.14492486082368078
24461,202611,0,0.1686295247261602
24462,202611,0,0.07265738183760921
24463,202611,1,0.1424912550173366
24464,202611,0,0.20068103533069614
24465,202611,0,0.10752586425331805
24466,202611,0,0.11887435879212328
24467,202611,0,0.12643849472864568
24468,202611,0,0.1888335155458075
24469,202611,0,0.13164977665103036
24470,202611,1,0.06369367437853714
24471,202611,1,0.16026649024369882
24472,202611,1,0.14777771992584793
24473,202611,1,0.1500799496819782
24474,202611,0,0.1890911117818585
24475,202611,0,0.07680233410921104
24476,202611,0,0.12067030349364155
24477,202611,0,0.2133009765005722
24478,202611,0,0.25643658021854854
24479,202611,1,0.14422021467417342
24480,202611,0,0.17960248633359224
24481,202611,0,0.10301265588652148
24482,202611,1,0.21113753986605185
24483,202611,0,0.0686686690565846
24484,202611,0,0.11329034178807852
24485,202611,0,0.1979357529983971
24486,202611,0,0.23374954542732865
24487,202611,0,0.17069708684518867
24488,202611,0,0.12517623183407528
24489,202611,0,0.16855290904386525
24490,202611,1,0.1770580820914885
24491,202611,0,0.16283737176250865
24492,202611,0,0.16684189061479537
24493,202611,1,0.14776776795301197
24494,202611,0,0.07032357477099312
24495,202611,1,0.19799566767679452
24496,202611,0,0.14089128839062462
24497,202611,0,0.15077988493361064
24498,202611,1,0.22357789027012928
24499,202611,0,0.12414456389908617
24500,202611,1,0.22389205439110196
24501,202611,0,0.1342667401768178
24502,202611,0,0.21479810191013032
24503,202611,0,0.2414748601259712
24504,202611,0,0.21422632140612755
24505,202611,0,0.1586693800503407
24506,202611,0,0.12145882185697819
24507,202611,0,0.130216128601331
24508,202611,0,0.11737327720865584
24509,202611,0,0.15279283677751515
24510,202611,0,0.1715861427017947
24511,202611,0,0.17637060678020924
24512,202611,0,0.11647799729392154
24513,202611,0,0.19033564944578063
24514,202611,0,0.16177589806525733
24515,202611,0,0.14578089909836145
24516,202611,1,0.09551569639599759
24517,202611,0,0.26780639868760325
24518,202611,0,0.07151976106741592
24519,202611,1,0.09751428489273709
24520,202611,0,0.0977990617838791
24521,202611,0,0.11160881018069191
24522,202611,1,0.15475129121105444
24523,202611,0,0.11247456628818037
24524,202611,0,0.08337885517775308
24525,202611,1,0.18236825726664588
24526,202611,0,0.07276193470074638
24527,202611,0,0.14949642839786628
24528,202611,0,0.11013750739172966
24529,202611,1,0.13573950791282618
24530,202611,0,0.1479823393053292
24531,202611,0,0.18382392255142288
24532,202611,0,0.19330388583510072
24533,202611,0,0.12783218062045681
24534,202611,0,0.12193825508271595
24535,202611,0,0.18036299028939443
24536,202611,0,0.12809080796855665
24537,202611,1,0.12667706382928795
24538,202611,0,0.16814712021602374
24539,202611,0,0.1331469880585262
24540,202611,0,0.2279122639487817
24541,202611,0,0.15795857459259696
24542,202611,1,0.2731342778654162
24543,202611,0,0.17327694408871372
24544,202611,0,0.1628560754599729
24545,202611,1,0.09244231061339131
24546,202611,0,0.14545171754814432
24547,202611,0,0.18909539426970687
24548,202611,0,0.14521359742262496
24549,202611,0,0.1868630440449817
24550,202611,0,0.2775698464903009
24551,202611,0,0.16164967413924852
24552,202611,0,0.08888011886410069
24553,202611,1,0.11045847321635727
24554,202611,0,0.24315802005732345
24555,202611,0,0.25552308752167713
24556,202611,0,0.15106543422015514
24557,202611,1,0.11079972221254701
24558,202611,0,0.1779855333495182
24559,202611,0,0.24641308012880528
24560,202611,0,0.15109117671199757
24561,202611,0,0.13673423300838977
24562,202611,0,0.2693559817336794
24563,202611,0,0.15610258318598838
24564,202611,0,0.14733484300953983
24565,202611,1,0.1444632149372258
24566,202611,1,0.14422662987372808
24567,202611,0,0.16202623018028112
24568,202611,0,0.11022048178683394
24569,202611,0,0.28736343982752494
24570,202611,0,0.17954532587322478
24571,202611,0,0.17563961879982637
24572,202611,0,0.2072037920687522
24573,202611,0,0.2451798668126897
24574,202611,1,0.21556565104781825
24575,202611,0,0.23051496745540867
24576,202611,0,0.16336800237799154
24577,202611,0,0.14243622697463257
24578,202611,0,0.3203354402230641
24579,202611,0,0.11697040143258527
24580,202611,1,0.26809426073578035
24581,202611,0,0.14465582087239148
24582,202611,0,0.08555423562193135
24583,202611,0,0.09235439098632678
24584,202611,1,0.1927518533119704
24585,202611,1,0.18031975923822866
24586,202611,1,0.2327692183149733
24587,202611,0,0.15347502080866035
24588,202611,0,0.13818586997808296
24589,202611,0,0.19800578523685156
24590,202611,1,0.1732608867915693
24591,202611,0,0.17531235040954127
24592,202611,0,0.06632191036501095
24593,202611,0,0.12540280942887524
24594,202611,0,0.15732887067733828
24595,202611,0,0.23848853813859425
24596,202611,0,0.1279631242628837
24597,202611,0,0.137396336686802
24598,202611,1,0.1664064567778933
24599,202611,0,0.12054569993720608
24600,202611,0,0.09713335853002342
24601,202611,0,0.14329776666823485
24602,202611,1,0.12018661756869245
24603,202611,0,0.25821640946456553
24604,202611,0,0.2012345177426474
24605,202611,0,0.11662359182431231
24606,202611,1,0.23419503257457971
24607,202611,1,0.12323847163819417
24608,202611,0,0.1514534491372503
24609,202611,0,0.17547489966267182
24610,202611,0,0.12086486273428136
24611,202611,1,0.2077631786127366
24612,202611,1,0.17586531032512012
24613,202611,0,0.11900550868103499
24614,202611,0,0.13024563165111347
24615,202611,0,0.14140190076747228
24616,202611,0,0.06801713508767182
24617,202611,1,0.20292775189362108
24618,202611,0,0.1804301900337919
24619,202611,0,0.1642586302722382
24620,202611,0,0.1452829991927072
24621,202611,0,0.11169481299779883
24622,202611,0,0.17830243987768046
24623,202611,0,0.07777258966937899
24624,202611,0,0.16110659254195767
24625,202611,0,0.20297385729875225
24626,202611,1,0.2409231015775177
24627,202611,1,0.19904134069868532
24628,202611,0,0.17046229594832055
