id_cliente,mes,objetivo,prediccion
2,202610,0,0.12894977312007044
3,202610,0,0.06168343972436774
7,202610,0,0.13453247009658875
8,202610,1,0.13987149247384684
10,202610,0,0.05995329806332665
11,202610,0,0.14823569407992068
12,202610,0,0.03423886429001996
14,202610,0,0.13002093404446835
16,202610,0,0.12847754934944572
25,202610,0,0.12618611358311696
32,202610,0,0.12157765175074996
38,202610,0,0.11528096126870627
42,202610,0,0.1385724315386967
48,202610,0,0.13777121653989596
53,202610,1,0.13663293042282068
55,202610,1,0.051550245180100505
63,202610,0,0.12860302109858965
65,202610,0,0.13513143182784237
66,202610,1,0.12191160951309753
70,202610,0,0.13698799211936225
74,202610,0,0.12299906392040441
76,202610,0,0.1308981388254736
83,202610,0,0.05212730423197166
90,202610,0,0.06536536484697969
97,202610,1,0.1400132349071564
98,202610,0,0.15985092141366905
102,202610,1,0.12852119296871278
104,202610,0,0.12009096935840795
107,202610,0,0.2302116929187907
118,202610,0,0.1299430333034413
121,202610,0,0.05874382078534131
122,202610,1,0.14411471230279846
124,202610,0,0.13522440265904026
125,202610,0,0.15037055899183244
126,202610,1,0.12366122929007609
137,202610,0,0.14320067029914463
138,202610,1,0.24730950809579824
143,202610,0,0.07317031169431157
144,202610,0,0.15089244361148357
147,202610,0,0.14333790772469499
157,202610,0,0.13311054583397006
163,202610,0,0.1310709587087181
165,202610,0,0.13801309633741551
167,202610,1,0.18937665791580077
173,202610,1,0.054519393198620564
177,202610,1,0.14523262295714517
197,202610,0,0.06500769585105391
203,202610,0,0.1486327286505575
205,202610,0,0.12843045492326785
206,202610,0,0.06545178703882461
209,202610,0,0.034322431397536775
228,202610,0,0.15518282208561712
231,202610,0,0.13805870201132203
237,202610,0,0.13653209661856577
242,202610,1,0.1294128823024254
243,202610,0,0.06015732367079273
247,202610,0,0.14133367126725516
249,202610,0,0.06119296707599786
253,202610,0,0.14102028341806813
256,202610,0,0.12547371595203474
261,202610,0,0.12522656964606346
263,202610,0,0.03118816196594571
272,202610,1,0.053713360925797975
275,202610,0,0.050889866896236514
279,202610,0,0.13977233375188383
280,202610,0,0.12741536105427234
288,202610,0,0.13826526310795476
292,202610,0,0.12973765657885739
297,202610,0,0.1269211725031079
299,202610,0,0.11710219453830605
300,202610,1,0.1405526391086826
302,202610,0,0.04833392077032198
304,202610,0,0.12905061314678637
305,202610,1,0.1288313945050291
308,202610,0,0.22279949747066255
312,202610,1,0.24536264987647596
317,202610,0,0.13297548641391427
318,202610,0,0.13633498151546553
319,202610,0,0.1488564063262897
321,202610,0,0.14425406646890843
323,202610,0,0.055158742350728575
325,202610,0,0.16438176743845043
339,202610,0,0.12990270558007228
340,202610,0,0.13346522542084946
347,202610,1,0.3368627228243986
353,202610,1,0.13126641543746023
355,202610,0,0.11966120530363983
359,202610,0,0.10923220423102217
368,202610,0,0.15461967788807104
371,202610,0,0.12513906427519236
378,202610,0,0.12978445650509904
388,202610,0,0.13107993893635161
389,202610,0,0.14546597709717338
390,202610,0,0.13192914951985082
392,202610,0,0.13866055995274212
400,202610,1,0.1433217651328723
403,202610,1,0.12675489111712945
404,202610,1,0.04974873502244731
409,202610,0,0.12050853327946333
412,202610,0,0.057864513396286316
420,202610,0,0.14693499589240963
422,202610,0,0.10134671010153247
425,202610,1,0.13101065731486952
428,202610,0,0.12313560687601674
429,202610,0,0.04795801119043619
430,202610,0,0.1333603029821967
434,202610,0,0.05532366316589158
437,202610,0,0.14355454844935805
440,202610,1,0.16600527443213106
443,202610,1,0.12143563656943365
445,202610,1,0.11889470005603743
447,202610,0,0.05110614055518023
461,202610,0,0.12955854708032513
464,202610,0,0.0513829915089314
466,202610,0,0.13616733812097007
468,202610,0,0.22460110553454224
470,202610,0,0.1416961606652894
473,202610,0,0.12427743797720318
474,202610,1,0.1487104117476159
475,202610,0,0.06386700055701752
476,202610,0,0.13955306846330126
477,202610,0,0.14024348372055398
480,202610,0,0.0564863549763452
483,202610,0,0.13659005862776932
487,202610,0,0.14944680997335189
489,202610,1,0.1253340291490618
495,202610,0,0.14616636918109718
496,202610,0,0.15466546328151062
497,202610,1,0.13581468877617717
499,202610,0,0.12463122814955442
502,202610,0,0.059975133883872864
504,202610,0,0.12821110659493673
508,202610,0,0.0634349196476004
514,202610,0,0.1204519352035618
515,202610,0,0.14549170432749167
538,202610,0,0.12276606407941519
548,202610,0,0.12248619621183682
551,202610,0,0.12425659252081082
553,202610,0,0.1302018811618751
560,202610,0,0.05230616667477324
564,202610,0,0.13064693354503873
567,202610,1,0.1532564710949176
570,202610,1,0.12923333340539386
572,202610,0,0.049621258553615745
577,202610,0,0.033862027854955415
578,202610,0,0.22887190560622278
579,202610,1,0.13901310861378582
591,202610,0,0.051814384728116815
593,202610,0,0.12900994928470358
603,202610,0,0.1323597459815603
604,202610,0,0.12335368467588244
606,202610,0,0.13176218193196165
614,202610,0,0.14918105824936476
616,202610,0,0.06319715135627949
622,202610,0,0.1236127598221
623,202610,1,0.14910661974367093
626,202610,0,0.05286206525893015
627,202610,1,0.15044121893280954
632,202610,0,0.05483380521414579
637,202610,0,0.050367041861384
640,202610,0,0.06776454226758512
644,202610,0,0.12432980789648977
647,202610,0,0.11620753296736805
648,202610,0,0.05932101680455535
653,202610,0,0.1363151609240231
654,202610,0,0.05227863064130629
659,202610,0,0.14754709498045296
661,202610,0,0.03486240891984561
667,202610,1,0.14754769403096132
670,202610,0,0.05648258963151758
671,202610,0,0.05766528295569463
673,202610,0,0.12667229392007334
674,202610,0,0.07805518846772339
679,202610,0,0.1285534278426636
682,202610,0,0.12661255082091732
683,202610,0,0.12893514361982547
687,202610,0,0.13269118546269743
688,202610,0,0.06464936838583277
689,202610,0,0.1272072569723771
701,202610,0,0.14265645634506138
705,202610,0,0.12744208234967092
707,202610,0,0.12161317079038082
710,202610,0,0.12263366429890912
714,202610,0,0.1254548737268069
715,202610,1,0.12570919696143548
716,202610,0,0.12526714784052492
717,202610,0,0.14235656042471936
721,202610,0,0.17385215285356626
729,202610,0,0.06138849593100851
732,202610,0,0.13420112288849445
734,202610,0,0.1374914628740181
736,202610,0,0.1521940068077549
738,202610,1,0.12881023679247067
740,202610,0,0.22134201083240662
742,202610,0,0.051995180603248516
750,202610,0,0.12885141471304504
764,202610,0,0.13027796180310885
767,202610,0,0.12003462986915982
768,202610,0,0.1567337689691254
773,202610,0,0.0541950285580476
774,202610,0,0.1513876750267427
777,202610,0,0.056123085232405306
778,202610,0,0.1455394074405962
779,202610,1,0.1257297701278255
784,202610,0,0.12781438528799038
785,202610,0,0.13565820906345347
786,202610,0,0.12397587235811842
787,202610,0,0.20982787180407064
788,202610,0,0.14929578315066497
790,202610,0,0.1605217940774312
794,202610,0,0.058038639328153514
796,202610,0,0.13538220698323725
802,202610,0,0.05801887279974204
812,202610,0,0.13451032179808817
814,202610,0,0.05661289802090614
816,202610,0,0.05346263771958596
817,202610,0,0.13171550017070507
828,202610,1,0.17764961273932414
834,202610,0,0.11912551089809573
835,202610,0,0.13901389740672054
836,202610,0,0.12183633000570834
837,202610,0,0.12228218606440003
840,202610,0,0.03378609887354636
841,202610,0,0.040291723220232625
843,202610,1,0.12444256511495083
850,202610,0,0.0661020239112093
854,202610,0,0.03386245919412168
857,202610,0,0.14265597760111226
858,202610,0,0.12488474652792855
859,202610,0,0.06303541261593824
864,202610,0,0.13131030897085808
869,202610,1,0.06574824669846689
883,202610,0,0.13407021949762443
885,202610,1,0.12278378945410887
887,202610,0,0.06114988811213666
899,202610,1,0.22763785608013562
902,202610,0,0.12880168347236035
907,202610,1,0.2139536334203815
912,202610,0,0.1356283766349868
913,202610,0,0.12590158581823624
915,202610,0,0.11823172584278847
916,202610,0,0.14864017701899915
917,202610,0,0.12621963777896714
918,202610,0,0.13496860241894348
923,202610,1,0.3303484326937291
924,202610,0,0.13179485444605388
929,202610,0,0.13540221706679
933,202610,0,0.13157616208629766
934,202610,0,0.11640725107900489
936,202610,0,0.13124483817848642
939,202610,1,0.13427435860401757
941,202610,0,0.05775671171523425
946,202610,0,0.05593403095536134
948,202610,0,0.06119296707599786
952,202610,0,0.10823167285617798
959,202610,0,0.13289967480208256
963,202610,0,0.12313423866864075
965,202610,0,0.06741852441405148
970,202610,0,0.13994149276258985
975,202610,0,0.1520619012905471
979,202610,0,0.13272482380847792
982,202610,0,0.12271795221166232
986,202610,0,0.03441402549774732
988,202610,0,0.14546923455817692
992,202610,0,0.12727788742007165
1003,202610,0,0.04475936594100124
1004,202610,0,0.1382472057284475
1007,202610,0,0.14022728085758646
1009,202610,1,0.12162826840852603
1014,202610,0,0.06531517276091828
1017,202610,0,0.05147280857413485
1018,202610,0,0.12025434811776992
1022,202610,0,0.11914400004836663
1040,202610,1,0.12739929938734215
1043,202610,0,0.06182746888455831
1045,202610,1,0.11570790764915415
1046,202610,0,0.13576900404400935
1052,202610,0,0.1287376945994267
1061,202610,0,0.049747517073902674
1063,202610,0,0.1227560146838216
1064,202610,0,0.12981654111183066
1067,202610,0,0.13290543413822906
1070,202610,0,0.07833180446216512
1075,202610,0,0.05694092283448873
1085,202610,1,0.12001664448750395
1088,202610,0,0.1254936464812843
1105,202610,0,0.051814384728116815
1112,202610,1,0.11513383305027124
1116,202610,0,0.26390687247294764
1117,202610,0,0.155813460714521
1123,202610,0,0.1273170511391678
1125,202610,0,0.13062802653131192
1132,202610,0,0.12609643418976837
1139,202610,0,0.12060312035035811
1140,202610,0,0.13628943190613382
1160,202610,0,0.052900243805539905
1161,202610,0,0.13144802992890084
1165,202610,0,0.06499735164625085
1171,202610,0,0.21026192348392136
1179,202610,0,0.051814384728116815
1181,202610,0,0.0821839179318987
1185,202610,0,0.13109939470375462
1186,202610,0,0.11732710681232478
1197,202610,0,0.1452045813409252
1202,202610,0,0.12990380463201023
1205,202610,0,0.03480775049326401
1206,202610,0,0.14587552865900294
1207,202610,0,0.14806390903336686
1213,202610,0,0.12891826910549747
1216,202610,0,0.05550608898595451
1228,202610,0,0.12551980073909833
1232,202610,0,0.1519201340611093
1233,202610,1,0.21673017017194787
1238,202610,0,0.07771534117328446
1241,202610,0,0.06888533033766343
1244,202610,0,0.12618723112766883
1246,202610,0,0.12043336649219175
1247,202610,0,0.1242862899091645
1257,202610,1,0.12822948561658007
1258,202610,0,0.08953366919288991
1263,202610,0,0.17567618688353429
1286,202610,1,0.13381410463273452
1289,202610,0,0.12698686331762352
1292,202610,0,0.12274255440964381
1301,202610,0,0.14521100218581645
1302,202610,0,0.056960836041377284
1303,202610,0,0.14810783061562685
1308,202610,0,0.1552041651554785
1309,202610,0,0.12478860158279559
1310,202610,1,0.1369047148224325
1312,202610,0,0.11697475402033113
1314,202610,0,0.12547499275916457
1322,202610,0,0.08036173909639795
1326,202610,0,0.053042485601308184
1327,202610,1,0.13397195209967477
1328,202610,0,0.056817825008448404
1334,202610,0,0.1277433477440147
1336,202610,0,0.13218030191784244
1337,202610,0,0.060200603655135916
1338,202610,0,0.13070195323220463
1340,202610,0,0.13145536538561756
1351,202610,1,0.14046379850381405
1352,202610,0,0.22309334307389384
1361,202610,0,0.13984809043807606
1365,202610,0,0.15447592075440142
1368,202610,0,0.25597193169521815
1370,202610,0,0.0662351314958454
1378,202610,0,0.12596046680926043
1379,202610,0,0.13531654690208358
1381,202610,0,0.14522409509266163
1388,202610,0,0.13446652962725744
1392,202610,0,0.13924697744019182
1393,202610,0,0.1275704385758364
1395,202610,0,0.12316801649255117
1400,202610,0,0.13719749970369402
1404,202610,0,0.052323393495258136
1405,202610,0,0.06294019746125813
1411,202610,0,0.1459807732006571
1414,202610,0,0.1610661291395694
1415,202610,0,0.03408893348096926
1420,202610,0,0.11442219417502529
1423,202610,1,0.1447204944720045
1425,202610,0,0.07258225980335528
1434,202610,0,0.16207290705181984
1444,202610,1,0.2139885708901208
1445,202610,0,0.13434382160353556
1453,202610,0,0.14236978089779606
1455,202610,0,0.22065665626880723
1459,202610,0,0.13560310511739787
1460,202610,0,0.14786727679781111
1465,202610,0,0.24449585548253186
1474,202610,0,0.1464377371334901
1475,202610,0,0.034119674753836045
1476,202610,0,0.062039802370794594
1477,202610,0,0.12014919558615136
1481,202610,1,0.1410516981000731
1489,202610,0,0.0717575911815307
1495,202610,0,0.12344785645989151
1496,202610,0,0.05969140654682289
1501,202610,0,0.12659087816494527
1504,202610,0,0.05419218621850011
1506,202610,0,0.14564492733797066
1508,202610,0,0.12672924710042327
1516,202610,0,0.1392123879483487
1532,202610,1,0.2403230383705125
1533,202610,0,0.1282548082244138
1535,202610,0,0.08117135310949504
1538,202610,1,0.12296519193375094
1541,202610,0,0.05794676796261991
1546,202610,0,0.051027429844007925
1552,202610,0,0.05901693088560691
1553,202610,1,0.1483162616557631
1558,202610,0,0.13230567365566917
1559,202610,0,0.13049883171134252
1564,202610,0,0.11849342545102044
1566,202610,0,0.12959136911451494
1567,202610,0,0.15152331353406587
1573,202610,0,0.14510863309035482
1576,202610,0,0.06148924184954369
1577,202610,0,0.05686085094466691
1578,202610,0,0.11255732085249869
1583,202610,0,0.1447016335848214
1586,202610,0,0.12406476396090674
1587,202610,0,0.06831949695326503
1589,202610,0,0.13086694453098813
1590,202610,1,0.15323364253511224
1591,202610,0,0.1284280240771611
1592,202610,0,0.06533149769589328
1598,202610,0,0.05568276359049938
1602,202610,0,0.15057742666690213
1604,202610,0,0.06891948715385712
1606,202610,0,0.05081985377816953
1610,202610,1,0.12247619397876769
1614,202610,0,0.03413066980105147
1615,202610,0,0.2193754601751852
1616,202610,1,0.13656020717821443
1619,202610,0,0.12664592262968669
1623,202610,0,0.12334661533850617
1626,202610,1,0.11649486921190702
1631,202610,0,0.13894757730496876
1639,202610,0,0.05765722940939934
1648,202610,0,0.03530663869421449
1653,202610,0,0.055174323825975445
1659,202610,0,0.1315675835595277
1669,202610,0,0.135705712023696
1673,202610,0,0.12023456221181994
1677,202610,1,0.14975045782919738
1678,202610,0,0.12736662850285363
1680,202610,1,0.11954251494313164
1682,202610,0,0.22366715216192945
1683,202610,0,0.12490043548689397
1692,202610,0,0.1265287825719227
1693,202610,0,0.1601773634697106
1694,202610,1,0.15654174371214583
1695,202610,0,0.14692923240527753
1696,202610,1,0.12975773428255497
1698,202610,0,0.12998974717221373
1706,202610,0,0.24158770603258065
1707,202610,0,0.12951917973792487
1709,202610,0,0.13187790626866325
1710,202610,0,0.1422036364206745
1719,202610,0,0.1296776526525487
1720,202610,0,0.03441402549774732
1723,202610,0,0.12426755646684089
1724,202610,1,0.13820295907784583
1726,202610,0,0.1332308931426619
1727,202610,1,0.14326151741376972
1730,202610,0,0.13426280771472263
1732,202610,0,0.11682087959108077
1733,202610,0,0.13092304850370004
1736,202610,0,0.06924095355962925
1743,202610,0,0.12931274991423
1751,202610,0,0.1255133614090963
1752,202610,0,0.13259538318476466
1754,202610,0,0.14823956555773377
1756,202610,0,0.034449826652069894
1760,202610,0,0.12060961774170413
1764,202610,0,0.1564567956764852
1765,202610,0,0.05935326078284564
1776,202610,0,0.13276492101291146
1778,202610,0,0.03376818816125874
1779,202610,0,0.1331064632349738
1781,202610,0,0.05387269849460095
1783,202610,1,0.07752753925990542
1795,202610,0,0.14774362662371107
1798,202610,1,0.14388310696338036
1805,202610,1,0.12853738491816902
1808,202610,0,0.03194906163171673
1809,202610,0,0.13669455568654704
1814,202610,0,0.12914469295386613
1819,202610,0,0.12952559999631097
1821,202610,0,0.13023978862379065
1822,202610,0,0.11954295917174496
1824,202610,0,0.1331615670591384
1827,202610,0,0.1312669499978177
1832,202610,1,0.14210171830330817
1834,202610,0,0.1655780968996478
1844,202610,0,0.16152466892412914
1851,202610,0,0.1534720818267924
1867,202610,0,0.12737236256558496
1869,202610,0,0.12068346750935172
1875,202610,0,0.24718142544698543
1882,202610,0,0.1321456904406767
1897,202610,0,0.15095495938018977
1910,202610,0,0.14325652687113774
1917,202610,0,0.13093936238611925
1918,202610,0,0.10179948992403108
1919,202610,1,0.126301559448786
1923,202610,1,0.13127465915958636
1935,202610,0,0.12772319405943633
1936,202610,0,0.1306740628481799
1937,202610,0,0.0522877581063592
1944,202610,0,0.12974467153692565
1949,202610,0,0.13300027902732928
1950,202610,0,0.06634729785508181
1952,202610,0,0.05103534689185977
1955,202610,0,0.12753766678216866
1956,202610,0,0.13215420235018516
1964,202610,1,0.12302066186396632
1965,202610,1,0.12936660948974618
1969,202610,0,0.045151506552212506
1970,202610,0,0.12210597067999725
1971,202610,0,0.13137856807769063
1972,202610,1,0.14205529541768402
1977,202610,0,0.16521526031738165
1982,202610,0,0.13333904854997075
1995,202610,0,0.1252884607916644
1996,202610,0,0.13014453320970873
1997,202610,1,0.1339325490423549
2002,202610,0,0.13152426603621054
2004,202610,0,0.13737785126519642
2011,202610,0,0.1558636458596544
2013,202610,0,0.13768815319968555
2014,202610,0,0.13001098891623122
2018,202610,0,0.13837210014012913
2026,202610,0,0.1077846172561301
2040,202610,0,0.12457131367683286
2043,202610,0,0.12919708417105888
2052,202610,1,0.13701749165618854
2060,202610,0,0.12823705238795446
2069,202610,0,0.0701210160080543
2073,202610,0,0.113432711617341
2075,202610,0,0.2194525486535629
2076,202610,0,0.056542666557368414
2082,202610,0,0.12409705284896015
2083,202610,1,0.14550623990555983
2089,202610,0,0.05071220099813338
2091,202610,0,0.13323421620829837
2100,202610,1,0.13801000228997382
2103,202610,0,0.05794535744766004
2109,202610,0,0.05290116532639273
2111,202610,1,0.12581484044413377
2112,202610,0,0.13631208040401405
2113,202610,0,0.13616593235778562
2119,202610,0,0.06188325754277781
2121,202610,0,0.13123499732903068
2125,202610,0,0.1334307464273437
2127,202610,0,0.2319567281199666
2128,202610,0,0.13929708911483496
2132,202610,0,0.14543298868673696
2138,202610,0,0.12678342067439008
2139,202610,1,0.11318140452747322
2142,202610,0,0.12962990722048143
2146,202610,0,0.13008587792468235
2148,202610,0,0.03383794039249567
2149,202610,0,0.14818241705968202
2156,202610,0,0.062040122223191226
2157,202610,0,0.1399478098382465
2159,202610,0,0.13899722276517898
2160,202610,0,0.1304314999346437
2164,202610,1,0.17230131038048194
2169,202610,0,0.13992285954786624
2170,202610,0,0.05203557145350255
2180,202610,0,0.148864453217896
2186,202610,0,0.06023320594612681
2188,202610,0,0.05331436933776287
2190,202610,0,0.1090594367026634
2197,202610,0,0.14546116758736102
2203,202610,0,0.1118184146914744
2204,202610,0,0.12738486176930963
2205,202610,0,0.14170993508380336
2207,202610,0,0.13290751227406242
2209,202610,0,0.05966581126716976
2211,202610,0,0.06473860440690207
2214,202610,1,0.12457847075450025
2219,202610,0,0.1410116336072006
2220,202610,0,0.05850072447091048
2226,202610,0,0.14317789741765127
2229,202610,0,0.0993604875483035
2234,202610,0,0.11331450289585673
2237,202610,0,0.1654622726547268
2240,202610,0,0.1255184573056434
2249,202610,0,0.05750869072153139
2252,202610,0,0.14333130394939986
2264,202610,0,0.1562666725775321
2269,202610,0,0.12712441143282857
2272,202610,0,0.06246704765376388
2278,202610,1,0.13253959291213413
2283,202610,0,0.12167873615145434
2284,202610,0,0.13162563813099637
2287,202610,0,0.13222579141717158
2288,202610,1,0.24462759738397488
2290,202610,0,0.1190935932955791
2294,202610,0,0.12681905271004892
2298,202610,0,0.05866240376760247
2328,202610,0,0.13051134286022004
2329,202610,0,0.1445705343834119
2330,202610,0,0.14520489475447387
2336,202610,0,0.12837712409410135
2338,202610,0,0.14077121416493416
2341,202610,0,0.2262482945488397
2353,202610,0,0.1409166197223323
2356,202610,0,0.03489683175493829
2358,202610,1,0.14384141230323064
2366,202610,0,0.1253337358806097
2382,202610,1,0.12026277384183667
2392,202610,1,0.13936650135818082
2399,202610,1,0.14584182010532018
2401,202610,0,0.11897802379310307
2404,202610,0,0.04997404468151335
2408,202610,0,0.12393705763030254
2409,202610,0,0.12449202726326018
2410,202610,0,0.12988323409111632
2415,202610,0,0.15122221689267795
2421,202610,0,0.22341668833575187
2425,202610,0,0.14340935499196916
2427,202610,0,0.1534191732866004
2429,202610,0,0.1560403318535099
2432,202610,0,0.1381116482409783
2435,202610,0,0.12469144074008105
2436,202610,0,0.12562496015671537
2441,202610,0,0.15205627828121404
2447,202610,0,0.12134315024347993
2449,202610,0,0.052928847687546465
2450,202610,1,0.12274836390178143
2454,202610,0,0.06599041036877967
2460,202610,0,0.04025540853167722
2466,202610,0,0.1553088545659514
2472,202610,0,0.1332325429770045
2479,202610,0,0.12955353054955288
2483,202610,0,0.1472497965339805
2484,202610,0,0.1197222400811814
2492,202610,0,0.15220808569689281
2493,202610,0,0.061853897491197976
2495,202610,0,0.12645207446919352
2498,202610,0,0.1426533638756691
2501,202610,0,0.12554004924866513
2507,202610,0,0.1474770974147125
2510,202610,0,0.13656158542671504
2512,202610,0,0.046276034011815695
2513,202610,0,0.1342641014015235
2516,202610,0,0.03500948395183938
2517,202610,0,0.1303330774186245
2534,202610,0,0.1486734033131945
2538,202610,0,0.033897443095690545
2544,202610,0,0.12865370081641564
2561,202610,0,0.13647432365696668
2563,202610,0,0.12826713002348236
2567,202610,0,0.12652590313065884
2569,202610,0,0.06972529745558503
2571,202610,0,0.12998714337926873
2576,202610,0,0.1304730711527495
2588,202610,0,0.13193285143348413
2592,202610,0,0.05373654713514433
2593,202610,0,0.13221947093552147
2602,202610,1,0.1287619328418989
2604,202610,0,0.11071686373302721
2613,202610,0,0.11749852932262007
2617,202610,0,0.1358940195531991
2618,202610,1,0.12877412991325596
2620,202610,0,0.13129518226894463
2626,202610,0,0.050369586951735365
2628,202610,0,0.24641244609783647
2629,202610,0,0.05670780781926394
2634,202610,0,0.056453492504889374
2636,202610,0,0.12526385049605293
2637,202610,0,0.14650058772458352
2649,202610,0,0.13941873525828016
2653,202610,0,0.15444767115757874
2661,202610,0,0.12820652168062754
2662,202610,0,0.10122874747113508
2668,202610,0,0.08455682598222808
2673,202610,0,0.10122312339618385
2682,202610,0,0.1415339453786479
2684,202610,0,0.12592923913910625
2685,202610,1,0.12366629927096225
2686,202610,0,0.13087679165430524
2706,202610,0,0.12839172642018376
2709,202610,0,0.12354925995426895
2710,202610,0,0.12628384922953156
2712,202610,0,0.09175002508671033
2717,202610,0,0.12840021815627284
2718,202610,0,0.14139772933959727
2720,202610,0,0.13044640198829055
2726,202610,0,0.1369174811203631
2732,202610,0,0.14231422287503245
2735,202610,0,0.14365892801826166
2736,202610,0,0.12842582554134827
2754,202610,0,0.12098823528877811
2755,202610,0,0.04953036080886324
2758,202610,0,0.12722582687814538
2759,202610,0,0.05906484941784389
2761,202610,1,0.1351648684077793
2768,202610,0,0.14665677049359208
2769,202610,0,0.14200995199175145
2770,202610,0,0.1315956705851316
2776,202610,0,0.04833392077032198
2779,202610,0,0.21272857328274417
2782,202610,0,0.1382747947497858
2783,202610,1,0.12354902873311749
2790,202610,0,0.05943902006069278
2794,202610,0,0.12532398888744067
2796,202610,0,0.03463053940830075
2801,202610,0,0.12686566175638178
2807,202610,0,0.1299395509164221
2810,202610,0,0.10177172328052356
2811,202610,0,0.06668205031565566
2813,202610,0,0.13546749881521153
2820,202610,0,0.13129870366659036
2822,202610,0,0.13940867628325698
2830,202610,0,0.1396416678495472
2831,202610,0,0.1389001639332893
2835,202610,0,0.13639585563274986
2837,202610,0,0.11647914437883458
2852,202610,0,0.1470848738123318
2861,202610,0,0.12303569748812515
2864,202610,0,0.052652555956370695
2868,202610,0,0.13997645652470922
2869,202610,0,0.052928847687546465
2870,202610,0,0.32364350376084633
2879,202610,1,0.13368221901583124
2883,202610,0,0.03412457765317713
2888,202610,0,0.05097126948520397
2890,202610,0,0.052727863822901185
2891,202610,0,0.3370974130732179
2892,202610,0,0.050569717599211535
2895,202610,0,0.15512268330793028
2904,202610,1,0.061912849946457876
2908,202610,0,0.14429850851087464
2909,202610,1,0.1459732981059443
2911,202610,0,0.0493588397160346
2918,202610,0,0.13066954593434568
2920,202610,1,0.14641261246586484
2923,202610,0,0.12903546464116472
2931,202610,0,0.14519411357773812
2936,202610,0,0.1362041388958554
2938,202610,0,0.22987894457261507
2940,202610,0,0.1463566366671937
2942,202610,0,0.13145884277258746
2943,202610,0,0.033897443095690545
2945,202610,0,0.1572384886371953
2949,202610,0,0.05118306408856617
2954,202610,1,0.1483409605985872
2959,202610,0,0.1498247013930247
2966,202610,0,0.13721760014535675
2969,202610,0,0.14477812955452599
2970,202610,0,0.13228156234159352
2975,202610,0,0.12220956747739574
2976,202610,0,0.1584079395008413
2987,202610,0,0.12624722738805355
2993,202610,0,0.05406816653677003
2995,202610,0,0.06110514572810048
2998,202610,0,0.05174703839094354
3002,202610,0,0.1309863126742287
3004,202610,0,0.12952481250443695
3008,202610,0,0.1463950841017107
3010,202610,0,0.14208784551241352
3019,202610,0,0.05721951216619727
3020,202610,0,0.13993140048211328
3027,202610,0,0.049938999158957026
3030,202610,0,0.15788332006394545
3031,202610,0,0.14318095246895507
3037,202610,0,0.1279531051067985
3038,202610,0,0.13020600430774362
3039,202610,0,0.07250951342026112
3043,202610,0,0.13002162992594418
3048,202610,0,0.06495512006549241
3049,202610,0,0.1329390096768534
3050,202610,0,0.12886053020023114
3051,202610,1,0.12505719944178476
3053,202610,0,0.05020985988604434
3054,202610,0,0.05789703617382877
3056,202610,0,0.1238704644612158
3064,202610,1,0.0514551240396847
3067,202610,1,0.13352552616426314
3069,202610,0,0.2201918605209999
3071,202610,0,0.14039514818172527
3072,202610,0,0.145030000825676
3075,202610,0,0.13416721876720744
3078,202610,0,0.13065868248847912
3080,202610,0,0.12876068823051207
3085,202610,1,0.13353031942025906
3089,202610,0,0.22900849020387043
3104,202610,0,0.14210171830330817
3106,202610,1,0.1421153679187588
3109,202610,0,0.14069175093850192
3125,202610,0,0.14021162498604944
3126,202610,0,0.07741505245928178
3134,202610,0,0.12712482526857438
3137,202610,0,0.05651570352916591
3139,202610,0,0.12338545684641034
3142,202610,0,0.14787161186621853
3147,202610,0,0.050367041861384
3160,202610,0,0.12993000217991063
3168,202610,0,0.11845087792954864
3169,202610,0,0.14759479381666246
3172,202610,0,0.11993216224742814
3174,202610,0,0.126529388850119
3176,202610,0,0.05570840361579687
3178,202610,0,0.14254397194599233
3179,202610,0,0.05149017737500067
3181,202610,0,0.1174669380923641
3190,202610,0,0.1567584303633234
3192,202610,0,0.14304353664380903
3196,202610,0,0.13220249494848865
3197,202610,0,0.15172952079803767
3206,202610,0,0.1456565895956963
3208,202610,0,0.03455231180182849
3210,202610,0,0.1173869299027134
3214,202610,0,0.2344579688201332
3216,202610,1,0.22447199521125732
3217,202610,0,0.1351111678395354
3220,202610,0,0.07047114195973607
3221,202610,1,0.11701567154700647
3223,202610,0,0.15057927827017809
3228,202610,0,0.05005887527393072
3232,202610,0,0.11911210934105204
3246,202610,0,0.12326665932741339
3247,202610,0,0.1308028930955913
3253,202610,0,0.06530929754319807
3256,202610,0,0.05259210790334297
3257,202610,0,0.1312026828475466
3262,202610,0,0.08462737587343955
3263,202610,1,0.20762448945286904
3265,202610,0,0.14866142959018425
3269,202610,0,0.06377510109628035
3276,202610,0,0.05344435999466398
3279,202610,0,0.24270853523479116
3282,202610,0,0.07992048035647593
3284,202610,0,0.05711135953194151
3285,202610,0,0.1399806575382999
3294,202610,1,0.13654869546171497
3295,202610,0,0.1299954028826337
3297,202610,0,0.10250297187338521
3298,202610,0,0.12092615610958218
3302,202610,1,0.13170878175714823
3303,202610,0,0.1357126000423424
3309,202610,0,0.13378463017663583
3311,202610,0,0.052147852374277645
3312,202610,0,0.12513454478845096
3313,202610,0,0.13908315009157932
3321,202610,0,0.12069133719907016
3322,202610,0,0.12683830650258526
3325,202610,0,0.11326655671851742
3326,202610,1,0.049377421689361295
3329,202610,0,0.21785773063657732
3343,202610,1,0.13760977838225213
3345,202610,0,0.14793299101829893
3347,202610,0,0.11797823594383929
3349,202610,0,0.12680999269407828
3350,202610,0,0.10053706270227315
3354,202610,0,0.12537713043431836
3356,202610,0,0.22314348960641978
3363,202610,0,0.1352157214907185
3372,202610,0,0.11718046282008149
3376,202610,0,0.12201498987821097
3380,202610,0,0.12498026171116002
3383,202610,0,0.12006459991184405
3385,202610,0,0.1338758959305774
3387,202610,0,0.1414101840505381
3395,202610,0,0.058269037887726235
3396,202610,0,0.04859293122979765
3397,202610,0,0.12486842853126488
3411,202610,0,0.06871414543372867
3413,202610,0,0.05245204520486367
3415,202610,0,0.06896211289282904
3420,202610,0,0.13283268723264846
3424,202610,1,0.12656883662123508
3428,202610,1,0.11992843970840214
3430,202610,1,0.13955325548966116
3441,202610,1,0.12421867745714575
3444,202610,0,0.15124521296538204
3446,202610,0,0.13601690680402156
3447,202610,0,0.06279142689549028
3448,202610,0,0.10964394748423362
3454,202610,0,0.053451301280970205
3466,202610,0,0.12334842934752153
3471,202610,0,0.14585689179897338
3474,202610,0,0.06039783358871884
3488,202610,0,0.14748516060462954
3496,202610,0,0.06405538913215902
3498,202610,0,0.14194968418752735
3499,202610,0,0.08561905698461449
3508,202610,0,0.128751282459141
3511,202610,0,0.05069581957119661
3514,202610,0,0.06318301882991992
3524,202610,0,0.06869683335262364
3526,202610,0,0.12971342975965383
3529,202610,0,0.039116400930705654
3552,202610,0,0.03476462443855978
3561,202610,0,0.0516004694762206
3564,202610,0,0.1993079526154336
3566,202610,0,0.05382376758372285
3567,202610,1,0.14210171830330817
3576,202610,0,0.1306111106189827
3578,202610,1,0.13682760714107806
3581,202610,0,0.05162122186070023
3582,202610,0,0.12939514832888396
3583,202610,0,0.23900485316834294
3587,202610,0,0.12846263963543475
3589,202610,0,0.12802510975464798
3590,202610,0,0.10250341119270029
3592,202610,0,0.1421270515538732
3594,202610,0,0.06197909805964293
3598,202610,0,0.12876170053336705
3602,202610,0,0.14538826116614148
3605,202610,0,0.14545420423983177
3607,202610,0,0.10172152525601216
3608,202610,0,0.15054203649434933
3610,202610,0,0.1473010130129755
3619,202610,0,0.12899321984550907
3621,202610,0,0.053975768920334635
3622,202610,0,0.11181222218798842
3623,202610,0,0.1640706016155022
3628,202610,0,0.13081351952590062
3629,202610,0,0.1387441963510808
3646,202610,1,0.13228731421701204
3647,202610,0,0.04986012573095831
3653,202610,0,0.17684733185165244
3657,202610,0,0.15050952310276058
3658,202610,0,0.10179948992403108
3661,202610,0,0.03408893348096926
3665,202610,0,0.13762654648559977
3668,202610,0,0.05776448307638112
3670,202610,0,0.07240347605838098
3672,202610,0,0.03399405414156989
3675,202610,0,0.1024174148039583
3680,202610,0,0.03475021293316905
3683,202610,1,0.23973501631653116
3685,202610,1,0.16086682229804117
3697,202610,0,0.056518540825213286
3698,202610,0,0.03319020702962191
3699,202610,0,0.1332592150833557
3703,202610,0,0.04591923586829358
3711,202610,0,0.1372936673889359
3712,202610,0,0.1530265870031366
3716,202610,0,0.12479529168410686
3717,202610,0,0.14952475986043554
3721,202610,0,0.14237326743447629
3722,202610,1,0.138233545642183
3725,202610,0,0.12572975074356768
3726,202610,0,0.1326471492537788
3732,202610,1,0.13018266386546046
3735,202610,0,0.14790760259311636
3736,202610,0,0.23863561772043135
3740,202610,0,0.12988481421763798
3743,202610,0,0.23549340533609447
3746,202610,0,0.12444060728829325
3748,202610,0,0.11536514634246185
3751,202610,0,0.07696542493868751
3753,202610,0,0.07364059595969491
3754,202610,0,0.08120715632339835
3755,202610,0,0.05302355534677917
3764,202610,0,0.1266019256103348
3768,202610,0,0.14849756073622322
3772,202610,1,0.22111246874110302
3781,202610,0,0.13486729288277405
3782,202610,0,0.15753750896386437
3787,202610,0,0.0694671706111449
3796,202610,0,0.14101970546579895
3800,202610,0,0.12393242061693041
3804,202610,0,0.05597156704929609
3820,202610,0,0.19888131789491104
3821,202610,0,0.15517632197275688
3824,202610,0,0.08400639803512583
3825,202610,0,0.13498766819324362
3826,202610,0,0.15561749695132424
3831,202610,0,0.12693506380675587
3834,202610,0,0.14456361909657828
3835,202610,0,0.1256056834623465
3836,202610,0,0.12480855066238576
3840,202610,0,0.07925540928544471
3841,202610,0,0.13900522891544503
3842,202610,0,0.14695043869330984
3847,202610,0,0.1221964067920779
3848,202610,0,0.15601361764350283
3854,202610,1,0.051273364637416184
3863,202610,0,0.16676456463652614
3869,202610,0,0.12788242838010638
3875,202610,0,0.13291677160070473
3876,202610,0,0.14934251179089522
3877,202610,0,0.22895865424202674
3878,202610,0,0.1428346838790649
3879,202610,0,0.1444477353907461
3881,202610,0,0.13662624864255207
3882,202610,0,0.05919486965464984
3887,202610,0,0.12216421691484702
3890,202610,0,0.1264257955113458
3894,202610,1,0.2116304749510015
3897,202610,0,0.12681818381320228
3904,202610,0,0.03408893348096926
3905,202610,0,0.23341524753765872
3908,202610,0,0.1509628881245058
3915,202610,1,0.052326738956731046
3917,202610,0,0.15040639147799964
3927,202610,0,0.13692820598978467
3928,202610,1,0.15544217553584733
3931,202610,0,0.15405645866168527
3934,202610,1,0.12017221566888765
3937,202610,1,0.12903930695687735
3938,202610,0,0.14450729148575256
3944,202610,0,0.15503704655509126
3947,202610,0,0.12253409708531175
3950,202610,0,0.13290468582239842
3971,202610,0,0.12498071030748549
3982,202610,0,0.05638238407617154
3988,202610,0,0.21284349736973893
3991,202610,0,0.03408893348096926
3992,202610,0,0.14453470481383507
3997,202610,0,0.06750940123891652
4005,202610,0,0.06212484460313956
4006,202610,1,0.0783852488484249
4008,202610,0,0.1308293860872194
4016,202610,0,0.05109517966458535
4018,202610,0,0.12356590077120475
4020,202610,0,0.17621326609481355
4027,202610,0,0.05277659733074896
4035,202610,1,0.1291357639049432
4038,202610,0,0.12042152287253659
4041,202610,1,0.1310164395937685
4044,202610,0,0.1455330145148875
4045,202610,0,0.12176013288198856
4048,202610,0,0.13739200461662712
4051,202610,0,0.12245860918359269
4054,202610,0,0.126607985908687
4055,202610,0,0.14647089322483886
4061,202610,1,0.23760387837734656
4065,202610,0,0.12477290823201244
4066,202610,0,0.14601945938874442
4067,202610,0,0.1009375779840992
4073,202610,0,0.10396932273265375
4079,202610,0,0.050394157809469674
4084,202610,0,0.11219043043360924
4087,202610,0,0.1602746144036295
4089,202610,0,0.055004488396415155
4091,202610,0,0.22397014689637754
4092,202610,0,0.1185337037911924
4102,202610,0,0.23896171732324673
4108,202610,0,0.13347433495154956
4113,202610,0,0.1421870181409935
4116,202610,0,0.14242546443137274
4117,202610,0,0.0518742608141399
4122,202610,0,0.05943089844284754
4124,202610,0,0.12481307483884893
4125,202610,0,0.12446324075726511
4128,202610,0,0.14814938564194718
4129,202610,0,0.12905691220342916
4130,202610,0,0.14249956702102567
4134,202610,0,0.1339563463832829
4141,202610,0,0.13958536853194406
4142,202610,0,0.12573241164948232
4144,202610,0,0.13671400337109715
4147,202610,0,0.21979583378558468
4150,202610,0,0.05549650400079973
4151,202610,1,0.1225334292538358
4158,202610,0,0.143270248700268
4162,202610,0,0.1331514631526104
4163,202610,0,0.11997150907261553
4166,202610,0,0.03476462443855978
4167,202610,0,0.12345742096606824
4168,202610,0,0.12076338079090045
4175,202610,0,0.03435742547051328
4176,202610,1,0.12277065335600797
4179,202610,0,0.059752608027281676
4180,202610,0,0.1418568940687472
4183,202610,1,0.1352259820737159
4189,202610,0,0.12427832224192635
4192,202610,0,0.15057405691576575
4195,202610,0,0.132992004722883
4197,202610,0,0.1408083042456378
4198,202610,0,0.1278606539790856
4202,202610,0,0.11606635297789382
4208,202610,0,0.12639985695029415
4222,202610,0,0.1293983205260589
4225,202610,0,0.03476462443855978
4227,202610,0,0.13894778338330552
4229,202610,0,0.132425273498368
4230,202610,0,0.1297787422100495
4234,202610,0,0.1265208860200811
4236,202610,0,0.14285646747259959
4244,202610,0,0.22494183071430982
4247,202610,0,0.1181824190162647
4249,202610,0,0.13053710308879948
4258,202610,0,0.1310083929257896
4266,202610,0,0.14549684800166374
4277,202610,1,0.2229561849222324
4281,202610,1,0.12293123550982427
4283,202610,0,0.08224686310674026
4286,202610,0,0.11127006912225051
4287,202610,0,0.1311691447260538
4289,202610,0,0.07885629993864988
4291,202610,0,0.13291078845306364
4292,202610,0,0.128509104286968
4295,202610,0,0.12942427415507793
4296,202610,0,0.051814384728116815
4297,202610,1,0.13226188986967305
4309,202610,0,0.033862027854955415
4323,202610,0,0.13227412921351
4324,202610,0,0.149593364027572
4327,202610,0,0.11193470974483356
4328,202610,0,0.12076185263980607
4330,202610,0,0.058322809318946685
4334,202610,0,0.053230982755764225
4338,202610,0,0.0575529978879287
4341,202610,0,0.1437159109105456
4343,202610,0,0.2226733172753799
4349,202610,0,0.0662010366564775
4366,202610,0,0.12535102074399107
4367,202610,0,0.04813177076136083
4373,202610,0,0.0794825500181705
4374,202610,0,0.162896639836187
4377,202610,0,0.13396844624134877
4384,202610,0,0.15810947083312138
4390,202610,0,0.1336728366367635
4395,202610,1,0.1436075645661545
4403,202610,0,0.12661178813381124
4409,202610,0,0.09668973668398496
4410,202610,0,0.1363530068311243
4419,202610,0,0.138686690157448
4427,202610,0,0.11837937104752791
4428,202610,0,0.1454815839618602
4429,202610,0,0.13984776872262583
4430,202610,0,0.05038291876231524
4431,202610,0,0.13161171699129606
4433,202610,0,0.06245192083800765
4434,202610,0,0.12464604308938164
4441,202610,1,0.15150054390160247
4442,202610,0,0.05349495826293678
4444,202610,0,0.1251491533907936
4447,202610,1,0.1427787797256521
4449,202610,1,0.1433915683515136
4453,202610,0,0.15345841914162017
4456,202610,0,0.0630211534264377
4457,202610,0,0.12835826390368946
4459,202610,0,0.12207711373463485
4463,202610,0,0.14222520737003094
4465,202610,0,0.13861696466194345
4466,202610,0,0.05547838857978927
4469,202610,0,0.0640908790858511
4471,202610,1,0.1196057939540696
4485,202610,0,0.2260972604862707
4486,202610,0,0.12440779540868208
4488,202610,0,0.13101132257417442
4490,202610,0,0.13011000756453708
4492,202610,0,0.127809993593561
4496,202610,1,0.14040313745494443
4498,202610,0,0.1297758403746277
4500,202610,0,0.060745805022609185
4502,202610,0,0.14070582185875194
4507,202610,0,0.1316056339285822
4509,202610,1,0.14092095952812198
4511,202610,0,0.13946103089721543
4512,202610,0,0.11049011892268414
4516,202610,0,0.1320657260495967
4520,202610,0,0.12299595541342748
4524,202610,0,0.13482931023795483
4536,202610,0,0.0641352347150862
4538,202610,0,0.05346263771958596
4549,202610,0,0.04941169258745957
4550,202610,0,0.056787787037606646
4554,202610,0,0.12872278352007813
4561,202610,0,0.13897360318907853
4564,202610,0,0.12158741157400571
4565,202610,1,0.1477611302148351
4566,202610,0,0.11544127714188074
4568,202610,0,0.13706219718961404
4576,202610,1,0.058669070551864586
4579,202610,0,0.12794306340258976
4580,202610,0,0.1293273900174916
4586,202610,0,0.06102218053915114
4594,202610,0,0.13808823786296553
4598,202610,0,0.126676250216838
4601,202610,1,0.11607475563050676
4602,202610,0,0.1311044102474634
4609,202610,0,0.13726470869952453
4610,202610,0,0.11169259994316208
4611,202610,0,0.13316927229949357
4619,202610,0,0.14021562947166039
4624,202610,0,0.165838581163006
4627,202610,0,0.1253321691122729
4628,202610,0,0.1221697971317392
4631,202610,0,0.12411346506749618
4632,202610,0,0.14231559808258187
4634,202610,0,0.13638933448494614
4635,202610,0,0.057120791657730804
4637,202610,0,0.13562247669646488
4641,202610,0,0.12966660303435812
4643,202610,0,0.07339886011430068
4651,202610,1,0.24478485086060373
4654,202610,1,0.07906169590079914
4660,202610,0,0.03408893348096926
4665,202610,0,0.1327468745392417
4667,202610,0,0.03386245919412168
4668,202610,0,0.13152022637168934
4670,202610,0,0.13774462709410754
4674,202610,0,0.05009379229063893
4676,202610,0,0.13435933765232067
4683,202610,0,0.14410064171840725
4684,202610,0,0.05549650400079973
4687,202610,0,0.12478900115969513
4694,202610,0,0.12256802728744481
4698,202610,1,0.06937344374773523
4701,202610,1,0.21955210889273935
4704,202610,0,0.12410697243209082
4706,202610,0,0.12940321037287394
4732,202610,0,0.1332037056923538
4734,202610,0,0.14782964132473736
4735,202610,0,0.11157445199764884
4744,202610,0,0.05899780557129687
4755,202610,0,0.1195518407286845
4756,202610,0,0.12414197791116809
4759,202610,0,0.050771812818178656
4762,202610,0,0.06113013819703027
4763,202610,0,0.12804946820359647
4765,202610,0,0.1505104566469958
4767,202610,0,0.12182401273396848
4770,202610,0,0.12886943122126734
4775,202610,0,0.1351581316246785
4780,202610,0,0.13649820622674053
4788,202610,0,0.1335383387254326
4789,202610,0,0.13215984782583612
4792,202610,0,0.05138894893117161
4794,202610,0,0.14554850250816623
4795,202610,0,0.12931451003127
4797,202610,0,0.12898588868009267
4803,202610,0,0.05646365910489848
4805,202610,0,0.1431331102561402
4807,202610,1,0.09815580641365787
4810,202610,0,0.13802864879610144
4812,202610,0,0.1564637477623509
4814,202610,0,0.1337630973630245
4818,202610,0,0.11710880666106815
4820,202610,0,0.06282596981747003
4822,202610,0,0.13117359624903493
4827,202610,0,0.06433929259423835
4828,202610,0,0.053881918474819705
4831,202610,0,0.03442302909781145
4833,202610,1,0.2207170510864858
4839,202610,0,0.13386343470551837
4841,202610,0,0.12501841000829247
4842,202610,0,0.04025025690995719
4844,202610,0,0.12621996914537117
4852,202610,0,0.04999264318742923
4861,202610,0,0.06775201013991364
4863,202610,0,0.2210803776919126
4868,202610,0,0.12845987263048497
4878,202610,0,0.13439370565390188
4881,202610,0,0.1277065661826556
4883,202610,0,0.14597346525771543
4884,202610,0,0.12063767441673498
4886,202610,1,0.13875563715659156
4890,202610,0,0.130737403571753
4891,202610,1,0.1414181634039139
4894,202610,0,0.03270796284084317
4895,202610,0,0.16088767370249565
4898,202610,0,0.1304882491120393
4899,202610,0,0.053198389248172204
4900,202610,0,0.12807944624376008
4901,202610,0,0.06428709007572292
4902,202610,0,0.04472778016217032
4912,202610,0,0.12621338556580547
4918,202610,0,0.11722025260613309
4919,202610,0,0.12634202623635285
4922,202610,1,0.14644613877993787
4934,202610,0,0.0635255159508631
4937,202610,0,0.11759321474137678
4939,202610,0,0.05263596264140594
4941,202610,0,0.13644352095660803
4945,202610,0,0.033595383848538704
4950,202610,0,0.0493798282249668
4952,202610,0,0.13004762206726483
4953,202610,0,0.13966820175513814
4954,202610,0,0.1234879122695193
4955,202610,0,0.11890392679081234
4956,202610,0,0.13635211595425561
4957,202610,0,0.15027236483855894
4966,202610,1,0.1320490330364369
4967,202610,0,0.058664323749915974
4970,202610,0,0.15515945548721935
4971,202610,0,0.11932553570751442
4979,202610,0,0.14446698079098833
4983,202610,0,0.12433263134789702
4989,202610,0,0.12413604976126491
4995,202610,0,0.13830662197076152
5002,202610,0,0.1260448185513842
5004,202610,0,0.16249974666878153
5006,202610,1,0.1425257644216766
5007,202610,0,0.1272547097955626
5009,202610,0,0.051592181146646134
5010,202610,0,0.12077909094437236
5016,202610,0,0.1221151344870891
5026,202610,1,0.2346785943321407
5033,202610,0,0.05145206353487263
5038,202610,0,0.03376775798094426
5041,202610,0,0.15837820266659514
5045,202610,0,0.07569358659008722
5049,202610,0,0.05629232593759473
5050,202610,0,0.1517686082327184
5051,202610,0,0.05086371336788416
5055,202610,0,0.1316813014103892
5058,202610,0,0.05841275236168939
5059,202610,0,0.05098983912816389
5065,202610,1,0.14188534095395663
5072,202610,0,0.12663802500274163
5073,202610,0,0.1330441693976616
5074,202610,0,0.22645051039958217
5076,202610,0,0.1337659612246964
5078,202610,0,0.06431269866261653
5081,202610,0,0.12126407249180399
5082,202610,0,0.12823478171733377
5084,202610,0,0.03367089916376355
5092,202610,0,0.13339340704115105
5094,202610,1,0.12657758501156854
5105,202610,0,0.13086069010272539
5107,202610,0,0.12591825205872456
5111,202610,0,0.07236299090219622
5120,202610,0,0.03475021293316905
5121,202610,0,0.12265495125980368
5123,202610,0,0.11645078526779251
5126,202610,1,0.24030488851285617
5141,202610,0,0.12483209829594354
5144,202610,0,0.14898077852415717
5147,202610,0,0.1446818293273747
5149,202610,0,0.031029988100265957
5152,202610,0,0.03301851730548136
5153,202610,1,0.12866478251644967
5160,202610,0,0.12903541624059195
5163,202610,1,0.1277695048601245
5170,202610,0,0.13264592033112013
5171,202610,0,0.13468194388841387
5176,202610,0,0.14594804292318952
5178,202610,0,0.14958319790367683
5189,202610,0,0.16072898683654993
5192,202610,0,0.0491356302590069
5195,202610,0,0.06271044444745007
5204,202610,0,0.12858229681939434
5208,202610,0,0.139443728330213
5211,202610,0,0.07760271337453961
5216,202610,0,0.03386245919412168
5217,202610,0,0.13420565653640998
5222,202610,0,0.23042744353148994
5225,202610,0,0.13689218124360292
5228,202610,0,0.14910505198764867
5239,202610,0,0.04982763148902228
5241,202610,0,0.05980945904300929
5242,202610,0,0.16081035082570327
5243,202610,0,0.134424828817375
5246,202610,0,0.15488593898283687
5247,202610,0,0.14517659447173398
5248,202610,0,0.1303892666674079
5249,202610,0,0.05967915137589626
5251,202610,0,0.1549211610757802
5255,202610,0,0.12978907039831167
5257,202610,0,0.15415070963683766
5259,202610,0,0.06996733824419983
5260,202610,0,0.13385190470031558
5269,202610,0,0.14161746882192036
5273,202610,0,0.051814384728116815
5281,202610,0,0.13704413363680143
5284,202610,0,0.13294353209402757
5286,202610,0,0.06370344207764504
5292,202610,0,0.08032768036395382
5293,202610,0,0.1306288987220728
5295,202610,1,0.138756608040172
5299,202610,0,0.12205060005056638
5301,202610,0,0.11126519220625582
5303,202610,0,0.12068221152578498
5305,202610,0,0.13667788191270325
5315,202610,0,0.13081148642947923
5316,202610,1,0.15047359409821082
5319,202610,0,0.08045082242017487
5325,202610,0,0.05372880411469924
5328,202610,1,0.1503592215704546
5331,202610,0,0.12905702887796952
5333,202610,0,0.11263720531987566
5335,202610,0,0.12760772589534713
5337,202610,1,0.1523535938338084
5339,202610,0,0.10989716663746742
5340,202610,0,0.12685654323350162
5341,202610,0,0.12434512132964604
5343,202610,0,0.10040544199442021
5347,202610,0,0.15448634157351301
5353,202610,0,0.12917965406387927
5355,202610,0,0.13129074405075103
5359,202610,0,0.141103186051327
5363,202610,0,0.12535709074705076
5365,202610,0,0.1436957224574519
5373,202610,0,0.11594770568176066
5377,202610,0,0.13918251783740057
5379,202610,0,0.05870108795360741
5385,202610,0,0.1379033771550347
5386,202610,0,0.050774071938659744
5387,202610,0,0.13172859824699287
5389,202610,0,0.0335395840373809
5390,202610,0,0.06160943979434872
5391,202610,1,0.11533774081868399
5396,202610,0,0.058218023182133975
5397,202610,0,0.033897443095690545
5404,202610,0,0.12300609960711212
5407,202610,0,0.13738099609034926
5410,202610,0,0.034140850851757755
5411,202610,0,0.05725619691870642
5412,202610,0,0.11992808892333914
5413,202610,0,0.052705844756399854
5417,202610,0,0.13298458025048887
5418,202610,0,0.13730457996939727
5424,202610,0,0.12176033460720442
5425,202610,0,0.21119818526999437
5427,202610,0,0.14908865069945243
5428,202610,0,0.13071575981784753
5429,202610,0,0.1493224933990306
5433,202610,0,0.1304237179661789
5434,202610,0,0.050334623920882095
5440,202610,0,0.1517439967697831
5441,202610,0,0.1513984477351998
5447,202610,1,0.12157856652682439
5448,202610,0,0.12339037365137662
5456,202610,0,0.14212685972715702
5460,202610,0,0.053801065477945546
5464,202610,1,0.14768473451869818
5465,202610,0,0.1531385588593902
5468,202610,0,0.06667149905804462
5470,202610,0,0.14404963212358946
5475,202610,0,0.11787887668802842
5487,202610,0,0.14201607311611478
5494,202610,1,0.13145531964384452
5501,202610,0,0.057107016669150974
5504,202610,0,0.12299546714964638
5508,202610,0,0.15546812304320592
5510,202610,0,0.09677479245556485
5514,202610,0,0.05549104092300949
5517,202610,1,0.11921769919208902
5526,202610,1,0.1398210251508777
5528,202610,0,0.12982072608975065
5540,202610,0,0.11580446085026182
5543,202610,0,0.12643751831089542
5544,202610,1,0.052451444366479305
5545,202610,0,0.13511982369532916
5546,202610,0,0.14315074443753584
5548,202610,0,0.05837491713281346
5551,202610,0,0.22544860850015078
5553,202610,0,0.1265021731898448
5556,202610,0,0.13512060041770685
5560,202610,0,0.14887126442166965
5563,202610,0,0.1299312421408098
5565,202610,1,0.21767001628668167
5569,202610,0,0.03931261414241973
5572,202610,0,0.0621291792098726
5576,202610,0,0.05034128150608631
5582,202610,0,0.12954385967199128
5586,202610,0,0.05043444020028421
5598,202610,0,0.05681369073418333
5605,202610,0,0.12837955386164315
5608,202610,0,0.13430067229673934
5609,202610,0,0.15848908987128493
5610,202610,0,0.12637133651468876
5612,202610,1,0.11946879849616346
5620,202610,1,0.14316089492489667
5622,202610,0,0.07149840191554324
5628,202610,0,0.13689369878642893
5632,202610,0,0.1422523901263213
5635,202610,0,0.12437571588882543
5640,202610,0,0.04849544217019149
5641,202610,0,0.09262357551933116
5647,202610,0,0.05698375829824255
5648,202610,1,0.12740155449752197
5649,202610,1,0.1252477309908464
5654,202610,0,0.1474033567845013
5662,202610,0,0.1261631285593507
5663,202610,1,0.05256228810564172
5665,202610,0,0.1456530332815596
5667,202610,0,0.15155238816631145
5674,202610,0,0.06742371989596595
5691,202610,0,0.1285317254123276
5694,202610,0,0.1370035939129006
5695,202610,1,0.13536707452945454
5698,202610,1,0.14280242335060922
5703,202610,1,0.1702497393840128
5706,202610,0,0.1219396617223069
5708,202610,0,0.12406616894404299
5716,202610,0,0.0665963036559221
5722,202610,0,0.0571824004707429
5738,202610,0,0.14185292277039807
5745,202610,0,0.12943784557615323
5746,202610,0,0.06832847278921998
5755,202610,0,0.13693078689188906
5756,202610,0,0.03380888291627996
5760,202610,0,0.13204975122935173
5761,202610,0,0.1289039765653128
5762,202610,0,0.05746065696633025
5763,202610,0,0.06036663011266929
5765,202610,0,0.1494980765350818
5766,202610,0,0.15402210271133743
5773,202610,0,0.14163543570410814
5775,202610,0,0.13670297811092277
5781,202610,0,0.1328080469791302
5786,202610,0,0.1342039630129254
5789,202610,0,0.13037245236728184
5799,202610,0,0.12988530570021276
5802,202610,0,0.12358836960207158
5806,202610,1,0.12065089011461212
5808,202610,0,0.13621274208462988
5811,202610,0,0.12368572252612532
5812,202610,0,0.23496775779498574
5813,202610,0,0.12937507998126113
5821,202610,0,0.13557254967819796
5829,202610,0,0.1481065737965519
5836,202610,0,0.1302535598339118
5838,202610,0,0.12835757447823862
5840,202610,0,0.1268902233631346
5842,202610,0,0.14335645706741112
5844,202610,0,0.16952609337436889
5858,202610,1,0.1303459520436569
5861,202610,0,0.12813173328596403
5864,202610,0,0.1296718799648419
5865,202610,0,0.14679600947323734
5871,202610,0,0.13542980183471873
5875,202610,0,0.14675847873803702
5877,202610,0,0.05056033084195594
5879,202610,0,0.13541359339258643
5881,202610,0,0.1452919048302897
5888,202610,0,0.22879669404493794
5891,202610,0,0.05389228292539262
5895,202610,1,0.23563644055096644
5896,202610,1,0.05532762594785026
5900,202610,0,0.14010951879921046
5903,202610,0,0.046332296924780456
5909,202610,0,0.13464904413767756
5914,202610,0,0.15164926629805722
5918,202610,0,0.12380797518250838
5923,202610,1,0.12009071284699316
5933,202610,0,0.05151239449048522
5945,202610,0,0.05527753813882106
5948,202610,0,0.0814178156970419
5949,202610,0,0.03942678968845156
5950,202610,0,0.130180981551658
5952,202610,0,0.12856473486018896
5955,202610,0,0.12858703345113576
5959,202610,0,0.1469123899048401
5961,202610,0,0.1376038375263698
5964,202610,0,0.05346575919404257
5966,202610,0,0.14198552418582736
5978,202610,0,0.13235295096857716
5980,202610,0,0.10677390139081683
5983,202610,0,0.15286632883318066
5985,202610,0,0.13148656380935492
5995,202610,0,0.12444765020468877
6003,202610,1,0.1927505684537438
6008,202610,1,0.1288752757255422
6009,202610,0,0.14387144210875139
6013,202610,0,0.25141619128998854
6016,202610,0,0.07123785426842685
6017,202610,1,0.13097520827771608
6021,202610,0,0.13499897847960968
6023,202610,0,0.09261149949781193
6025,202610,1,0.17945405288505034
6029,202610,0,0.13694301252787935
6033,202610,0,0.13571528834208338
6036,202610,0,0.034557519082161176
6039,202610,0,0.1279927144252873
6046,202610,0,0.21359235692560963
6047,202610,0,0.15944178316650331
6048,202610,0,0.12002845561794047
6050,202610,0,0.1552962609812295
6051,202610,0,0.13145717196925535
6054,202610,0,0.05103981782894994
6059,202610,1,0.1291289376225417
6061,202610,0,0.14702137993814524
6062,202610,0,0.034209665975553506
6065,202610,0,0.11326954950569498
6068,202610,0,0.1273609886294657
6069,202610,0,0.22561729540439568
6070,202610,0,0.16328100461248066
6072,202610,0,0.11066902068251455
6076,202610,0,0.12700255579899072
6082,202610,0,0.05934296933269832
6101,202610,1,0.13842428757876266
6104,202610,0,0.12698740353044563
6110,202610,0,0.13771060829662907
6122,202610,0,0.12530828918535228
6123,202610,0,0.14860850016711663
6124,202610,1,0.1257083472056675
6126,202610,0,0.05076145652911534
6128,202610,0,0.1407496710201917
6131,202610,0,0.05847940698162632
6138,202610,1,0.15547978461895076
6139,202610,0,0.12342177928537088
6140,202610,0,0.1462068627885674
6142,202610,0,0.2259318853912606
6143,202610,0,0.08262822450826325
6144,202610,1,0.13739089815474825
6147,202610,0,0.13551630364297512
6152,202610,0,0.1447281446435291
6164,202610,0,0.1251384623823704
6171,202610,0,0.14438154547140702
6173,202610,0,0.14223948233608052
6175,202610,0,0.15699085132175547
6176,202610,0,0.034765454259711635
6179,202610,0,0.13229049224976744
6180,202610,1,0.1597614500221429
6181,202610,0,0.11777458392885536
6184,202610,0,0.06261514286160355
6191,202610,0,0.06786926440318013
6195,202610,0,0.2627836693755487
6200,202610,0,0.1304405679680108
6201,202610,0,0.14085205643954682
6206,202610,0,0.14719941240812684
6208,202610,0,0.13928018782866003
6213,202610,1,0.12740189102800767
6216,202610,1,0.1165368351668645
6219,202610,0,0.12732517163425364
6220,202610,1,0.12912323970726863
6223,202610,0,0.05280773879267475
6224,202610,0,0.15697243330098742
6237,202610,0,0.09298483088334426
6248,202610,1,0.12044711441226062
6255,202610,0,0.13484986963120324
6264,202610,0,0.1454082038607474
6265,202610,0,0.13511290465706824
6273,202610,0,0.11741140780174082
6275,202610,0,0.16105363008949206
6279,202610,0,0.12337008005282045
6284,202610,0,0.1367645094251623
6285,202610,1,0.061420229513418065
6295,202610,0,0.13427435860401757
6297,202610,0,0.05397337630880088
6300,202610,1,0.12000766488925627
6306,202610,0,0.03455231180182849
6311,202610,0,0.20675753806936065
6327,202610,0,0.11396754588758044
6330,202610,0,0.12404863105314576
6337,202610,1,0.15156665427037205
6338,202610,0,0.13629934530189633
6343,202610,0,0.15300417317592804
6345,202610,0,0.21488455651938582
6349,202610,0,0.2205221572169639
6351,202610,0,0.12730201392563859
6357,202610,0,0.03470007206106873
6358,202610,1,0.12334499853125691
6360,202610,0,0.12310749063657211
6389,202610,0,0.07606509379626031
6392,202610,0,0.13872484872218524
6402,202610,1,0.1327810308824924
6403,202610,1,0.12622528008491762
6404,202610,0,0.12476686910953153
6406,202610,0,0.05236459446775406
6407,202610,0,0.14184900237333295
6414,202610,0,0.050266573392378416
6419,202610,0,0.1305529960816681
6425,202610,0,0.14162967970325294
6428,202610,0,0.050367041861384
6431,202610,0,0.09354107848625892
6435,202610,0,0.12704826276612305
6436,202610,0,0.06562642567737711
6440,202610,0,0.117725359023245
6446,202610,0,0.12653577027802543
6458,202610,1,0.25165540089554367
6459,202610,0,0.05084755050090353
6465,202610,0,0.11891271043291647
6473,202610,0,0.12287624992541202
6476,202610,0,0.06365365257104888
6477,202610,0,0.10773691366918312
6478,202610,0,0.1469199818317478
6481,202610,1,0.0674497880002615
6488,202610,1,0.11716081125622012
6491,202610,0,0.22358150795626597
6494,202610,0,0.10505709698938534
6501,202610,0,0.1448829553888833
6502,202610,0,0.21059938863143182
6503,202610,0,0.13146731575063705
6514,202610,0,0.04507409823342391
6516,202610,0,0.11614873329265399
6534,202610,0,0.1466238680483999
6536,202610,1,0.12410684831928089
6538,202610,1,0.21130639547551064
6541,202610,0,0.052928847687546465
6551,202610,1,0.13142995967511914
6553,202610,0,0.14448403063139112
6557,202610,0,0.11822108545460214
6559,202610,0,0.12735013879403778
6560,202610,0,0.1515215184788733
6562,202610,0,0.13359302955245878
6569,202610,1,0.1255162818731496
6575,202610,0,0.14899296242224497
6583,202610,0,0.03293647847217797
6588,202610,0,0.14016387966221525
6590,202610,0,0.08212791539113437
6594,202610,0,0.08432044491472779
6599,202610,0,0.12770003334108845
6602,202610,0,0.13226050933655223
6603,202610,0,0.13345207584300456
6605,202610,1,0.14853055446173513
6606,202610,0,0.11586169585339079
6614,202610,0,0.14346654684769963
6618,202610,0,0.11879362539730162
6628,202610,0,0.13613362728939427
6629,202610,1,0.15135222209343765
6633,202610,0,0.05809945179204879
6639,202610,0,0.11806083528225998
6648,202610,0,0.13303625245702919
6654,202610,0,0.1197342845311814
6656,202610,0,0.05488134922163231
6657,202610,0,0.16801418412977367
6663,202610,0,0.034456188753852444
6664,202610,0,0.11519664897135615
6666,202610,0,0.034322431397536775
6670,202610,0,0.1254615294148354
6671,202610,0,0.10249019184743814
6682,202610,1,0.1384520830186596
6683,202610,0,0.06718133696038363
6693,202610,0,0.15364503302741603
6694,202610,0,0.1319500146187906
6695,202610,0,0.1497580985965553
6699,202610,0,0.1367740926768274
6701,202610,0,0.12698510521626932
6706,202610,0,0.033862027854955415
6707,202610,0,0.03476462443855978
6709,202610,1,0.2178646249596036
6713,202610,1,0.11724412519788903
6720,202610,0,0.11912586517526609
6721,202610,0,0.05642285788467867
6726,202610,0,0.14238091667842132
6735,202610,0,0.12869575295318444
6741,202610,1,0.12327637305754918
6745,202610,0,0.1331056992020873
6746,202610,0,0.12110907553543511
6751,202610,0,0.034128795831706554
6752,202610,1,0.1514793029966359
6759,202610,0,0.1531589154778497
6760,202610,0,0.10332703150408692
6765,202610,0,0.13725630302980082
6767,202610,0,0.12182341342040157
6768,202610,0,0.11430866869093066
6772,202610,0,0.12677116206055855
6774,202610,0,0.059079658874656084
6776,202610,0,0.16212429793699423
6779,202610,0,0.13067371248467566
6789,202610,0,0.12215394287644184
6792,202610,0,0.23345129781108268
6797,202610,0,0.03399405414156989
6801,202610,1,0.1075104506700133
6807,202610,0,0.1337700330239954
6808,202610,0,0.1398603682733884
6811,202610,0,0.1295064859010009
6813,202610,0,0.0533346850395202
6814,202610,0,0.14119823824873126
6817,202610,0,0.1382883468021158
6826,202610,0,0.12771300107756833
6828,202610,1,0.11622583965377706
6830,202610,0,0.06029523282744961
6832,202610,0,0.13309163107890462
6834,202610,0,0.12973005893393486
6838,202610,0,0.16756048121643224
6840,202610,0,0.13463398109381322
6844,202610,1,0.16091255837885948
6850,202610,0,0.12684662502875055
6851,202610,0,0.1250154113335158
6854,202610,0,0.2171511162048454
6856,202610,0,0.1591758586018258
6858,202610,0,0.10213912987986187
6864,202610,1,0.1274375906950194
6866,202610,0,0.12344135592516191
6871,202610,0,0.14587079528213726
6872,202610,0,0.13453920100517433
6877,202610,1,0.14356268854288917
6879,202610,0,0.13360189135906209
6881,202610,0,0.05250561148754816
6882,202610,0,0.12860795534805894
6883,202610,0,0.1415113572591097
6894,202610,0,0.15913324364596965
6899,202610,0,0.05654823660497753
6903,202610,0,0.1414788869222578
6904,202610,1,0.058558037543223605
6908,202610,0,0.1445984713643578
6914,202610,0,0.14784454608609304
6915,202610,0,0.13656271207488793
6917,202610,0,0.13029132162018198
6922,202610,0,0.034209665975553506
6933,202610,0,0.05884902251308988
6944,202610,0,0.1399330094774487
6948,202610,0,0.15252418225366796
6957,202610,0,0.1266222421854324
6962,202610,0,0.12803015704700182
6964,202610,0,0.1260249971357997
6965,202610,0,0.10489857221650689
6979,202610,1,0.1324549409579304
6987,202610,0,0.12693034834957137
6989,202610,0,0.043824138772226406
6991,202610,0,0.12805407991229642
6992,202610,0,0.10284513077428269
7002,202610,1,0.15446546218516444
7007,202610,1,0.1514791098829128
7010,202610,0,0.13990365776875535
7012,202610,0,0.14428544453812148
7019,202610,0,0.12693657144700954
7021,202610,0,0.05496916222108808
7023,202610,0,0.1355272344667114
7033,202610,0,0.04876976864199211
7034,202610,0,0.13294018941015942
7043,202610,0,0.1239306611538011
7047,202610,0,0.11833203772582172
7050,202610,0,0.10108637174915648
7052,202610,1,0.13337981801457893
7057,202610,0,0.06841997027386676
7068,202610,1,0.15593439533653053
7069,202610,0,0.06119296707599786
7070,202610,0,0.055524719546116194
7072,202610,0,0.15486143895840082
7078,202610,0,0.14411435468832046
7081,202610,0,0.12505335469977216
7082,202610,0,0.06140373583903484
7088,202610,0,0.13985171891435072
7093,202610,0,0.14339270482939193
7094,202610,1,0.15690480973722187
7100,202610,0,0.12842515001652713
7103,202610,0,0.05617269752240242
7104,202610,0,0.07506176441959396
7109,202610,0,0.056431421906791006
7111,202610,0,0.14036452838136368
7113,202610,0,0.03376775798094426
7119,202610,0,0.11567752898463236
7122,202610,0,0.05046115562918043
7134,202610,0,0.24348116594104882
7136,202610,1,0.12075376595862254
7141,202610,0,0.12157456363163079
7143,202610,1,0.1372592522761044
7147,202610,0,0.05673555261748322
7153,202610,0,0.13512238173014648
7155,202610,0,0.13434801421944859
7156,202610,0,0.12946028466196302
7159,202610,1,0.13232453815072107
7163,202610,0,0.23691492190294558
7171,202610,0,0.1352925823958629
7173,202610,0,0.06078324482827213
7177,202610,0,0.13627304831834267
7179,202610,0,0.15412761069350536
7182,202610,1,0.07107230198534704
7184,202610,1,0.13276421658074272
7185,202610,1,0.14953019474106716
7191,202610,0,0.13825153114354619
7196,202610,0,0.1435822439659422
7197,202610,0,0.034322431397536775
7199,202610,0,0.13203232766175835
7204,202610,1,0.11992790876271373
7205,202610,0,0.04876174084887232
7209,202610,0,0.06490960489255108
7213,202610,0,0.1275346559013178
7215,202610,0,0.06779595297981095
7216,202610,0,0.10445956550813032
7217,202610,0,0.13442310254449547
7224,202610,0,0.1299829351231164
7229,202610,1,0.23360382763533025
7230,202610,0,0.13528256044263134
7235,202610,0,0.15476132240227794
7237,202610,0,0.14969855442667934
7245,202610,0,0.1382760658671987
7246,202610,0,0.12557165693059916
7252,202610,0,0.06199198241812339
7257,202610,0,0.12612417406383694
7258,202610,0,0.12049491675704392
7261,202610,0,0.10250341119270029
7269,202610,0,0.14077161076732414
7270,202610,0,0.12857417246634906
7274,202610,0,0.07434403985412953
7283,202610,0,0.13537634237552956
7291,202610,0,0.1421153679187588
7299,202610,0,0.13094759088563057
7301,202610,0,0.049720601896753765
7304,202610,0,0.1295554027990002
7311,202610,0,0.14243149339612962
7314,202610,0,0.14006941454237717
7321,202610,1,0.13989872638287437
7324,202610,0,0.1414181634039139
7326,202610,0,0.14015147040342688
7328,202610,0,0.2007701995977503
7332,202610,0,0.1249866817802046
7333,202610,0,0.1503725797844705
7335,202610,0,0.1320740756113403
7336,202610,0,0.05836440994128585
7337,202610,0,0.1658770731244772
7344,202610,0,0.11294039750832613
7348,202610,0,0.14463757593830615
7351,202610,0,0.12100566570537549
7352,202610,0,0.0591957566229679
7361,202610,0,0.1278908341384426
7371,202610,0,0.12886957876029312
7373,202610,0,0.12983810330805873
7374,202610,0,0.1388109445017766
7376,202610,0,0.08056383299265658
7383,202610,0,0.21516332384112827
7390,202610,0,0.03386245919412168
7391,202610,0,0.0767429583862908
7392,202610,0,0.1300039237159092
7395,202610,0,0.053274495510351016
7400,202610,0,0.126447171942759
7403,202610,0,0.1273221658083502
7404,202610,0,0.12966369383022502
7405,202610,1,0.1491457875500557
7407,202610,0,0.14759710082724822
7412,202610,1,0.13343166515319724
7414,202610,0,0.12053650037795409
7425,202610,1,0.13751397534739948
7429,202610,0,0.13300629650353668
7435,202610,0,0.13241269107208517
7436,202610,0,0.11629988735600305
7438,202610,0,0.12129093504745615
7441,202610,0,0.038298168367352774
7443,202610,0,0.23561331153641196
7444,202610,0,0.16127317087552423
7452,202610,0,0.07916464503399288
7456,202610,0,0.1259925346513669
7462,202610,0,0.07130677518590624
7472,202610,0,0.16871799361533665
7473,202610,1,0.1268434527910215
7482,202610,0,0.15404148896729744
7483,202610,0,0.10517863451212549
7488,202610,0,0.14692480458162732
7489,202610,1,0.1358865461474044
7490,202610,0,0.13323192856665006
7492,202610,0,0.1391202259063853
7497,202610,1,0.11896850183214971
7500,202610,0,0.12797217624645216
7504,202610,0,0.06606834328254584
7507,202610,0,0.1292894902551344
7511,202610,0,0.05051848819496321
7519,202610,0,0.1337493642349936
7520,202610,0,0.26239470914135976
7522,202610,0,0.05561140002756683
7530,202610,0,0.06394452616387275
7534,202610,0,0.12899730042496482
7536,202610,0,0.13864223708774548
7541,202610,0,0.13190897092131065
7543,202610,0,0.0507840402596923
7545,202610,0,0.13504190759150353
7556,202610,0,0.1256171392668471
7558,202610,0,0.15779408448077983
7560,202610,0,0.13748570621686493
7561,202610,0,0.12220209630509343
7571,202610,0,0.12820034687255735
7579,202610,0,0.126973242772194
7580,202610,0,0.1119242134663186
7581,202610,0,0.12965416455635198
7582,202610,0,0.14047204037926747
7586,202610,0,0.13134497892615143
7590,202610,0,0.15132801157757853
7592,202610,0,0.14321396230546715
7594,202610,0,0.12573705143886424
7595,202610,0,0.15249825814271598
7601,202610,0,0.13538579387982816
7602,202610,0,0.12634705306444755
7603,202610,0,0.12757758715752748
7611,202610,0,0.14308351541180775
7617,202610,0,0.04320329588822517
7618,202610,0,0.1451823959090955
7619,202610,0,0.13618516020063604
7621,202610,1,0.1216577439853973
7625,202610,0,0.05288558941139554
7628,202610,0,0.13036230621163997
7630,202610,0,0.05595032878765025
7631,202610,0,0.051527331106134104
7633,202610,0,0.13256475833799858
7634,202610,0,0.1267587093936957
7641,202610,0,0.14246536421853417
7642,202610,0,0.1434339011157934
7646,202610,0,0.13203134487661222
7647,202610,1,0.0569665312223702
7648,202610,0,0.13881549509411903
7654,202610,1,0.11238477946009484
7662,202610,0,0.14322342023865403
7666,202610,0,0.14224051121695264
7674,202610,0,0.12443020792709546
7676,202610,0,0.11962918911023687
7677,202610,1,0.12472209012433001
7679,202610,0,0.14487326573759005
7681,202610,0,0.13640075079046293
7686,202610,0,0.054914743609063364
7692,202610,0,0.12728380989920646
7694,202610,0,0.1508348243114477
7696,202610,0,0.14913075224204939
7700,202610,1,0.12343697596794813
7707,202610,0,0.058039392016378345
7708,202610,0,0.03476462443855978
7712,202610,0,0.03356094722562347
7715,202610,0,0.13521837423083297
7716,202610,0,0.06235517644985041
7717,202610,0,0.15725457644460328
7719,202610,0,0.05316916925822427
7723,202610,0,0.05703537302701759
7726,202610,0,0.13158221089055483
7734,202610,0,0.1387854219289617
7739,202610,0,0.07493259985678943
7743,202610,0,0.1458365797327117
7751,202610,0,0.0593307728235003
7752,202610,0,0.13463181928938261
7755,202610,0,0.13601505000685787
7758,202610,0,0.050360176531868174
7761,202610,0,0.12677880387240076
7767,202610,0,0.05094483240360015
7773,202610,0,0.11319635228517975
7779,202610,0,0.06824724666493438
7785,202610,0,0.06334149198268187
7792,202610,0,0.06176337022866299
7800,202610,0,0.13779688883887806
7801,202610,0,0.11909911979314554
7802,202610,0,0.11515771699608894
7804,202610,0,0.11181234194198299
7808,202610,0,0.1501865665556027
7809,202610,1,0.04900311110667161
7811,202610,0,0.12061889724800656
7812,202610,1,0.1270278980092354
7816,202610,0,0.05548080614283165
7822,202610,0,0.06325594569086782
7823,202610,0,0.05610235523561183
7826,202610,0,0.12828662401849839
7832,202610,0,0.1289612417696182
7833,202610,0,0.13332772750092017
7838,202610,0,0.058664323749915974
7839,202610,1,0.15347707895289225
7840,202610,0,0.12829231725495463
7846,202610,1,0.21407391402803294
7849,202610,0,0.14153362067493885
7851,202610,0,0.11943427329570971
7857,202610,0,0.12246439683968909
7877,202610,0,0.05119551504504278
7885,202610,0,0.23765010972422576
7895,202610,1,0.12103518444704922
7900,202610,0,0.14070398578678184
7907,202610,0,0.12854683770509417
7910,202610,0,0.05231024265237676
7914,202610,0,0.15813514055519198
7917,202610,1,0.05212770706430468
7918,202610,0,0.15190661222567228
7919,202610,0,0.05697691084189137
7921,202610,0,0.04692294108118077
7928,202610,0,0.12925444098499803
7933,202610,0,0.15661834424783747
7937,202610,0,0.1327862477697375
7938,202610,1,0.15354172219626283
7941,202610,0,0.12837745757012606
7947,202610,0,0.08038610768644637
7955,202610,0,0.12702633722901915
7956,202610,0,0.1463460899530374
7957,202610,0,0.11895788264947214
7958,202610,1,0.3371723652068792
7964,202610,0,0.14672145431312797
7967,202610,1,0.1143150131247722
7968,202610,0,0.13393131425377017
7971,202610,1,0.14125544480086824
7975,202610,1,0.14555892230308035
7980,202610,0,0.06658436006813603
7983,202610,0,0.13992231079485484
8004,202610,0,0.2311859222981252
8013,202610,1,0.1468867454862751
8016,202610,0,0.1400593936859401
8017,202610,0,0.05031748327244339
8024,202610,0,0.15798334184744212
8028,202610,1,0.14444261169549216
8031,202610,0,0.13914635579886336
8032,202610,0,0.05301619091259828
8035,202610,0,0.12402429707771596
8036,202610,0,0.12757232470656277
8037,202610,0,0.052928847687546465
8052,202610,0,0.13236249996751062
8053,202610,1,0.05266157873965982
8055,202610,0,0.06569491542944804
8059,202610,0,0.12776426941436309
8063,202610,0,0.12177947461691123
8064,202610,0,0.13570936677351642
8068,202610,0,0.12963773977308782
8070,202610,0,0.06274192158178415
8072,202610,0,0.13276605010924294
8073,202610,1,0.13511435883567657
8085,202610,0,0.14030834794798416
8089,202610,0,0.1280583073133653
8097,202610,0,0.051406772789710356
8100,202610,0,0.14361019913447404
8102,202610,0,0.1395753631900783
8105,202610,0,0.054169999863414205
8114,202610,0,0.12732680881669844
8117,202610,0,0.12929655324897832
8120,202610,0,0.12704732011171718
8126,202610,0,0.12936541961701994
8127,202610,1,0.12322408109163034
8128,202610,0,0.061775013560665934
8135,202610,0,0.05874574326608416
8136,202610,0,0.13840661239063057
8137,202610,0,0.1324561058703577
8141,202610,0,0.16060349894184384
8148,202610,0,0.11044690920821014
8169,202610,0,0.05496830646801574
8173,202610,0,0.05316916925822427
8178,202610,0,0.13477139205488686
8179,202610,0,0.2167244436488332
8182,202610,0,0.033150987449461114
8184,202610,0,0.11126004598312139
8186,202610,0,0.1350317464364756
8189,202610,0,0.13927620397644522
8196,202610,0,0.13892412382701205
8204,202610,1,0.12729135676540032
8216,202610,0,0.14493934671841097
8217,202610,1,0.20114330791981072
8219,202610,0,0.12542716126385867
8221,202610,0,0.13365691701418275
8225,202610,1,0.23580137980655663
8227,202610,0,0.06503596964929943
8229,202610,1,0.12975048275524512
8232,202610,0,0.125818805246704
8245,202610,0,0.129234144962415
8246,202610,0,0.22996331705695047
8248,202610,0,0.12649161162990036
8249,202610,0,0.13264609991015935
8250,202610,0,0.124666419121656
8256,202610,0,0.056948849952159986
8258,202610,0,0.14743099031330312
8259,202610,0,0.034140850851757755
8268,202610,0,0.12822748081022708
8270,202610,1,0.13265791472975877
8271,202610,0,0.1342791866497566
8272,202610,0,0.1316318359548004
8273,202610,0,0.13542624810923784
8275,202610,0,0.13018062157718271
8277,202610,0,0.14335388504154334
8281,202610,1,0.1631127015829423
8283,202610,0,0.11721873077103863
8285,202610,0,0.1301902770642541
8288,202610,0,0.05649183806492284
8299,202610,0,0.054037671412151905
8300,202610,0,0.12384726540262292
8301,202610,0,0.05121095506849748
8307,202610,0,0.13099527512493325
8315,202610,0,0.13286872189064272
8324,202610,0,0.11203468573141143
8326,202610,0,0.13609972326478983
8327,202610,1,0.1357997337049241
8328,202610,1,0.15386204343501597
8334,202610,1,0.13431785051819545
8351,202610,0,0.05273147016396759
8367,202610,0,0.033110408055598714
8368,202610,0,0.13274358963616345
8371,202610,0,0.16566223988731704
8383,202610,0,0.12507524991141997
8386,202610,0,0.13782090391311863
8389,202610,0,0.12467929344685393
8402,202610,0,0.05316916925822427
8404,202610,0,0.12377681530060197
8409,202610,1,0.13769771969072722
8416,202610,1,0.14508042466228335
8417,202610,0,0.1340605443683536
8419,202610,0,0.12685259228152115
8420,202610,1,0.14655259471071683
8421,202610,0,0.14143462848925814
8422,202610,0,0.05008566163528442
8425,202610,0,0.15466989157905886
8429,202610,0,0.1323827327549417
8433,202610,0,0.14026958417320265
8436,202610,1,0.13315557535388856
8437,202610,0,0.12451007068166839
8440,202610,0,0.04833392077032198
8446,202610,1,0.14461576217959732
8455,202610,0,0.14905208142997825
8462,202610,0,0.13699169168886233
8471,202610,0,0.1315432141278377
8479,202610,0,0.15303157713219342
8482,202610,0,0.06040511918798411
8485,202610,0,0.1305994183733809
8489,202610,0,0.049437118835700046
8490,202610,0,0.033492200032306796
8492,202610,0,0.050878121345278506
8496,202610,0,0.13301115726959886
8497,202610,0,0.14777986345356173
8498,202610,0,0.12860404654655172
8500,202610,0,0.1367309291544581
8501,202610,0,0.14389408415276023
8508,202610,0,0.14088165020736867
8512,202610,0,0.15818108156696256
8519,202610,0,0.13753603737561743
8522,202610,0,0.1534370597655252
8536,202610,0,0.033110408055598714
8545,202610,0,0.12254092223588542
8546,202610,0,0.12505846907474194
8554,202610,0,0.1279733780587986
8556,202610,0,0.12811595856726746
8557,202610,0,0.14684996611543083
8559,202610,0,0.12930147520849344
8560,202610,0,0.13142254526855912
8563,202610,0,0.12943734491453818
8565,202610,0,0.11730697350625482
8574,202610,0,0.11818703898662855
8578,202610,0,0.05769135069651234
8585,202610,0,0.04946566987636535
8599,202610,1,0.21277583353734691
8602,202610,0,0.14963754802639526
8605,202610,0,0.08183823922499149
8609,202610,0,0.12479149897240743
8610,202610,1,0.1235622299429956
8614,202610,0,0.07778897342468627
8619,202610,0,0.13019214628181466
8621,202610,1,0.13021683820624028
8629,202610,0,0.12544210469795716
8632,202610,0,0.13928329697805933
8635,202610,0,0.04872397502763271
8639,202610,0,0.05082916096470701
8642,202610,0,0.04785388587152407
8643,202610,0,0.13810387007896094
8649,202610,0,0.142399215546861
8655,202610,0,0.13743541201097162
8657,202610,0,0.13229118977103826
8662,202610,0,0.13082940750940725
8663,202610,0,0.1293815857055776
8666,202610,0,0.1390977842187117
8674,202610,0,0.051814384728116815
8676,202610,0,0.14094676602368766
8680,202610,1,0.12863002562047668
8686,202610,0,0.14520721951594273
8691,202610,0,0.1235362268640652
8701,202610,0,0.13227146207060658
8702,202610,0,0.13162671714975532
8705,202610,1,0.14738422068192863
8714,202610,0,0.05410585418163027
8716,202610,1,0.1440890006386112
8718,202610,0,0.13206581316164395
8731,202610,0,0.13396051234477283
8736,202610,0,0.12438616909839577
8738,202610,0,0.1295595101443389
8745,202610,0,0.05732819459659971
8749,202610,0,0.1241894721312185
8754,202610,0,0.13696193423434017
8755,202610,0,0.1025326983390472
8760,202610,0,0.12233022124231467
8762,202610,0,0.05866240376760247
8767,202610,0,0.03365015127960018
8768,202610,0,0.13111958777584617
8769,202610,0,0.034765454259711635
8770,202610,1,0.1250469736287825
8771,202610,0,0.14396001189050806
8772,202610,1,0.13767637338706765
8781,202610,0,0.05963933770142755
8782,202610,1,0.10302809288691404
8789,202610,0,0.14428310205843814
8795,202610,0,0.11613835077486911
8796,202610,0,0.05187149191520894
8807,202610,1,0.13456315556111906
8811,202610,0,0.1252120802893542
8815,202610,0,0.1530062221216937
8820,202610,0,0.1272568491051001
8821,202610,1,0.05604500037499509
8825,202610,0,0.1644504865395738
8832,202610,0,0.12034045439019848
8839,202610,0,0.061306534507389904
8841,202610,0,0.144995106213307
8844,202610,0,0.13109246967234275
8848,202610,0,0.1193878663778649
8849,202610,0,0.06776419060254348
8856,202610,0,0.12994109432936224
8865,202610,0,0.12216006549738637
8874,202610,0,0.12950415220646055
8875,202610,0,0.12757145781484033
8879,202610,0,0.05711135953194151
8882,202610,0,0.11543897863774069
8885,202610,0,0.12716451048837307
8892,202610,0,0.13288421934171918
8897,202610,0,0.1387149484345818
8899,202610,1,0.13266095122654217
8905,202610,0,0.03463053940830075
8911,202610,1,0.14385243584180513
8912,202610,1,0.12639657166167298
8921,202610,0,0.055662133833060366
8926,202610,0,0.11829197092987412
8928,202610,0,0.1285920268931525
8930,202610,1,0.1352399370059489
8935,202610,0,0.12836600786511584
8939,202610,0,0.05290116532639273
8941,202610,0,0.13295492583325577
8942,202610,0,0.03367089916376355
8949,202610,0,0.12776826747675515
8951,202610,0,0.05225120831159855
8954,202610,0,0.1495916409696244
8958,202610,0,0.1403042008180827
8964,202610,0,0.06370495489277082
8972,202610,0,0.033862027854955415
8978,202610,0,0.14210171830330817
8979,202610,0,0.09034744446333375
8980,202610,1,0.14686709361849995
8983,202610,1,0.14439945125412354
8988,202610,0,0.14604935427409438
8997,202610,0,0.11729998839061559
8998,202610,0,0.033862027854955415
8999,202610,0,0.1369868665601461
9005,202610,1,0.11162492495233882
9006,202610,0,0.05090321652292003
9008,202610,0,0.12471459392600583
9012,202610,0,0.14165263377205176
9024,202610,0,0.13087679165430524
9026,202610,0,0.12955052192154878
9030,202610,0,0.13411627550345875
9034,202610,0,0.0570159297920825
9036,202610,0,0.14067842332632383
9038,202610,0,0.056880561381684125
9040,202610,0,0.13043893063047052
9041,202610,0,0.07201865434651862
9042,202610,0,0.058664323749915974
9046,202610,0,0.057243658229945565
9049,202610,0,0.06162869525718449
9051,202610,0,0.15058190326794468
9054,202610,0,0.1537435092126267
9057,202610,0,0.05681369073418333
9062,202610,0,0.06098652070085926
9072,202610,0,0.1312008057606101
9075,202610,0,0.11915369373613478
9079,202610,0,0.13067626730974427
9081,202610,0,0.05798652323339042
9086,202610,1,0.21815204478747263
9090,202610,1,0.12533659752946946
9091,202610,0,0.12671303124272779
9099,202610,1,0.07338173058990333
9110,202610,0,0.05066088618222201
9113,202610,0,0.15603210768015824
9116,202610,0,0.13402224493971726
9120,202610,0,0.05411355964573315
9126,202610,0,0.15321164840113705
9133,202610,0,0.12162516631780222
9135,202610,0,0.1317085376988534
9144,202610,0,0.11791732360056142
9146,202610,0,0.13555844953455223
9153,202610,0,0.12034958773395557
9155,202610,0,0.05604204537697853
9160,202610,0,0.0674168071045915
9165,202610,0,0.1410401057999913
9172,202610,0,0.15089455343794628
9174,202610,0,0.051527331106134104
9179,202610,0,0.06848100214931328
9180,202610,0,0.12131815844777613
9192,202610,0,0.23002011909931652
9194,202610,0,0.05587915609983457
9195,202610,0,0.21704740409368395
9199,202610,0,0.12473216858286841
9204,202610,0,0.11282587955895704
9205,202610,0,0.056500591143371096
9210,202610,0,0.13374793147931777
9216,202610,1,0.16319406992064292
9219,202610,0,0.12738460620152023
9225,202610,1,0.05749881732639005
9227,202610,0,0.12155188445249926
9228,202610,0,0.12869696031287997
9233,202610,0,0.1538594406514096
9235,202610,0,0.1324263659387173
9237,202610,0,0.055268579628972817
9239,202610,0,0.056372965141754744
9240,202610,0,0.05256422471178868
9241,202610,0,0.22255560605830546
9242,202610,0,0.12734477092988744
9246,202610,0,0.0625026614296687
9248,202610,0,0.1354954317487197
9253,202610,0,0.12338545668189735
9254,202610,0,0.1313848912154144
9260,202610,0,0.11601638343410356
9261,202610,0,0.03293647847217797
9262,202610,0,0.13366217242895662
9263,202610,0,0.16701407192550047
9266,202610,0,0.2348918758083773
9268,202610,0,0.12641051940985204
9275,202610,0,0.059064715314582274
9278,202610,0,0.13791639910128606
9287,202610,0,0.14035079403530426
9288,202610,0,0.12787176961845134
9292,202610,0,0.1434902402291312
9308,202610,0,0.14954601835259385
9309,202610,0,0.13681255523745992
9310,202610,0,0.14737500593480155
9312,202610,0,0.07232609931238475
9314,202610,0,0.06201904445865309
9316,202610,0,0.058932141242420404
9318,202610,0,0.12906902982565055
9322,202610,0,0.13659264730773069
9325,202610,0,0.1434076511036339
9326,202610,1,0.14248722287870239
9327,202610,0,0.14393638022634256
9336,202610,0,0.13187803457563793
9340,202610,0,0.13942334190261896
9342,202610,0,0.14952340249492252
9346,202610,0,0.11679094275967807
9351,202610,0,0.22046594415051768
9355,202610,0,0.1414751318697258
9357,202610,0,0.12581757878413713
9358,202610,0,0.17492278972993006
9363,202610,0,0.12229914206250357
9365,202610,0,0.13557197438388113
9371,202610,0,0.109285905930473
9372,202610,0,0.1244936723257165
9374,202610,0,0.039966905864084926
9378,202610,0,0.21399116502770935
9383,202610,1,0.1310039356531234
9385,202610,0,0.07676989999442811
9386,202610,0,0.12577063769712227
9413,202610,0,0.0625186230741326
9418,202610,0,0.13625461454024737
9420,202610,0,0.13637202504906143
9421,202610,1,0.1334512743096324
9422,202610,0,0.06413391558077729
9423,202610,0,0.12887709471608538
9425,202610,0,0.12715022983402277
9426,202610,0,0.14471807563950087
9434,202610,0,0.13735036427621228
9436,202610,0,0.1258439410434678
9439,202610,0,0.03398179093612042
9442,202610,0,0.05073094275338699
9446,202610,0,0.051553887988043605
9455,202610,1,0.13743226773410303
9457,202610,0,0.14848292476590988
9460,202610,0,0.133117568462896
9461,202610,0,0.12827558650518336
9467,202610,0,0.12735577250734326
9472,202610,0,0.13612607238697663
9473,202610,0,0.14351857561135034
9483,202610,0,0.1232304548999324
9485,202610,0,0.12373095087455342
9492,202610,0,0.06532937598994697
9500,202610,0,0.13095343563809217
9501,202610,1,0.22530945919663029
9507,202610,0,0.1359888603470882
9513,202610,0,0.11170693811411903
9514,202610,0,0.13334687726936614
9516,202610,0,0.15048844012949633
9520,202610,0,0.10018692051226379
9524,202610,1,0.12339184134853537
9532,202610,0,0.12719519782455435
9542,202610,0,0.1290410056124437
9544,202610,0,0.20529848420687444
9548,202610,0,0.16076140337234437
9553,202610,0,0.13141717099417513
9554,202610,1,0.12969642459845335
9556,202610,0,0.052874456420277036
9558,202610,0,0.13224236965523048
9559,202610,0,0.165858537265273
9565,202610,0,0.13486323864327038
9571,202610,0,0.13747844869310802
9575,202610,0,0.1411784871654144
9576,202610,1,0.15324014793691512
9587,202610,0,0.12221023553969286
9602,202610,0,0.15167646764421472
9609,202610,0,0.055588628333091854
9612,202610,1,0.15636535887596253
9618,202610,0,0.09919210841958553
9622,202610,0,0.1414730227564552
9624,202610,0,0.12659956388380447
9633,202610,0,0.13343976824570444
9648,202610,0,0.12987562728963592
9658,202610,0,0.14446698079098833
9668,202610,0,0.12899321984550907
9673,202610,1,0.12788228239435379
9702,202610,0,0.057939903473318635
9705,202610,0,0.1389928525686053
9706,202610,0,0.05214900806179583
9707,202610,0,0.1481359814087064
9708,202610,0,0.08113916986401681
9709,202610,0,0.047298778359636785
9710,202610,0,0.16790471738164517
9720,202610,1,0.13626479437211797
9726,202610,0,0.13144425218272482
9736,202610,1,0.24176726115186867
9740,202610,1,0.13043149513389377
9753,202610,0,0.03996221700644637
9756,202610,1,0.14210171830330817
9757,202610,0,0.09867228018443787
9761,202610,0,0.05161762956063568
9765,202610,0,0.20251256074917365
9768,202610,0,0.1479654279465608
9769,202610,0,0.13888276860119966
9775,202610,0,0.03366673560671075
9778,202610,0,0.14009972131935164
9787,202610,0,0.13224769562702812
9788,202610,0,0.1074813390026747
9789,202610,0,0.15013768553269877
9791,202610,1,0.11607650296630827
9792,202610,0,0.13237840582008736
9793,202610,0,0.13740533767743063
9795,202610,1,0.05665592004067785
9815,202610,0,0.12002714053764768
9816,202610,0,0.06089658874878258
9822,202610,0,0.05167225920267889
9823,202610,0,0.14053200720421846
9827,202610,0,0.12476321010545174
9835,202610,0,0.1288644711398456
9840,202610,0,0.034119674753836045
9841,202610,0,0.1331135436757391
9849,202610,0,0.12543830168608305
9853,202610,0,0.13100302413197729
9856,202610,1,0.1516152300348077
9864,202610,1,0.1464633825050709
9867,202610,1,0.14637815627887682
9869,202610,0,0.055822777115515795
9873,202610,0,0.06349251797354859
9879,202610,1,0.1291031444776843
9881,202610,0,0.046332296924780456
9892,202610,0,0.1514987668769549
9898,202610,0,0.1360843462704528
9899,202610,0,0.137254743309476
9915,202610,0,0.11621503593051982
9922,202610,1,0.13023172715451908
9925,202610,0,0.114211230626996
9936,202610,0,0.14299479733119377
9940,202610,0,0.1331913014420977
9941,202610,0,0.049561731666639054
9942,202610,1,0.15411794631885348
9947,202610,0,0.03358572736745356
9953,202610,0,0.11770533748974513
9957,202610,0,0.12959753927655587
9962,202610,0,0.06112967287723143
9963,202610,0,0.13417130318945497
9964,202610,0,0.13706621611424816
9965,202610,0,0.14064098392422006
9966,202610,1,0.145387058369746
9968,202610,0,0.13886547218240977
9971,202610,0,0.12601079269923174
9973,202610,0,0.1475180861128912
9980,202610,0,0.06085435908255146
9983,202610,1,0.1767029526934745
9985,202610,0,0.060227843969921556
10002,202610,0,0.15456195919730212
10003,202610,1,0.1273517735078418
10005,202610,0,0.059462637131249135
10007,202610,0,0.12251443607448342
10009,202610,0,0.15758669467262928
10010,202610,0,0.1409373229064968
10013,202610,0,0.128393227568333
10014,202610,0,0.07164427987448671
10017,202610,0,0.13666428085993176
10023,202610,1,0.11246979480778127
10024,202610,0,0.13416610038115825
10028,202610,0,0.13108797229486013
10030,202610,0,0.10191358308650726
10037,202610,0,0.1488288085788451
10046,202610,0,0.09332592517643742
10051,202610,0,0.1290875297486043
10063,202610,0,0.1390094715471115
10065,202610,0,0.12333590879445641
10067,202610,0,0.123248204141446
10069,202610,0,0.2273729326259924
10073,202610,0,0.06575361611078762
10074,202610,0,0.13285527171115272
10079,202610,1,0.05000228373418342
10096,202610,0,0.056787787037606646
10099,202610,0,0.05557859576416205
10100,202610,0,0.03463053940830075
10101,202610,0,0.12897449246074214
10103,202610,0,0.05154104482121746
10105,202610,1,0.12922140283204245
10107,202610,1,0.128502124569113
10110,202610,0,0.13964542244837086
10112,202610,1,0.055358739838013184
10113,202610,0,0.12786381766250624
10116,202610,0,0.058269037887726235
10124,202610,0,0.14552047019968656
10127,202610,0,0.11921341929290816
10129,202610,0,0.15381952587457887
10139,202610,0,0.13658053744382034
10140,202610,0,0.14727980541432692
10145,202610,0,0.2319352428175242
10149,202610,0,0.10194191024678928
10150,202610,0,0.1334775034439755
10151,202610,0,0.16018841658477617
10164,202610,0,0.12744000879695871
10165,202610,0,0.06294767333165674
10166,202610,0,0.05191632729869657
10168,202610,0,0.1309269339696149
10174,202610,0,0.07417691945173793
10183,202610,1,0.13702259303045256
10186,202610,0,0.05586486684145475
10189,202610,0,0.13471638670491123
10192,202610,0,0.13836968266616032
10193,202610,0,0.1306382128052117
10197,202610,0,0.05283349545421698
10201,202610,0,0.12825289272398432
10206,202610,0,0.13190493734999978
10210,202610,1,0.11898315135443173
10211,202610,0,0.12177163496928618
10216,202610,0,0.11763376353882726
10224,202610,0,0.13878771380921986
10234,202610,0,0.15196261856509058
10236,202610,0,0.12595707385630958
10239,202610,0,0.1355753768408989
10245,202610,0,0.1267959919432046
10247,202610,0,0.05504413314551586
10250,202610,0,0.03408880420200077
10253,202610,0,0.1427491870951434
10254,202610,0,0.12689757879364635
10263,202610,0,0.13821190746831818
10264,202610,0,0.15664262053367548
10265,202610,0,0.13389293844979733
10275,202610,0,0.050774071938659744
10279,202610,1,0.05845256941163476
10280,202610,0,0.12761158966995634
10283,202610,1,0.34116815675105916
10286,202610,0,0.14814294104536843
10287,202610,0,0.1505725684420027
10293,202610,0,0.12507139453015534
10294,202610,0,0.12221878748070594
10303,202610,0,0.05842969012464204
10306,202610,1,0.12789089015118432
10308,202610,0,0.1446043563283262
10311,202610,0,0.12951586783940094
10318,202610,0,0.13303699313012374
10322,202610,1,0.051814384728116815
10323,202610,0,0.14854057054595757
10324,202610,0,0.11938748334493533
10327,202610,0,0.11371769197977905
10330,202610,0,0.12702783984185784
10331,202610,0,0.12508883557109665
10333,202610,0,0.05894636969540028
10334,202610,0,0.1528464154271912
10335,202610,0,0.13671246140798943
10338,202610,0,0.12457833930860718
10339,202610,0,0.13131675373609347
10346,202610,0,0.13273315472991948
10348,202610,0,0.052885624415762875
10354,202610,0,0.19130153988236212
10356,202610,0,0.12179631820379341
10367,202610,0,0.06591397033500064
10375,202610,0,0.11994989462611415
10384,202610,0,0.13247170531833857
10386,202610,0,0.055781791616658305
10389,202610,0,0.12554855066377307
10393,202610,0,0.12498350470845876
10396,202610,1,0.14066744242766124
10404,202610,0,0.1260164349260693
10408,202610,0,0.0628860704455308
10415,202610,1,0.1276759740434405
10416,202610,0,0.12698130997584256
10419,202610,1,0.11257021459825572
10429,202610,0,0.14146570664181732
10431,202610,1,0.16453598652460402
10434,202610,0,0.14845931458086087
10435,202610,0,0.11775345853619047
10441,202610,0,0.2201734305471858
10442,202610,1,0.2327879295431387
10448,202610,0,0.15005261621166233
10449,202610,0,0.0647575858687806
10452,202610,0,0.05538967578661797
10453,202610,0,0.13853228385034258
10454,202610,0,0.1315462252839322
10455,202610,1,0.05984140184157847
10461,202610,0,0.1238723475484869
10462,202610,0,0.05373060043635966
10472,202610,0,0.0649189836365105
10474,202610,0,0.13997604031257754
10476,202610,0,0.14376324081724995
10478,202610,0,0.04940476879950787
10483,202610,0,0.07335401712660754
10485,202610,0,0.12889370184157126
10492,202610,0,0.11269507198626587
10493,202610,0,0.16245231173506158
10499,202610,0,0.06390232320098586
10501,202610,0,0.05186030955219862
10503,202610,0,0.12544241008834517
10506,202610,1,0.12266405553934652
10509,202610,0,0.12809858895460055
10512,202610,0,0.12820716995744863
10513,202610,0,0.136240641757019
10516,202610,0,0.12642457108756242
10517,202610,0,0.12322961679095035
10523,202610,0,0.162809148844219
10525,202610,0,0.12803474399388048
10529,202610,0,0.1272908723247634
10532,202610,0,0.12659597975185313
10537,202610,0,0.1317204414378912
10541,202610,0,0.15303241784200453
10545,202610,0,0.11965392489518363
10547,202610,0,0.13170875412262759
10548,202610,0,0.1180925707432314
10552,202610,0,0.03463053940830075
10554,202610,0,0.15709946633640004
10557,202610,0,0.13806236798769417
10564,202610,0,0.12904137027069482
10566,202610,0,0.12517964414062838
10574,202610,0,0.051814384728116815
10591,202610,0,0.12497405835680989
10593,202610,1,0.12360200461492099
10596,202610,0,0.13396153486569867
10600,202610,0,0.15240862128946184
10601,202610,0,0.03408893348096926
10606,202610,0,0.05227863064130629
10611,202610,0,0.12482850552906095
10619,202610,0,0.13829466717321282
10620,202610,1,0.16251602698846357
10622,202610,0,0.05215328350777667
10626,202610,0,0.1262470081178621
10629,202610,0,0.06113903390886207
10630,202610,0,0.13365284475348013
10631,202610,0,0.14806917957815055
10633,202610,0,0.04012717040888953
10638,202610,0,0.13892132117006764
10639,202610,0,0.15240697829504243
10640,202610,0,0.06898072104607637
10641,202610,0,0.06244134854378024
10647,202610,1,0.12473999690043594
10651,202610,1,0.14009820859213767
10657,202610,0,0.14516591521841532
10661,202610,0,0.1339563463832829
10663,202610,0,0.12472718565313719
10664,202610,0,0.12925967413104433
10667,202610,0,0.126365616183951
10671,202610,0,0.1461388868173818
10672,202610,0,0.12817471647716117
10675,202610,0,0.14263342188957762
10679,202610,0,0.13958718066496206
10680,202610,1,0.1431334023131411
10681,202610,0,0.12345452091516605
10682,202610,0,0.15219350704981244
10683,202610,0,0.05992090371165678
10688,202610,0,0.12139216154080788
10689,202610,0,0.13572769517808073
10693,202610,1,0.12641337868020358
10701,202610,0,0.134926305765394
10704,202610,0,0.13722314006240763
10709,202610,0,0.15268347230641652
10711,202610,0,0.1380523863011634
10713,202610,0,0.12440350487104242
10715,202610,0,0.12757664772007188
10716,202610,0,0.1533837518058291
10718,202610,0,0.05864219169274158
10721,202610,0,0.13154430251507568
10724,202610,0,0.1286299178387128
10730,202610,0,0.12627262095028613
10731,202610,0,0.06302030436109289
10733,202610,0,0.12608316978644066
10734,202610,0,0.15694255050932782
10737,202610,0,0.1568552412438205
10744,202610,0,0.05624863087191589
10745,202610,1,0.12943930840436418
10750,202610,0,0.10281912451492974
10756,202610,1,0.1296110382386559
10762,202610,0,0.12795416357280015
10770,202610,0,0.10280408315926555
10774,202610,1,0.13662750095316728
10776,202610,0,0.13614519583955964
10777,202610,1,0.3380684535372471
10780,202610,0,0.0525788131530428
10782,202610,0,0.23925137275478206
10783,202610,0,0.12425129598638934
10789,202610,0,0.14816174675384564
10791,202610,0,0.15047047333818986
10793,202610,0,0.1281117496875321
10795,202610,0,0.14196721610027557
10807,202610,0,0.12728270096004812
10813,202610,0,0.12729781842959345
10815,202610,0,0.12666861152804268
10816,202610,1,0.1335447757140613
10817,202610,0,0.12610922702791844
10819,202610,0,0.1301902435964991
10824,202610,0,0.1355024314224396
10828,202610,0,0.1365947710692225
10829,202610,0,0.14776917522586747
10830,202610,0,0.057025941671297126
10832,202610,0,0.13299707381874842
10836,202610,0,0.13383443480250487
10839,202610,0,0.14034484338457567
10843,202610,0,0.12517529843379469
10844,202610,0,0.13007913297331541
10852,202610,0,0.1408539893126064
10860,202610,1,0.06279142689549028
10862,202610,1,0.2259376528322771
10866,202610,0,0.260577528398621
10871,202610,0,0.12572306652763413
10872,202610,0,0.11446161594236379
10873,202610,0,0.049800004624877464
10878,202610,0,0.22180411142534792
10887,202610,1,0.12173198056083029
10888,202610,1,0.24259985288291053
10889,202610,0,0.05158373798447333
10892,202610,0,0.12530675984981116
10895,202610,0,0.14258792002441542
10899,202610,0,0.1468063521133228
10901,202610,0,0.15372399380414775
10904,202610,0,0.14290105421434257
10907,202610,0,0.12619069290540585
10910,202610,0,0.12526454919875346
10911,202610,0,0.13427435860401757
10917,202610,0,0.12227015557147766
10918,202610,1,0.1293822729969067
10920,202610,0,0.1278469563668025
10921,202610,0,0.0338369468936897
10922,202610,0,0.05840019159264456
10928,202610,1,0.056948849952159986
10929,202610,0,0.033862027854955415
10930,202610,0,0.048305677597518144
10933,202610,0,0.13731076896853628
10934,202610,0,0.06351680928072416
10938,202610,1,0.14000043742239623
10939,202610,0,0.14260470137918424
10942,202610,0,0.034765454259711635
10943,202610,0,0.034322431397536775
10945,202610,0,0.16876777035612842
10946,202610,0,0.14246278545568233
10949,202610,0,0.07722933356183109
10951,202610,0,0.12509081387004348
10952,202610,0,0.14843545884809906
10953,202610,0,0.058803943605407104
10955,202610,0,0.03463053940830075
10956,202610,0,0.1548565419142833
10959,202610,0,0.16048713768691267
10963,202610,0,0.06867055748457568
10965,202610,0,0.1372448286619509
10971,202610,0,0.062169347550103914
10975,202610,0,0.13178448381693206
10979,202610,0,0.1185606482197969
10980,202610,1,0.05686085094466691
10983,202610,0,0.13935922100212403
10984,202610,0,0.1379636019350829
10989,202610,0,0.057866577022927704
10992,202610,0,0.11375753760907968
10996,202610,0,0.2344740267866115
11001,202610,0,0.060960707817318216
11003,202610,0,0.05265459683200701
11004,202610,0,0.03386245919412168
11005,202610,1,0.21523454166077988
11008,202610,0,0.057573228212308626
11013,202610,0,0.2456995797573691
11016,202610,0,0.051854211237808465
11017,202610,0,0.032472145225810455
11018,202610,0,0.15841191770550941
11021,202610,0,0.1652240429542785
11023,202610,1,0.051907207530918535
11028,202610,0,0.2184908741332091
11032,202610,1,0.1473767012085565
11034,202610,0,0.1404151101711246
11035,202610,0,0.06514245769045648
11036,202610,0,0.07183006841945902
11040,202610,0,0.14289360907737889
11041,202610,0,0.11799148579894676
11043,202610,0,0.13142565757137442
11047,202610,0,0.18969847306533547
11056,202610,0,0.17203591613568525
11058,202610,0,0.13762482937387022
11059,202610,0,0.07513802326234305
11060,202610,0,0.10312787947345614
11064,202610,0,0.13052085527518248
11066,202610,0,0.06778621405530032
11068,202610,1,0.1535756499213779
11069,202610,0,0.14541024294547214
11071,202610,0,0.1270855278777006
11072,202610,0,0.12909348749879984
11077,202610,0,0.12873872977063427
11078,202610,0,0.21686713587820305
11079,202610,1,0.13050460035325592
11080,202610,0,0.12410473978646205
11092,202610,0,0.1254533557562786
11093,202610,0,0.15534218550041728
11097,202610,0,0.050178257769539415
11098,202610,0,0.13334828294704987
11104,202610,1,0.06188325754277781
11113,202610,0,0.15518783447679713
11114,202610,0,0.11349577969080546
11117,202610,0,0.1273319231063052
11120,202610,1,0.12499686511773815
11121,202610,0,0.03301815913561961
11124,202610,0,0.1312643380887672
11126,202610,0,0.1284420033942518
11131,202610,0,0.13243841280799
11143,202610,0,0.13513936438018082
11144,202610,1,0.18187439544178322
11146,202610,0,0.07267691601939066
11148,202610,0,0.12383152548356682
11154,202610,0,0.13351627834672786
11156,202610,1,0.057594444011060675
11157,202610,1,0.22761927514796473
11164,202610,0,0.1440890006386112
11172,202610,0,0.1443165066912741
11173,202610,0,0.056497356162172316
11174,202610,0,0.11944609446076544
11175,202610,0,0.1270268806955908
11179,202610,0,0.12096817682753305
11180,202610,0,0.13961847552339304
11184,202610,0,0.050369139020127685
11188,202610,0,0.11476908056243712
11189,202610,0,0.06302030436109289
11190,202610,0,0.076267691098918
11192,202610,0,0.14290595909070902
11197,202610,0,0.05607092009759755
11198,202610,0,0.25310125691340546
11201,202610,0,0.1474808439815121
11204,202610,0,0.15053082370377086
11211,202610,0,0.14180363556344117
11212,202610,0,0.12553763215975675
11217,202610,0,0.14703470082269743
11218,202610,0,0.13142487980336837
11219,202610,0,0.12831391966999459
11227,202610,0,0.12649333610753813
11241,202610,0,0.13482766255103834
11247,202610,1,0.15516205148067988
11251,202610,0,0.05771324114211357
11254,202610,0,0.033110408055598714
11260,202610,0,0.09041227407935162
11264,202610,0,0.1212730538267452
11271,202610,0,0.06176645372962143
11273,202610,0,0.05799202732319759
11274,202610,0,0.1455236574849135
11276,202610,0,0.06280973892469659
11278,202610,0,0.060735177114405396
11282,202610,0,0.13898006090799597
11283,202610,0,0.1373666657780406
11291,202610,0,0.12738960043596048
11293,202610,0,0.13371532686228546
11302,202610,0,0.14272427189769013
11304,202610,0,0.055476069525759036
11305,202610,0,0.13911980413145303
11307,202610,1,0.1304953737772786
11315,202610,0,0.14156763949337947
11321,202610,0,0.11908345294731001
11324,202610,1,0.12292242340092902
11325,202610,0,0.11703739754205109
11326,202610,1,0.14067695667284963
11335,202610,0,0.13351387419545782
11341,202610,0,0.13446591092179577
11343,202610,0,0.13228303473863476
11344,202610,0,0.15168506401697465
11350,202610,0,0.19842529700690867
11361,202610,0,0.12713110438862726
11369,202610,1,0.2590030337225944
11375,202610,0,0.1357938964689228
11377,202610,0,0.0642017500662549
11379,202610,0,0.15979351334865544
11380,202610,0,0.13949788493821313
11381,202610,0,0.23239209026325375
11391,202610,0,0.12394222592986306
11393,202610,0,0.15136786136216684
11394,202610,0,0.14309637788703738
11398,202610,0,0.1355951349563331
11399,202610,0,0.13087375627752615
11401,202610,1,0.14218565057557464
11408,202610,0,0.12121814163822493
11412,202610,0,0.13271115934391697
11420,202610,0,0.13529671043052008
11421,202610,0,0.14799739750760454
11422,202610,1,0.04906442258527579
11426,202610,1,0.21393458526121836
11430,202610,0,0.059308350177438546
11434,202610,0,0.1315119282701256
11437,202610,0,0.12584213447560932
11446,202610,0,0.2365143900117617
11447,202610,0,0.14468634893855947
11471,202610,0,0.12277574300787128
11472,202610,0,0.12769094197870054
11475,202610,0,0.0557001184720747
11477,202610,1,0.137023837783678
11478,202610,1,0.1221193830866193
11483,202610,0,0.13329747846318543
11492,202610,0,0.12923804928279412
11495,202610,0,0.14111868981305573
11497,202610,0,0.12565349914503732
11498,202610,0,0.10456227495477058
11502,202610,0,0.14080873046938627
11504,202610,0,0.22517835871766337
11508,202610,1,0.13654768323947028
11509,202610,1,0.14633218684885296
11511,202610,0,0.1939295384268613
11512,202610,0,0.13214335113254536
11514,202610,0,0.057066252189086314
11522,202610,0,0.13511619862812582
11524,202610,0,0.13414562091712973
11533,202610,0,0.1413219464639592
11534,202610,0,0.07113296725903365
11538,202610,0,0.06150402881049777
11541,202610,0,0.11764561355506117
11542,202610,0,0.12276310072001968
11545,202610,1,0.1257999885016112
11546,202610,0,0.13897772956504345
11547,202610,0,0.12061370964857866
11548,202610,0,0.07279323350178046
11560,202610,0,0.1412366708378433
11566,202610,0,0.14303286777966692
11572,202610,0,0.13417924932117373
11574,202610,0,0.10614517298567025
11576,202610,0,0.12495423960877763
11577,202610,0,0.05187149191520894
11580,202610,0,0.12734479942805
11598,202610,0,0.06240762204660319
11602,202610,1,0.11822301648488784
11603,202610,0,0.12799859209533357
11606,202610,1,0.11993823310148234
11612,202610,1,0.14424885943038437
11613,202610,0,0.1440543191255113
11614,202610,0,0.12996322388631382
11620,202610,0,0.12448809136666393
11621,202610,0,0.14377237652479072
11622,202610,0,0.05652860815163727
11623,202610,1,0.12255290951583216
11624,202610,1,0.13403408783478232
11626,202610,0,0.05663946812861847
11630,202610,0,0.145009272070014
11636,202610,0,0.14035284889006702
11637,202610,0,0.06814096055297765
11639,202610,0,0.07417540591514736
11643,202610,0,0.22749108524497838
11644,202610,1,0.14177066925471687
11645,202610,1,0.24198706218088728
11647,202610,0,0.1318651226497635
11653,202610,0,0.13058886967558445
11654,202610,0,0.037827220948278124
11655,202610,1,0.12468654706885668
11660,202610,0,0.13802106853683285
11661,202610,0,0.11459939024016512
11664,202610,0,0.13744967005474457
11667,202610,0,0.13908411316803976
11679,202610,0,0.12191160951309753
11687,202610,0,0.1579099105761791
11691,202610,0,0.05876705664082804
11696,202610,0,0.13259987691802266
11699,202610,1,0.32394883499526955
11700,202610,0,0.1422339279674781
11702,202610,0,0.15106704225801518
11703,202610,0,0.05606416915904559
11705,202610,0,0.13873448178583345
11711,202610,0,0.12568862438107753
11716,202610,0,0.10068896301800177
11717,202610,0,0.15017917366097192
11719,202610,0,0.1651111397830013
11722,202610,0,0.05769135069651234
11724,202610,0,0.12334091713242713
11728,202610,0,0.14211910549134651
11736,202610,0,0.12591301443483013
11737,202610,0,0.1142522515636341
11738,202610,0,0.11881222130165864
11744,202610,0,0.12631446136553134
11747,202610,0,0.03292337719033347
11753,202610,0,0.041232785413988615
11757,202610,0,0.1465567117727172
11758,202610,0,0.0589106953224695
11760,202610,0,0.08246990862643058
11761,202610,0,0.3247610324695722
11762,202610,0,0.12263882346137024
11764,202610,0,0.13275666812882164
11768,202610,0,0.05296799438898275
11773,202610,0,0.05625380898595693
11774,202610,0,0.1430869542090295
11783,202610,0,0.12043811863674729
11785,202610,0,0.11374872496835385
11787,202610,0,0.13093012137724527
11788,202610,0,0.12207490672078869
11791,202610,0,0.12625385854667795
11796,202610,0,0.05183474284538206
11797,202610,0,0.0704977205685707
11798,202610,0,0.05081824605866633
11799,202610,0,0.1392371963215723
11803,202610,0,0.05149411641734187
11806,202610,1,0.2846507462139575
11808,202610,0,0.12885019276741427
11810,202610,0,0.12533832928340863
11814,202610,0,0.13298905486822915
11816,202610,0,0.13617832739777302
11818,202610,0,0.12956500435929086
11822,202610,0,0.14255928426415815
11824,202610,0,0.053900655299566204
11829,202610,0,0.1337736217321315
11835,202610,0,0.16918705715551233
11840,202610,0,0.13132004652951546
11846,202610,0,0.14132860716371204
11847,202610,0,0.1184179538186133
11850,202610,0,0.23230796361581524
11853,202610,0,0.0522877581063592
11854,202610,0,0.06425927436207511
11857,202610,0,0.11441861923039554
11862,202610,0,0.11203766011012431
11871,202610,0,0.1333578746870501
11879,202610,0,0.1462566352644759
11880,202610,0,0.03378609887354636
11883,202610,0,0.056423256363068414
11890,202610,0,0.12651285840530677
11898,202610,0,0.13345288459516258
11900,202610,1,0.14560633884812096
11904,202610,1,0.12341546344692875
11905,202610,0,0.14153519045348334
11909,202610,0,0.03319431367886769
11912,202610,0,0.1437766698944233
11913,202610,0,0.13785111034128253
11917,202610,0,0.13711894959961216
11919,202610,0,0.1259205967940853
11920,202610,0,0.06518542006897027
11921,202610,0,0.12717609044081032
11922,202610,1,0.14283067126053006
11924,202610,1,0.11560738090942989
11928,202610,0,0.1122386514960518
11929,202610,0,0.14288343033993497
11935,202610,0,0.04597557986634929
11936,202610,0,0.05669690319756085
11939,202610,0,0.04825569418799995
11942,202610,0,0.051814384728116815
11943,202610,0,0.12460548215329117
11945,202610,0,0.2348524691675876
11946,202610,0,0.13048086430594208
11947,202610,0,0.12508111162564842
11952,202610,0,0.154317362287304
11956,202610,0,0.1397633142179591
11958,202610,1,0.22250006817932008
11959,202610,0,0.23083104143725305
11967,202610,1,0.13593580160381838
11969,202610,0,0.13249952204519166
11973,202610,0,0.14673102494768325
11974,202610,0,0.1293899382470947
11975,202610,0,0.1459699379515853
11993,202610,0,0.15037678013786188
11994,202610,0,0.13827920137884978
11995,202610,0,0.0899354198391703
12002,202610,0,0.12948707993650405
12004,202610,0,0.13876296058385468
12006,202610,0,0.11463243970400318
12007,202610,0,0.12292398795268862
12014,202610,0,0.13664879655677828
12017,202610,0,0.15004310522894657
12018,202610,0,0.15418131591011677
12019,202610,1,0.07199716600992508
12021,202610,0,0.15074590047843234
12023,202610,0,0.14373587117794484
12024,202610,0,0.12641791334406785
12027,202610,0,0.14484373227310401
12034,202610,0,0.1265955649508042
12040,202610,0,0.12916618756701667
12044,202610,1,0.1431332600678821
12047,202610,0,0.13848960371958144
12048,202610,0,0.13390229933852593
12052,202610,0,0.06148301576131047
12057,202610,0,0.14982935637360606
12058,202610,0,0.15542903056014207
12061,202610,0,0.12831440880412842
12062,202610,0,0.13275566245858272
12064,202610,0,0.06667371371387658
12067,202610,0,0.13008143838531036
12070,202610,1,0.13056962030886593
12071,202610,0,0.1349891054118519
12080,202610,0,0.1493315115503867
12085,202610,0,0.05139966459585777
12090,202610,0,0.1506890761317365
12091,202610,1,0.13471868551798816
12092,202610,1,0.06109625876849336
12100,202610,0,0.14542562421308566
12103,202610,0,0.12586808924666357
12104,202610,0,0.12342906767239051
12109,202610,0,0.03223097792488484
12113,202610,1,0.12488833804272752
12114,202610,0,0.14188283944974395
12123,202610,0,0.06157208869385084
12124,202610,0,0.05653277160629661
12128,202610,0,0.26674431108086877
12131,202610,1,0.14531208368921236
12132,202610,0,0.12349887504840117
12135,202610,0,0.12517896409778545
12140,202610,0,0.24518813459398411
12147,202610,1,0.14078715136273037
12149,202610,0,0.051814384728116815
12155,202610,0,0.12074046467662723
12156,202610,1,0.12421723891488066
12158,202610,0,0.11361592985586706
12161,202610,0,0.1499398172632868
12163,202610,0,0.13135581358744577
12164,202610,0,0.1301550700491581
12171,202610,1,0.15664910761019266
12174,202610,0,0.05691732992043558
12175,202610,0,0.13586884619716955
12179,202610,0,0.22565236040628808
12183,202610,0,0.13188480391047805
12184,202610,0,0.14519027154727235
12186,202610,0,0.05858224713271548
12190,202610,0,0.12148859340806684
12193,202610,0,0.14046175624639928
12195,202610,0,0.05509439607897999
12196,202610,0,0.05138961811897725
12203,202610,1,0.12432900030015126
12205,202610,0,0.14059037919663842
12213,202610,0,0.1497373914874315
12220,202610,0,0.13826257990423274
12221,202610,0,0.1318725603748838
12222,202610,0,0.057766681203858944
12224,202610,0,0.12746045462679315
12230,202610,0,0.12632497576052315
12235,202610,0,0.12687144566913905
12239,202610,0,0.13386177868444674
12242,202610,0,0.1452084618179797
12244,202610,0,0.1250334495230416
12245,202610,0,0.13998755416203595
12247,202610,0,0.13927019305674584
12254,202610,0,0.14787776208851278
12258,202610,0,0.13011258323946462
12266,202610,0,0.059997181114901474
12267,202610,0,0.15150287108792762
12271,202610,1,0.07508369556014886
12272,202610,0,0.14993808518543367
12273,202610,0,0.1338523226947116
12276,202610,0,0.14122815862420351
12277,202610,0,0.12405587091273358
12283,202610,0,0.12358278940312543
12288,202610,1,0.13649081597966548
12289,202610,0,0.0514551240396847
12297,202610,0,0.13224253132567323
12300,202610,0,0.24691807189311357
12302,202610,0,0.06221577344388625
12305,202610,1,0.1249576019586967
12308,202610,1,0.14432853827157702
12310,202610,0,0.06523936387377217
12312,202610,0,0.13083785083411573
12314,202610,0,0.05425132637168057
12315,202610,0,0.03366673560671075
12327,202610,0,0.12492135126190769
12329,202610,0,0.15945706285320946
12332,202610,0,0.12355962640130883
12342,202610,0,0.049324240300632746
12346,202610,0,0.12544607957257844
12347,202610,0,0.21642899177251934
12349,202610,0,0.062157522345257725
12350,202610,0,0.11860163642798864
12354,202610,0,0.12553461797613114
12356,202610,0,0.051059994027030306
12359,202610,0,0.13247915646867922
12360,202610,0,0.1404094621067452
12369,202610,0,0.13861297358711322
12372,202610,0,0.061496214621905756
12373,202610,0,0.03376775798094426
12374,202610,0,0.12821357340687692
12375,202610,0,0.13845573922546528
12376,202610,0,0.13802856003713018
12379,202610,0,0.06201904445865309
12382,202610,0,0.1273333598728952
12387,202610,0,0.0584995995092959
12389,202610,0,0.1376204202390196
12394,202610,0,0.14354286680743353
12395,202610,0,0.1416148825658632
12396,202610,0,0.14518692444961234
12404,202610,0,0.1644166247284004
12405,202610,0,0.1391409440233366
12408,202610,1,0.06636894753589669
12412,202610,0,0.23731617696045634
12413,202610,1,0.1649442449810198
12419,202610,0,0.10179948992403108
12429,202610,1,0.12711443452441806
12431,202610,0,0.11579092332891507
12435,202610,1,0.1524258017796683
12440,202610,0,0.1373269790202223
12444,202610,0,0.15322908279518674
12447,202610,0,0.05436751269537408
12452,202610,0,0.12025635396487723
12454,202610,0,0.13124622840325958
12456,202610,0,0.1297490874793433
12458,202610,1,0.13727218854938322
12459,202610,1,0.13288287171160487
12461,202610,0,0.049401904920270856
12467,202610,1,0.15420960334404327
12469,202610,0,0.12160663597671642
12470,202610,1,0.1383922534414402
12472,202610,0,0.06216859798845084
12473,202610,0,0.0572613906102342
12474,202610,0,0.126905714318135
12476,202610,0,0.14556485767323823
12479,202610,0,0.21129966641023676
12481,202610,0,0.1260687451251608
12484,202610,0,0.1405261826141005
12487,202610,0,0.07236347031367323
12491,202610,0,0.13532912427328225
12493,202610,0,0.12968027426961878
12497,202610,1,0.10508008202654334
12501,202610,0,0.1431271833631073
12502,202610,1,0.15041378091851373
12504,202610,0,0.13339495867512308
12507,202610,0,0.12255558243091748
12510,202610,0,0.12751986162210416
12512,202610,0,0.23996660749037604
12515,202610,1,0.2787960903245686
12518,202610,1,0.11609812241465291
12519,202610,0,0.1254732189116352
12520,202610,0,0.14439382911394502
12526,202610,0,0.12982930355875044
12529,202610,0,0.1368347976952825
12532,202610,0,0.12111111403270314
12533,202610,0,0.1412230885307473
12544,202610,0,0.21469427076565253
12546,202610,0,0.126462061663115
12551,202610,0,0.134733729434619
12554,202610,1,0.17261512361945994
12555,202610,0,0.22933878419457046
12559,202610,1,0.13913641585818096
12569,202610,1,0.1462421369952508
12576,202610,0,0.122698066016508
12581,202610,0,0.14454107438755764
12587,202610,1,0.12723760753059546
12588,202610,0,0.1492962577348881
12593,202610,0,0.08101232700931246
12594,202610,0,0.11970102542544195
12598,202610,0,0.13500766457334387
12599,202610,0,0.14641348371447327
12601,202610,0,0.11595900420340431
12607,202610,1,0.05146222093757848
12610,202610,0,0.14348896880102271
12615,202610,0,0.1644471931769949
12616,202610,0,0.1277630210638204
12622,202610,0,0.05873605953352341
12623,202610,0,0.1191884693682397
12624,202610,0,0.12267019685969523
12625,202610,0,0.1356462834589368
12629,202610,0,0.3238025993498344
12630,202610,1,0.14943247103407936
12632,202610,0,0.03410777575228283
12634,202610,0,0.057452888559903235
12635,202610,0,0.1359237153899244
12638,202610,0,0.1340537564726964
12640,202610,0,0.04752982545892193
12641,202610,0,0.12780188509323923
12642,202610,1,0.13987405573413392
12643,202610,0,0.11947549635514186
12644,202610,0,0.03352579813222442
12647,202610,0,0.11851344578096225
12651,202610,0,0.1552041651554785
12657,202610,0,0.13292623928690525
12658,202610,0,0.138043619449214
12660,202610,0,0.13219278216169522
12661,202610,0,0.11625626011163812
12666,202610,0,0.12963529280395303
12672,202610,1,0.05759258555149377
12673,202610,0,0.12544552704229625
12676,202610,0,0.16454295205245187
12678,202610,0,0.13214523416337687
12681,202610,0,0.13670940565154793
12682,202610,0,0.22425497260657426
12684,202610,0,0.034564360336721986
12686,202610,0,0.15244514306780363
12689,202610,0,0.1383967917084843
12699,202610,0,0.13855054329653982
12701,202610,0,0.13145561741669104
12705,202610,1,0.15110875754346068
12710,202610,0,0.08630910032801113
12712,202610,0,0.1298197513768258
12713,202610,0,0.12987133860649694
12715,202610,0,0.12588929346109198
12716,202610,0,0.13009781434904877
12717,202610,0,0.1338313577469289
12718,202610,0,0.1392257068366736
12720,202610,0,0.1278684236763785
12724,202610,0,0.1300330797852706
12725,202610,0,0.14028086290989703
12726,202610,0,0.12782445240380522
12732,202610,1,0.23994686829695352
12737,202610,1,0.14949810517860604
12741,202610,0,0.12856266316863918
12742,202610,0,0.16976889696759478
12743,202610,0,0.1501750921716332
12748,202610,0,0.1348571806062768
12749,202610,0,0.03346392658616485
12751,202610,0,0.14457113213364672
12752,202610,0,0.1391612667982319
12754,202610,1,0.12922496724321203
12756,202610,0,0.13128620971884788
12760,202610,0,0.12908017652882994
12761,202610,0,0.12955975312075224
12764,202610,0,0.1434351354403098
12767,202610,0,0.05037089954575471
12768,202610,1,0.12926411004198482
12772,202610,0,0.12902616842292364
12774,202610,0,0.1448658288036332
12782,202610,0,0.07581931937123093
12783,202610,0,0.23388638181497806
12784,202610,0,0.14486071607637716
12785,202610,0,0.14149813613985038
12787,202610,0,0.1452563042253411
12798,202610,0,0.13397489720719039
12801,202610,0,0.13355942820421082
12805,202610,0,0.12930083217246957
12806,202610,0,0.13402136688569108
12809,202610,0,0.11135478109167196
12815,202610,0,0.12700056652939157
12820,202610,0,0.05732819459659971
12821,202610,1,0.14191031586562805
12824,202610,0,0.1224978715573402
12829,202610,0,0.12844198656139197
12832,202610,0,0.14606435861174502
12833,202610,0,0.13526877896465006
12839,202610,1,0.3309609929288416
12841,202610,0,0.13734489399501612
12843,202610,0,0.11138391399066855
12847,202610,0,0.12219754313424847
12848,202610,0,0.13432710944866233
12849,202610,0,0.13242183824267847
12851,202610,1,0.13336066415716477
12852,202610,0,0.12721149167890747
12855,202610,0,0.12873695577442262
12857,202610,1,0.11250594288570791
12864,202610,0,0.13582883557642714
12872,202610,0,0.05599651203251345
12873,202610,0,0.16048752758945034
12874,202610,0,0.14309247501284922
12875,202610,0,0.05256855184437056
12877,202610,0,0.22143865078684796
12879,202610,0,0.13130930960699816
12885,202610,0,0.13569878423102608
12886,202610,0,0.13817318640042012
12891,202610,0,0.14342518708041763
12893,202610,0,0.12975844472269954
12894,202610,0,0.17442056289529162
12895,202610,0,0.2306141371751771
12896,202610,1,0.15959088467582142
12901,202610,0,0.051527331106134104
12908,202610,0,0.12910429230797377
12912,202610,0,0.11917541532367928
12913,202610,1,0.12138071158669889
12919,202610,0,0.1320088478409166
12923,202610,1,0.13866458737224752
12924,202610,0,0.13326204700823763
12925,202610,0,0.12398840164875086
12929,202610,0,0.12856889668146443
12931,202610,0,0.1564990774920123
12942,202610,0,0.13063785990326818
12945,202610,0,0.12849105642428282
12949,202610,1,0.13622391643519552
12958,202610,0,0.03972527757827422
12962,202610,0,0.13202667335831852
12964,202610,0,0.13588722413562024
12974,202610,0,0.13578944639492976
12976,202610,0,0.0334674865068718
12980,202610,0,0.12225047204244109
12982,202610,0,0.11798684415955611
12984,202610,0,0.12719592305371585
12985,202610,1,0.06984602227922929
12987,202610,0,0.08249659084346124
12991,202610,0,0.12920555686932522
12995,202610,0,0.1376626885824847
12999,202610,1,0.2324797606430463
13001,202610,0,0.22471550241852745
13005,202610,0,0.14798920985219505
13006,202610,0,0.14114183833656857
13010,202610,1,0.14936380593485915
13013,202610,1,0.12657961391684427
13015,202610,0,0.1281151480570582
13017,202610,0,0.13183381178773737
13027,202610,0,0.12994624862700904
13033,202610,0,0.14523954619791565
13034,202610,0,0.12930639260939147
13035,202610,0,0.13945164362635437
13038,202610,0,0.2255159660420312
13041,202610,0,0.12301918528701491
13044,202610,0,0.05187149191520894
13045,202610,0,0.1323088411804506
13046,202610,1,0.03357266208875698
13052,202610,0,0.05075984699349243
13054,202610,1,0.21963902747860173
13056,202610,1,0.1375547656843211
13059,202610,0,0.12903848821036953
13060,202610,0,0.05439984036406958
13061,202610,0,0.14876997719337362
13066,202610,0,0.23258549498425166
13068,202610,1,0.21611920668239207
13073,202610,1,0.14884229534867524
13075,202610,1,0.12733455605412983
13076,202610,1,0.13582597212173253
13078,202610,1,0.14106498764788925
13080,202610,0,0.22641259277039943
13082,202610,0,0.13568394454618113
13096,202610,1,0.11805268743333118
13100,202610,0,0.12796299614805134
13105,202610,0,0.13211022935278097
13106,202610,0,0.22323024757823226
13121,202610,0,0.15534422948258622
13123,202610,0,0.14054227887175738
13125,202610,0,0.05367299289377808
13129,202610,0,0.1301580290748458
13130,202610,0,0.12077411546788978
13132,202610,0,0.155419537616509
13133,202610,0,0.12413375446082327
13135,202610,0,0.1422790742924704
13141,202610,0,0.1358178199116525
13143,202610,1,0.128085353595815
13145,202610,0,0.23470021762502324
13149,202610,0,0.06106464247600339
13150,202610,1,0.12569948507537074
13153,202610,0,0.1483481435234809
13158,202610,0,0.13494981059156172
13159,202610,0,0.13090378088975055
13169,202610,0,0.32259810227519253
13170,202610,0,0.1303822020120533
13178,202610,0,0.13664475829220604
13179,202610,0,0.06600494582917817
13180,202610,0,0.13449141302535234
13181,202610,0,0.12452370297808846
13183,202610,0,0.052874456420277036
13191,202610,0,0.14011194467203208
13196,202610,0,0.1336685491358502
13200,202610,0,0.14404129007764316
13202,202610,0,0.07156600337522102
13204,202610,0,0.050303320080814694
13208,202610,0,0.1379335984289202
13212,202610,0,0.13125526454839215
13213,202610,0,0.1309558880994145
13215,202610,0,0.129765267893625
13217,202610,0,0.12831729853649607
13218,202610,0,0.13388889711501004
13224,202610,1,0.13417623658140757
13225,202610,0,0.13274650026723503
13229,202610,0,0.1214652955239818
13230,202610,1,0.14218657111419342
13232,202610,0,0.12491697024920492
13233,202610,0,0.14571878089583687
13234,202610,0,0.058897117064981824
13249,202610,0,0.06422368043751431
13253,202610,0,0.12983641392709674
13255,202610,0,0.156896983151524
13257,202610,0,0.2225084456418151
13260,202610,0,0.12626059939907988
13266,202610,0,0.05081626493789771
13269,202610,0,0.04799042991049764
13270,202610,0,0.14703365183974032
13274,202610,0,0.1512208232496293
13281,202610,0,0.12540772977839038
13287,202610,0,0.11347933919669013
13305,202610,0,0.13438109423351216
13308,202610,0,0.04833392077032198
13309,202610,0,0.05735926576359281
13310,202610,0,0.1501865665556027
13311,202610,1,0.12480050924188288
13314,202610,0,0.14541430921783222
13315,202610,0,0.032699919119680655
13317,202610,1,0.1245079394468956
13324,202610,0,0.12313638598722537
13326,202610,0,0.1391169253591101
13328,202610,0,0.11590345045508603
13329,202610,0,0.11270824359994881
13333,202610,0,0.1475368469522209
13335,202610,0,0.24700397341648586
13336,202610,0,0.11869209433548396
13345,202610,0,0.12863901545686876
13348,202610,0,0.14841964217207196
13350,202610,0,0.2406563392959432
13354,202610,0,0.1319254506519973
13357,202610,1,0.2425262228234376
13360,202610,0,0.16043641760899627
13364,202610,0,0.14271003223709464
13366,202610,0,0.13263330932447928
13367,202610,1,0.0628543535052735
13368,202610,0,0.13355710399010062
13375,202610,0,0.07776073273963605
13376,202610,0,0.12517585719245436
13378,202610,1,0.1377123467029461
13380,202610,0,0.11544151165309706
13382,202610,0,0.033862027854955415
13383,202610,1,0.16963804870953214
13384,202610,0,0.1489315553548105
13387,202610,0,0.13244956871729022
13390,202610,0,0.07165011728905844
13392,202610,1,0.15123573127680173
13393,202610,0,0.13584004638956432
13395,202610,0,0.15025876061117635
13398,202610,0,0.1449362819499548
13403,202610,0,0.12171373952210267
13404,202610,0,0.11212670704472519
13405,202610,0,0.12285221027172626
13409,202610,0,0.14307269494124913
13411,202610,0,0.12502911530978267
13414,202610,0,0.1346354818745357
13416,202610,0,0.11903716579724295
13417,202610,0,0.06240700301188423
13418,202610,0,0.1537008642789644
13422,202610,0,0.06290887590414738
13430,202610,0,0.21997248735314842
13435,202610,0,0.03408893348096926
13437,202610,0,0.12854193679387685
13439,202610,0,0.1289942814811543
13446,202610,0,0.12844605629716332
13448,202610,0,0.042368998552277125
13449,202610,0,0.12014336436489421
13451,202610,0,0.12896522506852542
13454,202610,1,0.13419551013643793
13455,202610,0,0.13008403946073718
13459,202610,0,0.15595666346413659
13468,202610,0,0.13688360592946228
13470,202610,0,0.04912553963365199
13474,202610,0,0.06787589093703332
13478,202610,0,0.16045002456386687
13481,202610,1,0.23061011848931656
13485,202610,0,0.13081217847487417
13487,202610,1,0.13135895088239102
13488,202610,0,0.15131198594300307
13489,202610,0,0.13566086169315641
13490,202610,0,0.128233002541278
13491,202610,0,0.21925092810503216
13500,202610,0,0.12647548915775078
13504,202610,1,0.187634357851239
13505,202610,0,0.050915510824220564
13506,202610,0,0.12716493473060095
13517,202610,0,0.057708743072612256
13518,202610,0,0.07443732201018421
13523,202610,0,0.13856028398472503
13524,202610,1,0.1282407746363696
13529,202610,0,0.1273854153900917
13532,202610,0,0.07702118060053498
13534,202610,0,0.14921680673279522
13537,202610,0,0.1403030655365109
13539,202610,0,0.13398545835510592
13547,202610,0,0.14567064940582816
13548,202610,0,0.13572964539433172
13550,202610,0,0.32344393007677774
13554,202610,0,0.15332398917164813
13555,202610,0,0.15712671178069013
13556,202610,0,0.1375251243316717
13558,202610,0,0.05974581773570906
13562,202610,0,0.13466555391086343
13566,202610,0,0.13014933042744653
13574,202610,0,0.055890883457755045
13576,202610,0,0.1293281807604363
13577,202610,0,0.13525359423551422
13580,202610,0,0.034209665975553506
13582,202610,1,0.15410012232688397
13584,202610,1,0.14836622998736987
13586,202610,0,0.23503565265395693
13588,202610,0,0.1470371369669069
13596,202610,1,0.14132014621136577
13597,202610,0,0.2025532411523294
13598,202610,0,0.22669892926286458
13600,202610,0,0.12139984687622907
13602,202610,0,0.12622243800440883
13604,202610,0,0.13391657360021567
13605,202610,1,0.35516070363213065
13608,202610,0,0.14415439757877802
13609,202610,1,0.1372327750336933
13616,202610,0,0.129340609727726
13619,202610,0,0.23464416626209725
13623,202610,0,0.12758115670240078
13625,202610,1,0.1664220612878009
13627,202610,0,0.14665636006390834
13628,202610,0,0.1287150574360437
13630,202610,0,0.06398241296430292
13631,202610,0,0.13310225015299432
13633,202610,0,0.13703871385608674
13635,202610,0,0.15058038027372014
13636,202610,0,0.15327083791956686
13640,202610,0,0.12789276051792894
13642,202610,0,0.21789221958164462
13643,202610,1,0.06369249138052885
13647,202610,0,0.15176021015888255
13648,202610,0,0.24131201878948733
13650,202610,0,0.21906090931716174
13652,202610,0,0.1414115246584084
13659,202610,0,0.03386245919412168
13660,202610,0,0.11837258192835794
13661,202610,0,0.13768442611719262
13663,202610,0,0.15542903056014207
13666,202610,0,0.15699296166233703
13667,202610,0,0.05711135953194151
13670,202610,1,0.1528351227887863
13672,202610,0,0.12519058726907384
13673,202610,0,0.15423646484597683
13675,202610,0,0.12390617192197674
13678,202610,0,0.1286991782355932
13679,202610,1,0.12684437440138427
13682,202610,0,0.11181373788186037
13684,202610,0,0.135728910602046
13689,202610,0,0.132298292293033
13690,202610,0,0.13537454609769184
13694,202610,1,0.1315524710758854
13696,202610,0,0.12827082923591152
13700,202610,1,0.221415381881115
13705,202610,1,0.22949943757306585
13706,202610,0,0.12752729439107066
13710,202610,0,0.3459053514764692
13711,202610,0,0.12997454181842577
13712,202610,0,0.13934494662772598
13717,202610,0,0.057248349226722325
13718,202610,0,0.13374793147931777
13719,202610,0,0.13046968522764288
13720,202610,0,0.0677523866897182
13722,202610,0,0.12100451809111457
13723,202610,0,0.14658548718588932
13726,202610,0,0.12474673583687078
13733,202610,0,0.0392708299301953
13735,202610,1,0.2393273374691263
13737,202610,0,0.061904623997173835
13739,202610,0,0.14088289843133986
13742,202610,1,0.13009326093032975
13743,202610,0,0.14496916878757285
13750,202610,0,0.13753179484421385
13751,202610,0,0.1140158570860735
13752,202610,0,0.1315067932993421
13754,202610,0,0.15393642302805605
13756,202610,0,0.06314532155797326
13759,202610,1,0.057562152228468146
13760,202610,0,0.056591615673242175
13762,202610,0,0.1329976220265886
13763,202610,0,0.1251944346422782
13764,202610,1,0.1285293350634588
13766,202610,0,0.06176337022866299
13767,202610,0,0.05094751438005718
13769,202610,0,0.06768880908465243
13770,202610,0,0.12412696606936145
13772,202610,1,0.13161756238386074
13774,202610,0,0.13331478446784403
13776,202610,0,0.13781885538519686
13780,202610,0,0.06006027488807714
13781,202610,0,0.22235700520580115
13782,202610,0,0.21568861827732147
13784,202610,0,0.0769943174113116
13787,202610,1,0.1285292099652597
13789,202610,0,0.1366658962041071
13790,202610,0,0.13352751470846178
13792,202610,0,0.07102743136038181
13795,202610,0,0.1361397279255525
13797,202610,0,0.13655652601387494
13800,202610,0,0.12158506019459367
13804,202610,0,0.12394602819772317
13806,202610,0,0.10245593581733622
13809,202610,0,0.12413615164775815
13815,202610,0,0.1253362905801597
13816,202610,0,0.1373481948384241
13817,202610,0,0.15288285174773134
13820,202610,0,0.21730842279539914
13821,202610,0,0.1237022968013327
13824,202610,0,0.15342826626153216
13829,202610,1,0.2519386994856544
13830,202610,0,0.18233512279168454
13831,202610,1,0.12894796543915063
13833,202610,1,0.12660624661756262
13838,202610,0,0.12942265337916847
13840,202610,0,0.06540789649788117
13841,202610,0,0.0636971926629263
13842,202610,0,0.14140842751796345
13843,202610,0,0.06201904445865309
13849,202610,0,0.13610381072536484
13850,202610,0,0.14904886866594114
13852,202610,0,0.14315782310054442
13855,202610,0,0.033862027854955415
13858,202610,0,0.12632065751750837
13863,202610,0,0.059836738113641784
13871,202610,0,0.2595859147302373
13872,202610,0,0.1313707173190287
13873,202610,0,0.12093352235505135
13874,202610,0,0.13208508353752632
13877,202610,0,0.1673891558372175
13878,202610,0,0.1413565294050768
13879,202610,0,0.1376980775061598
13880,202610,1,0.1453850138779935
13884,202610,1,0.12839089879171978
13885,202610,0,0.13663600224852457
13886,202610,0,0.13251075244382413
13892,202610,0,0.13377756739612748
13895,202610,0,0.05907420925210703
13899,202610,1,0.15613722381878056
13906,202610,0,0.14084735228814868
13907,202610,0,0.14714288539907616
13908,202610,0,0.06113028665350333
13909,202610,0,0.12735136386975762
13911,202610,0,0.11387243071837921
13912,202610,1,0.13143220768316877
13914,202610,0,0.12852597287036382
13918,202610,0,0.141382715865785
13919,202610,0,0.12774229981176577
13923,202610,0,0.13547498161760935
13927,202610,0,0.14994071163883102
13929,202610,1,0.3421301270084384
13930,202610,0,0.06148278013358256
13931,202610,0,0.1464503491152907
13933,202610,0,0.15237376045645193
13935,202610,0,0.14014537625595844
13938,202610,0,0.15074340955792764
13943,202610,0,0.05685736675789195
13944,202610,0,0.0700535589607503
13946,202610,0,0.13410407577139447
13948,202610,1,0.1446523943195395
13949,202610,0,0.0776995201978458
13950,202610,0,0.12310086701760371
13952,202610,0,0.16320133035129347
13957,202610,0,0.13488958028469783
13958,202610,0,0.07898832087137553
13965,202610,0,0.12886885965621594
13970,202610,0,0.05093382885835588
13972,202610,0,0.1371368045928061
13981,202610,0,0.131719527287911
13983,202610,0,0.06966468950143839
13984,202610,0,0.1465236030174727
13985,202610,0,0.12050661696009733
13986,202610,0,0.09089436502806386
13991,202610,0,0.10965344895108335
13992,202610,0,0.13439979982551656
13993,202610,0,0.15417149390102008
13994,202610,1,0.14936237173692266
13995,202610,0,0.12244000051749572
13998,202610,0,0.11524244826464665
14000,202610,0,0.05090664635789753
14002,202610,0,0.03386245919412168
14003,202610,0,0.08180274083281858
14006,202610,0,0.13862852361109168
14007,202610,1,0.1245706849151915
14011,202610,0,0.1442617686908629
14019,202610,0,0.14930429744256493
14020,202610,0,0.12531823717432936
14021,202610,0,0.3369102311481387
14022,202610,0,0.12166091601564127
14026,202610,0,0.13820037768741747
14031,202610,0,0.06386060850218438
14032,202610,0,0.13643889912089288
14034,202610,0,0.12207533035847155
14035,202610,0,0.1351971220935788
14043,202610,0,0.07661251422461714
14044,202610,1,0.3312283269050198
14046,202610,0,0.14777355596571976
14048,202610,0,0.11034717233859317
14053,202610,1,0.137002622267298
14056,202610,0,0.13421939409445874
14057,202610,0,0.14037882173799726
14062,202610,0,0.12319814517420583
14065,202610,0,0.12307161071608114
14067,202610,0,0.05711135953194151
14073,202610,1,0.13876243671242267
14082,202610,0,0.03463053940830075
14083,202610,0,0.16033885107266624
14086,202610,0,0.14599279443845473
14089,202610,1,0.22973621621583426
14090,202610,1,0.15133353172670994
14094,202610,0,0.2512074308616122
14102,202610,0,0.05002111942195983
14103,202610,0,0.21684552664728937
14104,202610,0,0.14926379985162647
14106,202610,0,0.1609380890222596
14107,202610,0,0.13196131698484886
14109,202610,0,0.1289186173079783
14111,202610,0,0.05250561148754816
14113,202610,0,0.12700538703473713
14115,202610,0,0.12470412262278185
14116,202610,0,0.0511145148364279
14118,202610,0,0.06742581720591087
14119,202610,0,0.15147732678938758
14122,202610,0,0.12772132319195795
14123,202610,0,0.12547609935214296
14124,202610,0,0.062252335933947245
14125,202610,0,0.14487034847624217
14126,202610,0,0.1359404032251853
14127,202610,0,0.1265499900142472
14133,202610,0,0.14149100118878788
14137,202610,0,0.12933141931285158
14138,202610,1,0.13787001910619356
14139,202610,0,0.13155362270117074
14143,202610,0,0.1285209592854664
14148,202610,0,0.121048950285574
14149,202610,0,0.1285384635049792
14150,202610,0,0.057516629552428
14154,202610,1,0.06040278159708983
14162,202610,0,0.047298778359636785
14163,202610,0,0.14042462362546834
14164,202610,0,0.12605206388625884
14168,202610,1,0.12351268726679315
14169,202610,0,0.1394661234695917
14173,202610,0,0.14523954619791565
14174,202610,0,0.1420532582107928
14178,202610,0,0.13041637616489374
14181,202610,0,0.06651533176864882
14186,202610,0,0.1312000924534564
14187,202610,0,0.14511975354576429
14188,202610,0,0.13798395280727116
14190,202610,0,0.0535775695289306
14192,202610,0,0.14370196180804018
14193,202610,0,0.1219393607017336
14195,202610,0,0.15146823258761344
14198,202610,0,0.23160462004160182
14200,202610,0,0.14568851530893878
14201,202610,0,0.12866938699277766
14208,202610,0,0.23395951424143593
14212,202610,0,0.1404083368207488
14214,202610,0,0.15105694887593454
14216,202610,1,0.11794730552716357
14220,202610,0,0.11323788545735838
14221,202610,1,0.1531898424595622
14224,202610,0,0.12945324163000527
14229,202610,0,0.1251829970729585
14232,202610,0,0.14668440313301273
14233,202610,0,0.12767775059915312
14235,202610,0,0.12988530570021276
14236,202610,1,0.1190176033026818
14241,202610,0,0.05572531415504217
14242,202610,0,0.1371885368094464
14243,202610,1,0.1566821638375095
14246,202610,0,0.12453868038281216
14247,202610,0,0.10373979685330588
14250,202610,0,0.06112697077893588
14251,202610,0,0.2191757435094742
14254,202610,0,0.16366800125570727
14255,202610,1,0.15055940968910278
14257,202610,0,0.03417654003921527
14258,202610,1,0.13264377124890042
14259,202610,0,0.1414181634039139
14261,202610,0,0.12671609113313306
14262,202610,0,0.1439586388339113
14265,202610,1,0.23053274885923983
14267,202610,0,0.12079582209592954
14272,202610,1,0.23912520179369579
14281,202610,0,0.1238998633343679
14282,202610,0,0.146816785670362
14283,202610,1,0.1396830428557474
14285,202610,0,0.050819211138661134
14286,202610,0,0.13966513708390804
14288,202610,1,0.2101044514929274
14292,202610,0,0.13163753909665585
14293,202610,0,0.12876810139980632
14294,202610,0,0.16316557613262653
14296,202610,0,0.2547761969040621
14297,202610,0,0.05839920489931866
14298,202610,0,0.1257808661284453
14301,202610,0,0.057502825861790105
14303,202610,1,0.11619299874330694
14306,202610,1,0.1441359556804353
14308,202610,0,0.11415380534160227
14311,202610,0,0.1343619871757575
14313,202610,0,0.25930342700077363
14314,202610,0,0.05408609339712711
14315,202610,0,0.05267465117830293
14317,202610,1,0.3400042898506946
14318,202610,0,0.13997228924209731
14320,202610,0,0.11735563126070395
14325,202610,0,0.033862027854955415
14330,202610,1,0.13601233277455924
14333,202610,0,0.1324630419692025
14336,202610,0,0.15012009562927645
14338,202610,0,0.13646816171279885
14340,202610,0,0.120805366606549
14343,202610,1,0.06425927436207511
14344,202610,0,0.15531916952559868
14346,202610,1,0.1315825991017527
14354,202610,0,0.1337900876446901
14356,202610,1,0.16225498877389857
14359,202610,0,0.14481603780951566
14361,202610,0,0.12885457347880055
14362,202610,0,0.14585265918389453
14363,202610,0,0.1358317144754888
14367,202610,0,0.15862428046841723
14368,202610,1,0.1363678447863527
14369,202610,0,0.06384681504763519
14370,202610,0,0.2175420535998477
14376,202610,0,0.12253625400025998
14381,202610,1,0.1480547937191164
14382,202610,0,0.2380408283018628
14387,202610,0,0.11409184828929186
14388,202610,1,0.10916770299968563
14389,202610,0,0.15761110381747764
14390,202610,0,0.12039436063129848
14392,202610,0,0.12935760554587905
14393,202610,0,0.11157971780805945
14396,202610,0,0.13501068439513322
14407,202610,0,0.12647113874837027
14410,202610,0,0.1349660019501025
14412,202610,0,0.09073381713458399
14413,202610,0,0.15720417621018506
14414,202610,0,0.056744161247075625
14416,202610,0,0.13552067769630438
14417,202610,0,0.1285296924458818
14420,202610,0,0.07966453094884898
14423,202610,0,0.1528132533175362
14427,202610,0,0.13904197203746474
14430,202610,0,0.1569411203737007
14433,202610,0,0.12035393026312541
14434,202610,0,0.13021045016674623
14435,202610,0,0.17630291546687354
14436,202610,0,0.12070523364239116
14437,202610,1,0.16241609546020336
14438,202610,0,0.049779547212129904
14439,202610,0,0.1322630613213615
14440,202610,1,0.12111464330828176
14442,202610,0,0.11922536575686
14443,202610,0,0.13956053805113364
14444,202610,0,0.10676206786453854
14446,202610,0,0.13199392857088876
14448,202610,0,0.14499840157610536
14449,202610,0,0.2545726338402836
14450,202610,1,0.1279842317461829
14451,202610,0,0.12463474338336003
14459,202610,0,0.1551722214052167
14464,202610,0,0.1350853760664562
14466,202610,0,0.15822667059937298
14467,202610,0,0.1516426819853406
14469,202610,0,0.16681670705672869
14470,202610,0,0.05786500970106992
14471,202610,0,0.1443393063067247
14476,202610,0,0.051527331106134104
14477,202610,0,0.13039266347017087
14479,202610,0,0.05047966269178406
14480,202610,0,0.14650200764136495
14481,202610,0,0.03381084632850278
14484,202610,0,0.1364409321729559
14485,202610,0,0.13993899014932232
14486,202610,0,0.13348691374154048
14488,202610,0,0.14473028206592053
14489,202610,1,0.2037667202541585
14493,202610,0,0.12696191689824415
14495,202610,1,0.1291824349450078
14499,202610,0,0.12632369578471456
14504,202610,0,0.14518334335723201
14505,202610,1,0.059763478794942856
14508,202610,0,0.1479904089325072
14509,202610,0,0.1486284116009958
14510,202610,0,0.15250031336487038
14512,202610,1,0.0525091453535957
14516,202610,0,0.1555062945473238
14520,202610,0,0.13052489779092719
14522,202610,0,0.1348767522634469
14523,202610,0,0.13271322247503378
14529,202610,0,0.14475460204726812
14532,202610,0,0.05256228810564172
14537,202610,0,0.057248349226722325
14538,202610,0,0.1258173229458538
14540,202610,0,0.12359698503344656
14541,202610,0,0.12280771115769464
14542,202610,0,0.14079229535397578
14544,202610,0,0.12558564030865815
14545,202610,1,0.13052119110258142
14548,202610,0,0.13420019152483437
14550,202610,0,0.1427195719807925
14551,202610,0,0.1481296365346033
14553,202610,1,0.15257623300625628
14554,202610,0,0.05773764871738797
14555,202610,0,0.055789747625009926
14563,202610,0,0.128298936137024
14564,202610,0,0.12509703067119685
14570,202610,1,0.26342428342638585
14571,202610,0,0.058643942245397256
14572,202610,0,0.1332629142353698
14574,202610,0,0.14102693753543868
14576,202610,0,0.13427435860401757
14580,202610,0,0.056383145463697125
14581,202610,0,0.12417501215858179
14582,202610,0,0.1523084444312502
14583,202610,0,0.12953141605865479
14586,202610,0,0.13469837128819076
14591,202610,0,0.13206483778604247
14593,202610,0,0.13878277782367932
14594,202610,0,0.13952889238835228
14595,202610,1,0.1478235678781962
14596,202610,1,0.12036657061967232
14598,202610,1,0.2162568944369492
14599,202610,0,0.13510118020514628
14601,202610,0,0.1296481959825789
14602,202610,0,0.13440449781358552
14603,202610,0,0.14834308082966977
14604,202610,0,0.1431603786987614
14610,202610,0,0.15642019769093152
14617,202610,0,0.23468009761046166
14618,202610,0,0.12313621029558793
14620,202610,0,0.12604661467873793
14622,202610,0,0.17188666773842617
14624,202610,1,0.14279565711003614
14628,202610,0,0.05186368193693039
14629,202610,0,0.2303103091308986
14630,202610,0,0.12212754381241007
14632,202610,0,0.329968942024791
14634,202610,0,0.1321799089526271
14638,202610,1,0.1261363638983585
14639,202610,1,0.14329303431636206
14640,202610,0,0.14341742906575952
14645,202610,1,0.1640615250204539
14646,202610,0,0.05177712622832533
14648,202610,0,0.14970301843896006
14650,202610,0,0.13089972708989778
14651,202610,0,0.1348778012212656
14654,202610,1,0.1314711548782581
14658,202610,0,0.23117941586214283
14661,202610,0,0.13304350932480735
14666,202610,0,0.04966735971880575
14672,202610,0,0.15194120465230102
14673,202610,0,0.13145152022426612
14675,202610,0,0.21420952099312518
14678,202610,0,0.13844319456260096
14680,202610,0,0.1270901212814818
14684,202610,1,0.3145712893539677
14685,202610,0,0.1655764592873753
14688,202610,0,0.14378358291700358
14692,202610,0,0.13703594301766117
14693,202610,1,0.15144139385059496
14694,202610,0,0.13067235734614194
14695,202610,0,0.15950072279287072
14702,202610,0,0.15007880091976164
14705,202610,0,0.050774071938659744
14706,202610,0,0.13637044800055118
14707,202610,0,0.13710221388658445
14711,202610,0,0.1281157948958597
14713,202610,0,0.05942667229498514
14714,202610,0,0.12378630506661273
14717,202610,0,0.13299092219413056
14721,202610,0,0.11046588651577202
14722,202610,0,0.22883535925595033
14726,202610,0,0.12300276972660833
14730,202610,1,0.24788492000556925
14735,202610,0,0.13120012692618602
14736,202610,0,0.12554437571802846
14742,202610,0,0.15535822289846118
14744,202610,0,0.3844298840747483
14746,202610,0,0.13562350259032002
14748,202610,0,0.13233633163226122
14751,202610,0,0.16070047276355431
14753,202610,0,0.15427068605750427
14754,202610,0,0.14379180180108583
14755,202610,0,0.13012883413732512
14759,202610,0,0.16775087496537266
14760,202610,1,0.1503432845686877
14764,202610,0,0.1582554711153168
14766,202610,0,0.13242349716153062
14767,202610,0,0.1836543721189
14768,202610,0,0.14065361206664892
14770,202610,0,0.13693989181011298
14773,202610,0,0.14309844472444655
14777,202610,0,0.12466642840913487
14778,202610,0,0.12190795454548235
14779,202610,0,0.12437220360972566
14782,202610,0,0.12923181219410002
14783,202610,0,0.1415747113210802
14784,202610,0,0.11987785137882814
14791,202610,0,0.1403718789227347
14793,202610,0,0.03450332158294363
14794,202610,0,0.22687485695779191
14795,202610,0,0.12957422503795504
14796,202610,0,0.37337423563438477
14797,202610,0,0.13823143280065753
14800,202610,0,0.05839920489931866
14802,202610,0,0.1278506566602958
14803,202610,0,0.06181155988933331
14804,202610,1,0.14424933598047943
14805,202610,0,0.14083380644294038
14806,202610,1,0.22871406661355445
14808,202610,0,0.2356261395361253
14809,202610,0,0.06372057064911564
14812,202610,0,0.3277406645798216
14813,202610,0,0.14118155973116286
14814,202610,0,0.14962889211636837
14818,202610,0,0.154598834583349
14819,202610,0,0.0728532529898324
14820,202610,0,0.052012824627891134
14821,202610,0,0.23862659637469982
14822,202610,0,0.12813151572079273
14824,202610,0,0.222584468052913
14826,202610,0,0.1401874323561952
14827,202610,0,0.12752349233893562
14831,202610,0,0.1328029192263434
14832,202610,0,0.12849783822407418
14834,202610,0,0.13990116375085657
14839,202610,0,0.1393551093099302
14841,202610,0,0.1509663490121508
14842,202610,0,0.1455159969650162
14848,202610,0,0.11735749587773502
14849,202610,0,0.04941169258745957
14852,202610,0,0.13018014462793798
14855,202610,0,0.13388221374290296
14856,202610,0,0.15254310918864197
14865,202610,0,0.06305760444405915
14866,202610,0,0.05744334755204585
14869,202610,0,0.11734951109922633
14873,202610,0,0.1408244072617996
14874,202610,1,0.14269491653088728
14877,202610,0,0.13543750314011363
14878,202610,0,0.1310164395937685
14881,202610,0,0.05921486750537942
14882,202610,0,0.23343561937720667
14883,202610,0,0.14350301686493125
14885,202610,0,0.14652071382299117
14889,202610,0,0.15985189903792163
14890,202610,0,0.16922459559004582
14892,202610,0,0.1421153679187588
14893,202610,0,0.059850398227666766
14894,202610,0,0.06104861528785977
14895,202610,0,0.139001683178375
14896,202610,1,0.152655647332658
14897,202610,0,0.1430306275746477
14901,202610,0,0.11154115926444985
14904,202610,0,0.05952221913508137
14906,202610,1,0.1355002012733399
14908,202610,0,0.12818814990402136
14909,202610,0,0.14075697284643343
14910,202610,0,0.12231074670894211
14914,202610,0,0.1417877979426849
14916,202610,0,0.08641736113251776
14917,202610,0,0.05882399721309131
14918,202610,0,0.13327018754756775
14919,202610,0,0.23064218246576568
14923,202610,0,0.12355516755838271
14925,202610,1,0.12703200281764085
14927,202610,0,0.12888958417378943
14928,202610,0,0.12287688076911565
14929,202610,0,0.13388068242178736
14931,202610,0,0.13745424229285338
14934,202610,0,0.14344885493615678
14935,202610,0,0.2576935735447595
14948,202610,0,0.23047387961438875
14949,202610,1,0.12055598291223021
14950,202610,0,0.13472930018739832
14951,202610,0,0.13724182660360584
14952,202610,0,0.055980617775832825
14954,202610,0,0.23781584949801948
14960,202610,0,0.06117681892738516
14962,202610,0,0.0514551240396847
14966,202610,1,0.14864592099051427
14970,202610,0,0.1250406255810971
14973,202610,0,0.12120335673750299
14976,202610,0,0.15282967225006874
14978,202610,0,0.1398647620164357
14979,202610,0,0.13474124045775773
14980,202610,1,0.15043075966210873
14982,202610,0,0.1307056256320747
14983,202610,1,0.13289066764524243
14985,202610,0,0.061381922882478956
14986,202610,0,0.13265133720744587
14987,202610,0,0.0829500149373455
14988,202610,0,0.16340608796150902
14991,202610,0,0.13077722046877388
14994,202610,0,0.25369615021472264
14995,202610,1,0.13013795578971796
14996,202610,0,0.14361480599294957
14997,202610,0,0.1383454253216599
14998,202610,0,0.1312153240437075
14999,202610,0,0.14230227684397748
15000,202610,0,0.1265231254578013
15003,202610,0,0.15034999481655484
15005,202610,0,0.14137192185362216
15006,202610,0,0.13180261700512677
15007,202610,1,0.14040931109873034
15009,202610,0,0.1345570433313931
15012,202610,0,0.16111201739172992
15015,202610,0,0.13335704180378463
15018,202610,0,0.12258513961710846
15028,202610,1,0.1399278158081295
15029,202610,0,0.1378007281512577
15034,202610,1,0.12167757807404983
15036,202610,0,0.1261567724083181
15037,202610,0,0.21061024834800549
15040,202610,0,0.1547183892522765
15041,202610,0,0.1376320352823426
15042,202610,0,0.12593887076284294
15046,202610,0,0.22402142756320573
15047,202610,0,0.12400947546489882
15050,202610,0,0.14661725628178207
15051,202610,1,0.1352039209543362
15053,202610,0,0.15675171889075834
15056,202610,0,0.14833866065889106
15057,202610,0,0.1603025845224054
15058,202610,0,0.14031295774978916
15060,202610,0,0.12467406997022795
15061,202610,0,0.13575409686090475
15062,202610,0,0.14406264497317972
15066,202610,0,0.060168739085488185
15067,202610,0,0.13798438988498515
15068,202610,0,0.05780503525535298
15069,202610,0,0.062264051933069
15072,202610,0,0.14610383545689692
15076,202610,1,0.1447014246411485
15077,202610,0,0.1346208444199641
15078,202610,1,0.15044357570305988
15089,202610,0,0.14116488586991638
15093,202610,0,0.127358699805312
15096,202610,0,0.13666981143309756
15097,202610,0,0.13447665169093284
15099,202610,0,0.12448475668470697
15101,202610,0,0.15118688186407914
15103,202610,0,0.15638206788255812
15104,202610,0,0.12801987099346765
15105,202610,0,0.12391306582730455
15108,202610,0,0.13569716031324774
15109,202610,0,0.1365502304920441
15112,202610,0,0.13209296650950877
15114,202610,0,0.14885544507456264
15117,202610,0,0.05523483599588054
15118,202610,1,0.23050096435469059
15121,202610,1,0.13842763773151687
15122,202610,0,0.11470859385107028
15126,202610,0,0.13835620187486644
15128,202610,0,0.14246418261176202
15129,202610,0,0.14821879846491465
15130,202610,0,0.05260141591051323
15131,202610,1,0.1243786458550077
15132,202610,0,0.0632444256489353
15133,202610,0,0.13220964225629514
15134,202610,0,0.06699164499877364
15136,202610,0,0.14016824537245198
15137,202610,0,0.21755797974559923
15139,202610,0,0.11518188829911519
15142,202610,0,0.050644543845807105
15145,202610,0,0.12595513305969447
15146,202610,0,0.03486240891984561
15147,202610,0,0.1266809675773818
15150,202610,0,0.23798522531861876
15159,202610,0,0.13200826361503185
15163,202610,0,0.15337883572126135
15165,202610,0,0.05119184866053937
15167,202610,0,0.12452830331693826
15168,202610,0,0.05110689030788405
15173,202610,0,0.12358872629018623
15181,202610,0,0.13027861492618442
15183,202610,0,0.15405480790559126
15185,202610,0,0.138437138934617
15186,202610,0,0.14525518175850108
15189,202610,0,0.113502100192846
15190,202610,0,0.05971325688317426
15191,202610,0,0.12962767072967207
15193,202610,0,0.13950445995747965
15196,202610,0,0.14108434213690824
15199,202610,0,0.13072019880054253
15200,202610,0,0.13961909901454705
15201,202610,0,0.1484555284555592
15204,202610,0,0.15765664319038603
15207,202610,0,0.060059220772418154
15209,202610,0,0.15756127244719714
15212,202610,0,0.1543531886685966
15213,202610,0,0.12352275743050754
15214,202610,0,0.1357646889041655
15215,202610,0,0.14867796207465872
15216,202610,0,0.14549684800166374
15222,202610,0,0.1261587544491413
15223,202610,0,0.10893782393578541
15224,202610,0,0.23730894329470362
15227,202610,0,0.13032286852627142
15231,202610,0,0.11660662283509973
15232,202610,1,0.12401390807795465
15234,202610,0,0.1517312938006115
15236,202610,0,0.13509603086517055
15240,202610,0,0.17302342507061944
15241,202610,0,0.15247438907992622
15242,202610,0,0.15496207533303663
15243,202610,0,0.1384998702816096
15244,202610,1,0.22359966937110065
15247,202610,0,0.1487855914091273
15250,202610,0,0.11275530707810288
15253,202610,0,0.13230273086829838
15254,202610,0,0.13089877215961762
15255,202610,0,0.15084281644539257
15260,202610,0,0.12229157959424769
15262,202610,1,0.17467624798383735
15265,202610,0,0.05185286854403647
15275,202610,0,0.12224609970840271
15276,202610,1,0.1348110785939229
15280,202610,0,0.14074181461272717
15281,202610,0,0.13928018782866003
15282,202610,0,0.16114771522495802
15283,202610,0,0.14466735703205683
15284,202610,0,0.16398241097211763
15289,202610,0,0.14040313745494443
15292,202610,0,0.13397414037539304
15293,202610,0,0.1143625656691599
15300,202610,0,0.1410395906870085
15301,202610,0,0.12501831433704425
15302,202610,0,0.3227168628536662
15303,202610,0,0.12969512839807204
15306,202610,0,0.12839338100063516
15307,202610,0,0.1459197516661375
15310,202610,0,0.16340640755234878
15311,202610,0,0.14285567807867042
15313,202610,0,0.1347626889733556
15318,202610,1,0.2348555211523329
15320,202610,0,0.12636841193823348
15322,202610,0,0.051801163212507904
15323,202610,1,0.20169549878303203
15324,202610,0,0.13110402010026137
15327,202610,0,0.15216394917526854
15328,202610,1,0.3447164583555208
15329,202610,0,0.1323496624395678
15335,202610,1,0.13419560509298542
15340,202610,0,0.24233361822352065
15342,202610,1,0.052641265541339174
15349,202610,0,0.13391145438407287
15355,202610,0,0.12177811028019106
15356,202610,0,0.14292602770718432
15359,202610,0,0.31445591521290045
15360,202610,0,0.1299522970804001
15361,202610,0,0.06430656543559773
15364,202610,0,0.1431931882765327
15365,202610,1,0.12606822716337063
15367,202610,0,0.05560184763648827
15368,202610,0,0.2138150817203394
15370,202610,1,0.13019603494665366
15372,202610,0,0.21017225845488116
15373,202610,0,0.1296768473430583
15374,202610,0,0.060161272232180076
15377,202610,0,0.14153370558035405
15381,202610,0,0.12600226855972588
15383,202610,0,0.14680870922517875
15386,202610,0,0.03381842986825655
15387,202610,0,0.15428214666556753
15391,202610,0,0.13545891333058502
15392,202610,1,0.13199048016238532
15394,202610,0,0.05458258552151892
15395,202610,0,0.13267571300323347
15396,202610,0,0.05960461088953743
15397,202610,0,0.1253811398686748
15399,202610,0,0.137557639889199
15400,202610,0,0.10925769323545725
15404,202610,0,0.12338821983007159
15405,202610,1,0.3303006752814827
15406,202610,1,0.13520064374379023
15407,202610,0,0.14027253985863508
15408,202610,0,0.12739106210727383
15409,202610,0,0.056759511302708225
15411,202610,0,0.2290709209421933
15414,202610,0,0.14326923780644765
15416,202610,0,0.12758511161978298
15421,202610,0,0.07032056834441475
15423,202610,0,0.11157813789581689
15424,202610,1,0.14480915287852975
15425,202610,0,0.05121447078109523
15426,202610,0,0.14781821303507767
15428,202610,0,0.15424012530633457
15429,202610,0,0.13043529817296903
15430,202610,0,0.14609847147988728
15437,202610,0,0.1433613515137282
15438,202610,0,0.06379522026328609
15447,202610,1,0.1428060824118995
15449,202610,0,0.12571940788311733
15451,202610,0,0.13240083853170728
15455,202610,0,0.13004379240530434
15456,202610,0,0.13657996014323956
15459,202610,0,0.1738256286154493
15460,202610,0,0.14492370535306776
15461,202610,1,0.12004904302993415
15462,202610,0,0.13833488284424597
15465,202610,0,0.16322490548541754
15466,202610,0,0.14459499510618198
15467,202610,0,0.13666418615811757
15468,202610,0,0.15983391466516195
15469,202610,0,0.05828040304943871
15470,202610,0,0.1189212871240432
15473,202610,0,0.19857679942566556
15474,202610,0,0.15346588909025063
15478,202610,1,0.1535076030328229
15484,202610,0,0.1146911060234525
15486,202610,0,0.13251257620862245
15488,202610,0,0.16154090969159954
15489,202610,0,0.03408893348096926
15491,202610,1,0.19932469232991978
15492,202610,1,0.11684332113357622
15493,202610,0,0.14614563782891324
15494,202610,0,0.12161641255451701
15499,202610,1,0.10447420453536652
15502,202610,1,0.13251122065231208
15511,202610,0,0.05220523778520607
15512,202610,0,0.14146570664181732
15513,202610,1,0.05180597061699721
15517,202610,0,0.1545390348288749
15518,202610,0,0.13866700110743665
15522,202610,0,0.06034383116780499
15524,202610,0,0.1386686335866292
15526,202610,0,0.12122246350564875
15527,202610,0,0.1328266826123433
15528,202610,0,0.12726048375939963
15532,202610,1,0.14777648784865155
15534,202610,0,0.1374281239523843
15537,202610,0,0.14956217466527644
15538,202610,0,0.13422811825612252
15541,202610,0,0.03499735917261204
15544,202610,0,0.14784070256755263
15545,202610,0,0.13804349459510992
15546,202610,0,0.05187149191520894
15547,202610,0,0.06759440673654539
15548,202610,0,0.15687906262979126
15549,202610,0,0.15453216732849132
15550,202610,0,0.12154990414156996
15551,202610,0,0.060694283306028975
15552,202610,0,0.05764560016957823
15553,202610,0,0.14725135125035094
15558,202610,1,0.13957259882251738
15559,202610,1,0.1384799956610913
15562,202610,0,0.12767532634942277
15563,202610,0,0.21979583378558468
15564,202610,0,0.14566503882657295
15567,202610,0,0.13845347863005794
15568,202610,0,0.1293150201031732
15569,202610,0,0.05147302478675887
15573,202610,0,0.050367041861384
15574,202610,0,0.11622919613500708
15579,202610,0,0.12441105073803282
15581,202610,0,0.05605876815718964
15582,202610,0,0.1449284858890682
15586,202610,0,0.13381118391254826
15589,202610,0,0.140552826319533
15590,202610,0,0.12454841293933185
15591,202610,0,0.11788345407601801
15594,202610,0,0.12453954055413229
15596,202610,0,0.13117069600725453
15598,202610,0,0.13524140180887945
15600,202610,0,0.13392741220527782
15603,202610,0,0.15316664896195525
15609,202610,0,0.13777980239863669
15610,202610,0,0.23121631049731925
15613,202610,0,0.12695909087877147
15617,202610,0,0.05236261920026746
15619,202610,0,0.12727267061495545
15620,202610,1,0.2697929973382985
15621,202610,1,0.14744638814736052
15625,202610,0,0.11765212789594857
15632,202610,1,0.13577534736012836
15633,202610,0,0.060177068398185776
15636,202610,0,0.13746098778938898
15637,202610,0,0.15188303050616758
15640,202610,0,0.13400344270893652
15641,202610,0,0.1169412429345759
15642,202610,0,0.13929001199985266
15643,202610,0,0.08015404250728266
15645,202610,0,0.14144725731033603
15650,202610,0,0.12096576830150743
15653,202610,0,0.06420613170086492
15655,202610,0,0.14117950103633944
15661,202610,0,0.15469404779185347
15663,202610,0,0.12774534211330835
15665,202610,0,0.05322870773664631
15667,202610,0,0.14054454683309428
15671,202610,0,0.0514551240396847
15672,202610,1,0.12331110416796373
15673,202610,0,0.21275818489322623
15676,202610,0,0.052147852374277645
15679,202610,0,0.1301885116676276
15680,202610,0,0.14058584135004829
15684,202610,0,0.22405801483244764
15685,202610,0,0.051842613040355486
15690,202610,0,0.12696113544209808
15695,202610,0,0.12289894777228454
15696,202610,1,0.12307952400802027
15698,202610,1,0.21903177395005077
15699,202610,0,0.15652747106406262
15701,202610,0,0.05638238407617154
15705,202610,0,0.23237768383165128
15709,202610,0,0.050898007486449515
15717,202610,0,0.12951685022700027
15718,202610,0,0.255615468496644
15721,202610,0,0.3280754395215125
15723,202610,1,0.14086856078362509
15724,202610,0,0.13496685592023785
15725,202610,0,0.12952500043555082
15728,202610,0,0.13077540037705968
15729,202610,0,0.12849330770579012
15731,202610,0,0.13094864950823024
15732,202610,0,0.12770393039685513
15733,202610,0,0.1325417022800882
15739,202610,0,0.20433425916411674
15742,202610,0,0.05604798598515682
15743,202610,0,0.0563180068969894
15744,202610,0,0.11960534127357016
15745,202610,0,0.040457315847595925
15746,202610,1,0.15512567219654577
15748,202610,0,0.052373778733767445
15751,202610,0,0.15965245765810263
15752,202610,0,0.1515364763072578
15760,202610,0,0.06357625292520348
15761,202610,0,0.057886580420306054
15764,202610,0,0.1431193562022411
15766,202610,0,0.15007257225280032
15770,202610,0,0.06024864643383642
15771,202610,0,0.13266932653217642
15773,202610,0,0.05690915935418331
15774,202610,0,0.1530741170807643
15776,202610,1,0.20722381151186917
15777,202610,0,0.15008340059579142
15778,202610,0,0.1486557071919871
15780,202610,0,0.06499412805052635
15782,202610,0,0.31510459561862936
15783,202610,0,0.15505876034093874
15785,202610,0,0.1411712771581658
15787,202610,0,0.14124477426940335
15788,202610,0,0.15961771979290154
15789,202610,0,0.1125517458914327
15793,202610,0,0.2498666487965442
15795,202610,0,0.14180768686626302
15798,202610,0,0.15548272450053446
15801,202610,0,0.14626790544944712
15802,202610,0,0.14398851601712667
15804,202610,0,0.12744210192455935
15809,202610,0,0.13262904563499847
15810,202610,0,0.12703781904669137
15814,202610,0,0.13525503944445605
15831,202610,0,0.059511182992016805
15833,202610,0,0.2481809027653464
15835,202610,0,0.14056402292290107
15837,202610,0,0.04752982545892193
15841,202610,0,0.1267704997175273
15842,202610,0,0.034569569367837026
15845,202610,0,0.13278430713951372
15849,202610,0,0.06399924562284379
15850,202610,0,0.07899943389825444
15851,202610,0,0.048925763891205905
15853,202610,0,0.11206852615009376
15854,202610,0,0.13307520141117934
15857,202610,0,0.05265790447672716
15861,202610,0,0.23483937454721782
15862,202610,0,0.13498518948228763
15863,202610,0,0.13178213094484406
15868,202610,0,0.21735327890516007
15871,202610,0,0.13167843755614536
15873,202610,0,0.12070065933859425
15876,202610,0,0.13135637814031842
15880,202610,0,0.12735105449517584
15883,202610,0,0.1262807253475888
15884,202610,0,0.11801075846687185
15886,202610,1,0.13374887987538578
15887,202610,0,0.07564895720193901
15888,202610,0,0.12404494634495458
15889,202610,0,0.13847226838906954
15890,202610,0,0.13503723572890813
15891,202610,0,0.14020581785220518
15892,202610,0,0.12536623337984168
15893,202610,0,0.14009736133186565
15897,202610,0,0.1397934172362753
15898,202610,0,0.24123718464392244
15902,202610,0,0.14986742848780127
15903,202610,0,0.06652690663946052
15904,202610,0,0.14862621992650463
15905,202610,0,0.127846730259287
15909,202610,1,0.18460945327471678
15910,202610,0,0.12935456934905318
15911,202610,0,0.13862230286679822
15912,202610,0,0.1225895594845285
15916,202610,0,0.05667195436051573
15917,202610,0,0.05117157516406729
15924,202610,0,0.1465640299758277
15930,202610,0,0.15684800846117133
15932,202610,0,0.15280908359132744
15937,202610,0,0.13126704825199337
15938,202610,0,0.12048994654992316
15939,202610,1,0.23714996524972087
15940,202610,0,0.1365853974155697
15941,202610,1,0.1292480026125386
15942,202610,0,0.12935751430490658
15943,202610,0,0.24113280479035482
15944,202610,0,0.06739656581624019
15945,202610,0,0.12996712288857232
15946,202610,0,0.12257559243475896
15948,202610,0,0.05310210060801182
15949,202610,0,0.056460064910955704
15952,202610,0,0.13582616378593645
15953,202610,0,0.1488564063262897
15954,202610,0,0.052451444366479305
15956,202610,0,0.1290099520898657
15957,202610,0,0.0979036989766939
15960,202610,0,0.06024675691179663
15962,202610,0,0.14219464605422968
15965,202610,0,0.12889639526461028
15968,202610,0,0.13822263736831236
15969,202610,0,0.13510563530091282
15975,202610,0,0.12404313506639061
15977,202610,0,0.2184429038274906
15982,202610,0,0.13020218236557055
15987,202610,0,0.15000712026209093
15988,202610,0,0.14465142806541118
15990,202610,0,0.05493411766358314
15991,202610,0,0.05078042044158452
15992,202610,0,0.03417654003921527
15993,202610,0,0.16241465797973065
15997,202610,0,0.1410516981000731
15998,202610,0,0.22522467708945174
16003,202610,0,0.13054847891131854
16007,202610,1,0.12992881894372668
16009,202610,0,0.14268829149061413
16012,202610,0,0.13292955444104376
16013,202610,1,0.13555768686239764
16014,202610,0,0.14989579584386928
16015,202610,0,0.149632625643633
16016,202610,0,0.05517132969013481
16018,202610,0,0.23773834466867347
16019,202610,0,0.13141453640471246
16021,202610,0,0.13800286341194587
16022,202610,1,0.12318755454074203
16026,202610,0,0.12243330612043954
16028,202610,1,0.14075502072787235
16029,202610,0,0.1418545723951531
16030,202610,0,0.14290011021310614
16031,202610,0,0.052534008539796395
16032,202610,0,0.13545151407082187
16035,202610,0,0.16035414624932454
16037,202610,0,0.0590594230790573
16038,202610,1,0.1434164007232227
16041,202610,1,0.2501773768204331
16043,202610,0,0.12595243010670343
16045,202610,0,0.15573476285238444
16049,202610,0,0.1304938966572243
16051,202610,0,0.12769070542414546
16055,202610,0,0.15387994917963085
16060,202610,1,0.14419457497514857
16061,202610,0,0.1470293252476241
16063,202610,0,0.14678314181241198
16064,202610,0,0.1473132101642894
16065,202610,0,0.048531074794645114
16076,202610,0,0.2189622547056688
16078,202610,0,0.24079887941031222
16080,202610,1,0.23339658427004503
16082,202610,1,0.13797933186267708
16085,202610,0,0.14780560362476536
16087,202610,0,0.051452279921145205
16088,202610,0,0.16307984671732229
16091,202610,0,0.14603872156274508
16092,202610,0,0.13195112690620345
16093,202610,0,0.13126148517426314
16095,202610,0,0.1378433648810342
16099,202610,1,0.1488564063262897
16101,202610,0,0.1260717368048784
16102,202610,0,0.14332515942627902
16110,202610,0,0.14146570664181732
16111,202610,0,0.13606491890774883
16113,202610,0,0.17817338106459849
16118,202610,0,0.1387331135368958
16121,202610,0,0.033796475722077265
16123,202610,0,0.2195871050474762
16127,202610,0,0.14908069957944986
16128,202610,1,0.15938582413546803
16129,202610,0,0.03422692519488809
16130,202610,0,0.12565536205239305
16133,202610,0,0.1524449024904015
16135,202610,0,0.1318166768742373
16136,202610,0,0.13469972077233272
16137,202610,0,0.14812726524255032
16138,202610,0,0.060690107340492155
16140,202610,0,0.1575891322734395
16141,202610,0,0.12582373277277453
16142,202610,0,0.12820579989817307
16144,202610,1,0.13950110084267242
16145,202610,0,0.13495120001441566
16147,202610,0,0.14729987280839957
16148,202610,0,0.17427732452854866
16149,202610,0,0.13193491180758493
16157,202610,1,0.1271837823774809
16158,202610,0,0.14547483461835364
16162,202610,1,0.12836935819425402
16163,202610,0,0.2214398383150136
16164,202610,1,0.058047509623209106
16165,202610,1,0.24269986995272017
16166,202610,0,0.05191632729869657
16169,202610,0,0.13263587804176857
16172,202610,0,0.14647575891358813
16173,202610,0,0.14661775007637887
16176,202610,0,0.14585912573597345
16177,202610,0,0.1492000246600586
16179,202610,0,0.13817810801347852
16181,202610,0,0.03533028962042573
16182,202610,0,0.27259182938801074
16184,202610,1,0.12326015374671191
16192,202610,0,0.21391353465287097
16193,202610,0,0.15174655901252768
16197,202610,0,0.14969310414397066
16198,202610,0,0.13206036806137636
16199,202610,0,0.1361110537421881
16201,202610,0,0.13754522152592466
16202,202610,1,0.13081461325161134
16203,202610,0,0.10243173615591443
16204,202610,0,0.06077126324843899
16209,202610,0,0.14560006105332757
16213,202610,1,0.33941190846353664
16218,202610,0,0.07871030626651244
16219,202610,0,0.1607579427470734
16220,202610,0,0.1314811969915639
16221,202610,1,0.14989509324671724
16222,202610,0,0.22666191071109015
16226,202610,0,0.13658952062831298
16227,202610,0,0.11213881564154682
16228,202610,0,0.13645228369595408
16229,202610,0,0.1620407861430707
16230,202610,0,0.14289024796124666
16231,202610,1,0.13369863852297761
16235,202610,0,0.1334547329553967
16237,202610,0,0.057760736122968934
16240,202610,0,0.14137827011009904
16242,202610,0,0.1354801094435486
16246,202610,0,0.14032852833729598
16247,202610,0,0.14699889316668813
16248,202610,0,0.11152378865261804
16250,202610,1,0.15902615304759754
16251,202610,1,0.12510331719120127
16254,202610,0,0.378614143696848
16256,202610,0,0.14317409435688805
16258,202610,0,0.12267324692193761
16260,202610,0,0.05036519649603666
16263,202610,1,0.35616240918454883
16266,202610,0,0.1768443468940906
16270,202610,0,0.12401921341475557
16271,202610,0,0.13955515616536934
16272,202610,0,0.13460826923204025
16274,202610,0,0.12803085420169916
16275,202610,0,0.14890442743127105
16276,202610,0,0.0514551240396847
16277,202610,0,0.13235772700465795
16278,202610,0,0.03378609887354636
16279,202610,0,0.13416696605745762
16280,202610,0,0.14379860890703716
16283,202610,0,0.32993573015974204
16284,202610,0,0.13771958670068496
16286,202610,0,0.1175991318985062
16288,202610,0,0.16658684787411154
16292,202610,1,0.14069214636603933
16293,202610,0,0.12658422684855225
16294,202610,1,0.15239337699082095
16295,202610,1,0.12581478370959157
16299,202610,0,0.2354665020967599
16300,202610,0,0.13707900802370196
16307,202610,0,0.1268498402974632
16314,202610,0,0.1371032040824334
16315,202610,0,0.1371326958718184
16318,202610,1,0.15500790753326146
16319,202610,0,0.13921681054754625
16320,202610,0,0.15611396061009963
16321,202610,0,0.12779391727172074
16322,202610,1,0.14061120473050145
16324,202610,1,0.12667282921401438
16325,202610,0,0.06094660765473681
16329,202610,0,0.05407949295509296
16333,202610,0,0.03352579813222442
16334,202610,0,0.12961375700383357
16335,202610,0,0.14962163327336322
16336,202610,0,0.13026593841910836
16338,202610,0,0.11910065673659885
16342,202610,0,0.1528511332746552
16343,202610,0,0.2202770279987639
16344,202610,1,0.14725763593201138
16345,202610,0,0.1195821725478643
16346,202610,0,0.13312926489103322
16347,202610,0,0.14697345731724
16348,202610,0,0.14656635942601767
16350,202610,0,0.06106079957924232
16352,202610,0,0.1249306151327974
16353,202610,0,0.06043254129769862
16354,202610,0,0.13494383229401818
16356,202610,0,0.13477332042666215
16357,202610,0,0.15697528133395466
16358,202610,0,0.1269701141568372
16362,202610,0,0.125216487280253
16363,202610,1,0.12947038014842435
16364,202610,0,0.06078618222455661
16366,202610,1,0.22561757157264842
16367,202610,0,0.16127208218877764
16370,202610,1,0.22987582477930024
16371,202610,0,0.12148764595810664
16374,202610,0,0.1469888965562547
16376,202610,0,0.15152890946133232
16377,202610,0,0.1503129099021367
16378,202610,0,0.14917088461604286
16381,202610,0,0.06938529492453477
16383,202610,0,0.1413648809111408
16384,202610,0,0.13062195315290515
16385,202610,1,0.11808942670367921
16386,202610,0,0.12868674588725157
16388,202610,0,0.1216606056518967
16390,202610,0,0.1380501409240127
16391,202610,0,0.1499239990643734
16394,202610,0,0.13599211874110342
16397,202610,0,0.05956482265847472
16398,202610,0,0.13367036648802647
16400,202610,0,0.15582358941191418
16404,202610,0,0.16205414808752983
16409,202610,0,0.12586389084151292
16411,202610,0,0.11283773323131775
16414,202610,0,0.13610524767964768
16418,202610,0,0.23647537666007729
16420,202610,0,0.12686141873934062
16421,202610,0,0.1515417682181475
16425,202610,0,0.1349145507721063
16426,202610,0,0.12974796523765214
16428,202610,1,0.13453196515186064
16429,202610,0,0.1313167360714752
16430,202610,0,0.1334775034439755
16431,202610,0,0.05263596264140594
16432,202610,1,0.15698756221839463
16437,202610,0,0.06336084342266882
16438,202610,0,0.03463053940830075
16439,202610,0,0.1266383411287891
16440,202610,0,0.052874456420277036
16441,202610,0,0.13682137521079799
16446,202610,0,0.1415113572591097
16451,202610,0,0.12970410666553336
16461,202610,0,0.13070358005966348
16463,202610,1,0.13733526852493524
16464,202610,0,0.21340435714938452
16466,202610,0,0.21893417489726055
16467,202610,0,0.12098115395302436
16468,202610,0,0.16395943444251557
16469,202610,0,0.13600019209427963
16470,202610,0,0.15512740424771365
16472,202610,1,0.05848644608349824
16477,202610,0,0.23727324625503127
16480,202610,1,0.14196999680957564
16483,202610,0,0.15723563270800367
16487,202610,0,0.1647227222452437
16488,202610,0,0.050367041861384
16490,202610,0,0.06097432676887435
16496,202610,0,0.14619107442901025
16497,202610,1,0.12972150750598324
16500,202610,1,0.13172359706787312
16502,202610,0,0.06370495489277082
16508,202610,1,0.23169829479754192
16510,202610,0,0.16529089221572546
16511,202610,0,0.057573228212308626
16512,202610,0,0.14099988283959913
16513,202610,0,0.1414181634039139
16514,202610,0,0.03407865358865796
16515,202610,0,0.05182859625858006
16517,202610,0,0.14770722585272839
16519,202610,0,0.053888008826180174
16520,202610,0,0.057107016669150974
16525,202610,0,0.15151626432843648
16526,202610,0,0.2233153466193194
16529,202610,0,0.1437367911123059
16532,202610,0,0.12322749259942027
16533,202610,0,0.12033893747994108
16536,202610,0,0.24609684496754916
16540,202610,0,0.06180547051129104
16542,202610,0,0.13079730602479955
16544,202610,0,0.2209586353186141
16548,202610,0,0.12909347033943208
16549,202610,0,0.12828141175830923
16551,202610,0,0.25750424319524556
16552,202610,0,0.15313707698876597
16555,202610,1,0.1422039153368219
16557,202610,0,0.14478722743242095
16558,202610,0,0.11872095318672851
16559,202610,0,0.14049694885623504
16560,202610,0,0.13061370246113096
16561,202610,0,0.13379552236332842
16562,202610,0,0.12721142161744253
16564,202610,0,0.12105174496750079
16565,202610,0,0.21959014541383487
16566,202610,0,0.16856719460291944
16572,202610,0,0.15079975324283304
16573,202610,0,0.15383022465943585
16574,202610,0,0.16371595579845266
16575,202610,0,0.05048886111861848
16578,202610,1,0.33454051466893653
16579,202610,0,0.1537538896084064
16580,202610,0,0.2372089650728151
16582,202610,0,0.1311044592621
16584,202610,0,0.1636937849424267
16586,202610,0,0.1280411901350112
16588,202610,0,0.1283521148657611
16595,202610,0,0.1414139275037266
16597,202610,0,0.12558132925054633
16600,202610,0,0.13562882906586538
16601,202610,0,0.1458458065354664
16604,202610,1,0.04698259260366224
16606,202610,0,0.32849132735783293
16608,202610,0,0.03463053940830075
16611,202610,0,0.14591907421207562
16612,202610,1,0.13588711108377047
16613,202610,0,0.1674787044839481
16615,202610,0,0.13285738857991589
16617,202610,1,0.1306657432088571
16619,202610,0,0.13263745915437714
16621,202610,1,0.23295544044964997
16622,202610,0,0.13400311456177896
16624,202610,0,0.12680110364703848
16626,202610,0,0.15286351980058147
16628,202610,0,0.12832665279776073
16629,202610,0,0.13668985753459292
16630,202610,0,0.13873368463429644
16631,202610,0,0.05747535060343789
16634,202610,0,0.13961752270716882
16638,202610,0,0.13295275779031368
16640,202610,1,0.15917091509959855
16643,202610,0,0.10396687759793069
16645,202610,0,0.2207990631465849
16649,202610,0,0.14194536801026653
16651,202610,0,0.13124412672169894
16652,202610,0,0.12878635246414877
16653,202610,0,0.08656126765761307
16659,202610,0,0.13732411163732017
16660,202610,0,0.12186365944460686
16662,202610,1,0.054882060494862175
16668,202610,1,0.11204163459289962
16669,202610,0,0.1485447223920342
16670,202610,1,0.22641662224629833
16672,202610,0,0.13832758227660202
16674,202610,0,0.1514448226352795
16677,202610,0,0.1477912130599794
16678,202610,1,0.13876993539069307
16679,202610,0,0.1367827504876575
16680,202610,0,0.15506963734032478
16681,202610,0,0.06324809290142605
16684,202610,0,0.04736178808480562
16685,202610,0,0.13323895707594488
16686,202610,0,0.14740196759046156
16687,202610,0,0.12557462236818254
16688,202610,0,0.1516032460951308
16689,202610,0,0.12158024493757015
16690,202610,0,0.04935967169626506
16692,202610,0,0.12245196732173173
16693,202610,0,0.056494521698290154
16696,202610,0,0.05145588953211671
16697,202610,0,0.14190174986379694
16701,202610,1,0.158233056377045
16703,202610,0,0.23182160322099185
16704,202610,0,0.03283163166313275
16705,202610,0,0.1307816505722228
16707,202610,0,0.11511162566559884
16711,202610,0,0.1388573232205087
16712,202610,1,0.13064732972618812
16713,202610,0,0.12517196755407178
16714,202610,0,0.3907863930606683
16715,202610,1,0.15949404057120023
16716,202610,0,0.118811644313879
16717,202610,0,0.14535284177296529
16718,202610,0,0.13389455536023567
16719,202610,0,0.1476522718844207
16720,202610,0,0.05159173788946461
16723,202610,0,0.12643367876011247
16724,202610,0,0.2041509367888067
16728,202610,0,0.24332891072239995
16730,202610,0,0.1388329658957376
16735,202610,0,0.15286572836064855
16741,202610,0,0.12739419614098182
16742,202610,0,0.12448129301539052
16743,202610,0,0.11818210471477572
16744,202610,0,0.03486240891984561
16748,202610,0,0.1384747550804997
16750,202610,0,0.13894599413390535
16751,202610,1,0.12890935540827533
16752,202610,0,0.16658694779307476
16753,202610,0,0.12183844711629521
16754,202610,1,0.1567928724457555
16755,202610,0,0.15750789388518574
16756,202610,0,0.05375190891091001
16758,202610,1,0.1368384627366246
16760,202610,0,0.1353829504413419
16762,202610,1,0.14173794746346607
16764,202610,0,0.05884902251308988
16770,202610,0,0.22355729043929193
16771,202610,0,0.13094657183735173
16772,202610,0,0.15453351748353344
16776,202610,0,0.1350209610584348
16777,202610,0,0.06943234725057498
16780,202610,0,0.14857992531124434
16781,202610,0,0.13871487498139887
16784,202610,1,0.2350122748826959
16788,202610,0,0.13066065710041488
16792,202610,0,0.11671966192470792
16793,202610,1,0.14625249471928833
16794,202610,0,0.1611816926597937
16795,202610,0,0.052622645915313
16796,202610,0,0.03971133178822183
16798,202610,0,0.12246378690960565
16801,202610,0,0.12956390113766017
16802,202610,0,0.1336201832561907
16803,202610,0,0.1409372705025224
16808,202610,1,0.2214005887790891
16809,202610,0,0.22282017616516955
16810,202610,1,0.13390229933852593
16815,202610,0,0.1414000152965121
16816,202610,0,0.10855771507493574
16818,202610,0,0.16943008907136448
16819,202610,0,0.16380822196139544
16820,202610,0,0.1460623670470617
16824,202610,0,0.13118114691357238
16829,202610,0,0.1289013666001863
16833,202610,0,0.13141517877715467
16834,202610,0,0.12764213117377557
16840,202610,1,0.14824087412833375
16846,202610,0,0.13873678576284712
16847,202610,0,0.1365754983816775
16848,202610,0,0.14223674468228273
16849,202610,1,0.12488832889001998
16852,202610,0,0.12265452717885336
16853,202610,0,0.13502493958322725
16857,202610,0,0.12639167938303553
16858,202610,0,0.13989264252802638
16859,202610,1,0.12417501215858179
16860,202610,0,0.1414191764063985
16861,202610,0,0.12855966824457934
16862,202610,0,0.15448960765793118
16867,202610,0,0.12272705905717593
16869,202610,0,0.12738062517657112
16870,202610,0,0.1280825105217458
16871,202610,1,0.24539108027405754
16872,202610,0,0.13072079919940405
16876,202610,0,0.14841531099515398
16877,202610,0,0.06354446008015499
16881,202610,1,0.16136427598860653
16883,202610,0,0.12811692178778578
16890,202610,0,0.08120872916383227
16893,202610,0,0.13369863852297761
16894,202610,0,0.0740040992291681
16897,202610,0,0.12282989565250198
16901,202610,0,0.1233293925272052
16902,202610,0,0.11239255495557425
16906,202610,0,0.05173603056067187
16909,202610,1,0.15697136756173583
16910,202610,0,0.041026366918995055
16911,202610,0,0.2336333724386817
16916,202610,1,0.2381033305279994
16921,202610,0,0.13252041767880277
16923,202610,0,0.09121881547263098
16926,202610,0,0.14206436699243252
16928,202610,0,0.1352280585005365
16930,202610,1,0.0586664480875976
16932,202610,0,0.16521933787320223
16933,202610,0,0.1380333861880126
16935,202610,0,0.13471011235614866
16942,202610,1,0.1295617486960909
16943,202610,0,0.13248672340740994
16944,202610,0,0.13162244208780044
16947,202610,0,0.04011235520400968
16948,202610,0,0.13267490482919392
16949,202610,0,0.07291457584199935
16952,202610,0,0.2412372754412072
16953,202610,0,0.14140300090802568
16954,202610,0,0.133369177695796
16956,202610,0,0.12176264459593107
16958,202610,0,0.033110408055598714
16959,202610,0,0.14424443696886594
16962,202610,0,0.1487849445232624
16963,202610,1,0.12998347590885317
16969,202610,0,0.06377272558844135
16970,202610,0,0.03486240891984561
16972,202610,0,0.14108819619949475
16975,202610,1,0.3268130826161896
16977,202610,0,0.1281458197366915
16979,202610,0,0.12834889398816826
16981,202610,0,0.14209420963761488
16983,202610,0,0.10997160755349589
16984,202610,0,0.12699336972886044
16985,202610,0,0.12187013503810537
16986,202610,1,0.10494473121162386
16987,202610,0,0.15053645483409026
16989,202610,0,0.22765362575181025
16990,202610,0,0.14430254829006026
16992,202610,0,0.18594735466578127
16994,202610,0,0.1983903143914464
16995,202610,0,0.12337406518821382
16996,202610,1,0.26571666197367255
16997,202610,0,0.3244668408106835
16999,202610,0,0.15829836972206013
17000,202610,0,0.1388287505851036
17002,202610,0,0.1382755116718442
17003,202610,0,0.17684733185165244
17004,202610,0,0.3469118739002645
17006,202610,0,0.22460601812094388
17007,202610,0,0.14555228603039094
17008,202610,0,0.05048023854334249
17013,202610,1,0.1248363985205898
17014,202610,0,0.16151788873962863
17015,202610,0,0.1333535771441851
17017,202610,0,0.1330909950009255
17018,202610,0,0.14618012329126934
17020,202610,0,0.07836465975515412
17023,202610,0,0.14091000548041552
17024,202610,0,0.3106447452298995
17026,202610,0,0.21871611200222846
17028,202610,0,0.13550100322659722
17035,202610,0,0.1256431399733728
17036,202610,1,0.3375178328290096
17038,202610,0,0.12457302385305803
17039,202610,0,0.13505300695301856
17041,202610,0,0.2309999894275816
17046,202610,0,0.15108101435301435
17052,202610,0,0.03428694963369692
17053,202610,0,0.0718213882253534
17056,202610,0,0.14266261152801402
17057,202610,0,0.1331092034791559
17062,202610,1,0.152598052757098
17063,202610,0,0.14601945938874442
17067,202610,0,0.14145642867049785
17068,202610,0,0.12856530030945781
17072,202610,1,0.3324646186179857
17073,202610,0,0.056952633780966454
17075,202610,1,0.1340356182275404
17077,202610,0,0.15064631239837195
17078,202610,0,0.12256184333171408
17079,202610,0,0.13178769349939004
17080,202610,1,0.12635936374489964
17081,202610,0,0.13816282826006793
17083,202610,0,0.14639133347387978
17085,202610,0,0.12549859553483814
17086,202610,0,0.17963024249563944
17087,202610,0,0.1233127452856014
17088,202610,0,0.12834094243721536
17090,202610,0,0.13264793115321863
17093,202610,0,0.059934245543304
17094,202610,0,0.06114357273776137
17095,202610,0,0.14857543250256422
17096,202610,0,0.05245616479251173
17099,202610,0,0.16363039487551226
17101,202610,0,0.13773973800508832
17102,202610,0,0.15072491907064361
17104,202610,0,0.13856089187322385
17105,202610,0,0.1325676993939355
17112,202610,1,0.14763328066827444
17113,202610,1,0.1516385102667016
17115,202610,0,0.12528512728130214
17116,202610,0,0.15390009679939903
17122,202610,0,0.055920153673502206
17123,202610,0,0.05796979013373353
17124,202610,1,0.12500385708741046
17127,202610,0,0.13563179774316111
17128,202610,0,0.1439183256598863
17129,202610,0,0.13825971430808268
17131,202610,0,0.14053489733587526
17136,202610,0,0.13795301560891904
17140,202610,0,0.0562004936921953
17141,202610,0,0.1525005982637868
17146,202610,0,0.08742118895221873
17147,202610,0,0.05001374173559006
17149,202610,0,0.17087021395910995
17153,202610,1,0.21762830451516132
17155,202610,0,0.14614625481075308
17158,202610,0,0.23053214955472479
17159,202610,0,0.13251244151725955
17162,202610,1,0.13319343888658206
17163,202610,0,0.14216819736397093
17164,202610,0,0.10966990181835891
17165,202610,0,0.14682588427019247
17167,202610,0,0.2803515350505562
17169,202610,0,0.2193933922591951
17170,202610,0,0.1233146352376362
17171,202610,0,0.15854115114001271
17172,202610,0,0.06702054441316503
17175,202610,0,0.32758696628111206
17176,202610,1,0.22260125649345822
17177,202610,0,0.10926088697266244
17181,202610,0,0.13160406419238538
17183,202610,0,0.04977460786069454
17186,202610,1,0.14926836780826838
17188,202610,0,0.1230658878909189
17189,202610,0,0.13246308341092164
17191,202610,0,0.13170735580117976
17192,202610,0,0.12037353115282856
17194,202610,0,0.12920850684143087
17208,202610,1,0.15395627568837383
17210,202610,0,0.11581439364811909
17211,202610,1,0.14339237261146057
17212,202610,0,0.19914971940484674
17219,202610,0,0.24382316251721964
17220,202610,0,0.14442851028957623
17222,202610,1,0.14003738611794658
17225,202610,0,0.12915372313521553
17227,202610,0,0.14022753906315216
17228,202610,0,0.05899103495352285
17229,202610,0,0.05669631394932086
17230,202610,1,0.1252328663585608
17231,202610,0,0.13169350415887887
17232,202610,0,0.1506193921787914
17233,202610,0,0.05139939332807233
17236,202610,0,0.12354272143091882
17237,202610,0,0.13290354789112802
17240,202610,0,0.135628576275278
17241,202610,0,0.14663685402233098
17243,202610,0,0.10482572957494003
17246,202610,0,0.15326955300532596
17247,202610,0,0.12252482456944448
17248,202610,1,0.1339449351381118
17249,202610,1,0.14246297395451574
17251,202610,0,0.24371613624402716
17253,202610,0,0.13322437287031239
17254,202610,0,0.05210322046916866
17256,202610,0,0.053475740126957806
17257,202610,0,0.12313708774892514
17262,202610,0,0.12670589029977847
17266,202610,1,0.2272574589392604
17267,202610,0,0.08042506356335676
17268,202610,0,0.1472787148944886
17269,202610,0,0.12461453200078941
17270,202610,0,0.14960245252590595
17271,202610,0,0.12696885307077627
17275,202610,0,0.1569237916597959
17276,202610,0,0.1571326579570585
17277,202610,0,0.24738327375601743
17279,202610,0,0.13280169163275599
17281,202610,1,0.24628961300952681
17283,202610,0,0.05796831844038778
17285,202610,0,0.1200617516660615
17286,202610,1,0.05964638971736424
17287,202610,0,0.12626376387499436
17288,202610,0,0.057483680795915565
17294,202610,0,0.12706934745727946
17295,202610,0,0.03368946706757039
17296,202610,1,0.13101205554651787
17297,202610,0,0.11645008685693517
17298,202610,0,0.12777677874228233
17299,202610,0,0.24466226305431477
17300,202610,0,0.04641920780572049
17302,202610,0,0.147139288900164
17303,202610,0,0.12852224246572058
17305,202610,0,0.13440414397324935
17306,202610,0,0.14900489832569275
17307,202610,0,0.16154221527424556
17310,202610,0,0.11961802925332078
17312,202610,0,0.05406801294122459
17316,202610,0,0.1302843875148773
17317,202610,0,0.12332921122070464
17318,202610,0,0.05118428700179692
17320,202610,0,0.05133067120065543
17321,202610,1,0.13020643010442753
17323,202610,0,0.12352960984519656
17324,202610,0,0.12008995768061155
17325,202610,1,0.12781845816333762
17327,202610,1,0.13842068879190209
17328,202610,0,0.22537327788248804
17330,202610,0,0.1430162454850617
17332,202610,0,0.141558823273791
17333,202610,0,0.13452174041955733
17335,202610,0,0.034209665975553506
17336,202610,1,0.13591764090424135
17338,202610,0,0.13889649615496075
17340,202610,0,0.13582943774000963
17341,202610,0,0.1227526608427521
17343,202610,1,0.1337010824977774
17344,202610,0,0.14304631280168184
17345,202610,0,0.15173629501210184
17348,202610,0,0.14579884498338036
17349,202610,0,0.13396220416930482
17351,202610,0,0.1296339903567433
17352,202610,0,0.12642224836624882
17354,202610,0,0.0573415319520167
17355,202610,1,0.12007993140895598
17356,202610,0,0.23191107446370535
17357,202610,0,0.1320790337683625
17360,202610,0,0.23121626369264067
17361,202610,0,0.05564565725332362
17362,202610,0,0.14999763284895254
17363,202610,0,0.13702688207431502
17365,202610,0,0.32728788796295694
17366,202610,0,0.1374510616014709
17367,202610,0,0.14845549487902004
17369,202610,0,0.05525720265349886
17371,202610,0,0.15261739357836737
17373,202610,0,0.13853248852177497
17378,202610,0,0.16622014474041766
17380,202610,0,0.14247762972908679
17381,202610,0,0.12759450694453894
17382,202610,0,0.1223924318294484
17383,202610,0,0.13292039702641217
17387,202610,0,0.12761694132498932
17389,202610,0,0.154184495885971
17391,202610,0,0.0803269598023229
17398,202610,0,0.1310114062033918
17399,202610,0,0.1402400496688316
17402,202610,0,0.12756481243210308
17405,202610,0,0.23162618601805746
17407,202610,0,0.04827264043707981
17409,202610,0,0.12647780654543142
17411,202610,0,0.1347669744251536
17412,202610,0,0.05122827896798436
17413,202610,0,0.1468743801787055
17415,202610,0,0.14617442432820885
17416,202610,1,0.23313819535885896
17420,202610,0,0.12321606804393946
17421,202610,0,0.1360198153778265
17422,202610,0,0.14260470137918424
17426,202610,1,0.12912741646623097
17428,202610,0,0.1376143591795822
17430,202610,0,0.10516382491005505
17433,202610,0,0.13053596517088445
17435,202610,0,0.1458705274265884
17438,202610,0,0.12886651346690187
17440,202610,0,0.05212270567949911
17441,202610,0,0.3337764024678262
17442,202610,0,0.1325298792480867
17444,202610,0,0.13133392643023659
17448,202610,0,0.1405269175874211
17449,202610,0,0.21329207782461654
17456,202610,1,0.1379589179537776
17462,202610,0,0.13139749403814538
17463,202610,1,0.13659702399219334
17464,202610,0,0.1281768225465281
17466,202610,0,0.06834745832679621
17468,202610,0,0.13911351615135165
17469,202610,0,0.14497544201458767
17472,202610,0,0.16423928745912672
17473,202610,0,0.1322592446937121
17475,202610,0,0.13018037220802603
17479,202610,0,0.060594343649915845
17480,202610,1,0.1531940772390597
17481,202610,0,0.13236903873535713
17482,202610,0,0.13164404410273417
17485,202610,0,0.04777627428348114
17486,202610,0,0.2333011468983967
17487,202610,0,0.12915979757307952
17488,202610,0,0.14771673655523124
17489,202610,0,0.03568454813925849
17490,202610,0,0.11490126662862249
17491,202610,0,0.06326009329474348
17492,202610,0,0.1299379567202221
17494,202610,0,0.10004563726296688
17497,202610,0,0.21682342911402405
17500,202610,0,0.1335636680009376
17506,202610,0,0.13083534352365042
17507,202610,0,0.14273692414165431
17508,202610,0,0.2266943568189889
17509,202610,0,0.13993441252995986
17510,202610,0,0.131312954240722
17512,202610,0,0.22328650484059562
17513,202610,0,0.15520528790182425
17515,202610,0,0.14969486636943144
17519,202610,0,0.14391333451042296
17520,202610,0,0.1614462261590796
17521,202610,0,0.1303140872825649
17522,202610,0,0.15017787890916603
17523,202610,0,0.13288001050627904
17524,202610,0,0.14261704176922135
17527,202610,1,0.3380393915829161
17528,202610,1,0.15240990631133766
17530,202610,0,0.24779084896351292
17532,202610,0,0.058743916404001645
17535,202610,0,0.14194566256149488
17536,202610,0,0.13145613270360879
17545,202610,0,0.1498094281202627
17548,202610,0,0.1587798558930552
17549,202610,0,0.13884049476986124
17553,202610,0,0.13960120677365623
17555,202610,0,0.1415255409472496
17557,202610,0,0.14535521003395577
17558,202610,0,0.12431488410624736
17559,202610,0,0.161060281984686
17562,202610,0,0.15335514088948865
17564,202610,0,0.032794460228636205
17565,202610,0,0.2278912938153581
17566,202610,0,0.16017831250395187
17567,202610,0,0.13795333387300962
17568,202610,0,0.04857547488960872
17569,202610,0,0.1220350344604646
17572,202610,0,0.12929126773273195
17573,202610,0,0.1910174549840391
17574,202610,0,0.13303699313012374
17575,202610,0,0.1331002355005109
17576,202610,1,0.15905202479799155
17577,202610,0,0.15094906955121778
17578,202610,0,0.12474381645971058
17580,202610,0,0.129756640356636
17581,202610,0,0.16268587427835346
17584,202610,0,0.11000759060988598
17585,202610,0,0.12416030184972801
17586,202610,0,0.17405356592034085
17590,202610,1,0.24057073476598753
17591,202610,0,0.13948541933782282
17592,202610,1,0.13393405751941576
17594,202610,0,0.14260718407044623
17596,202610,0,0.12330391745729728
17599,202610,0,0.22361183913095703
17602,202610,0,0.13365869145513581
17603,202610,0,0.1449528273680179
17605,202610,1,0.13273229987806548
17606,202610,0,0.053774443181461996
17612,202610,1,0.14230149735662773
17614,202610,0,0.15701712685442648
17621,202610,0,0.17615886812528908
17622,202610,1,0.36384770305714353
17624,202610,0,0.15777548725100796
17626,202610,0,0.22477034381425512
17628,202610,0,0.034322431397536775
17629,202610,0,0.12235772141505288
17630,202610,0,0.15517343690681787
17631,202610,0,0.13240871757345757
17632,202610,0,0.2196584053504497
17633,202610,0,0.07247561200800295
17636,202610,0,0.13895683438471162
17637,202610,1,0.23033494056305748
17641,202610,0,0.13536886293201256
17642,202610,0,0.23256800457280832
17644,202610,1,0.21550727700596595
17645,202610,0,0.15990606016440195
17646,202610,0,0.18579717344694532
17650,202610,0,0.12732108691005517
17651,202610,1,0.1364630266660454
17655,202610,0,0.13171002040459429
17658,202610,1,0.13324527010850318
17659,202610,0,0.12520655984950943
17660,202610,0,0.12946207073573682
17662,202610,0,0.1489582535656879
17664,202610,0,0.06439371415315985
17665,202610,1,0.1388994564602196
17671,202610,0,0.03455231180182849
17673,202610,0,0.14407441137424784
17676,202610,0,0.1437192775415403
17677,202610,0,0.14044027567926234
17679,202610,0,0.17934378524525543
17681,202610,1,0.13414534495896432
17685,202610,0,0.14261379352208647
17693,202610,1,0.1427670723585341
17694,202610,0,0.13377859796221706
17695,202610,1,0.15064862750312052
17700,202610,1,0.1373326318549805
17703,202610,1,0.13018844872659854
17705,202610,0,0.1582012562864028
17706,202610,0,0.12938645730970977
17708,202610,0,0.1355430839698441
17711,202610,0,0.1376224317663306
17714,202610,0,0.15089150796816322
17715,202610,0,0.06127541983433154
17718,202610,0,0.12458118735605066
17721,202610,0,0.12037675611817988
17724,202610,0,0.26212897737475643
17726,202610,0,0.1305032541307819
17727,202610,1,0.12573151838199276
17728,202610,0,0.13150529029726676
17729,202610,1,0.1313487948710009
17730,202610,0,0.1282327270286582
17732,202610,0,0.1293935679650476
17735,202610,0,0.24351625006167246
17737,202610,0,0.1176942231429184
17738,202610,0,0.12617593607608682
17739,202610,0,0.13968406566270697
17740,202610,1,0.14721785610255037
17741,202610,1,0.1414786253898151
17747,202610,0,0.155172237078645
17749,202610,0,0.15722931571714954
17752,202610,0,0.1312669100188183
17753,202610,0,0.14199493104643318
17755,202610,1,0.14768706638924609
17756,202610,0,0.13010498908250354
17757,202610,0,0.12126607266228052
17758,202610,0,0.0749106975453778
17760,202610,0,0.14192648941513708
17762,202610,0,0.13758076254440335
17763,202610,0,0.23312706032318697
17766,202610,1,0.14177945200659675
17769,202610,0,0.06621659645693513
17770,202610,1,0.22993118904321266
17771,202610,1,0.23155424924803056
17773,202610,0,0.22981235975811878
17775,202610,0,0.14357724706175473
17776,202610,0,0.05767728159424795
17779,202610,1,0.1345700198882292
17780,202610,1,0.14566038459088188
17781,202610,0,0.15551784313317676
17782,202610,0,0.13553564566989415
17783,202610,0,0.058104773523072605
17784,202610,0,0.15499302680649166
17785,202610,0,0.12670229605155475
17789,202610,1,0.127201841903964
17793,202610,1,0.14970507532722246
17795,202610,1,0.22323329607585765
17796,202610,1,0.1381706014119188
17797,202610,0,0.14209762370325388
17798,202610,0,0.1169367736621998
17799,202610,0,0.14434202671032487
17800,202610,0,0.24989110034982223
17803,202610,0,0.13232038439311194
17804,202610,0,0.04075523215963594
17805,202610,0,0.13839047025005613
17808,202610,0,0.1653172874929044
17815,202610,0,0.12829032490532893
17817,202610,0,0.1366676469815465
17820,202610,1,0.14494391152927072
17823,202610,0,0.33190853556735045
17824,202610,0,0.14757304913727168
17825,202610,0,0.13190699845804446
17827,202610,0,0.05009142041631681
17828,202610,0,0.13359641760646312
17830,202610,0,0.1293933571760038
17831,202610,0,0.13844616802755622
17834,202610,0,0.13368209260250274
17835,202610,0,0.23793322599092556
17837,202610,0,0.13036587432576052
17838,202610,0,0.14645711551071922
17839,202610,0,0.13203824050287594
17843,202610,0,0.16680448149217175
17844,202610,1,0.37418448310948554
17846,202610,0,0.34024966421114455
17847,202610,0,0.12687650191227595
17848,202610,0,0.14086108048709578
17851,202610,1,0.03486240891984561
17853,202610,0,0.05789015957937301
17856,202610,0,0.12893174442849295
17857,202610,1,0.12296215510578641
17858,202610,1,0.22797236712560576
17859,202610,0,0.14745302210949054
17863,202610,0,0.06119831254574924
17867,202610,0,0.13854737263116704
17868,202610,0,0.06201904445865309
17869,202610,0,0.12195764319001737
17870,202610,0,0.2160819244942892
17875,202610,0,0.06319985436199707
17876,202610,0,0.13300777059423044
17877,202610,0,0.13187477460615724
17879,202610,0,0.13744309681869515
17883,202610,1,0.12036907643576628
17884,202610,0,0.12872199803681686
17885,202610,0,0.06595439495677002
17886,202610,0,0.03475021293316905
17890,202610,0,0.1486689439903258
17894,202610,1,0.13522440265904026
17896,202610,0,0.12550079679238965
17897,202610,0,0.07512712865466592
17900,202610,0,0.06894068795440993
17901,202610,0,0.13802658344956686
17902,202610,0,0.13664839578971477
17903,202610,0,0.13378787269439235
17908,202610,0,0.14235852655296483
17913,202610,1,0.12497901577351424
17914,202610,0,0.13516483353073475
17915,202610,0,0.14546649402580655
17916,202610,0,0.05403672661527503
17920,202610,0,0.13182645577934804
17921,202610,0,0.16601837030572925
17924,202610,0,0.13805896742674878
17925,202610,0,0.10396932273265375
17926,202610,0,0.07743247804700015
17927,202610,0,0.12712482526857438
17928,202610,0,0.21108697707598456
17930,202610,0,0.12300211593795872
17931,202610,1,0.16445309451697684
17932,202610,0,0.11732906933767777
17933,202610,0,0.15015521448320074
17935,202610,0,0.14717146078632043
17939,202610,0,0.15036699474554946
17941,202610,0,0.2387785726641474
17942,202610,0,0.2309710434416042
17943,202610,0,0.20431574859265592
17944,202610,0,0.14454528314271348
17945,202610,1,0.12818258241069078
17946,202610,1,0.15882038039189575
17947,202610,0,0.07589887297717275
17948,202610,0,0.1221427862340038
17950,202610,0,0.14116680800606568
17953,202610,1,0.22365837200908814
17956,202610,0,0.16932271539685712
17957,202610,0,0.23502526372209057
17959,202610,0,0.13209209923955081
17963,202610,0,0.14507299047005331
17964,202610,0,0.13438818988308743
17966,202610,0,0.120013051636365
17968,202610,0,0.2318704623875566
17969,202610,0,0.13729756701047155
17970,202610,0,0.146334175078525
17973,202610,0,0.13623154469578555
17974,202610,0,0.1408722419959606
17975,202610,0,0.11909908491588946
17976,202610,0,0.14410625536578514
17980,202610,0,0.07910569200417268
17985,202610,1,0.13837038306468544
17986,202610,0,0.14865800449225097
17987,202610,0,0.05602549785307762
17990,202610,0,0.2193426320204904
17994,202610,0,0.13346759474187728
17999,202610,0,0.12686886596968003
18001,202610,1,0.23388450167306954
18002,202610,0,0.05932152743818598
18003,202610,0,0.05227297431140427
18004,202610,0,0.33808818895554404
18005,202610,0,0.20447847753304654
18007,202610,0,0.23354622256767943
18008,202610,0,0.22444424448476596
18010,202610,1,0.16671775949086495
18011,202610,0,0.1251654936489933
18013,202610,0,0.12257443680016623
18015,202610,0,0.05764560016957823
18016,202610,0,0.1183987613024084
18018,202610,0,0.11933456421130702
18019,202610,0,0.12675803288718987
18022,202610,1,0.06541528207054428
18024,202610,0,0.13749063354073957
18026,202610,0,0.14939880394997043
18029,202610,1,0.23696646766058613
18030,202610,0,0.155029478877462
18032,202610,0,0.1607728889739966
18035,202610,0,0.1477132698455171
18039,202610,0,0.14907141048333925
18042,202610,0,0.12698681074110543
18044,202610,0,0.1629713511639399
18045,202610,0,0.07868210475040367
18046,202610,0,0.13011467129234408
18051,202610,0,0.12652041202844685
18052,202610,0,0.12499145661561936
18053,202610,1,0.15079291668412048
18054,202610,0,0.05577039282813579
18055,202610,0,0.1438864983304334
18059,202610,0,0.1128467733597134
18064,202610,0,0.15408239943379115
18066,202610,0,0.1330044717149511
18067,202610,1,0.1645227605161753
18072,202610,0,0.15441142279296877
18073,202610,0,0.034007185926535226
18074,202610,1,0.14455501682622057
18077,202610,0,0.14337903635216506
18080,202610,0,0.12987636889408902
18081,202610,0,0.05272558253880441
18083,202610,0,0.13064787409237166
18084,202610,0,0.1422266896554181
18085,202610,0,0.1274493702779183
18086,202610,0,0.11499415793944505
18087,202610,0,0.1588695916039531
18089,202610,1,0.12795776825253627
18090,202610,0,0.14010329055577025
18092,202610,0,0.1251647232596213
18093,202610,0,0.06770360920497472
18094,202610,1,0.19081125987873465
18095,202610,0,0.05771448083760914
18097,202610,0,0.12845891807000287
18100,202610,0,0.13952069125894506
18101,202610,0,0.12481801040135414
18102,202610,0,0.13695261123786906
18103,202610,0,0.1541887035548712
18104,202610,0,0.13662600382016415
18105,202610,0,0.11396938297681337
18109,202610,0,0.11523709906034366
18110,202610,0,0.16164031807449983
18112,202610,1,0.052089147230433126
18113,202610,0,0.16907393675604135
18115,202610,0,0.14235821966630838
18116,202610,1,0.2147857967264293
18117,202610,0,0.06667575103837392
18119,202610,0,0.13562527944153244
18126,202610,0,0.15990492931243128
18127,202610,0,0.05133263589695948
18128,202610,0,0.04983224888296335
18129,202610,0,0.14985522209803528
18130,202610,0,0.13402084559040917
18136,202610,0,0.2293777269183338
18137,202610,0,0.3472936770599028
18138,202610,0,0.15295075875885356
18141,202610,0,0.1578359827269807
18142,202610,0,0.13583061086424028
18144,202610,0,0.05406259651586499
18145,202610,0,0.12083412996097327
18146,202610,0,0.1373689020063368
18149,202610,0,0.16392223439763678
18150,202610,1,0.16508945663885524
18151,202610,1,0.1301054251951646
18152,202610,0,0.06054523630681224
18153,202610,0,0.22023244334896647
18154,202610,0,0.1264601512067667
18155,202610,0,0.13088157618703825
18156,202610,0,0.16042973419321016
18161,202610,0,0.15023828587268828
18163,202610,0,0.06410235397719549
18165,202610,0,0.07005489952036642
18166,202610,0,0.14169411472155813
18167,202610,1,0.14904209683157726
18168,202610,0,0.14349257873490923
18172,202610,0,0.05068863705403811
18174,202610,0,0.14443766871051517
18176,202610,0,0.06594409930364109
18177,202610,0,0.06773846814563861
18179,202610,0,0.14282051229681172
18180,202610,0,0.13879500700667083
18181,202610,0,0.14854789687676082
18182,202610,0,0.06515223582180005
18183,202610,0,0.14160904067945165
18184,202610,1,0.23546018960064072
18187,202610,0,0.13149939081901102
18188,202610,0,0.23532247367835601
18189,202610,0,0.1433349181301932
18192,202610,1,0.21999434446255614
18194,202610,0,0.13097484834368536
18196,202610,0,0.14439669767884647
18197,202610,0,0.18506653583127144
18198,202610,0,0.08018255689446521
18199,202610,0,0.14774584087884518
18201,202610,0,0.14264227485601524
18203,202610,0,0.06027489112466059
18205,202610,0,0.13282398067187712
18206,202610,0,0.1352999880171349
18207,202610,0,0.14616408633624664
18210,202610,0,0.135010133566575
18212,202610,0,0.12689473603762458
18213,202610,0,0.14704317661820535
18214,202610,0,0.1314189196160991
18215,202610,0,0.13583076781147663
18216,202610,0,0.12867042042576868
18219,202610,1,0.15235172143061515
18220,202610,0,0.05907636951888504
18221,202610,0,0.2359239702205108
18222,202610,0,0.05839920489931866
18223,202610,0,0.1599213289512269
18224,202610,1,0.14170824237290253
18227,202610,0,0.1391079800813751
18228,202610,0,0.1552222742192241
18229,202610,0,0.059572625881782436
18230,202610,1,0.28970274693729686
18231,202610,1,0.34181834276579875
18232,202610,0,0.153729058272273
18234,202610,0,0.14056838889572704
18235,202610,0,0.15194120465230102
18238,202610,1,0.1444949719713681
18239,202610,0,0.12683950296257823
18241,202610,1,0.14280935778770665
18242,202610,0,0.13177384208521564
18243,202610,0,0.15342030048273267
18244,202610,0,0.058664323749915974
18245,202610,0,0.14453551858376545
18246,202610,0,0.07984111777380425
18248,202610,0,0.1357607095391863
18249,202610,0,0.1286630537252896
18250,202610,0,0.24122981320719408
18252,202610,0,0.13145882648102888
18253,202610,0,0.24759803672653352
18254,202610,0,0.12522327769818678
18256,202610,0,0.1267407405859207
18257,202610,0,0.13214323799499333
18262,202610,0,0.14943727358918207
18263,202610,0,0.052568019218689185
18264,202610,0,0.034322431397536775
18266,202610,0,0.12150320466809728
18267,202610,0,0.033862027854955415
18268,202610,0,0.17197078342899225
18269,202610,0,0.14199271366008304
18270,202610,0,0.13996849209931628
18271,202610,0,0.2194234810859619
18272,202610,0,0.12964765886837004
18273,202610,0,0.12890339949125953
18276,202610,0,0.15627488916790863
18277,202610,0,0.05202551993376249
18280,202610,0,0.12274635128001288
18282,202610,0,0.0522126233879326
18285,202610,0,0.1337523406826785
18288,202610,0,0.33417320087782326
18290,202610,0,0.12759616880162444
18291,202610,0,0.1305407863528757
18293,202610,1,0.12372571346043787
18294,202610,1,0.12467175370576009
18295,202610,0,0.05561140002756683
18296,202610,0,0.14755741527905764
18298,202610,0,0.1270970581478465
18300,202610,0,0.14610168971725693
18301,202610,0,0.1253317721596759
18302,202610,0,0.11701453952041471
18303,202610,1,0.1716405110841344
18304,202610,0,0.05729075736282606
18305,202610,0,0.1457169645270122
18306,202610,0,0.2308577784989302
18307,202610,0,0.05892097001284544
18308,202610,0,0.05690970574278401
18309,202610,0,0.12678529642883407
18311,202610,0,0.1353731274192275
18313,202610,0,0.15655857138566015
18314,202610,0,0.1539141453362008
18317,202610,0,0.13453779413689376
18318,202610,0,0.15116550998326156
18319,202610,1,0.2282390687204287
18320,202610,0,0.23116647236749707
18321,202610,0,0.13758518184774243
18323,202610,1,0.1408282647010238
18325,202610,0,0.3280754395215125
18326,202610,0,0.12256392978446173
18330,202610,0,0.15515635514860573
18331,202610,1,0.23165269240647515
18334,202610,0,0.1314920334711671
18336,202610,0,0.05104800715705089
18337,202610,0,0.12528444994636803
18338,202610,0,0.11586699135696166
18339,202610,0,0.16266688438911675
18340,202610,1,0.2104471214745836
18341,202610,0,0.23371245393781787
18347,202610,0,0.07002647579820208
18348,202610,1,0.13426121923591747
18349,202610,1,0.1376967325758446
18352,202610,1,0.12487928360363677
18354,202610,0,0.05412673984380028
18355,202610,0,0.057565821928437774
18356,202610,0,0.14489557756421292
18358,202610,0,0.12291761402148127
18359,202610,1,0.13060144488747033
18360,202610,0,0.14854057054595757
18361,202610,0,0.134064761064567
18363,202610,0,0.1373599692915724
18364,202610,0,0.22017277386633716
18366,202610,1,0.15076395690815259
18367,202610,0,0.14201389475308285
18368,202610,0,0.05873605953352341
18369,202610,1,0.21494302408141355
18371,202610,1,0.3348063467788254
18372,202610,1,0.21764612939069855
18373,202610,1,0.13246380025182444
18376,202610,1,0.05549104092300949
18380,202610,0,0.062491560628864413
18381,202610,1,0.2354187355754011
18383,202610,0,0.1312902322985208
18384,202610,0,0.13427435860401757
18385,202610,0,0.1472831529471915
18386,202610,0,0.1431106229965765
18387,202610,0,0.3374045889922842
18390,202610,0,0.13570765434180365
18391,202610,0,0.1657266173505992
18392,202610,0,0.1253244528171748
18393,202610,1,0.13317103534503433
18395,202610,0,0.3252553575296872
18396,202610,0,0.1564668683699819
18397,202610,0,0.12339234957015954
18399,202610,0,0.148010352582415
18400,202610,0,0.2308071541261889
18401,202610,1,0.1460752243770369
18403,202610,0,0.1496755021217901
18404,202610,0,0.12809798453580667
18406,202610,0,0.1283623872695854
18407,202610,0,0.2252540689341535
18411,202610,0,0.14793309354007364
18412,202610,0,0.12862774724319814
18413,202610,0,0.12894582135948895
18414,202610,1,0.13688407134950392
18415,202610,0,0.1367571554715731
18417,202610,0,0.1627554678827294
18418,202610,0,0.12099346959662088
18420,202610,0,0.051814384728116815
18422,202610,0,0.12539305942498202
18423,202610,1,0.24583726314101137
18425,202610,0,0.050991412949663646
18426,202610,0,0.33245619636658597
18427,202610,0,0.052416136298281624
18428,202610,0,0.12705550902593682
18429,202610,0,0.15015135427460402
18430,202610,0,0.13606968444135706
18431,202610,0,0.13792024662892052
18432,202610,0,0.15056737276605092
18433,202610,0,0.35488717178905455
18434,202610,1,0.13903637735834734
18435,202610,0,0.12527414928950195
18436,202610,0,0.09742583672089043
18437,202610,0,0.05402047150484583
18439,202610,0,0.12808748884685164
18440,202610,0,0.12946805910720094
18441,202610,1,0.2187888730364016
18444,202610,0,0.13578518946808737
18445,202610,1,0.3358560451419654
18446,202610,0,0.14821001793851238
18447,202610,0,0.12952505280756782
18448,202610,0,0.14161490698479073
18455,202610,0,0.07072124653516797
18456,202610,1,0.059253662462219754
18457,202610,0,0.11334489470413067
18459,202610,0,0.15566611384214432
18460,202610,0,0.12288900627757574
18462,202610,1,0.051057493579740154
18463,202610,0,0.16749964068152018
18464,202610,0,0.13305979630835124
18466,202610,0,0.1366039794897539
18467,202610,0,0.14315381366783397
18469,202610,0,0.1230812514996611
18470,202610,1,0.07252937077455059
18471,202610,0,0.05258354801037352
18475,202610,0,0.1345287513942082
18476,202610,0,0.0587231554058486
18477,202610,0,0.14207253823352353
18478,202610,0,0.2292578533301817
18483,202610,0,0.11681104193375402
18485,202610,1,0.1278210918654468
18488,202610,0,0.1485292138482297
18489,202610,0,0.0797573697045161
18490,202610,0,0.1284602740636124
18492,202610,0,0.2592791112166516
18493,202610,0,0.13516063581896115
18494,202610,0,0.1384487413214414
18498,202610,0,0.10227192101685827
18502,202610,0,0.1333380242311196
18503,202610,0,0.03486240891984561
18504,202610,0,0.15285024220613816
18506,202610,0,0.12513757941473924
18507,202610,0,0.15847416496855748
18508,202610,0,0.14801781817787177
18512,202610,0,0.13532676872893393
18514,202610,1,0.13163571970568058
18515,202610,0,0.051718144168060656
18517,202610,0,0.15636752464587486
18518,202610,0,0.13547934648528046
18519,202610,1,0.15022890762386878
18520,202610,0,0.1355520908215335
18521,202610,0,0.11480622586347648
18522,202610,0,0.1366255313647995
18523,202610,0,0.1239723979294041
18524,202610,0,0.06626948829485894
18525,202610,1,0.14233147469453852
18526,202610,0,0.237365997441822
18530,202610,0,0.12354698372310774
18531,202610,0,0.13076450031383216
18532,202610,0,0.049103169771449844
18533,202610,0,0.1287909280928583
18534,202610,0,0.14916053544691432
18537,202610,1,0.14370776021709014
18540,202610,0,0.12341019798392154
18542,202610,0,0.12293277878748284
18543,202610,0,0.12608036752812637
18544,202610,0,0.14218961398857494
18547,202610,0,0.12880463623855215
18549,202610,0,0.03463053940830075
18552,202610,0,0.16922174262771278
18553,202610,0,0.16929384598911248
18554,202610,1,0.14596066365868024
18555,202610,0,0.1412533136665116
18556,202610,1,0.05046115562918043
18558,202610,0,0.1516040090665918
18561,202610,0,0.13723994826926256
18563,202610,1,0.2701006613076022
18565,202610,0,0.051418985050879655
18568,202610,0,0.24387917283174254
18570,202610,0,0.1464780792805867
18571,202610,1,0.14643520832976836
18572,202610,0,0.12600353433216585
18575,202610,0,0.1431593952134392
18576,202610,0,0.12905185910862846
18579,202610,0,0.14412637379778345
18581,202610,0,0.1590955576990332
18583,202610,0,0.08382744284327012
18584,202610,0,0.033862027854955415
18585,202610,0,0.06093558342693894
18590,202610,0,0.05387269849460095
18593,202610,0,0.14855512319046238
18594,202610,0,0.13225160006660247
18595,202610,0,0.12495737279103769
18597,202610,1,0.1289992715813744
18598,202610,0,0.13241227685469317
18600,202610,0,0.1989040000962849
18601,202610,0,0.32413279368854736
18602,202610,0,0.12152886541960885
18603,202610,0,0.23397193243257003
18604,202610,0,0.03997830320963231
18610,202610,0,0.12761158966995634
18611,202610,0,0.1512834193283664
18612,202610,0,0.13650187348218576
18613,202610,0,0.10158214338164528
18614,202610,1,0.3656308227924727
18615,202610,0,0.13260038243673292
18617,202610,0,0.11526004775560705
18618,202610,1,0.0760698425741972
18619,202610,0,0.15779408448077983
18623,202610,0,0.06440376592919389
18627,202610,0,0.23317186996303013
18630,202610,0,0.1222888530050061
18631,202610,0,0.1674173234383832
18632,202610,0,0.06278225381585466
18633,202610,0,0.1414181634039139
18634,202610,1,0.16321815874401607
18635,202610,0,0.3619033458228708
18637,202610,0,0.3472298907237474
18638,202610,0,0.15601473436034902
18639,202610,0,0.1226508653517054
18640,202610,0,0.1247464791856577
18641,202610,0,0.052759245943865815
18645,202610,0,0.13246800005061288
18648,202610,0,0.07230786128219321
18649,202610,0,0.1296566098086887
18651,202610,0,0.13416696605745762
18653,202610,0,0.09207649785466836
18656,202610,0,0.15186581131932533
18657,202610,0,0.14857262887697717
18658,202610,0,0.13315959706067004
18659,202610,0,0.13185045850601992
18661,202610,0,0.14382016599595535
18663,202610,0,0.2359568959481551
18668,202610,0,0.1483173834748136
18669,202610,0,0.12754610417298304
18671,202610,0,0.13160406419238538
18672,202610,0,0.0654153345154473
18673,202610,0,0.1412621152001974
18678,202610,1,0.3390133281031706
18679,202610,0,0.1399134456147985
18680,202610,0,0.14671176215289577
18685,202610,1,0.1493674524619261
18686,202610,1,0.12889608439137437
18687,202610,1,0.06618023709789943
18689,202610,0,0.14180768686626302
18690,202610,0,0.15831396340364348
18691,202610,1,0.15724725224987945
18692,202610,0,0.13452056199836543
18694,202610,0,0.1371665393523395
18695,202610,0,0.16992119050066615
18697,202610,1,0.13075642752914823
18698,202610,0,0.14581494498000308
18699,202610,0,0.1408133161532344
18700,202610,1,0.2083355848143098
18704,202610,0,0.1406462193344931
18705,202610,1,0.13625164949840649
18706,202610,0,0.3337764024678262
18708,202610,0,0.13112780653820505
18709,202610,0,0.15694255050932782
18711,202610,1,0.23233198096749233
18712,202610,0,0.16321027695131804
18713,202610,0,0.1453117172550023
18714,202610,1,0.12988906736328118
18716,202610,0,0.23419495604451834
18717,202610,0,0.15081692652919956
18719,202610,0,0.3592290809760753
18721,202610,0,0.2260238934563805
18723,202610,1,0.15243230460332244
18724,202610,0,0.12476028213277324
18725,202610,0,0.05873394794663882
18728,202610,0,0.14095231098915667
18729,202610,0,0.12331141316842167
18732,202610,0,0.033753368751829826
18733,202610,0,0.13269726427647757
18734,202610,0,0.06600421092970479
18735,202610,0,0.151476206977621
18736,202610,0,0.14760864783977076
18739,202610,0,0.12885941484737087
18740,202610,0,0.15073266409601033
18742,202610,0,0.1448902032648985
18743,202610,0,0.25422078609103016
18744,202610,0,0.1443391802127058
18749,202610,0,0.04968569717670044
18750,202610,0,0.14527239512281356
18751,202610,0,0.1186050512035405
18753,202610,0,0.14626927377944254
18754,202610,0,0.1500329309431728
18755,202610,0,0.12539794152349903
18756,202610,0,0.033753368751829826
18757,202610,1,0.34009045220484857
18759,202610,0,0.14810836452118165
18760,202610,0,0.059872016424236923
18762,202610,0,0.1477515934161683
18763,202610,0,0.11023816934481222
18764,202610,1,0.2563614535434795
18765,202610,0,0.1677373803499491
18766,202610,0,0.13949546405020533
18767,202610,1,0.1340435524208641
18768,202610,1,0.14066744242766124
18769,202610,0,0.12978653470017565
18772,202610,0,0.131600537704187
18773,202610,0,0.053721713733947886
18774,202610,0,0.1396643848566878
18778,202610,0,0.131455935448668
18779,202610,1,0.22228194744203947
18780,202610,0,0.06790290332029707
18782,202610,0,0.12412511077750003
18783,202610,1,0.1386673102537303
18784,202610,0,0.1343676082525229
18785,202610,0,0.14256013590185843
18786,202610,0,0.1344813651248377
18789,202610,0,0.15988005428223157
18792,202610,1,0.12808046352352306
18797,202610,0,0.12805332605239808
18798,202610,0,0.056787787037606646
18799,202610,1,0.2295409385114354
18801,202610,0,0.07722812432357141
18802,202610,0,0.14629690176183624
18804,202610,0,0.12847326479881563
18807,202610,0,0.1414996077204711
18810,202610,0,0.2237155866212732
18811,202610,0,0.13595614019832908
18812,202610,0,0.24374619206659284
18814,202610,1,0.2199809420984045
18815,202610,0,0.1263356381548407
18816,202610,0,0.15150936833641582
18818,202610,0,0.1448352435115653
18819,202610,0,0.156811990483313
18820,202610,0,0.15045275484306783
18821,202610,0,0.22617734183509808
18822,202610,0,0.1734909258070725
18825,202610,0,0.13806322276471777
18826,202610,1,0.1354224510100351
18827,202610,0,0.22219977155431367
18828,202610,1,0.14319976967747428
18831,202610,0,0.12826428522433422
18832,202610,0,0.14101229274560745
18833,202610,1,0.12498087055666562
18834,202610,0,0.20903752407452303
18835,202610,0,0.12325887457646248
18836,202610,0,0.15273117986987284
18837,202610,0,0.12250020909694735
18840,202610,0,0.051208827253416266
18842,202610,0,0.11077909012032254
18847,202610,0,0.13022565059571653
18849,202610,0,0.13792829617075258
18851,202610,0,0.2309636101900359
18852,202610,0,0.13038725193703643
18854,202610,0,0.1409878822139496
18855,202610,0,0.12355654741333197
18857,202610,0,0.12770398632703497
18859,202610,0,0.15466313567147547
18860,202610,0,0.18190755856677363
18861,202610,0,0.13141155061374105
18862,202610,0,0.049034184146269456
18864,202610,0,0.14078793367036968
18868,202610,0,0.13359038727352657
18870,202610,0,0.1447402140051444
18871,202610,0,0.05426818393891349
18872,202610,0,0.14023446587885438
18874,202610,0,0.13776685232574074
18875,202610,0,0.13834301752851352
18880,202610,0,0.15365315643987443
18882,202610,0,0.14867564502245764
18883,202610,1,0.24047160760890948
18884,202610,0,0.13087138680067623
18885,202610,0,0.2391707633598942
18886,202610,1,0.13049386472490002
18888,202610,1,0.1665397283429727
18889,202610,0,0.16525146743504412
18892,202610,0,0.15040651340828962
18894,202610,0,0.2331591524395121
18895,202610,0,0.13026609038207976
18897,202610,0,0.1882715769098805
18898,202610,0,0.05241605506749572
18899,202610,1,0.14398802547971837
18900,202610,0,0.1592498673754837
18902,202610,0,0.13913790415051996
18907,202610,0,0.13589693061454167
18908,202610,0,0.11802032542657814
18909,202610,0,0.1695626532856742
18910,202610,0,0.33975776337309777
18912,202610,1,0.12409425631410623
18914,202610,0,0.1311028932011113
18917,202610,0,0.12398719807619049
18918,202610,0,0.1251942484611409
18919,202610,0,0.20171555812324962
18920,202610,0,0.11731641541211243
18921,202610,0,0.2397268852722728
18923,202610,1,0.33909092048408435
18924,202610,0,0.15011839114253844
18925,202610,0,0.11772517283697206
18927,202610,0,0.1353788122071007
18928,202610,0,0.06282596981747003
18929,202610,0,0.12156563746954059
18930,202610,0,0.13690890645736975
18932,202610,0,0.14552013178241163
18934,202610,1,0.11792935032202818
18935,202610,0,0.058556843224440894
18938,202610,0,0.05700999645519287
18940,202610,0,0.13897780862257592
18941,202610,0,0.1290223576995197
18942,202610,0,0.14695683790945901
18943,202610,1,0.15018256442666472
18944,202610,0,0.05133427650805493
18945,202610,1,0.06508139730805985
18946,202610,0,0.15103746945318614
18948,202610,1,0.14021438696631763
18949,202610,0,0.1263264805537459
18950,202610,1,0.1292412116033798
18952,202610,0,0.1473316244859909
18953,202610,1,0.231308150060266
18954,202610,0,0.05106140130332149
18956,202610,0,0.14000338212776742
18957,202610,0,0.06985115320706198
18959,202610,0,0.1449528273680179
18960,202610,0,0.06997375091546691
18961,202610,1,0.13858561861176213
18962,202610,0,0.13987834027285548
18963,202610,0,0.16481955407406187
18964,202610,0,0.2210457949374291
18965,202610,0,0.13719430878398273
18967,202610,0,0.11959891138220577
18969,202610,0,0.14436431440971478
18971,202610,0,0.21391989949921417
18973,202610,0,0.128782284857507
18975,202610,1,0.23957574278553584
18976,202610,1,0.12897313229906876
18977,202610,0,0.1199856364612211
18978,202610,0,0.15481362933398296
18979,202610,0,0.1328194733703724
18980,202610,1,0.3308678662371899
18981,202610,0,0.1461555672164872
18982,202610,0,0.06437208686275261
18983,202610,0,0.13382948223933627
18984,202610,0,0.1269666291229978
18985,202610,0,0.12587406932312897
18986,202610,0,0.14843194952598454
18987,202610,0,0.13046354547859504
18988,202610,0,0.1349350347087504
18991,202610,0,0.07625642874336425
18992,202610,0,0.12547631095558537
18993,202610,0,0.13158683595505188
18994,202610,0,0.2365543775376191
18995,202610,0,0.1264853366296121
18996,202610,0,0.1279184348222082
18997,202610,0,0.14925635981335988
18999,202610,0,0.12498592245477742
19002,202610,0,0.12241785425535076
19003,202610,0,0.34009045220484857
19004,202610,0,0.12154840645217342
19005,202610,0,0.12112818762075013
19007,202610,0,0.12216753897208163
19009,202610,1,0.12961738905869435
19010,202610,0,0.14334059577471878
19011,202610,1,0.12659723582432447
19012,202610,0,0.1277965666598524
19013,202610,0,0.13614519583955964
19014,202610,0,0.1264946850710956
19015,202610,0,0.2078520809864827
19016,202610,0,0.1440032643443933
19017,202610,0,0.1600000646562655
19018,202610,0,0.1394945239777015
19019,202610,0,0.14347685939504265
19021,202610,0,0.12901382962723335
19022,202610,0,0.1988599051239244
19023,202610,0,0.2525035201751815
19024,202610,0,0.23861039702031997
19027,202610,1,0.22921449355322995
19028,202610,0,0.15149141406192365
19029,202610,0,0.05381898332077498
19030,202610,0,0.06119296707599786
19031,202610,0,0.16654848669247024
19033,202610,1,0.15304798072302217
19034,202610,0,0.1314925735579209
19035,202610,0,0.050459063096286096
19036,202610,0,0.14212314274618806
19037,202610,0,0.12095989843781595
19038,202610,0,0.15708660660613236
19040,202610,0,0.03357266208875698
19041,202610,1,0.13067572744486966
19042,202610,0,0.23825621559876645
19043,202610,0,0.1253488352533916
19044,202610,0,0.12230954568834279
19046,202610,0,0.05442514465173301
19047,202610,0,0.2299843685520541
19048,202610,0,0.17614141987581122
19049,202610,0,0.14408932644542063
19051,202610,0,0.1271119688355732
19053,202610,0,0.12513573861838678
19054,202610,0,0.2386520626289574
19055,202610,0,0.14093748915825968
19056,202610,0,0.1262455096872594
19057,202610,0,0.1396116377566982
19058,202610,0,0.1301766163112097
19059,202610,0,0.12536933913195245
19060,202610,0,0.13595252656091236
19062,202610,0,0.1497978237672881
19063,202610,0,0.1523015465799337
19064,202610,0,0.15865856643320486
19066,202610,1,0.14883931038171547
19068,202610,1,0.24647926722394123
19069,202610,1,0.15697528133395466
19071,202610,0,0.23407369584438092
19072,202610,1,0.14502778864513624
19074,202610,1,0.15434300435160947
19078,202610,0,0.11668548550984043
19079,202610,0,0.13768671838528218
19080,202610,0,0.12246931645923761
19081,202610,0,0.06352219496817466
19082,202610,1,0.14203661959752503
19085,202610,0,0.1460672958417274
19086,202610,1,0.1260377863046033
19087,202610,1,0.13765405883996715
19088,202610,0,0.1581938382055934
19089,202610,0,0.13938510695940415
19090,202610,0,0.15247904845220236
19091,202610,0,0.23478573880618514
19092,202610,0,0.12722557127783343
19093,202610,1,0.14930262595411603
19094,202610,0,0.12952560589762455
19099,202610,0,0.1450931957107009
19100,202610,0,0.13928330286980964
19101,202610,0,0.05881757239003619
19103,202610,0,0.15024927220556122
19104,202610,0,0.15020340774469296
19105,202610,0,0.13279050389002534
19106,202610,0,0.12663234416554173
19107,202610,0,0.23661914220015742
19108,202610,0,0.1499459839230732
19109,202610,0,0.033862027854955415
19111,202610,0,0.1405403429983575
19112,202610,0,0.14448912120689686
19113,202610,0,0.14142895333902847
19114,202610,0,0.1339959929499921
19116,202610,0,0.14125511756430564
19117,202610,0,0.15591193685066357
19118,202610,1,0.05889100187102598
19121,202610,0,0.1344523028098467
19125,202610,0,0.22014772403226757
19126,202610,1,0.13453874537759944
19127,202610,0,0.17657966189267144
19128,202610,0,0.13116035723283756
19130,202610,1,0.1368198292546644
19132,202610,0,0.14050010435333296
19134,202610,0,0.14995257800119355
19136,202610,0,0.1406889578791716
19137,202610,0,0.12462984925321915
19142,202610,0,0.1444651616488077
19143,202610,0,0.13365585255824475
19144,202610,0,0.12486666186038978
19145,202610,1,0.13274684075075302
19146,202610,0,0.14164271894434363
19147,202610,0,0.12125671979591887
19148,202610,1,0.3177594616476507
19150,202610,1,0.1346193813781593
19152,202610,0,0.07569267253313745
19154,202610,0,0.05530765795581307
19155,202610,1,0.1380083077920955
19156,202610,1,0.1469673884221094
19157,202610,0,0.13657073290305657
19158,202610,1,0.1581709750090941
19160,202610,0,0.1473641293630086
19161,202610,0,0.05362094706185792
19162,202610,0,0.23021940845895214
19164,202610,0,0.14196721610027557
19165,202610,0,0.05604500037499509
19166,202610,1,0.1433268550502118
19167,202610,0,0.0569076217784902
19168,202610,0,0.14172221009038877
19171,202610,0,0.06619329411381766
19172,202610,0,0.03357266208875698
19173,202610,0,0.146390861858499
19174,202610,0,0.13703552646541875
19175,202610,0,0.24981392996491736
19176,202610,0,0.13228322627804434
19177,202610,0,0.16144940045344855
19178,202610,0,0.05184986015056869
19179,202610,0,0.22218102237893061
19180,202610,0,0.23606155514213334
19182,202610,0,0.1723312784779577
19184,202610,0,0.13374627959571186
19185,202610,0,0.033110408055598714
19186,202610,1,0.1302399960447625
19187,202610,0,0.06704605786030234
19189,202610,0,0.21659619350199744
19190,202610,0,0.228773337065081
19191,202610,0,0.112313938324529
19193,202610,0,0.1338996051164971
19194,202610,0,0.1507892805617518
19195,202610,0,0.13270818596280087
19197,202610,0,0.1739608232393114
19198,202610,0,0.12875398618818135
19199,202610,1,0.34045577131389804
19200,202610,0,0.16265111760840809
19202,202610,0,0.03367453546410418
19203,202610,1,0.1456179691313916
19204,202610,0,0.0820451167157832
19205,202610,0,0.1735786405574015
19206,202610,0,0.1256190181216055
19209,202610,0,0.21819104990687152
19211,202610,1,0.13201533681337974
19212,202610,0,0.05764560016957823
19213,202610,0,0.1292727601465443
19214,202610,0,0.3550167275598697
19217,202610,1,0.1408092831375173
19218,202610,1,0.21370757636223459
19219,202610,0,0.144157034105199
19220,202610,0,0.14583813078660862
19221,202610,0,0.1641899941739154
19222,202610,0,0.13817737057402957
19223,202610,0,0.15593246537970437
19225,202610,0,0.24179800387093725
19226,202610,0,0.11336916197652162
19228,202610,0,0.14012044497916068
19230,202610,0,0.34045577131389804
19234,202610,0,0.25300854567064524
19235,202610,0,0.12111333870938787
19236,202610,0,0.1307849393573909
19240,202610,0,0.18565290471093554
19241,202610,0,0.1512833949153857
19242,202610,0,0.13663535601113835
19243,202610,0,0.33239496821650827
19244,202610,0,0.1261363638983585
19246,202610,0,0.15052489315982898
19248,202610,0,0.12972895693057346
19249,202610,0,0.16025414681403283
19250,202610,0,0.14180487579653173
19251,202610,0,0.1501601495950808
19252,202610,1,0.12661910902849902
19254,202610,0,0.1509372830375286
19255,202610,0,0.12777573354611704
19257,202610,0,0.03489683175493829
19258,202610,0,0.1477699033203612
19259,202610,0,0.15364421324980151
19260,202610,0,0.24463815527291857
19261,202610,0,0.12342787527778354
19262,202610,0,0.0680889059179791
19264,202610,0,0.13180235642847482
19265,202610,0,0.16695499726268884
19266,202610,0,0.1393876346669214
19267,202610,1,0.13659860229825427
19270,202610,0,0.12438155373966205
19271,202610,0,0.12961254873152664
19274,202610,0,0.13339278738198815
19275,202610,0,0.128073791873022
19276,202610,0,0.11364765157628545
19278,202610,0,0.05705882398781561
19280,202610,0,0.12600720000675752
19281,202610,0,0.34024966421114455
19282,202610,0,0.14993571927578925
19285,202610,0,0.14015698984721162
19287,202610,0,0.16597078055043077
19288,202610,0,0.1448002876469937
19290,202610,0,0.14246146316920713
19291,202610,0,0.244714604404724
19292,202610,1,0.12851359078210917
19293,202610,0,0.14953868401854392
19294,202610,1,0.13890455075558228
19295,202610,0,0.21821167903812644
19296,202610,1,0.1347363077476043
19297,202610,0,0.06081053450890672
19298,202610,0,0.2176443157442019
19299,202610,0,0.19496697801468768
19300,202610,0,0.06449153909413904
19301,202610,0,0.13553821979820865
19302,202610,0,0.13852744577375983
19304,202610,0,0.13415272151423888
19305,202610,0,0.15374623502894577
19306,202610,0,0.11235845127070442
19308,202610,1,0.3314620665335124
19309,202610,0,0.1582638371971856
19310,202610,0,0.12245951465755607
19311,202610,0,0.23223619106545934
19313,202610,0,0.16665186134338877
19314,202610,0,0.15763428246158012
19315,202610,0,0.1358520050196901
19317,202610,0,0.1728351065501571
19320,202610,0,0.15918763798548824
19322,202610,0,0.05044007065186773
19323,202610,0,0.13110497501142926
19324,202610,0,0.16278795283794512
19325,202610,0,0.15650657077590455
19326,202610,0,0.11285667559118776
19328,202610,0,0.1476303984235595
19329,202610,1,0.1475175089915764
19330,202610,0,0.1553235056443542
19331,202610,0,0.43496527831425685
19332,202610,0,0.13179316230996332
19333,202610,1,0.13333824293284635
19334,202610,0,0.13209809364317837
19336,202610,1,0.13378136812989402
19337,202610,0,0.12773963128105634
19338,202610,0,0.14320686673925173
19340,202610,0,0.1253830082837347
19341,202610,0,0.13441044439913735
19342,202610,0,0.13579981903658486
19343,202610,0,0.15644548627625116
19347,202610,0,0.33488163221396994
19348,202610,0,0.14651432548495566
19349,202610,0,0.22610924568023244
19350,202610,1,0.13182517031574106
19351,202610,0,0.13295177627558816
19352,202610,0,0.05332984905372902
19353,202610,0,0.14513810513346323
19354,202610,0,0.13786722924248332
19356,202610,0,0.12930267264416953
19357,202610,0,0.12346395734045497
19358,202610,0,0.20453436070463454
19361,202610,0,0.1252264165163738
19362,202610,0,0.13115561852655663
19363,202610,1,0.12067172719681284
19365,202610,0,0.14668248817240542
19366,202610,0,0.11387778776916474
19367,202610,0,0.16708670521744626
19369,202610,0,0.12538585721991524
19370,202610,0,0.21078621281447713
19371,202610,1,0.14087699979752563
19372,202610,0,0.13661098928488544
19376,202610,0,0.05053729146958426
19377,202610,0,0.14886215948196926
19380,202610,1,0.12517592542081193
19381,202610,1,0.15245016502905592
19382,202610,0,0.06093930096491768
19383,202610,0,0.24312203110166614
19384,202610,0,0.15448634157351301
19385,202610,0,0.14050727540161453
19386,202610,0,0.16934593106926862
19387,202610,1,0.23425531364865068
19388,202610,0,0.131236491750461
19389,202610,1,0.2486490467166707
19390,202610,0,0.12035331605833942
19392,202610,0,0.130569329355937
19393,202610,0,0.15319599322697983
19394,202610,0,0.13007913297331541
19395,202610,0,0.21993378362880675
19396,202610,0,0.13866754978089732
19397,202610,0,0.11450264577532512
19398,202610,1,0.23658706440422697
19399,202610,0,0.15930299895042496
19400,202610,0,0.1579580381974706
19402,202610,0,0.13067968002633598
19403,202610,0,0.18586496908725908
19404,202610,0,0.1254786105776486
19405,202610,0,0.12632900453025434
19406,202610,0,0.13000114564852647
19408,202610,0,0.12415026958698391
19409,202610,1,0.11421204656751073
19411,202610,1,0.22766750287945342
19412,202610,0,0.1529813152808594
19413,202610,0,0.14038669358694436
19414,202610,0,0.14704256841583563
19419,202610,0,0.21881963174279315
19421,202610,0,0.17911644386964995
19422,202610,1,0.14224613172529701
19424,202610,0,0.1299394360127636
19425,202610,0,0.153470779099066
19426,202610,0,0.15700715840097876
19428,202610,0,0.1289950287521503
19429,202610,0,0.3487716199555944
19431,202610,0,0.1363641140900408
19432,202610,0,0.14323026894516916
19434,202610,0,0.061105845722367824
19435,202610,0,0.1282948522570171
19436,202610,0,0.12623920157451735
19438,202610,0,0.12606078950641808
19439,202610,0,0.24807538586728928
19440,202610,1,0.05695578407589071
19441,202610,0,0.06465006683633694
19442,202610,0,0.05132039435628826
19443,202610,0,0.1314898415881871
19444,202610,1,0.1407376591250309
19446,202610,1,0.16033683121524783
19447,202610,0,0.11207239639089245
19448,202610,0,0.13853453013180228
19449,202610,0,0.12836087906563512
19450,202610,0,0.15042334094625937
19452,202610,0,0.1253853366340735
19455,202610,0,0.2493822540927766
19458,202610,0,0.15093772316841914
19459,202610,0,0.19052632202004757
19460,202610,0,0.1387323153248346
19461,202610,0,0.034140850851757755
19462,202610,0,0.13074717873570874
19463,202610,0,0.13611000708894022
19468,202610,0,0.15308290283880305
19469,202610,0,0.05139939332807233
19470,202610,0,0.3688766251562769
19471,202610,0,0.21859097664287674
19472,202610,0,0.14958434799772383
19474,202610,0,0.1604660594835914
19475,202610,0,0.13506077552577642
19477,202610,0,0.1444172527659719
19478,202610,0,0.13486439809766212
19479,202610,0,0.25036233606167496
19482,202610,0,0.14784686937235603
19484,202610,0,0.25473549716465244
19487,202610,0,0.14118542174800786
19488,202610,1,0.1254308167107475
19489,202610,0,0.23248224358753772
19490,202610,1,0.11959829504513068
19492,202610,0,0.12936954237198978
19495,202610,0,0.12958860977637002
19496,202610,1,0.23089612993420233
19497,202610,1,0.21000305888028847
19502,202610,0,0.1386168771423978
19503,202610,1,0.3141841997270831
19505,202610,0,0.13057060933000136
19506,202610,0,0.12617658297877507
19507,202610,0,0.12452976865581647
19509,202610,1,0.24708379245177778
19510,202610,0,0.13724389170543325
19511,202610,0,0.3422277444686346
19512,202610,0,0.03998915641096378
19513,202610,1,0.2363369740004704
19514,202610,0,0.13424347932597902
19515,202610,0,0.13292611177068156
19520,202610,0,0.13820189900729554
19521,202610,0,0.13470789130916672
19524,202610,0,0.23523698302518245
19525,202610,1,0.14960250892868263
19526,202610,0,0.13654332289577653
19527,202610,0,0.12698399096331758
19529,202610,1,0.14204887611361483
19530,202610,1,0.1598684506337013
19531,202610,0,0.23346794859590606
19532,202610,0,0.12931784931322773
19534,202610,0,0.13078360015896007
19538,202610,0,0.1398826017979467
19539,202610,0,0.058803943605407104
19542,202610,0,0.09347624661305237
19543,202610,0,0.1285967495166778
19545,202610,0,0.14436378547012885
19546,202610,0,0.1386054286541905
19548,202610,0,0.2192792183057238
19549,202610,0,0.23455856695927818
19550,202610,0,0.16065154583095254
19552,202610,0,0.12337488562835373
19553,202610,0,0.030592518249914886
19554,202610,0,0.13029041470286207
19555,202610,0,0.12413483084751384
19556,202610,0,0.15497732984027707
19557,202610,0,0.12574772226307626
19558,202610,1,0.15672320395448205
19561,202610,0,0.14405574257386256
19562,202610,0,0.12972109275385935
19563,202610,0,0.13518980059504004
19565,202610,1,0.2666381815050435
19568,202610,0,0.12725371743504468
19570,202610,0,0.1280622948394722
19572,202610,0,0.1290588477667621
19574,202610,0,0.22604264457537476
19576,202610,0,0.21617113005150912
19578,202610,0,0.13180348583697196
19579,202610,0,0.13652799053909637
19580,202610,1,0.23454817769451705
19581,202610,1,0.13482554110992126
19582,202610,0,0.17382778172020735
19585,202610,1,0.14286786061748333
19586,202610,0,0.032761016658484354
19587,202610,0,0.10975239537606776
19589,202610,0,0.12503423441895212
19590,202610,0,0.06201904445865309
19592,202610,0,0.14054414389872652
19594,202610,0,0.06299559873874827
19595,202610,0,0.14049793666982732
19596,202610,0,0.2377571903253073
19597,202610,0,0.1612022744785624
19599,202610,0,0.12331632873193428
19600,202610,0,0.13553170419523514
19601,202610,0,0.1261661017008989
19602,202610,1,0.12016171391572891
19603,202610,0,0.12477914885983364
19604,202610,0,0.12335201967821284
19605,202610,0,0.17720875319656687
19606,202610,0,0.15814915977164373
19607,202610,0,0.12268548013099681
19608,202610,1,0.2736408999490788
19609,202610,0,0.1355704759061326
19611,202610,1,0.12935974215001547
19613,202610,0,0.1474964607116046
19616,202610,0,0.06279142689549028
19618,202610,0,0.06281923664505479
19619,202610,0,0.06487366891720185
19620,202610,0,0.1272454073866839
19622,202610,1,0.15116550998326156
19623,202610,0,0.12142473365222557
19624,202610,0,0.16076132906653828
19625,202610,0,0.13166901085522134
19626,202610,0,0.18309123615046652
19628,202610,0,0.14526571433825164
19629,202610,0,0.1472580072162529
19630,202610,0,0.0531228312319448
19631,202610,0,0.12426364964036829
19633,202610,0,0.14190692629385515
19634,202610,0,0.13300806387045136
19635,202610,0,0.2460380805648925
19636,202610,0,0.15794302896928236
19637,202610,0,0.11988792689473754
19639,202610,0,0.16927886550151255
19643,202610,0,0.14314671256707892
19644,202610,0,0.13919669936281423
19645,202610,0,0.16424504100593665
19647,202610,0,0.14837326834898837
19649,202610,0,0.1486098933726418
19650,202610,0,0.15063543590926531
19652,202610,0,0.15222789200312092
19653,202610,0,0.17373636976448067
19656,202610,0,0.12614989645801922
19657,202610,1,0.11746450599475461
19658,202610,1,0.3355387058101038
19660,202610,0,0.13569761833358782
19662,202610,0,0.12077816710418571
19663,202610,0,0.13290796032858465
19664,202610,0,0.16496156054035344
19665,202610,1,0.14886922454553156
19666,202610,0,0.14001161554800876
19667,202610,0,0.12441930408082666
19668,202610,0,0.1298228218831111
19671,202610,0,0.13157576067578447
19672,202610,0,0.1337907693981656
19674,202610,0,0.21602827350334866
19675,202610,0,0.1334975547230672
19676,202610,0,0.14064104501729052
19677,202610,0,0.13151927513220188
19678,202610,0,0.1427247637512304
19679,202610,0,0.13906402288630632
19680,202610,0,0.1414866830066397
19681,202610,0,0.14991561549104826
19682,202610,0,0.14042014003134073
19683,202610,0,0.13852942212183303
19684,202610,0,0.12540081263009328
19686,202610,0,0.13253067835643226
19687,202610,0,0.14950369301997207
19689,202610,0,0.1286715780398296
19691,202610,0,0.13815519593917902
19692,202610,0,0.13381488543945624
19694,202610,1,0.14279794106416757
19698,202610,0,0.22890837980576434
19699,202610,0,0.12935421742028314
19700,202610,0,0.1420268621643155
19702,202610,0,0.13092167694786808
19704,202610,1,0.2522962435385412
19705,202610,1,0.13835932773453993
19706,202610,0,0.15844392257125137
19707,202610,0,0.34060521943195066
19708,202610,0,0.14510032679086823
19709,202610,0,0.1366536197604877
19710,202610,0,0.1245968757901429
19711,202610,0,0.1434744488764277
19712,202610,1,0.22662573400367395
19713,202610,0,0.09445445777039252
19714,202610,0,0.13227582618277253
19715,202610,1,0.14606689798589145
19716,202610,0,0.15395933823797026
19717,202610,1,0.23105744284455484
19718,202610,0,0.117595199478684
19719,202610,0,0.14427668605507302
19720,202610,0,0.12101161756622272
19721,202610,1,0.052251269588537624
19722,202610,0,0.13827003799033377
19723,202610,1,0.1312951261943345
19724,202610,0,0.06163591945390543
19726,202610,0,0.24035982692784189
19727,202610,0,0.1374636876777307
19728,202610,0,0.05733817172571406
19729,202610,0,0.13060023000551618
19730,202610,1,0.13074388871626239
19731,202610,0,0.23127081113269343
19732,202610,1,0.2134261434278317
19733,202610,0,0.1491690385913544
19734,202610,1,0.14545498891260694
19735,202610,0,0.12195534897521275
19736,202610,0,0.1598580351876667
19739,202610,1,0.1606369019199274
19740,202610,0,0.18920996134441195
19743,202610,0,0.14362218786434847
19744,202610,0,0.13877637403656973
19746,202610,0,0.1268257209993097
19748,202610,0,0.15500403383757702
19749,202610,1,0.12249691704169902
19750,202610,0,0.13719886260169994
19751,202610,0,0.21868503478158793
19753,202610,0,0.13554273621195206
19754,202610,0,0.13086297216334083
19758,202610,0,0.12713927025026245
19759,202610,1,0.16180132576542858
19760,202610,0,0.18711267116351266
19765,202610,1,0.13408654283335583
19766,202610,0,0.05867805280356495
19768,202610,1,0.12222110534970443
19769,202610,0,0.05822857831174599
19770,202610,0,0.13643889912089288
19771,202610,0,0.2699729857022897
19772,202610,1,0.1449628252872599
19775,202610,0,0.1514435492451282
19778,202610,0,0.13198326921090767
19779,202610,0,0.05101689308779441
19780,202610,1,0.13510684625967043
19781,202610,0,0.12678529642883407
19782,202610,0,0.3365853499888056
19783,202610,0,0.1283035688026067
19784,202610,0,0.052928847687546465
19785,202610,0,0.24422000907242916
19786,202610,0,0.12401776739091015
19787,202610,1,0.222771188085803
19788,202610,0,0.2331370859588536
19790,202610,0,0.1447626977409116
19791,202610,0,0.06706786471003355
19792,202610,0,0.050367041861384
19793,202610,0,0.13005347660310873
19794,202610,0,0.13809743194095928
19795,202610,0,0.1421153679187588
19796,202610,1,0.1312870679167808
19797,202610,0,0.23704763014755137
19798,202610,0,0.13813009616954253
19800,202610,1,0.14930143311296337
19802,202610,0,0.06425927436207511
19803,202610,0,0.15391783064854178
19804,202610,0,0.1393994931871235
19805,202610,0,0.15718711076224592
19806,202610,0,0.13645433280179997
19807,202610,1,0.36166412993464453
19810,202610,0,0.16123610952827006
19811,202610,0,0.1474625877822742
19813,202610,0,0.03799275314255299
19817,202610,1,0.24395834476637393
19818,202610,0,0.08474309529900251
19819,202610,0,0.13643889912089288
19820,202610,0,0.1880533044332813
19824,202610,0,0.16017240682362943
19825,202610,1,0.2506906374526946
19828,202610,0,0.13587815421041877
19830,202610,0,0.13237417105684954
19831,202610,0,0.23028692742840418
19832,202610,0,0.033145064168983954
19833,202610,0,0.14775619895105735
19834,202610,0,0.13809926306486678
19835,202610,0,0.12085976867797311
19836,202610,0,0.12879258956559417
19838,202610,0,0.12874733873859223
19839,202610,0,0.14234032147796652
19841,202610,0,0.13588015297968206
19843,202610,0,0.1309269339696149
19844,202610,0,0.1271848230142968
19845,202610,0,0.13426347490885368
19846,202610,0,0.17267384685827258
19847,202610,0,0.2269539945246355
19848,202610,0,0.16302013682765262
19851,202610,0,0.22517366205052505
19853,202610,0,0.15229352248189948
19855,202610,0,0.13424552415597774
19857,202610,0,0.15790803705118184
19858,202610,0,0.12905784081296526
19861,202610,0,0.05521723272483227
19862,202610,1,0.13407275652646908
19866,202610,1,0.3237123818650745
19867,202610,0,0.13957086826467396
19868,202610,0,0.14532253361205022
19871,202610,0,0.1258706143246177
19872,202610,0,0.24338479327992307
19874,202610,0,0.24319325872611935
19875,202610,0,0.13688416070195342
19876,202610,0,0.15180141100908376
19878,202610,0,0.1306607836388463
19879,202610,0,0.06383059766619453
19881,202610,0,0.1535442254355592
19882,202610,0,0.1244465161633882
19883,202610,0,0.12315829448512358
19884,202610,0,0.22695415768146537
19886,202610,1,0.13329489284377383
19887,202610,0,0.3528228795267867
19889,202610,0,0.13734666298439505
19890,202610,0,0.14560664010950627
19891,202610,0,0.11583082714733156
19892,202610,1,0.2574709147343469
19893,202610,0,0.2259919732575134
19894,202610,0,0.21939561611459252
19895,202610,1,0.2375836919820408
19896,202610,0,0.12504863132346386
19897,202610,1,0.1309336739882413
19898,202610,0,0.3426274221243468
19899,202610,1,0.15778800507777233
19900,202610,0,0.24318709947701914
19901,202610,0,0.15853825804395508
19902,202610,1,0.23862659637469982
19904,202610,0,0.1510303395718538
19906,202610,0,0.33939424469303764
19910,202610,1,0.12689686056979166
19911,202610,1,0.14454484355348507
19913,202610,0,0.12683710793630018
19914,202610,0,0.03554286837427721
19916,202610,0,0.06319985436199707
19920,202610,0,0.2327728795016397
19921,202610,0,0.05032962075900665
19922,202610,0,0.13329870628825408
19923,202610,1,0.14299809839004254
19924,202610,0,0.23805815661338475
19925,202610,0,0.12471059313144074
19926,202610,0,0.1552962609812295
19930,202610,1,0.14382361174698757
19932,202610,0,0.14105029703960248
19934,202610,1,0.3391885500726973
19935,202610,0,0.052622645915313
19936,202610,0,0.14411293075574935
19937,202610,0,0.11355917523183444
19938,202610,0,0.15072684411478812
19939,202610,0,0.1375180803452313
19940,202610,0,0.13552285043311976
19941,202610,0,0.1435652541302918
19942,202610,1,0.18824089089879797
19943,202610,0,0.13449877374980954
19946,202610,0,0.14780595922360434
19947,202610,1,0.13780642135695093
19949,202610,0,0.056831996579509665
19951,202610,1,0.23378638682560868
19953,202610,0,0.13798039458292147
19955,202610,0,0.1561426678402337
19957,202610,0,0.15862291645233711
19958,202610,0,0.1343976139546029
19959,202610,0,0.15613948801241323
19960,202610,0,0.1458085012343132
19963,202610,0,0.12990902981829608
19964,202610,0,0.3359879924064038
19965,202610,0,0.1787804183893922
19966,202610,0,0.1640554175322691
19967,202610,0,0.12465254713125495
19968,202610,0,0.16261249605087677
19969,202610,0,0.04983759009549585
19970,202610,0,0.04075523215963594
19972,202610,0,0.11538558068416206
19973,202610,0,0.12224836937573767
19974,202610,0,0.06919071688231243
19975,202610,0,0.1330408475846
19977,202610,0,0.2425137458005992
19981,202610,0,0.3209563725560491
19982,202610,0,0.12367423273302089
19983,202610,0,0.05280773879267475
19984,202610,0,0.07604358592256703
19986,202610,0,0.22041212413248917
19987,202610,0,0.14310759956785177
19988,202610,0,0.13232453815072107
19989,202610,0,0.12263350275204568
19990,202610,1,0.12831613653448812
19993,202610,0,0.11212958068149664
19994,202610,0,0.13931123766457756
19995,202610,0,0.13051663297296717
19996,202610,0,0.15685144907538312
19997,202610,1,0.15394223641524743
19998,202610,1,0.22245555644075865
19999,202610,1,0.1321561446992107
20000,202610,0,0.054877246589979396
20001,202610,0,0.1440929671549303
20002,202610,1,0.060868820997017195
20003,202610,0,0.12057297612940106
20004,202610,0,0.13824150991755083
20005,202610,1,0.2162613791582992
20006,202610,0,0.12850139603755056
20007,202610,1,0.14638361484932114
20010,202610,0,0.22398154247379795
20011,202610,0,0.2552754187867979
20014,202610,1,0.12436149150071728
20015,202610,1,0.08230879711622985
20016,202610,0,0.235364549257651
20017,202610,1,0.15059934203352168
20019,202610,0,0.14833229417622468
20020,202610,0,0.14429829755735635
20022,202610,1,0.23775851036081014
20023,202610,0,0.1371518800630971
20024,202610,0,0.12855958861503936
20025,202610,0,0.2409836007411946
20026,202610,1,0.12365692930618401
20027,202610,0,0.1515923148120117
20030,202610,0,0.14173787888223618
20031,202610,0,0.05613141627407274
20032,202610,0,0.12610691690029865
20033,202610,1,0.1359691892490323
20034,202610,0,0.13243866754692193
20035,202610,0,0.12764519457753154
20036,202610,1,0.13334000044268254
20037,202610,0,0.08432621589511488
20039,202610,0,0.14355233910649695
20040,202610,0,0.15179808400322145
20041,202610,0,0.13231133788348765
20042,202610,0,0.1345269847862997
20043,202610,0,0.13896204849359461
20044,202610,1,0.14098396035325872
20045,202610,0,0.12422366429997182
20047,202610,0,0.15173557788064015
20048,202610,0,0.24799555381542313
20049,202610,0,0.1462606995861041
20051,202610,0,0.24190046188422767
20052,202610,1,0.15723626533567875
20053,202610,0,0.1440321142613184
20055,202610,0,0.1434538772058671
20057,202610,0,0.25089201501930014
20058,202610,0,0.14266072022219708
20061,202610,0,0.15082504578813996
20063,202610,0,0.15562315013469674
20064,202610,1,0.1521446083125697
20065,202610,0,0.14606902294433752
20066,202610,0,0.11334639692080974
20067,202610,0,0.12867213589725054
20068,202610,0,0.052928847687546465
20069,202610,0,0.24028907829582366
20070,202610,0,0.15931759259367462
20072,202610,0,0.13271450252545797
20073,202610,0,0.15765501278609023
20075,202610,0,0.15892822360565093
20077,202610,0,0.22728529397884142
20078,202610,0,0.12900494893576847
20079,202610,0,0.14000286171579052
20080,202610,1,0.15169533034446916
20083,202610,0,0.12508333600998195
20084,202610,0,0.08391395190119019
20085,202610,0,0.13596548017682789
20086,202610,0,0.061481613402703514
20087,202610,1,0.14553603866409723
20088,202610,0,0.12410705646045127
20089,202610,0,0.14022578211957656
20090,202610,0,0.04207786383880675
20091,202610,0,0.27632260972013506
20092,202610,1,0.15737307185303862
20094,202610,0,0.17479879514436034
20096,202610,0,0.15089288554384064
20097,202610,1,0.32529679618164103
20098,202610,0,0.12991339197632268
20099,202610,1,0.11636842988862729
20100,202610,0,0.1456870903311647
20101,202610,1,0.17200358599802487
20102,202610,0,0.16185684540005754
20103,202610,0,0.15137179689882702
20104,202610,0,0.13298269016362332
20106,202610,0,0.1271198039760525
20107,202610,0,0.2530448489309021
20108,202610,0,0.386153826230614
20110,202610,0,0.17296768119320102
20115,202610,0,0.057218186049355975
20117,202610,0,0.16736633875227486
20118,202610,0,0.3415710897284122
20119,202610,0,0.1425020355640895
20120,202610,0,0.26129518365840587
20121,202610,0,0.05800081487804303
20122,202610,1,0.33459599719890704
20124,202610,0,0.16159823758562622
20126,202610,0,0.12158338817457372
20127,202610,0,0.13999032444688203
20129,202610,0,0.12301288723969223
20130,202610,1,0.13201767267509995
20133,202610,0,0.13498060438360343
20135,202610,1,0.23590018666585935
20138,202610,0,0.12653605046825206
20141,202610,0,0.14037926255798439
20145,202610,0,0.1615220488311443
20146,202610,0,0.08004440489042676
20148,202610,0,0.14540598416694622
20150,202610,0,0.15118963729103765
20151,202610,0,0.1447883493065383
20152,202610,0,0.13608943974085574
20155,202610,1,0.2525505106908125
20156,202610,0,0.12144466854289138
20158,202610,0,0.14678028432545207
20160,202610,0,0.13468919066104865
20161,202610,0,0.06050100772329927
20162,202610,0,0.13221947093552147
20163,202610,1,0.051889155059275195
20164,202610,0,0.14936468576096282
20165,202610,0,0.24963796540854885
20166,202610,1,0.25990261365769
20167,202610,0,0.12817995900366905
20169,202610,0,0.14394417879733182
20170,202610,0,0.1448557510904028
20171,202610,0,0.14396311938058662
20172,202610,0,0.05680993061366765
20174,202610,0,0.12553460066628205
20175,202610,0,0.14270758376750348
20176,202610,1,0.12595967678445646
20177,202610,0,0.12276386625332465
20178,202610,0,0.14040630367381307
20181,202610,0,0.13335042708620748
20182,202610,1,0.1251778411590265
20183,202610,1,0.23056992592788078
20184,202610,0,0.051849734888406045
20185,202610,1,0.13715822963440888
20186,202610,0,0.17910890793776538
20187,202610,0,0.24827910931388364
20189,202610,0,0.1263145930002694
20190,202610,0,0.16070166302347566
20191,202610,0,0.12564849441778655
20192,202610,0,0.12855679461871025
20193,202610,0,0.1377564670028859
20194,202610,1,0.1295529140352367
20196,202610,1,0.386153826230614
20197,202610,0,0.23045731846182413
20198,202610,0,0.13155728127536506
20199,202610,0,0.1284438883055126
20201,202610,0,0.13995314915840198
20202,202610,0,0.1733817797947225
20203,202610,0,0.1280547780559808
20204,202610,0,0.14315968355017702
20205,202610,0,0.1327437484224846
20206,202610,1,0.22471404233083284
20207,202610,1,0.2267098279176605
20208,202610,0,0.05967915137589626
20209,202610,1,0.1459586108307517
20210,202610,0,0.1495681693815077
20211,202610,0,0.15075013844439758
20212,202610,0,0.14021724154492166
20213,202610,0,0.143397561085179
20214,202610,0,0.1411956316576259
20217,202610,0,0.12581978759424103
20218,202610,0,0.14210171830330817
20220,202610,0,0.13053377530690602
20221,202610,0,0.1298604380035622
20224,202610,0,0.3308678662371899
20225,202610,0,0.13637636386907143
20226,202610,0,0.14927133230648076
20228,202610,1,0.14146055954458572
20229,202610,0,0.1347832466566752
20230,202610,1,0.22079019856422968
20233,202610,1,0.12886217011319537
20234,202610,0,0.20125951188833402
20237,202610,1,0.2124849279420568
20238,202610,0,0.12682573640241043
20239,202610,0,0.2093643833054782
20241,202610,0,0.06302946416344132
20242,202610,0,0.1338562398153298
20243,202610,0,0.1597925780173982
20245,202610,0,0.14726748449529306
20246,202610,1,0.13200249405166609
20248,202610,0,0.16640594456657093
20249,202610,1,0.12711957366120172
20250,202610,0,0.17684733185165244
20251,202610,0,0.21980286729007106
20252,202610,0,0.12869704695172654
20253,202610,0,0.06273266790222345
20254,202610,0,0.16177968345074728
20255,202610,0,0.053358801138473536
20256,202610,0,0.13059671298713
20257,202610,0,0.21483070184237998
20259,202610,0,0.061549587063190234
20260,202610,0,0.05924222457384168
20261,202610,0,0.13582734816418993
20262,202610,0,0.12987903807032083
20263,202610,0,0.1280500847729043
20264,202610,0,0.15527241592368285
20265,202610,0,0.033862027854955415
20266,202610,0,0.23558663686355563
20269,202610,0,0.05570463021623512
20270,202610,0,0.15215633552350225
20274,202610,0,0.1240217438393034
20275,202610,1,0.3573019136297795
20276,202610,0,0.22965667361096037
20277,202610,0,0.2535205532121269
20278,202610,0,0.12687966718061922
20279,202610,1,0.13305400169012224
20280,202610,1,0.2629431629360641
20281,202610,1,0.137212209502013
20282,202610,0,0.1329176068872083
20283,202610,0,0.110352491350426
20285,202610,0,0.154457207941846
20286,202610,0,0.1490829337941793
20287,202610,0,0.0519858756165307
20288,202610,0,0.24205508045120458
20290,202610,1,0.16421918130660804
20291,202610,0,0.23221451534412343
20292,202610,0,0.0668574164017174
20293,202610,0,0.1305893789199847
20294,202610,0,0.1480095548244114
20295,202610,0,0.3198664668664127
20296,202610,0,0.14406912382232884
20297,202610,1,0.3358560451419654
20298,202610,1,0.13591138491673124
20300,202610,0,0.13836693279715095
20302,202610,0,0.14478147446915
20303,202610,0,0.14236981487628483
20305,202610,0,0.14954380425975083
20306,202610,0,0.14529044133406147
20309,202610,0,0.13942874553743448
20311,202610,1,0.12752305936084063
20313,202610,0,0.12448282403533403
20314,202610,0,0.24406201887534315
20315,202610,0,0.12873943004602095
20316,202610,0,0.12636557251915873
20317,202610,0,0.12702874527205835
20318,202610,0,0.16055451418001357
20319,202610,0,0.12771593223761954
20320,202610,0,0.14344308465989844
20322,202610,0,0.12760796159219057
20323,202610,0,0.13525478002617716
20324,202610,0,0.0629069469305643
20325,202610,0,0.06537891570270908
20326,202610,0,0.05083002666153606
20327,202610,0,0.12397169302276559
20328,202610,1,0.13848537128507954
20330,202610,0,0.1318711725955336
20331,202610,0,0.12420405029062603
20332,202610,1,0.2443990001891002
20333,202610,1,0.1310855545799837
20335,202610,1,0.22983029452137538
20338,202610,0,0.3447573019692766
20342,202610,0,0.13937205403241276
20343,202610,0,0.1257639436919709
20345,202610,0,0.18936481979171238
20346,202610,0,0.15038611745744818
20347,202610,0,0.06120676860971577
20348,202610,0,0.13924126333390532
20349,202610,0,0.12461296011677629
20352,202610,0,0.11383014189786288
20354,202610,0,0.0648629963181742
20355,202610,0,0.1502884392652461
20356,202610,0,0.28345849020468195
20357,202610,0,0.14985811240550068
20359,202610,0,0.12762383059431437
20360,202610,0,0.07018939407237788
20361,202610,0,0.13954798975491103
20363,202610,0,0.05769135069651234
20364,202610,1,0.056460064910955704
20365,202610,0,0.1644416806003267
20366,202610,1,0.14881012817168215
20367,202610,0,0.3286130200342833
20368,202610,1,0.13872615772703517
20369,202610,0,0.3321030321220281
20370,202610,0,0.06047792711531785
20372,202610,0,0.1184478472463491
20373,202610,0,0.13951729307324245
20374,202610,1,0.17118832682629423
20375,202610,0,0.3348063467788254
20376,202610,0,0.1300594033197657
20377,202610,0,0.13391132472068332
20379,202610,0,0.0657236836924541
20380,202610,0,0.13383663805376247
20382,202610,0,0.05730667861675268
20383,202610,0,0.13711272837628294
20384,202610,0,0.16599770953281495
20385,202610,0,0.12139177706102858
20386,202610,0,0.13482478337239
20387,202610,0,0.17511170433325518
20389,202610,0,0.1305166089059191
20390,202610,1,0.06791829472337074
20391,202610,0,0.15405878127371692
20392,202610,0,0.06561677231510545
20395,202610,0,0.13939391413300237
20396,202610,0,0.21873839715611088
20397,202610,0,0.23699405226125395
20398,202610,0,0.2839196402598837
20401,202610,0,0.14408020091417273
20402,202610,1,0.13629247763751093
20403,202610,0,0.1420391486316126
20404,202610,0,0.13778725973105413
20406,202610,0,0.24217760203312555
20407,202610,0,0.1426436824462325
20409,202610,0,0.12952797082086961
20411,202610,0,0.13746347149434465
20412,202610,0,0.1262594932923867
20414,202610,1,0.13567562513090473
20415,202610,0,0.11938910324279868
20418,202610,0,0.14742485125030383
20419,202610,0,0.1381743552007037
20420,202610,0,0.04935149997234598
20423,202610,0,0.1304067573973328
20425,202610,0,0.14310165734667696
20428,202610,0,0.2439824350997316
20429,202610,0,0.13366405656182656
20430,202610,0,0.1583661663597033
20431,202610,1,0.11547783822791234
20432,202610,0,0.13001773734082542
20433,202610,0,0.33057431621020783
20434,202610,0,0.2399800892182361
20436,202610,0,0.1443400310839853
20437,202610,0,0.12775383547350966
20438,202610,0,0.16404023618927008
20439,202610,0,0.13305271558009296
20440,202610,0,0.12997354886681356
20441,202610,1,0.12933689779045698
20442,202610,0,0.1232936244125079
20444,202610,0,0.2443838225916267
20446,202610,0,0.14031512726851583
20449,202610,0,0.18003650042314723
20450,202610,0,0.3342028873381443
20451,202610,1,0.3420900235842944
20452,202610,0,0.13538385574876388
20453,202610,1,0.23729744228525163
20454,202610,0,0.1311199806572691
20455,202610,0,0.1456718732324795
20456,202610,0,0.12477927636136092
20458,202610,0,0.14780875575186614
20460,202610,1,0.15156025278930643
20461,202610,0,0.14683049928922065
20462,202610,0,0.14606251121487016
20464,202610,0,0.15790263496914106
20465,202610,0,0.12820553849476343
20466,202610,0,0.12824981890824988
20467,202610,0,0.14742114984899407
20468,202610,0,0.05143549508581209
20472,202610,0,0.16616655228998592
20473,202610,0,0.061436276329074696
20475,202610,0,0.12529902948569413
20477,202610,0,0.14596972553675996
20482,202610,0,0.1266096434472409
20483,202610,0,0.23496362115008096
20485,202610,0,0.14853968571858855
20486,202610,0,0.21843254623749436
20487,202610,0,0.15867523255865035
20489,202610,0,0.22637434452562033
20490,202610,0,0.12719547360683242
20491,202610,0,0.13812415364433683
20494,202610,0,0.06957259841231189
20495,202610,0,0.12651432170643312
20496,202610,0,0.12449438834163357
20497,202610,0,0.15245893167787267
20498,202610,0,0.21613204315528173
20499,202610,0,0.12878794893956202
20501,202610,1,0.24782607963083375
20502,202610,0,0.13977307975656855
20507,202610,0,0.11794999434496613
20508,202610,0,0.12896520877022682
20509,202610,0,0.07063759095023016
20510,202610,0,0.13003340366038085
20511,202610,0,0.1290771756772283
20512,202610,0,0.05613891864990398
20513,202610,0,0.14713709061824362
20515,202610,0,0.3216727421307459
20517,202610,0,0.15830750701194496
20518,202610,0,0.24838503435826162
20521,202610,0,0.1425220293555057
20522,202610,0,0.15198051475895435
20523,202610,1,0.13595655399792578
20525,202610,0,0.17819462368010996
20526,202610,0,0.134095706261657
20527,202610,1,0.2557256011052394
20530,202610,0,0.12547453493780286
20531,202610,0,0.2282587333088167
20534,202610,0,0.15248907901084874
20535,202610,1,0.22212481478488647
20536,202610,0,0.13490328399057536
20540,202610,0,0.1285668126695602
20541,202610,0,0.1424331531524158
20543,202610,1,0.1303909231414923
20544,202610,0,0.14392760985620945
20546,202610,0,0.1562868905219136
20547,202610,1,0.25452340352260694
20548,202610,0,0.05180597061699721
20549,202610,0,0.14790246286814626
20550,202610,0,0.06698710403688607
20551,202610,0,0.1212605236407265
20552,202610,0,0.16023977182348803
20553,202610,0,0.13001407614368668
20555,202610,0,0.25633354291147525
20558,202610,1,0.1342772635637632
20559,202610,0,0.15148442046599922
20560,202610,0,0.1426679017074408
20561,202610,0,0.2272595136566045
20562,202610,0,0.13836856914352944
20563,202610,0,0.13168581871543283
20565,202610,0,0.14334276310549657
20566,202610,1,0.17658685005041266
20567,202610,0,0.13499148118783053
20568,202610,0,0.20848148623472743
20569,202610,0,0.14180768686626302
20572,202610,0,0.1381084372279543
20577,202610,1,0.13763333754223023
20578,202610,1,0.2196113983876242
20580,202610,0,0.1807118611033131
20581,202610,0,0.1540182868782835
20582,202610,0,0.1304241737723167
20584,202610,0,0.2519017089887641
20585,202610,0,0.13673224987466173
20587,202610,0,0.11840485073739859
20588,202610,0,0.04506789438372499
20589,202610,0,0.12674207409081334
20590,202610,1,0.2331258288980373
20591,202610,0,0.13350223864357721
20595,202610,1,0.21717726595788786
20596,202610,0,0.14327599638779706
20597,202610,0,0.053278365288593026
20600,202610,0,0.13016893165029936
20601,202610,0,0.11631812210703743
20602,202610,0,0.2371881467847901
20603,202610,1,0.06138142005607698
20604,202610,1,0.14271831830136641
20605,202610,1,0.1252153796750708
20606,202610,0,0.054677540203543665
20609,202610,0,0.14607137098814543
20610,202610,0,0.14181421386593765
20611,202610,0,0.14219528801426504
20613,202610,0,0.12593430619866344
20616,202610,0,0.22000827485190888
20617,202610,0,0.03358572736745356
20618,202610,1,0.12675563796406197
20619,202610,0,0.03433518462936188
20622,202610,0,0.1449046863615256
20627,202610,0,0.121530436698822
20630,202610,0,0.14348443722718449
20631,202610,0,0.05681369073418333
20632,202610,1,0.16372995314402747
20635,202610,0,0.15768493444109583
20637,202610,0,0.1260878682125702
20639,202610,1,0.14150259105035196
20641,202610,0,0.23463107935978159
20643,202610,0,0.2231552176434861
20644,202610,0,0.23446855671749262
20645,202610,0,0.13699731628553768
20647,202610,0,0.11999731637391334
20648,202610,1,0.16185388816497284
20650,202610,0,0.14362133260379353
20651,202610,0,0.12843684083074716
20653,202610,0,0.1513218704173699
20654,202610,0,0.1931124121441134
20655,202610,0,0.05058655817379053
20656,202610,0,0.14822795027604557
20657,202610,0,0.12737970636467477
20659,202610,0,0.035839462404153505
20660,202610,0,0.1481818765038081
20661,202610,0,0.05485837824243978
20662,202610,0,0.06411891788712606
20663,202610,0,0.12586831647920727
20664,202610,0,0.13625358152640182
20666,202610,0,0.14035856494445517
20667,202610,0,0.12056105831284167
20668,202610,0,0.13389776196154138
20669,202610,0,0.23217043673290752
20670,202610,0,0.06804430978889048
20671,202610,0,0.05461733638757669
20673,202610,0,0.079038374067365
20675,202610,0,0.15553000263265926
20676,202610,0,0.14666137911453042
20677,202610,0,0.13113679681780677
20679,202610,0,0.1278114247201049
20680,202610,1,0.24090495370537213
20681,202610,0,0.13011983539800295
20683,202610,1,0.12790001314152127
20684,202610,0,0.13127232217708465
20685,202610,1,0.1493185342965892
20686,202610,0,0.137214811614744
20687,202610,0,0.13206935160845054
20689,202610,0,0.12876525249519102
20690,202610,0,0.13730859945583374
20691,202610,0,0.14461077506631476
20692,202610,0,0.1421128180623639
20694,202610,0,0.12389108228296329
20695,202610,0,0.1478924947444399
20696,202610,0,0.0519520758718737
20698,202610,0,0.14152030612878108
20699,202610,1,0.12991463185144284
20700,202610,0,0.2131521852935203
20701,202610,0,0.14268566155898307
20703,202610,0,0.1343246147510791
20704,202610,0,0.3799368552957599
20705,202610,0,0.1305905467271266
20706,202610,0,0.11734275087325098
20707,202610,0,0.14180768686626302
20708,202610,1,0.343031398409533
20709,202610,1,0.12151846465076639
20710,202610,0,0.23156043746302377
20711,202610,0,0.13407021949762443
20712,202610,0,0.07877980295021232
20713,202610,0,0.15442417025092575
20714,202610,0,0.1612248309524667
20715,202610,0,0.12261993760526989
20716,202610,0,0.14975045782919738
20718,202610,1,0.20469219253222645
20720,202610,1,0.118202164659105
20722,202610,0,0.13007626857399707
20724,202610,0,0.1579499897748437
20726,202610,0,0.23234044501568038
20727,202610,0,0.1565870240581837
20728,202610,0,0.1566537968935099
20729,202610,0,0.24376415503543378
20730,202610,0,0.1410964941473038
20731,202610,0,0.3363874497016348
20732,202610,0,0.2316891287572574
20733,202610,1,0.13518980059504004
20734,202610,0,0.14928275951817835
20735,202610,0,0.05561140002756683
20736,202610,0,0.1384499355165597
20737,202610,0,0.1394616513797123
20738,202610,0,0.15748971453037844
20739,202610,0,0.13263020288794278
20741,202610,0,0.16168335585161034
20742,202610,0,0.24549884062307947
20743,202610,0,0.03398179093612042
20744,202610,0,0.12187165668477168
20745,202610,0,0.12783996121466343
20746,202610,0,0.14459887659723958
20747,202610,0,0.225788177198012
20750,202610,0,0.13373296510970523
20751,202610,0,0.13387803386006814
20752,202610,1,0.1448009162969499
20753,202610,1,0.13925442912124247
20754,202610,0,0.14288403624716828
20756,202610,0,0.22981672434299436
20758,202610,0,0.12013442551336619
20759,202610,0,0.1590893210078394
20760,202610,0,0.15506043046479598
20761,202610,0,0.23469217380089813
20762,202610,0,0.11719074722447277
20763,202610,0,0.07605934696479927
20764,202610,0,0.14243299460615325
20767,202610,0,0.26958636452428875
20769,202610,0,0.09411198321477364
20770,202610,0,0.1324787618960088
20771,202610,0,0.13551760140154748
20773,202610,0,0.13887946396762738
20774,202610,1,0.27068538462913455
20775,202610,0,0.329680109026944
20776,202610,0,0.11267788651679261
20777,202610,0,0.23306403696680575
20778,202610,0,0.06027700590056441
20779,202610,0,0.12839455713436781
20780,202610,1,0.23208983413043102
20781,202610,1,0.2229963409008988
20782,202610,0,0.12747429354363618
20783,202610,0,0.12464617108347609
20784,202610,0,0.12303820999923328
20785,202610,1,0.12561379811946222
20786,202610,0,0.09901888938646246
20787,202610,0,0.15097577153597203
20788,202610,0,0.1469209842248759
20789,202610,0,0.03972527757827422
20790,202610,0,0.05900274269852482
20791,202610,0,0.18718672192245978
20792,202610,1,0.21534423506187972
20793,202610,1,0.1274377882390384
20797,202610,0,0.13297126791440608
20800,202610,0,0.256197551379163
20801,202610,0,0.13042397848714632
20802,202610,0,0.1502534199134602
20804,202610,0,0.1348267812736827
20805,202610,1,0.16172721767661238
20806,202610,0,0.12829015903257399
20807,202610,0,0.1589787090684054
20809,202610,0,0.05961261303526207
20810,202610,0,0.3268947618019046
20812,202610,0,0.3531322268460199
20813,202610,0,0.14019435172520936
20814,202610,0,0.13080357457129604
20815,202610,0,0.15004312564569156
20817,202610,1,0.16155124513890262
20818,202610,0,0.03376397438029333
20819,202610,0,0.14277418432066366
20820,202610,0,0.1377522231471397
20821,202610,0,0.14050303945361794
20823,202610,0,0.1324838303191402
20824,202610,1,0.1689736758234033
20825,202610,0,0.15159298488598053
20826,202610,0,0.158333795446585
20827,202610,0,0.24187181972650248
20828,202610,0,0.14439606750894945
20829,202610,0,0.1199471321268452
20830,202610,0,0.1567059350271554
20831,202610,0,0.1497987869110613
20832,202610,0,0.22463372717345875
20833,202610,0,0.1332072132674933
20835,202610,0,0.06760479535257018
20836,202610,0,0.12608555287163156
20837,202610,0,0.15421786856600622
20838,202610,0,0.1303878082348276
20840,202610,0,0.14210171830330817
20841,202610,0,0.13100546693879742
20842,202610,0,0.14865506326359382
20843,202610,0,0.14575097309235682
20844,202610,0,0.1220580789223812
20845,202610,0,0.14077718554453592
20848,202610,0,0.27889107129256957
20849,202610,0,0.2152489930005116
20850,202610,0,0.12652494645017395
20851,202610,0,0.12404781076685503
20852,202610,0,0.1446941240350016
20853,202610,0,0.14424600666870172
20854,202610,0,0.1292916511572225
20855,202610,0,0.14155537409283836
20857,202610,0,0.057952220716750706
20859,202610,0,0.163689236458387
20860,202610,1,0.2460428338203909
20861,202610,0,0.12068567827276634
20862,202610,1,0.21664209850928354
20863,202610,0,0.18460214936025385
20864,202610,0,0.2664511015077183
20865,202610,0,0.12444476187715084
20866,202610,0,0.06295635153515514
20867,202610,0,0.23047387961438875
20868,202610,0,0.2456456744812316
20869,202610,0,0.17050496119584582
20872,202610,0,0.14176606204656497
20873,202610,1,0.14537768498370401
20874,202610,0,0.050825463293225015
20875,202610,0,0.13900065711748305
20876,202610,0,0.12916819640100397
20877,202610,1,0.37037493341234756
20878,202610,0,0.15045240903702703
20879,202610,0,0.15008937552799834
20880,202610,0,0.05021465074573922
20881,202610,0,0.14671017913111242
20882,202610,0,0.2329432808825984
20883,202610,0,0.230315027347617
20884,202610,1,0.14285353387222657
20885,202610,0,0.03301146723056756
20886,202610,0,0.12904895052229193
20887,202610,0,0.05821279784712888
20888,202610,0,0.15614941090136913
20889,202610,0,0.1272678585500869
20891,202610,0,0.13863974710335397
20892,202610,0,0.15144983905915466
20893,202610,0,0.1412971938890956
20894,202610,0,0.392797494130117
20895,202610,0,0.3308073854457367
20896,202610,0,0.13477843768773323
20897,202610,0,0.034322431397536775
20898,202610,1,0.1273038434826315
20899,202610,0,0.14880321298300347
20900,202610,0,0.2458422791461412
20901,202610,0,0.14445612258367524
20902,202610,0,0.1344565737876057
20903,202610,0,0.12483394032477468
20904,202610,1,0.1361009128444481
20905,202610,0,0.1472043361591288
20906,202610,0,0.2210281390120607
20907,202610,0,0.1345495235595443
20909,202610,1,0.1305646918037955
20910,202610,0,0.16160243554260534
20911,202610,0,0.13182641642227255
20912,202610,0,0.15023828587268828
20913,202610,0,0.14581037083039677
20915,202610,0,0.13068479124012833
20916,202610,0,0.15940918309206212
20917,202610,0,0.32442567037250797
20918,202610,1,0.1657282773848269
20919,202610,1,0.12953114118941958
20920,202610,1,0.14362026126448588
20921,202610,0,0.13278966692464658
20923,202610,1,0.37765655475323845
20924,202610,0,0.1175586412762982
20925,202610,0,0.13001997779320396
20926,202610,0,0.1454662119668221
20927,202610,1,0.13933013538540087
20928,202610,0,0.18941218262386184
20929,202610,1,0.3720606620339919
20930,202610,0,0.15667710245501765
20931,202610,0,0.13644617315293497
20932,202610,0,0.14107730193717943
20933,202610,0,0.12853254442691403
20935,202610,0,0.14762935304226027
20937,202610,0,0.11043539368595669
20938,202610,0,0.230683846599365
20939,202610,1,0.13746492785413533
20940,202610,0,0.15769385419876789
20941,202610,0,0.052854008089254445
20942,202610,1,0.12987671257556038
20943,202610,0,0.12267927560009757
20944,202610,0,0.059697453817350477
20945,202610,0,0.1456472250064536
20946,202610,0,0.06654227704266932
20947,202610,0,0.131942055942424
20948,202610,1,0.15714541945109567
20949,202610,0,0.1465767149169472
20950,202610,0,0.1735660890182948
20952,202610,0,0.13365869145513581
20953,202610,1,0.14005967249702495
20954,202610,0,0.1344288204913107
20955,202610,0,0.12767658889820588
20957,202610,0,0.14132894085001316
20958,202610,0,0.14716048406755633
20959,202610,0,0.24029931435235447
20960,202610,0,0.14268941646527336
20964,202610,1,0.23309036189535023
20965,202610,0,0.24320276844650923
20969,202610,0,0.14347253624058667
20970,202610,1,0.13019978493554313
20971,202610,1,0.3586272895773351
20973,202610,0,0.22955898656862747
20974,202610,1,0.13335277897399114
20975,202610,0,0.12697914039850647
20976,202610,0,0.15848951541934342
20977,202610,0,0.1250925094510925
20979,202610,1,0.16496656300468485
20980,202610,1,0.14040313745494443
20981,202610,0,0.1427438781558564
20982,202610,0,0.2470023001263865
20984,202610,0,0.14614611162741092
20985,202610,0,0.15208983773591897
20987,202610,0,0.16906161671620476
20988,202610,0,0.164987189270914
20989,202610,0,0.40904429795115016
20990,202610,1,0.2396671723631868
20991,202610,0,0.25072188192462663
20992,202610,1,0.3753325403924123
20994,202610,0,0.040745554946979776
20996,202610,0,0.144221954057862
20997,202610,0,0.13671481364599117
20998,202610,0,0.1311620888571444
20999,202610,0,0.160870506451046
21000,202610,0,0.3711881527648887
21002,202610,1,0.17105818903241612
21003,202610,0,0.133790410953037
21004,202610,0,0.15146274251183856
21005,202610,0,0.1491045403197576
21006,202610,0,0.11621540706137255
21007,202610,1,0.06006341489584171
21008,202610,0,0.1249284773458432
21009,202610,0,0.07030793178481098
21010,202610,0,0.13726231917294673
21011,202610,1,0.34775058006382487
21012,202610,0,0.12285271578494564
21013,202610,0,0.23401132014015844
21014,202610,0,0.1543642420177621
21016,202610,0,0.14154615214195165
21017,202610,0,0.13879496465593258
21018,202610,0,0.3252722972783523
21020,202610,1,0.1625348052194714
21021,202610,0,0.05012275516513452
21023,202610,0,0.12701512480078586
21024,202610,0,0.12799263580908998
21025,202610,0,0.1232317501982335
21026,202610,1,0.14242406741197458
21027,202610,0,0.15151544053034838
21029,202610,0,0.07438375666254934
21030,202610,0,0.06528489840237381
21031,202610,0,0.05174893162753331
21032,202610,0,0.15326772504327793
21033,202610,0,0.16327968020522077
21034,202610,0,0.22516111308582984
21035,202610,0,0.061009649005789666
21036,202610,0,0.24743894366076513
21037,202610,1,0.2554111346189576
21038,202610,0,0.13158531966596496
21039,202610,0,0.11290466747903734
21040,202610,1,0.14276326348238697
21042,202610,0,0.14917949718358062
21043,202610,1,0.13157573058352515
21044,202610,0,0.05484089339211216
21046,202610,0,0.13965624765773382
21047,202610,0,0.1285181323905094
21048,202610,1,0.13897780862257592
21049,202610,1,0.16592047083009606
21050,202610,0,0.04947871927437859
21051,202610,0,0.2278037849510075
21052,202610,0,0.1519675504537289
21054,202610,0,0.05142001658978774
21056,202610,0,0.15674456066836875
21057,202610,0,0.14188441201774654
21058,202610,0,0.1488207832932331
21059,202610,0,0.12966745919052025
21060,202610,0,0.06290701101567672
21061,202610,1,0.2530986661077102
21062,202610,0,0.19714268400821192
21063,202610,0,0.03357266208875698
21065,202610,0,0.13290053272004487
21066,202610,0,0.054123620775512374
21068,202610,0,0.13378116204899276
21070,202610,0,0.13900225146264147
21071,202610,1,0.12945899488381696
21073,202610,0,0.12682189463545754
21074,202610,0,0.15089290776999115
21075,202610,0,0.12529694282728526
21076,202610,0,0.12858485593336189
21077,202610,0,0.14796439032634986
21078,202610,0,0.1250982931042623
21080,202610,0,0.14873567541689364
21081,202610,1,0.23860731579231212
21083,202610,0,0.1345435796437348
21084,202610,0,0.03389656899196255
21085,202610,1,0.2560412619549195
21087,202610,1,0.1486327286505575
21088,202610,0,0.14991758209894293
21090,202610,0,0.2195343614159556
21091,202610,1,0.145821751716557
21093,202610,0,0.1148948527568153
21094,202610,0,0.1350548015761784
21095,202610,0,0.25564841048398035
21096,202610,0,0.13365358330127594
21097,202610,0,0.20588465979539577
21098,202610,0,0.051787537625253524
21099,202610,0,0.14993980388563527
21100,202610,1,0.05620496458097357
21101,202610,1,0.05797917320902354
21102,202610,0,0.14319995005908182
21103,202610,0,0.1488582768473678
21104,202610,0,0.136561119823188
21105,202610,0,0.13654064513661376
21106,202610,0,0.20986748974085495
21107,202610,0,0.1659661027603844
21108,202610,0,0.14482992914447868
21109,202610,0,0.06240700301188423
21110,202610,1,0.04959362086649438
21112,202610,0,0.33995645564040555
21113,202610,0,0.1568357424901622
21114,202610,0,0.0532690848582176
21115,202610,0,0.14216888797782465
21116,202610,0,0.12530389004803638
21117,202610,0,0.12138664760127141
21118,202610,1,0.24234389082140234
21119,202610,0,0.12526214674786565
21120,202610,0,0.1431562904637777
21121,202610,0,0.13463146111042304
21122,202610,1,0.33090439046539327
21125,202610,0,0.16616259917247916
21126,202610,0,0.13514592682152718
21127,202610,0,0.056120245854208446
21128,202610,0,0.14927392343273288
21129,202610,0,0.053014807085182795
21130,202610,0,0.12663606052624757
21131,202610,0,0.12936496950037116
21133,202610,0,0.22755071679000938
21134,202610,0,0.14118723479587222
21135,202610,0,0.12822474355015057
21137,202610,0,0.11718764934230982
21138,202610,0,0.1272637610771081
21139,202610,0,0.05763598761329002
21140,202610,0,0.1327121847168105
21141,202610,0,0.13602830282857947
21142,202610,0,0.12815849262781637
21143,202610,0,0.13943532111385973
21144,202610,0,0.11947485531481977
21146,202610,0,0.07164907082225899
21147,202610,0,0.13734380321300882
21148,202610,1,0.21383378813509138
21149,202610,0,0.14579917263288722
21150,202610,0,0.16145046526653953
21151,202610,1,0.15294731891899294
21152,202610,0,0.22417602830260516
21153,202610,0,0.14329121515874368
21154,202610,1,0.3359879924064038
21155,202610,0,0.06271686001537223
21156,202610,1,0.12100971334197086
21157,202610,1,0.24882512439407703
21158,202610,0,0.1296697089384673
21159,202610,0,0.1457043103133672
21160,202610,1,0.38502804520519973
21161,202610,0,0.14394839530425924
21162,202610,0,0.13199794471562967
21163,202610,0,0.1708386150795001
21166,202610,0,0.1438361956536855
21167,202610,0,0.15438294143931994
21168,202610,1,0.22764865940391052
21169,202610,0,0.2620542212845591
21171,202610,1,0.14594601127602747
21172,202610,0,0.24967177682444938
21173,202610,0,0.12196790696263074
21174,202610,0,0.13232442045757803
21175,202610,1,0.16879046244604193
21177,202610,0,0.1463664587213979
21178,202610,0,0.1316532525665478
21180,202610,0,0.2336787787926496
21181,202610,0,0.052582830860040876
21182,202610,0,0.05960753063423734
21183,202610,0,0.14894355356325217
21184,202610,0,0.1333724726402633
21185,202610,0,0.15679214265539174
21186,202610,0,0.13149868492806063
21187,202610,0,0.2284364885898599
21188,202610,0,0.15737330373327435
21189,202610,0,0.14454460140215483
21192,202610,0,0.14389770867210502
21193,202610,0,0.13023950107815285
21194,202610,1,0.1270023466613414
21196,202610,0,0.04075523215963594
21197,202610,1,0.13417650598292927
21198,202610,0,0.1467929437565894
21199,202610,0,0.13331392950424015
21200,202610,0,0.1950006729531473
21201,202610,0,0.24079832359865497
21202,202610,1,0.12919263029708059
21203,202610,1,0.12387842994741838
21204,202610,0,0.1423580115114112
21205,202610,1,0.1558441330628559
21206,202610,0,0.1304339534660141
21207,202610,0,0.12850755706100453
21208,202610,0,0.1402313800384419
21209,202610,1,0.2505290070963019
21210,202610,0,0.12657736244912124
21211,202610,0,0.0516450422974781
21212,202610,0,0.1254599366292528
21213,202610,0,0.12537714382967755
21214,202610,0,0.13387266442454038
21216,202610,0,0.21514878967472115
21217,202610,0,0.0530881492835547
21218,202610,0,0.16057425790066043
21219,202610,0,0.24003789117864943
21220,202610,0,0.13155377698678422
21221,202610,0,0.1327866065580116
21222,202610,1,0.24162039181911374
21223,202610,0,0.21629995462729226
21224,202610,0,0.19495715044562573
21225,202610,0,0.15674335494700029
21226,202610,0,0.3123452732389733
21227,202610,0,0.12655867330352752
21229,202610,0,0.03422692519488809
21230,202610,0,0.11182411476484232
21231,202610,0,0.14094213712848896
21232,202610,0,0.1412764463129509
21233,202610,0,0.13178197499018426
21234,202610,0,0.2320124647986529
21235,202610,0,0.15450680942200923
21237,202610,0,0.1337175669517607
21238,202610,0,0.316762994956606
21239,202610,1,0.2103042644804034
21240,202610,0,0.12868591645852986
21243,202610,0,0.2183508055111754
21244,202610,0,0.153638211029308
21245,202610,0,0.2247459597326483
21246,202610,0,0.14385851833388266
21247,202610,0,0.12763821587762805
21248,202610,0,0.14305347192498694
21251,202610,0,0.12434895514050565
21252,202610,0,0.12736606972964673
21253,202610,0,0.23307071080848538
21254,202610,0,0.128842666763707
21255,202610,0,0.33356767948945243
21256,202610,0,0.14974928028423348
21257,202610,0,0.12923366429589825
21258,202610,0,0.1666695070929258
21259,202610,0,0.2397406942759268
21260,202610,0,0.15661996182875673
21262,202610,0,0.1231237952217604
21263,202610,0,0.1659090308119503
21264,202610,0,0.14981795824627023
21265,202610,0,0.14579106270318276
21266,202610,0,0.15341212069646262
21267,202610,1,0.22858125188641717
21268,202610,0,0.05875609143624628
21269,202610,0,0.03367089916376355
21270,202610,1,0.1374494408711868
21271,202610,0,0.23952771428885986
21272,202610,0,0.2239477279737286
21273,202610,0,0.1548517840886883
21274,202610,0,0.16431473133244268
21275,202610,1,0.3185111853135995
21276,202610,0,0.11720096334680882
21279,202610,0,0.13426223908329268
21280,202610,0,0.13904162284671856
21281,202610,0,0.12616083023687816
21283,202610,0,0.2137256091004461
21284,202610,1,0.20306700271235686
21285,202610,0,0.11540632692542246
21286,202610,1,0.13742340841615253
21288,202610,0,0.12586727098947198
21289,202610,0,0.24103037888576817
21291,202610,0,0.12932099477241424
21292,202610,0,0.05651570352916591
21294,202610,0,0.1550444600835371
21296,202610,0,0.15088906273068525
21299,202610,0,0.12703485339260787
21300,202610,0,0.12412891282926004
21301,202610,0,0.25436828808202344
21304,202610,0,0.033110408055598714
21305,202610,0,0.23289852398423713
21306,202610,0,0.06232310734450522
21307,202610,0,0.1363637181030754
21309,202610,0,0.14742454081595116
21311,202610,1,0.13625516170675336
21312,202610,0,0.1352630029109791
21314,202610,0,0.14077559144025031
21315,202610,0,0.3448932998712004
21316,202610,0,0.11857410457647692
21317,202610,0,0.1362122097071298
21318,202610,0,0.08121876219484679
21319,202610,0,0.1452424812496281
21320,202610,0,0.14209119242429455
21321,202610,0,0.13792370920893093
21322,202610,0,0.21318411585173844
21323,202610,0,0.15099729980342635
21324,202610,0,0.12549923161611337
21325,202610,1,0.13274006461175453
21326,202610,0,0.2540932422308203
21327,202610,0,0.13163782271131227
21328,202610,0,0.15120941205841323
21329,202610,1,0.1368588084899869
21330,202610,0,0.12004977865078818
21331,202610,0,0.12991670815962095
21332,202610,0,0.26448189782239323
21333,202610,0,0.12857799574194126
21334,202610,0,0.1524542240805695
21335,202610,0,0.12879983192744496
21338,202610,1,0.3334508655348929
21339,202610,0,0.058631112466865046
21340,202610,0,0.03455231180182849
21341,202610,0,0.2316126808554184
21342,202610,0,0.06551917757040378
21343,202610,0,0.40301845166938344
21344,202610,0,0.16697605964852702
21345,202610,0,0.25366243254684856
21346,202610,0,0.23667846569266385
21347,202610,0,0.05593403095536134
21348,202610,0,0.05335442854301286
21349,202610,0,0.13107472942253065
21350,202610,0,0.14774924161592623
21351,202610,0,0.13436321987989003
21352,202610,0,0.052451444366479305
21355,202610,0,0.0641612515559241
21356,202610,0,0.13829698185213152
21358,202610,1,0.1394974737851225
21359,202610,0,0.23472447478575326
21361,202610,0,0.13181217558608072
21362,202610,0,0.1306035665395487
21363,202610,1,0.2574709147343469
21364,202610,0,0.13371932104041212
21365,202610,1,0.14875704799992204
21366,202610,0,0.09652102420194351
21367,202610,0,0.14029586932028362
21368,202610,0,0.13818897239918324
21369,202610,1,0.129238699095992
21370,202610,1,0.13210429311461647
21372,202610,0,0.22354976826848363
21373,202610,1,0.23297789840530292
21374,202610,0,0.22646137596035062
21376,202610,0,0.22449368496459032
21377,202610,0,0.14104341665829584
21379,202610,0,0.13331148292637285
21380,202610,0,0.07651978969786824
21381,202610,1,0.15745985147952363
21382,202610,0,0.1348544727012466
21383,202610,0,0.10941048505768582
21384,202610,1,0.15570678566364363
21385,202610,0,0.12795340813572123
21386,202610,1,0.1359468437381508
21387,202610,1,0.22175201445019438
21388,202610,0,0.15128674104398657
21389,202610,1,0.22721594487122249
21390,202610,1,0.38421485144585127
21391,202610,0,0.14876166981343625
21393,202610,0,0.1355609191199282
21394,202610,0,0.22325217026018393
21395,202610,0,0.13373005537083746
21396,202610,1,0.18562214600987564
21398,202610,0,0.1456216718958902
21399,202610,0,0.06310867796322238
21400,202610,0,0.1282601996686526
21401,202610,0,0.12715600642996308
21402,202610,0,0.23861141900447197
21403,202610,0,0.20120926715598308
21404,202610,0,0.05884902251308988
21405,202610,1,0.14793648097276832
21406,202610,0,0.12781892649944007
21407,202610,1,0.14022449599748427
21408,202610,1,0.12592657710443397
21409,202610,0,0.12825847054219408
21410,202610,0,0.1314221247718577
21412,202610,0,0.17639913296524626
21413,202610,0,0.1333872670836618
21414,202610,0,0.15994823337076766
21415,202610,0,0.14336067300961028
21416,202610,1,0.120161134893716
21417,202610,0,0.05127649570469366
21418,202610,0,0.1331471815114375
21419,202610,0,0.12819743631320937
21420,202610,0,0.12536910278279065
21421,202610,0,0.2255964762785589
21422,202610,0,0.12790600369904379
21423,202610,0,0.06371285865854728
21424,202610,1,0.12140177652989802
21425,202610,0,0.1609250886736815
21426,202610,0,0.16494873973484656
21429,202610,0,0.051814384728116815
21430,202610,1,0.37823413949146467
21432,202610,0,0.1513954611016068
21433,202610,0,0.13492683092598562
21434,202610,0,0.14968728653170643
21435,202610,0,0.1597458736584876
21436,202610,0,0.053872015204075946
21437,202610,0,0.22469327944612516
21438,202610,0,0.13130411478662113
21440,202610,0,0.15377357207050493
21443,202610,0,0.1579898143591455
21444,202610,1,0.14529704829058587
21445,202610,0,0.1532680346494476
21446,202610,0,0.12897428929642704
21447,202610,0,0.11779749609753079
21448,202610,0,0.15034381966634006
21449,202610,0,0.12562761454249577
21450,202610,0,0.05764560016957823
21451,202610,0,0.1291088121077716
21452,202610,0,0.1351134517505867
21453,202610,0,0.14922591554935333
21455,202610,0,0.15001506522232658
21456,202610,0,0.15455161502374834
21457,202610,1,0.1463583005826506
21458,202610,0,0.051814384728116815
21459,202610,0,0.15307708777679097
21460,202610,1,0.13049739385186362
21461,202610,0,0.13720009204911632
21463,202610,0,0.13205048264939068
21464,202610,0,0.3621437090946348
21465,202610,0,0.32266640337320407
21466,202610,0,0.03417654003921527
21468,202610,0,0.13770371836978143
21469,202610,1,0.13080519784630465
21470,202610,0,0.12556549300132458
21472,202610,1,0.3886263991608254
21473,202610,0,0.13504876199695276
21474,202610,0,0.13238631354317773
21476,202610,0,0.13366395726561975
21477,202610,0,0.14262212441854286
21478,202610,0,0.0732333163698264
21479,202610,0,0.1531433132707201
21481,202610,0,0.23977876787938107
21482,202610,0,0.11597977059574155
21483,202610,1,0.3563783699028013
21484,202610,1,0.14097129304072076
21486,202610,0,0.11922832554580365
21487,202610,0,0.1282792380827648
21488,202610,0,0.12033975095229091
21489,202610,0,0.059997181114901474
21490,202610,0,0.1320838681064014
21491,202610,0,0.14966869394905752
21492,202610,0,0.24179444482914858
21493,202610,0,0.23925137275478206
21495,202610,0,0.13192781931688624
21498,202610,0,0.23447832270955615
21499,202610,0,0.1407257641342835
21500,202610,0,0.1343864742809083
21501,202610,1,0.21686779467843914
21503,202610,0,0.13270463803228386
21504,202610,0,0.15494862367258674
21506,202610,0,0.13324035539699222
21507,202610,0,0.15939647694226655
21508,202610,1,0.22656938956757783
21509,202610,0,0.12833961851325804
21511,202610,0,0.05224017583691775
21513,202610,0,0.14565776394538782
21514,202610,0,0.03430060069091285
21515,202610,0,0.22519016895707233
21516,202610,0,0.1380237002644399
21517,202610,0,0.03500948395183938
21518,202610,0,0.12117462689948764
21519,202610,0,0.1314811969915639
21520,202610,0,0.17194882367800732
21521,202610,0,0.1281383035981856
21522,202610,0,0.2806785573627383
21525,202610,0,0.060327697922253
21526,202610,0,0.20826509556979142
21527,202610,0,0.12173763180110163
21528,202610,1,0.13796472608536822
21529,202610,0,0.13567931103564385
21530,202610,0,0.10758550281466861
21531,202610,0,0.2337261726559911
21532,202610,0,0.21605213535934648
21533,202610,0,0.12052316019926272
21534,202610,0,0.21340358751639857
21535,202610,1,0.12498791919074971
21537,202610,0,0.14166400748659666
21538,202610,0,0.07764124868178258
21539,202610,1,0.41680744075732556
21540,202610,0,0.14505953291836735
21541,202610,1,0.2249114853995411
21542,202610,0,0.1398762208045484
21543,202610,0,0.14456155362981696
21544,202610,0,0.13926147108145295
21545,202610,0,0.06450021286807044
21547,202610,0,0.12725645845389458
21548,202610,0,0.1301602218559294
21550,202610,1,0.14005428740918188
21551,202610,0,0.1278820590650747
21552,202610,0,0.15688438979710836
21554,202610,0,0.2626887985513515
21556,202610,0,0.12849425507505247
21557,202610,0,0.12661236269355916
21558,202610,0,0.14951892753562593
21559,202610,0,0.22392918161427283
21560,202610,0,0.11297016382475
21561,202610,1,0.1280293026793035
21563,202610,0,0.051724457714177496
21567,202610,0,0.16088522605055483
21568,202610,0,0.1296070847515055
21570,202610,0,0.05811056622449446
21571,202610,0,0.13198147578463648
21573,202610,1,0.3357766767402635
21574,202610,0,0.25511184176127283
21575,202610,0,0.1354878266758387
21576,202610,0,0.33271328695927954
21577,202610,0,0.05250542460981058
21578,202610,1,0.13052996353791468
21579,202610,0,0.13829404070521345
21580,202610,0,0.059998386868268506
21581,202610,0,0.13435927800329256
21582,202610,0,0.14273413404794882
21583,202610,1,0.13437478559823562
21586,202610,0,0.1370697178881713
21587,202610,0,0.11759872325643538
21588,202610,0,0.14708482161545455
21589,202610,0,0.1475838235807692
21590,202610,0,0.13131968614776537
21591,202610,1,0.1394851200818531
21592,202610,0,0.14087261980537957
21593,202610,0,0.15420155974828076
21594,202610,0,0.18104289051088737
21595,202610,0,0.06640044894952056
21596,202610,0,0.13288550134686244
21597,202610,0,0.14138271408797226
21598,202610,1,0.2546804483036836
21599,202610,0,0.12322298764084691
21600,202610,0,0.06113003587689221
21602,202610,1,0.33417320087782326
21603,202610,0,0.32337935069013735
21604,202610,0,0.05485323122758645
21605,202610,0,0.1325052835256331
21606,202610,0,0.3316655242026194
21607,202610,0,0.13406996055759604
21608,202610,0,0.14273539922324327
21611,202610,0,0.0599768178983935
21612,202610,0,0.23793322599092556
21613,202610,0,0.13665288505348672
21614,202610,0,0.16156809549119183
21615,202610,1,0.1505086700041915
21616,202610,1,0.12652020391855284
21617,202610,0,0.13574002394901402
21618,202610,0,0.1330633185169326
21619,202610,1,0.15414718572200936
21620,202610,1,0.1420996032994635
21621,202610,0,0.14905516400705054
21622,202610,0,0.3394701142743989
21623,202610,0,0.14472879797217764
21624,202610,0,0.12618125681255207
21625,202610,0,0.41290430160058955
21626,202610,0,0.12667389726973982
21627,202610,0,0.1352488078096188
21628,202610,0,0.14850769794116941
21629,202610,1,0.12534453377023275
21632,202610,1,0.24157043402975933
21633,202610,0,0.12628666779330985
21634,202610,0,0.12134406899131728
21636,202610,0,0.1363401707148855
21637,202610,0,0.3324135688956874
21638,202610,0,0.14225591280308522
21641,202610,0,0.1363875789112956
21642,202610,0,0.14724214174348954
21643,202610,0,0.16065355792384556
21644,202610,1,0.1306133433376074
21645,202610,0,0.06246704765376388
21646,202610,0,0.057627222594750824
21647,202610,1,0.23764763546439713
21648,202610,1,0.19881168695025506
21649,202610,0,0.13582186814653655
21650,202610,0,0.13510235392518863
21651,202610,0,0.0511938920207289
21652,202610,0,0.13521980380061271
21653,202610,0,0.14377699806977692
21654,202610,0,0.1532441553093913
21655,202610,1,0.1465638538265174
21657,202610,1,0.14418100521398458
21659,202610,0,0.13593046914601045
21660,202610,0,0.032694099390627326
21661,202610,0,0.1213276241627391
21662,202610,1,0.2249746984183374
21664,202610,0,0.13356435985904339
21665,202610,0,0.12849914335310775
21666,202610,0,0.35469180392042854
21669,202610,0,0.13567202150257252
21671,202610,0,0.1113954956698119
21672,202610,1,0.1705758866330982
21673,202610,0,0.24100917771838123
21675,202610,0,0.2037688658677986
21676,202610,0,0.13017625147141249
21677,202610,0,0.12369653401592852
21678,202610,0,0.21326795301745563
21679,202610,1,0.13753896950784392
21680,202610,0,0.1343083686106615
21681,202610,0,0.13962021755454576
21683,202610,0,0.13369863852297761
21684,202610,0,0.12837211477072205
21685,202610,0,0.051814384728116815
21686,202610,0,0.1416192558207242
21687,202610,1,0.15416827738332753
21688,202610,0,0.12960142364333405
21689,202610,0,0.14686374867161214
21690,202610,0,0.1408603664975063
21691,202610,1,0.2604758290959605
21692,202610,0,0.15648521297568105
21693,202610,0,0.12653164400934264
21694,202610,0,0.06824736462697117
21695,202610,0,0.11811931422622295
21696,202610,0,0.12502550109058988
21697,202610,0,0.12834404409539327
21698,202610,0,0.24413144023220845
21699,202610,0,0.1280321961534003
21700,202610,0,0.1430058568015787
21702,202610,1,0.2171511162048454
21703,202610,1,0.12923181316600024
21704,202610,1,0.13946752960287748
21705,202610,0,0.12814080398551644
21707,202610,0,0.14840969080731786
21709,202610,0,0.14219528801426504
21710,202610,0,0.17447285595650877
21711,202610,0,0.24636505453972413
21714,202610,0,0.12639540840286656
21715,202610,0,0.1602506381978054
21716,202610,0,0.1277145978103831
21717,202610,1,0.12896438939256724
21719,202610,0,0.22000286495013963
21720,202610,0,0.13553772680064982
21721,202610,0,0.15902458908959605
21723,202610,0,0.16465905414894455
21724,202610,0,0.12238456094871365
21726,202610,1,0.142902054574206
21727,202610,0,0.2426623593168817
21728,202610,0,0.1260824076109886
21729,202610,0,0.14919994612512216
21730,202610,0,0.05149017737500067
21731,202610,0,0.15861684043484703
21732,202610,0,0.07686389335479839
21733,202610,0,0.1552075534494093
21734,202610,0,0.13933081619046114
21735,202610,0,0.1520708407962633
21736,202610,0,0.1360588318496142
21737,202610,0,0.13186074281552979
21738,202610,0,0.17041067811298197
21739,202610,0,0.17676059024458146
21740,202610,1,0.12913537696382196
21741,202610,0,0.16165784155671167
21742,202610,0,0.15654320387840015
21743,202610,0,0.1477140581697682
21744,202610,1,0.05517187322334902
21745,202610,0,0.2333994307312979
21746,202610,0,0.056678132897844256
21747,202610,0,0.13995638525992726
21749,202610,0,0.14058382053478713
21750,202610,0,0.12724242296539606
21751,202610,0,0.1258542692692902
21753,202610,1,0.33311550776818194
21754,202610,0,0.13926765093818552
21756,202610,0,0.14214923089909257
21757,202610,0,0.13592368952069758
21758,202610,0,0.1360224467521808
21759,202610,1,0.1315359330445504
21760,202610,0,0.1276389199777026
21761,202610,1,0.15229095096912745
21763,202610,1,0.3248341465103731
21764,202610,1,0.15120339018944598
21765,202610,0,0.14007463144377244
21767,202610,0,0.1312984626751583
21768,202610,0,0.13050043569873293
21769,202610,0,0.18225817133365504
21770,202610,0,0.15321533597549392
21771,202610,0,0.11956313291719667
21772,202610,0,0.15556735200014604
21773,202610,0,0.14850620957709956
21774,202610,0,0.15663960854427608
21775,202610,0,0.12890569661327778
21777,202610,0,0.42174066459689447
21778,202610,0,0.15839957156645798
21779,202610,0,0.1304025571183056
21780,202610,0,0.1388583927504908
21781,202610,0,0.1123491881787485
21782,202610,0,0.1491767225860464
21783,202610,0,0.32834457156154806
21785,202610,1,0.34328485243196355
21786,202610,1,0.11883054242201417
21790,202610,0,0.14554972718576387
21791,202610,0,0.14390040441832416
21792,202610,0,0.14511150419669633
21793,202610,0,0.22545576450102506
21794,202610,0,0.06802970866115504
21795,202610,0,0.14387677314399935
21796,202610,0,0.06456418284302078
21797,202610,1,0.13356596435421075
21798,202610,0,0.15474183311833922
21799,202610,0,0.12401553116125892
21800,202610,0,0.14895504499867837
21801,202610,0,0.12613533427002577
21802,202610,0,0.13152917509653045
21803,202610,0,0.1323434459561671
21804,202610,0,0.1498681159788249
21805,202610,0,0.12662960938482118
21806,202610,0,0.15575952666785656
21807,202610,0,0.2332334866282825
21808,202610,0,0.14346301018758156
21810,202610,0,0.12442240149376023
21812,202610,0,0.12722413261413734
21813,202610,0,0.033110408055598714
21814,202610,1,0.13522494602104207
21815,202610,1,0.3241989736045931
21816,202610,0,0.1531497663461461
21817,202610,0,0.132838520354753
21818,202610,1,0.14967033221664258
21819,202610,0,0.13486163191461203
21820,202610,0,0.2327304709016559
21821,202610,0,0.05332404884618445
21823,202610,0,0.14272037084475367
21825,202610,0,0.3552110613993419
21826,202610,0,0.1266518243804264
21827,202610,0,0.12191480818487915
21828,202610,0,0.15788042618296197
21829,202610,0,0.11697473707896758
21830,202610,1,0.23788774544763233
21831,202610,0,0.14465343462746064
21832,202610,1,0.05081921092866832
21833,202610,0,0.1341326020182026
21835,202610,0,0.1568412453588811
21836,202610,0,0.23229264628442736
21837,202610,0,0.14799950315175397
21838,202610,0,0.15153628323682605
21839,202610,0,0.15894732879225695
21840,202610,0,0.11973516480178119
21842,202610,0,0.1332929209398683
21844,202610,0,0.1413627938097901
21845,202610,1,0.13691519398478996
21846,202610,0,0.14198480345812756
21847,202610,0,0.1413792597492983
21848,202610,0,0.22571749642134126
21849,202610,1,0.06727406643802823
21850,202610,1,0.32545191012254243
21851,202610,0,0.14757067507107674
21852,202610,0,0.18722341150073196
21853,202610,0,0.1548031073739438
21854,202610,1,0.12751971920158603
21855,202610,0,0.12265869729532913
21856,202610,0,0.25473035207307027
21859,202610,0,0.14984306163979377
21860,202610,1,0.3613809131887984
21861,202610,0,0.062072318882932534
21862,202610,0,0.09537457398504122
21863,202610,1,0.2640397071872944
21864,202610,0,0.0797091773106525
21865,202610,0,0.13005190204426298
21866,202610,0,0.22505898251611678
21867,202610,0,0.14102305953864328
21868,202610,0,0.1425979644707078
21869,202610,0,0.14567626496727865
21870,202610,0,0.14017179621255435
21871,202610,0,0.1552532667212656
21872,202610,0,0.06106182832575762
21873,202610,0,0.21673414880759154
21874,202610,0,0.125454641948071
21875,202610,1,0.12918338759203002
21876,202610,0,0.13200269430832307
21877,202610,0,0.23913874708337218
21879,202610,0,0.15409055045370382
21880,202610,1,0.23629345381897063
21882,202610,0,0.2276640153488519
21885,202610,0,0.1528366467992298
21886,202610,0,0.12478866920527816
21887,202610,0,0.15774012337915616
21888,202610,0,0.14549684800166374
21889,202610,0,0.1331356905306402
21890,202610,0,0.1523218671873261
21891,202610,0,0.13324898457912582
21892,202610,0,0.12422978574242204
21893,202610,0,0.13281637242701144
21894,202610,0,0.12433287664333147
21895,202610,0,0.12905874042516527
21896,202610,0,0.23272967328490615
21897,202610,1,0.14309844472444655
21898,202610,0,0.21809689580423638
21899,202610,0,0.24106861517140918
21900,202610,0,0.14826237685480373
21901,202610,0,0.13111715167309337
21902,202610,0,0.22777509901182
21903,202610,0,0.12955297276444722
21904,202610,1,0.13426346927165975
21905,202610,0,0.13162757640239311
21906,202610,0,0.2398625425832449
21907,202610,1,0.22719471337062733
21908,202610,0,0.08034497378513533
21909,202610,0,0.3655341546562716
21910,202610,0,0.12954703557147199
21911,202610,0,0.1287712483766237
21913,202610,0,0.1526406112578414
21914,202610,0,0.12616064546008865
21915,202610,1,0.12916641056151526
21916,202610,0,0.1258297379158876
21917,202610,1,0.1711858702205506
21918,202610,0,0.051121855601972375
21919,202610,0,0.12407068708674507
21921,202610,0,0.14324268997005388
21922,202610,0,0.15220320218874842
21923,202610,0,0.12963812825668622
21925,202610,0,0.05185818798682231
21926,202610,0,0.14919454530319776
21927,202610,0,0.1415377083365015
21928,202610,0,0.11586173913007247
21929,202610,1,0.24260772672593683
21930,202610,0,0.13221947093552147
21931,202610,0,0.1348220425937016
21934,202610,0,0.14605540004592402
21935,202610,0,0.1423846051994391
21936,202610,0,0.3432714916153542
21937,202610,0,0.13569813925001564
21938,202610,0,0.23508613475130888
21939,202610,0,0.34809173787400205
21940,202610,0,0.3456163964453604
21941,202610,0,0.14992177249290745
21942,202610,0,0.1415519039779241
21943,202610,0,0.23125455513849816
21945,202610,0,0.2070511676897903
21946,202610,0,0.1283284040128033
21947,202610,0,0.14505432692100556
21948,202610,0,0.14029238392567042
21949,202610,1,0.22567694362024976
21951,202610,1,0.14743735665383606
21952,202610,0,0.0578651717578951
21953,202610,0,0.16001545033890163
21954,202610,1,0.2398746962922767
21957,202610,0,0.1429481046480063
21958,202610,0,0.05047992561483079
21959,202610,0,0.13654563224808694
21960,202610,1,0.24006117571683216
21961,202610,0,0.13207725848310337
21962,202610,0,0.16623804708877704
21963,202610,0,0.05463408016201381
21964,202610,0,0.14080080526540492
21965,202610,1,0.34858012870619454
21966,202610,1,0.3536169610133937
21967,202610,0,0.16023719037483353
21969,202610,0,0.06279142689549028
21970,202610,0,0.1313007603992852
21971,202610,0,0.05347615173426909
21973,202610,0,0.1686697543564668
21974,202610,0,0.12941338481847114
21976,202610,1,0.13903465728589756
21978,202610,0,0.3194721144262041
21979,202610,1,0.13336214228893611
21980,202610,0,0.12524334149148372
21981,202610,0,0.06566413296988828
21982,202610,0,0.3656190833550872
21983,202610,0,0.11557190076136098
21984,202610,0,0.13034076257134883
21985,202610,0,0.12532620854878093
21986,202610,0,0.14862610701874293
21987,202610,0,0.1362122097071298
21988,202610,1,0.14212952245909777
21990,202610,0,0.1497206800128349
21991,202610,0,0.1257522344745742
21992,202610,0,0.1274831726754056
21994,202610,0,0.16959597064127244
21995,202610,0,0.125378997580065
21996,202610,0,0.06388317678620177
21997,202610,0,0.16275981404917025
21998,202610,0,0.14356974559104613
21999,202610,0,0.12619164724688722
22002,202610,0,0.05137086040428571
22004,202610,0,0.12464723284675003
22005,202610,0,0.2434520530198725
22006,202610,0,0.12666470879157007
22007,202610,0,0.1433750781034853
22008,202610,0,0.12890667887341448
22009,202610,0,0.13111358401447776
22010,202610,0,0.23464279822825335
22011,202610,0,0.22053220500375692
22012,202610,0,0.3334508655348929
22013,202610,0,0.13000449175400658
22014,202610,0,0.1367946825144811
22015,202610,0,0.07512239266363187
22016,202610,0,0.15528396174346987
22017,202610,0,0.05149017737500067
22018,202610,1,0.1480533308046542
22019,202610,0,0.22378286033388572
22020,202610,0,0.14533418492781408
22021,202610,0,0.03380888291627996
22022,202610,0,0.13866055995274212
22023,202610,0,0.15535183345540443
22024,202610,0,0.3914422113746786
22025,202610,0,0.1468727116966747
22026,202610,1,0.15184636866613366
22027,202610,0,0.16647915259138582
22028,202610,0,0.07597846939775474
22029,202610,0,0.22648405471156854
22030,202610,0,0.14727875833330134
22031,202610,0,0.3990260245419131
22032,202610,0,0.0511145148364279
22033,202610,0,0.14096227621829024
22034,202610,0,0.17040360571188107
22035,202610,0,0.1534421696614478
22036,202610,0,0.12373852078926394
22037,202610,1,0.1365953417925251
22038,202610,0,0.04465891034119036
22039,202610,0,0.15294699208526483
22040,202610,1,0.1332623399759495
22041,202610,0,0.16257088821544385
22042,202610,0,0.23586405715963848
22043,202610,1,0.1464810936260641
22044,202610,0,0.15544033597575424
22045,202610,0,0.1285976104218566
22046,202610,0,0.1240573205214589
22047,202610,1,0.27537534284902876
22048,202610,0,0.23443838978462891
22049,202610,0,0.14420699640407952
22050,202610,0,0.14383065340866635
22051,202610,0,0.1307412694335469
22052,202610,0,0.06014231808033648
22053,202610,0,0.13522168730569464
22054,202610,0,0.12600812010250637
22055,202610,0,0.12936129678121452
22056,202610,0,0.14487299211806878
22057,202610,0,0.2450424887314235
22058,202610,0,0.25674437172762465
22059,202610,0,0.133790410953037
22060,202610,1,0.14579890066795087
22061,202610,0,0.062444632743149195
22062,202610,0,0.15515948466363444
22063,202610,1,0.14148434838632992
22064,202610,1,0.12286174435253056
22065,202610,0,0.15738529151176756
22066,202610,0,0.13465252545008474
22067,202610,0,0.12558258403124864
22068,202610,0,0.22264342540716217
22069,202610,0,0.13236125816447328
22070,202610,1,0.13397705657414433
22071,202610,1,0.17402778799152482
22072,202610,0,0.18020454522242713
22073,202610,1,0.2713358211054847
22074,202610,0,0.15619654963742152
22075,202610,1,0.37114506378776657
22076,202610,0,0.13565113889276748
22077,202610,0,0.1290122535495845
22078,202610,0,0.14385575669019374
22079,202610,0,0.2326669853259313
22080,202610,0,0.15990964547888734
22081,202610,1,0.14161610216442647
22082,202610,0,0.049786820914989365
22083,202610,0,0.24276705585996053
22084,202610,0,0.14492890347649257
22085,202610,0,0.14257158744825493
22086,202610,0,0.14067033504168483
22087,202610,1,0.08113916986401681
22088,202610,1,0.23406739749956507
22089,202610,1,0.34730753597983294
22090,202610,0,0.23903683259235634
22091,202610,0,0.14619230853700355
22092,202610,0,0.14622781885312153
22093,202610,0,0.1568943803875996
22094,202610,0,0.1431232573870941
22095,202610,0,0.05253949727908039
22096,202610,1,0.24528919111430866
22097,202610,0,0.06122952803666003
22098,202610,0,0.16502344500766702
22099,202610,0,0.05956451736467906
22100,202610,0,0.119215649619734
22101,202610,0,0.1437601528339184
22102,202610,0,0.4262766843638587
22103,202610,0,0.13607078704059997
22104,202610,0,0.13666339480684442
22105,202610,1,0.25627385009754833
22106,202610,0,0.1512164243180268
22107,202610,0,0.157704087655129
22108,202610,1,0.3319675844252368
22109,202610,0,0.12624703778837001
22110,202610,1,0.3602437952312049
22111,202610,0,0.14530861230150202
22112,202610,0,0.21198446388277095
22113,202610,1,0.2517217095653482
22114,202610,0,0.2539785567973662
22115,202610,1,0.16367643390592143
22116,202610,0,0.08260570398230635
22117,202610,1,0.0603292823954349
22118,202610,1,0.12787439767657388
22119,202610,1,0.1448634850503317
22120,202610,1,0.24331302381055922
22121,202610,0,0.18918341549863352
22122,202610,1,0.1858244094421085
22123,202610,0,0.0575392819339771
22124,202610,0,0.056391509828240434
22125,202610,0,0.14966527229760082
22126,202610,0,0.15350947249378444
22127,202610,0,0.11642590194176682
22128,202610,0,0.1476049109615323
22129,202610,0,0.13297462177396346
22130,202610,0,0.1364888815060421
22131,202610,0,0.1821390551658634
22132,202610,0,0.059866842022323355
22133,202610,1,0.06766721198230158
22134,202610,0,0.22749779882265925
22135,202610,0,0.15707815420999446
22136,202610,0,0.24656081666764254
22137,202610,0,0.17199334402213468
22138,202610,1,0.14218206314998982
22139,202610,1,0.3719904308808791
22140,202610,0,0.12953891414178595
22141,202610,0,0.16227468299796166
22142,202610,0,0.1435966560111746
22143,202610,0,0.15209741643362218
22144,202610,0,0.11950909724883067
22145,202610,1,0.14493934671841097
22146,202610,0,0.1506790231618876
22147,202610,0,0.12376967162888383
22148,202610,0,0.23839249288886663
22149,202610,0,0.12202753170459295
22150,202610,1,0.08017842936006751
22151,202610,0,0.15010925757736357
22152,202610,0,0.14920475051392346
22153,202610,0,0.12010571559528604
22154,202610,0,0.13035045361346298
22155,202610,0,0.12403300514246206
22156,202610,0,0.15447592075440142
22157,202610,1,0.21971782199097692
22158,202610,0,0.12355815951995998
22159,202610,0,0.15936623939670463
22160,202610,0,0.14850543557300336
22161,202610,0,0.15717028557475135
22162,202610,0,0.13519564047672075
22163,202610,0,0.13472623900315558
22164,202610,0,0.22163366314921945
22165,202610,1,0.13451338442379304
22166,202610,0,0.14298862066653528
22167,202610,0,0.0670970552063965
22168,202610,0,0.2532794929131162
22169,202610,0,0.17231512161174967
22170,202610,1,0.13961611068280275
22171,202610,1,0.37067884578481675
22172,202610,0,0.15776784452746254
22173,202610,0,0.13216343080012385
22174,202610,0,0.27067299501116066
22175,202610,0,0.13725403363273994
22176,202610,0,0.07110156418003893
22177,202610,0,0.11722728995867081
22178,202610,0,0.25587732147499587
22179,202610,0,0.17724842608923502
22180,202610,0,0.15178734692077106
22181,202610,0,0.12714871761637983
22182,202610,0,0.12977019156824882
22183,202610,0,0.05174893162753331
22184,202610,0,0.1346680958805592
22185,202610,1,0.15774193241261739
22186,202610,0,0.3388116940409303
22187,202610,0,0.1466573958827947
22188,202610,0,0.2363374622574905
22189,202610,1,0.2513919455541588
22190,202610,0,0.1638050497990924
22191,202610,1,0.21235213313627066
22192,202610,0,0.15067884497565848
22193,202610,0,0.12692250534769123
22194,202610,0,0.13288043399977878
22195,202610,0,0.14849466727476648
22196,202610,0,0.051814384728116815
22197,202610,0,0.2491476486073307
22198,202610,0,0.05075682563025268
22199,202610,0,0.17419036141126004
22200,202610,0,0.13976869574398781
22201,202610,0,0.12365168298212648
22202,202610,0,0.23889984461320102
22203,202610,0,0.1507016867386633
22204,202610,0,0.13723426051021387
22205,202610,0,0.12962315904901864
22206,202610,0,0.1591609839021123
22207,202610,0,0.32912751068215534
22208,202610,0,0.1331678649267239
22209,202610,1,0.431392305301788
22210,202610,0,0.12372999985860886
22211,202610,1,0.24489303635665485
22212,202610,0,0.23646641161593013
22213,202610,0,0.14917617797358695
22214,202610,0,0.13695006013429215
22215,202610,0,0.4164058341700632
22216,202610,0,0.14590246964392264
22217,202610,0,0.12135434318096879
22218,202610,1,0.1256983955087141
22219,202610,0,0.18167073444007234
22220,202610,1,0.138274365915314
22221,202610,0,0.1379659768917853
22222,202610,0,0.14048427726124268
22223,202610,0,0.24947398488385303
22224,202610,0,0.13279153003445293
22225,202610,0,0.14816467094756822
22226,202610,0,0.06352087244467053
22227,202610,0,0.22475513223156215
22228,202610,1,0.2578056754860841
22229,202610,0,0.17893690868527473
22230,202610,1,0.14340787375344433
22231,202610,0,0.1438685414571948
22232,202610,0,0.23584382659612052
22233,202610,0,0.132043570428783
22234,202610,0,0.23492098187879226
22235,202610,0,0.13583562337814314
22236,202610,0,0.1473987949632926
22237,202610,0,0.13849764342709434
22238,202610,1,0.1587871171001119
22239,202610,1,0.24827755018555064
22240,202610,0,0.10684470549618749
22241,202610,0,0.15180851021087297
22242,202610,0,0.1501215048737536
22243,202610,0,0.14076869973864134
22244,202610,0,0.12565040210931938
22245,202610,0,0.13777736158584322
22246,202610,0,0.14252841188708731
22247,202610,1,0.12281375431439112
22248,202610,0,0.15477680901417964
22249,202610,0,0.13106539107204956
22250,202610,0,0.15169533034446916
22251,202610,0,0.14519522407691143
22252,202610,0,0.055735886694692066
22253,202610,0,0.1771404424742295
22254,202610,0,0.12287858883710108
22255,202610,0,0.13586891423301692
22256,202610,1,0.25105441678121426
22257,202610,0,0.13472030561336337
22258,202610,0,0.2395230950975216
22259,202610,1,0.34045577131389804
22260,202610,0,0.14350301686493125
22261,202610,1,0.12701701868726195
22262,202610,0,0.14877375588759198
22263,202610,0,0.14378262202924627
22264,202610,0,0.14010299612024738
22265,202610,0,0.140207661287515
22266,202610,1,0.24124852609722625
22267,202610,0,0.3421901053348107
22268,202610,0,0.15736726550007307
22269,202610,0,0.23074887890795187
22270,202610,0,0.11961185538134186
22271,202610,0,0.05967915137589626
22272,202610,0,0.13010967753403244
22273,202610,0,0.1363336227639965
22274,202610,0,0.19461363715646338
22275,202610,0,0.0737160106405085
22276,202610,1,0.15515183245075465
22277,202610,0,0.4211385621314839
22278,202610,1,0.22875036754539801
22279,202610,0,0.12600185432777153
22280,202610,0,0.1331743048274462
22281,202610,0,0.14099264792656768
22282,202610,0,0.14636831875414605
22283,202610,0,0.0804840045485267
22284,202610,0,0.048688440849520516
22285,202610,0,0.17296789331592477
22286,202610,0,0.14775355756438885
22287,202610,0,0.05600571899416681
22288,202610,0,0.13956628281485864
22289,202610,0,0.14634404454500036
22290,202610,0,0.15466010709493352
22291,202610,0,0.13001275813767774
22292,202610,0,0.06667630563033625
22293,202610,0,0.13991814762533106
22294,202610,0,0.17235299677602625
22295,202610,0,0.14568475542647158
22296,202610,0,0.16207934188878514
22297,202610,0,0.15811339639448016
22298,202610,0,0.13190809662675793
22299,202610,0,0.1272511054975999
22300,202610,0,0.22259797799354092
22301,202610,0,0.12675968483440192
22302,202610,0,0.223242047871024
22303,202610,0,0.2041638175319537
22304,202610,1,0.15468904893494131
22305,202610,0,0.12288955015038613
22306,202610,0,0.13785577323780027
22307,202610,0,0.23215002164185547
22308,202610,0,0.1303671892315187
22309,202610,0,0.13842596757431785
22310,202610,1,0.12667398876204453
22311,202610,0,0.23093584220289365
22312,202610,0,0.25904740336314197
22313,202610,0,0.12029819292247479
22314,202610,0,0.15011581973523022
22315,202610,0,0.13192030462497747
22316,202610,0,0.2231552176434861
22317,202610,0,0.04951454101235691
22318,202610,0,0.15517058446766316
22319,202610,0,0.23231763992165874
22320,202610,0,0.14928661036551893
22321,202610,1,0.16411758463362267
22322,202610,0,0.17087698552930053
22323,202610,0,0.2275236675488745
22324,202610,0,0.14198654011592465
22325,202610,1,0.1572607007208712
22326,202610,0,0.23871802379313165
22327,202610,0,0.15983030589468217
22328,202610,0,0.1545901346152274
22329,202610,0,0.12882341492245036
22330,202610,0,0.12756944477065252
22331,202610,0,0.1457015240491379
22332,202610,0,0.14974131322351297
22333,202610,0,0.048696457480595944
22334,202610,0,0.13576828988822656
22335,202610,0,0.14496654186349067
22336,202610,0,0.15766937936691874
22337,202610,0,0.23713641721461529
22338,202610,0,0.2333011468983967
22339,202610,0,0.1388001098349029
22340,202610,1,0.24123096590971363
22341,202610,0,0.1387049024195965
22342,202610,0,0.14611541142501627
22343,202610,0,0.16603947800789814
22344,202610,0,0.07486693622320394
22345,202610,0,0.16181738256510825
22346,202610,0,0.10062604798508243
22347,202610,0,0.13379980701662494
22348,202610,1,0.30237964229167563
22349,202610,0,0.14348268713572696
22350,202610,0,0.12651229878092216
22351,202610,0,0.1419688660295703
22352,202610,1,0.14656975226811272
22353,202610,0,0.125916325524929
22354,202610,0,0.1573304633692268
22355,202610,0,0.14495796418885012
22356,202610,1,0.14583701428035975
22357,202610,1,0.1350416376852438
22358,202610,0,0.1456720584362502
22359,202610,0,0.34080971351565337
22360,202610,0,0.13384573400858116
22361,202610,1,0.1319540491323201
22362,202610,0,0.14541566204095166
22363,202610,1,0.1188579148685104
22364,202610,0,0.1319699164268822
22365,202610,0,0.14324499490222156
22366,202610,0,0.14849391611458038
22367,202610,0,0.15253265676923547
22368,202610,0,0.1268992762225973
22369,202610,0,0.1355412913609506
22370,202610,0,0.054574586092253324
22371,202610,0,0.13509733568619609
22372,202610,0,0.2262896258227306
22373,202610,0,0.12725104133773554
22374,202610,0,0.12426206996305125
22375,202610,0,0.1416999944963303
22376,202610,0,0.16351005511971664
22377,202610,0,0.14862621992650463
22378,202610,0,0.13973979123005684
22379,202610,0,0.1373303177414469
22380,202610,1,0.32742515376036435
22381,202610,1,0.11830597698521744
22382,202610,0,0.13581619633981037
22383,202610,1,0.1383164581400423
22384,202610,1,0.16316415057928982
22385,202610,0,0.15559770254463173
22386,202610,0,0.14515484307255755
22387,202610,0,0.25900333484960536
22388,202610,0,0.1257717427846526
22389,202610,1,0.28362766927429195
22390,202610,0,0.12984130506688038
22391,202610,0,0.12327165113518394
22392,202610,0,0.11722055684261189
22393,202610,0,0.32864309336087044
22394,202610,0,0.19803951054365315
22395,202610,0,0.18318158296523784
22396,202610,1,0.36486204625894897
22397,202610,0,0.14502550021284555
22398,202610,0,0.23233113283453505
22399,202610,0,0.1610486774636112
22400,202610,1,0.14270871634104929
22401,202610,0,0.14476148339340922
22402,202610,0,0.19603156498939783
22403,202610,0,0.13171738294647456
22404,202610,0,0.13753153477900668
22405,202610,0,0.23591480101495388
22406,202610,0,0.12658685947986614
22407,202610,0,0.15950427172336532
22408,202610,0,0.13954642395518296
22409,202610,0,0.06242951703220773
22410,202610,0,0.12338484222712863
22411,202610,0,0.2825001814830839
22412,202610,1,0.3632626980725638
22413,202610,0,0.14972619009407812
22414,202610,0,0.2681556428331214
22415,202610,0,0.14717405793880714
22416,202610,0,0.14918410533505463
22417,202610,0,0.13144824957623227
22418,202610,1,0.15432575342955043
22419,202610,0,0.1679413675435456
22420,202610,0,0.1416540003175075
22421,202610,0,0.12375178808687629
22422,202610,0,0.15061620097160974
22423,202610,0,0.15071080195621114
22424,202610,0,0.13847220917164207
22425,202610,0,0.25660133600261686
22426,202610,0,0.12897249438322908
22427,202610,0,0.15148674848418003
22428,202610,0,0.19329758453344031
22429,202610,0,0.16447638304702192
22430,202610,0,0.11348107757532903
22431,202610,0,0.13159113815769086
22432,202610,0,0.1439632281576491
22433,202610,0,0.05900274269852482
22434,202610,0,0.11650831755735645
22435,202610,1,0.1473010130129755
22436,202610,0,0.12359226679058888
22437,202610,0,0.13942624161756348
22438,202610,0,0.13544756373971797
22439,202610,0,0.13515346562860664
22440,202610,0,0.1349963126302543
22441,202610,0,0.12481036343904665
22442,202610,0,0.12395086953034967
22443,202610,0,0.1371925443490242
22444,202610,0,0.11796238703173964
22445,202610,0,0.16317875084943667
22446,202610,0,0.05546896887037091
22447,202610,0,0.15009402523057308
22448,202610,0,0.14370977960278672
22449,202610,0,0.14067988667376372
22450,202610,0,0.151447717714149
22451,202610,0,0.16081166929117024
22452,202610,0,0.25037629539262934
22453,202610,0,0.126992640531762
22454,202610,0,0.05005462049016756
22455,202610,0,0.40097520115903396
22456,202610,1,0.12668121990049167
22457,202610,0,0.1253529120843965
22458,202610,1,0.2600876784693046
22459,202610,0,0.12979837744056896
22460,202610,0,0.1340312218306987
22461,202610,0,0.12715688220208432
22462,202610,0,0.15665848298692353
22463,202610,1,0.25587704840336956
22464,202610,0,0.12785217820289663
22465,202610,0,0.13644184796965975
22466,202610,0,0.22547947299098559
22467,202610,0,0.1296812231509562
22468,202610,1,0.13476282572467002
22469,202610,1,0.2325809280111308
22470,202610,0,0.22561757157264842
22471,202610,0,0.1337267371500445
22472,202610,1,0.05157055095560884
22473,202610,0,0.1512436222264789
22474,202610,0,0.15407929977804352
22475,202610,0,0.3827886697996664
22476,202610,0,0.12033007456573197
22477,202610,0,0.1549638714027605
22478,202610,1,0.12019872648990076
22479,202610,0,0.15810333525089046
22480,202610,0,0.23937451216748884
22481,202610,1,0.34744757872182275
22482,202610,0,0.134729896839444
22483,202610,1,0.048227629261501766
22484,202610,0,0.18236745903108262
22485,202610,0,0.12058670390740966
22486,202610,0,0.14594804292318952
22487,202610,0,0.12540924753520485
22488,202610,0,0.061046905775267564
22489,202610,0,0.12430172967007008
22490,202610,1,0.1370837004595332
22491,202610,1,0.217401806164967
22492,202610,0,0.14206213454439817
22493,202610,0,0.15946989270628595
22494,202610,0,0.13633950359810304
22495,202610,0,0.13748391695787696
22496,202610,0,0.14373602667852992
22497,202610,0,0.17268607699052715
22498,202610,1,0.1270341726604354
22499,202610,0,0.134888270102753
22500,202610,0,0.12260908633900312
22501,202610,0,0.3291550388837315
22502,202610,0,0.16937188195557273
22503,202610,1,0.13274025720664806
22504,202610,1,0.2324024707286299
22505,202610,1,0.19817915947457454
22506,202610,0,0.1334470235237397
22507,202610,0,0.14378714249224428
22508,202610,0,0.04915579189490391
22509,202610,0,0.413196310170491
22510,202610,0,0.11725837506811074
22511,202610,1,0.13235472285998004
22512,202610,0,0.14943247103407936
22513,202610,0,0.14282956824110718
22514,202610,0,0.17005827582411018
22515,202610,0,0.1709462136774167
22516,202610,0,0.12245724691123591
22517,202610,0,0.12212300794700949
22518,202610,0,0.15472935771169488
22519,202610,0,0.14053241560845178
22520,202610,0,0.14005601610313745
22521,202610,0,0.10179948992403108
22522,202610,1,0.24440102715627554
22523,202610,0,0.17298153530591717
22524,202610,0,0.3746256683921488
22525,202610,0,0.1517477635251522
22526,202610,0,0.2403746084100255
22527,202610,0,0.1320225746495426
22528,202610,0,0.1218962507241974
22529,202610,0,0.08273329827097405
22530,202610,0,0.16488652778559482
22531,202610,0,0.13877979245741281
22532,202610,1,0.11939820843354453
22533,202610,0,0.1341603179952397
22534,202610,1,0.3986991783334292
22535,202610,1,0.3310675755253944
22536,202610,0,0.37815673644613806
22537,202610,0,0.13454156175818197
22538,202610,0,0.12813642501301353
22539,202610,0,0.1407126422310909
22540,202610,0,0.05149347245691015
22541,202610,1,0.26301296975540195
22542,202610,0,0.14581096281735192
22543,202610,1,0.24717131520314367
22544,202610,0,0.14853700681054038
22545,202610,0,0.1527049254953028
22546,202610,0,0.09531131028064233
22547,202610,0,0.23168712642498163
22548,202610,0,0.1769444257773298
22549,202610,0,0.12406524345510903
22550,202610,0,0.3238025993498344
22551,202610,0,0.25671114442396853
22552,202610,0,0.16529820179044957
22553,202610,0,0.033862027854955415
22554,202610,0,0.2594961037635692
22555,202610,1,0.4390080629171395
22556,202610,1,0.15455338973984722
22557,202610,0,0.14582023454775753
22558,202610,0,0.06273294816019022
22559,202610,1,0.14594039401774198
22560,202610,0,0.1283675528709971
22561,202610,0,0.22180200786509996
22562,202610,0,0.1742352680759579
22563,202610,0,0.24684333342202372
22564,202610,0,0.21239091150343398
22565,202610,0,0.13940309568655135
22566,202610,0,0.13357761644808877
22567,202610,0,0.1387905956997101
22568,202610,0,0.13419154879808196
22569,202610,1,0.14221615884444458
22570,202610,0,0.13351623409540178
22571,202610,1,0.2254361858059099
22572,202610,0,0.4254366404909366
22573,202610,0,0.19601806338323619
22574,202610,0,0.053787168346268524
22575,202610,1,0.15211054803117524
22576,202610,1,0.14197319395196942
22577,202610,0,0.15917923271248355
22578,202610,0,0.15787743147705913
22579,202610,1,0.2197891470233221
22580,202610,0,0.13377040570239226
22581,202610,0,0.15387047656954425
22582,202610,0,0.24183678764051908
22583,202610,0,0.21750172568893278
22584,202610,0,0.15227623631543993
22585,202610,0,0.12513874645700884
22586,202610,0,0.14249353452510602
22587,202610,0,0.11021817694145077
22588,202610,0,0.15846583719359808
22589,202610,1,0.15119828028525364
22590,202610,1,0.1261375729146986
22591,202610,0,0.21702092782976373
22592,202610,0,0.22612405700634997
22593,202610,0,0.209527373623673
22594,202610,0,0.17599017137342746
22595,202610,0,0.21941908024525641
22596,202610,0,0.22656202105926443
22597,202610,0,0.14285511534374548
22598,202610,0,0.14666723278949398
22599,202610,0,0.07128976742446669
22600,202610,0,0.15211634958452058
22601,202610,0,0.15253759546003262
22602,202610,0,0.15755237475958855
22603,202610,0,0.21885238798216486
22604,202610,0,0.24124180916544868
22605,202610,0,0.1387523754868898
22606,202610,0,0.08177180801849007
22607,202610,0,0.1273079922256429
22608,202610,0,0.21612868635118157
22609,202610,0,0.12518997544292534
22610,202610,0,0.15974056152366167
22611,202610,0,0.1483707377622976
22612,202610,0,0.15359129545831626
22613,202610,0,0.24595417213562143
22614,202610,0,0.23364030976725272
22615,202610,0,0.060328938905308827
22616,202610,1,0.20260902683554363
22617,202610,1,0.13081597797155073
22618,202610,0,0.14950957387203304
22619,202610,0,0.2500483280131019
22620,202610,1,0.13762091355243558
22621,202610,0,0.14171348978352657
22622,202610,0,0.13910302716827147
22623,202610,1,0.23541636729545592
22624,202610,0,0.13434097732437195
22625,202610,0,0.12531203628200965
22626,202610,0,0.16646847599773867
22627,202610,0,0.16666703379688977
22628,202610,0,0.12520276396816282
22629,202610,0,0.1407855943790991
22630,202610,0,0.13212055160544967
22631,202610,0,0.11574386939886644
22632,202610,1,0.23658343230218734
22633,202610,0,0.1374547854566271
22634,202610,0,0.12492795128258975
22635,202610,0,0.1366484720653944
22636,202610,0,0.21961309639587065
22637,202610,0,0.12055451446171642
22638,202610,1,0.12506134311392528
22639,202610,0,0.1474033567845013
22640,202610,0,0.1363379348374958
22641,202610,0,0.13428109436992877
22642,202610,0,0.14590983139712765
22643,202610,0,0.16003010407495788
22644,202610,0,0.400944595441732
22645,202610,1,0.14892864649866244
22646,202610,0,0.13652392327693533
22647,202610,0,0.21630584796199434
22648,202610,0,0.13792095451384384
22649,202610,0,0.3392758353457601
22650,202610,0,0.23772108795831598
22651,202610,0,0.24561342987964344
22652,202610,0,0.20147069293834524
22653,202610,0,0.1313261221672438
22654,202610,1,0.23281751799442307
22655,202610,0,0.23818651292731743
22656,202610,1,0.1608646027936549
22657,202610,0,0.033862027854955415
22658,202610,0,0.14225550093531947
22659,202610,0,0.13663735100152208
22660,202610,0,0.07344335438141636
22661,202610,0,0.12181559802007406
22662,202610,0,0.1592739005176136
22663,202610,0,0.13877231986253852
22664,202610,0,0.23554429573140084
22665,202610,0,0.1514696416064509
22666,202610,0,0.24449195388195094
22667,202610,1,0.055256873029814774
22668,202610,0,0.16544274649747687
22669,202610,0,0.15462751559270171
22670,202610,0,0.16285386089274664
22671,202610,0,0.1657286512499544
22672,202610,0,0.09204085317479441
22673,202610,0,0.06610290875698788
22674,202610,1,0.16343579648532816
22675,202610,0,0.23553677396573286
22676,202610,0,0.12643428912789673
22677,202610,0,0.33928255455441064
22678,202610,0,0.15655769919293494
22679,202610,0,0.14523954619791565
22680,202610,0,0.13380732219953767
22681,202610,0,0.16512682663797135
22682,202610,0,0.1318503315288026
22683,202610,0,0.1299835551617919
22684,202610,0,0.13304476290855655
22685,202610,0,0.13506292886939317
22686,202610,0,0.1570908369706577
22687,202610,0,0.22548653192780085
22688,202610,0,0.12496171169316393
22689,202610,1,0.14600053054077455
22690,202610,0,0.15532796933310566
22691,202610,0,0.14255928426415815
22692,202610,0,0.13271591203934718
22693,202610,0,0.15041645633394407
22694,202610,0,0.15122541887412166
22695,202610,0,0.14210163829069272
22696,202610,0,0.054805679474225454
22697,202610,0,0.24601347666412723
22698,202610,0,0.15954177439405953
22699,202610,0,0.22909430505206757
22700,202610,1,0.24863876330518173
22701,202610,0,0.45054931196790576
22702,202610,0,0.2858135046795583
22703,202610,1,0.14723075292817153
22704,202610,0,0.11785124000395855
22705,202610,0,0.16174131823988605
22706,202610,0,0.17421790523506378
22707,202610,0,0.13639458758727302
22708,202610,0,0.144221954057862
22709,202610,0,0.05561910191003072
22710,202610,1,0.125216310356497
22711,202610,0,0.24949016405262683
22712,202610,0,0.12780831717326044
22713,202610,0,0.3342487155617286
22714,202610,0,0.1646196886059076
22715,202610,0,0.1315487703055332
22716,202610,0,0.11928528061747122
22717,202610,0,0.21427805713522
22718,202610,0,0.05730328157002424
22719,202610,1,0.22822078890741354
22720,202610,0,0.3432111213039386
22721,202610,0,0.057677629817723945
22722,202610,0,0.13234932680160008
22723,202610,1,0.219524636423368
22724,202610,0,0.1253441955151506
22725,202610,0,0.14663520739219704
22726,202610,0,0.26698360653204184
22727,202610,1,0.1321801222276056
22728,202610,0,0.1251135006897034
22729,202610,0,0.1009159406252128
22730,202610,0,0.1470178937512738
22731,202610,1,0.12985311434151556
22732,202610,0,0.14455508133990252
22733,202610,0,0.21992338557676078
22734,202610,0,0.1439772195165841
22735,202610,0,0.33987356156987064
22736,202610,0,0.1497757896813661
22737,202610,0,0.1322826896699561
22738,202610,0,0.03368428754794025
22739,202610,0,0.23991198340456954
22740,202610,0,0.2513926731905988
22741,202610,1,0.11196955628582754
22742,202610,0,0.13510235392518863
22743,202610,0,0.1526154225974056
22744,202610,1,0.13556106155871683
22745,202610,0,0.12297629078093965
22746,202610,0,0.04788559021145238
22747,202610,1,0.1177097436590733
22748,202610,0,0.40144760394960116
22749,202610,0,0.19678333732667866
22750,202610,1,0.12926037776195615
22751,202610,0,0.1355199408210789
22752,202610,0,0.1447030793511236
22753,202610,0,0.34079881549219826
22754,202610,1,0.3504780982819096
22755,202610,0,0.13374793147931777
22756,202610,0,0.12856936585883624
22757,202610,0,0.0513829915089314
22758,202610,0,0.2256022478840407
22759,202610,0,0.1363829322558817
22760,202610,0,0.13745761086498245
22761,202610,1,0.36088722056474
22762,202610,0,0.14634493422385875
22763,202610,0,0.22391907592102145
22764,202610,0,0.13053526945011656
22765,202610,0,0.32364706520198894
22766,202610,0,0.06453870203134322
22767,202610,1,0.22563833632994704
22768,202610,0,0.06166367847013906
22769,202610,0,0.12577087973663525
22770,202610,0,0.1420411458406211
22771,202610,1,0.1583801998794407
22772,202610,0,0.26870732724585905
22773,202610,0,0.12420477466885788
22774,202610,1,0.221387750240516
22775,202610,0,0.14592761960119752
22776,202610,0,0.21834308153551266
22777,202610,0,0.14267666744216911
22778,202610,1,0.15677160059293058
22779,202610,0,0.05710938424480068
22780,202610,0,0.15287011118541613
22781,202610,0,0.3589303250881696
22782,202610,0,0.13908044557929436
22783,202610,0,0.2014773250844818
22784,202610,0,0.14225137230157817
22785,202610,0,0.13192478766134286
22786,202610,0,0.18483565406554067
22787,202610,0,0.1564923395965482
22788,202610,1,0.1260029878109644
22789,202610,0,0.1351875179490635
22790,202610,1,0.321259954945528
22791,202610,0,0.06576668312520442
22792,202610,0,0.3302799479144365
22793,202610,0,0.14840353791846222
22794,202610,0,0.14744674819083955
22795,202610,0,0.0636796333540965
22796,202610,0,0.05450831138530183
22797,202610,1,0.15825208171006647
22798,202610,0,0.13879501091041674
22799,202610,0,0.1519874561637397
22800,202610,0,0.13782838862103344
22801,202610,0,0.23548477838401122
22802,202610,0,0.17621966510596068
22803,202610,1,0.2749448385382815
22804,202610,0,0.07574322280341715
22805,202610,1,0.12584039506974773
22806,202610,1,0.26628396493426226
22807,202610,1,0.1749836936286777
22808,202610,0,0.12560224124665256
22809,202610,0,0.3325136653082889
22810,202610,0,0.3468588859421235
22811,202610,0,0.12990554277111885
22812,202610,0,0.04892135036193673
22813,202610,0,0.1329724587145117
22814,202610,0,0.14777509775006067
22815,202610,0,0.12462239328613349
22816,202610,0,0.12069872974753416
22817,202610,1,0.07276829739157978
22818,202610,0,0.12768041065049643
22819,202610,1,0.1499479580227168
22820,202610,0,0.22793037721102669
22821,202610,0,0.05122798657455736
22822,202610,1,0.3546123865530652
22823,202610,0,0.13904583713785157
22824,202610,0,0.14180768686626302
22825,202610,0,0.13107649126250798
22826,202610,0,0.2382073316959783
22827,202610,1,0.23112288456679403
22828,202610,0,0.1449284858890682
22829,202610,0,0.23719221804359616
22830,202610,0,0.17871127925176833
22831,202610,0,0.1573714894171599
22832,202610,0,0.14858059086594064
22833,202610,0,0.06379522026328609
22834,202610,1,0.256701579910312
22835,202610,1,0.1735967640421716
22836,202610,0,0.1369937771165102
22837,202610,1,0.15975308257827808
22838,202610,1,0.37869093337603565
22839,202610,0,0.12338545684641034
22840,202610,0,0.05554913667408929
22841,202610,0,0.1363349541652143
22842,202610,0,0.13214292761650678
22843,202610,1,0.15448634157351301
22844,202610,0,0.1251413465442548
22845,202610,0,0.22011173591700664
22846,202610,0,0.13444031407519574
22847,202610,0,0.15092323915535188
22848,202610,0,0.1355075470693414
22849,202610,0,0.3487716199555944
22850,202610,1,0.21853606969783637
22851,202610,0,0.14520332339585967
22852,202610,1,0.16927465277061532
22853,202610,0,0.1273817943109601
22854,202610,1,0.14505126281460728
22855,202610,0,0.1355883082599211
22856,202610,0,0.1420391486316126
22857,202610,0,0.1524372150648795
22858,202610,0,0.14197429481654356
22859,202610,0,0.1409132458340848
22860,202610,0,0.33820354720585866
22861,202610,0,0.12315055763031606
22862,202610,0,0.22884620138373363
22863,202610,0,0.2288797372492441
22864,202610,0,0.12072588849862854
22865,202610,0,0.03442302909781145
22866,202610,0,0.2519386994856544
22867,202610,1,0.3307907407995594
22868,202610,0,0.1428261576259424
22869,202610,0,0.3746256683921488
22870,202610,0,0.14306262932887504
22871,202610,0,0.14937742770544213
22872,202610,0,0.21779684121752702
22873,202610,0,0.13537834014952072
22874,202610,0,0.17004439940516783
22875,202610,0,0.1241383074462736
22876,202610,0,0.13537436058099342
22877,202610,0,0.34009045220484857
22878,202610,0,0.10478689310173576
22879,202610,0,0.33920507349182094
22880,202610,0,0.14133899071261644
22881,202610,0,0.13288674685326646
22882,202610,0,0.13019380140092982
22883,202610,0,0.2788140969005566
22884,202610,0,0.1309855944711986
22885,202610,1,0.1393335745455558
22886,202610,0,0.034534206518990654
22887,202610,0,0.12836722406422924
22888,202610,0,0.12758045184213926
22889,202610,0,0.13791063759803193
22890,202610,0,0.22641632090366265
22891,202610,0,0.05100951394152527
22892,202610,1,0.13998260843210739
22893,202610,1,0.14216888797782465
22894,202610,0,0.14699564226947576
22895,202610,0,0.055424776391923135
22896,202610,1,0.14820209032228254
22897,202610,0,0.15436733340463618
22898,202610,0,0.2624146226610822
22899,202610,0,0.048759148590003805
22900,202610,0,0.0672836451977649
22901,202610,0,0.10999882016298813
22902,202610,0,0.1505546085925822
22903,202610,0,0.12181105606947303
22904,202610,0,0.1293874163250176
22905,202610,0,0.15015354036044254
22906,202610,0,0.17267367042039053
22907,202610,0,0.19748495910333774
22908,202610,0,0.17719377730013913
22909,202610,0,0.07005527737946647
22910,202610,0,0.15402237063672797
22911,202610,0,0.14969062192350666
22912,202610,1,0.15382240685789203
22913,202610,0,0.14729907201319375
22914,202610,0,0.05932152743818598
22915,202610,0,0.14240082481850697
22916,202610,0,0.1452768176844955
22917,202610,1,0.24007132941667683
22918,202610,0,0.12756047150342825
22919,202610,0,0.23760722654223015
22920,202610,0,0.057573228212308626
22921,202610,0,0.2403746084100255
22922,202610,0,0.06359707812277747
22923,202610,0,0.15351559599227818
22924,202610,0,0.385982119272719
22925,202610,0,0.14601350568317908
22926,202610,0,0.11701563185329575
22927,202610,0,0.14912297684985018
22928,202610,0,0.14570225531770076
22929,202610,0,0.2251773407420252
22930,202610,0,0.1868513493606053
22931,202610,1,0.15919453481432458
22932,202610,1,0.2025742455060351
22933,202610,0,0.14269687653186044
22934,202610,0,0.16448819298985476
22935,202610,0,0.12586295460125557
22936,202610,0,0.1534785251148074
22937,202610,0,0.13799513882243572
22938,202610,0,0.15002293788094245
22939,202610,1,0.12968243740501437
22940,202610,0,0.1263798140712038
22941,202610,0,0.3786456669054863
22942,202610,1,0.14153259112452676
22943,202610,0,0.14384422654770618
22944,202610,0,0.22971524471401233
22945,202610,0,0.12147292133168719
22946,202610,0,0.13121055437204013
22947,202610,0,0.2508111902343968
22948,202610,0,0.2435889317734272
22949,202610,0,0.2267511964596847
22950,202610,0,0.15017917366097192
22951,202610,0,0.13433440705676764
22952,202610,0,0.13469958010905814
22953,202610,0,0.1519814447474549
22954,202610,0,0.14932714654353194
22955,202610,0,0.3408041719987556
22956,202610,1,0.1267258533903162
22957,202610,0,0.41775911932937454
22958,202610,0,0.14364572918755805
22959,202610,0,0.1276746282826822
22960,202610,0,0.3330698190353685
22961,202610,0,0.14263631608258193
22962,202610,0,0.12266145588648088
22963,202610,0,0.12347672858072174
22964,202610,0,0.14458396465117818
22965,202610,0,0.14538455888663968
22966,202610,0,0.15423586547670015
22967,202610,0,0.1534596212626752
22968,202610,0,0.35657147991045346
22969,202610,0,0.12535171604551054
22970,202610,0,0.1313440067148107
22971,202610,0,0.17044534696972852
22972,202610,0,0.33474550621435045
22973,202610,0,0.15995827253485267
22974,202610,0,0.22163366314921945
22975,202610,1,0.1725617043640764
22976,202610,0,0.15777091993702028
22977,202610,0,0.13569653700343334
22978,202610,0,0.15258574320115129
22979,202610,1,0.14424443696886594
22980,202610,0,0.12662139249538426
22981,202610,0,0.08054143092812528
22982,202610,0,0.26850846357387337
22983,202610,0,0.12998590270706634
22984,202610,1,0.25590160630958203
22985,202610,1,0.38421485144585127
22986,202610,0,0.13463134547528782
22987,202610,0,0.15338976949483377
22988,202610,0,0.15390025651077988
22989,202610,0,0.33871775121557224
22990,202610,0,0.13018511123985327
22991,202610,0,0.226679202252723
22992,202610,0,0.13192338710713167
22993,202610,0,0.03694946639237358
22994,202610,0,0.14542797062088925
22995,202610,0,0.13467486412908444
22996,202610,0,0.10349483761878947
22997,202610,0,0.06378733630937525
22998,202610,0,0.13656555900782474
22999,202610,0,0.12434004508397863
23000,202610,0,0.12108172959416592
23001,202610,1,0.401241464451161
23002,202610,0,0.17167786919690164
23003,202610,0,0.12776991019587589
23004,202610,0,0.16782096738688923
23005,202610,0,0.22985879261756406
23006,202610,0,0.13500935843613932
23007,202610,0,0.12508394637905845
23008,202610,0,0.14905062669409916
23009,202610,0,0.3324135688956874
23010,202610,0,0.16599788283468414
23011,202610,0,0.08182583646386554
23012,202610,0,0.15596304616707757
23013,202610,0,0.22913232860696772
23014,202610,0,0.12028614697951863
23015,202610,0,0.15733978076793878
23016,202610,1,0.2375592396994778
23017,202610,1,0.2163784876616993
23018,202610,1,0.13700538880011845
23019,202610,0,0.33895762960216475
23020,202610,0,0.15487314463215177
23021,202610,0,0.13812076630035738
23022,202610,0,0.236084750956634
23023,202610,0,0.06873910655346158
23024,202610,1,0.24380851572650203
23025,202610,0,0.2208722869976713
23026,202610,0,0.273618986814682
23027,202610,1,0.3330987758256874
23028,202610,0,0.2759171527462785
23029,202610,1,0.13361365423580165
23030,202610,1,0.12460437166145351
23031,202610,0,0.218356743659957
23032,202610,0,0.3285310381461882
23033,202610,0,0.13016169102420874
23034,202610,0,0.1412538879720768
23035,202610,0,0.1337938121999377
23036,202610,0,0.16799742420187588
23037,202610,0,0.0634053747724184
23038,202610,1,0.35516070363213065
23039,202610,0,0.338174177313128
23040,202610,0,0.1291099197413777
23041,202610,0,0.12778265663496977
23042,202610,0,0.15778787601333813
23043,202610,0,0.11673189627398069
23044,202610,0,0.26189016553366196
23045,202610,1,0.14229761873084343
23046,202610,0,0.1419481514742933
23047,202610,1,0.25002705958978566
23048,202610,0,0.061261203745378356
23049,202610,0,0.3487716199555944
23050,202610,0,0.14972219957437738
23051,202610,0,0.16208529173987388
23052,202610,0,0.12454809572528074
23053,202610,0,0.14547435051402022
23054,202610,0,0.13908092597545613
23055,202610,0,0.16583594783063993
23056,202610,0,0.12521416653617673
23057,202610,1,0.15125744447062986
23058,202610,0,0.14039514818172527
23059,202610,0,0.15101756564480112
23060,202610,0,0.13979382244679198
23061,202610,0,0.12393687030484622
23062,202610,0,0.1374319396799013
23063,202610,0,0.12889632068868853
23064,202610,0,0.13009975107661037
23065,202610,0,0.13202876525094173
23066,202610,0,0.13849324075356687
23067,202610,0,0.13399533059489027
23068,202610,0,0.1728528224176922
23069,202610,0,0.14258985179352074
23070,202610,0,0.14040859980758047
23071,202610,0,0.0508165326004093
23072,202610,0,0.15121038961937255
23073,202610,0,0.13046331694432162
23074,202610,0,0.12687270942070417
23075,202610,0,0.13026883774722367
23076,202610,1,0.1492992385934295
23077,202610,0,0.2462711302237878
23078,202610,0,0.12703054965732713
23079,202610,0,0.15053803104058294
23080,202610,0,0.14879558879825006
23081,202610,0,0.06407169834860192
23082,202610,0,0.22922953977812563
23083,202610,0,0.15230051650685308
23084,202610,0,0.11540266476554176
23085,202610,0,0.14454734930445598
23086,202610,0,0.14361455128725
23087,202610,0,0.12315514810752765
23088,202610,0,0.13903464331159016
23089,202610,0,0.18539431437388357
23090,202610,0,0.16160090835313728
23091,202610,1,0.13535325375212673
23092,202610,1,0.13387548593991272
23093,202610,0,0.1386180871437748
23094,202610,1,0.24504366544650502
23095,202610,0,0.13248755533432904
23096,202610,1,0.05352734811811086
23097,202610,0,0.14611291902127654
23098,202610,0,0.05764560016957823
23099,202610,0,0.13288278338953297
23100,202610,0,0.14525978433189696
23101,202610,0,0.16707946349155403
23102,202610,0,0.16449733570418437
23103,202610,0,0.22132734069920362
23104,202610,0,0.1305616142176096
23105,202610,0,0.1219196071140294
23106,202610,0,0.13104872663585967
23107,202610,0,0.2298304774919384
23108,202610,0,0.049232754969562434
23109,202610,0,0.18203202034875746
23110,202610,0,0.22282871232319046
23111,202610,0,0.12401522273974917
23112,202610,0,0.1245627720148816
23113,202610,0,0.05063755368990701
23114,202610,0,0.13739718178790106
23115,202610,0,0.2607607251370195
23116,202610,0,0.10802377135169608
23117,202610,1,0.134921369659031
23118,202610,0,0.2385026797915954
23119,202610,0,0.14053255381931773
23120,202610,0,0.13302572444969876
23121,202610,0,0.23487110829838076
23122,202610,0,0.21190057107761406
23123,202610,0,0.14790457425604484
23124,202610,0,0.14817505416899063
23125,202610,0,0.1247345363472012
23126,202610,0,0.14305975247359604
23127,202610,0,0.13508200396275652
23128,202610,0,0.1390977842187117
23129,202610,0,0.22631215759914716
23130,202610,0,0.12183182400075133
23131,202610,0,0.12313003923684465
23132,202610,0,0.1581131234547672
23133,202610,0,0.21941575551873396
23134,202610,0,0.14309844472444655
23135,202610,0,0.12623057616140473
23136,202610,0,0.12443270936624352
23137,202610,0,0.07142253814948982
23138,202610,0,0.13721496496093438
23139,202610,0,0.13966087026272717
23140,202610,1,0.15077862233175343
23141,202610,1,0.32915989409537455
23142,202610,0,0.034322431397536775
23143,202610,0,0.1354097053027257
23144,202610,1,0.3380744222548447
23145,202610,1,0.339132015766349
23146,202610,0,0.14091640371711442
23147,202610,0,0.14522983086831356
23148,202610,0,0.13636840876228867
23149,202610,0,0.11961777205187249
23150,202610,1,0.1482541182726856
23151,202610,0,0.13196454517941159
23152,202610,0,0.13106560344115364
23153,202610,0,0.3359879924064038
23154,202610,0,0.1312730335622984
23155,202610,0,0.13291398307435565
23156,202610,0,0.13999500521527325
23157,202610,0,0.1287810293037887
23158,202610,0,0.1349245917171486
23159,202610,1,0.3402939563771224
23160,202610,0,0.1396211323964302
23161,202610,0,0.15714498028112747
23162,202610,0,0.14307269494124913
23163,202610,0,0.13238222946882452
23164,202610,0,0.2002745723019414
23165,202610,1,0.21767603319335974
23166,202610,0,0.24608591743833086
23167,202610,0,0.15140647067894974
23168,202610,0,0.1313238282795289
23169,202610,0,0.136919964883553
23170,202610,0,0.1415211693849556
23171,202610,0,0.14178260432327094
23172,202610,0,0.04174080137758647
23173,202610,0,0.21816679356292717
23174,202610,0,0.12463711094038477
23175,202610,0,0.14685233318678598
23176,202610,0,0.15249177480795556
23177,202610,0,0.12904072633564712
23178,202610,0,0.13090024649612175
23179,202610,0,0.14853780922355492
23180,202610,0,0.13694012166651431
23181,202610,0,0.34424841149258206
23182,202610,0,0.14680434018278252
23183,202610,0,0.14522983086831356
23184,202610,0,0.11518411593826468
23185,202610,0,0.14533628103440324
23186,202610,0,0.1373006818647836
23187,202610,0,0.2377192193824454
23188,202610,0,0.14847009012090703
23189,202610,1,0.1321814740237973
23190,202610,1,0.31947733395581474
23191,202610,0,0.13645396932494505
23192,202610,0,0.13523802645094554
23193,202610,0,0.17500318128065082
23194,202610,0,0.12047590002297696
23195,202610,1,0.12667822911815546
23196,202610,0,0.13402627248858268
23197,202610,0,0.12051756168027163
23198,202610,0,0.14828856726515005
23199,202610,0,0.06453363403399522
23200,202610,1,0.15258337819361512
23201,202610,0,0.24713871671338414
23202,202610,0,0.1618653003963242
23203,202610,0,0.12768587224469863
23204,202610,0,0.06433273937841506
23205,202610,0,0.15224060841666107
23206,202610,0,0.1396963009052516
23207,202610,0,0.05596009460586381
23208,202610,1,0.16623488612649712
23209,202610,0,0.1338328554602603
23210,202610,1,0.12989864833752768
23211,202610,0,0.15863067213012488
23212,202610,0,0.05069581957119661
23213,202610,1,0.23413414895748758
23214,202610,0,0.13266123104833621
23215,202610,0,0.12728608996110152
23216,202610,0,0.14141752407233835
23217,202610,0,0.12326057577862999
23218,202610,0,0.22491084307581308
23219,202610,0,0.12446465018385154
23220,202610,0,0.1495905760007003
23221,202610,0,0.05149347245691015
23222,202610,0,0.1634063562632029
23223,202610,0,0.33606489571846565
23224,202610,0,0.1340104117677246
23225,202610,0,0.13858517486263228
23226,202610,1,0.1223392455398011
23227,202610,0,0.1257442853188302
23228,202610,0,0.15375804168284202
23229,202610,0,0.23277460987306647
23230,202610,0,0.13690923331356133
23231,202610,0,0.3238025993498344
23232,202610,0,0.2229864656729361
23233,202610,0,0.14549684800166374
23234,202610,0,0.12961434872252903
23235,202610,1,0.16689474058302403
23236,202610,0,0.15101177889785405
23237,202610,1,0.15210035628723204
23238,202610,0,0.12800897295936212
23239,202610,0,0.07266743148682399
23240,202610,0,0.1480109035984264
23241,202610,0,0.14308267010302425
23242,202610,0,0.3469124253056333
23243,202610,0,0.1415671044373364
23244,202610,1,0.4215549418801755
23245,202610,0,0.14966997002582946
23246,202610,0,0.13202640395408474
23247,202610,0,0.23439874628834517
23248,202610,0,0.152975520352323
23249,202610,0,0.23289852398423713
23250,202610,0,0.16717446336270747
23251,202610,0,0.16044114065132517
23252,202610,1,0.14164736296507763
23253,202610,0,0.12898526502339477
23254,202610,0,0.14854789687676082
23255,202610,0,0.14783292624914124
23256,202610,0,0.13630931860967382
23257,202610,0,0.32647419857315596
23258,202610,0,0.1558775503700384
23259,202610,0,0.14229742470499268
23260,202610,0,0.13224133200019933
23261,202610,1,0.23258607815620397
23262,202610,0,0.13542715728384452
23263,202610,0,0.13555536793000758
23264,202610,0,0.1229381954746291
23265,202610,0,0.2591372542005417
23266,202610,1,0.34248209668323315
23267,202610,0,0.19198109923190237
23268,202610,0,0.3471606484544907
23269,202610,1,0.35542335200613606
23270,202610,0,0.14743555593345473
23271,202610,0,0.142297100041851
23272,202610,1,0.14126374613209758
23273,202610,0,0.16968458924917093
23274,202610,0,0.12561339864588436
23275,202610,0,0.12676934518695948
23276,202610,0,0.19133245347634403
23277,202610,0,0.15407050535992786
23278,202610,0,0.13982495146542537
23279,202610,1,0.1356160900098119
23280,202610,0,0.30430855723852385
23281,202610,0,0.14122391457046313
23282,202610,0,0.2355651396974191
23283,202610,0,0.13895116316743122
23284,202610,0,0.1475107629469496
23285,202610,1,0.13489274648351673
23286,202610,0,0.1274007108801226
23287,202610,0,0.14736956543790003
23288,202610,0,0.13710038283427925
23289,202610,0,0.13915348565206312
23290,202610,1,0.12809041345439526
23291,202610,0,0.06012395734061202
23292,202610,1,0.15515440330568103
23293,202610,0,0.2471710727568874
23294,202610,0,0.1299358927200449
23295,202610,0,0.13127711499857866
23296,202610,0,0.1505908374311053
23297,202610,0,0.16622348669237438
23298,202610,0,0.12193053655616422
23299,202610,0,0.1606094063134389
23300,202610,1,0.24022620485967283
23301,202610,0,0.13760939832057079
23302,202610,0,0.25883054242923087
23303,202610,1,0.14112465802150673
23304,202610,0,0.2320113885192501
23305,202610,0,0.13262694891028742
23306,202610,0,0.14413620140421593
23307,202610,0,0.049963031686186495
23308,202610,1,0.14425838866059365
23309,202610,0,0.2094714506043166
23310,202610,0,0.17613341655419323
23311,202610,0,0.1967004311806003
23312,202610,1,0.14238834969089922
23313,202610,0,0.12524584532255512
23314,202610,0,0.16629008592170733
23315,202610,0,0.1368328992567728
23316,202610,1,0.13803479955506132
23317,202610,1,0.23697273763964985
23318,202610,0,0.13274938696660693
23319,202610,0,0.06842898807472764
23320,202610,0,0.1317694089809085
23321,202610,0,0.13126735549750235
23322,202610,0,0.1424072791863301
23323,202610,0,0.1410757391653565
23324,202610,0,0.2120867960276312
23325,202610,0,0.1240032045595709
23326,202610,0,0.16572926783037442
23327,202610,1,0.23656154311681757
23328,202610,0,0.3461822665874226
23329,202610,1,0.3164135242480623
23330,202610,1,0.1421993914248824
23331,202610,1,0.17860388121672108
23332,202610,0,0.033442542950322035
23333,202610,0,0.034942496826769275
23334,202610,0,0.35804968658504494
23335,202610,0,0.12886992406469625
23336,202610,0,0.14397836459105962
23337,202610,0,0.33475463188381394
23338,202610,0,0.06643826053193104
23339,202610,0,0.13163702702366095
23340,202610,0,0.14666137911453042
23341,202610,1,0.13433440705676764
23342,202610,1,0.11385372116721895
23343,202610,0,0.24242515416600705
23344,202610,0,0.14668248817240542
23345,202610,0,0.22841600353237607
23346,202610,0,0.10604841246519628
23347,202610,0,0.14262275386055254
23348,202610,0,0.13496959400975223
23349,202610,0,0.22763252225012592
23350,202610,1,0.20376210974335912
23351,202610,0,0.14180768686626302
23352,202610,0,0.21314873172172472
23353,202610,0,0.4591907207147475
23354,202610,0,0.15003011379866574
23355,202610,0,0.1789122698120159
23356,202610,0,0.2363374622574905
23357,202610,0,0.14724333722302724
23358,202610,1,0.3238025993498344
23359,202610,0,0.12780145694637451
23360,202610,0,0.13561965893410038
23361,202610,0,0.16141908182706596
23362,202610,0,0.14068176559404275
23363,202610,1,0.22431013427757387
23364,202610,0,0.22000064773995773
23365,202610,0,0.12432411762802063
23366,202610,0,0.23560375226216237
23367,202610,0,0.13858508223457283
23368,202610,0,0.1569118067074858
23369,202610,0,0.1862443180970723
23370,202610,1,0.33995645564040555
23371,202610,0,0.15407243813062416
23372,202610,0,0.14103340179410942
23373,202610,0,0.14344517172673948
23374,202610,1,0.13064562940767505
23375,202610,1,0.3518272665303728
23376,202610,0,0.13407021949762443
23377,202610,0,0.13992903515264846
23378,202610,0,0.13373767423302094
23379,202610,0,0.14323162675974052
23380,202610,0,0.32246963216372415
23381,202610,1,0.14824255595301963
23382,202610,1,0.17486001860275596
23383,202610,0,0.1525001563423413
23384,202610,1,0.27183573859708376
23385,202610,0,0.1487099167828199
23386,202610,1,0.3198548212640756
23387,202610,0,0.0650309157357673
23388,202610,0,0.2203104585497758
23389,202610,0,0.34500479732385614
23390,202610,1,0.1826077242655679
23391,202610,1,0.1461797460857624
23392,202610,0,0.079038374067365
23393,202610,1,0.16371230869637643
23394,202610,0,0.329191566161149
23395,202610,0,0.14264949580580955
23396,202610,1,0.2247741395931299
23397,202610,0,0.2549725156463839
23398,202610,0,0.061998946149603766
23399,202610,0,0.14221335143347724
23400,202610,1,0.15118810893302861
23401,202610,0,0.14912016783801385
23402,202610,0,0.1421153679187588
23403,202610,1,0.3382647901116444
23404,202610,0,0.1678757478794522
23405,202610,1,0.24044555997723352
23406,202610,0,0.15023948784770108
23407,202610,0,0.24340474873141893
23408,202610,1,0.13479972262314258
23409,202610,0,0.16103080015085672
23410,202610,0,0.13831330442307352
23411,202610,0,0.05012275516513452
23412,202610,0,0.1441350886327401
23413,202610,0,0.09211006776784213
23414,202610,1,0.28033575024681956
23415,202610,0,0.1492973222887438
23416,202610,0,0.13893928025858102
23417,202610,0,0.12289127272881452
23418,202610,1,0.3418344905129253
23419,202610,0,0.12726177214800374
23420,202610,1,0.22265694565705763
23421,202610,0,0.06841651619847178
23422,202610,0,0.1271225956329978
23423,202610,0,0.14535017082949772
23424,202610,1,0.15665014192641596
23425,202610,0,0.14471912144394344
23426,202610,0,0.1402471788648392
23427,202610,0,0.1362926832525987
23428,202610,0,0.15526820931452157
23429,202610,1,0.14377901008705615
23430,202610,0,0.18934601417279043
23431,202610,0,0.13013100049610282
23432,202610,0,0.13547890863099543
23433,202610,0,0.10796449168960792
23434,202610,0,0.25255136294957437
23435,202610,0,0.059414589983863356
23436,202610,0,0.19373697478308308
23437,202610,0,0.13823738681568515
23438,202610,0,0.14883683917977444
23439,202610,0,0.05149411641734187
23440,202610,0,0.1363504541716071
23441,202610,0,0.06565887742932325
23442,202610,0,0.12554248040464988
23443,202610,0,0.1858012259710109
23444,202610,0,0.14240689761657038
23445,202610,1,0.145305750061036
23446,202610,0,0.17715183362869
23447,202610,0,0.06662339133802564
23448,202610,0,0.23735441035453297
23449,202610,0,0.15538655464041695
23450,202610,0,0.1432290522615078
23451,202610,0,0.1350376041026434
23452,202610,0,0.1343240370431706
23453,202610,0,0.14416982396093594
23454,202610,0,0.1440734407002507
23455,202610,0,0.06162869525718449
23456,202610,0,0.058610519838528725
23457,202610,0,0.1535442254355592
23458,202610,1,0.16957760382164463
23459,202610,0,0.13698245022718522
23460,202610,1,0.2284246581391141
23461,202610,0,0.24178585908702238
23462,202610,0,0.17438729797106334
23463,202610,0,0.24278864943992617
23464,202610,0,0.1466456880375726
23465,202610,1,0.14180862087171112
23466,202610,0,0.13493827769028702
23467,202610,1,0.3399090777875473
23468,202610,0,0.147618705914727
23469,202610,0,0.1288660501009158
23470,202610,0,0.15309206896291322
23471,202610,0,0.2446237656318797
23472,202610,0,0.2528632838717222
23473,202610,0,0.1526189328073638
23474,202610,0,0.26182695881678086
23475,202610,0,0.3269691426762558
23476,202610,0,0.16036866477944045
23477,202610,0,0.132170092470712
23478,202610,0,0.16750248179656477
23479,202610,0,0.2735413361326189
23480,202610,0,0.1755908758219038
23481,202610,0,0.13609549277755173
23482,202610,0,0.14231062265344185
23483,202610,0,0.23236401312809576
23484,202610,0,0.14519927819976444
23485,202610,1,0.12840041242085723
23486,202610,0,0.13854388063915063
23487,202610,0,0.12980201033782557
23488,202610,0,0.13409574413990982
23489,202610,0,0.12180195254739648
23490,202610,0,0.24518043862590067
23491,202610,1,0.152151892497218
23492,202610,0,0.13540322964969612
23493,202610,0,0.033862027854955415
23494,202610,0,0.24993308783342252
23495,202610,0,0.35856133536931906
23496,202610,0,0.1452328751947643
23497,202610,0,0.13530351773274296
23498,202610,0,0.06581969395086283
23499,202610,0,0.11415170182004145
23500,202610,0,0.13230661082176023
23501,202610,0,0.050802918633884794
23502,202610,1,0.414199747516635
23503,202610,1,0.3334508655348929
23504,202610,0,0.15426497744983964
23505,202610,0,0.166127838621383
23506,202610,0,0.13192178511750954
23507,202610,0,0.2332580999716675
23508,202610,0,0.13770566925408143
23509,202610,0,0.12426966385425285
23510,202610,1,0.33417320087782326
23511,202610,1,0.16713985408218668
23512,202610,0,0.22490768067713057
23513,202610,0,0.13196727525517904
23514,202610,0,0.1349834736418512
23515,202610,0,0.060236056031413264
23516,202610,0,0.073475623420525
23517,202610,0,0.2537174834578055
23518,202610,0,0.2398358453584875
23519,202610,0,0.24437741233171206
23520,202610,0,0.12926997532511447
23521,202610,0,0.12728682264699703
23522,202610,0,0.22581288194072482
23523,202610,0,0.14664418441736327
23524,202610,0,0.1295984711834089
23525,202610,0,0.14481276724019962
23526,202610,0,0.13534621260056956
23527,202610,0,0.22821714691502357
23528,202610,0,0.14424875987015762
23529,202610,0,0.12744227194586796
23530,202610,0,0.14449221119473687
23531,202610,0,0.16251602698846357
23532,202610,0,0.03428694963369692
23533,202610,0,0.04531631777824358
23534,202610,0,0.03486240891984561
23535,202610,0,0.12572115037335455
23536,202610,1,0.13781251264005107
23537,202610,1,0.23023324624375013
23538,202610,0,0.11410598892904754
23539,202610,1,0.23654417701276542
23540,202610,0,0.0662740827731324
23541,202610,1,0.13334374646749692
23542,202610,0,0.05410585859736955
23543,202610,0,0.3229394903578841
23544,202610,0,0.14845360209480418
23545,202610,0,0.1252697207717925
23546,202610,1,0.12976181953768554
23547,202610,1,0.13423807536510973
23548,202610,0,0.21637118367033603
23549,202610,1,0.052928847687546465
23550,202610,0,0.24278923733171442
23551,202610,0,0.21304441647581612
23552,202610,0,0.21687193129834184
23553,202610,0,0.13728548161756737
23554,202610,0,0.1471616115788817
23555,202610,0,0.12909710451654507
23556,202610,0,0.13195863246839776
23557,202610,0,0.19268854138636068
23558,202610,1,0.2509691518012983
23559,202610,1,0.24724840450718025
23560,202610,0,0.14260470137918424
23561,202610,0,0.13004488172719753
23562,202610,1,0.24104972582500298
23563,202610,1,0.12746830982424856
23564,202610,0,0.1386109779868253
23565,202610,0,0.1438647145160134
23566,202610,0,0.13725709717257262
23567,202610,1,0.153348289207499
23568,202610,0,0.24753630362905155
23569,202610,0,0.035095421396619794
23570,202610,0,0.14281285026244395
23571,202610,0,0.15632049498226794
23572,202610,0,0.04833392077032198
23573,202610,0,0.12900433233205943
23574,202610,0,0.1350304498339855
23575,202610,0,0.12782393991126934
23576,202610,0,0.15451056859998796
23577,202610,0,0.1390215962978341
23578,202610,0,0.239467727862021
23579,202610,0,0.1295657904967739
23580,202610,1,0.3118096493304902
23581,202610,0,0.23714462213349985
23582,202610,0,0.1323168207283097
23583,202610,0,0.14658964191843948
23584,202610,0,0.1397927221095153
23585,202610,0,0.1016389263693418
23586,202610,0,0.143990037578221
23587,202610,0,0.06386647636041579
23588,202610,0,0.2350157837289947
23589,202610,0,0.1706329529069733
23590,202610,0,0.10549792588897336
23591,202610,0,0.05947377504756792
23592,202610,0,0.06331816911786636
23593,202610,0,0.13324019880011445
23594,202610,1,0.22125199198158194
23595,202610,0,0.36329991645321114
23596,202610,0,0.14284258000157746
23597,202610,1,0.2491777373490489
23598,202610,0,0.1653140945895871
23599,202610,0,0.1222049521050937
23600,202610,1,0.26258381744612325
23601,202610,1,0.33093858303243096
23602,202610,0,0.1414181634039139
23603,202610,0,0.2872554233437199
23604,202610,0,0.21514691001445518
23605,202610,1,0.15160551559788893
23606,202610,0,0.12179057747457665
23607,202610,0,0.13134554780983765
23608,202610,0,0.10137576833552316
23609,202610,0,0.25826570471554616
23610,202610,0,0.15491737645619852
23611,202610,0,0.07197902094729632
23612,202610,0,0.06646806238981003
23613,202610,1,0.23762467708693893
23614,202610,0,0.062431929769692786
23615,202610,0,0.1311300064166555
23616,202610,0,0.12957088981055867
23617,202610,0,0.14981795824627023
23618,202610,0,0.16154480509082605
23619,202610,0,0.14424443696886594
23620,202610,1,0.31909788951927576
23621,202610,0,0.13974974125772718
23622,202610,0,0.1325380483142102
23623,202610,1,0.23465338592038829
23624,202610,1,0.14193554842013464
23625,202610,0,0.1319089683976455
23626,202610,0,0.13290692386012595
23627,202610,0,0.17203002183650234
23628,202610,0,0.12877949608109882
23629,202610,0,0.14654978392314322
23630,202610,1,0.33140274080960275
23631,202610,1,0.12591411519688095
23632,202610,0,0.14868869902429319
23633,202610,0,0.13184564339034102
23634,202610,0,0.13573166376255533
23635,202610,1,0.12657212643673943
23636,202610,0,0.1388961655270496
23637,202610,1,0.24485978165650454
23638,202610,0,0.23223652863848718
23639,202610,1,0.3298399132303463
23640,202610,1,0.14580030255936954
23641,202610,0,0.16030000008577047
23642,202610,0,0.14616412189689304
23643,202610,0,0.12967684544337818
23644,202610,1,0.36473771385962955
23645,202610,0,0.1452347266113895
23646,202610,0,0.1450822258932915
23647,202610,0,0.13171844579340516
23648,202610,0,0.1520349083039416
23649,202610,0,0.2455491892176835
23650,202610,0,0.14491109615083747
23651,202610,0,0.16639388229783575
23652,202610,0,0.12675448157327635
23653,202610,0,0.06703513728002575
23654,202610,0,0.34651789892036483
23655,202610,0,0.1579225426992723
23656,202610,0,0.14951152918265298
23657,202610,0,0.12461574103481961
23658,202610,0,0.12666691207504624
23659,202610,0,0.1410915218647742
23660,202610,0,0.13301808457115696
23661,202610,0,0.05070867479234086
23662,202610,0,0.13338419691288197
23663,202610,0,0.16475546800092575
23664,202610,0,0.14568523151985294
23665,202610,0,0.13952687484216342
23666,202610,0,0.17529855233706684
23667,202610,0,0.1319645486279897
23668,202610,0,0.05908426411799476
23669,202610,0,0.15227123661031253
23670,202610,0,0.13438613489818518
23671,202610,0,0.1513041748804613
23672,202610,0,0.15739706535486384
23673,202610,0,0.12863018197369452
23674,202610,0,0.13338964033473658
23675,202610,0,0.13254417149646913
23676,202610,0,0.22592763317195966
23677,202610,0,0.2525719666974198
23678,202610,1,0.2458422791461412
23679,202610,0,0.22473579656581022
23680,202610,0,0.13604336006944331
23681,202610,0,0.1379363029250066
23682,202610,1,0.13454509112378518
23683,202610,1,0.13563269753800114
23684,202610,0,0.3320384196304164
23685,202610,1,0.23686868098453293
23686,202610,0,0.1407076718526296
23687,202610,0,0.12648733093456152
23688,202610,0,0.03441402549774732
23689,202610,0,0.14981464069983105
23690,202610,1,0.14699238343862722
23691,202610,0,0.12779861766273135
23692,202610,0,0.33881820614380403
23693,202610,0,0.13634334619665686
23694,202610,0,0.16740663031315828
23695,202610,0,0.2236325194696025
23696,202610,0,0.13794475729683917
23697,202610,0,0.14230668282442083
23698,202610,0,0.1425790589776551
23699,202610,1,0.2354661198872057
23700,202610,0,0.1283221756605934
23701,202610,0,0.16847645110295803
23702,202610,1,0.28381280845152884
23703,202610,0,0.17620643926355484
23704,202610,0,0.1252938596285433
23705,202610,0,0.2700236169940603
23706,202610,0,0.052288693366125114
23707,202610,0,0.14979976704980205
23708,202610,1,0.14795497082525938
23709,202610,1,0.1607101287435855
23710,202610,0,0.17513945599847502
23711,202610,0,0.13409886370109778
23712,202610,1,0.12935547000869416
23713,202610,0,0.3235254866422925
23714,202610,0,0.16102747936645545
23715,202610,0,0.2231881318962067
23716,202610,0,0.1198090411384257
23717,202610,1,0.3259014652271936
23718,202610,1,0.13158021144730034
23719,202610,0,0.1440201669441444
23720,202610,1,0.24992334396491941
23721,202610,0,0.14776638341231493
23722,202610,0,0.15629908518586608
23723,202610,0,0.14684571517521347
23724,202610,0,0.124718478348259
23725,202610,1,0.13456959153721418
23726,202610,0,0.03455231180182849
23727,202610,1,0.13019140934046364
23728,202610,0,0.12326173201078339
23729,202610,0,0.23599205958160477
23730,202610,0,0.4259272138214723
23731,202610,0,0.12991305834618438
23732,202610,1,0.34391260148640385
23733,202610,0,0.12956992617640972
23734,202610,0,0.14642491896138712
23735,202610,0,0.1362122097071298
23736,202610,0,0.08043065757114118
23737,202610,0,0.07911753079699116
23738,202610,0,0.23156478986217263
23739,202610,1,0.3413671541113047
23740,202610,0,0.1414882711715145
23741,202610,1,0.16030460089942264
23742,202610,0,0.141976206501975
23743,202610,0,0.22612732948416764
23744,202610,0,0.11278636895566797
23745,202610,0,0.24465902816820517
23746,202610,1,0.16785445913302222
23747,202610,1,0.1077338011411139
23748,202610,0,0.1467080543086097
23749,202610,0,0.3336908166582532
23750,202610,1,0.33488163221396994
23751,202610,0,0.21935619788717567
23752,202610,0,0.24719721231129932
23753,202610,0,0.13569601880842175
23754,202610,0,0.146080291227994
23755,202610,0,0.07417379017837848
23756,202610,0,0.1344666802371394
23757,202610,1,0.14928853598544964
23758,202610,0,0.13002071883800467
23759,202610,0,0.2345486903374199
23760,202610,0,0.1369135004979923
23761,202610,0,0.3028417448583775
23762,202610,0,0.2368769243489421
23763,202610,0,0.0709384478577992
23764,202610,0,0.23564301271426383
23765,202610,0,0.1445989299599067
23766,202610,0,0.16178122007287857
23767,202610,0,0.12422553629611525
23768,202610,0,0.13985790590996044
23769,202610,0,0.13573829379496014
23770,202610,1,0.11630957651525033
23771,202610,0,0.18865524796685815
23772,202610,0,0.12272827694350381
23773,202610,0,0.0702250667525938
23774,202610,0,0.26593438909623496
23775,202610,0,0.052615196800292495
23776,202610,0,0.1032745017606105
23777,202610,0,0.03223661862440956
23778,202610,0,0.14010113248793943
23779,202610,0,0.10614106415878705
23780,202610,0,0.08051055877337307
23781,202610,0,0.11829310336987142
23782,202610,0,0.12971514661964248
23783,202610,0,0.1560892514680179
23784,202610,1,0.1539760604572948
23785,202610,0,0.2394703240653102
23786,202610,1,0.13716313920876944
23787,202610,0,0.06079856886442551
23788,202610,0,0.11689773817644897
23789,202610,0,0.23566082846896083
23790,202610,0,0.16360579527645172
23791,202610,0,0.12416802488922732
23792,202610,0,0.3288984372205917
23793,202610,0,0.15062294968071216
23794,202610,0,0.2149247699587764
23795,202610,0,0.13333696569073858
23796,202610,0,0.14757770610874427
23797,202610,0,0.1381741203775613
23798,202610,0,0.031009894872703853
23799,202610,0,0.12691295523025117
23800,202610,0,0.22459315489746495
23801,202610,0,0.12905631111684532
23802,202610,1,0.23688502028037228
23803,202610,0,0.12715600642996308
23804,202610,0,0.07711602828067121
23805,202610,1,0.13580838859379915
23806,202610,0,0.1366022737757186
23807,202610,0,0.18576754514582722
23808,202610,0,0.07437048627789689
23809,202610,0,0.13725214493177704
23810,202610,0,0.23176319429887693
23811,202610,1,0.2596255713952873
23812,202610,1,0.2722248428078269
23813,202610,0,0.14528405350848814
23814,202610,1,0.22678494178397013
23815,202610,0,0.1577591704943047
23816,202610,0,0.14453043476928726
23817,202610,1,0.14394430190865232
23818,202610,0,0.12990172172015615
23819,202610,0,0.36289621162526997
23820,202610,1,0.1418118922448219
23821,202610,0,0.13947086397015346
23822,202610,0,0.329314047917247
23823,202610,0,0.13314766557192537
23824,202610,0,0.1378191848524687
23825,202610,0,0.15304150654755763
23826,202610,1,0.19843743597829455
23827,202610,1,0.1535756499213779
23828,202610,0,0.28364038463046903
23829,202610,0,0.13283337402570153
23830,202610,0,0.16029858741930036
23831,202610,0,0.050084118288800675
23832,202610,0,0.1294152460405071
23833,202610,0,0.24860501548238975
23834,202610,0,0.22277533932155988
23835,202610,0,0.1323858528309763
23836,202610,0,0.13571424709092367
23837,202610,0,0.13884710879710235
23838,202610,1,0.23463107935978159
23839,202610,0,0.08132341434938394
23840,202610,1,0.1466302150660851
23841,202610,1,0.2902952729944469
23842,202610,0,0.2201452012356399
23843,202610,0,0.2197891470233221
23844,202610,0,0.14143300968707187
23845,202610,1,0.1488635794531773
23846,202610,0,0.14979170032038888
23847,202610,0,0.1377451694514455
23848,202610,0,0.13774573232308357
23849,202610,0,0.23351445899141332
23850,202610,0,0.3563129184171665
23851,202610,0,0.19084247135480054
23852,202610,0,0.16499897831951144
23853,202610,0,0.14309890334035352
23854,202610,0,0.12838186667053839
23855,202610,1,0.1374429415504847
23856,202610,0,0.12715808566216866
23857,202610,1,0.25254450018851593
23858,202610,0,0.1337317138101377
23859,202610,0,0.3472802181699674
23860,202610,1,0.38264223014491516
23861,202610,0,0.14248455759944398
23862,202610,1,0.1436075645661545
23863,202610,0,0.14464688813334928
23864,202610,0,0.1317210181392252
23865,202610,0,0.14112921211813725
23866,202610,0,0.12042893450690034
23867,202610,0,0.12637357417246325
23868,202610,0,0.1412293170138452
23869,202610,0,0.034800053110561745
23870,202610,1,0.2604758290959605
23871,202610,1,0.1267337678152616
23872,202610,0,0.14685452382960362
23873,202610,1,0.13658821990224676
23874,202610,1,0.12536272668417422
23875,202610,0,0.1245091203764943
23876,202610,0,0.13520107877865575
23877,202610,0,0.13119758768925494
23878,202610,0,0.14370236336530628
23879,202610,0,0.10537404062645081
23880,202610,0,0.2273642630009043
23881,202610,0,0.14053218210877444
23882,202610,1,0.15417787706507602
23883,202610,0,0.14724897496488684
23884,202610,0,0.1366707563334512
23885,202610,0,0.16099104363502553
23886,202610,1,0.2256717947316789
23887,202610,1,0.1548721352306453
23888,202610,0,0.170742308561667
23889,202610,0,0.22696863053153893
23890,202610,0,0.14130461392109972
23891,202610,0,0.14835350640848916
23892,202610,0,0.1453251960770614
23893,202610,0,0.15565017347532906
23894,202610,0,0.15217715066004325
23895,202610,0,0.12053036540395042
23896,202610,0,0.10179948992403108
23897,202610,0,0.13339928503332577
23898,202610,0,0.16593921540420054
23899,202610,0,0.059548519706946995
23900,202610,0,0.07756406605480136
2,202611,0,0.12894977312007044
3,202611,0,0.06168343972436774
7,202611,0,0.1369268439622024
10,202611,0,0.05995329806332665
11,202611,0,0.14823569407992068
12,202611,0,0.034534206518990654
14,202611,0,0.13002093404446835
16,202611,0,0.12847754934944572
25,202611,0,0.12968567380991106
32,202611,0,0.12157765175074996
38,202611,0,0.12453290942633662
42,202611,0,0.14012362411500262
48,202611,1,0.1268563977126367
63,202611,0,0.12976697248994604
65,202611,0,0.13513143182784237
70,202611,0,0.14130584257610812
74,202611,0,0.12699482485905897
76,202611,0,0.1285744219166193
83,202611,0,0.05212730423197166
90,202611,0,0.06753302105969368
98,202611,0,0.15985092141366905
104,202611,0,0.1219405191336122
107,202611,1,0.2302116929187907
118,202611,1,0.1299430333034413
121,202611,0,0.05874382078534131
124,202611,0,0.13522440265904026
125,202611,0,0.14962366004463748
137,202611,0,0.14320067029914463
143,202611,0,0.059028700202234365
144,202611,0,0.15089244361148357
147,202611,1,0.1432006605531285
157,202611,0,0.13311054583397006
163,202611,0,0.1310709587087181
165,202611,1,0.13801309633741551
197,202611,0,0.06446914188054338
203,202611,0,0.15454269784628688
205,202611,0,0.12843045492326785
206,202611,1,0.08099972837269352
209,202611,0,0.034322431397536775
228,202611,0,0.15518282208561712
231,202611,0,0.1381602547415504
237,202611,0,0.13653209661856577
243,202611,0,0.06015732367079273
247,202611,0,0.14133367126725516
249,202611,0,0.06119296707599786
253,202611,0,0.14354718704611563
256,202611,1,0.12547371595203474
261,202611,0,0.12636439320387516
263,202611,0,0.03118816196594571
275,202611,0,0.050889866896236514
279,202611,0,0.14326197108709104
280,202611,0,0.135363548929995
288,202611,1,0.13826526310795476
292,202611,0,0.12973765657885739
297,202611,0,0.12452431325022635
299,202611,0,0.12181934012029202
302,202611,0,0.04833392077032198
304,202611,0,0.1310483156271126
308,202611,0,0.22229601577557145
317,202611,1,0.13297548641391427
318,202611,0,0.13633498151546553
319,202611,0,0.1488564063262897
321,202611,1,0.14425406646890843
323,202611,0,0.055158742350728575
325,202611,0,0.13707359602470662
339,202611,0,0.12807920016501037
340,202611,0,0.13526987414254998
355,202611,0,0.11966120530363983
359,202611,0,0.11191795716751042
368,202611,0,0.1525805040166991
371,202611,0,0.12513906427519236
378,202611,0,0.12583197978695573
388,202611,1,0.12765023499278066
389,202611,1,0.14546597709717338
390,202611,0,0.1344283866541446
392,202611,0,0.1393617013959475
409,202611,0,0.121792051952383
412,202611,0,0.057545976060622214
420,202611,0,0.14340627444798976
422,202611,0,0.10081442188423223
428,202611,0,0.1261550064324344
429,202611,0,0.04795801119043619
430,202611,0,0.12678529642883407
434,202611,0,0.05532366316589158
437,202611,0,0.14355454844935805
447,202611,0,0.05139097490188189
461,202611,1,0.1270577907118407
464,202611,0,0.0513829915089314
466,202611,0,0.13739200461662712
468,202611,0,0.22460110553454224
470,202611,0,0.1416961606652894
473,202611,0,0.12948189458540318
475,202611,0,0.06386700055701752
476,202611,0,0.13955306846330126
477,202611,1,0.13304253806593122
480,202611,0,0.056174951888562134
483,202611,0,0.13659005862776932
487,202611,0,0.14944680997335189
495,202611,0,0.14616636918109718
496,202611,0,0.15466546328151062
499,202611,0,0.12512174227976952
502,202611,0,0.059975133883872864
504,202611,0,0.12821110659493673
508,202611,0,0.0634349196476004
514,202611,0,0.12438615017545407
515,202611,0,0.14549170432749167
538,202611,0,0.1263176630556045
548,202611,0,0.12248619621183682
551,202611,0,0.12425659252081082
553,202611,0,0.13323994652195328
560,202611,0,0.05230616667477324
564,202611,0,0.13064693354503873
572,202611,0,0.051208997132398494
577,202611,0,0.033862027854955415
578,202611,0,0.22887190560622278
591,202611,0,0.051814384728116815
593,202611,0,0.12866969863835628
603,202611,1,0.1323597459815603
604,202611,0,0.12335368467588244
606,202611,0,0.13140639222091027
614,202611,0,0.1494517706461722
616,202611,0,0.06319715135627949
622,202611,0,0.1236127598221
626,202611,0,0.05286206525893015
632,202611,0,0.05483380521414579
637,202611,0,0.050367041861384
640,202611,0,0.06729945876830735
644,202611,1,0.12432980789648977
647,202611,0,0.11620753296736805
648,202611,0,0.05932101680455535
653,202611,0,0.13736576759817112
654,202611,0,0.05227863064130629
659,202611,0,0.1507665477059802
661,202611,0,0.03486240891984561
670,202611,0,0.05601043077802074
671,202611,0,0.05734777560159867
673,202611,0,0.12376121653271126
674,202611,0,0.07805518846772339
679,202611,1,0.12474813772487013
682,202611,0,0.12611703477540653
683,202611,0,0.12990724579646018
687,202611,0,0.13269118546269743
688,202611,0,0.06294095693412854
689,202611,0,0.12133337847923921
701,202611,0,0.14265645634506138
705,202611,0,0.12821144156659123
707,202611,0,0.12098877078258809
710,202611,0,0.12263366429890912
714,202611,0,0.12409675145433086
716,202611,0,0.12526714784052492
717,202611,0,0.13434092370044987
721,202611,1,0.17004523166739136
729,202611,0,0.06138849593100851
732,202611,0,0.13420112288849445
734,202611,0,0.1374914628740181
736,202611,0,0.15511106233181055
740,202611,1,0.22508312079993073
742,202611,0,0.051995180603248516
750,202611,0,0.12885141471304504
764,202611,0,0.13027796180310885
767,202611,0,0.12175959612248599
768,202611,0,0.15136237427990384
773,202611,1,0.0541950285580476
774,202611,0,0.1513876750267427
777,202611,0,0.056123085232405306
778,202611,1,0.14481241506764655
784,202611,0,0.1289030079935341
785,202611,0,0.1366161289786587
786,202611,0,0.12620976141149212
787,202611,0,0.20982787180407064
788,202611,0,0.14929578315066497
790,202611,0,0.1605217940774312
794,202611,0,0.058038639328153514
796,202611,0,0.13522788120971968
802,202611,0,0.05801887279974204
812,202611,0,0.13451032179808817
814,202611,0,0.05661289802090614
816,202611,0,0.05346263771958596
817,202611,0,0.1281017883068552
834,202611,0,0.12101045989026497
835,202611,0,0.13901389740672054
836,202611,0,0.12183633000570834
837,202611,0,0.12228218606440003
840,202611,0,0.03378609887354636
841,202611,0,0.040291723220232625
850,202611,1,0.0661020239112093
854,202611,0,0.03386245919412168
857,202611,1,0.14194099579256067
858,202611,0,0.12586009464450834
859,202611,0,0.07589256242822179
864,202611,1,0.13131030897085808
883,202611,0,0.13407021949762443
887,202611,0,0.07088598813309793
902,202611,0,0.12880168347236035
912,202611,1,0.13012790003831323
913,202611,0,0.12390443993160224
915,202611,0,0.11920308441596315
916,202611,0,0.14864017701899915
917,202611,0,0.12331749407321929
918,202611,1,0.13496860241894348
924,202611,0,0.13149265893015422
929,202611,0,0.13540221706679
933,202611,0,0.13157616208629766
934,202611,1,0.12260657326203828
936,202611,0,0.13124483817848642
941,202611,0,0.05775671171523425
946,202611,0,0.05593403095536134
948,202611,0,0.06119296707599786
952,202611,0,0.09985466731318307
959,202611,0,0.13321184767387825
963,202611,0,0.12313423866864075
965,202611,0,0.06830720040498632
970,202611,0,0.13994149276258985
975,202611,0,0.1520619012905471
979,202611,0,0.13153835200064606
982,202611,0,0.12271795221166232
986,202611,0,0.034119674753836045
988,202611,1,0.14338236916840105
992,202611,0,0.12851901744903851
1003,202611,0,0.0450613943937486
1004,202611,0,0.14020236991321955
1007,202611,0,0.14022728085758646
1014,202611,0,0.06798807688384892
1017,202611,0,0.05147280857413485
1018,202611,0,0.11927558309549723
1022,202611,1,0.11409834388685394
1043,202611,0,0.06182746888455831
1046,202611,0,0.1391214482003372
1052,202611,0,0.1314898887397105
1061,202611,0,0.049747517073902674
1063,202611,0,0.1227560146838216
1064,202611,0,0.12981654111183066
1067,202611,0,0.13273821119160323
1070,202611,0,0.07833180446216512
1075,202611,0,0.05694092283448873
1088,202611,1,0.12430525179295632
1105,202611,0,0.051814384728116815
1116,202611,0,0.21786122624676227
1117,202611,0,0.155813460714521
1123,202611,0,0.1273170511391678
1125,202611,0,0.13102861502415578
1132,202611,0,0.1373253656657025
1139,202611,1,0.12044922610479977
1140,202611,1,0.13712043156990258
1160,202611,0,0.052900243805539905
1161,202611,0,0.13144802992890084
1165,202611,0,0.06675760349946692
1171,202611,0,0.21409757911534394
1179,202611,1,0.051814384728116815
1181,202611,0,0.08005179889706769
1185,202611,0,0.13109939470375462
1186,202611,1,0.11732710681232478
1197,202611,0,0.1452045813409252
1202,202611,0,0.12718353355288697
1205,202611,0,0.03480775049326401
1206,202611,0,0.1468933345727185
1207,202611,1,0.15102748819759915
1213,202611,0,0.12891826910549747
1216,202611,0,0.05581400352991342
1228,202611,0,0.12551980073909833
1232,202611,0,0.1491579068933131
1238,202611,0,0.07771534117328446
1241,202611,0,0.06888533033766343
1244,202611,1,0.12520971100534325
1246,202611,0,0.11981419771200875
1247,202611,1,0.1242862899091645
1258,202611,0,0.08953366919288991
1263,202611,0,0.1787311726783503
1289,202611,0,0.12455406986680585
1292,202611,1,0.12274255440964381
1301,202611,0,0.14521100218581645
1302,202611,0,0.056960836041377284
1303,202611,0,0.14810783061562685
1308,202611,1,0.1552041651554785
1309,202611,1,0.12577757846136312
1312,202611,0,0.11697475402033113
1314,202611,0,0.12977509426152584
1322,202611,0,0.07917038619391448
1326,202611,0,0.05339728272878435
1328,202611,0,0.056817825008448404
1334,202611,0,0.1277433477440147
1336,202611,0,0.13218030191784244
1337,202611,0,0.060200603655135916
1338,202611,0,0.13070195323220463
1340,202611,0,0.13145536538561756
1352,202611,1,0.2308609525806864
1361,202611,0,0.1408307757041981
1365,202611,0,0.15447592075440142
1368,202611,0,0.2825001814830839
1370,202611,0,0.06436928181648006
1378,202611,0,0.12511943457829033
1379,202611,1,0.13921024812116642
1381,202611,0,0.14522409509266163
1388,202611,0,0.13446652962725744
1392,202611,1,0.13924697744019182
1393,202611,0,0.1275704385758364
1395,202611,0,0.1339510520095577
1400,202611,0,0.12599466044024418
1404,202611,0,0.052323393495258136
1405,202611,0,0.06294019746125813
1411,202611,0,0.1459807732006571
1414,202611,0,0.1610661291395694
1415,202611,0,0.03408893348096926
1420,202611,0,0.11233945687069273
1425,202611,0,0.07258225980335528
1434,202611,0,0.16207290705181984
1445,202611,1,0.13555164895329375
1453,202611,0,0.14236978089779606
1455,202611,0,0.22425180737175773
1459,202611,1,0.13560310511739787
1460,202611,0,0.14786727679781111
1465,202611,0,0.24851704307979053
1474,202611,0,0.1464377371334901
1475,202611,0,0.03441402549774732
1476,202611,0,0.062039802370794594
1477,202611,0,0.12014919558615136
1489,202611,0,0.0717575911815307
1495,202611,0,0.11312172567507674
1496,202611,0,0.05919410686242551
1501,202611,0,0.12594458547334902
1504,202611,0,0.05419218621850011
1506,202611,0,0.14564492733797066
1508,202611,1,0.12608234996179538
1516,202611,0,0.1392123879483487
1533,202611,1,0.1271024392506296
1535,202611,0,0.08117135310949504
1541,202611,0,0.05794676796261991
1546,202611,0,0.051027429844007925
1552,202611,0,0.05901693088560691
1558,202611,0,0.13240811731964153
1559,202611,0,0.12652776253471237
1564,202611,0,0.12203953649251574
1566,202611,0,0.12959136911451494
1567,202611,0,0.15152331353406587
1573,202611,0,0.14621553924850472
1576,202611,0,0.06148924184954369
1577,202611,0,0.05686085094466691
1578,202611,0,0.11255732085249869
1583,202611,1,0.14290726508805277
1586,202611,0,0.12956411824630454
1587,202611,0,0.06831949695326503
1589,202611,0,0.13086694453098813
1591,202611,0,0.1284280240771611
1592,202611,0,0.06533149769589328
1598,202611,0,0.05568276359049938
1602,202611,0,0.15057742666690213
1604,202611,0,0.06891948715385712
1606,202611,0,0.05081985377816953
1614,202611,0,0.03413066980105147
1615,202611,0,0.2220088977223249
1619,202611,0,0.11813920105096506
1623,202611,0,0.11924633559267381
1631,202611,0,0.13894757730496876
1639,202611,0,0.05765722940939934
1648,202611,0,0.03441293817480717
1653,202611,1,0.055174323825975445
1659,202611,0,0.1315675835595277
1669,202611,0,0.135705712023696
1673,202611,0,0.11761979266641386
1678,202611,0,0.12736662850285363
1682,202611,0,0.2192869832086329
1683,202611,0,0.12490043548689397
1692,202611,0,0.12636841351378283
1693,202611,0,0.1601773634697106
1695,202611,0,0.14692923240527753
1698,202611,0,0.12998974717221373
1706,202611,0,0.24199844057454487
1707,202611,1,0.12837250105284237
1709,202611,0,0.12593473872987396
1710,202611,0,0.1422036364206745
1719,202611,0,0.12486291359063774
1720,202611,0,0.03441402549774732
1723,202611,1,0.1261089502800455
1726,202611,0,0.1332308931426619
1730,202611,0,0.13165457159548352
1732,202611,0,0.11682087959108077
1733,202611,0,0.13193844564787893
1736,202611,0,0.06813746439516932
1743,202611,0,0.12931274991423
1751,202611,0,0.1255133614090963
1752,202611,0,0.12937656549370846
1754,202611,0,0.14823956555773377
1756,202611,0,0.034449826652069894
1760,202611,0,0.12060961774170413
1764,202611,1,0.1564567956764852
1765,202611,0,0.05935326078284564
1776,202611,0,0.13276492101291146
1778,202611,0,0.03376818816125874
1779,202611,0,0.1331064632349738
1781,202611,0,0.05387269849460095
1795,202611,0,0.14774362662371107
1808,202611,0,0.03194906163171673
1809,202611,0,0.13669455568654704
1814,202611,0,0.12914469295386613
1819,202611,1,0.12952559999631097
1821,202611,0,0.12907222529815382
1822,202611,0,0.11984957871856282
1824,202611,0,0.1289906823889883
1827,202611,0,0.14088598483936274
1834,202611,0,0.1655780968996478
1844,202611,0,0.16152466892412914
1851,202611,0,0.1534720818267924
1867,202611,0,0.12672159924917062
1869,202611,0,0.12068346750935172
1875,202611,0,0.24718142544698543
1882,202611,0,0.1321456904406767
1897,202611,0,0.15095495938018977
1910,202611,0,0.14325652687113774
1917,202611,0,0.1322020301499575
1918,202611,0,0.10179948992403108
1935,202611,0,0.12657490809535932
1936,202611,0,0.13302079703506545
1937,202611,0,0.0525788131530428
1944,202611,1,0.12974467153692565
1949,202611,0,0.13300027902732928
1950,202611,1,0.06634729785508181
1952,202611,0,0.051377446831653295
1955,202611,1,0.12753606567925438
1956,202611,0,0.13298244179843233
1969,202611,0,0.045404741440784276
1970,202611,0,0.12210597067999725
1971,202611,0,0.12930739453079715
1977,202611,0,0.1673075203260629
1982,202611,0,0.13333904854997075
1995,202611,0,0.12720044955334234
1996,202611,1,0.13014453320970873
2002,202611,0,0.13102677758079434
2004,202611,0,0.13821442537606834
2011,202611,0,0.15282340329769475
2013,202611,0,0.1359671146042039
2014,202611,0,0.13001098891623122
2018,202611,1,0.13837210014012913
2026,202611,0,0.10695726397033642
2040,202611,0,0.123152799287242
2043,202611,0,0.12919708417105888
2060,202611,0,0.12823705238795446
2069,202611,0,0.0701210160080543
2073,202611,0,0.11111332853788612
2075,202611,1,0.2219591353030175
2076,202611,0,0.056542666557368414
2082,202611,0,0.12409705284896015
2089,202611,0,0.05071220099813338
2091,202611,0,0.1344048619974966
2103,202611,0,0.05794535744766004
2109,202611,0,0.05290116532639273
2112,202611,0,0.13834570677726787
2113,202611,0,0.1383679904420734
2119,202611,0,0.06188325754277781
2121,202611,0,0.13123499732903068
2125,202611,0,0.13730627862099523
2127,202611,0,0.2315578304867344
2128,202611,0,0.13903213573507625
2132,202611,0,0.14543298868673696
2138,202611,1,0.12678342067439008
2142,202611,1,0.12962990722048143
2146,202611,0,0.13008587792468235
2148,202611,0,0.03269153030422041
2149,202611,0,0.14818241705968202
2156,202611,0,0.062040122223191226
2157,202611,0,0.1399478098382465
2159,202611,0,0.13899722276517898
2160,202611,0,0.1297685127303754
2169,202611,0,0.13992285954786624
2170,202611,0,0.05203557145350255
2180,202611,1,0.148864453217896
2186,202611,0,0.06023320594612681
2188,202611,0,0.05331436933776287
2190,202611,0,0.10767243969273749
2197,202611,1,0.14546116758736102
2203,202611,0,0.11277328797230983
2204,202611,0,0.12738486176930963
2205,202611,0,0.14170993508380336
2207,202611,0,0.13544076898483084
2209,202611,0,0.0593379825282805
2211,202611,0,0.0659324372919847
2219,202611,1,0.1410116336072006
2220,202611,0,0.05850072447091048
2226,202611,0,0.14317789741765127
2229,202611,0,0.09665808742463478
2234,202611,0,0.11149155536750682
2237,202611,0,0.1654622726547268
2240,202611,0,0.12438716630443578
2249,202611,0,0.05750869072153139
2252,202611,0,0.14333130394939986
2264,202611,0,0.15509749816362503
2269,202611,0,0.12712441143282857
2272,202611,0,0.06246704765376388
2283,202611,0,0.12167873615145434
2284,202611,0,0.13281277685338316
2287,202611,0,0.13227973281829747
2290,202611,0,0.1190935932955791
2294,202611,1,0.12681905271004892
2298,202611,0,0.05866240376760247
2328,202611,0,0.13070597532224243
2329,202611,0,0.1840086400540741
2330,202611,0,0.14520489475447387
2336,202611,0,0.12837712409410135
2338,202611,0,0.13969116245795515
2341,202611,0,0.2262482945488397
2353,202611,0,0.13846367140149146
2356,202611,0,0.03489683175493829
2366,202611,0,0.12631208446322606
2401,202611,0,0.1149512223878623
2404,202611,0,0.04997404468151335
2408,202611,0,0.12023922737195258
2409,202611,0,0.12533323820998932
2410,202611,0,0.12988323409111632
2415,202611,1,0.15008407106371846
2421,202611,0,0.2267802189434974
2425,202611,0,0.14560347653592515
2427,202611,0,0.1534191732866004
2429,202611,0,0.14920004552034455
2432,202611,0,0.1409868460360885
2435,202611,0,0.12469144074008105
2436,202611,0,0.12562496015671537
2441,202611,1,0.15205627828121404
2447,202611,0,0.12140554226341925
2449,202611,0,0.052928847687546465
2454,202611,0,0.06599041036877967
2460,202611,0,0.04025540853167722
2466,202611,1,0.15839048494329266
2472,202611,0,0.12951534362031536
2479,202611,0,0.13034965764696624
2483,202611,0,0.1472497965339805
2484,202611,0,0.12965879897367108
2492,202611,0,0.154021992423567
2493,202611,0,0.061853897491197976
2495,202611,0,0.1273545656590688
2498,202611,0,0.1426533638756691
2501,202611,0,0.12554004924866513
2507,202611,1,0.14259233013915695
2510,202611,0,0.13656158542671504
2512,202611,0,0.046276034011815695
2513,202611,1,0.1306595408219425
2516,202611,0,0.03500948395183938
2517,202611,0,0.12735013879403778
2534,202611,1,0.1486734033131945
2538,202611,0,0.033897443095690545
2544,202611,1,0.12865370081641564
2561,202611,0,0.13731888490791316
2563,202611,0,0.12588656347285618
2567,202611,0,0.12652590313065884
2569,202611,0,0.06972529745558503
2571,202611,1,0.1278782396759368
2576,202611,0,0.1304730711527495
2588,202611,0,0.13286850935529204
2592,202611,0,0.05328604705035374
2593,202611,0,0.13221947093552147
2604,202611,0,0.10984001570908836
2613,202611,0,0.11940649473572615
2617,202611,1,0.1346836168292428
2620,202611,0,0.12671017114632482
2626,202611,0,0.050369586951735365
2628,202611,1,0.22119428867830135
2629,202611,0,0.057185489320685706
2634,202611,0,0.056453492504889374
2636,202611,1,0.12705311361417673
2637,202611,0,0.14942829564615978
2649,202611,0,0.13941873525828016
2653,202611,0,0.15444767115757874
2661,202611,0,0.12820652168062754
2662,202611,0,0.10122874747113508
2668,202611,0,0.08655801165612367
2673,202611,1,0.10954211943137401
2682,202611,1,0.14028146328571808
2684,202611,0,0.12592923913910625
2686,202611,0,0.13286737288215814
2706,202611,0,0.12839172642018376
2709,202611,0,0.12354925995426895
2710,202611,0,0.12404883500195882
2712,202611,0,0.08396707103478815
2717,202611,0,0.12647280853187465
2718,202611,0,0.14106372687757415
2720,202611,0,0.13044640198829055
2726,202611,0,0.1354991555381071
2732,202611,0,0.14231422287503245
2735,202611,0,0.14365892801826166
2736,202611,0,0.12842582554134827
2754,202611,0,0.13285156524731984
2755,202611,0,0.049199921927370056
2758,202611,0,0.12722582687814538
2759,202611,0,0.05906484941784389
2768,202611,0,0.14665677049359208
2769,202611,0,0.14129767439536442
2770,202611,0,0.13252930232354448
2776,202611,0,0.04833392077032198
2779,202611,0,0.21272857328274417
2782,202611,1,0.1382747947497858
2790,202611,0,0.05943902006069278
2794,202611,0,0.12307039191009611
2796,202611,0,0.03463053940830075
2801,202611,0,0.12686566175638178
2807,202611,1,0.12677578198111378
2810,202611,0,0.10177172328052356
2811,202611,1,0.06668205031565566
2813,202611,0,0.13714808139095896
2820,202611,0,0.13129870366659036
2822,202611,0,0.13605040455659057
2830,202611,0,0.1396416678495472
2831,202611,0,0.1411004776074658
2835,202611,0,0.1339751860437774
2837,202611,0,0.11662753550551991
2852,202611,0,0.1470848738123318
2861,202611,0,0.12415643984976357
2864,202611,0,0.052361115259905326
2868,202611,1,0.13949201934725194
2869,202611,0,0.052928847687546465
2870,202611,0,0.31201799253245927
2883,202611,0,0.03412457765317713
2888,202611,1,0.05068863705403811
2890,202611,0,0.052727863822901185
2891,202611,1,0.3370974130732179
2892,202611,0,0.050569717599211535
2895,202611,0,0.15750281820429857
2908,202611,0,0.14266017385710086
2911,202611,0,0.049084685676995476
2918,202611,0,0.13066954593434568
2923,202611,1,0.12260657326203828
2931,202611,0,0.1447700322008363
2936,202611,0,0.1362041388958554
2938,202611,0,0.23148050512288695
2940,202611,0,0.1463566366671937
2942,202611,0,0.13145884277258746
2943,202611,0,0.033897443095690545
2945,202611,0,0.1572384886371953
2949,202611,0,0.05118306408856617
2959,202611,0,0.14724326656828907
2966,202611,0,0.1401542840787707
2969,202611,0,0.14209893324284725
2970,202611,0,0.13817903204711623
2975,202611,0,0.1253161534753862
2976,202611,0,0.13193548786161569
2987,202611,0,0.12624722738805355
2993,202611,0,0.05406816653677003
2995,202611,0,0.06895755571907591
2998,202611,0,0.05174703839094354
3002,202611,0,0.13113653189487703
3004,202611,0,0.1299395178121545
3008,202611,0,0.1463950841017107
3010,202611,0,0.14208784551241352
3019,202611,0,0.05721951216619727
3020,202611,1,0.14810986538944437
3027,202611,0,0.0503627073909714
3030,202611,0,0.15788332006394545
3031,202611,0,0.14318095246895507
3037,202611,0,0.12671664554163392
3038,202611,0,0.12427335268407624
3039,202611,0,0.07250951342026112
3043,202611,0,0.13743116114444648
3048,202611,0,0.06495512006549241
3049,202611,0,0.1300859925404213
3050,202611,1,0.13142336575799995
3053,202611,0,0.05020985988604434
3054,202611,0,0.05789703617382877
3056,202611,0,0.12163937011334673
3069,202611,0,0.22621684655932595
3071,202611,0,0.14039514818172527
3072,202611,0,0.145030000825676
3075,202611,0,0.12501131961851203
3078,202611,0,0.13065868248847912
3080,202611,0,0.12449764251807441
3089,202611,1,0.23328186951669996
3104,202611,0,0.14210171830330817
3109,202611,0,0.1339373632604157
3125,202611,1,0.13936491728220535
3126,202611,0,0.07741505245928178
3134,202611,1,0.12712482526857438
3137,202611,0,0.05651570352916591
3139,202611,0,0.1205394891849069
3142,202611,0,0.14673807116294135
3147,202611,0,0.050367041861384
3160,202611,1,0.12993000217991063
3168,202611,0,0.11845087792954864
3169,202611,0,0.14759479381666246
3172,202611,0,0.11993216224742814
3174,202611,0,0.126529388850119
3176,202611,1,0.05570840361579687
3178,202611,0,0.14032482608483135
3179,202611,0,0.05149017737500067
3181,202611,0,0.11524601630045458
3190,202611,0,0.1567584303633234
3192,202611,0,0.14304353664380903
3196,202611,0,0.13339403716814716
3197,202611,0,0.15172952079803767
3206,202611,0,0.1456565895956963
3208,202611,0,0.03455231180182849
3210,202611,0,0.1173869299027134
3214,202611,0,0.2344579688201332
3217,202611,1,0.1351111678395354
3220,202611,0,0.07047114195973607
3223,202611,1,0.15188887699096495
3228,202611,0,0.05005887527393072
3232,202611,0,0.11911210934105204
3246,202611,1,0.12326665932741339
3247,202611,0,0.1308028930955913
3253,202611,0,0.06530929754319807
3256,202611,0,0.05259210790334297
3257,202611,0,0.1312026828475466
3262,202611,0,0.08462737587343955
3265,202611,1,0.14866142959018425
3269,202611,0,0.06377510109628035
3276,202611,0,0.05344435999466398
3279,202611,0,0.23860934538853615
3282,202611,0,0.07534131669676047
3284,202611,0,0.05711135953194151
3285,202611,0,0.13737598012828872
3295,202611,0,0.13020756216409776
3297,202611,0,0.10250297187338521
3298,202611,0,0.12413061443338412
3303,202611,1,0.1357126000423424
3309,202611,1,0.1371193620842857
3311,202611,0,0.052147852374277645
3312,202611,1,0.12988694280596325
3313,202611,0,0.13908315009157932
3321,202611,0,0.12069133719907016
3322,202611,1,0.14080322994105116
3325,202611,0,0.11495736056043071
3329,202611,0,0.21566520166388206
3345,202611,0,0.14793299101829893
3347,202611,0,0.11095575054146675
3349,202611,0,0.1269390726132072
3350,202611,0,0.10053706270227315
3354,202611,0,0.12952704369920795
3356,202611,0,0.23422214330492375
3363,202611,0,0.13390908025143056
3372,202611,0,0.11718046282008149
3376,202611,0,0.12201498987821097
3380,202611,0,0.12498026171116002
3383,202611,0,0.12006459991184405
3385,202611,0,0.1338758959305774
3387,202611,0,0.1414101840505381
3395,202611,0,0.05794841066095149
3396,202611,0,0.04818335689575134
3397,202611,0,0.12665286126023365
3411,202611,0,0.06871414543372867
3413,202611,0,0.052161653259173324
3415,202611,0,0.06896211289282904
3420,202611,1,0.1298416197324849
3444,202611,0,0.15124521296538204
3446,202611,0,0.1386746172356996
3447,202611,0,0.06279142689549028
3448,202611,0,0.11129618825812607
3454,202611,0,0.053451301280970205
3466,202611,0,0.1213237758665346
3471,202611,0,0.16114572149697817
3474,202611,0,0.06079867126940101
3488,202611,0,0.14748516060462954
3496,202611,0,0.06405538913215902
3498,202611,0,0.14198328498448726
3499,202611,1,0.08561905698461449
3508,202611,0,0.13121730841973772
3511,202611,0,0.05069581957119661
3514,202611,0,0.06318301882991992
3524,202611,0,0.06869683335262364
3526,202611,0,0.12971342975965383
3529,202611,0,0.0393371820297312
3552,202611,0,0.03937405795726471
3561,202611,0,0.0516004694762206
3564,202611,0,0.20133277377061756
3566,202611,0,0.05337257752965384
3576,202611,0,0.1306111106189827
3581,202611,0,0.05162122186070023
3582,202611,0,0.12939514832888396
3583,202611,0,0.22401472657973384
3587,202611,0,0.12846263963543475
3589,202611,0,0.12802510975464798
3590,202611,0,0.10332459973282265
3592,202611,0,0.1386901077021867
3594,202611,0,0.06197909805964293
3598,202611,0,0.12760544380765673
3602,202611,1,0.134538652627914
3605,202611,0,0.14674498724300533
3607,202611,1,0.10172152525601216
3608,202611,0,0.15289402400093335
3610,202611,0,0.1473010130129755
3619,202611,0,0.12899321984550907
3621,202611,1,0.053975768920334635
3622,202611,0,0.11612581978304617
3623,202611,0,0.1640706016155022
3628,202611,0,0.1341850006610864
3629,202611,0,0.13547131954722114
3647,202611,0,0.05013838249377462
3653,202611,0,0.17684733185165244
3657,202611,0,0.15050952310276058
3658,202611,0,0.10179948992403108
3661,202611,0,0.03408893348096926
3665,202611,0,0.13762654648559977
3668,202611,0,0.05808415538243773
3670,202611,0,0.07230602937275107
3672,202611,0,0.03399405414156989
3675,202611,0,0.1024174148039583
3680,202611,0,0.03475021293316905
3697,202611,0,0.056518540825213286
3698,202611,0,0.03341689978442271
3699,202611,0,0.13072425030694612
3703,202611,0,0.046310500831357224
3711,202611,0,0.1372936673889359
3712,202611,0,0.15226885977472873
3716,202611,0,0.12452929387846143
3717,202611,0,0.14952475986043554
3721,202611,0,0.14240919466911356
3725,202611,1,0.12572975074356768
3726,202611,0,0.1326471492537788
3735,202611,0,0.14790760259311636
3736,202611,0,0.23863561772043135
3740,202611,0,0.1303929250645713
3743,202611,1,0.22547947299098559
3746,202611,1,0.12450436627809357
3748,202611,0,0.1146484737359205
3751,202611,0,0.07696542493868751
3753,202611,0,0.07597742928488081
3754,202611,0,0.08077113691630172
3755,202611,0,0.05413238930533861
3764,202611,0,0.13153744256433506
3768,202611,0,0.16260315173765172
3781,202611,0,0.1557068400286767
3782,202611,0,0.1543798445018301
3787,202611,0,0.06984680549551671
3796,202611,1,0.14101970546579895
3800,202611,0,0.12619953095838563
3804,202611,0,0.05550342872772314
3820,202611,0,0.18682450362734454
3821,202611,0,0.1527315225148404
3824,202611,0,0.07707739476602633
3825,202611,0,0.13955461915583467
3826,202611,0,0.15835769787714438
3831,202611,0,0.12693506380675587
3834,202611,0,0.13646812746981618
3835,202611,0,0.12422399856999795
3836,202611,0,0.12480855066238576
3840,202611,0,0.07775658132482587
3841,202611,0,0.13634218526286135
3842,202611,1,0.14695043869330984
3847,202611,1,0.12109091120707167
3848,202611,0,0.15601361764350283
3863,202611,0,0.16676456463652614
3869,202611,0,0.11545753924867992
3875,202611,0,0.13291677160070473
3876,202611,1,0.14934251179089522
3877,202611,0,0.22895865424202674
3878,202611,0,0.14241634574611137
3879,202611,0,0.1444477353907461
3881,202611,0,0.14075879220525425
3882,202611,0,0.058803943605407104
3887,202611,0,0.12279383574849988
3890,202611,0,0.1264257955113458
3897,202611,1,0.1268176062730112
3904,202611,0,0.03389656899196255
3905,202611,0,0.23341524753765872
3908,202611,0,0.14820921764945547
3917,202611,0,0.15040639147799964
3927,202611,0,0.13358823370235925
3931,202611,0,0.15405645866168527
3938,202611,0,0.14450729148575256
3944,202611,0,0.15089468602900757
3947,202611,0,0.12365091456771025
3950,202611,0,0.13310234111455943
3971,202611,0,0.12498071030748549
3982,202611,0,0.05638238407617154
3988,202611,1,0.2149689108033923
3991,202611,0,0.03408893348096926
3992,202611,0,0.14453470481383507
3997,202611,0,0.06510272609773497
4005,202611,0,0.06246704765376388
4008,202611,0,0.1308293860872194
4016,202611,0,0.05109517966458535
4018,202611,0,0.12568951402292905
4020,202611,0,0.17621326609481355
4027,202611,0,0.05277659733074896
4038,202611,0,0.12499630565362042
4044,202611,1,0.1455330145148875
4045,202611,0,0.12176013288198856
4048,202611,0,0.1380877599249808
4051,202611,0,0.12470259658840159
4054,202611,0,0.126607985908687
4055,202611,0,0.13231914686819912
4065,202611,0,0.1252639001822952
4066,202611,0,0.14601945938874442
4067,202611,1,0.1009375779840992
4073,202611,0,0.10342484543097669
4079,202611,0,0.050394157809469674
4084,202611,0,0.11902983493697736
4087,202611,0,0.1602746144036295
4089,202611,0,0.05463962863836521
4091,202611,0,0.22397014689637754
4092,202611,0,0.1185337037911924
4102,202611,0,0.24188728821691344
4108,202611,0,0.1363693714005984
4113,202611,0,0.14100436791540152
4116,202611,0,0.14242546443137274
4117,202611,0,0.0518742608141399
4122,202611,1,0.05893563306747893
4124,202611,0,0.12481307483884893
4125,202611,0,0.12446324075726511
4128,202611,0,0.1514836777697468
4129,202611,0,0.12802481716961003
4130,202611,0,0.14249956702102567
4134,202611,0,0.1339563463832829
4141,202611,1,0.13958536853194406
4142,202611,1,0.12589208989155876
4144,202611,0,0.13671400337109715
4147,202611,0,0.21979583378558468
4150,202611,0,0.05549650400079973
4158,202611,0,0.1524184857000195
4162,202611,0,0.14251163039911216
4163,202611,0,0.11807276302312146
4166,202611,0,0.03476462443855978
4167,202611,0,0.12233934687292317
4168,202611,0,0.12076338079090045
4175,202611,0,0.03455231180182849
4179,202611,0,0.059752608027281676
4180,202611,0,0.15100344456321
4189,202611,0,0.1264847730972928
4192,202611,0,0.15057405691576575
4195,202611,0,0.13672203595799262
4197,202611,0,0.14295814063413495
4198,202611,0,0.12671131171362954
4202,202611,0,0.11606635297789382
4208,202611,0,0.12639985695029415
4222,202611,0,0.1293983205260589
4225,202611,0,0.03456858347242821
4227,202611,0,0.13894778338330552
4229,202611,0,0.131241074254208
4230,202611,0,0.1297787422100495
4234,202611,1,0.12627349665261042
4236,202611,1,0.1444112196229191
4244,202611,0,0.22494183071430982
4247,202611,0,0.1181824190162647
4249,202611,0,0.13225725827333593
4258,202611,0,0.1310083929257896
4266,202611,0,0.14549684800166374
4283,202611,0,0.08303123495185463
4286,202611,0,0.11057565616964622
4287,202611,0,0.14698742954512697
4289,202611,0,0.0763549534381361
4291,202611,0,0.13430622969382103
4292,202611,0,0.12785338412541983
4295,202611,1,0.13141453640471246
4296,202611,0,0.051814384728116815
4309,202611,0,0.033862027854955415
4323,202611,0,0.13227412921351
4324,202611,0,0.14915867549350284
4327,202611,0,0.11193470974483356
4328,202611,0,0.12339676263022359
4330,202611,0,0.058322809318946685
4334,202611,0,0.053230982755764225
4338,202611,0,0.0575529978879287
4341,202611,0,0.1437159109105456
4343,202611,0,0.2226733172753799
4349,202611,0,0.06576707595572938
4366,202611,0,0.12599470658760292
4367,202611,0,0.04813177076136083
4373,202611,0,0.0794825500181705
4374,202611,0,0.162896639836187
4377,202611,1,0.13396844624134877
4384,202611,0,0.15810947083312138
4390,202611,0,0.1336728366367635
4403,202611,0,0.12699339643634733
4409,202611,0,0.09668973668398496
4410,202611,1,0.13312781750948358
4419,202611,0,0.138686690157448
4427,202611,0,0.11837937104752791
4428,202611,0,0.14736805643652232
4429,202611,0,0.14164735644368495
4430,202611,0,0.05038291876231524
4431,202611,0,0.13161171699129606
4433,202611,0,0.06245192083800765
4434,202611,0,0.12464604308938164
4442,202611,0,0.05349495826293678
4444,202611,0,0.1251491533907936
4453,202611,1,0.1545195610725052
4456,202611,0,0.0630211534264377
4457,202611,0,0.12541400500181726
4459,202611,0,0.12370164814979864
4463,202611,0,0.14222520737003094
4465,202611,0,0.14103698628151312
4466,202611,0,0.05594632821279599
4469,202611,0,0.0640908790858511
4485,202611,1,0.2260972604862707
4486,202611,0,0.1232851034775049
4488,202611,0,0.12983787517075632
4490,202611,0,0.13011000756453708
4492,202611,0,0.12554187610708462
4498,202611,1,0.1286089401986237
4500,202611,0,0.060745805022609185
4502,202611,0,0.14070582185875194
4507,202611,0,0.1325393255654026
4511,202611,0,0.14129868718617908
4512,202611,0,0.11696841390008882
4516,202611,0,0.13069004932997302
4520,202611,0,0.12299595541342748
4524,202611,1,0.13482931023795483
4536,202611,0,0.0641352347150862
4538,202611,0,0.05346263771958596
4549,202611,0,0.04941169258745957
4550,202611,1,0.05647482165407865
4554,202611,0,0.12613185849687955
4561,202611,0,0.1388275192897454
4564,202611,0,0.12347425256036801
4566,202611,0,0.1132561832963509
4568,202611,0,0.13706219718961404
4579,202611,1,0.12794306340258976
4580,202611,0,0.13254517051119674
4586,202611,0,0.061426890888755546
4594,202611,0,0.13808823786296553
4598,202611,0,0.12917873672718697
4602,202611,0,0.1480073504134285
4609,202611,0,0.1371954391188011
4610,202611,0,0.10940913517660748
4611,202611,0,0.1256686841951317
4619,202611,0,0.14021562947166039
4624,202611,0,0.16665056005867807
4627,202611,0,0.12310537893094761
4628,202611,1,0.1221697971317392
4631,202611,0,0.12411346506749618
4632,202611,0,0.15756537624308586
4634,202611,1,0.13638933448494614
4635,202611,0,0.057120791657730804
4637,202611,0,0.13443089770955458
4641,202611,0,0.13032914755757483
4643,202611,0,0.06299448003370245
4660,202611,0,0.03408893348096926
4665,202611,0,0.1327468745392417
4667,202611,0,0.03386245919412168
4668,202611,0,0.13152022637168934
4670,202611,0,0.13449164735719749
4674,202611,0,0.05009379229063893
4676,202611,0,0.1333208471922276
4683,202611,0,0.16432293503662043
4684,202611,0,0.05549650400079973
4687,202611,0,0.12404815556577257
4694,202611,1,0.12256802728744481
4704,202611,0,0.12410697243209082
4706,202611,0,0.1282420409436099
4732,202611,0,0.13423405885884826
4734,202611,0,0.14782964132473736
4735,202611,0,0.10663159298764438
4744,202611,0,0.05899780557129687
4755,202611,0,0.11469835446953344
4756,202611,1,0.12414197791116809
4759,202611,0,0.050771812818178656
4762,202611,0,0.06113013819703027
4763,202611,1,0.12739681505465986
4765,202611,0,0.14976298530577298
4767,202611,0,0.12222884887094293
4770,202611,1,0.12886943122126734
4775,202611,0,0.1351581316246785
4780,202611,0,0.13524406385158333
4788,202611,1,0.13368405399549207
4789,202611,0,0.13215984782583612
4792,202611,1,0.051824288224255624
4794,202611,0,0.14554850250816623
4795,202611,0,0.12931451003127
4797,202611,0,0.1285753482363602
4803,202611,0,0.05615237369057216
4805,202611,1,0.1431331102561402
4810,202611,0,0.14118210171714435
4812,202611,0,0.1564637477623509
4814,202611,0,0.1272583693118125
4818,202611,0,0.10884830833343136
4820,202611,0,0.062481931581182
4822,202611,0,0.13097837237634521
4827,202611,0,0.06411441619499451
4828,202611,0,0.053881918474819705
4831,202611,0,0.03442302909781145
4839,202611,0,0.13386343470551837
4841,202611,0,0.12501841000829247
4842,202611,0,0.04025025690995719
4844,202611,0,0.12621996914537117
4852,202611,0,0.05027160036751665
4861,202611,0,0.06775201013991364
4863,202611,0,0.2168385083252384
4868,202611,1,0.13092115582131902
4878,202611,0,0.13439370565390188
4881,202611,0,0.1277065661826556
4883,202611,0,0.14670528646902872
4884,202611,0,0.12192237787483438
4890,202611,0,0.12504288809012712
4894,202611,0,0.03270796284084317
4895,202611,0,0.1600983792392673
4898,202611,0,0.12982501651623585
4899,202611,0,0.04598222703073674
4900,202611,1,0.12807944624376008
4901,202611,0,0.06428709007572292
4902,202611,0,0.04497875050257767
4912,202611,1,0.12621338556580547
4918,202611,1,0.11607370362206008
4919,202611,0,0.12634202623635285
4934,202611,0,0.061448412761434174
4937,202611,0,0.11633682682323127
4939,202611,0,0.052928847687546465
4941,202611,1,0.13644352095660803
4945,202611,0,0.03378609887354636
4950,202611,1,0.0493798282249668
4952,202611,0,0.13004762206726483
4953,202611,0,0.13966820175513814
4954,202611,0,0.1234879122695193
4955,202611,0,0.11884264648819391
4956,202611,1,0.13635211595425561
4957,202611,1,0.15027236483855894
4967,202611,0,0.058664323749915974
4970,202611,0,0.15148854681717427
4971,202611,1,0.11932553570751442
4979,202611,0,0.14446698079098833
4983,202611,0,0.12433263134789702
4989,202611,0,0.12413604976126491
4995,202611,0,0.1401229512955298
5002,202611,1,0.1260448185513842
5004,202611,0,0.15791313312865496
5007,202611,0,0.1310256522144926
5009,202611,0,0.051592181146646134
5010,202611,0,0.12077909094437236
5016,202611,0,0.12087336506975259
5033,202611,0,0.05145206353487263
5038,202611,0,0.03376775798094426
5041,202611,1,0.15837820266659514
5045,202611,0,0.07695133796340135
5049,202611,0,0.05660434066056566
5050,202611,1,0.1517686082327184
5051,202611,0,0.05086371336788416
5055,202611,0,0.1316813014103892
5058,202611,0,0.05841275236168939
5059,202611,0,0.05098983912816389
5072,202611,1,0.12728735791498036
5073,202611,0,0.1330441693976616
5074,202611,0,0.23618489001223064
5076,202611,0,0.1337659612246964
5078,202611,0,0.06431269866261653
5081,202611,0,0.11954517074847844
5082,202611,0,0.13825148494600278
5084,202611,0,0.033862027854955415
5092,202611,1,0.13204766912199287
5105,202611,0,0.12854641392645638
5107,202611,0,0.12690050136668074
5111,202611,0,0.07291131612688077
5120,202611,0,0.03455425032557407
5121,202611,0,0.12170098322512082
5123,202611,0,0.11645078526779251
5141,202611,0,0.12195740511406963
5144,202611,0,0.15382375691916303
5147,202611,0,0.1446818293273747
5149,202611,0,0.030854333902971497
5152,202611,0,0.03253286125243967
5160,202611,0,0.12672135772926904
5170,202611,0,0.13264592033112013
5171,202611,0,0.13482871286363635
5176,202611,0,0.14594804292318952
5178,202611,0,0.14958319790367683
5189,202611,1,0.16229943189797325
5192,202611,0,0.0491356302590069
5195,202611,0,0.06271044444745007
5204,202611,0,0.12858229681939434
5208,202611,0,0.139443728330213
5211,202611,0,0.07760271337453961
5216,202611,0,0.03357266208875698
5217,202611,0,0.13420565653640998
5222,202611,1,0.2168863199318392
5225,202611,0,0.13689218124360292
5228,202611,0,0.15119367763143485
5239,202611,0,0.04982763148902228
5241,202611,0,0.05980945904300929
5242,202611,1,0.17610139773560599
5243,202611,0,0.134424828817375
5246,202611,0,0.15533427114253068
5247,202611,0,0.14978084738081499
5248,202611,1,0.13434258111274186
5249,202611,0,0.05967915137589626
5251,202611,0,0.1549211610757802
5255,202611,0,0.12841535249032374
5257,202611,0,0.15415070963683766
5259,202611,0,0.06996733824419983
5260,202611,0,0.1330214473024639
5269,202611,0,0.14161746882192036
5273,202611,1,0.051814384728116815
5281,202611,0,0.13603188948649367
5284,202611,0,0.1318961073668227
5286,202611,0,0.06370344207764504
5292,202611,0,0.06525605301584698
5293,202611,0,0.12996505809889194
5299,202611,0,0.120946241812231
5301,202611,0,0.11277287298391996
5303,202611,0,0.12068221152578498
5305,202611,0,0.13667788191270325
5315,202611,1,0.12978846729842788
5319,202611,0,0.08045082242017487
5325,202611,0,0.05372880411469924
5331,202611,0,0.12789850947234685
5333,202611,0,0.11205301175354646
5335,202611,0,0.12760772589534713
5339,202611,0,0.10989716663746742
5340,202611,0,0.12394183250432046
5341,202611,0,0.12434512132964604
5343,202611,0,0.10264694374378454
5347,202611,0,0.15448634157351301
5353,202611,0,0.12917965406387927
5355,202611,0,0.12765628208852595
5359,202611,1,0.1406767832498767
5363,202611,0,0.12535709074705076
5365,202611,0,0.1436957224574519
5373,202611,0,0.11594770568176066
5377,202611,0,0.13988586994188368
5379,202611,0,0.05837823073160312
5385,202611,0,0.1379033771550347
5386,202611,0,0.050774071938659744
5387,202611,0,0.13776639147369535
5389,202611,0,0.0335395840373809
5390,202611,0,0.0631751958490203
5396,202611,0,0.058218023182133975
5397,202611,0,0.033897443095690545
5404,202611,0,0.12300609960711212
5407,202611,0,0.13845398298971212
5410,202611,0,0.03384875472364644
5411,202611,0,0.057573228212308626
5412,202611,0,0.1188052455962852
5413,202611,0,0.052705844756399854
5417,202611,1,0.13278707304548393
5418,202611,0,0.13730457996939727
5424,202611,0,0.12362267346455166
5425,202611,1,0.2110766114116979
5427,202611,0,0.15005482748180266
5428,202611,0,0.13071575981784753
5429,202611,1,0.14130176268452282
5433,202611,0,0.1304237179661789
5434,202611,1,0.050334623920882095
5440,202611,1,0.1517439967697831
5441,202611,0,0.1671975505163123
5448,202611,0,0.1211813519283977
5456,202611,0,0.14212685972715702
5460,202611,0,0.053801065477945546
5465,202611,0,0.15193406720406205
5468,202611,0,0.06667149905804462
5470,202611,0,0.14404963212358946
5475,202611,0,0.11787887668802842
5487,202611,0,0.13816472643052016
5501,202611,0,0.057107016669150974
5504,202611,0,0.12299546714964638
5508,202611,0,0.15427698372717866
5510,202611,0,0.09677479245556485
5514,202611,0,0.05518480396220994
5528,202611,0,0.12982072608975065
5540,202611,0,0.11290614334912312
5543,202611,0,0.12643751831089542
5545,202611,0,0.1311849666103645
5546,202611,0,0.14315074443753584
5548,202611,0,0.05837491713281346
5551,202611,0,0.23465807231386263
5553,202611,0,0.1265021731898448
5556,202611,0,0.13255564212904172
5560,202611,0,0.14887126442166965
5563,202611,0,0.1325883704340419
5569,202611,0,0.034710113808075274
5572,202611,0,0.0621291792098726
5576,202611,0,0.05034128150608631
5582,202611,0,0.13202276583582295
5586,202611,0,0.05043444020028421
5598,202611,0,0.05681369073418333
5605,202611,0,0.12950230370446306
5608,202611,0,0.13826297823947264
5609,202611,1,0.15848908987128493
5610,202611,0,0.12735660522459402
5622,202611,0,0.07111047647289989
5628,202611,0,0.13446652962725744
5632,202611,0,0.1422523901263213
5635,202611,1,0.12437571588882543
5640,202611,0,0.05015810313252646
5641,202611,0,0.09262357551933116
5647,202611,0,0.05891941954571224
5654,202611,0,0.1474033567845013
5662,202611,1,0.12380085403889496
5665,202611,0,0.1456530332815596
5667,202611,0,0.15155238816631145
5674,202611,0,0.06742371989596595
5691,202611,0,0.1285317254123276
5694,202611,0,0.13823151562410455
5706,202611,0,0.12315115430740033
5708,202611,1,0.12406616894404299
5716,202611,0,0.0665963036559221
5722,202611,0,0.0571824004707429
5738,202611,0,0.14185292277039807
5745,202611,0,0.13009939596388048
5746,202611,0,0.06752818884573895
5755,202611,0,0.13693078689188906
5756,202611,0,0.03380888291627996
5760,202611,0,0.13161726452508507
5761,202611,0,0.13965924972217209
5762,202611,0,0.05746065696633025
5763,202611,0,0.059864063158563526
5765,202611,0,0.1525988883502073
5766,202611,1,0.15003657891632874
5773,202611,0,0.14058918754686672
5775,202611,1,0.13670297811092277
5781,202611,0,0.13731102716067387
5786,202611,0,0.1342039630129254
5789,202611,0,0.13037245236728184
5799,202611,1,0.12988530570021276
5802,202611,0,0.12627666654259134
5808,202611,0,0.13425070577222759
5811,202611,0,0.12481154331079834
5812,202611,0,0.22574972498702253
5813,202611,0,0.13319763579879593
5821,202611,0,0.1415649477604509
5829,202611,0,0.1468239407791269
5836,202611,1,0.12814186009671202
5838,202611,0,0.12835757447823862
5840,202611,1,0.12375970479430279
5842,202611,0,0.14335645706741112
5844,202611,1,0.14150803701252201
5861,202611,0,0.12813173328596403
5864,202611,0,0.1297379221124689
5865,202611,1,0.14679600947323734
5871,202611,0,0.13542980183471873
5875,202611,0,0.15025665035125355
5877,202611,1,0.05084228617202202
5879,202611,0,0.13541359339258643
5881,202611,0,0.13574541768003254
5888,202611,1,0.23262616021276938
5891,202611,0,0.05389228292539262
5900,202611,1,0.14010951879921046
5903,202611,0,0.046332296924780456
5909,202611,0,0.14527112134861883
5914,202611,0,0.15279714772520153
5918,202611,0,0.13370697328588949
5933,202611,0,0.05151239449048522
5945,202611,0,0.05527753813882106
5948,202611,0,0.0814178156970419
5949,202611,0,0.03942678968845156
5950,202611,0,0.1294128582276673
5952,202611,0,0.12542961427268767
5955,202611,0,0.13322959784229735
5959,202611,0,0.1469123899048401
5961,202611,0,0.13351629750152263
5964,202611,0,0.05528892513536862
5966,202611,0,0.1409002733346501
5978,202611,0,0.13235295096857716
5980,202611,0,0.10677390139081683
5983,202611,0,0.15286632883318066
5985,202611,0,0.13148656380935492
5995,202611,0,0.14090140279234922
6009,202611,0,0.14459047328906507
6013,202611,1,0.233992954047792
6016,202611,0,0.07123785426842685
6021,202611,0,0.13499897847960968
6023,202611,0,0.09203859830373083
6029,202611,0,0.13694301252787935
6033,202611,0,0.13571528834208338
6036,202611,0,0.034557519082161176
6039,202611,0,0.13149366938985968
6046,202611,0,0.21359235692560963
6047,202611,0,0.1404230681806615
6048,202611,1,0.12002845561794047
6050,202611,1,0.1552962609812295
6051,202611,0,0.13145717196925535
6054,202611,0,0.05075682563025268
6061,202611,0,0.14702137993814524
6062,202611,1,0.034209665975553506
6065,202611,0,0.11326954950569498
6068,202611,0,0.12814562575555138
6069,202611,0,0.22561729540439568
6070,202611,0,0.12724013725770927
6072,202611,0,0.11066902068251455
6076,202611,0,0.12700255579899072
6082,202611,0,0.05934296933269832
6104,202611,0,0.12807001691959136
6110,202611,0,0.14105677982007436
6122,202611,0,0.12825043020626004
6123,202611,0,0.15127898879088078
6126,202611,0,0.05076145652911534
6128,202611,0,0.1407496710201917
6131,202611,0,0.05847940698162632
6139,202611,0,0.12342177928537088
6140,202611,0,0.1461227818762667
6142,202611,0,0.21993853363543245
6143,202611,0,0.08262822450826325
6147,202611,0,0.13533917543680024
6152,202611,0,0.15062957419777456
6164,202611,0,0.1241679121706911
6171,202611,0,0.14707671046158666
6173,202611,0,0.14223948233608052
6175,202611,0,0.15798245094270869
6176,202611,0,0.034765454259711635
6179,202611,0,0.13229049224976744
6181,202611,0,0.11777458392885536
6184,202611,1,0.06261514286160355
6191,202611,0,0.06786926440318013
6195,202611,1,0.23010908338080552
6200,202611,0,0.1304405679680108
6201,202611,0,0.14369719286926733
6206,202611,1,0.14719941240812684
6208,202611,0,0.13928018782866003
6219,202611,0,0.13472382629318447
6223,202611,0,0.05280773879267475
6224,202611,0,0.15697243330098742
6237,202611,0,0.09298483088334426
6255,202611,0,0.13178067678394093
6264,202611,1,0.14211698800841316
6265,202611,0,0.13511290465706824
6273,202611,0,0.11741140780174082
6275,202611,1,0.16105363008949206
6279,202611,0,0.12337008005282045
6284,202611,0,0.13444059865870492
6295,202611,0,0.13427435860401757
6297,202611,1,0.05397337630880088
6306,202611,0,0.03455231180182849
6311,202611,0,0.20675753806936065
6327,202611,0,0.1106165871851518
6330,202611,0,0.12404863105314576
6338,202611,0,0.13629934530189633
6343,202611,0,0.15185501525054668
6345,202611,0,0.22409021129277448
6349,202611,1,0.2332841661715666
6351,202611,0,0.12615696689801242
6357,202611,0,0.03489683175493829
6360,202611,0,0.12173978207175276
6389,202611,0,0.06140107265496498
6392,202611,0,0.13872484872218524
6404,202611,0,0.12574142888507425
6406,202611,0,0.05740185476251096
6407,202611,0,0.14184900237333295
6414,202611,0,0.050266573392378416
6419,202611,0,0.1305529960816681
6425,202611,0,0.1370837370557418
6428,202611,0,0.050367041861384
6431,202611,0,0.10154240478588125
6435,202611,0,0.130464211800285
6436,202611,0,0.06562642567737711
6440,202611,0,0.117725359023245
6446,202611,0,0.12653577027802543
6459,202611,1,0.05084755050090353
6465,202611,0,0.12195538773019796
6473,202611,0,0.12287624992541202
6476,202611,0,0.06365365257104888
6477,202611,0,0.11333349331563468
6478,202611,0,0.1469199818317478
6491,202611,1,0.21920052529820733
6494,202611,0,0.10505709698938534
6501,202611,0,0.14378443845758476
6502,202611,0,0.21059938863143182
6503,202611,0,0.13146731575063705
6514,202611,0,0.04507409823342391
6516,202611,0,0.11614873329265399
6534,202611,0,0.1466238680483999
6541,202611,0,0.052928847687546465
6553,202611,0,0.14448403063139112
6557,202611,0,0.11822108545460214
6559,202611,0,0.12735013879403778
6560,202611,0,0.1515215184788733
6562,202611,0,0.13423537598226642
6575,202611,0,0.14662867354279893
6583,202611,0,0.03293647847217797
6588,202611,0,0.14281266507620077
6590,202611,0,0.08212791539113437
6594,202611,0,0.0810612910308098
6599,202611,1,0.12770003334108845
6602,202611,0,0.13465654983234868
6603,202611,0,0.13430848684129712
6606,202611,0,0.11599688496890175
6614,202611,0,0.14346654684769963
6618,202611,0,0.12106874290717852
6628,202611,0,0.13613362728939427
6633,202611,0,0.05809945179204879
6639,202611,0,0.11806083528225998
6648,202611,0,0.13303625245702919
6654,202611,0,0.1197342845311814
6656,202611,0,0.05457828252253271
6657,202611,0,0.16801418412977367
6663,202611,0,0.034456188753852444
6664,202611,0,0.11519664897135615
6666,202611,0,0.034322431397536775
6670,202611,0,0.1288750344165718
6671,202611,0,0.10249019184743814
6683,202611,0,0.06718133696038363
6693,202611,1,0.1463674216537328
6694,202611,0,0.1319500146187906
6695,202611,0,0.1497580985965553
6699,202611,0,0.13920194550763576
6701,202611,0,0.12698510521626932
6706,202611,0,0.033862027854955415
6707,202611,0,0.03476462443855978
6720,202611,0,0.11912586517526609
6721,202611,0,0.05642285788467867
6726,202611,0,0.14112217156433532
6735,202611,0,0.12888807917306497
6745,202611,0,0.1331056992020873
6746,202611,0,0.12110907553543511
6751,202611,0,0.034322431397536775
6759,202611,0,0.1531589154778497
6760,202611,0,0.10332703150408692
6765,202611,0,0.13725630302980082
6767,202611,1,0.12293466098790606
6768,202611,1,0.11430866869093066
6772,202611,1,0.12986542370092338
6774,202611,0,0.058587138219635106
6776,202611,0,0.15782794665463948
6779,202611,0,0.13067371248467566
6789,202611,0,0.12215394287644184
6792,202611,0,0.23282147350808186
6797,202611,0,0.03399405414156989
6807,202611,0,0.1337700330239954
6808,202611,0,0.1366936513287652
6811,202611,0,0.1295064859010009
6813,202611,0,0.05600964603887013
6814,202611,0,0.14119823824873126
6817,202611,0,0.1382883468021158
6826,202611,0,0.12771300107756833
6830,202611,0,0.06029523282744961
6832,202611,0,0.13328961743977652
6834,202611,1,0.12958121056962352
6838,202611,0,0.16756048121643224
6840,202611,0,0.13463398109381322
6850,202611,0,0.12445097290551732
6851,202611,0,0.12343010253751875
6854,202611,0,0.2269035309329415
6856,202611,0,0.1581781755400852
6858,202611,0,0.10213912987986187
6866,202611,0,0.12612691523196273
6871,202611,0,0.14587079528213726
6872,202611,0,0.13333900350621294
6879,202611,0,0.13360189135906209
6881,202611,0,0.05250561148754816
6882,202611,0,0.12966760273409147
6883,202611,0,0.1415113572591097
6894,202611,0,0.17598795465618627
6899,202611,0,0.056236512704014426
6903,202611,0,0.1414788869222578
6908,202611,0,0.1445984713643578
6914,202611,0,0.14784454608609304
6915,202611,0,0.13656271207488793
6917,202611,0,0.12912336490036067
6922,202611,0,0.034209665975553506
6933,202611,0,0.05884902251308988
6944,202611,0,0.13794588086055892
6948,202611,0,0.15252418225366796
6957,202611,0,0.1266222421854324
6962,202611,1,0.13121189502051597
6964,202611,0,0.12716902067219268
6965,202611,1,0.10489857221650689
6987,202611,0,0.12693034834957137
6989,202611,0,0.04407027264082309
6991,202611,0,0.1303697996181878
6992,202611,0,0.10366874072228373
7010,202611,1,0.14410628689539326
7012,202611,1,0.14428544453812148
7019,202611,0,0.12693657144700954
7021,202611,0,0.05496916222108808
7023,202611,0,0.1355272344667114
7033,202611,0,0.04876976864199211
7034,202611,0,0.13108046892388664
7043,202611,0,0.12151565504151143
7047,202611,0,0.11621903736092737
7050,202611,0,0.10108637174915648
7057,202611,0,0.067003954388907
7069,202611,0,0.06119296707599786
7070,202611,0,0.05521830758988659
7072,202611,0,0.15422315755116955
7078,202611,1,0.1387619065529015
7081,202611,0,0.12441379347904039
7082,202611,0,0.06140373583903484
7088,202611,0,0.14055790060354162
7093,202611,0,0.14339270482939193
7100,202611,0,0.12842515001652713
7103,202611,1,0.055862921214912646
7104,202611,0,0.07506176441959396
7109,202611,0,0.056744161247075625
7111,202611,0,0.14745925033682783
7113,202611,0,0.03376775798094426
7119,202611,0,0.11278198308175721
7122,202611,0,0.05046115562918043
7134,202611,0,0.24348116594104882
7141,202611,1,0.1276047141479279
7147,202611,0,0.05673555261748322
7153,202611,1,0.13512238173014648
7155,202611,0,0.1367755504189501
7156,202611,0,0.13178852551322118
7163,202611,0,0.23732019797101925
7171,202611,1,0.13555490015991267
7173,202611,0,0.06545412672534565
7177,202611,0,0.13774347270314127
7179,202611,0,0.14843047185667066
7191,202611,0,0.1352957249966811
7196,202611,0,0.1435822439659422
7197,202611,0,0.034322431397536775
7199,202611,1,0.1308511123177817
7205,202611,0,0.049034184146269456
7209,202611,0,0.06490960489255108
7213,202611,1,0.13171310672449493
7215,202611,0,0.06779595297981095
7216,202611,0,0.10445956550813032
7217,202611,0,0.13442310254449547
7224,202611,0,0.1299829351231164
7230,202611,0,0.13528256044263134
7235,202611,0,0.15793485326635806
7237,202611,0,0.14969855442667934
7245,202611,0,0.1382760658671987
7246,202611,0,0.12557165693059916
7252,202611,0,0.06199198241812339
7257,202611,0,0.12420257692731075
7258,202611,0,0.12049491675704392
7261,202611,0,0.10332459973282265
7269,202611,0,0.15211168829072913
7270,202611,0,0.12857417246634906
7274,202611,1,0.07434403985412953
7283,202611,0,0.13537634237552956
7291,202611,1,0.1421153679187588
7299,202611,0,0.13343109173517184
7301,202611,0,0.049720601896753765
7304,202611,0,0.1295554027990002
7311,202611,0,0.13864263165131566
7314,202611,0,0.14354458255600708
7324,202611,1,0.1414181634039139
7326,202611,1,0.14015147040342688
7328,202611,1,0.20652044588017038
7332,202611,0,0.1249866817802046
7333,202611,0,0.1503725797844705
7335,202611,0,0.13917904759606645
7336,202611,0,0.05787748522063163
7337,202611,0,0.1658770731244772
7344,202611,0,0.11358887330181096
7348,202611,0,0.14421484584640618
7351,202611,0,0.11807013095524062
7352,202611,0,0.059522849317729484
7361,202611,1,0.1278908341384426
7371,202611,0,0.12886957876029312
7373,202611,0,0.1325040599375692
7374,202611,1,0.1388109445017766
7376,202611,0,0.08056383299265658
7383,202611,0,0.21516332384112827
7390,202611,0,0.03386245919412168
7391,202611,0,0.06481344364446578
7392,202611,0,0.1300039237159092
7395,202611,0,0.053274495510351016
7400,202611,0,0.12801857495959096
7403,202611,0,0.12689451373678703
7404,202611,0,0.12966369383022502
7407,202611,1,0.14759710082724822
7414,202611,0,0.12053650037795409
7429,202611,0,0.13300629650353668
7435,202611,0,0.13241269107208517
7436,202611,0,0.12406389151913563
7438,202611,0,0.12129093504745615
7441,202611,0,0.038298168367352774
7443,202611,0,0.27056832553347887
7444,202611,0,0.16127317087552423
7452,202611,0,0.08112385143140255
7456,202611,0,0.11657331607758974
7462,202611,0,0.07199499825197177
7472,202611,1,0.15683535724618006
7482,202611,1,0.1552041651554785
7483,202611,0,0.10271612706438521
7488,202611,1,0.15004103360847235
7490,202611,0,0.13155004838668613
7492,202611,0,0.1391202259063853
7500,202611,1,0.12797217624645216
7504,202611,0,0.06606834328254584
7507,202611,0,0.1292894902551344
7511,202611,0,0.05051848819496321
7519,202611,0,0.1330720930876484
7520,202611,0,0.2558921901079043
7522,202611,0,0.05561140002756683
7530,202611,0,0.06394452616387275
7534,202611,1,0.12899730042496482
7536,202611,0,0.13864223708774548
7541,202611,0,0.13190897092131065
7543,202611,0,0.0507840402596923
7545,202611,0,0.13504190759150353
7556,202611,1,0.1256171392668471
7558,202611,0,0.15878980191547348
7560,202611,0,0.13748570621686493
7561,202611,0,0.12220209630509343
7571,202611,0,0.13056902119354502
7579,202611,0,0.126973242772194
7580,202611,0,0.11250782061906829
7581,202611,0,0.12949042147955045
7582,202611,1,0.14047204037926747
7586,202611,0,0.13134497892615143
7590,202611,0,0.1434282500020852
7592,202611,0,0.14321396230546715
7594,202611,0,0.12272728134395855
7595,202611,0,0.15249825814271598
7601,202611,0,0.13297877145978623
7602,202611,0,0.12749357366417774
7603,202611,0,0.1282711669137238
7611,202611,0,0.14308351541180775
7617,202611,0,0.04320329588822517
7618,202611,0,0.14752739604486403
7619,202611,0,0.13659111010720876
7625,202611,0,0.05288558941139554
7628,202611,0,0.13138916553388294
7630,202611,0,0.05548235766003278
7631,202611,0,0.051814384728116815
7633,202611,0,0.12931527275384289
7634,202611,0,0.1267587093936957
7641,202611,0,0.14246536421853417
7642,202611,0,0.1434339011157934
7646,202611,0,0.11954786510828225
7648,202611,1,0.13635711259504746
7662,202611,0,0.14322342023865403
7666,202611,0,0.14224051121695264
7674,202611,0,0.11858475437747518
7676,202611,0,0.11127349266268922
7679,202611,0,0.14487326573759005
7681,202611,0,0.13640075079046293
7686,202611,0,0.054914743609063364
7692,202611,1,0.12728380989920646
7694,202611,1,0.1508348243114477
7696,202611,0,0.14913075224204939
7707,202611,0,0.058039392016378345
7708,202611,0,0.03476462443855978
7712,202611,0,0.03356094722562347
7715,202611,0,0.14225892553480687
7716,202611,0,0.05483144037816798
7717,202611,0,0.1556331879828726
7719,202611,0,0.05316916925822427
7723,202611,0,0.05703537302701759
7726,202611,0,0.13158221089055483
7734,202611,0,0.13585599940489468
7739,202611,0,0.07493259985678943
7743,202611,0,0.13017368347256497
7751,202611,0,0.05883628964699684
7752,202611,0,0.13463181928938261
7755,202611,0,0.13601505000685787
7758,202611,0,0.050360176531868174
7761,202611,0,0.12677880387240076
7767,202611,0,0.05094483240360015
7773,202611,0,0.11319635228517975
7779,202611,0,0.06824724666493438
7785,202611,0,0.06281581424843866
7792,202611,0,0.06176337022866299
7800,202611,0,0.13779688883887806
7801,202611,0,0.11909911979314554
7802,202611,0,0.11515771699608894
7804,202611,1,0.11508862604922088
7808,202611,0,0.1501865665556027
7811,202611,0,0.12061889724800656
7816,202611,0,0.05548080614283165
7822,202611,0,0.06325594569086782
7823,202611,0,0.05610235523561183
7826,202611,1,0.12828662401849839
7832,202611,0,0.1289612417696182
7833,202611,0,0.13444332424527353
7838,202611,0,0.058664323749915974
7840,202611,0,0.12877479130294478
7849,202611,1,0.14153362067493885
7851,202611,1,0.11859327405762236
7857,202611,0,0.12246439683968909
7877,202611,0,0.05119551504504278
7885,202611,0,0.22757176685040018
7900,202611,0,0.14070398578678184
7907,202611,0,0.13818474774305586
7910,202611,0,0.05260141591051323
7914,202611,1,0.14205913227375533
7918,202611,0,0.15190661222567228
7919,202611,0,0.05697691084189137
7921,202611,1,0.04692294108118077
7928,202611,0,0.12925444098499803
7933,202611,0,0.15503259615557646
7937,202611,1,0.1327862477697375
7941,202611,0,0.12837745757012606
7947,202611,0,0.08038610768644637
7955,202611,0,0.12702633722901915
7956,202611,0,0.1463460899530374
7957,202611,0,0.11895788264947214
7964,202611,0,0.145989566249091
7968,202611,0,0.13154621668068495
7980,202611,0,0.06622119496758105
7983,202611,1,0.15093916798260523
8004,202611,0,0.23524862688021664
8016,202611,0,0.14473733889307563
8017,202611,0,0.05031748327244339
8024,202611,0,0.15918754486790476
8031,202611,0,0.13808431068587088
8032,202611,0,0.05301619091259828
8035,202611,0,0.12402429707771596
8036,202611,0,0.1282257448659487
8037,202611,0,0.05263596264140594
8052,202611,0,0.13001667646851645
8055,202611,0,0.06569491542944804
8059,202611,0,0.12760256319697907
8063,202611,0,0.12177947461691123
8064,202611,0,0.13329747846318543
8068,202611,0,0.1266683974382096
8070,202611,0,0.06274192158178415
8072,202611,0,0.13174525038399804
8085,202611,0,0.14030834794798416
8089,202611,0,0.12921805971701075
8097,202611,0,0.051406772789710356
8100,202611,0,0.14361019913447404
8102,202611,0,0.14134729799424192
8105,202611,0,0.054470930040214464
8114,202611,0,0.12067769999302025
8117,202611,0,0.1282984830429483
8120,202611,0,0.1398602403530482
8126,202611,0,0.12827879042166127
8128,202611,0,0.061775013560665934
8135,202611,0,0.05825583396654322
8136,202611,1,0.14085881548938278
8137,202611,0,0.13439598608937453
8141,202611,1,0.160576040966955
8148,202611,0,0.11044690920821014
8169,202611,0,0.05496830646801574
8173,202611,0,0.05316916925822427
8178,202611,0,0.12677076700002518
8179,202611,0,0.21668248858540765
8182,202611,0,0.033150987449461114
8184,202611,0,0.1118817809789648
8186,202611,0,0.1350317464364756
8189,202611,0,0.13927620397644522
8196,202611,0,0.13650034816807924
8216,202611,0,0.14493934671841097
8219,202611,0,0.12542716126385867
8221,202611,0,0.12645564067489126
8227,202611,0,0.0644971976032715
8232,202611,0,0.12896221923801038
8245,202611,0,0.129234144962415
8246,202611,1,0.2251710257803338
8248,202611,0,0.12968071111094423
8249,202611,0,0.13264609991015935
8250,202611,0,0.12632987862318945
8256,202611,0,0.056948849952159986
8258,202611,0,0.14974294068531346
8259,202611,0,0.03384875472364644
8268,202611,0,0.12596302682027252
8271,202611,0,0.1342791866497566
8272,202611,1,0.13339373495145487
8273,202611,0,0.13542624810923784
8275,202611,0,0.13018062157718271
8277,202611,0,0.1464672259223086
8283,202611,0,0.11721873077103863
8285,202611,1,0.1301902770642541
8288,202611,0,0.05649183806492284
8299,202611,0,0.054037671412151905
8300,202611,0,0.12384726540262292
8301,202611,0,0.04979164586562057
8307,202611,0,0.13099527512493325
8315,202611,0,0.12983641392709674
8324,202611,0,0.11203468573141143
8326,202611,0,0.13887373022636962
8351,202611,0,0.05132071864314077
8367,202611,0,0.03292337719033347
8368,202611,0,0.13183198908205668
8371,202611,0,0.16566223988731704
8383,202611,0,0.12507524991141997
8386,202611,0,0.13782090391311863
8389,202611,1,0.12160446629915012
8402,202611,0,0.05316916925822427
8404,202611,0,0.12377681530060197
8417,202611,1,0.1340605443683536
8419,202611,1,0.12935804642432208
8421,202611,0,0.14143462848925814
8422,202611,0,0.05008566163528442
8425,202611,0,0.15466989157905886
8429,202611,0,0.12842718994461363
8433,202611,0,0.14016461918986786
8437,202611,0,0.12451007068166839
8440,202611,0,0.04833392077032198
8455,202611,0,0.14979662974902863
8462,202611,1,0.13699169168886233
8471,202611,1,0.1290771997406926
8479,202611,0,0.15303157713219342
8482,202611,0,0.06007348789046526
8485,202611,0,0.13249209801988762
8489,202611,0,0.049437118835700046
8490,202611,0,0.033492200032306796
8492,202611,0,0.050878121345278506
8496,202611,0,0.13301115726959886
8497,202611,0,0.14777986345356173
8498,202611,0,0.12744899842892438
8500,202611,0,0.1367309291544581
8501,202611,0,0.14747548477340938
8508,202611,0,0.14213860502079148
8512,202611,0,0.1574025745465229
8519,202611,1,0.1264380180937569
8522,202611,0,0.1534370597655252
8536,202611,0,0.033110408055598714
8545,202611,0,0.12292021702256471
8546,202611,0,0.12505846907474194
8554,202611,0,0.1279733780587986
8556,202611,0,0.12811595856726746
8557,202611,0,0.15858931923140787
8559,202611,0,0.12930147520849344
8560,202611,0,0.13142254526855912
8563,202611,0,0.12943734491453818
8565,202611,0,0.12340458909850648
8574,202611,0,0.1180496382096417
8578,202611,0,0.05720970004235258
8585,202611,0,0.04946566987636535
8602,202611,0,0.15460084291710963
8605,202611,0,0.08183823922499149
8609,202611,0,0.11970469852012565
8614,202611,0,0.08318271873424855
8619,202611,0,0.13019214628181466
8629,202611,0,0.1227298841540385
8632,202611,0,0.13928329697805933
8635,202611,0,0.04872397502763271
8639,202611,0,0.05082916096470701
8642,202611,0,0.05290752172315377
8643,202611,0,0.13810387007896094
8649,202611,1,0.14370487703789894
8655,202611,0,0.13743541201097162
8657,202611,0,0.1297471744299553
8662,202611,0,0.13082940750940725
8663,202611,1,0.13509693393673636
8666,202611,0,0.1390977842187117
8674,202611,0,0.051814384728116815
8676,202611,0,0.13799430655764605
8686,202611,0,0.14520721951594273
8691,202611,0,0.12131031908444757
8701,202611,1,0.1292507529600638
8702,202611,0,0.13672745748423443
8714,202611,0,0.05410585418163027
8718,202611,0,0.13139577395988128
8731,202611,0,0.13730831726177625
8736,202611,1,0.12438616909839577
8738,202611,0,0.12975293495849932
8745,202611,0,0.05732819459659971
8749,202611,0,0.12482804460456674
8754,202611,0,0.13433192834162422
8755,202611,1,0.1025326983390472
8760,202611,0,0.12248618409519778
8762,202611,0,0.05866240376760247
8767,202611,0,0.03365015127960018
8768,202611,0,0.1343750777278564
8769,202611,0,0.034765454259711635
8771,202611,0,0.14396001189050806
8781,202611,1,0.05996872521727746
8789,202611,1,0.1409059546571742
8795,202611,0,0.12469318960098405
8796,202611,0,0.05187149191520894
8811,202611,0,0.12652247795499266
8815,202611,0,0.1522485776057452
8820,202611,0,0.12647686451817866
8825,202611,0,0.1644504865395738
8832,202611,0,0.12034045439019848
8839,202611,0,0.061306534507389904
8841,202611,0,0.144995106213307
8844,202611,1,0.13226952166332356
8848,202611,0,0.1250402209376326
8849,202611,0,0.06776419060254348
8856,202611,0,0.12994109432936224
8865,202611,1,0.12451788987435218
8874,202611,1,0.13053807911541898
8875,202611,0,0.12757145781484033
8879,202611,0,0.05711135953194151
8882,202611,0,0.12019593216388173
8885,202611,0,0.12797714447080996
8892,202611,0,0.1296178230018028
8897,202611,0,0.13978105734432628
8905,202611,0,0.03463053940830075
8921,202611,0,0.055662133833060366
8926,202611,1,0.11854644971469448
8928,202611,0,0.12661411283890903
8935,202611,0,0.12836600786511584
8939,202611,0,0.05290116532639273
8941,202611,0,0.12888727385217083
8942,202611,0,0.033862027854955415
8949,202611,0,0.12776826747675515
8951,202611,0,0.05196186729103136
8954,202611,1,0.1645810773758764
8958,202611,0,0.14071735270636848
8964,202611,0,0.06370495489277082
8972,202611,0,0.033862027854955415
8978,202611,0,0.14210171830330817
8979,202611,0,0.09034744446333375
8988,202611,0,0.14604935427409438
8997,202611,0,0.1167416854646556
8998,202611,0,0.03367089916376355
8999,202611,0,0.1369868665601461
9006,202611,0,0.05090321652292003
9008,202611,1,0.12471459392600583
9012,202611,0,0.14165263377205176
9024,202611,0,0.13286737288215814
9026,202611,0,0.12955052192154878
9030,202611,0,0.1372327750336933
9034,202611,0,0.0570159297920825
9036,202611,0,0.14067842332632383
9038,202611,0,0.056567115369508716
9040,202611,0,0.13973156131667583
9041,202611,0,0.08227781078623038
9042,202611,0,0.058664323749915974
9046,202611,0,0.057243658229945565
9049,202611,1,0.06162869525718449
9051,202611,0,0.15058190326794468
9054,202611,0,0.1537435092126267
9057,202611,0,0.056500591143371096
9062,202611,0,0.06098652070085926
9072,202611,0,0.13285036510832893
9075,202611,0,0.1202439231533807
9079,202611,0,0.13294510296693812
9081,202611,0,0.05798652323339042
9091,202611,0,0.12671303124272779
9110,202611,0,0.05066088618222201
9113,202611,0,0.15603210768015824
9116,202611,0,0.13106473260923535
9120,202611,0,0.05411355964573315
9126,202611,0,0.15321164840113705
9133,202611,0,0.12162516631780222
9135,202611,0,0.1317085376988534
9144,202611,0,0.11476122153547332
9146,202611,0,0.1343673456430865
9153,202611,0,0.12034958773395557
9155,202611,0,0.05604204537697853
9160,202611,0,0.06630370122728789
9165,202611,0,0.1410401057999913
9172,202611,0,0.14975843858833712
9174,202611,0,0.051814384728116815
9179,202611,0,0.06785440305817644
9180,202611,0,0.12131815844777613
9192,202611,1,0.23002011909931652
9194,202611,1,0.05587915609983457
9195,202611,0,0.21704740409368395
9199,202611,0,0.12473216858286841
9204,202611,0,0.11282587955895704
9205,202611,0,0.056500591143371096
9210,202611,0,0.13374793147931777
9219,202611,1,0.12738460620152023
9227,202611,1,0.11995171765313523
9228,202611,0,0.1339759834467751
9233,202611,0,0.15220938485387162
9235,202611,0,0.13066173359805816
9237,202611,0,0.055268579628972817
9239,202611,0,0.056372965141754744
9240,202611,0,0.05300896393956871
9241,202611,0,0.22255560605830546
9242,202611,0,0.12442044096472513
9246,202611,0,0.05730071760737761
9248,202611,0,0.12860653160260938
9253,202611,0,0.1256779940496107
9254,202611,0,0.13276676496250478
9260,202611,0,0.1174587395357651
9261,202611,0,0.03293647847217797
9262,202611,0,0.1312811412986203
9263,202611,0,0.16796732871008818
9266,202611,1,0.2311471305455015
9268,202611,0,0.12265085041351048
9275,202611,0,0.059064715314582274
9278,202611,0,0.1389122866016116
9287,202611,0,0.15040536090319948
9288,202611,1,0.12787176961845134
9292,202611,0,0.1434902402291312
9308,202611,0,0.14954601835259385
9309,202611,0,0.14347700643413602
9310,202611,0,0.14182851385691275
9312,202611,0,0.07232609931238475
9314,202611,0,0.06201904445865309
9316,202611,0,0.058440773993392266
9318,202611,0,0.13018862859119448
9322,202611,0,0.13659264730773069
9325,202611,0,0.1434076511036339
9327,202611,0,0.14033620481653641
9336,202611,0,0.13187803457563793
9340,202611,0,0.14050166107741577
9342,202611,0,0.14603936798542563
9346,202611,0,0.11679094275967807
9351,202611,0,0.22046594415051768
9355,202611,1,0.1414751318697258
9357,202611,0,0.12292337903221102
9358,202611,1,0.17492278972993006
9363,202611,1,0.12220571304531884
9365,202611,1,0.13557197438388113
9371,202611,1,0.1124658442663357
9372,202611,0,0.1244936723257165
9374,202611,0,0.039966905864084926
9378,202611,0,0.20929170934098
9385,202611,0,0.07676989999442811
9386,202611,1,0.12577063769712227
9413,202611,0,0.0625186230741326
9418,202611,0,0.13747689274941524
9420,202611,0,0.13637202504906143
9422,202611,0,0.0723455515820414
9423,202611,0,0.12887709471608538
9425,202611,0,0.12715022983402277
9426,202611,0,0.14471807563950087
9434,202611,0,0.13620155575032894
9436,202611,0,0.1258439410434678
9439,202611,0,0.03398179093612042
9442,202611,1,0.05073094275338699
9446,202611,0,0.051553887988043605
9457,202611,1,0.14787867288395398
9460,202611,0,0.1352402918820434
9461,202611,0,0.12827558650518336
9467,202611,0,0.12800824624015983
9472,202611,0,0.13612607238697663
9473,202611,1,0.15045275484306783
9483,202611,0,0.1232304548999324
9485,202611,0,0.12373095087455342
9492,202611,0,0.06532937598994697
9500,202611,0,0.1312671579586803
9507,202611,0,0.1359888603470882
9513,202611,1,0.11170693811411903
9514,202611,0,0.13334687726936614
9516,202611,0,0.15048844012949633
9520,202611,0,0.09430254991454921
9532,202611,1,0.13850646691950658
9542,202611,0,0.1308761491526181
9544,202611,0,0.20204249301623214
9548,202611,0,0.1680270559139137
9553,202611,1,0.13009914068102119
9556,202611,0,0.052874456420277036
9558,202611,0,0.12235863624039331
9559,202611,1,0.16109999154277574
9565,202611,0,0.13155557684862146
9571,202611,0,0.13987150185026334
9575,202611,0,0.14990633357730904
9587,202611,0,0.12221023553969286
9602,202611,0,0.15167646764421472
9609,202611,0,0.055588628333091854
9618,202611,0,0.10064539754679243
9622,202611,0,0.1414730227564552
9624,202611,0,0.12659956388380447
9633,202611,1,0.13662943118351947
9648,202611,0,0.12987562728963592
9658,202611,0,0.14374444416987847
9668,202611,0,0.13200882264036307
9702,202611,0,0.05826048654103341
9705,202611,0,0.1389928525686053
9706,202611,0,0.0524393335044968
9707,202611,0,0.1481359814087064
9708,202611,0,0.08113916986401681
9709,202611,1,0.04756345645105513
9710,202611,0,0.16492768101840694
9726,202611,0,0.13144425218272482
9753,202611,0,0.04018757240317139
9757,202611,0,0.10053032908843948
9761,202611,0,0.05161762956063568
9765,202611,0,0.20251256074917365
9768,202611,0,0.1479654279465608
9769,202611,0,0.1407404541566603
9775,202611,0,0.03366673560671075
9778,202611,0,0.14009972131935164
9787,202611,1,0.1264540218271778
9788,202611,0,0.11287777113913458
9789,202611,0,0.15021458950980254
9792,202611,0,0.13522955985681598
9793,202611,1,0.13409659655806289
9815,202611,0,0.11885683342600231
9816,202611,0,0.0661452686851375
9822,202611,0,0.05167225920267889
9823,202611,0,0.14035674170575885
9827,202611,0,0.12476321010545174
9835,202611,0,0.1315896360973248
9840,202611,0,0.03441402549774732
9841,202611,0,0.1331135436757391
9849,202611,0,0.12543830168608305
9853,202611,0,0.13100302413197729
9869,202611,0,0.055822777115515795
9873,202611,0,0.05261648071174413
9881,202611,0,0.046332296924780456
9892,202611,0,0.1514987668769549
9898,202611,0,0.13714881608422944
9899,202611,0,0.13968974742070064
9915,202611,0,0.11621503593051982
9925,202611,1,0.11273917601627248
9936,202611,0,0.14299479733119377
9940,202611,0,0.1291095118370647
9941,202611,0,0.049561731666639054
9947,202611,0,0.03358572736745356
9953,202611,1,0.11770533748974513
9957,202611,0,0.127180318176646
9962,202611,0,0.06112967287723143
9963,202611,0,0.13417130318945497
9964,202611,0,0.13335558836968142
9965,202611,0,0.14064098392422006
9968,202611,0,0.13886547218240977
9971,202611,0,0.12601079269923174
9973,202611,0,0.1475180861128912
9980,202611,0,0.06085435908255146
9985,202611,1,0.060227843969921556
10002,202611,0,0.15456195919730212
10005,202611,0,0.059462637131249135
10007,202611,0,0.12156140949369403
10009,202611,1,0.15758669467262928
10010,202611,0,0.1351733402177485
10013,202611,0,0.128393227568333
10014,202611,0,0.06350679297598576
10017,202611,0,0.1343362664171997
10024,202611,0,0.13416610038115825
10028,202611,1,0.13108797229486013
10030,202611,0,0.10449614363270472
10037,202611,0,0.1488288085788451
10046,202611,0,0.09318098832120775
10051,202611,0,0.1256756404010777
10063,202611,0,0.1350870632515069
10065,202611,1,0.12424168474889716
10067,202611,0,0.123248204141446
10069,202611,1,0.23861146981621295
10073,202611,0,0.06575361611078762
10074,202611,1,0.13285527171115272
10096,202611,0,0.056787787037606646
10099,202611,0,0.06255273375170707
10100,202611,0,0.03463053940830075
10101,202611,0,0.1306554142693013
10103,202611,0,0.05154104482121746
10110,202611,0,0.13964542244837086
10113,202611,0,0.12786381766250624
10116,202611,0,0.058269037887726235
10124,202611,0,0.14402789812042158
10127,202611,0,0.11201608025268392
10129,202611,0,0.15381952587457887
10139,202611,0,0.1394190991219088
10140,202611,0,0.1539110195936868
10145,202611,0,0.2319352428175242
10149,202611,0,0.09807460176670824
10150,202611,1,0.1334775034439755
10151,202611,0,0.16220257833736582
10164,202611,1,0.13143540057801048
10165,202611,0,0.06294767333165674
10166,202611,0,0.05162873966258316
10168,202611,0,0.1309269339696149
10174,202611,0,0.07417691945173793
10186,202611,0,0.05586486684145475
10189,202611,0,0.13471638670491123
10192,202611,1,0.14485093408256158
10193,202611,0,0.1306382128052117
10197,202611,0,0.05328038482607109
10201,202611,0,0.1292865538124526
10206,202611,0,0.13190493734999978
10211,202611,0,0.12310547269469511
10216,202611,0,0.11264224216544906
10224,202611,0,0.13878771380921986
10234,202611,0,0.15196261856509058
10236,202611,0,0.12595707385630958
10239,202611,0,0.1355753768408989
10245,202611,1,0.1267959919432046
10247,202611,0,0.05403691242006244
10250,202611,0,0.03408880420200077
10253,202611,0,0.14374885098077816
10254,202611,0,0.12804836287101462
10263,202611,0,0.13821190746831818
10264,202611,0,0.15664262053367548
10265,202611,0,0.12504211539637378
10275,202611,0,0.050774071938659744
10280,202611,0,0.12761158966995634
10286,202611,0,0.14814294104536843
10287,202611,0,0.1534529152831614
10293,202611,0,0.12507139453015534
10294,202611,0,0.1357541766982269
10303,202611,0,0.05892097001284544
10308,202611,0,0.1446043563283262
10311,202611,0,0.12951586783940094
10318,202611,0,0.13303699313012374
10323,202611,0,0.14854057054595757
10324,202611,0,0.11938748334493533
10327,202611,0,0.11517251070472843
10330,202611,0,0.12702783984185784
10331,202611,0,0.12508883557109665
10333,202611,0,0.0524688563656209
10334,202611,0,0.1528464154271912
10335,202611,0,0.13671246140798943
10338,202611,0,0.12439152574428429
10339,202611,0,0.13064994283691653
10346,202611,1,0.13088040174102247
10348,202611,0,0.052885624415762875
10354,202611,0,0.22275338820314067
10356,202611,0,0.12179631820379341
10367,202611,0,0.06591397033500064
10375,202611,0,0.12209021191276011
10384,202611,0,0.1363158048438309
10386,202611,0,0.05625213793190653
10389,202611,0,0.12554855066377307
10393,202611,0,0.12399956143199936
10404,202611,0,0.13011295893789326
10408,202611,0,0.0628860704455308
10416,202611,0,0.12698130997584256
10429,202611,1,0.14146570664181732
10434,202611,0,0.1497134639527125
10435,202611,1,0.11945009298009121
10441,202611,1,0.26397532436818716
10448,202611,0,0.15005261621166233
10449,202611,0,0.0647575858687806
10452,202611,0,0.05538967578661797
10453,202611,0,0.13747417720463043
10454,202611,0,0.1315462252839322
10461,202611,0,0.12625846748127822
10462,202611,0,0.05373060043635966
10472,202611,0,0.0649189836365105
10474,202611,0,0.13997604031257754
10476,202611,0,0.14106097977025214
10478,202611,0,0.04940476879950787
10483,202611,0,0.07479107637936322
10485,202611,1,0.12394128133992753
10492,202611,0,0.11269507198626587
10493,202611,0,0.15880022961437418
10499,202611,0,0.06390232320098586
10501,202611,0,0.05214911617247179
10503,202611,1,0.12306954027188395
10509,202611,0,0.12809858895460055
10512,202611,0,0.12820716995744863
10513,202611,0,0.12001255014138314
10516,202611,0,0.12741019431605088
10517,202611,0,0.12322961679095035
10523,202611,1,0.17401682088221018
10525,202611,0,0.12903214239084537
10529,202611,0,0.12481060284806024
10532,202611,0,0.12659597975185313
10537,202611,0,0.14722443670787838
10541,202611,0,0.15544764189096252
10545,202611,0,0.1190382210293262
10547,202611,1,0.13170875412262759
10548,202611,0,0.11304096572663347
10552,202611,0,0.03463053940830075
10554,202611,0,0.15709946633640004
10557,202611,0,0.13469904866175705
10564,202611,0,0.1349696216886993
10566,202611,1,0.12517964414062838
10574,202611,0,0.051814384728116815
10591,202611,0,0.1238469790992371
10596,202611,0,0.13396153486569867
10600,202611,0,0.15240862128946184
10601,202611,1,0.03408893348096926
10606,202611,0,0.05227863064130629
10611,202611,0,0.12482850552906095
10619,202611,1,0.13806512279925434
10622,202611,0,0.051715331292559015
10626,202611,0,0.12560221854375167
10629,202611,0,0.06113903390886207
10630,202611,0,0.1313737608735202
10631,202611,0,0.14776194943355275
10633,202611,0,0.04012717040888953
10638,202611,0,0.13768825089179382
10639,202611,0,0.15170942357693934
10640,202611,0,0.06898072104607637
10641,202611,1,0.06244134854378024
10657,202611,0,0.14516591521841532
10661,202611,1,0.13500712082115413
10663,202611,0,0.12472718565313719
10664,202611,0,0.12932553753683304
10667,202611,0,0.126365616183951
10671,202611,0,0.1458093251525062
10672,202611,0,0.12640501402771265
10675,202611,0,0.14111934015026867
10679,202611,0,0.1402922444374523
10681,202611,0,0.12345452091516605
10682,202611,1,0.15219350704981244
10683,202611,0,0.06025174667491544
10688,202611,0,0.12447774927325025
10689,202611,1,0.13572769517808073
10701,202611,0,0.134926305765394
10704,202611,0,0.13722314006240763
10709,202611,0,0.15268347230641652
10711,202611,1,0.1380523863011634
10713,202611,1,0.12618225158160548
10715,202611,0,0.13443448542430267
10716,202611,1,0.15414601820207358
10718,202611,0,0.06528400063093491
10721,202611,1,0.13154430251507568
10724,202611,0,0.1279747404177281
10730,202611,1,0.12627262095028613
10731,202611,0,0.06302030436109289
10733,202611,0,0.1284965671908459
10734,202611,1,0.15694255050932782
10737,202611,0,0.1568552412438205
10744,202611,0,0.05624863087191589
10750,202611,0,0.10281912451492974
10762,202611,1,0.12937120851975242
10770,202611,0,0.10317638498254568
10776,202611,0,0.134932905246861
10780,202611,0,0.0525788131530428
10782,202611,0,0.23118843234725509
10783,202611,1,0.12425129598638934
10789,202611,0,0.1452223775795854
10791,202611,1,0.14972316556620793
10793,202611,0,0.1289161134142412
10795,202611,0,0.14196721610027557
10807,202611,0,0.12526678645420372
10813,202611,0,0.12729781842959345
10815,202611,0,0.13064344007403436
10817,202611,0,0.12675624206462194
10819,202611,0,0.1301902435964991
10824,202611,0,0.13888259088900828
10828,202611,0,0.1365947710692225
10829,202611,1,0.1503958368969299
10830,202611,0,0.06306336341999724
10832,202611,0,0.12883057566913667
10836,202611,0,0.13322708326492536
10839,202611,0,0.13667953641987823
10843,202611,0,0.12517529843379469
10844,202611,0,0.13007913297331541
10852,202611,1,0.13753929183825467
10866,202611,0,0.23469520593654533
10871,202611,1,0.12457306003673072
10872,202611,0,0.11340125822275324
10873,202611,0,0.049800004624877464
10878,202611,0,0.22180411142534792
10889,202611,0,0.05158373798447333
10892,202611,1,0.12892379780894728
10895,202611,1,0.14367882951802538
10899,202611,0,0.14917965662705124
10901,202611,0,0.1495815247813039
10904,202611,0,0.13552187411238423
10907,202611,1,0.12619069290540585
10910,202611,0,0.12335420035111677
10911,202611,0,0.13427435860401757
10917,202611,0,0.12354774249105517
10920,202611,0,0.1278469563668025
10921,202611,0,0.0338369468936897
10922,202611,0,0.05878860117089666
10929,202611,0,0.033862027854955415
10930,202611,0,0.048305677597518144
10933,202611,0,0.1319849396287727
10934,202611,0,0.06351680928072416
10939,202611,0,0.14260470137918424
10942,202611,0,0.034468204966909645
10943,202611,0,0.034322431397536775
10945,202611,0,0.16876777035612842
10946,202611,0,0.14264024443204099
10949,202611,0,0.07722933356183109
10951,202611,0,0.12573335561376095
10952,202611,0,0.14843545884809906
10953,202611,0,0.05919486965464984
10955,202611,0,0.03463053940830075
10956,202611,0,0.14252051202277813
10959,202611,0,0.16048713768691267
10963,202611,0,0.06655763138294575
10965,202611,0,0.13830145311272318
10971,202611,0,0.062169347550103914
10975,202611,0,0.13111565632486225
10979,202611,0,0.1185606482197969
10983,202611,0,0.13935922100212403
10984,202611,0,0.1379636019350829
10989,202611,0,0.058251657178901746
10992,202611,0,0.1222474223633602
10996,202611,1,0.2344740267866115
11001,202611,0,0.0578125877950247
11003,202611,0,0.05294757977033856
11004,202611,0,0.03386245919412168
11008,202611,0,0.057573228212308626
11013,202611,1,0.2456995797573691
11016,202611,0,0.051854211237808465
11017,202611,0,0.032694099390627326
11018,202611,1,0.14694402913124452
11021,202611,0,0.1652240429542785
11028,202611,0,0.21665822034105509
11034,202611,0,0.13744785447750768
11035,202611,0,0.06514245769045648
11036,202611,0,0.07183006841945902
11040,202611,1,0.14289360907737889
11041,202611,0,0.11799148579894676
11043,202611,1,0.137663831917811
11047,202611,0,0.18969847306533547
11056,202611,0,0.15706765311806795
11058,202611,0,0.13762482937387022
11059,202611,0,0.07513802326234305
11060,202611,0,0.10312787947345614
11064,202611,0,0.13404321961613513
11066,202611,0,0.06778621405530032
11069,202611,0,0.1435446132947541
11071,202611,0,0.1270855278777006
11072,202611,0,0.12841784590460406
11077,202611,0,0.12873872977063427
11078,202611,1,0.22741541219692554
11080,202611,0,0.12410473978646205
11092,202611,0,0.1254533557562786
11093,202611,1,0.15534218550041728
11097,202611,0,0.050178257769539415
11098,202611,0,0.13450778123114865
11113,202611,1,0.14890421733262643
11114,202611,0,0.14729390114476223
11117,202611,1,0.1273319231063052
11121,202611,0,0.03283163166313275
11124,202611,0,0.1312643380887672
11126,202611,1,0.12909921885452638
11131,202611,0,0.13243841280799
11143,202611,0,0.1363926889920863
11146,202611,0,0.07476144509708495
11148,202611,1,0.12496129511336265
11154,202611,0,0.12937110698622015
11164,202611,0,0.1440890006386112
11172,202611,0,0.13754804400507864
11173,202611,0,0.056497356162172316
11174,202611,0,0.11944609446076544
11175,202611,0,0.1270268806955908
11179,202611,1,0.12096817682753305
11180,202611,0,0.13961847552339304
11184,202611,0,0.050369139020127685
11188,202611,0,0.11476908056243712
11189,202611,0,0.06302030436109289
11190,202611,0,0.07712173359807119
11192,202611,1,0.14290595909070902
11197,202611,0,0.05607092009759755
11198,202611,1,0.24791741287924846
11201,202611,0,0.1474808439815121
11204,202611,0,0.15053082370377086
11211,202611,0,0.12959093138851394
11212,202611,0,0.12553763215975675
11217,202611,1,0.14703470082269743
11218,202611,0,0.13142487980336837
11219,202611,0,0.12922773313350142
11227,202611,0,0.12649333610753813
11241,202611,0,0.13482766255103834
11251,202611,0,0.05771324114211357
11254,202611,0,0.033110408055598714
11260,202611,0,0.09041227407935162
11264,202611,0,0.1212730538267452
11271,202611,1,0.06176645372962143
11273,202611,0,0.05799202732319759
11274,202611,1,0.1455236574849135
11276,202611,0,0.06315546054374126
11278,202611,0,0.060735177114405396
11282,202611,0,0.13774655265822497
11283,202611,0,0.13391564750392862
11291,202611,0,0.13013102190968762
11293,202611,0,0.13371532686228546
11302,202611,0,0.14272427189769013
11304,202611,0,0.055476069525759036
11305,202611,0,0.13239439917644552
11315,202611,0,0.14156763949337947
11321,202611,0,0.11908345294731001
11325,202611,0,0.11703739754205109
11335,202611,0,0.13351387419545782
11341,202611,0,0.1352875335649788
11343,202611,0,0.13043112438756904
11344,202611,0,0.15168506401697465
11350,202611,1,0.19842529700690867
11361,202611,0,0.12713110438862726
11375,202611,0,0.1357938964689228
11377,202611,0,0.06455460592091566
11379,202611,0,0.16442407865344683
11380,202611,0,0.13949788493821313
11381,202611,1,0.22198279324750078
11391,202611,0,0.12394222592986306
11393,202611,0,0.15136786136216684
11394,202611,0,0.14309637788703738
11398,202611,0,0.1355951349563331
11399,202611,0,0.13087375627752615
11408,202611,0,0.12121814163822493
11412,202611,0,0.13271115934391697
11420,202611,0,0.13529671043052008
11421,202611,0,0.14799739750760454
11430,202611,0,0.061186092617284894
11434,202611,1,0.13269819815452324
11437,202611,0,0.12584213447560932
11446,202611,0,0.22677046193029432
11447,202611,1,0.15522015299471412
11471,202611,0,0.12713468461729666
11472,202611,0,0.12703878795410994
11475,202611,0,0.0557001184720747
11483,202611,0,0.13639794852584966
11492,202611,0,0.12923804928279412
11495,202611,1,0.14111868981305573
11497,202611,0,0.12396622203266074
11498,202611,0,0.10456227495477058
11502,202611,0,0.14080873046938627
11504,202611,0,0.2229806752200903
11511,202611,0,0.1920350532329889
11512,202611,0,0.13209805657117432
11514,202611,0,0.05675184448391506
11522,202611,0,0.13511619862812582
11524,202611,0,0.13428101949225615
11533,202611,0,0.14105028962431737
11534,202611,0,0.06951138959407367
11538,202611,1,0.06150402881049777
11541,202611,0,0.11764561355506117
11542,202611,0,0.12179420466409903
11546,202611,1,0.13897772956504345
11547,202611,0,0.1214926835083326
11548,202611,0,0.07279323350178046
11560,202611,1,0.14329753075202503
11566,202611,0,0.14303286777966692
11572,202611,0,0.13298176948693674
11574,202611,0,0.10614517298567025
11576,202611,0,0.12495423960877763
11577,202611,0,0.05187149191520894
11580,202611,0,0.12734479942805
11598,202611,0,0.06240762204660319
11603,202611,0,0.12799859209533357
11613,202611,0,0.13949162182999209
11614,202611,0,0.12996322388631382
11620,202611,0,0.125127979941408
11621,202611,0,0.14134888588057065
11622,202611,0,0.05652860815163727
11626,202611,0,0.05663946812861847
11630,202611,0,0.1478403518306176
11636,202611,0,0.14035284889006702
11637,202611,0,0.06814096055297765
11639,202611,0,0.07724288450899516
11643,202611,1,0.22749108524497838
11647,202611,0,0.1386424331715392
11653,202611,0,0.13139039872971936
11654,202611,0,0.037827220948278124
11660,202611,0,0.15587729765887534
11661,202611,1,0.1167185167535627
11664,202611,0,0.13755292714967374
11667,202611,0,0.1406045443124177
11679,202611,0,0.12191160951309753
11687,202611,0,0.1579099105761791
11691,202611,0,0.05876705664082804
11696,202611,0,0.13259987691802266
11700,202611,1,0.1422339279674781
11702,202611,0,0.15106704225801518
11703,202611,0,0.05606416915904559
11705,202611,0,0.13873448178583345
11711,202611,0,0.12587710590812404
11716,202611,0,0.10068896301800177
11717,202611,0,0.15017917366097192
11719,202611,1,0.1651111397830013
11722,202611,0,0.05769135069651234
11724,202611,0,0.12352637546407558
11728,202611,0,0.1464974380837623
11736,202611,1,0.12591301443483013
11737,202611,0,0.12569244606262345
11738,202611,0,0.11992633939170205
11744,202611,0,0.1173980915555066
11747,202611,0,0.033110408055598714
11753,202611,0,0.041232785413988615
11757,202611,0,0.1465567117727172
11758,202611,0,0.0589106953224695
11760,202611,0,0.08246990862643058
11761,202611,1,0.3247610324695722
11762,202611,0,0.12404675489715798
11764,202611,0,0.12950318067463987
11768,202611,0,0.05296799438898275
11773,202611,0,0.05625380898595693
11774,202611,0,0.15267344945836903
11783,202611,0,0.12043811863674729
11785,202611,0,0.11374872496835385
11787,202611,0,0.12269484156142146
11788,202611,1,0.12446616162168976
11791,202611,0,0.12625385854667795
11796,202611,0,0.05183474284538206
11797,202611,0,0.07039865511944998
11798,202611,0,0.05110156226868618
11799,202611,1,0.1392987019833473
11803,202611,0,0.05149411641734187
11808,202611,0,0.13186295808144022
11810,202611,0,0.1276274113578534
11814,202611,0,0.13231504565789745
11816,202611,1,0.13617832739777302
11818,202611,1,0.1480289333327754
11822,202611,0,0.14255928426415815
11824,202611,0,0.053900655299566204
11829,202611,0,0.13202631539738421
11835,202611,1,0.16918705715551233
11840,202611,1,0.1345082358531327
11846,202611,0,0.1308999574605887
11847,202611,0,0.12067885254157289
11850,202611,0,0.22278807471867426
11853,202611,0,0.0525788131530428
11854,202611,0,0.06425927436207511
11857,202611,0,0.11429254096098673
11862,202611,0,0.11382494864040353
11871,202611,1,0.1333578746870501
11879,202611,1,0.1457405100473568
11880,202611,1,0.03378609887354636
11883,202611,0,0.056423256363068414
11890,202611,0,0.127660663731441
11898,202611,1,0.13345288459516258
11905,202611,1,0.1382821141991401
11909,202611,0,0.03319431367886769
11912,202611,1,0.1382111070652544
11913,202611,0,0.1371563576516038
11917,202611,0,0.13484732905746916
11919,202611,0,0.1259205967940853
11920,202611,0,0.06518542006897027
11921,202611,0,0.12717609044081032
11928,202611,0,0.11096875134452762
11929,202611,0,0.18564289631957887
11935,202611,0,0.04597557986634929
11936,202611,0,0.05669690319756085
11939,202611,0,0.04825569418799995
11942,202611,0,0.051814384728116815
11943,202611,0,0.12460548215329117
11945,202611,1,0.23906570705001876
11946,202611,0,0.13048086430594208
11947,202611,0,0.1226468254921768
11952,202611,0,0.154317362287304
11956,202611,0,0.1397633142179591
11959,202611,0,0.23083104143725305
11969,202611,0,0.13131475933705725
11973,202611,0,0.14673102494768325
11974,202611,0,0.1277229052308902
11975,202611,0,0.14524116056402506
11993,202611,0,0.13802495314446936
11994,202611,0,0.13222970255536753
11995,202611,0,0.09041604397676233
12002,202611,0,0.12948707993650405
12004,202611,1,0.13876296058385468
12006,202611,0,0.1173575512788947
12007,202611,0,0.12070759238462005
12014,202611,0,0.13664879655677828
12017,202611,0,0.15004310522894657
12018,202611,1,0.1539370073254567
12021,202611,0,0.14999746632863012
12023,202611,0,0.14373587117794484
12024,202611,0,0.12641791334406785
12027,202611,0,0.14727158055840567
12034,202611,0,0.1265955649508042
12040,202611,0,0.1294709001645101
12047,202611,1,0.13725975455182796
12048,202611,0,0.13322437287031239
12052,202611,0,0.06148301576131047
12057,202611,0,0.1460971379239009
12058,202611,0,0.15426497744983964
12061,202611,0,0.12440030126294323
12062,202611,0,0.13275566245858272
12064,202611,0,0.06667371371387658
12067,202611,1,0.13008143838531036
12071,202611,0,0.1349891054118519
12080,202611,0,0.1493315115503867
12085,202611,0,0.05168604575750868
12090,202611,0,0.14193977967137533
12100,202611,0,0.14834446678809463
12103,202611,0,0.14048163151353202
12104,202611,0,0.12611382640420088
12109,202611,0,0.032414207251607305
12114,202611,0,0.14188283944974395
12123,202611,0,0.06157208869385084
12124,202611,0,0.05653277160629661
12128,202611,0,0.23258537423263767
12132,202611,0,0.12349887504840117
12135,202611,0,0.12256782328401666
12140,202611,0,0.24811650067401558
12149,202611,0,0.051814384728116815
12155,202611,0,0.12074046467662723
12158,202611,0,0.11215649054757885
12161,202611,0,0.1499398172632868
12163,202611,0,0.13135581358744577
12164,202611,0,0.1254965303155071
12174,202611,0,0.05691732992043558
12175,202611,0,0.13743502057938042
12179,202611,0,0.22565236040628808
12183,202611,0,0.12508941766247153
12184,202611,0,0.14084455910665822
12186,202611,0,0.05858224713271548
12190,202611,0,0.12148859340806684
12193,202611,0,0.14046175624639928
12195,202611,0,0.05589739508962685
12196,202611,0,0.051675946354452953
12205,202611,0,0.14059037919663842
12213,202611,0,0.1497373914874315
12220,202611,0,0.1317014654976735
12221,202611,0,0.1320997938039209
12222,202611,0,0.057766681203858944
12224,202611,0,0.1285083666896823
12230,202611,0,0.12632497576052315
12235,202611,1,0.12996779074384548
12239,202611,0,0.13386177868444674
12242,202611,0,0.13697167175268896
12244,202611,0,0.1250334495230416
12245,202611,0,0.13998755416203595
12247,202611,0,0.13553424387178745
12254,202611,0,0.14787776208851278
12258,202611,0,0.13011258323946462
12266,202611,0,0.059997181114901474
12267,202611,0,0.15150287108792762
12272,202611,0,0.14417417607196084
12273,202611,0,0.1353245511862763
12276,202611,0,0.1378000474719486
12277,202611,0,0.12925241829089015
12283,202611,0,0.13025799292325926
12289,202611,0,0.0514551240396847
12297,202611,0,0.127332852431928
12300,202611,0,0.26451587837740176
12302,202611,0,0.06221577344388625
12310,202611,0,0.06523936387377217
12312,202611,0,0.1321734866376744
12314,202611,0,0.05461374300890024
12315,202611,0,0.03366673560671075
12327,202611,0,0.12592398301947846
12329,202611,0,0.15578396257240107
12332,202611,0,0.1227991143664196
12342,202611,0,0.05753048423140184
12346,202611,0,0.12642517834905007
12347,202611,0,0.21670597351855095
12349,202611,0,0.06249989339996658
12350,202611,0,0.11748955424742524
12354,202611,0,0.12553461797613114
12356,202611,0,0.051059994027030306
12359,202611,0,0.13247915646867922
12360,202611,0,0.141261474287786
12369,202611,0,0.13665569193177757
12372,202611,0,0.061496214621905756
12373,202611,0,0.03376775798094426
12374,202611,1,0.12821357340687692
12375,202611,0,0.14697741682454726
12376,202611,0,0.17023145933536632
12379,202611,0,0.06201904445865309
12382,202611,0,0.1273333598728952
12387,202611,0,0.072524223088736
12389,202611,0,0.13771691804779665
12394,202611,0,0.14354286680743353
12395,202611,0,0.1416148825658632
12396,202611,0,0.14518692444961234
12404,202611,0,0.17082826729570788
12405,202611,0,0.13790623656862097
12412,202611,0,0.23363045305436198
12419,202611,0,0.10179948992403108
12431,202611,0,0.11579092332891507
12440,202611,0,0.14333013470631722
12444,202611,0,0.1623969923639571
12447,202611,0,0.05677293331743885
12452,202611,0,0.1191814085747803
12454,202611,0,0.13124622840325958
12456,202611,0,0.1297490874793433
12461,202611,0,0.049401904920270856
12469,202611,0,0.12212283202696911
12472,202611,0,0.06216859798845084
12473,202611,0,0.0572613906102342
12474,202611,0,0.12705083404586567
12476,202611,0,0.14859834236231648
12479,202611,0,0.21129966641023676
12481,202611,0,0.1260687451251608
12484,202611,1,0.1405261826141005
12487,202611,0,0.057004216225547764
12491,202611,1,0.1367870803085831
12493,202611,0,0.1400632087909611
12501,202611,0,0.1431271833631073
12504,202611,0,0.13339495867512308
12507,202611,0,0.12255558243091748
12510,202611,0,0.12751986162210416
12512,202611,0,0.27371260429925254
12519,202611,1,0.12807274837893698
12520,202611,0,0.14439382911394502
12526,202611,0,0.12902379679456263
12529,202611,0,0.1368347976952825
12532,202611,0,0.11906888330877478
12533,202611,0,0.1424825844513551
12544,202611,0,0.2110641772884661
12546,202611,0,0.12532066689266205
12551,202611,0,0.134733729434619
12555,202611,0,0.23430403093856916
12576,202611,0,0.12828423186618834
12581,202611,0,0.14454107438755764
12588,202611,0,0.1492962577348881
12593,202611,0,0.07750602731410253
12594,202611,0,0.12031968930771263
12598,202611,0,0.13604978149949234
12599,202611,0,0.14641348371447327
12601,202611,0,0.11595900420340431
12610,202611,0,0.14348896880102271
12615,202611,1,0.1644471931769949
12616,202611,1,0.12582004988456974
12622,202611,0,0.05873605953352341
12623,202611,1,0.1191884693682397
12624,202611,0,0.12267019685969523
12625,202611,0,0.1356462834589368
12629,202611,0,0.33467188299474926
12632,202611,0,0.03410777575228283
12634,202611,0,0.057452888559903235
12635,202611,0,0.13415332601899527
12638,202611,0,0.1350896601713112
12640,202611,0,0.04726532522777566
12641,202611,0,0.13433011854819493
12643,202611,0,0.11947549635514186
12644,202611,0,0.03352579813222442
12647,202611,0,0.12029879680731954
12651,202611,0,0.1552041651554785
12657,202611,0,0.13602248477791395
12658,202611,0,0.138043619449214
12660,202611,0,0.13219278216169522
12661,202611,0,0.11625626011163812
12666,202611,0,0.12648621963271353
12673,202611,0,0.11709719240089744
12676,202611,1,0.1531203941638379
12678,202611,0,0.1294285173497165
12681,202611,0,0.1405267999017122
12682,202611,0,0.23538634785629658
12684,202611,0,0.03486240891984561
12686,202611,1,0.15244514306780363
12689,202611,0,0.1383967917084843
12699,202611,0,0.13855054329653982
12701,202611,0,0.13145561741669104
12710,202611,0,0.08991675162054806
12712,202611,0,0.1298197513768258
12713,202611,0,0.1426751202751393
12715,202611,0,0.1288430665975253
12716,202611,0,0.12347145721960731
12717,202611,0,0.1338313577469289
12718,202611,0,0.13573533336274032
12720,202611,0,0.129102005989352
12724,202611,0,0.13791929815271256
12725,202611,0,0.13697750239856218
12726,202611,0,0.12782445240380522
12741,202611,0,0.1308771879522422
12742,202611,0,0.16511455722734622
12743,202611,0,0.1501750921716332
12748,202611,0,0.13178638924990155
12749,202611,0,0.03346392658616485
12751,202611,0,0.14457113213364672
12752,202611,0,0.14102206746695042
12756,202611,0,0.13128620971884788
12760,202611,0,0.12664845965423688
12761,202611,0,0.12955975312075224
12764,202611,0,0.1434351354403098
12767,202611,0,0.05037089954575471
12772,202611,1,0.12836927003118812
12774,202611,0,0.1448658288036332
12782,202611,0,0.07581931937123093
12783,202611,0,0.2238827480946826
12784,202611,0,0.14486071607637716
12785,202611,0,0.1308272212840987
12787,202611,0,0.1452563042253411
12798,202611,0,0.13210290736060235
12801,202611,1,0.13355942820421082
12805,202611,0,0.12930083217246957
12806,202611,0,0.13402136688569108
12809,202611,0,0.11135478109167196
12815,202611,0,0.12700056652939157
12820,202611,0,0.05764560016957823
12824,202611,0,0.1224978715573402
12829,202611,0,0.12984061404411423
12832,202611,1,0.14795707952557632
12833,202611,0,0.13435145919774658
12841,202611,0,0.13734489399501612
12843,202611,0,0.11226734771755416
12847,202611,0,0.1252939096095563
12848,202611,0,0.13288753444926402
12849,202611,0,0.13242183824267847
12852,202611,0,0.12925407783150603
12855,202611,0,0.1298623656004211
12864,202611,0,0.12946594118370466
12872,202611,0,0.05599651203251345
12873,202611,0,0.16048752758945034
12874,202611,0,0.14495322284881465
12875,202611,1,0.05256855184437056
12877,202611,0,0.22143865078684796
12879,202611,0,0.13130930960699816
12885,202611,0,0.13827816357328496
12886,202611,1,0.13582910566297282
12891,202611,1,0.13663811786335903
12893,202611,0,0.1320808186991612
12894,202611,0,0.17442056289529162
12895,202611,0,0.2306141371751771
12901,202611,0,0.051814384728116815
12908,202611,1,0.12525201856306145
12912,202611,0,0.11917541532367928
12919,202611,0,0.13452281207606417
12924,202611,0,0.13326204700823763
12925,202611,1,0.12475523159760893
12929,202611,0,0.12856889668146443
12931,202611,0,0.14549050167900163
12942,202611,1,0.12963097732895257
12945,202611,0,0.13340452087016189
12958,202611,0,0.03972527757827422
12962,202611,0,0.1346185646102751
12964,202611,0,0.13888740718008907
12974,202611,0,0.13578944639492976
12976,202611,0,0.0334674865068718
12980,202611,0,0.12320814309167799
12982,202611,1,0.12112744318866374
12984,202611,0,0.12590362478814518
12987,202611,0,0.08249659084346124
12991,202611,0,0.12901282707197895
12995,202611,0,0.1376626885824847
13001,202611,0,0.2187893100544664
13005,202611,0,0.14199493104643318
13006,202611,0,0.14114183833656857
13015,202611,0,0.1281151480570582
13017,202611,0,0.13004633259629256
13027,202611,1,0.1336040191535589
13033,202611,0,0.14523954619791565
13034,202611,0,0.12687103490674043
13035,202611,0,0.1372445648247154
13038,202611,0,0.2027825612854054
13041,202611,1,0.1145974812960596
13044,202611,0,0.05143577760753513
13045,202611,0,0.1323088411804506
13052,202611,0,0.05075984699349243
13059,202611,0,0.12903848821036953
13060,202611,0,0.05439984036406958
13061,202611,0,0.14876997719337362
13066,202611,0,0.22960427757689547
13080,202611,0,0.22739298111098818
13082,202611,0,0.13594690182147834
13100,202611,1,0.12796299614805134
13105,202611,0,0.13211022935278097
13106,202611,0,0.23063407219844784
13121,202611,0,0.15534422948258622
13123,202611,0,0.144027213859999
13125,202611,0,0.05397131960198199
13129,202611,0,0.1269350766647803
13130,202611,0,0.12187711993052806
13132,202611,0,0.1611462431437818
13133,202611,0,0.12477208125385061
13135,202611,0,0.1422790742924704
13141,202611,0,0.1245933786206062
13145,202611,0,0.2188482876006489
13149,202611,0,0.06106464247600339
13153,202611,0,0.1460141718089241
13158,202611,0,0.13494981059156172
13159,202611,0,0.13348666731259173
13169,202611,0,0.32259810227519253
13170,202611,0,0.13057676493421722
13178,202611,0,0.13664475829220604
13179,202611,0,0.06600494582917817
13180,202611,0,0.13914938298275562
13181,202611,0,0.12569288310915225
13183,202611,0,0.052874456420277036
13191,202611,1,0.14011194467203208
13196,202611,0,0.12435946925382525
13200,202611,0,0.14404129007764316
13202,202611,0,0.07241042394225287
13204,202611,0,0.050303320080814694
13208,202611,0,0.13523619964572883
13212,202611,0,0.13461116085571614
13213,202611,0,0.12954703557147199
13215,202611,1,0.13042824100467723
13217,202611,1,0.13201211389284953
13218,202611,0,0.13388889711501004
13225,202611,0,0.13342236934095478
13229,202611,0,0.1214652955239818
13232,202611,0,0.1339286010964961
13233,202611,0,0.14460715809064897
13234,202611,0,0.058897117064981824
13249,202611,0,0.06422368043751431
13253,202611,0,0.12983641392709674
13255,202611,0,0.156896983151524
13257,202611,0,0.2225084456418151
13260,202611,1,0.128756085328415
13266,202611,0,0.05047770282898177
13269,202611,0,0.04799042991049764
13270,202611,0,0.14703365183974032
13274,202611,0,0.1512208232496293
13281,202611,0,0.12838936256415737
13287,202611,0,0.11347933919669013
13305,202611,0,0.13438109423351216
13308,202611,0,0.04833392077032198
13309,202611,0,0.056880220248452115
13310,202611,0,0.1501865665556027
13314,202611,0,0.14541430921783222
13315,202611,0,0.032699919119680655
13324,202611,0,0.12313638598722537
13326,202611,0,0.14299041084228464
13328,202611,1,0.11196748310214162
13329,202611,1,0.10874002421049486
13333,202611,0,0.14776831430554302
13335,202611,1,0.242855501525802
13336,202611,0,0.1310995184044876
13345,202611,0,0.13096372431647885
13348,202611,0,0.15126798646051476
13350,202611,0,0.24440609513867997
13354,202611,0,0.13296274024480503
13360,202611,0,0.16043641760899627
13364,202611,0,0.14271003223709464
13366,202611,0,0.13263330932447928
13368,202611,0,0.13355710399010062
13375,202611,0,0.07776073273963605
13376,202611,0,0.126733753244247
13380,202611,0,0.11544151165309706
13382,202611,0,0.033862027854955415
13384,202611,0,0.1489315553548105
13387,202611,0,0.13244956871729022
13390,202611,0,0.06990230367375283
13393,202611,1,0.1370591958120778
13395,202611,1,0.14576203547196886
13398,202611,0,0.1449362819499548
13403,202611,0,0.12391263335862301
13404,202611,0,0.11212670704472519
13405,202611,0,0.12189242698686277
13409,202611,0,0.14307269494124913
13411,202611,0,0.12215051837265477
13414,202611,0,0.13211498544827735
13416,202611,0,0.11903716579724295
13417,202611,0,0.06240700301188423
13418,202611,0,0.1597745349025693
13422,202611,0,0.06290887590414738
13430,202611,0,0.24770929037448305
13435,202611,0,0.03389656899196255
13437,202611,1,0.1560221797835017
13439,202611,0,0.1289942814811543
13446,202611,0,0.14327666811076575
13448,202611,0,0.04206680956235174
13449,202611,0,0.12014336436489421
13451,202611,0,0.12896522506852542
13455,202611,0,0.12774869239060244
13459,202611,1,0.1532665531230682
13468,202611,0,0.1346810629931839
13470,202611,0,0.04912553963365199
13474,202611,0,0.06787589093703332
13478,202611,0,0.15733699554275848
13485,202611,0,0.13966159743284948
13488,202611,0,0.14935476869764647
13489,202611,0,0.13566086169315641
13490,202611,1,0.1313575777472894
13491,202611,1,0.21248942354413045
13500,202611,0,0.12647548915775078
13505,202611,0,0.050915510824220564
13506,202611,0,0.12328093180750785
13517,202611,0,0.057708743072612256
13518,202611,0,0.07443732201018421
13523,202611,0,0.13856028398472503
13529,202611,0,0.12488193290343122
13532,202611,0,0.06761019479295181
13534,202611,0,0.13047770577582585
13537,202611,1,0.1403030655365109
13539,202611,0,0.1306960727350742
13547,202611,0,0.13362896097026672
13548,202611,0,0.13244635969583904
13550,202611,0,0.327252090034567
13554,202611,0,0.15332398917164813
13555,202611,0,0.15712671178069013
13556,202611,0,0.1375251243316717
13558,202611,0,0.06515439395311091
13562,202611,0,0.13361479164708295
13566,202611,0,0.13014933042744653
13574,202611,0,0.055890883457755045
13576,202611,0,0.12936131266120562
13577,202611,0,0.13525359423551422
13580,202611,0,0.034209665975553506
13586,202611,0,0.20986501978002153
13588,202611,1,0.14806164272044292
13597,202611,1,0.22526820183902777
13598,202611,0,0.22669892926286458
13600,202611,0,0.12250776975221099
13602,202611,0,0.12395601440824686
13604,202611,0,0.13391657360021567
13608,202611,1,0.14415439757877802
13616,202611,0,0.13009884899165655
13619,202611,1,0.2425199064320192
13623,202611,0,0.12857446970618516
13627,202611,0,0.15137948267227697
13628,202611,1,0.12982539688124042
13630,202611,0,0.06398241296430292
13631,202611,1,0.13187843558708073
13633,202611,0,0.13330137712037365
13635,202611,0,0.15058038027372014
13636,202611,0,0.15327083791956686
13640,202611,0,0.12789276051792894
13642,202611,0,0.2128896400290871
13647,202611,0,0.15176021015888255
13648,202611,0,0.24131201878948733
13650,202611,1,0.22852027513525738
13652,202611,0,0.13039612818176327
13659,202611,0,0.03386245919412168
13660,202611,0,0.12192628622440087
13661,202611,1,0.13768442611719262
13663,202611,1,0.15542903056014207
13666,202611,0,0.15654072936051686
13667,202611,0,0.05711135953194151
13672,202611,0,0.12519058726907384
13673,202611,0,0.14569576683695998
13675,202611,0,0.12390617192197674
13678,202611,0,0.12935751430490658
13682,202611,0,0.11448050588185368
13684,202611,0,0.135728910602046
13689,202611,0,0.132298292293033
13690,202611,0,0.13333460568640834
13696,202611,0,0.12827082923591152
13706,202611,0,0.12746221273072503
13710,202611,0,0.3452825387275093
13711,202611,0,0.12855186413816264
13712,202611,0,0.13934494662772598
13717,202611,0,0.057248349226722325
13718,202611,0,0.13307066647256133
13719,202611,0,0.13046968522764288
13720,202611,0,0.06508810146212034
13722,202611,0,0.12100451809111457
13723,202611,0,0.14402943776109978
13726,202611,0,0.125883655665744
13733,202611,0,0.0392708299301953
13737,202611,1,0.06231479847434948
13739,202611,0,0.13980975163187107
13743,202611,0,0.14243659953480917
13750,202611,0,0.13822814461547686
13751,202611,0,0.11566569910049464
13752,202611,1,0.1315067932993421
13754,202611,0,0.15393642302805605
13756,202611,0,0.06314532155797326
13760,202611,0,0.05690518925627729
13762,202611,0,0.1329976220265886
13763,202611,0,0.1251944346422782
13766,202611,0,0.06176337022866299
13767,202611,0,0.05886725871387958
13769,202611,0,0.06569737369550561
13770,202611,0,0.12412696606936145
13774,202611,0,0.13983645357018604
13776,202611,0,0.13781885538519686
13780,202611,0,0.05956009674990646
13781,202611,1,0.22235700520580115
13782,202611,1,0.21121411502731322
13784,202611,0,0.06502848156398851
13789,202611,0,0.1346269806417601
13790,202611,0,0.1318505302691019
13792,202611,0,0.07102743136038181
13795,202611,0,0.13036787991404253
13797,202611,0,0.13655652601387494
13800,202611,0,0.13039213985726986
13804,202611,0,0.12394602819772317
13806,202611,1,0.10295796205357353
13809,202611,1,0.12413615164775815
13815,202611,0,0.1253362905801597
13816,202611,0,0.13857870914786954
13817,202611,0,0.1487530163575098
13820,202611,0,0.21730842279539914
13821,202611,1,0.1248282469594862
13824,202611,0,0.15679935581059434
13830,202611,0,0.18233512279168454
13838,202611,0,0.12181303538665225
13840,202611,0,0.06540789649788117
13841,202611,0,0.0636971926629263
13842,202611,0,0.14140842751796345
13843,202611,0,0.06201904445865309
13849,202611,0,0.1427130133227117
13850,202611,1,0.14904886866594114
13852,202611,0,0.15274215852477702
13855,202611,0,0.03367089916376355
13858,202611,0,0.12320249111030471
13863,202611,0,0.05933830405284165
13871,202611,0,0.2595859147302373
13872,202611,0,0.1313707173190287
13873,202611,0,0.12315348534771099
13874,202611,0,0.13208508353752632
13877,202611,0,0.14389005300238814
13878,202611,1,0.137925802693938
13879,202611,0,0.13649114191738163
13885,202611,0,0.13663600224852457
13886,202611,0,0.12968533130244636
13892,202611,0,0.13377756739612748
13895,202611,0,0.05907420925210703
13906,202611,0,0.14084735228814868
13907,202611,0,0.1386963586220135
13908,202611,0,0.06113028665350333
13909,202611,0,0.12850565745861914
13911,202611,0,0.11658185394670849
13914,202611,1,0.12852597287036382
13918,202611,0,0.14018945612730888
13919,202611,0,0.1279334103794953
13923,202611,1,0.13547498161760935
13927,202611,0,0.1573514502810399
13930,202611,0,0.06148278013358256
13931,202611,0,0.1507636320476933
13933,202611,0,0.14780733850369912
13935,202611,1,0.14014537625595844
13938,202611,0,0.15570392200508856
13943,202611,0,0.05685736675789195
13944,202611,0,0.0700535589607503
13946,202611,0,0.13410407577139447
13949,202611,0,0.0776995201978458
13950,202611,1,0.12310086701760371
13952,202611,0,0.16320133035129347
13957,202611,0,0.13488958028469783
13958,202611,0,0.07898832087137553
13965,202611,0,0.12886885965621594
13970,202611,0,0.05093382885835588
13972,202611,0,0.1371368045928061
13981,202611,0,0.131719527287911
13983,202611,0,0.06894695960761342
13984,202611,1,0.1465236030174727
13985,202611,0,0.12335191735783385
13986,202611,0,0.09089436502806386
13991,202611,1,0.10878806341389045
13992,202611,1,0.1369521128961626
13993,202611,0,0.15417149390102008
13995,202611,0,0.12244000051749572
13998,202611,0,0.12726092197278813
14000,202611,0,0.05090664635789753
14002,202611,0,0.03386245919412168
14003,202611,0,0.08180274083281858
14006,202611,1,0.14014478510514403
14011,202611,1,0.14498646535495816
14019,202611,0,0.14930429744256493
14020,202611,1,0.13211093705654864
14021,202611,0,0.3369102311481387
14022,202611,1,0.13240904247033636
14026,202611,0,0.14081097986720734
14031,202611,0,0.06386060850218438
14032,202611,0,0.13643889912089288
14034,202611,0,0.15334834328081748
14035,202611,0,0.13399196408716701
14043,202611,0,0.07661251422461714
14046,202611,0,0.14703732409008266
14048,202611,0,0.10718951568074776
14056,202611,1,0.13278079640982504
14057,202611,0,0.14037882173799726
14062,202611,1,0.12035590479687805
14065,202611,0,0.12307161071608114
14067,202611,0,0.05711135953194151
14082,202611,0,0.03463053940830075
14083,202611,1,0.16033885107266624
14086,202611,0,0.14599279443845473
14094,202611,1,0.23625841264936012
14102,202611,1,0.05002111942195983
14103,202611,0,0.21684552664728937
14104,202611,0,0.14831728475790973
14106,202611,0,0.1528411815683378
14107,202611,0,0.1307806412093738
14109,202611,1,0.13255186858965998
14111,202611,0,0.05250561148754816
14113,202611,1,0.12408774242886313
14115,202611,1,0.12470412262278185
14116,202611,0,0.0511145148364279
14118,202611,0,0.06705839233864808
14119,202611,0,0.15147732678938758
14122,202611,0,0.12577889469544534
14123,202611,0,0.12483468455958861
14124,202611,0,0.062252335933947245
14125,202611,0,0.1490185851470942
14126,202611,0,0.1293205922979169
14127,202611,0,0.1265499900142472
14133,202611,0,0.14149100118878788
14137,202611,0,0.125773641770909
14139,202611,0,0.1308857902360128
14143,202611,0,0.1285209592854664
14148,202611,0,0.121048950285574
14149,202611,0,0.1285384635049792
14150,202611,0,0.057516629552428
14162,202611,0,0.04756345645105513
14163,202611,0,0.13086043394927177
14164,202611,0,0.12292979861459429
14169,202611,1,0.1394661234695917
14173,202611,0,0.14523954619791565
14174,202611,0,0.1420532582107928
14178,202611,0,0.13211323972078778
14181,202611,0,0.05710512843750296
14186,202611,0,0.1312000924534564
14187,202611,0,0.14511975354576429
14188,202611,0,0.13353303506193412
14190,202611,1,0.0535775695289306
14192,202611,0,0.15264868472634327
14193,202611,0,0.1219393607017336
14195,202611,1,0.1465430657439648
14198,202611,0,0.23160462004160182
14200,202611,0,0.14568851530893878
14201,202611,0,0.12866938699277766
14208,202611,0,0.20482151364131368
14212,202611,1,0.1404083368207488
14214,202611,0,0.15105694887593454
14220,202611,0,0.12234854056756801
14224,202611,0,0.12945324163000527
14229,202611,0,0.1251829970729585
14232,202611,1,0.14741917330866133
14233,202611,0,0.12767775059915312
14235,202611,1,0.12988530570021276
14241,202611,0,0.05572531415504217
14242,202611,0,0.1371885368094464
14246,202611,0,0.11437899621134037
14247,202611,0,0.10793179802286199
14250,202611,0,0.06112697077893588
14251,202611,0,0.21359413997563848
14254,202611,0,0.16366800125570727
14257,202611,0,0.03417654003921527
14259,202611,0,0.1414181634039139
14261,202611,0,0.12671609113313306
14262,202611,1,0.14323821896598724
14267,202611,1,0.12079582209592954
14281,202611,0,0.1238998633343679
14282,202611,0,0.146816785670362
14285,202611,0,0.050819211138661134
14286,202611,0,0.13966513708390804
14292,202611,1,0.13163753909665585
14293,202611,0,0.1276169821586834
14294,202611,1,0.14666726763765214
14296,202611,1,0.23556971039386015
14297,202611,0,0.05839920489931866
14298,202611,0,0.12464754716599138
14301,202611,0,0.057502825861790105
14308,202611,0,0.11566721969193458
14311,202611,0,0.1343619871757575
14313,202611,0,0.25930342700077363
14314,202611,0,0.05408609339712711
14315,202611,0,0.05267465117830293
14318,202611,1,0.1340691973952371
14320,202611,0,0.11729504268637637
14325,202611,0,0.033862027854955415
14333,202611,0,0.13215095595353088
14336,202611,0,0.14820451756587164
14338,202611,0,0.13646816171279885
14340,202611,1,0.1178977268671136
14344,202611,1,0.15531916952559868
14354,202611,0,0.13276261972950087
14359,202611,0,0.13843771000117053
14361,202611,0,0.12885457347880055
14362,202611,0,0.14057693710617758
14363,202611,0,0.13884850068153198
14367,202611,1,0.1606491360778983
14369,202611,0,0.06226551969197856
14370,202611,0,0.22594483390760792
14376,202611,0,0.12079163829498533
14382,202611,0,0.2380408283018628
14387,202611,0,0.11301663050556054
14389,202611,0,0.1580658488490337
14390,202611,0,0.12039436063129848
14392,202611,0,0.12916468258647779
14393,202611,0,0.11157971780805945
14396,202611,0,0.13501068439513322
14407,202611,0,0.12628189624828043
14410,202611,1,0.1567564570798699
14412,202611,0,0.09073381713458399
14413,202611,0,0.15720417621018506
14414,202611,0,0.056744161247075625
14416,202611,0,0.13552067769630438
14417,202611,0,0.12820905614661485
14420,202611,1,0.07966453094884898
14423,202611,0,0.1528132533175362
14427,202611,0,0.1422526376988569
14430,202611,0,0.1569411203737007
14433,202611,0,0.12140219361220066
14434,202611,0,0.13021045016674623
14435,202611,0,0.1974334733757284
14436,202611,0,0.12824986123515655
14438,202611,0,0.049779547212129904
14439,202611,0,0.1322630613213615
14442,202611,0,0.12132943095980785
14443,202611,1,0.13956053805113364
14444,202611,0,0.10676206786453854
14446,202611,0,0.13094292158803425
14448,202611,1,0.1434674706610228
14449,202611,0,0.2545726338402836
14451,202611,0,0.11812513078363657
14459,202611,0,0.15287146980020536
14464,202611,0,0.13548558207334127
14466,202611,1,0.1483407329079614
14467,202611,0,0.1516426819853406
14469,202611,0,0.1591283554840446
14470,202611,0,0.05786500970106992
14471,202611,0,0.1436173010435681
14476,202611,0,0.051527331106134104
14477,202611,0,0.13140936150793145
14479,202611,0,0.05047966269178406
14480,202611,0,0.14650200764136495
14481,202611,0,0.03361999647034097
14484,202611,1,0.1364409321729559
14485,202611,0,0.13993899014932232
14486,202611,0,0.12599648657076346
14488,202611,1,0.14494268727364576
14493,202611,0,0.12646523154148195
14499,202611,1,0.12632369578471456
14504,202611,0,0.14362167382138064
14508,202611,0,0.1479904089325072
14509,202611,0,0.1486284116009958
14510,202611,1,0.14587282137523108
14516,202611,0,0.14369934316171062
14520,202611,0,0.13052489779092719
14522,202611,0,0.1343538684685479
14523,202611,0,0.1304530484677956
14529,202611,0,0.14496703689711926
14532,202611,0,0.05256228810564172
14537,202611,0,0.057248349226722325
14538,202611,1,0.1258173229458538
14540,202611,0,0.12457786232743415
14541,202611,0,0.12280771115769464
14542,202611,1,0.14256452510306727
14544,202611,0,0.12797428074826914
14548,202611,0,0.13420019152483437
14550,202611,0,0.14567785609613024
14551,202611,1,0.14611987472312232
14554,202611,0,0.05773764871738797
14555,202611,0,0.055789747625009926
14563,202611,1,0.12946054422097833
14564,202611,0,0.1221004411321385
14571,202611,0,0.058643942245397256
14572,202611,0,0.1332629142353698
14574,202611,1,0.1403187840820488
14576,202611,0,0.13427435860401757
14580,202611,0,0.056383145463697125
14581,202611,0,0.12417501215858179
14582,202611,0,0.1523084444312502
14583,202611,0,0.12887232595790502
14586,202611,0,0.13373840153153052
14591,202611,0,0.13206483778604247
14593,202611,0,0.13488405437143405
14594,202611,0,0.13952889238835228
14599,202611,1,0.13510118020514628
14601,202611,0,0.1296481959825789
14602,202611,0,0.13440449781358552
14603,202611,1,0.14834308082966977
14604,202611,0,0.14571908224851363
14610,202611,0,0.15492492943559236
14617,202611,1,0.23468009761046166
14618,202611,1,0.12313621029558793
14620,202611,0,0.12460449687875698
14622,202611,0,0.1646359682459471
14628,202611,0,0.05186368193693039
14629,202611,0,0.22675558134630205
14630,202611,0,0.12212754381241007
14632,202611,0,0.32577556711722033
14634,202611,0,0.12850289217786826
14640,202611,1,0.14341742906575952
14646,202611,0,0.0513421616576961
14648,202611,0,0.14895885388531646
14650,202611,1,0.13089972708989778
14651,202611,0,0.13588826647495658
14658,202611,0,0.22973487073159776
14661,202611,0,0.13304350932480735
14666,202611,0,0.04966735971880575
14672,202611,0,0.15194120465230102
14673,202611,0,0.13145152022426612
14675,202611,1,0.21327028221171945
14678,202611,1,0.13844319456260096
14680,202611,0,0.1270901212814818
14685,202611,0,0.15991315604734618
14688,202611,0,0.14488209441797975
14692,202611,1,0.12798174161645268
14694,202611,0,0.12962129228510882
14695,202611,0,0.1538682842282791
14702,202611,0,0.14736185331371432
14705,202611,0,0.050774071938659744
14706,202611,0,0.13637044800055118
14707,202611,0,0.13746124539697327
14711,202611,0,0.1281157948958597
14713,202611,0,0.05942667229498514
14714,202611,0,0.12626422964112838
14717,202611,0,0.13299092219413056
14721,202611,1,0.11046588651577202
14722,202611,0,0.22406806833343107
14726,202611,0,0.12553865266345016
14735,202611,0,0.16707143471574065
14736,202611,0,0.1357676777782145
14742,202611,0,0.15560437221529447
14744,202611,0,0.3563783699028013
14746,202611,0,0.13562350259032002
14748,202611,0,0.13233633163226122
14751,202611,0,0.16070047276355431
14753,202611,0,0.16036260714906256
14754,202611,0,0.14254669184688193
14755,202611,1,0.13113900107085677
14759,202611,0,0.1697358375036937
14764,202611,0,0.15797778440659765
14766,202611,0,0.13242349716153062
14767,202611,0,0.18691509229567524
14768,202611,0,0.14065361206664892
14770,202611,0,0.13334423003349893
14773,202611,0,0.14309844472444655
14777,202611,0,0.12466642840913487
14778,202611,0,0.12681794300246388
14779,202611,0,0.12437220360972566
14782,202611,0,0.1302360582612743
14783,202611,0,0.14558014045988205
14784,202611,0,0.12271037725084183
14791,202611,1,0.1403718789227347
14793,202611,0,0.03450332158294363
14794,202611,1,0.22639329451247756
14795,202611,0,0.12957422503795504
14796,202611,1,0.3844298840747483
14797,202611,0,0.13823143280065753
14800,202611,0,0.05839920489931866
14802,202611,0,0.1440131524209567
14803,202611,0,0.06181155988933331
14805,202611,0,0.14012646457485883
14808,202611,0,0.1974086198591034
14809,202611,0,0.06372057064911564
14812,202611,0,0.33769635131549686
14813,202611,0,0.14118155973116286
14814,202611,0,0.14962889211636837
14818,202611,0,0.1517903585242187
14819,202611,0,0.0728532529898324
14820,202611,0,0.052361115259905326
14821,202611,0,0.23761267049646576
14822,202611,0,0.12813151572079273
14824,202611,1,0.222584468052913
14826,202611,0,0.14089750841814555
14827,202611,0,0.12752349233893562
14831,202611,0,0.13014213638075156
14832,202611,0,0.12533363878386816
14834,202611,1,0.14032559949394902
14839,202611,0,0.1393551093099302
14841,202611,1,0.1509663490121508
14842,202611,0,0.1455159969650162
14848,202611,0,0.11735749587773502
14849,202611,0,0.04941169258745957
14852,202611,1,0.13018014462793798
14855,202611,0,0.13508653860556302
14856,202611,0,0.15254310918864197
14865,202611,0,0.06305760444405915
14866,202611,0,0.05744334755204585
14869,202611,0,0.11734951109922633
14873,202611,0,0.14190430764505163
14877,202611,0,0.13543750314011363
14878,202611,1,0.1310164395937685
14881,202611,0,0.05921486750537942
14882,202611,0,0.23343561937720667
14883,202611,0,0.14350301686493125
14885,202611,0,0.14765286601181266
14889,202611,0,0.15985189903792163
14890,202611,0,0.16922459559004582
14892,202611,0,0.1421153679187588
14893,202611,0,0.059850398227666766
14894,202611,0,0.06169244051993021
14895,202611,1,0.14313237452600133
14897,202611,0,0.13463630035426863
14901,202611,0,0.11154115926444985
14904,202611,0,0.05952221913508137
14908,202611,0,0.1304967430550967
14909,202611,1,0.1387267338788046
14910,202611,1,0.12231074670894211
14914,202611,0,0.1417877979426849
14916,202611,0,0.08641736113251776
14917,202611,0,0.05882399721309131
14918,202611,0,0.13259497141636492
14919,202611,1,0.24199169983196642
14923,202611,0,0.12355516755838271
14927,202611,0,0.12888958417378943
14928,202611,1,0.12287688076911565
14929,202611,0,0.13388068242178736
14931,202611,0,0.14001851833382087
14934,202611,1,0.14053738368640975
14935,202611,0,0.23452256394073337
14948,202611,0,0.22887720950436494
14950,202611,0,0.12334737342034895
14951,202611,0,0.13724182660360584
14952,202611,0,0.055980617775832825
14954,202611,0,0.23378672871842868
14960,202611,0,0.06117681892738516
14962,202611,0,0.0514551240396847
14970,202611,0,0.1250406255810971
14973,202611,0,0.12120335673750299
14976,202611,0,0.15177805209096637
14978,202611,0,0.1398647620164357
14979,202611,1,0.13892908849290442
14982,202611,0,0.1307056256320747
14985,202611,0,0.061381922882478956
14986,202611,0,0.1318768316943793
14987,202611,0,0.08064682746470442
14988,202611,0,0.16340608796150902
14991,202611,0,0.13077722046877388
14994,202611,1,0.2380728628790258
14996,202611,1,0.14361480599294957
14997,202611,0,0.1383454253216599
14998,202611,0,0.13111610114127298
14999,202611,0,0.15251706231492762
15000,202611,0,0.14976295008890206
15003,202611,1,0.15034999481655484
15005,202611,0,0.13067461485162937
15006,202611,0,0.1293661713739097
15009,202611,0,0.13267147297839635
15012,202611,1,0.16111201739172992
15015,202611,0,0.13335704180378463
15018,202611,0,0.12412885247435156
15029,202611,0,0.1378007281512577
15036,202611,1,0.12755682354418693
15037,202611,0,0.21065134385735665
15040,202611,1,0.1547183892522765
15041,202611,0,0.13358127855885163
15042,202611,0,0.12593887076284294
15046,202611,1,0.23229411801314603
15047,202611,0,0.12400947546489882
15050,202611,0,0.14281535067817636
15053,202611,0,0.1596367061523746
15056,202611,0,0.14833866065889106
15057,202611,0,0.1592092068849954
15058,202611,0,0.14031295774978916
15060,202611,0,0.12467406997022795
15061,202611,1,0.13337706112096434
15062,202611,0,0.14406264497317972
15066,202611,0,0.05983832289505131
15067,202611,0,0.1354293850052622
15068,202611,0,0.05780503525535298
15069,202611,0,0.062264051933069
15072,202611,0,0.14610383545689692
15077,202611,0,0.13628101443723606
15089,202611,0,0.14116488586991638
15093,202611,0,0.12964452240370217
15096,202611,1,0.1425953394478486
15097,202611,1,0.13447665169093284
15099,202611,0,0.12468921127723506
15101,202611,0,0.14731550768272192
15103,202611,0,0.15221024400519056
15104,202611,0,0.12801987099346765
15105,202611,0,0.12391306582730455
15108,202611,0,0.13569716031324774
15109,202611,0,0.13614737491892276
15112,202611,0,0.13209296650950877
15114,202611,0,0.14959918383239343
15117,202611,0,0.05523483599588054
15122,202611,0,0.11679776180412968
15126,202611,1,0.13712734881016234
15128,202611,1,0.14246418261176202
15129,202611,1,0.1493452847493151
15130,202611,0,0.05260141591051323
15132,202611,0,0.0632444256489353
15133,202611,0,0.13220964225629514
15134,202611,0,0.05270778454931904
15136,202611,0,0.1389032286758935
15137,202611,0,0.22346036010966586
15139,202611,1,0.11279136662948798
15142,202611,0,0.050926943608996966
15145,202611,0,0.1257665515087571
15146,202611,0,0.03486240891984561
15147,202611,0,0.12647371896655704
15150,202611,0,0.2321683097487892
15159,202611,1,0.12968697474904456
15163,202611,0,0.15337883572126135
15165,202611,0,0.05119184866053937
15167,202611,0,0.12165963354556089
15168,202611,0,0.05110689030788405
15173,202611,0,0.1276389774150976
15181,202611,0,0.13027861492618442
15183,202611,0,0.15405480790559126
15185,202611,0,0.13836737258737208
15186,202611,0,0.14831521300286873
15189,202611,0,0.113502100192846
15190,202611,0,0.05971325688317426
15191,202611,0,0.1326558467456403
15193,202611,0,0.14272403471272632
15196,202611,0,0.14108434213690824
15199,202611,0,0.128418208790028
15200,202611,0,0.13961909901454705
15201,202611,0,0.1466499700090922
15204,202611,0,0.15164895127236558
15207,202611,0,0.060059220772418154
15209,202611,0,0.16028959837797851
15212,202611,0,0.15359008381960235
15213,202611,0,0.12352275743050754
15214,202611,0,0.13470043226086684
15215,202611,0,0.1479380064797516
15216,202611,0,0.14549684800166374
15222,202611,0,0.1261587544491413
15223,202611,0,0.10893782393578541
15224,202611,1,0.23730894329470362
15227,202611,1,0.12915467100950884
15231,202611,0,0.11660662283509973
15234,202611,1,0.14894583506080092
15236,202611,0,0.13509603086517055
15240,202611,0,0.17302342507061944
15241,202611,0,0.15247438907992622
15242,202611,0,0.15496207533303663
15243,202611,0,0.13816249829737715
15247,202611,0,0.1487855914091273
15250,202611,0,0.12119703663549353
15253,202611,0,0.12981935420571522
15254,202611,0,0.13089877215961762
15255,202611,0,0.15009398616132485
15260,202611,0,0.11496238652943674
15265,202611,0,0.05214163600468141
15275,202611,0,0.1252419909729946
15280,202611,0,0.14074181461272717
15281,202611,0,0.13928018782866003
15282,202611,0,0.15581999365970506
15283,202611,0,0.1457714710536366
15284,202611,0,0.15742608147058443
15289,202611,1,0.14040313745494443
15292,202611,0,0.13397414037539304
15293,202611,0,0.11331879277301471
15300,202611,0,0.1410395906870085
15301,202611,0,0.12501831433704425
15302,202611,0,0.3334508655348929
15303,202611,0,0.1317719393222761
15306,202611,0,0.12839338100063516
15307,202611,1,0.1459197516661375
15310,202611,1,0.16653601246871572
15311,202611,0,0.14539443535509383
15313,202611,0,0.12987021664634157
15320,202611,0,0.12636841193823348
15322,202611,0,0.051801163212507904
15324,202611,0,0.1322871709999197
15327,202611,0,0.15216394917526854
15329,202611,0,0.1323496624395678
15340,202611,0,0.24233361822352065
15349,202611,0,0.13343208530147416
15355,202611,0,0.12177811028019106
15356,202611,0,0.14292602770718432
15359,202611,0,0.31445591521290045
15360,202611,0,0.1299522970804001
15361,202611,0,0.06430656543559773
15364,202611,0,0.14247596144690775
15367,202611,0,0.05750438757614761
15368,202611,0,0.22456447595697032
15372,202611,0,0.2179775059398758
15373,202611,1,0.13108689900119402
15374,202611,0,0.07455271850232684
15377,202611,0,0.14153370558035405
15381,202611,1,0.12600226855972588
15383,202611,0,0.14569807885472816
15386,202611,0,0.03381842986825655
15387,202611,1,0.15428214666556753
15391,202611,0,0.13545891333058502
15394,202611,0,0.05458258552151892
15395,202611,0,0.13267571300323347
15396,202611,0,0.05910798886029861
15397,202611,0,0.1253811398686748
15399,202611,1,0.137557639889199
15400,202611,0,0.11187117776813607
15404,202611,0,0.12232519543604867
15407,202611,1,0.14027253985863508
15408,202611,0,0.11920363909622049
15409,202611,0,0.056759511302708225
15411,202611,0,0.23663175267886574
15414,202611,0,0.13987955006338268
15416,202611,0,0.12777602147285302
15421,202611,0,0.07032056834441475
15423,202611,0,0.11320305062982891
15425,202611,0,0.05121447078109523
15426,202611,0,0.14564006698663368
15428,202611,0,0.15424012530633457
15429,202611,0,0.12819280744469555
15430,202611,1,0.14703327131677432
15437,202611,0,0.14422827047722414
15438,202611,0,0.06379522026328609
15449,202611,0,0.12571940788311733
15451,202611,1,0.13240083853170728
15455,202611,1,0.13004379240530434
15456,202611,0,0.13657996014323956
15459,202611,0,0.17809364271461206
15460,202611,0,0.14419926948134987
15462,202611,1,0.13903464331159016
15465,202611,0,0.16322490548541754
15466,202611,0,0.14459499510618198
15467,202611,1,0.13557099986809884
15468,202611,0,0.1586430687942997
15469,202611,0,0.05795971713441007
15470,202611,0,0.1189212871240432
15473,202611,0,0.23005023038274253
15474,202611,0,0.15346588909025063
15484,202611,0,0.1146911060234525
15486,202611,0,0.13251257620862245
15488,202611,0,0.16154090969159954
15489,202611,0,0.03408893348096926
15493,202611,0,0.13328577243577744
15494,202611,0,0.12625447992309793
15511,202611,0,0.05220523778520607
15512,202611,0,0.14146570664181732
15517,202611,0,0.15144680691158832
15518,202611,0,0.13866700110743665
15522,202611,0,0.06034383116780499
15524,202611,0,0.1386686335866292
15526,202611,0,0.12227015557147766
15527,202611,0,0.1328266826123433
15528,202611,0,0.1266112680514605
15534,202611,0,0.1259868906500345
15537,202611,0,0.14843433788311738
15538,202611,0,0.13567994344646997
15541,202611,0,0.03499735917261204
15544,202611,0,0.14784070256755263
15545,202611,0,0.1374117501546956
15546,202611,0,0.05187149191520894
15547,202611,0,0.06759440673654539
15548,202611,0,0.15430023202961451
15549,202611,0,0.15453216732849132
15550,202611,0,0.12463893263585749
15551,202611,0,0.060694283306028975
15552,202611,0,0.05764560016957823
15553,202611,0,0.14725135125035094
15562,202611,0,0.12767532634942277
15563,202611,0,0.2172072939242125
15564,202611,0,0.14566503882657295
15567,202611,0,0.13845347863005794
15568,202611,0,0.1326288822638093
15569,202611,0,0.05147302478675887
15573,202611,0,0.050367041861384
15574,202611,0,0.1218931730289317
15579,202611,0,0.12441105073803282
15581,202611,0,0.05605876815718964
15582,202611,0,0.1449284858890682
15586,202611,0,0.13113325462417727
15589,202611,0,0.13786488142891945
15590,202611,1,0.12454841293933185
15591,202611,0,0.12003531502362107
15594,202611,0,0.12453954055413229
15596,202611,0,0.13117069600725453
15598,202611,0,0.13524140180887945
15600,202611,0,0.1369238362016431
15603,202611,0,0.15764120833447026
15609,202611,1,0.13885442669850032
15610,202611,1,0.26733777354863064
15613,202611,1,0.1214278303300037
15617,202611,0,0.05236261920026746
15619,202611,0,0.12725004725366248
15625,202611,0,0.11873047022145182
15633,202611,0,0.060177068398185776
15636,202611,0,0.13606962134404357
15637,202611,0,0.15083676440991745
15640,202611,0,0.13639828483132302
15641,202611,0,0.1233947429018403
15642,202611,0,0.13077709989472447
15643,202611,0,0.08182359116819052
15645,202611,1,0.14046097363197935
15650,202611,0,0.121826223618389
15653,202611,0,0.06420613170086492
15655,202611,0,0.13836324917600124
15661,202611,0,0.15469404779185347
15663,202611,0,0.12774534211330835
15665,202611,0,0.05322870773664631
15667,202611,0,0.14054454683309428
15671,202611,0,0.0514551240396847
15673,202611,0,0.21275818489322623
15676,202611,0,0.051709943278363604
15679,202611,0,0.1301885116676276
15680,202611,1,0.14058584135004829
15684,202611,0,0.21921509582378376
15685,202611,0,0.051842613040355486
15690,202611,0,0.12621501848897673
15695,202611,0,0.1297440796203942
15699,202611,0,0.15652747106406262
15701,202611,0,0.05638238407617154
15705,202611,0,0.2338338019245483
15709,202611,0,0.050898007486449515
15717,202611,0,0.13730355135126118
15718,202611,0,0.255615468496644
15721,202611,1,0.32055045756586675
15724,202611,0,0.1348985646174744
15725,202611,0,0.12952500043555082
15728,202611,0,0.13074289826130694
15729,202611,0,0.12849330770579012
15731,202611,0,0.13195364728147582
15732,202611,0,0.13022369144958015
15733,202611,0,0.1325417022800882
15739,202611,0,0.20433425916411674
15742,202611,0,0.05604798598515682
15743,202611,0,0.0563180068969894
15744,202611,0,0.11852012174836671
15745,202611,0,0.040457315847595925
15748,202611,0,0.052373778733767445
15751,202611,0,0.15670619383630677
15752,202611,0,0.1474713220453418
15760,202611,0,0.06357625292520348
15761,202611,0,0.057886580420306054
15764,202611,0,0.1431193562022411
15766,202611,0,0.1499979630281225
15770,202611,0,0.06024864643383642
15771,202611,1,0.13503571444670454
15773,202611,0,0.05738843376404524
15774,202611,1,0.1380877599249808
15777,202611,0,0.15008340059579142
15778,202611,0,0.14481634693047724
15780,202611,0,0.06499412805052635
15782,202611,0,0.3271035750451015
15783,202611,0,0.1537882424653464
15785,202611,0,0.1411712771581658
15787,202611,0,0.14124477426940335
15788,202611,0,0.15852813152278988
15789,202611,1,0.1125517458914327
15793,202611,0,0.24759947067610438
15795,202611,0,0.14180768686626302
15798,202611,0,0.15625349688856263
15801,202611,0,0.14626790544944712
15802,202611,1,0.14398851601712667
15804,202611,1,0.12744210192455935
15809,202611,0,0.1296652908963353
15810,202611,0,0.1278364286110933
15814,202611,0,0.13525503944445605
15831,202611,1,0.059511182992016805
15833,202611,0,0.24813478725692395
15835,202611,0,0.13958289659900405
15837,202611,0,0.04752982545892193
15841,202611,0,0.1267704997175273
15842,202611,0,0.03376855418305824
15845,202611,0,0.1308608709162447
15849,202611,0,0.06399924562284379
15850,202611,0,0.07899943389825444
15851,202611,0,0.048925763891205905
15853,202611,0,0.11522831467418211
15854,202611,0,0.1282990712340848
15857,202611,0,0.05265790447672716
15861,202611,0,0.2321263776637817
15862,202611,1,0.14227464312140448
15863,202611,1,0.12941805279842677
15868,202611,0,0.21735327890516007
15871,202611,0,0.13167843755614536
15873,202611,0,0.12243386512514064
15876,202611,0,0.13135637814031842
15880,202611,1,0.12600529926317816
15883,202611,0,0.1262807253475888
15884,202611,0,0.11801075846687185
15887,202611,0,0.06853826022540027
15888,202611,0,0.12404494634495458
15889,202611,1,0.13847226838906954
15890,202611,0,0.12733409715237176
15891,202611,0,0.14020581785220518
15892,202611,0,0.12536623337984168
15893,202611,0,0.14009736133186565
15897,202611,0,0.1397934172362753
15898,202611,0,0.24092357770255668
15902,202611,0,0.15105867490483496
15903,202611,0,0.06652690663946052
15904,202611,1,0.14862621992650463
15905,202611,0,0.1301502910297141
15910,202611,0,0.12935456934905318
15911,202611,0,0.13862230286679822
15912,202611,0,0.1225895594845285
15916,202611,0,0.05714935214574993
15917,202611,0,0.05117157516406729
15924,202611,0,0.1465640299758277
15930,202611,0,0.160542716619775
15932,202611,0,0.1565293391858434
15937,202611,0,0.13126704825199337
15938,202611,1,0.12662023633943897
15940,202611,0,0.1365853974155697
15942,202611,0,0.12935751430490658
15943,202611,0,0.24113280479035482
15944,202611,1,0.06739656581624019
15945,202611,1,0.12996712288857232
15946,202611,0,0.12257559243475896
15948,202611,0,0.05310210060801182
15949,202611,0,0.056460064910955704
15952,202611,0,0.13461627129489592
15953,202611,1,0.1488564063262897
15954,202611,0,0.052011125763534546
15956,202611,0,0.1290099520898657
15957,202611,0,0.09712092743295873
15960,202611,0,0.06064665666882992
15962,202611,0,0.14494207576728263
15965,202611,0,0.12889639526461028
15968,202611,0,0.14355701571340793
15969,202611,0,0.13510563530091282
15975,202611,0,0.12404313506639061
15977,202611,0,0.22357611803412916
15982,202611,0,0.1258899765063257
15987,202611,1,0.1492617093967279
15988,202611,0,0.14279390735385905
15990,202611,0,0.05523904482445652
15991,202611,0,0.05078042044158452
15992,202611,0,0.03417654003921527
15993,202611,0,0.16241465797973065
15997,202611,0,0.1410516981000731
15998,202611,1,0.22522467708945174
16003,202611,0,0.13054847891131854
16009,202611,0,0.146182689150871
16012,202611,1,0.1309198057870706
16014,202611,0,0.15183016375369093
16015,202611,0,0.149632625643633
16016,202611,0,0.05486675461799959
16018,202611,1,0.21299714501975392
16019,202611,0,0.13141453640471246
16021,202611,1,0.13800286341194587
16026,202611,0,0.12531761588323556
16029,202611,0,0.1418545723951531
16030,202611,0,0.14290011021310614
16031,202611,0,0.052093034933136106
16032,202611,0,0.13545151407082187
16035,202611,1,0.16039376229032273
16037,202611,0,0.0590594230790573
16043,202611,1,0.1296493621503525
16045,202611,0,0.16133537478201476
16049,202611,0,0.1304938966572243
16051,202611,0,0.12868474553698916
16055,202611,0,0.15387994917963085
16061,202611,0,0.1470293252476241
16063,202611,1,0.14678314181241198
16064,202611,0,0.1473132101642894
16065,202611,0,0.048531074794645114
16076,202611,0,0.2189622547056688
16078,202611,0,0.24079887941031222
16085,202611,0,0.14780560362476536
16087,202611,0,0.051452279921145205
16088,202611,0,0.16307984671732229
16091,202611,0,0.14493292675244285
16092,202611,0,0.13525655803481798
16093,202611,0,0.13360663002376802
16095,202611,0,0.1334987594863432
16101,202611,0,0.1260717368048784
16102,202611,0,0.14332515942627902
16110,202611,0,0.14146570664181732
16111,202611,0,0.1398672325749907
16113,202611,0,0.17817338106459849
16118,202611,0,0.14760753908540716
16121,202611,0,0.033796475722077265
16123,202611,0,0.2062641024048005
16127,202611,0,0.14873772038952585
16129,202611,0,0.03422692519488809
16130,202611,0,0.12565536205239305
16133,202611,0,0.1524449024904015
16135,202611,0,0.13100342483658792
16136,202611,0,0.13469972077233272
16137,202611,0,0.15246069976884907
16138,202611,0,0.060690107340492155
16140,202611,0,0.15736160510391348
16141,202611,0,0.12582373277277453
16142,202611,0,0.12820579989817307
16145,202611,0,0.13495120001441566
16147,202611,0,0.14729987280839957
16148,202611,0,0.17842510512907436
16149,202611,0,0.12964749753933252
16158,202611,1,0.14363629609894257
16163,202611,0,0.2214398383150136
16166,202611,0,0.05191632729869657
16169,202611,0,0.1296080897421853
16172,202611,0,0.14647575891358813
16173,202611,0,0.14661775007637887
16176,202611,0,0.14585912573597345
16177,202611,0,0.16774372500212864
16179,202611,0,0.13481241015155457
16181,202611,0,0.03433518462936188
16182,202611,0,0.27259182938801074
16192,202611,1,0.22131676253601304
16193,202611,1,0.15174655901252768
16197,202611,0,0.14969310414397066
16198,202611,0,0.14438678218058684
16199,202611,0,0.1373352945049678
16201,202611,1,0.13754522152592466
16203,202611,0,0.10243173615591443
16204,202611,0,0.06128094983198351
16209,202611,1,0.14560006105332757
16218,202611,0,0.09012629108461415
16219,202611,0,0.1607579427470734
16220,202611,1,0.12748461741564285
16222,202611,1,0.22666191071109015
16226,202611,0,0.13658952062831298
16227,202611,0,0.11793159486494861
16228,202611,0,0.13855950361752606
16229,202611,0,0.1620407861430707
16230,202611,0,0.14289024796124666
16235,202611,0,0.13028775535188034
16237,202611,0,0.057760736122968934
16240,202611,0,0.1246265139255475
16242,202611,0,0.1354801094435486
16246,202611,0,0.14032852833729598
16247,202611,0,0.14699889316668813
16248,202611,0,0.11022687207914873
16254,202611,0,0.378614143696848
16256,202611,0,0.14317409435688805
16258,202611,0,0.12267324692193761
16260,202611,0,0.05036519649603666
16266,202611,0,0.1768443468940906
16270,202611,0,0.12260610539209953
16271,202611,0,0.1381008458863395
16272,202611,0,0.1352547351188465
16274,202611,0,0.12803085420169916
16275,202611,0,0.14890442743127105
16276,202611,0,0.0514551240396847
16277,202611,0,0.13235772700465795
16278,202611,0,0.03378609887354636
16279,202611,0,0.13416696605745762
16280,202611,0,0.14379860890703716
16283,202611,1,0.3408381831293087
16284,202611,0,0.13666670265744274
16286,202611,0,0.11415515179979813
16288,202611,0,0.17137412044003664
16293,202611,0,0.12465662031569467
16299,202611,0,0.2354665020967599
16300,202611,0,0.13466256874496677
16307,202611,0,0.12415823742183975
16314,202611,0,0.1371032040824334
16315,202611,0,0.1371326958718184
16319,202611,0,0.14009410179312398
16320,202611,0,0.15611396061009963
16321,202611,0,0.12759083107961336
16325,202611,0,0.06094660765473681
16329,202611,0,0.05407949295509296
16333,202611,0,0.03333650175164159
16334,202611,1,0.1360917794554439
16335,202611,0,0.14962163327336322
16336,202611,0,0.12784079490876002
16338,202611,1,0.1300341425542375
16342,202611,0,0.1528511332746552
16343,202611,0,0.2199679175365776
16345,202611,1,0.1195821725478643
16346,202611,0,0.13312926489103322
16347,202611,0,0.1498734614482193
16348,202611,0,0.14656635942601767
16350,202611,0,0.06106079957924232
16352,202611,0,0.12316702534664463
16353,202611,1,0.06043254129769862
16354,202611,0,0.13494383229401818
16356,202611,0,0.13147790322698552
16357,202611,0,0.15697528133395466
16358,202611,0,0.12940709185997903
16362,202611,0,0.125216487280253
16364,202611,0,0.07322041420113264
16367,202611,0,0.16127208218877764
16371,202611,0,0.12038768305061094
16374,202611,0,0.1469888965562547
16376,202611,0,0.14592847893470032
16377,202611,0,0.14918040495511886
16378,202611,0,0.152945607389488
16381,202611,0,0.06938529492453477
16383,202611,1,0.14028866222637465
16384,202611,0,0.13062195315290515
16386,202611,0,0.12868674588725157
16388,202611,0,0.12452929509522785
16390,202611,1,0.1388901498336817
16391,202611,0,0.1499239990643734
16394,202611,0,0.13599211874110342
16397,202611,0,0.05956482265847472
16398,202611,0,0.13367036648802647
16400,202611,0,0.14628610900513872
16404,202611,0,0.1574777468012026
16409,202611,0,0.12586389084151292
16411,202611,0,0.11713035455323759
16414,202611,1,0.13610524767964768
16418,202611,0,0.23647537666007729
16420,202611,0,0.12784994925558182
16421,202611,0,0.1515417682181475
16425,202611,0,0.1349145507721063
16426,202611,0,0.12887297245046106
16429,202611,0,0.1313167360714752
16430,202611,0,0.1334775034439755
16431,202611,0,0.052928847687546465
16437,202611,0,0.06336084342266882
16438,202611,0,0.03463053940830075
16439,202611,0,0.12778711836289428
16440,202611,0,0.052874456420277036
16441,202611,0,0.1366061897747278
16446,202611,1,0.1415113572591097
16451,202611,0,0.12970410666553336
16461,202611,0,0.13070358005966348
16464,202611,0,0.21282831727354953
16466,202611,0,0.22795584575484995
16467,202611,0,0.12098115395302436
16468,202611,0,0.1532793104804727
16469,202611,0,0.13600019209427963
16470,202611,0,0.15512740424771365
16477,202611,1,0.23761267049646576
16483,202611,0,0.1571733580424652
16487,202611,1,0.16369704112536967
16488,202611,0,0.050367041861384
16490,202611,0,0.0755446338990409
16496,202611,0,0.14619107442901025
16502,202611,0,0.06370495489277082
16510,202611,1,0.16529089221572546
16511,202611,0,0.057573228212308626
16512,202611,0,0.14099988283959913
16513,202611,0,0.1414181634039139
16514,202611,0,0.03128923016566861
16515,202611,0,0.05182859625858006
16517,202611,0,0.1453598546702357
16519,202611,1,0.053888008826180174
16520,202611,0,0.057107016669150974
16525,202611,0,0.1525663968949076
16526,202611,1,0.2191512002955092
16529,202611,0,0.13959905567255224
16532,202611,0,0.12590849657056769
16533,202611,1,0.12033893747994108
16536,202611,0,0.24609684496754916
16540,202611,0,0.06180547051129104
16542,202611,0,0.1297893779989309
16544,202611,1,0.2209586353186141
16548,202611,0,0.12909347033943208
16549,202611,0,0.12962624224390773
16551,202611,0,0.2626362512592733
16552,202611,0,0.13607054908777172
16557,202611,0,0.14436413377601687
16558,202611,0,0.11980776167155993
16559,202611,0,0.1394106913682175
16560,202611,1,0.13061370246113096
16561,202611,0,0.13379552236332842
16562,202611,0,0.12721142161744253
16564,202611,0,0.1216764249855137
16565,202611,1,0.21959014541383487
16566,202611,0,0.1673242398390869
16572,202611,0,0.15079975324283304
16573,202611,0,0.14238354314371057
16574,202611,0,0.16371595579845266
16575,202611,0,0.05048886111861848
16579,202611,0,0.1537538896084064
16580,202611,1,0.2424002504019524
16582,202611,0,0.13416181617581185
16584,202611,0,0.16044838652459115
16586,202611,0,0.1280411901350112
16588,202611,0,0.1283521148657611
16595,202611,0,0.1414139275037266
16597,202611,0,0.12539322707210004
16600,202611,0,0.14825497871118562
16601,202611,0,0.1458458065354664
16606,202611,0,0.32745329806618223
16608,202611,0,0.03463053940830075
16611,202611,0,0.14508752282512405
16613,202611,0,0.16277887243446376
16615,202611,1,0.1312105845706131
16619,202611,0,0.12848055743236964
16622,202611,0,0.1318398408032101
16624,202611,0,0.12680110364703848
16626,202611,0,0.15286351980058147
16628,202611,0,0.1259243530679344
16629,202611,1,0.13423617407054686
16630,202611,0,0.13873368463429644
16631,202611,0,0.05747535060343789
16634,202611,0,0.1425989665182172
16638,202611,0,0.13403243790284436
16643,202611,0,0.10396687759793069
16645,202611,0,0.2189667779208053
16649,202611,0,0.14194536801026653
16651,202611,0,0.12900000096593484
16652,202611,0,0.12809039635221123
16653,202611,0,0.08457073772188131
16659,202611,1,0.1407087030150065
16660,202611,1,0.12186365944460686
16669,202611,0,0.1485447223920342
16672,202611,0,0.13832758227660202
16674,202611,1,0.1579803022431635
16677,202611,0,0.1477912130599794
16679,202611,0,0.1377473456160876
16680,202611,0,0.15506963734032478
16681,202611,0,0.06324809290142605
16684,202611,0,0.04736178808480562
16685,202611,0,0.13007633135417043
16686,202611,0,0.15448993114967804
16687,202611,1,0.12557462236818254
16688,202611,1,0.1516032460951308
16689,202611,0,0.11985747278613193
16690,202611,0,0.04963528145298395
16692,202611,0,0.12245196732173173
16693,202611,0,0.05463389998857359
16696,202611,0,0.05145588953211671
16697,202611,1,0.14190174986379694
16703,202611,0,0.22877512669867345
16704,202611,0,0.03301815913561961
16705,202611,1,0.1307151569249132
16707,202611,0,0.11511162566559884
16711,202611,0,0.1388573232205087
16713,202611,0,0.12926555192517683
16714,202611,0,0.37988459224860605
16716,202611,0,0.11723254574195999
16717,202611,0,0.17365777414645517
16718,202611,0,0.13411981025210662
16719,202611,1,0.1476522718844207
16720,202611,0,0.05130585099672053
16723,202611,0,0.12578807304445547
16724,202611,0,0.2013727694967966
16728,202611,0,0.250829697677964
16730,202611,0,0.13739795665451113
16735,202611,1,0.15286572836064855
16741,202611,1,0.12983810286160746
16742,202611,1,0.12448129301539052
16743,202611,0,0.11945572690023959
16744,202611,0,0.03486240891984561
16748,202611,0,0.13777736158584322
16750,202611,0,0.13740575491816487
16752,202611,0,0.17129433118577977
16753,202611,0,0.12294981261842848
16755,202611,0,0.1587091559605867
16756,202611,0,0.05375190891091001
16760,202611,0,0.13753644710834265
16764,202611,0,0.05884902251308988
16770,202611,1,0.2335507579917031
16771,202611,0,0.1312810941926891
16772,202611,0,0.15569922389435256
16776,202611,0,0.1350209610584348
16777,202611,0,0.07055414476294963
16780,202611,0,0.14932252897432768
16781,202611,0,0.13871487498139887
16788,202611,0,0.1321622842465608
16792,202611,0,0.11861667986141276
16794,202611,0,0.1611816926597937
16795,202611,0,0.052622645915313
16796,202611,0,0.04005192148196806
16798,202611,0,0.12246378690960565
16801,202611,0,0.12956390113766017
16802,202611,0,0.1336201832561907
16803,202611,0,0.14120874545645126
16809,202611,1,0.22282017616516955
16815,202611,0,0.14633907996065612
16816,202611,0,0.10855771507493574
16818,202611,0,0.1689492105420551
16819,202611,0,0.16380822196139544
16820,202611,1,0.1419737643086332
16824,202611,0,0.13285110197924987
16829,202611,0,0.1289013666001863
16833,202611,0,0.1336531188181432
16834,202611,0,0.12714317230065703
16846,202611,0,0.13455382864241333
16847,202611,0,0.13788535648732286
16848,202611,0,0.13905013221624257
16852,202611,0,0.12265452717885336
16853,202611,0,0.1362379268260215
16857,202611,0,0.12639167938303553
16858,202611,0,0.14668163578998644
16860,202611,1,0.13881662671599754
16861,202611,0,0.12855966824457934
16862,202611,0,0.16328832125151674
16867,202611,0,0.1237451326155577
16869,202611,0,0.12738062517657112
16870,202611,0,0.1280825105217458
16872,202611,0,0.13072079919940405
16876,202611,1,0.15245337571888742
16877,202611,0,0.06398178106245253
16883,202611,0,0.12188047677121985
16890,202611,0,0.08120872916383227
16893,202611,0,0.13369863852297761
16894,202611,0,0.06144560602699086
16897,202611,0,0.13270862426391608
16901,202611,0,0.120484540290614
16902,202611,0,0.11239255495557425
16906,202611,0,0.052174148423529555
16910,202611,0,0.040677841965858046
16911,202611,0,0.2336333724386817
16921,202611,0,0.13252041767880277
16923,202611,1,0.09121881547263098
16926,202611,0,0.1380105688479158
16928,202611,0,0.1352280585005365
16932,202611,0,0.16399619983944966
16933,202611,0,0.1380333861880126
16935,202611,0,0.13903641269161654
16943,202611,0,0.13248672340740994
16944,202611,1,0.13162244208780044
16947,202611,0,0.04011235520400968
16948,202611,0,0.13267490482919392
16949,202611,0,0.05881925365098847
16952,202611,1,0.24092351679116064
16953,202611,0,0.14140300090802568
16954,202611,0,0.133369177695796
16956,202611,0,0.12176264459593107
16958,202611,0,0.033110408055598714
16959,202611,1,0.14424443696886594
16962,202611,0,0.14694119567653702
16969,202611,0,0.06377272558844135
16970,202611,0,0.03486240891984561
16972,202611,1,0.14108819619949475
16977,202611,1,0.1304436577458382
16979,202611,0,0.12834889398816826
16981,202611,0,0.14232288460042394
16983,202611,0,0.1023480782878828
16984,202611,0,0.12072732675929018
16985,202611,0,0.12283955064406066
16987,202611,0,0.15018464129459072
16989,202611,0,0.24096663679186117
16990,202611,0,0.14314639408918364
16992,202611,0,0.15286895453662577
16994,202611,1,0.21695636559598613
16995,202611,0,0.12337406518821382
16997,202611,0,0.3292193960752299
16999,202611,1,0.15920277255683052
17000,202611,0,0.1388287505851036
17002,202611,0,0.1382755116718442
17003,202611,0,0.1804871735939705
17004,202611,1,0.350979937672592
17006,202611,0,0.22460601812094388
17007,202611,0,0.14555228603039094
17008,202611,0,0.05048023854334249
17014,202611,0,0.14476419182760256
17015,202611,0,0.1318995204377885
17017,202611,1,0.1330909950009255
17018,202611,0,0.14618012329126934
17020,202611,0,0.0782267869490578
17023,202611,1,0.1416206511479
17024,202611,0,0.3087342253911159
17026,202611,0,0.22121667101735923
17028,202611,0,0.13550100322659722
17035,202611,0,0.12310544352478871
17038,202611,0,0.12457302385305803
17039,202611,1,0.13505300695301856
17041,202611,0,0.22738311549138857
17046,202611,0,0.1521286711463581
17052,202611,0,0.03428694963369692
17053,202611,0,0.06881732922904979
17056,202611,0,0.13296664518494547
17057,202611,1,0.1331092034791559
17063,202611,0,0.14601945938874442
17067,202611,1,0.14145642867049785
17068,202611,0,0.12989892982715243
17073,202611,0,0.05876045152257916
17077,202611,0,0.13946835628744544
17078,202611,0,0.11872072339001431
17079,202611,1,0.13485708640682842
17081,202611,0,0.13816282826006793
17083,202611,0,0.1500238768755736
17085,202611,0,0.12777487414059124
17086,202611,0,0.1778048782115777
17087,202611,0,0.1233127452856014
17088,202611,0,0.12834094243721536
17090,202611,0,0.12989038245953793
17093,202611,0,0.06026515744881155
17094,202611,0,0.06114357273776137
17095,202611,0,0.1353567316567721
17096,202611,0,0.05245616479251173
17099,202611,0,0.15861665307688066
17101,202611,0,0.13773973800508832
17102,202611,0,0.15072491907064361
17104,202611,0,0.15342619600330382
17105,202611,0,0.13282554545055786
17115,202611,0,0.12528512728130214
17116,202611,0,0.15390009679939903
17122,202611,0,0.055920153673502206
17123,202611,0,0.05796979013373353
17127,202611,0,0.13514940944371645
17128,202611,0,0.14540995512802382
17129,202611,1,0.13793193351454555
17131,202611,0,0.14400991401968588
17136,202611,0,0.1470904141397683
17140,202611,0,0.0562004936921953
17141,202611,0,0.1525005982637868
17146,202611,0,0.08755803185718558
17147,202611,0,0.05001374173559006
17149,202611,0,0.17087021395910995
17155,202611,0,0.14614625481075308
17158,202611,0,0.23053214955472479
17159,202611,0,0.12748857225009666
17163,202611,0,0.14216819736397093
17164,202611,0,0.11207897385655681
17165,202611,0,0.14682588427019247
17167,202611,1,0.24366653584921036
17169,202611,0,0.22842845199941697
17170,202611,0,0.12253271515947221
17171,202611,0,0.1595406897260738
17172,202611,0,0.06623449027654843
17175,202611,0,0.32758696628111206
17177,202611,0,0.09615661268221372
17181,202611,0,0.13160406419238538
17183,202611,0,0.05010870306129549
17188,202611,0,0.1230658878909189
17189,202611,0,0.12844107162036097
17191,202611,0,0.12986229857883722
17192,202611,0,0.13404322290851728
17194,202611,0,0.1285508171428895
17210,202611,0,0.12058470821110721
17212,202611,0,0.188373603156944
17219,202611,0,0.23942382256115674
17220,202611,0,0.14400628835901874
17225,202611,0,0.12576463406547717
17227,202611,0,0.14022753906315216
17228,202611,0,0.05899103495352285
17229,202611,0,0.05669631394932086
17231,202611,0,0.132919782386753
17232,202611,0,0.1506193921787914
17233,202611,0,0.05139939332807233
17236,202611,1,0.12354272143091882
17237,202611,0,0.13222990595028114
17240,202611,0,0.13236956381157364
17241,202611,0,0.14663685402233098
17243,202611,0,0.10364553297640659
17246,202611,0,0.15326955300532596
17247,202611,0,0.12252482456944448
17251,202611,0,0.24371613624402716
17253,202611,0,0.13390229933852593
17254,202611,0,0.05210322046916866
17256,202611,0,0.05377303275863371
17257,202611,0,0.12486418090944508
17262,202611,0,0.1280366298742375
17267,202611,0,0.08042506356335676
17268,202611,0,0.14858287370218912
17269,202611,0,0.12461453200078941
17270,202611,0,0.14960245252590595
17271,202611,1,0.12696885307077627
17275,202611,0,0.1569237916597959
17276,202611,0,0.15587852480673003
17277,202611,0,0.23823057311030663
17279,202611,0,0.1367774076610492
17283,202611,0,0.05796831844038778
17285,202611,1,0.11897295059592174
17287,202611,0,0.12626376387499436
17288,202611,0,0.057483680795915565
17294,202611,0,0.12822146047695165
17295,202611,0,0.03368946706757039
17297,202611,1,0.11645008685693517
17298,202611,0,0.1259145408449603
17299,202611,1,0.24466226305431477
17300,202611,0,0.04641920780572049
17302,202611,0,0.147139288900164
17303,202611,0,0.12852224246572058
17305,202611,0,0.13440414397324935
17306,202611,1,0.14900489832569275
17307,202611,0,0.15887476794043234
17310,202611,0,0.11961802925332078
17312,202611,0,0.05436840911841147
17316,202611,0,0.1302843875148773
17317,202611,0,0.12523922835669904
17318,202611,0,0.05118428700179692
17320,202611,0,0.05089925584520867
17323,202611,0,0.12356146705642447
17324,202611,0,0.12008995768061155
17328,202611,0,0.22288890582306753
17330,202611,1,0.1430162454850617
17332,202611,0,0.141558823273791
17333,202611,0,0.12924708784004157
17335,202611,0,0.034209665975553506
17338,202611,0,0.13889649615496075
17340,202611,0,0.13773727282939097
17341,202611,1,0.1227526608427521
17344,202611,0,0.14304631280168184
17345,202611,0,0.15455838562688473
17348,202611,1,0.14579884498338036
17349,202611,0,0.13224521114400326
17351,202611,0,0.14449250183004927
17352,202611,0,0.12623297700057404
17354,202611,0,0.0573415319520167
17356,202611,0,0.22325928874760867
17357,202611,0,0.1320790337683625
17360,202611,1,0.25734384415945477
17361,202611,0,0.05564565725332362
17362,202611,0,0.14925226084993104
17363,202611,0,0.13702688207431502
17365,202611,1,0.3505904655735011
17366,202611,0,0.1340931413576963
17367,202611,0,0.14845549487902004
17369,202611,0,0.05525720265349886
17371,202611,0,0.1552686975836237
17373,202611,0,0.1506544310002042
17378,202611,0,0.16622014474041766
17380,202611,0,0.15357931245082906
17381,202611,1,0.13119606184654223
17382,202611,0,0.13759583131314196
17383,202611,0,0.13359701509299973
17387,202611,0,0.12447133547108258
17389,202611,0,0.17322157298378046
17391,202611,0,0.07956591777070987
17398,202611,0,0.13621339305951535
17399,202611,1,0.1402400496688316
17402,202611,0,0.12756481243210308
17405,202611,0,0.23162618601805746
17407,202611,0,0.04827264043707981
17409,202611,0,0.12647780654543142
17411,202611,0,0.1308948020768459
17412,202611,0,0.051513757084107034
17413,202611,0,0.1468743801787055
17415,202611,0,0.14865284859354883
17420,202611,0,0.12321606804393946
17421,202611,0,0.14061403588383387
17422,202611,0,0.14260470137918424
17428,202611,0,0.14164570051631045
17430,202611,0,0.10516382491005505
17433,202611,0,0.13053596517088445
17435,202611,0,0.13654308907878523
17438,202611,0,0.1277065897571268
17440,202611,0,0.05212270567949911
17441,202611,1,0.3319675844252368
17442,202611,0,0.1325298792480867
17444,202611,0,0.12902273278476287
17448,202611,0,0.13982086623658332
17449,202611,0,0.2111787835042924
17462,202611,0,0.13139749403814538
17464,202611,0,0.1281768225465281
17466,202611,0,0.06834745832679621
17468,202611,0,0.13911351615135165
17469,202611,0,0.1445518913249707
17472,202611,0,0.16423928745912672
17473,202611,0,0.1322592446937121
17475,202611,0,0.13159130036084857
17479,202611,0,0.060594343649915845
17481,202611,0,0.1316976945466283
17482,202611,0,0.13164404410273417
17485,202611,0,0.04777627428348114
17486,202611,0,0.23556971039386015
17487,202611,1,0.13211925893300816
17488,202611,0,0.14771673655523124
17489,202611,0,0.03568454813925849
17490,202611,0,0.11564591662125903
17491,202611,0,0.06326009329474348
17492,202611,0,0.1299379567202221
17494,202611,0,0.10057432039973084
17497,202611,0,0.21512861140903805
17500,202611,0,0.13531749873397247
17506,202611,0,0.13052790117610005
17507,202611,0,0.14165198323592426
17508,202611,0,0.22888787423767196
17509,202611,1,0.13993441252995986
17510,202611,0,0.131312954240722
17512,202611,0,0.23438433263118155
17513,202611,0,0.15313030239682407
17515,202611,0,0.16227040470990278
17519,202611,1,0.14125313814618598
17520,202611,0,0.147300074960593
17521,202611,0,0.12786253773146947
17522,202611,0,0.15017787890916603
17523,202611,0,0.13390824664460357
17524,202611,0,0.14261704176922135
17530,202611,0,0.23670670633839486
17532,202611,1,0.058254021396654906
17535,202611,0,0.14194566256149488
17536,202611,0,0.13145613270360879
17545,202611,0,0.1498094281202627
17548,202611,0,0.15997153332113365
17549,202611,0,0.13884049476986124
17553,202611,0,0.1378234407125446
17555,202611,0,0.1415255409472496
17557,202611,0,0.14535521003395577
17558,202611,0,0.13338842234969372
17559,202611,0,0.1452277207148332
17562,202611,0,0.15335514088948865
17564,202611,0,0.032794460228636205
17565,202611,0,0.23622158511352145
17566,202611,0,0.16017831250395187
17567,202611,0,0.13795333387300962
17568,202611,0,0.04857547488960872
17569,202611,0,0.1220350344604646
17572,202611,0,0.12929126773273195
17573,202611,0,0.1528432975041251
17574,202611,1,0.13303699313012374
17575,202611,0,0.1331002355005109
17577,202611,0,0.1480965656269404
17578,202611,0,0.12827673759668343
17580,202611,0,0.12712791570157903
17581,202611,0,0.15964209121872344
17584,202611,1,0.11000759060988598
17585,202611,0,0.1263970346045742
17586,202611,0,0.17405356592034085
17591,202611,0,0.13948541933782282
17594,202611,0,0.14260718407044623
17596,202611,0,0.11768093813484908
17599,202611,0,0.2350684738030709
17602,202611,0,0.1334603371805009
17603,202611,0,0.1449528273680179
17606,202611,0,0.05347714319274138
17614,202611,0,0.15878980191547348
17621,202611,0,0.17615886812528908
17624,202611,0,0.14702252685538889
17626,202611,0,0.22477201245507683
17628,202611,0,0.034322431397536775
17629,202611,0,0.1240844694455661
17630,202611,0,0.16048295387005967
17631,202611,0,0.13240871757345757
17632,202611,1,0.22339188208649596
17633,202611,0,0.07247561200800295
17636,202611,0,0.13895683438471162
17641,202611,0,0.13536886293201256
17642,202611,0,0.23256800457280832
17645,202611,0,0.15912066817777432
17646,202611,0,0.18579717344694532
17650,202611,0,0.12732108691005517
17655,202611,0,0.13171002040459429
17659,202611,0,0.12520655984950943
17660,202611,0,0.1312755499639171
17662,202611,0,0.1489582535656879
17664,202611,0,0.06474755205341795
17671,202611,0,0.03455231180182849
17673,202611,0,0.14058852194591615
17676,202611,0,0.14670568101338463
17677,202611,1,0.13919590256212003
17679,202611,0,0.18107142859006425
17685,202611,0,0.14446936611706204
17694,202611,1,0.15347895763377542
17705,202611,0,0.15509265379655393
17706,202611,1,0.13189941632887062
17708,202611,0,0.1355430839698441
17711,202611,0,0.1376224317663306
17714,202611,0,0.15089150796816322
17715,202611,0,0.06127541983433154
17718,202611,1,0.12458118735605066
17721,202611,0,0.12196131367094447
17724,202611,0,0.2542204097394869
17726,202611,0,0.1305032541307819
17728,202611,0,0.13150529029726676
17730,202611,0,0.1282327270286582
17732,202611,0,0.1324171072182602
17735,202611,0,0.24752936884885623
17737,202611,0,0.1176942231429184
17738,202611,0,0.12484428597833998
17739,202611,0,0.14315126458755925
17747,202611,0,0.16178823428811281
17749,202611,0,0.15722931571714954
17752,202611,0,0.13060031416827755
17753,202611,0,0.14114970771541724
17756,202611,0,0.12944341448604668
17757,202611,1,0.12126607266228052
17758,202611,0,0.0749106975453778
17760,202611,0,0.14378242484284814
17762,202611,0,0.13827732049805838
17763,202611,0,0.2024669011552136
17769,202611,0,0.06621659645693513
17773,202611,1,0.22981235975811878
17775,202611,0,0.13750315271984168
17776,202611,0,0.05767728159424795
17781,202611,0,0.15551784313317676
17782,202611,0,0.13553564566989415
17783,202611,0,0.058104773523072605
17784,202611,0,0.15499302680649166
17785,202611,0,0.12670229605155475
17797,202611,1,0.1368282981223763
17798,202611,0,0.1169367736621998
17799,202611,0,0.14434202671032487
17800,202611,0,0.24412307215384232
17803,202611,0,0.12830206462159585
17804,202611,0,0.04075523215963594
17805,202611,0,0.13839047025005613
17808,202611,0,0.1653172874929044
17815,202611,1,0.12829032490532893
17817,202611,0,0.15228167614951368
17823,202611,0,0.33190853556735045
17824,202611,0,0.14757304913727168
17825,202611,0,0.13190699845804446
17827,202611,0,0.05009142041631681
17828,202611,0,0.13359641760646312
17830,202611,1,0.1293933571760038
17831,202611,0,0.13844616802755622
17834,202611,0,0.13368209260250274
17835,202611,0,0.23391423550246074
17837,202611,0,0.12601488921876847
17838,202611,0,0.14645711551071922
17839,202611,0,0.13443087817099345
17843,202611,0,0.16599190201979075
17846,202611,0,0.3287437748691955
17847,202611,0,0.12687650191227595
17848,202611,0,0.14938959440335195
17853,202611,0,0.05789015957937301
17856,202611,0,0.12893174442849295
17859,202611,0,0.14766862892005334
17863,202611,0,0.06119831254574924
17867,202611,1,0.14412421182786866
17868,202611,0,0.06201904445865309
17869,202611,0,0.12926948419595316
17870,202611,0,0.2178968043720744
17875,202611,0,0.06319985436199707
17876,202611,0,0.13300777059423044
17877,202611,0,0.13014917882036986
17879,202611,0,0.14013420696573112
17884,202611,0,0.12872199803681686
17885,202611,0,0.06595439495677002
17886,202611,0,0.03475021293316905
17890,202611,0,0.14259839315009826
17896,202611,1,0.12261286194959388
17897,202611,0,0.07428625986617696
17900,202611,0,0.07215371196717493
17901,202611,1,0.13802658344956686
17902,202611,0,0.13664839578971477
17903,202611,0,0.13378787269439235
17908,202611,0,0.14235852655296483
17914,202611,0,0.13516483353073475
17915,202611,0,0.14546649402580655
17916,202611,0,0.05403672661527503
17920,202611,0,0.13436990717961958
17921,202611,0,0.1649038760855643
17924,202611,0,0.13805896742674878
17925,202611,0,0.10396932273265375
17926,202611,0,0.07817484703834433
17927,202611,1,0.12712482526857438
17928,202611,0,0.21414588188857947
17930,202611,0,0.12621287650138865
17932,202611,0,0.12200857221607485
17933,202611,0,0.15015521448320074
17935,202611,1,0.14895649518828302
17939,202611,0,0.15036699474554946
17941,202611,0,0.2387785726641474
17942,202611,1,0.23309915618773852
17943,202611,0,0.20431574859265592
17944,202611,1,0.13748732320059337
17947,202611,0,0.07589887297717275
17948,202611,0,0.1221427862340038
17950,202611,0,0.1401600376301167
17956,202611,0,0.17139087396025565
17957,202611,1,0.23502526372209057
17959,202611,0,0.13209209923955081
17963,202611,1,0.14507299047005331
17964,202611,1,0.13187161749695278
17966,202611,1,0.11455819298378045
17968,202611,1,0.2359130770324914
17969,202611,1,0.1423329960611926
17970,202611,0,0.15496283821403153
17973,202611,0,0.13623154469578555
17974,202611,0,0.1408722419959606
17975,202611,0,0.11909908491588946
17976,202611,0,0.1406197220499003
17980,202611,0,0.08094795895614672
17986,202611,0,0.14865800449225097
17987,202611,0,0.05602549785307762
17990,202611,0,0.2193426320204904
17994,202611,0,0.13346759474187728
17999,202611,0,0.12801942784100057
18002,202611,0,0.05932152743818598
18003,202611,0,0.05227297431140427
18004,202611,1,0.33808818895554404
18005,202611,0,0.2090376588880554
18007,202611,0,0.232399063736956
18008,202611,1,0.22143865078684796
18011,202611,1,0.1251654936489933
18013,202611,0,0.12257443680016623
18015,202611,0,0.05764560016957823
18016,202611,0,0.11857788029185223
18018,202611,0,0.12399441413064435
18019,202611,0,0.12675803288718987
18024,202611,1,0.13749063354073957
18026,202611,0,0.14511789577057876
18030,202611,0,0.1497249606281098
18032,202611,0,0.1607728889739966
18035,202611,0,0.1477132698455171
18039,202611,0,0.1530136643282323
18042,202611,0,0.12698681074110543
18044,202611,0,0.1611675485981373
18045,202611,0,0.0842353245311546
18046,202611,0,0.13145441118731283
18051,202611,1,0.13202963419466746
18052,202611,0,0.12499145661561936
18054,202611,0,0.05530383852845776
18055,202611,0,0.1438864983304334
18059,202611,0,0.11179348110269019
18064,202611,1,0.15182934329621256
18066,202611,0,0.1330044717149511
18072,202611,0,0.15323676500576708
18073,202611,0,0.03430060069091285
18077,202611,0,0.14528671660364892
18080,202611,1,0.12987636889408902
18081,202611,0,0.05272558253880441
18083,202611,0,0.13064787409237166
18084,202611,0,0.1422266896554181
18085,202611,0,0.12810225314124635
18086,202611,0,0.11516879914961506
18087,202611,0,0.1588695916039531
18090,202611,1,0.14010329055577025
18092,202611,0,0.12550470814148013
18093,202611,0,0.06779915876743291
18095,202611,0,0.05771448083760914
18097,202611,0,0.12122820852966802
18100,202611,0,0.13828315531085225
18101,202611,0,0.12481801040135414
18102,202611,1,0.13695261123786906
18103,202611,0,0.1541887035548712
18104,202611,0,0.13662600382016415
18105,202611,0,0.11471731806521637
18109,202611,0,0.11736512567744586
18110,202611,0,0.16164031807449983
18113,202611,0,0.17022134539532194
18115,202611,1,0.14127568290993536
18117,202611,0,0.06723141359676202
18119,202611,0,0.1325396774286568
18126,202611,0,0.16453809100684383
18127,202611,0,0.05133263589695948
18128,202611,0,0.04983224888296335
18129,202611,0,0.14985522209803528
18130,202611,0,0.1316343959457031
18136,202611,1,0.2277864028439573
18137,202611,0,0.3472936770599028
18138,202611,1,0.15295075875885356
18141,202611,1,0.15902191531591464
18142,202611,0,0.13921763853751246
18144,202611,0,0.05406259651586499
18145,202611,0,0.12083412996097327
18146,202611,0,0.14068016289924057
18149,202611,0,0.15350363716929938
18152,202611,0,0.06054523630681224
18153,202611,0,0.22023244334896647
18154,202611,0,0.12526391496070113
18155,202611,0,0.12900366543895678
18156,202611,0,0.16163472787605573
18161,202611,0,0.15023828587268828
18163,202611,0,0.0778402864354568
18165,202611,0,0.07005489952036642
18166,202611,0,0.14169411472155813
18168,202611,0,0.14349257873490923
18172,202611,0,0.05097126948520397
18174,202611,0,0.14443766871051517
18176,202611,0,0.06594409930364109
18177,202611,0,0.06830233904611885
18179,202611,0,0.14414769921325796
18180,202611,1,0.14125286271683393
18181,202611,0,0.14854789687676082
18182,202611,0,0.06515223582180005
18183,202611,0,0.14160904067945165
18187,202611,0,0.13149939081901102
18188,202611,0,0.23532247367835601
18189,202611,0,0.14405574257386256
18194,202611,0,0.12853845764458569
18196,202611,0,0.14439669767884647
18197,202611,0,0.1817072881975001
18198,202611,0,0.08018255689446521
18199,202611,0,0.14080824092570166
18201,202611,0,0.14536970149564357
18203,202611,1,0.0582974575643691
18205,202611,0,0.13282398067187712
18206,202611,0,0.13498225805695793
18207,202611,0,0.14616408633624664
18210,202611,0,0.1339752499457911
18212,202611,0,0.12689473603762458
18213,202611,1,0.14704317661820535
18214,202611,0,0.12907333792893178
18215,202611,0,0.13378392383195908
18216,202611,0,0.13027938676492185
18220,202611,0,0.05907636951888504
18221,202611,0,0.2359239702205108
18222,202611,0,0.05839920489931866
18223,202611,0,0.1599213289512269
18227,202611,0,0.13302079703506545
18228,202611,0,0.1552222742192241
18229,202611,0,0.05924527688384011
18232,202611,0,0.153729058272273
18234,202611,0,0.14056838889572704
18235,202611,1,0.15194120465230102
18239,202611,0,0.12683950296257823
18242,202611,1,0.13177384208521564
18243,202611,0,0.15342030048273267
18244,202611,0,0.058664323749915974
18245,202611,0,0.14453551858376545
18246,202611,0,0.08232929982571867
18248,202611,0,0.1357607095391863
18249,202611,1,0.12982746750494456
18250,202611,0,0.24122981320719408
18252,202611,1,0.13145882648102888
18253,202611,0,0.24759803672653352
18254,202611,0,0.12744545854279324
18256,202611,0,0.1267407405859207
18257,202611,0,0.1345735171749678
18262,202611,1,0.14943727358918207
18263,202611,0,0.052568019218689185
18264,202611,0,0.034322431397536775
18266,202611,0,0.1400234232862001
18267,202611,0,0.033862027854955415
18268,202611,0,0.1667838509018413
18269,202611,0,0.14146207820035708
18270,202611,0,0.13081738346090005
18271,202611,0,0.2279661549360012
18272,202611,0,0.12964765886837004
18273,202611,1,0.12890339949125953
18276,202611,0,0.15572985928054503
18277,202611,0,0.05202551993376249
18280,202611,0,0.12604388842375785
18282,202611,0,0.0522126233879326
18285,202611,0,0.1337523406826785
18288,202611,0,0.33417320087782326
18290,202611,1,0.12759616880162444
18291,202611,1,0.1305407863528757
18295,202611,0,0.05561140002756683
18296,202611,1,0.14755741527905764
18298,202611,0,0.12644855535713417
18300,202611,0,0.1481381925497247
18301,202611,0,0.12286957361967678
18302,202611,0,0.1118604468907998
18304,202611,0,0.05729075736282606
18305,202611,0,0.13842657955831691
18306,202611,0,0.19458274771347606
18307,202611,0,0.05892097001284544
18308,202611,0,0.05690970574278401
18309,202611,0,0.12678529642883407
18311,202611,0,0.1353731274192275
18313,202611,0,0.159559758773006
18314,202611,0,0.1539141453362008
18317,202611,1,0.1324240402484203
18318,202611,0,0.15116550998326156
18320,202611,0,0.2343196428948019
18321,202611,0,0.13758518184774243
18325,202611,1,0.3280754395215125
18326,202611,1,0.12256392978446173
18330,202611,0,0.15515635514860573
18334,202611,0,0.12010231630948441
18336,202611,0,0.05104800715705089
18337,202611,0,0.12528444994636803
18338,202611,0,0.11333246884827355
18339,202611,0,0.14606328136977847
18341,202611,0,0.2322568624274058
18347,202611,0,0.07002647579820208
18354,202611,0,0.05412673984380028
18355,202611,0,0.057565821928437774
18356,202611,0,0.14489557756421292
18358,202611,0,0.12291761402148127
18360,202611,0,0.14854057054595757
18361,202611,0,0.13143947294913852
18363,202611,0,0.14127167865307352
18364,202611,0,0.22024822082290837
18367,202611,0,0.14610345639104896
18368,202611,1,0.05873605953352341
18380,202611,0,0.062491560628864413
18383,202611,0,0.1312902322985208
18384,202611,0,0.13427435860401757
18385,202611,0,0.14384248968416224
18386,202611,1,0.1431106229965765
18387,202611,0,0.3374045889922842
18390,202611,0,0.13570765434180365
18391,202611,0,0.1657266173505992
18392,202611,0,0.12419466203690582
18395,202611,0,0.3252553575296872
18396,202611,0,0.1538840969355399
18397,202611,0,0.12339234957015954
18399,202611,0,0.1487506068651271
18400,202611,0,0.2226733172753799
18403,202611,0,0.14893145039241085
18404,202611,0,0.12809798453580667
18406,202611,0,0.1283623872695854
18407,202611,0,0.22796207266593024
18411,202611,1,0.14793309354007364
18412,202611,1,0.12862774724319814
18413,202611,0,0.12894582135948895
18415,202611,0,0.1403708602411349
18417,202611,0,0.1627554678827294
18418,202611,1,0.1310891466338108
18420,202611,0,0.051814384728116815
18422,202611,0,0.12539305942498202
18425,202611,0,0.050991412949663646
18426,202611,0,0.34248215073676835
18427,202611,0,0.052416136298281624
18428,202611,0,0.13435135740265175
18429,202611,0,0.1628796792485002
18430,202611,0,0.1371186995455034
18431,202611,0,0.1388915727239351
18432,202611,0,0.14780477390180932
18433,202611,0,0.35488717178905455
18435,202611,0,0.12527414928950195
18436,202611,0,0.1006187834553515
18437,202611,0,0.05402047150484583
18439,202611,0,0.12808748884685164
18440,202611,1,0.12946805910720094
18444,202611,0,0.13787064025145643
18446,202611,0,0.14821001793851238
18447,202611,1,0.12952505280756782
18448,202611,0,0.14062764579423637
18455,202611,0,0.06766099840568351
18457,202611,0,0.11033764217090676
18459,202611,0,0.15866664098486002
18460,202611,1,0.12479317636310028
18463,202611,0,0.19124656066392973
18464,202611,0,0.1311768151833229
18466,202611,1,0.1366039794897539
18467,202611,0,0.14315381366783397
18469,202611,0,0.12490757395161563
18471,202611,0,0.05302844157940272
18475,202611,0,0.1345287513942082
18476,202611,0,0.0587231554058486
18477,202611,0,0.1413599984435031
18478,202611,1,0.21800370355867804
18483,202611,0,0.12121581377942992
18488,202611,0,0.16860045073058288
18489,202611,0,0.08018839397786869
18490,202611,0,0.12551401220877448
18492,202611,0,0.26101607913757086
18493,202611,0,0.14230742658435908
18494,202611,0,0.1384487413214414
18498,202611,0,0.10227192101685827
18502,202611,0,0.1333380242311196
18503,202611,0,0.03486240891984561
18504,202611,0,0.153034069204485
18506,202611,0,0.1278159602002212
18507,202611,0,0.15847416496855748
18508,202611,0,0.14801781817787177
18512,202611,0,0.13532676872893393
18515,202611,0,0.051718144168060656
18517,202611,0,0.15636752464587486
18518,202611,0,0.13547934648528046
18520,202611,0,0.13486711237322987
18521,202611,0,0.11375892385424263
18522,202611,0,0.14582743478899
18523,202611,0,0.1239723979294041
18524,202611,0,0.06626948829485894
18526,202611,1,0.237365997441822
18530,202611,0,0.12354698372310774
18531,202611,0,0.1282010632675569
18532,202611,0,0.049520156032555995
18533,202611,0,0.12885658799793595
18534,202611,0,0.15928436974716192
18540,202611,0,0.12359574580117107
18542,202611,0,0.1292491510017964
18543,202611,0,0.12608036752812637
18544,202611,0,0.14218961398857494
18547,202611,0,0.12930914940018123
18549,202611,0,0.03463053940830075
18552,202611,0,0.14550623990555983
18553,202611,0,0.18698541469085497
18555,202611,0,0.1412533136665116
18558,202611,0,0.1516040090665918
18561,202611,1,0.13654778791995403
18565,202611,0,0.051418985050879655
18568,202611,0,0.23352354046446835
18570,202611,1,0.14574719787449197
18572,202611,0,0.12953958834277565
18575,202611,0,0.1431593952134392
18576,202611,0,0.1333370844353394
18579,202611,0,0.1395595499778766
18581,202611,0,0.1590955576990332
18583,202611,0,0.0855663881398714
18584,202611,0,0.03367089916376355
18585,202611,0,0.06093558342693894
18590,202611,0,0.05357488604363327
18593,202611,1,0.14855512319046238
18594,202611,0,0.13225160006660247
18595,202611,0,0.12495737279103769
18598,202611,0,0.13776358535617958
18600,202611,0,0.2147773221580329
18601,202611,0,0.3349393434888419
18602,202611,0,0.12152886541960885
18603,202611,0,0.23397193243257003
18604,202611,0,0.03997830320963231
18610,202611,0,0.1269608433718857
18611,202611,0,0.14143099574417073
18612,202611,1,0.13650187348218576
18613,202611,1,0.09882594909904084
18615,202611,0,0.13279774996355845
18617,202611,0,0.11526004775560705
18619,202611,0,0.15878980191547348
18623,202611,0,0.0735243875101679
18627,202611,1,0.23317186996303013
18630,202611,0,0.123839642991085
18631,202611,0,0.1674173234383832
18632,202611,0,0.06278225381585466
18633,202611,0,0.1414181634039139
18635,202611,1,0.3566734760431933
18637,202611,1,0.3472298907237474
18638,202611,0,0.1579841510443797
18639,202611,0,0.11442521708864932
18640,202611,0,0.12298512344126612
18641,202611,0,0.052759245943865815
18645,202611,0,0.14100727471302493
18648,202611,0,0.07230786128219321
18649,202611,0,0.12865617092380657
18651,202611,0,0.13416696605745762
18653,202611,0,0.09207649785466836
18656,202611,0,0.15186581131932533
18657,202611,0,0.14857262887697717
18658,202611,0,0.13490443171565494
18659,202611,0,0.13185045850601992
18661,202611,0,0.14382016599595535
18663,202611,0,0.2696044380375909
18668,202611,0,0.1483173834748136
18669,202611,0,0.12754610417298304
18671,202611,0,0.13160406419238538
18672,202611,0,0.06467556474741729
18673,202611,0,0.13807020714550547
18679,202611,0,0.1399134456147985
18680,202611,1,0.14784513483568318
18689,202611,0,0.14180768686626302
18690,202611,0,0.158965993232076
18692,202611,0,0.13452056199836543
18694,202611,0,0.1371665393523395
18695,202611,0,0.16702055665832977
18698,202611,0,0.14581494498000308
18699,202611,0,0.14039992854847966
18704,202611,0,0.1406462193344931
18706,202611,0,0.3337764024678262
18708,202611,1,0.13112780653820505
18709,202611,0,0.15694255050932782
18712,202611,0,0.16321027695131804
18713,202611,0,0.1453117172550023
18716,202611,1,0.23756830419425085
18717,202611,0,0.15081692652919956
18719,202611,0,0.3754110660866995
18721,202611,1,0.2260238934563805
18724,202611,0,0.12476028213277324
18725,202611,0,0.059058649053279066
18728,202611,0,0.1419365804959389
18729,202611,0,0.12331141316842167
18732,202611,0,0.033753368751829826
18733,202611,0,0.13553469244123748
18734,202611,0,0.06600421092970479
18735,202611,0,0.14977064189874512
18736,202611,0,0.15796736867289282
18739,202611,0,0.12885941484737087
18740,202611,0,0.14642011438824343
18742,202611,0,0.1448902032648985
18743,202611,0,0.25422078609103016
18744,202611,1,0.1443391802127058
18749,202611,0,0.049963031686186495
18750,202611,0,0.14415540855319703
18751,202611,0,0.1186050512035405
18753,202611,1,0.14626927377944254
18754,202611,1,0.1500329309431728
18755,202611,0,0.12768795337351382
18756,202611,0,0.033753368751829826
18759,202611,0,0.14094275167966414
18760,202611,0,0.059872016424236923
18762,202611,0,0.1477515934161683
18763,202611,1,0.12072486940946205
18765,202611,0,0.1289891457663893
18766,202611,0,0.13198762465303668
18769,202611,0,0.12862243377860477
18772,202611,0,0.13227146207060658
18773,202611,0,0.053721713733947886
18774,202611,0,0.1396643848566878
18778,202611,0,0.131455935448668
18780,202611,0,0.06790290332029707
18782,202611,0,0.12412511077750003
18784,202611,0,0.1343676082525229
18785,202611,0,0.14256013590185843
18786,202611,0,0.1355200560500782
18789,202611,1,0.15884995667641114
18797,202611,1,0.12805332605239808
18798,202611,1,0.056787787037606646
18801,202611,0,0.07722812432357141
18802,202611,1,0.14215835074031208
18804,202611,0,0.13077609364659717
18807,202611,0,0.14789249122395656
18810,202611,0,0.2237155866212732
18811,202611,0,0.13595614019832908
18812,202611,1,0.24374619206659284
18815,202611,0,0.12990695069244812
18816,202611,0,0.15150936833641582
18818,202611,0,0.1428294132064807
18819,202611,0,0.156811990483313
18820,202611,0,0.14074847689669995
18821,202611,0,0.22617734183509808
18822,202611,0,0.170530668487175
18825,202611,0,0.13806322276471777
18827,202611,0,0.22219977155431367
18831,202611,0,0.12646043635879375
18832,202611,0,0.1403042008180827
18834,202611,0,0.20903752407452303
18835,202611,1,0.12052633288378575
18836,202611,0,0.15273117986987284
18837,202611,0,0.12384332916045618
18840,202611,0,0.051208827253416266
18842,202611,0,0.11077909012032254
18847,202611,0,0.13099192204567175
18849,202611,0,0.14138517088860145
18851,202611,1,0.2309636101900359
18852,202611,0,0.13038725193703643
18854,202611,0,0.15233870304936906
18855,202611,0,0.12349320533846593
18857,202611,0,0.12770398632703497
18859,202611,0,0.16050660145394366
18860,202611,0,0.18708508813496427
18861,202611,0,0.13493111432690114
18862,202611,0,0.049034184146269456
18864,202611,0,0.14078793367036968
18868,202611,0,0.13359038727352657
18870,202611,0,0.1447402140051444
18871,202611,0,0.05426818393891349
18872,202611,1,0.14023446587885438
18874,202611,0,0.14022996906971644
18875,202611,1,0.1356808773241209
18880,202611,0,0.14972489713331255
18882,202611,0,0.14667395223921617
18884,202611,0,0.13087138680067623
18885,202611,1,0.2393274546173617
18889,202611,0,0.14990569720896546
18892,202611,0,0.15040651340828962
18894,202611,0,0.23170596496931653
18895,202611,0,0.13749615865344872
18897,202611,0,0.16974964398275874
18898,202611,0,0.05270778454931904
18900,202611,0,0.1592498673754837
18902,202611,0,0.13923639146460196
18907,202611,0,0.138209067182368
18908,202611,1,0.1167631602791849
18909,202611,0,0.16831384429167714
18910,202611,0,0.33975776337309777
18914,202611,0,0.13360705337603107
18917,202611,0,0.12398719807619049
18918,202611,0,0.1251942484611409
18919,202611,1,0.20171555812324962
18920,202611,1,0.11842705233372808
18921,202611,0,0.239833532794966
18924,202611,0,0.15011839114253844
18925,202611,0,0.11986184270133231
18927,202611,0,0.1353788122071007
18928,202611,0,0.06282596981747003
18929,202611,0,0.12219260072567757
18930,202611,0,0.13690890645736975
18932,202611,0,0.14552013178241163
18935,202611,0,0.058556843224440894
18938,202611,0,0.056533692978904426
18940,202611,0,0.13897780862257592
18941,202611,0,0.1290223576995197
18942,202611,0,0.14695683790945901
18944,202611,0,0.05133427650805493
18946,202611,0,0.15103746945318614
18949,202611,0,0.1263264805537459
18952,202611,1,0.1473316244859909
18954,202611,0,0.05149411641734187
18956,202611,0,0.14000338212776742
18957,202611,0,0.06985115320706198
18959,202611,0,0.1449528273680179
18960,202611,0,0.0699898376850879
18962,202611,0,0.14185415082696232
18963,202611,0,0.16152915780717672
18964,202611,0,0.23408950489167513
18965,202611,0,0.13719430878398273
18967,202611,0,0.11959891138220577
18969,202611,0,0.14436431440971478
18971,202611,0,0.22468685765562127
18973,202611,0,0.128782284857507
18977,202611,0,0.1199856364612211
18978,202611,0,0.15481362933398296
18979,202611,1,0.1275304785007972
18981,202611,0,0.1461555672164872
18982,202611,0,0.06437208686275261
18983,202611,0,0.1305852163336208
18984,202611,0,0.1269666291229978
18985,202611,0,0.1296047961108722
18986,202611,0,0.1476918004542434
18987,202611,0,0.1321445379998706
18988,202611,0,0.1349350347087504
18991,202611,0,0.07810350374341107
18992,202611,0,0.1248348952357526
18993,202611,0,0.12438224630529116
18994,202611,0,0.2484619079044597
18995,202611,0,0.12599024663456904
18996,202611,1,0.1279184348222082
18997,202611,0,0.14925635981335988
18999,202611,0,0.1253717038256254
19002,202611,0,0.12348571477015048
19003,202611,1,0.3339261385237438
19004,202611,0,0.1369277898585011
19005,202611,0,0.12379369462113411
19007,202611,0,0.12154068650181771
19010,202611,0,0.14603921774740217
19012,202611,0,0.1277965666598524
19013,202611,1,0.134932905246861
19014,202611,0,0.1264946850710956
19015,202611,1,0.20781138780720398
19016,202611,0,0.16215940538329404
19017,202611,0,0.16100704116390704
19018,202611,0,0.1394945239777015
19019,202611,0,0.14347685939504265
19021,202611,1,0.12901382962723335
19022,202611,0,0.1988599051239244
19023,202611,0,0.234758171784976
19024,202611,0,0.23675468180223422
19028,202611,0,0.14514521643130152
19029,202611,0,0.0520416188966793
19030,202611,0,0.06119296707599786
19031,202611,0,0.16778684002246336
19034,202611,0,0.13142577310641693
19035,202611,0,0.05012275516513452
19036,202611,0,0.14212314274618806
19037,202611,0,0.12681830593870808
19038,202611,0,0.14962512682231516
19040,202611,0,0.03386245919412168
19042,202611,0,0.23794526863788215
19043,202611,0,0.12171838784248916
19044,202611,0,0.12230954568834279
19046,202611,1,0.05442514465173301
19047,202611,0,0.23192591003989493
19048,202611,0,0.17614141987581122
19049,202611,0,0.14569570938248735
19051,202611,0,0.12905487183255568
19053,202611,0,0.12513573861838678
19054,202611,0,0.2359085994554741
19055,202611,1,0.14342696643438826
19056,202611,0,0.13118870607325273
19057,202611,0,0.1396116377566982
19058,202611,0,0.1301766163112097
19059,202611,0,0.12536933913195245
19060,202611,0,0.13595252656091236
19062,202611,0,0.1497978237672881
19063,202611,1,0.15345892673758943
19064,202611,0,0.15865856643320486
19071,202611,0,0.2309167177938079
19078,202611,0,0.11651732780135186
19079,202611,0,0.13768671838528218
19080,202611,0,0.12246931645923761
19081,202611,0,0.054510715867433036
19085,202611,0,0.14955187993891592
19088,202611,0,0.1581938382055934
19089,202611,0,0.1249324948430909
19090,202611,0,0.15223372224854767
19091,202611,0,0.23478573880618514
19092,202611,0,0.12722557127783343
19094,202611,0,0.12716727511320072
19099,202611,0,0.14582135731470958
19100,202611,0,0.13928330286980964
19101,202611,0,0.05881757239003619
19103,202611,0,0.1399414951088258
19104,202611,0,0.1504224325731721
19105,202611,1,0.1403323723456443
19106,202611,0,0.13060620484729457
19107,202611,0,0.22365197182662924
19108,202611,0,0.14781998351742834
19109,202611,0,0.033862027854955415
19111,202611,0,0.1405403429983575
19112,202611,0,0.14907537332242252
19113,202611,0,0.14142895333902847
19114,202611,0,0.1339959929499921
19116,202611,0,0.14196721610027557
19117,202611,0,0.15591193685066357
19121,202611,0,0.1344523028098467
19125,202611,0,0.22821639103736274
19127,202611,0,0.18416429831159653
19128,202611,0,0.12987167860827628
19132,202611,1,0.14050010435333296
19134,202611,1,0.14528343089819848
19136,202611,0,0.14342280385021056
19137,202611,0,0.1268738155031395
19142,202611,0,0.1444651616488077
19143,202611,0,0.13253867125550364
19144,202611,0,0.12315407016401646
19146,202611,0,0.13505003569429438
19147,202611,0,0.12145660812893022
19152,202611,0,0.07569267253313745
19154,202611,0,0.05561453654014958
19157,202611,0,0.133847143498094
19160,202611,0,0.1481029216731273
19161,202611,0,0.0591172189042592
19162,202611,0,0.2256064582106669
19164,202611,1,0.14196721610027557
19165,202611,0,0.05604500037499509
19167,202611,0,0.0569076217784902
19168,202611,0,0.14211953446861617
19171,202611,0,0.06070407707918823
19172,202611,0,0.03386245919412168
19173,202611,0,0.1463526960839216
19174,202611,0,0.13703552646541875
19175,202611,1,0.24427335128742472
19176,202611,0,0.13228322627804434
19177,202611,0,0.16144940045344855
19178,202611,0,0.05184986015056869
19179,202611,0,0.21871611200222846
19180,202611,0,0.2363709536605543
19182,202611,0,0.180446714072222
19184,202611,0,0.13374627959571186
19185,202611,0,0.033110408055598714
19187,202611,0,0.06704605786030234
19189,202611,0,0.2182537013365682
19190,202611,1,0.228773337065081
19191,202611,0,0.1096925797953104
19193,202611,0,0.1338996051164971
19194,202611,0,0.1507892805617518
19195,202611,1,0.1333838899645703
19197,202611,0,0.1739608232393114
19198,202611,0,0.12875398618818135
19200,202611,0,0.16288481442605804
19202,202611,0,0.03477069250525578
19204,202611,0,0.0820451167157832
19205,202611,0,0.17089649036812044
19206,202611,0,0.1256190181216055
19209,202611,1,0.21819104990687152
19212,202611,0,0.05764560016957823
19213,202611,0,0.1292727601465443
19214,202611,0,0.3550167275598697
19219,202611,1,0.14936154503026872
19220,202611,1,0.14598334130848512
19221,202611,1,0.1641899941739154
19222,202611,0,0.13817737057402957
19223,202611,0,0.15593246537970437
19225,202611,0,0.24179800387093725
19226,202611,1,0.11336916197652162
19228,202611,0,0.14012044497916068
19230,202611,0,0.33244385840416407
19234,202611,1,0.2577251362405639
19235,202611,1,0.1333448259799684
19236,202611,0,0.12977709240089685
19240,202611,0,0.18565290471093554
19241,202611,0,0.1512833949153857
19242,202611,0,0.13663535601113835
19243,202611,0,0.33239496821650827
19244,202611,0,0.1261363638983585
19246,202611,1,0.15315352793216883
19248,202611,0,0.12699521676405115
19249,202611,0,0.16025414681403283
19250,202611,0,0.14180487579653173
19251,202611,0,0.1501601495950808
19254,202611,0,0.15232649278192764
19255,202611,0,0.13544016469255768
19257,202611,1,0.03489683175493829
19258,202611,0,0.14755417424053852
19259,202611,0,0.15499449332127563
19260,202611,0,0.24622240917703225
19261,202611,0,0.1274727325501683
19262,202611,0,0.06098703511844756
19264,202611,0,0.13180235642847482
19265,202611,0,0.18402545018690153
19266,202611,0,0.1393876346669214
19270,202611,0,0.12438155373966205
19271,202611,0,0.12861239958554077
19274,202611,0,0.13339278738198815
19275,202611,0,0.12776657909152436
19276,202611,0,0.11687422726953745
19278,202611,0,0.05705882398781561
19280,202611,0,0.12600720000675752
19281,202611,1,0.34024966421114455
19282,202611,0,0.14993571927578925
19285,202611,1,0.14123623012571399
19287,202611,0,0.16597078055043077
19288,202611,0,0.14446607459565433
19290,202611,0,0.14498457891832428
19291,202611,1,0.24367775957575213
19293,202611,0,0.15385355849856408
19295,202611,0,0.21821167903812644
19297,202611,1,0.07389869377258759
19298,202611,0,0.22575002227952115
19299,202611,0,0.19496697801468768
19300,202611,0,0.06406801563252287
19301,202611,0,0.13553821979820865
19302,202611,1,0.14116815925100906
19304,202611,0,0.13415272151423888
19305,202611,0,0.15374623502894577
19306,202611,0,0.11317390108553897
19309,202611,0,0.1582638371971856
19310,202611,0,0.12135196783378978
19311,202611,0,0.23550230581041137
19313,202611,0,0.16552371384807243
19314,202611,1,0.15763428246158012
19315,202611,1,0.1359071940481075
19317,202611,0,0.1566034641372718
19320,202611,0,0.15918763798548824
19322,202611,0,0.05044007065186773
19323,202611,1,0.13110497501142926
19324,202611,0,0.15847734092009244
19325,202611,0,0.14988316520511055
19326,202611,0,0.11285667559118776
19328,202611,0,0.1476303984235595
19330,202611,0,0.1553235056443542
19331,202611,0,0.43820767013177664
19332,202611,0,0.1350952522030712
19334,202611,0,0.13209809364317837
19337,202611,0,0.1278048338421521
19338,202611,0,0.14320686673925173
19340,202611,0,0.11987036495867313
19341,202611,0,0.1334092716384741
19342,202611,0,0.13579981903658486
19343,202611,0,0.18069619893386119
19347,202611,0,0.3209563725560491
19348,202611,0,0.14651432548495566
19349,202611,0,0.23635482162752852
19351,202611,1,0.13295177627558816
19352,202611,1,0.05332984905372902
19353,202611,1,0.14513810513346323
19354,202611,0,0.12778848361447195
19356,202611,0,0.12930267264416953
19357,202611,0,0.12658778586396116
19358,202611,0,0.20192670696993825
19361,202611,0,0.1252264165163738
19362,202611,0,0.1294970977057032
19365,202611,0,0.14668248817240542
19366,202611,0,0.116521020429138
19367,202611,0,0.16708670521744626
19369,202611,0,0.1271766097023113
19370,202611,1,0.21315839968378886
19372,202611,0,0.13661098928488544
19376,202611,0,0.05053729146958426
19377,202611,0,0.14960592589085098
19382,202611,0,0.06093930096491768
19383,202611,0,0.24500433198901478
19384,202611,0,0.15448634157351301
19385,202611,0,0.14023692881190097
19386,202611,0,0.16852347516399976
19388,202611,0,0.131236491750461
19390,202611,1,0.11876679451576463
19392,202611,0,0.130569329355937
19393,202611,0,0.15319599322697983
19394,202611,0,0.13007913297331541
19395,202611,0,0.21993378362880675
19396,202611,0,0.13866754978089732
19397,202611,0,0.11450264577532512
19399,202611,0,0.15976169970201293
19400,202611,0,0.1579580381974706
19402,202611,0,0.1300156199324758
19403,202611,0,0.18586496908725908
19404,202611,0,0.1254786105776486
19405,202611,0,0.12321066113803722
19406,202611,0,0.13000114564852647
19408,202611,0,0.12478866920527816
19412,202611,0,0.1529813152808594
19413,202611,1,0.14038669358694436
19414,202611,0,0.14704256841583563
19419,202611,0,0.22288023223480763
19421,202611,0,0.17911644386964995
19424,202611,0,0.1291216959829688
19425,202611,1,0.153470779099066
19426,202611,1,0.15700715840097876
19428,202611,1,0.1289950287521503
19429,202611,0,0.34398474300646975
19431,202611,0,0.1363641140900408
19432,202611,0,0.14323026894516916
19434,202611,0,0.061105845722367824
19435,202611,0,0.13152256962879194
19436,202611,0,0.1303283319706862
19438,202611,0,0.12606078950641808
19439,202611,0,0.24807538586728928
19441,202611,0,0.06465006683633694
19442,202611,0,0.05132039435628826
19443,202611,0,0.13216028749237632
19447,202611,0,0.11474453644507981
19448,202611,0,0.13853453013180228
19449,202611,0,0.12736897499135996
19450,202611,0,0.14938535900162198
19452,202611,0,0.1253853366340735
19455,202611,0,0.2493822540927766
19458,202611,0,0.15093772316841914
19459,202611,0,0.19052632202004757
19460,202611,0,0.14118924286416026
19461,202611,0,0.034140850851757755
19462,202611,0,0.13074717873570874
19463,202611,0,0.1368002999111878
19468,202611,0,0.1533052614094606
19469,202611,0,0.05139939332807233
19470,202611,0,0.3688766251562769
19471,202611,0,0.21859097664287674
19472,202611,0,0.14114032542441748
19474,202611,0,0.1559261604472184
19475,202611,0,0.13969322697614697
19477,202611,0,0.1444172527659719
19478,202611,0,0.13486439809766212
19479,202611,0,0.23839261823135355
19482,202611,0,0.14784686937235603
19484,202611,0,0.25473549716465244
19487,202611,0,0.14118542174800786
19489,202611,1,0.23248224358753772
19492,202611,0,0.12693316869625226
19495,202611,0,0.12892819629909227
19502,202611,0,0.1386168771423978
19505,202611,0,0.12314591455667433
19506,202611,0,0.12617658297877507
19507,202611,0,0.12437157248926724
19510,202611,0,0.14423012962352436
19511,202611,0,0.35659772498576825
19512,202611,0,0.03998915641096378
19514,202611,1,0.13424347932597902
19515,202611,0,0.13292611177068156
19520,202611,0,0.13979297207338137
19521,202611,0,0.1316399821181732
19524,202611,1,0.22411060089549822
19526,202611,0,0.13654332289577653
19527,202611,0,0.12698399096331758
19531,202611,0,0.24037129736309132
19532,202611,0,0.13156777527949526
19534,202611,0,0.13078360015896007
19538,202611,0,0.1398826017979467
19539,202611,0,0.058803943605407104
19542,202611,0,0.09410397730169971
19543,202611,0,0.1304265212288947
19545,202611,0,0.1436418210276978
19546,202611,0,0.1386054286541905
19548,202611,0,0.2192792183057238
19549,202611,1,0.23455856695927818
19550,202611,0,0.16065154583095254
19552,202611,0,0.12337488562835373
19553,202611,0,0.030592518249914886
19554,202611,0,0.13009398305313716
19555,202611,0,0.12413483084751384
19556,202611,0,0.15497732984027707
19557,202611,0,0.1288206886941758
19561,202611,0,0.1433349181301932
19562,202611,1,0.12660457950136314
19563,202611,0,0.13518980059504004
19568,202611,1,0.12725371743504468
19570,202611,0,0.1280622948394722
19572,202611,0,0.1279003144311167
19574,202611,0,0.22604264457537476
19576,202611,1,0.21986457986911365
19578,202611,0,0.12879187774250944
19579,202611,0,0.13670830640442908
19582,202611,0,0.17382778172020735
19586,202611,0,0.032761016658484354
19587,202611,0,0.10365254236969602
19589,202611,0,0.12503423441895212
19590,202611,0,0.06201904445865309
19592,202611,0,0.1423263431488283
19594,202611,0,0.06299559873874827
19595,202611,1,0.14497897258070955
19596,202611,0,0.24782189592479292
19597,202611,1,0.1612022744785624
19599,202611,0,0.12585437187656132
19600,202611,0,0.12743846705372885
19601,202611,1,0.12504558707445734
19603,202611,0,0.12477914885983364
19604,202611,0,0.12335201967821284
19605,202611,0,0.19396888810454
19606,202611,1,0.15993219043449788
19607,202611,0,0.12268548013099681
19609,202611,1,0.13411964029717374
19613,202611,1,0.1450208275434673
19616,202611,0,0.06279142689549028
19618,202611,0,0.07009669009980792
19619,202611,0,0.06487366891720185
19620,202611,0,0.1272454073866839
19623,202611,0,0.12142473365222557
19624,202611,0,0.16136715106758223
19625,202611,0,0.13166901085522134
19626,202611,0,0.18309123615046652
19628,202611,0,0.1452291884944332
19629,202611,0,0.14806596393718116
19630,202611,1,0.05341827263013484
19631,202611,0,0.11957554642750569
19633,202611,0,0.14487710720322236
19634,202611,0,0.13300806387045136
19635,202611,0,0.2460380805648925
19636,202611,0,0.158723705519243
19637,202611,0,0.11988792689473754
19639,202611,0,0.17010425378262078
19643,202611,0,0.14314671256707892
19644,202611,0,0.1296975449344075
19645,202611,0,0.16560660993580026
19647,202611,0,0.14966706176701447
19649,202611,0,0.14479325056524722
19650,202611,0,0.15063543590926531
19652,202611,0,0.15222789200312092
19653,202611,0,0.16436602069586728
19656,202611,0,0.12414902253220192
19660,202611,0,0.13824818063685612
19662,202611,1,0.1228994448868666
19663,202611,0,0.13290796032858465
19664,202611,0,0.164156189977288
19666,202611,0,0.14390584805611265
19667,202611,1,0.1242326951567814
19668,202611,0,0.1298228218831111
19671,202611,0,0.13090783276757537
19672,202611,0,0.1337907693981656
19674,202611,0,0.21288888705075087
19675,202611,0,0.1334975547230672
19676,202611,0,0.14064104501729052
19677,202611,1,0.1313236145526613
19678,202611,0,0.14497546260236874
19679,202611,0,0.13906402288630632
19680,202611,0,0.1414866830066397
19681,202611,0,0.14991561549104826
19682,202611,0,0.12333745517530194
19683,202611,0,0.13813415801984355
19684,202611,0,0.11988749381233692
19686,202611,0,0.1315970383948175
19687,202611,0,0.14950369301997207
19689,202611,1,0.12597785752233762
19691,202611,0,0.14615102134756103
19692,202611,0,0.13381488543945624
19698,202611,0,0.22890837980576434
19699,202611,0,0.12951781388992487
19700,202611,0,0.1420268621643155
19702,202611,0,0.13226846279404927
19706,202611,0,0.15844392257125137
19707,202611,0,0.34060521943195066
19708,202611,0,0.14510032679086823
19709,202611,0,0.13501161519710655
19710,202611,0,0.1245968757901429
19711,202611,0,0.1434744488764277
19713,202611,0,0.09146483823887401
19714,202611,0,0.13227582618277253
19716,202611,0,0.15395933823797026
19718,202611,0,0.12210122800484803
19719,202611,0,0.14427668605507302
19720,202611,0,0.12101161756622272
19722,202611,1,0.14194327272585316
19724,202611,0,0.06163591945390543
19726,202611,0,0.23241456789766546
19727,202611,0,0.13492533251932817
19728,202611,0,0.05733817172571406
19729,202611,0,0.13177419380981562
19731,202611,0,0.22522196332575248
19733,202611,0,0.1519579261867185
19735,202611,0,0.11978643915611792
19736,202611,0,0.16063390433715444
19740,202611,1,0.18920996134441195
19743,202611,0,0.14362218786434847
19744,202611,0,0.13877637403656973
19746,202611,0,0.119964948784913
19748,202611,0,0.15500403383757702
19750,202611,0,0.13570944337215005
19751,202611,0,0.22671567761931458
19753,202611,0,0.13554273621195206
19754,202611,0,0.13104876248371028
19758,202611,0,0.12649058328644994
19760,202611,0,0.18711267116351266
19766,202611,0,0.05867805280356495
19769,202611,0,0.05822857831174599
19770,202611,0,0.13522440265904026
19771,202611,1,0.2715813357138725
19775,202611,0,0.1514435492451282
19778,202611,0,0.13117866963493124
19779,202611,0,0.05101689308779441
19781,202611,0,0.12678529642883407
19782,202611,0,0.348145142334172
19783,202611,0,0.12731204290653791
19784,202611,0,0.052928847687546465
19785,202611,0,0.2431899079778054
19786,202611,1,0.12502992203822566
19788,202611,0,0.2331370859588536
19790,202611,0,0.1447626977409116
19791,202611,0,0.06670225092427554
19792,202611,0,0.050367041861384
19793,202611,0,0.13005347660310873
19794,202611,1,0.13809743194095928
19795,202611,0,0.1421153679187588
19797,202611,0,0.23206842431609337
19798,202611,1,0.13813009616954253
19802,202611,0,0.06425927436207511
19803,202611,0,0.1516323398017731
19804,202611,1,0.1393994931871235
19805,202611,0,0.15718711076224592
19806,202611,0,0.13645433280179997
19810,202611,0,0.16044543253158486
19811,202611,1,0.1474625877822742
19813,202611,0,0.03970861722937658
19818,202611,0,0.08474309529900251
19819,202611,0,0.13522440265904026
19820,202611,0,0.19104523106016474
19824,202611,0,0.16017240682362943
19828,202611,0,0.13587815421041877
19830,202611,0,0.12981900996275336
19831,202611,0,0.22914566224529
19832,202611,0,0.033145064168983954
19833,202611,0,0.14775619895105735
19834,202611,0,0.13809926306486678
19835,202611,0,0.12671402569466308
19836,202611,0,0.1287269574525863
19838,202611,0,0.12874733873859223
19839,202611,0,0.14234032147796652
19841,202611,0,0.13588015297968206
19843,202611,0,0.1302618057028928
19844,202611,0,0.13368636763901703
19845,202611,0,0.13591690037505774
19846,202611,1,0.17267384685827258
19847,202611,0,0.2269539945246355
19848,202611,0,0.16302013682765262
19851,202611,0,0.22087552553858716
19853,202611,0,0.15869419319814954
19855,202611,0,0.1303901860087163
19857,202611,0,0.15790803705118184
19858,202611,0,0.12905784081296526
19861,202611,0,0.05351222771775359
19867,202611,0,0.13957086826467396
19868,202611,0,0.14532253361205022
19871,202611,0,0.12826387990761065
19872,202611,1,0.24338479327992307
19874,202611,1,0.23180462108437302
19875,202611,0,0.13688416070195342
19876,202611,1,0.15180141100908376
19878,202611,0,0.12906174836649423
19879,202611,0,0.06383059766619453
19881,202611,0,0.14292143271645613
19882,202611,0,0.1244465161633882
19883,202611,0,0.12315829448512358
19884,202611,0,0.22695415768146537
19887,202611,0,0.3591588069508963
19889,202611,0,0.13734666298439505
19890,202611,0,0.14560664010950627
19891,202611,1,0.11436876763959365
19893,202611,0,0.24743695007302094
19894,202611,0,0.2227621562607345
19896,202611,0,0.1315361666433998
19898,202611,0,0.34499711721463056
19900,202611,0,0.24318709947701914
19901,202611,0,0.15359912807844162
19904,202611,0,0.1510303395718538
19906,202611,0,0.3508362505770371
19913,202611,1,0.12683710793630018
19914,202611,0,0.034643403017148106
19916,202611,0,0.06319985436199707
19920,202611,0,0.23060749480769713
19921,202611,0,0.05032962075900665
19922,202611,0,0.1383121461275603
19924,202611,0,0.2376061811241843
19925,202611,0,0.12023153227976667
19926,202611,0,0.1552962609812295
19932,202611,1,0.14145734464055137
19935,202611,0,0.052622645915313
19936,202611,1,0.14147193166977068
19937,202611,0,0.11355917523183444
19938,202611,0,0.15181406311531076
19939,202611,1,0.1375180803452313
19940,202611,1,0.14081222634479978
19941,202611,0,0.1435652541302918
19943,202611,0,0.13449877374980954
19946,202611,0,0.14780595922360434
19949,202611,0,0.056831996579509665
19953,202611,0,0.14909988011881722
19955,202611,0,0.1561426678402337
19957,202611,0,0.15862291645233711
19958,202611,0,0.1343976139546029
19959,202611,0,0.15497109040253834
19960,202611,0,0.1458085012343132
19963,202611,0,0.12924830361063902
19964,202611,0,0.3238025993498344
19965,202611,0,0.18318718991603403
19966,202611,0,0.1640554175322691
19967,202611,0,0.12465254713125495
19968,202611,0,0.16261249605087677
19969,202611,0,0.04983759009549585
19970,202611,0,0.04075523215963594
19972,202611,0,0.11538558068416206
19973,202611,0,0.12224836937573767
19974,202611,0,0.06920374427757543
19975,202611,0,0.13677203261338036
19977,202611,0,0.2314775166053011
19981,202611,1,0.3209563725560491
19982,202611,1,0.12367423273302089
19983,202611,0,0.05280773879267475
19984,202611,0,0.07772556541740717
19986,202611,0,0.22041212413248917
19987,202611,0,0.14202030793129491
19988,202611,0,0.13232453815072107
19989,202611,0,0.12263350275204568
19993,202611,0,0.11212958068149664
19994,202611,1,0.13861870210554333
19995,202611,0,0.13051663297296717
19996,202611,0,0.16773116541794908
20000,202611,1,0.054877246589979396
20001,202611,0,0.14384816221868202
20003,202611,0,0.12210503360057437
20004,202611,0,0.13942087776702913
20006,202611,1,0.12850139603755056
20010,202611,1,0.22398154247379795
20011,202611,0,0.24374574763861875
20016,202611,0,0.22613555121138934
20019,202611,0,0.14833229417622468
20020,202611,0,0.13621529791453305
20023,202611,1,0.1371518800630971
20024,202611,0,0.12855958861503936
20025,202611,0,0.2409836007411946
20027,202611,0,0.1515923148120117
20030,202611,0,0.14242145639201106
20031,202611,0,0.05613141627407274
20032,202611,0,0.12855567485276206
20034,202611,0,0.13484652875985537
20035,202611,0,0.12764519457753154
20037,202611,0,0.08008041571133519
20039,202611,0,0.14355233910649695
20040,202611,0,0.1521387707344412
20041,202611,0,0.13231133788348765
20042,202611,0,0.1410982997320518
20043,202611,0,0.1387569853191406
20045,202611,0,0.13190708432854453
20047,202611,0,0.15173557788064015
20048,202611,0,0.25036034406365476
20049,202611,0,0.1358608812869955
20051,202611,0,0.24752634062511228
20053,202611,0,0.15429121362793657
20055,202611,0,0.1461255778639133
20057,202611,0,0.25089201501930014
20058,202611,0,0.14266072022219708
20061,202611,0,0.17253385876726932
20063,202611,1,0.15562315013469674
20065,202611,0,0.14606902294433752
20066,202611,0,0.11208228036268077
20067,202611,0,0.12867213589725054
20068,202611,0,0.052928847687546465
20069,202611,1,0.24028907829582366
20070,202611,0,0.16424126834043337
20072,202611,0,0.13281934080604918
20073,202611,0,0.15765501278609023
20075,202611,0,0.15892822360565093
20077,202611,0,0.22871901005694953
20078,202611,0,0.13317622437845622
20079,202611,0,0.13979661170725688
20083,202611,0,0.13964501765523107
20084,202611,0,0.08391395190119019
20085,202611,0,0.14632942695438345
20086,202611,0,0.061481613402703514
20088,202611,0,0.12410705646045127
20089,202611,0,0.14022578211957656
20090,202611,0,0.04207786383880675
20091,202611,0,0.24385163159781273
20094,202611,0,0.16942190596691856
20096,202611,0,0.15089288554384064
20098,202611,0,0.1352636949952173
20100,202611,0,0.1456870903311647
20102,202611,0,0.16185684540005754
20103,202611,0,0.15137179689882702
20104,202611,0,0.13298269016362332
20106,202611,0,0.12954152976890723
20107,202611,1,0.2530448489309021
20108,202611,0,0.3721886582309264
20110,202611,0,0.16649186395211027
20115,202611,1,0.05674024786278131
20117,202611,0,0.16632747445280832
20118,202611,0,0.32545191012254243
20119,202611,0,0.13850104830747456
20120,202611,0,0.2628704515357994
20121,202611,1,0.0575167382852927
20124,202611,1,0.16159823758562622
20126,202611,0,0.12158338817457372
20127,202611,0,0.15013811908085647
20129,202611,1,0.12204229403340013
20133,202611,0,0.1339454074441503
20138,202611,0,0.12362766088771562
20141,202611,0,0.14037926255798439
20145,202611,0,0.158351532881265
20146,202611,0,0.08004440489042676
20148,202611,0,0.14540598416694622
20150,202611,0,0.15336010028916122
20151,202611,0,0.1447883493065383
20152,202611,0,0.13929927196015474
20156,202611,0,0.12241117155788368
20158,202611,0,0.14490860353193122
20160,202611,0,0.13468919066104865
20161,202611,0,0.06050100772329927
20162,202611,0,0.13221947093552147
20164,202611,0,0.14936468576096282
20165,202611,1,0.24963796540854885
20167,202611,0,0.13187420543511955
20169,202611,0,0.14394417879733182
20170,202611,0,0.1448557510904028
20171,202611,0,0.14396311938058662
20172,202611,0,0.05680993061366765
20174,202611,0,0.12747380659180943
20175,202611,0,0.14270758376750348
20177,202611,1,0.12204237904188903
20178,202611,0,0.14149904324234627
20181,202611,0,0.13335042708620748
20184,202611,0,0.052288762542174586
20186,202611,1,0.17780484533410884
20187,202611,0,0.22992654344611715
20189,202611,0,0.1239525273156233
20190,202611,0,0.14309289823136476
20191,202611,0,0.12546030607033026
20192,202611,0,0.12855679461871025
20193,202611,0,0.1377564670028859
20197,202611,0,0.22989606038165133
20198,202611,0,0.13155728127536506
20199,202611,0,0.12945104474026028
20201,202611,0,0.14271310690750685
20202,202611,0,0.15345947710207614
20203,202611,0,0.12974612910301495
20204,202611,0,0.14315968355017702
20205,202611,0,0.1327437484224846
20208,202611,0,0.05967915137589626
20210,202611,0,0.1495681693815077
20211,202611,0,0.15075013844439758
20212,202611,0,0.13626614743772889
20213,202611,0,0.14003276230394898
20214,202611,0,0.14205162600575577
20217,202611,0,0.12581978759424103
20218,202611,0,0.14210171830330817
20220,202611,0,0.13146101370534485
20221,202611,0,0.1298604380035622
20224,202611,1,0.3308678662371899
20225,202611,0,0.1395369184246847
20226,202611,0,0.14927133230648076
20229,202611,0,0.1347832466566752
20234,202611,0,0.1999184173783357
20238,202611,0,0.12524455384221558
20239,202611,1,0.2089099451963936
20241,202611,0,0.06355680858679001
20242,202611,0,0.1338562398153298
20243,202611,0,0.1597925780173982
20245,202611,0,0.14726748449529306
20248,202611,0,0.16640594456657093
20250,202611,0,0.18093055107617653
20251,202611,0,0.224345399286178
20252,202611,0,0.12869704695172654
20253,202611,1,0.06273266790222345
20254,202611,1,0.16076880062251972
20255,202611,0,0.053358801138473536
20256,202611,0,0.13059671298713
20257,202611,1,0.22276187691211619
20259,202611,0,0.06121208183857746
20260,202611,0,0.05924222457384168
20261,202611,0,0.13478666922420285
20262,202611,0,0.12600699185592176
20263,202611,0,0.1280500847729043
20264,202611,1,0.1560423383867427
20265,202611,0,0.033862027854955415
20266,202611,0,0.24860501548238975
20269,202611,0,0.05570463021623512
20270,202611,0,0.15027261249508694
20274,202611,0,0.12515018637500833
20276,202611,0,0.22965667361096037
20277,202611,0,0.24821022582841573
20278,202611,0,0.12589755588222756
20282,202611,0,0.1329176068872083
20283,202611,1,0.10110165294495065
20285,202611,0,0.154457207941846
20286,202611,0,0.1502148294287241
20287,202611,0,0.05123601841220191
20288,202611,0,0.24205508045120458
20291,202611,0,0.22716936586832084
20292,202611,0,0.0668574164017174
20293,202611,0,0.13176325996688465
20294,202611,1,0.1480095548244114
20295,202611,1,0.3198664668664127
20296,202611,0,0.14406912382232884
20300,202611,0,0.14169829936175507
20302,202611,0,0.14131502813148808
20303,202611,0,0.14111115176072794
20305,202611,0,0.14954380425975083
20306,202611,0,0.14529044133406147
20309,202611,0,0.13383271238061267
20313,202611,1,0.11696375291945266
20314,202611,0,0.24406201887534315
20315,202611,0,0.1290003419177634
20316,202611,0,0.12636557251915873
20317,202611,0,0.12702874527205835
20318,202611,0,0.16055451418001357
20319,202611,0,0.12771593223761954
20320,202611,0,0.14552861154105742
20322,202611,1,0.12760796159219057
20323,202611,0,0.13525478002617716
20324,202611,0,0.0629069469305643
20325,202611,0,0.06537891570270908
20326,202611,0,0.05083002666153606
20327,202611,0,0.12524700292808752
20330,202611,0,0.1318711725955336
20331,202611,0,0.12658668895678185
20338,202611,1,0.34659965149495986
20342,202611,0,0.13937205403241276
20343,202611,0,0.12463075546786827
20345,202611,0,0.1825234888102697
20346,202611,1,0.15038611745744818
20347,202611,0,0.06120676860971577
20348,202611,0,0.13924126333390532
20349,202611,1,0.12263338755023843
20352,202611,0,0.11428369583437392
20354,202611,0,0.0648629963181742
20355,202611,0,0.1502884392652461
20356,202611,0,0.28345849020468195
20357,202611,0,0.16362175983424565
20359,202611,0,0.12697303095977444
20360,202611,1,0.07018939407237788
20361,202611,0,0.13954798975491103
20363,202611,0,0.05769135069651234
20365,202611,0,0.1644416806003267
20367,202611,0,0.3187962226631075
20369,202611,1,0.34668424287566835
20370,202611,0,0.06047792711531785
20372,202611,0,0.11737172991273698
20373,202611,0,0.13635711259504746
20375,202611,0,0.3353054979187707
20376,202611,0,0.1300594033197657
20377,202611,1,0.13391132472068332
20379,202611,0,0.06608431347261662
20380,202611,0,0.13383663805376247
20382,202611,1,0.05730667861675268
20383,202611,0,0.13569269821604998
20384,202611,0,0.15953571637796204
20385,202611,0,0.11668898784441288
20386,202611,0,0.13482478337239
20387,202611,0,0.1738305819126084
20389,202611,0,0.1305166089059191
20391,202611,0,0.15405878127371692
20392,202611,0,0.06561677231510545
20395,202611,0,0.14046439027671395
20396,202611,0,0.22089388200142543
20397,202611,1,0.23699405226125395
20398,202611,0,0.26028503307273193
20401,202611,0,0.14408020091417273
20403,202611,0,0.1420391486316126
20404,202611,0,0.13778725973105413
20406,202611,0,0.24217760203312555
20407,202611,0,0.14243418635945032
20409,202611,0,0.1263727675078638
20411,202611,0,0.13746347149434465
20412,202611,0,0.17774624345867848
20415,202611,1,0.11938910324279868
20418,202611,0,0.1481626864637472
20419,202611,0,0.1371185472633204
20420,202611,0,0.04935149997234598
20423,202611,0,0.1304067573973328
20425,202611,1,0.14310165734667696
20428,202611,1,0.2439824350997316
20429,202611,1,0.13366405656182656
20430,202611,0,0.1583661663597033
20432,202611,0,0.12922320800585846
20433,202611,0,0.3389788167677361
20434,202611,0,0.2399800892182361
20436,202611,1,0.1436180228039021
20437,202611,0,0.12775383547350966
20438,202611,0,0.16404023618927008
20439,202611,0,0.13305271558009296
20440,202611,0,0.12813850757027176
20442,202611,0,0.1232936244125079
20444,202611,0,0.24040811830775782
20446,202611,0,0.14031512726851583
20449,202611,0,0.18003650042314723
20450,202611,1,0.3374045889922842
20452,202611,0,0.13538385574876388
20454,202611,0,0.13131538370390522
20455,202611,0,0.14182361468073718
20456,202611,0,0.12477927636136092
20458,202611,0,0.14814205282011228
20461,202611,1,0.1508811151245939
20462,202611,0,0.14606251121487016
20464,202611,0,0.15790263496914106
20465,202611,0,0.12820553849476343
20466,202611,1,0.12824981890824988
20467,202611,0,0.1487014531544057
20468,202611,0,0.05143549508581209
20472,202611,0,0.16630797826900232
20473,202611,0,0.061436276329074696
20475,202611,0,0.12513999577548177
20477,202611,0,0.15000077014648888
20482,202611,0,0.1266096434472409
20483,202611,0,0.23496362115008096
20485,202611,1,0.14853968571858855
20486,202611,0,0.22280051876124274
20487,202611,0,0.15867523255865035
20489,202611,1,0.21739763921991162
20490,202611,0,0.12719547360683242
20491,202611,0,0.13155881524665478
20494,202611,0,0.06957259841231189
20495,202611,0,0.12651432170643312
20496,202611,0,0.12832677868351472
20497,202611,0,0.15245893167787267
20498,202611,0,0.21613204315528173
20499,202611,0,0.131129125255315
20502,202611,1,0.13884589371218017
20507,202611,0,0.11794999434496613
20508,202611,0,0.13147122174357312
20509,202611,0,0.07063759095023016
20510,202611,0,0.13003340366038085
20511,202611,0,0.1290771756772283
20512,202611,0,0.05613891864990398
20513,202611,0,0.14713709061824362
20515,202611,1,0.3203621647192041
20517,202611,0,0.15373588394723842
20518,202611,0,0.2359187168517654
20521,202611,1,0.1425220293555057
20522,202611,0,0.15198051475895435
20525,202611,0,0.17819462368010996
20526,202611,0,0.12866715808165696
20530,202611,1,0.12547453493780286
20531,202611,0,0.2282587333088167
20534,202611,0,0.14827160509655957
20536,202611,0,0.1330230730430113
20540,202611,0,0.1285668126695602
20541,202611,1,0.14095376423813763
20544,202611,0,0.1437165441963599
20546,202611,0,0.1562868905219136
20548,202611,0,0.05180597061699721
20549,202611,0,0.14790246286814626
20550,202611,0,0.06698710403688607
20551,202611,0,0.1212605236407265
20552,202611,0,0.16023977182348803
20553,202611,0,0.13338003467862922
20555,202611,0,0.2417533397277617
20559,202611,0,0.15148442046599922
20560,202611,0,0.12870957455214588
20561,202611,0,0.2272595136566045
20562,202611,0,0.13836856914352944
20563,202611,0,0.13168581871543283
20565,202611,0,0.14334276310549657
20567,202611,0,0.13395621374953437
20568,202611,0,0.20848148623472743
20569,202611,0,0.14180768686626302
20572,202611,0,0.13120142528316917
20580,202611,0,0.1807118611033131
20581,202611,1,0.17003600146663825
20582,202611,0,0.1304241737723167
20584,202611,0,0.2519017089887641
20585,202611,0,0.13568572636962462
20587,202611,1,0.11840485073739859
20588,202611,0,0.04506789438372499
20589,202611,1,0.12674207409081334
20591,202611,0,0.1329838643956678
20596,202611,0,0.14327599638779706
20597,202611,0,0.05372880411469924
20600,202611,0,0.12836448077134122
20601,202611,1,0.11631812210703743
20602,202611,0,0.23442891013559547
20606,202611,0,0.05510702258652487
20609,202611,0,0.1433329875252806
20610,202611,0,0.14181421386593765
20611,202611,0,0.14219528801426504
20613,202611,0,0.12593430619866344
20616,202611,0,0.22000827485190888
20617,202611,1,0.03358572736745356
20619,202611,0,0.03433518462936188
20622,202611,0,0.13958009334506272
20627,202611,0,0.12134747171670099
20630,202611,0,0.14348443722718449
20631,202611,0,0.05681369073418333
20635,202611,1,0.17706373226955235
20637,202611,0,0.1260878682125702
20641,202611,0,0.23945424352133635
20643,202611,0,0.22487374324244974
20644,202611,1,0.21107863726530687
20645,202611,0,0.13699731628553768
20647,202611,0,0.11999731637391334
20650,202611,0,0.1467649925676416
20651,202611,0,0.12843684083074716
20653,202611,0,0.1513218704173699
20654,202611,0,0.1931124121441134
20655,202611,0,0.05058655817379053
20656,202611,0,0.1525842283781224
20657,202611,0,0.12402887394043963
20659,202611,0,0.035839462404153505
20660,202611,1,0.1481818765038081
20661,202611,0,0.05722404297489841
20662,202611,0,0.06411891788712606
20663,202611,0,0.12586831647920727
20664,202611,1,0.13625358152640182
20666,202611,0,0.13356595863059942
20667,202611,0,0.12056105831284167
20668,202611,0,0.1301647900930635
20669,202611,0,0.2338850262304737
20670,202611,1,0.06804430978889048
20671,202611,1,0.05473528570847941
20673,202611,0,0.079038374067365
20675,202611,0,0.15553000263265926
20676,202611,0,0.14666137911453042
20677,202611,0,0.13113679681780677
20679,202611,1,0.12469204549661281
20681,202611,0,0.13179011686212647
20684,202611,0,0.13127232217708465
20686,202611,0,0.13470758643544709
20687,202611,0,0.13206935160845054
20689,202611,0,0.12695538431404368
20690,202611,0,0.13730859945583374
20691,202611,0,0.14533692719346222
20692,202611,0,0.13767191315836927
20694,202611,0,0.12103506229960499
20695,202611,0,0.1459564422335639
20696,202611,0,0.051664300999685706
20698,202611,0,0.14152030612878108
20700,202611,0,0.2131521852935203
20701,202611,1,0.14114642227042012
20703,202611,0,0.13040942337986317
20704,202611,0,0.3855449892840439
20705,202611,0,0.12825756675702715
20706,202611,0,0.1210655039353691
20707,202611,0,0.14180768686626302
20710,202611,0,0.27991138366318596
20711,202611,0,0.13407021949762443
20712,202611,0,0.07835570507745654
20713,202611,0,0.15442417025092575
20714,202611,0,0.1612248309524667
20715,202611,0,0.12261993760526989
20716,202611,0,0.1501865665556027
20722,202611,0,0.13007626857399707
20724,202611,0,0.15903635540025426
20726,202611,0,0.2137168727765281
20727,202611,1,0.1565870240581837
20728,202611,0,0.1566537968935099
20729,202611,0,0.2452688252531727
20730,202611,0,0.14082519960972248
20731,202611,1,0.3607256831104119
20732,202611,1,0.23129055273297383
20734,202611,0,0.14928275951817835
20735,202611,0,0.05561140002756683
20736,202611,0,0.1384499355165597
20737,202611,0,0.1394616513797123
20738,202611,0,0.15748971453037844
20739,202611,1,0.13263020288794278
20741,202611,1,0.16168335585161034
20742,202611,0,0.24571473718319417
20743,202611,0,0.03398179093612042
20744,202611,0,0.12187165668477168
20745,202611,0,0.12783996121466343
20746,202611,0,0.1487943650119248
20747,202611,1,0.22149176121685546
20750,202611,1,0.13350981922367064
20751,202611,0,0.11688870266752589
20754,202611,0,0.15458148146248207
20756,202611,0,0.2312616296318058
20758,202611,0,0.12013442551336619
20759,202611,0,0.1590893210078394
20760,202611,0,0.15506043046479598
20761,202611,0,0.22872547908640467
20762,202611,0,0.11799849053948573
20763,202611,0,0.07794820732117524
20764,202611,0,0.1399579508738647
20767,202611,0,0.22276018775606976
20769,202611,0,0.09411198321477364
20770,202611,0,0.1324787618960088
20771,202611,1,0.13551760140154748
20773,202611,0,0.13887946396762738
20775,202611,0,0.33072172609140826
20776,202611,0,0.11627213992741835
20777,202611,0,0.22698213622662883
20778,202611,0,0.06027700590056441
20779,202611,1,0.12839455713436781
20782,202611,0,0.12747429354363618
20783,202611,0,0.12177516375650956
20784,202611,0,0.12303820999923328
20786,202611,0,0.09594999758838214
20787,202611,0,0.14734023503468757
20788,202611,0,0.1469209842248759
20789,202611,0,0.03972527757827422
20790,202611,0,0.05900274269852482
20791,202611,0,0.18583716049506493
20797,202611,1,0.13121410408775802
20800,202611,0,0.26787353758366783
20801,202611,0,0.12779700092618845
20802,202611,1,0.13065456416380597
20804,202611,0,0.1348267812736827
20806,202611,1,0.12829015903257399
20807,202611,0,0.18335708281751142
20809,202611,0,0.06940560273983408
20810,202611,0,0.3279318838516202
20812,202611,0,0.3531322268460199
20813,202611,1,0.13912560043569175
20814,202611,0,0.13317579094997106
20815,202611,0,0.1617225857530832
20818,202611,0,0.03376397438029333
20819,202611,0,0.14191455609765385
20820,202611,0,0.1377522231471397
20821,202611,0,0.14121197005274244
20823,202611,0,0.12945899488381696
20825,202611,1,0.15159298488598053
20826,202611,0,0.16070107134572234
20827,202611,0,0.24187181972650248
20828,202611,0,0.14439606750894945
20829,202611,0,0.1199471321268452
20830,202611,0,0.1567059350271554
20831,202611,0,0.15348006251308505
20832,202611,1,0.21796158411958153
20833,202611,0,0.1332072132674933
20835,202611,0,0.06760479535257018
20836,202611,0,0.12608555287163156
20837,202611,0,0.15421786856600622
20838,202611,0,0.1303878082348276
20840,202611,1,0.14210171830330817
20841,202611,0,0.13100546693879742
20842,202611,0,0.14439184874938654
20843,202611,0,0.14575097309235682
20844,202611,0,0.1220580789223812
20845,202611,0,0.13482347491368205
20848,202611,1,0.2723906162359434
20849,202611,0,0.242903301506903
20850,202611,0,0.13010081353381064
20851,202611,0,0.126496319477715
20852,202611,0,0.1446941240350016
20853,202611,0,0.13517636282484766
20854,202611,0,0.12694276640728294
20855,202611,0,0.14155537409283836
20857,202611,0,0.05827286772046381
20859,202611,0,0.13142052317664338
20861,202611,0,0.12068567827276634
20863,202611,0,0.17745069528395307
20864,202611,0,0.2713156875305771
20865,202611,0,0.12736958031736093
20866,202611,0,0.06295635153515514
20867,202611,0,0.23047387961438875
20868,202611,0,0.2338311185493013
20869,202611,0,0.17050496119584582
20872,202611,0,0.14870629683136385
20874,202611,0,0.050825463293225015
20875,202611,0,0.14904394668398696
20876,202611,0,0.12851068160718326
20878,202611,0,0.14761856143265734
20879,202611,0,0.15008937552799834
20880,202611,0,0.04979212282285393
20881,202611,1,0.14671017913111242
20882,202611,0,0.2329432808825984
20883,202611,0,0.2315406261414867
20885,202611,0,0.03846134602254515
20886,202611,0,0.12904895052229193
20887,202611,0,0.05821279784712888
20888,202611,0,0.15084788764712126
20889,202611,0,0.1272678585500869
20891,202611,0,0.13345892228080716
20892,202611,0,0.15144983905915466
20893,202611,0,0.1412971938890956
20894,202611,1,0.40798781374422727
20895,202611,1,0.3308073854457367
20896,202611,0,0.13477843768773323
20897,202611,0,0.034322431397536775
20899,202611,0,0.14880321298300347
20900,202611,0,0.2458422791461412
20901,202611,0,0.14445612258367524
20902,202611,0,0.1344565737876057
20903,202611,0,0.12483394032477468
20905,202611,0,0.14906606019196458
20906,202611,0,0.2210281390120607
20907,202611,1,0.1345495235595443
20910,202611,1,0.16160243554260534
20911,202611,0,0.13182641642227255
20912,202611,0,0.15023828587268828
20913,202611,0,0.14696482212833678
20915,202611,0,0.13129894908168707
20916,202611,0,0.15940918309206212
20917,202611,0,0.3402699017487206
20921,202611,0,0.13278966692464658
20924,202611,0,0.1175586412762982
20925,202611,0,0.13103155816462447
20926,202611,0,0.1412287100295186
20928,202611,1,0.18941218262386184
20930,202611,0,0.15690371452131335
20931,202611,1,0.14036807085535977
20932,202611,0,0.14198531632489106
20933,202611,0,0.13057504590454194
20935,202611,0,0.14762935304226027
20937,202611,0,0.11043539368595669
20938,202611,1,0.230683846599365
20940,202611,0,0.1567037288826121
20941,202611,0,0.052854008089254445
20943,202611,0,0.12267927560009757
20944,202611,0,0.059697453817350477
20945,202611,1,0.1456472250064536
20946,202611,0,0.06564273593983441
20947,202611,0,0.131942055942424
20949,202611,0,0.1465767149169472
20950,202611,0,0.16978685201425725
20952,202611,1,0.1334603371805009
20954,202611,1,0.13123390812268296
20955,202611,0,0.13012510513781467
20957,202611,0,0.14132894085001316
20958,202611,0,0.14716048406755633
20959,202611,1,0.24029931435235447
20960,202611,0,0.14268941646527336
20965,202611,0,0.24320276844650923
20969,202611,1,0.14625126636388516
20973,202611,0,0.2285720224246835
20975,202611,0,0.14313384410187174
20976,202611,0,0.14598022910707534
20977,202611,1,0.1250925094510925
20981,202611,1,0.1427438781558564
20982,202611,1,0.24668363516544112
20984,202611,0,0.14614611162741092
20985,202611,0,0.1402508134352054
20987,202611,1,0.16906161671620476
20988,202611,1,0.164987189270914
20989,202611,1,0.3712831188028089
20991,202611,0,0.24919480391293658
20994,202611,0,0.04097513921375338
20996,202611,1,0.1450931957107009
20997,202611,0,0.12780738771224687
20998,202611,0,0.1311620888571444
20999,202611,1,0.160870506451046
21000,202611,1,0.3855449892840439
21003,202611,0,0.13259586985881183
21004,202611,0,0.15146274251183856
21005,202611,1,0.14336727005098057
21006,202611,0,0.1175199692083975
21008,202611,0,0.12508728068264968
21009,202611,0,0.07089156504267524
21010,202611,0,0.13028193937205917
21012,202611,1,0.12285271578494564
21013,202611,0,0.23826784504906345
21014,202611,0,0.15624547108348455
21016,202611,0,0.14276519052586076
21017,202611,0,0.13879496465593258
21018,202611,1,0.3348777760135039
21021,202611,0,0.05012275516513452
21023,202611,0,0.12701512480078586
21024,202611,0,0.13362198430359357
21025,202611,0,0.1232317501982335
21027,202611,0,0.15510638802432458
21029,202611,0,0.060513816716451556
21030,202611,0,0.06528489840237381
21031,202611,0,0.05174893162753331
21032,202611,0,0.15326772504327793
21033,202611,0,0.16206811386251602
21034,202611,0,0.22516111308582984
21035,202611,0,0.061346111012253415
21036,202611,1,0.23298989301695652
21038,202611,0,0.1337450605321184
21039,202611,0,0.11290466747903734
21042,202611,0,0.14843748071901786
21044,202611,1,0.05484089339211216
21046,202611,0,0.14036160338119738
21047,202611,0,0.1273264993393472
21050,202611,0,0.04947871927437859
21051,202611,0,0.23390103989102656
21052,202611,0,0.15488105848628922
21054,202611,0,0.05170650496479414
21056,202611,0,0.1804270912186758
21057,202611,0,0.14314882280824773
21058,202611,0,0.1488207832932331
21059,202611,0,0.15593963173688558
21060,202611,0,0.06290701101567672
21062,202611,1,0.19714268400821192
21063,202611,0,0.03357266208875698
21065,202611,1,0.13290053272004487
21066,202611,0,0.054485233446059905
21068,202611,1,0.13284006180715108
21070,202611,1,0.13768057744103573
21073,202611,1,0.12435854537404119
21074,202611,0,0.15089290776999115
21075,202611,1,0.1432527427716216
21076,202611,0,0.12858485593336189
21077,202611,0,0.14162625880238183
21078,202611,0,0.12334193055611664
21080,202611,0,0.14640389274085958
21083,202611,1,0.14531988163151066
21084,202611,0,0.03408893348096926
21088,202611,1,0.14917253807928343
21090,202611,0,0.2583521808918
21093,202611,0,0.1148948527568153
21094,202611,0,0.1350548015761784
21095,202611,0,0.20592725840779846
21096,202611,0,0.14018914534592977
21097,202611,0,0.20588465979539577
21098,202611,0,0.051787537625253524
21099,202611,0,0.14709260123908646
21102,202611,0,0.14036564832523307
21103,202611,0,0.1488582768473678
21104,202611,0,0.136561119823188
21105,202611,0,0.1372327750336933
21106,202611,0,0.2108212739082779
21107,202611,0,0.1659661027603844
21108,202611,0,0.14482992914447868
21109,202611,0,0.06240700301188423
21112,202611,1,0.33995645564040555
21113,202611,1,0.1568357424901622
21114,202611,0,0.0532690848582176
21115,202611,1,0.14216888797782465
21116,202611,1,0.12530389004803638
21117,202611,1,0.12274119694707597
21119,202611,0,0.12424837912750737
21120,202611,0,0.1431562904637777
21121,202611,0,0.13395041395659543
21125,202611,0,0.170145862511232
21126,202611,1,0.13956758468916666
21127,202611,1,0.055810741698231484
21128,202611,0,0.14927392343273288
21129,202611,0,0.05257002155548736
21130,202611,0,0.1276230916773826
21131,202611,0,0.12936496950037116
21133,202611,0,0.22755071679000938
21134,202611,0,0.1480463632212735
21135,202611,0,0.13155138247183187
21137,202611,0,0.11040786156614303
21138,202611,0,0.12977612915770348
21139,202611,0,0.05763598761329002
21140,202611,0,0.1327121847168105
21141,202611,0,0.13602830282857947
21142,202611,0,0.12815849262781637
21143,202611,0,0.13564289738331683
21144,202611,0,0.1185284048794098
21146,202611,0,0.06912701149621128
21147,202611,0,0.13734380321300882
21149,202611,0,0.12841050104560114
21150,202611,0,0.16145046526653953
21152,202611,0,0.22417602830260516
21153,202611,0,0.14210090211225126
21155,202611,0,0.06271686001537223
21158,202611,0,0.124037132385562
21159,202611,0,0.13230817996612745
21161,202611,0,0.14398465328390164
21162,202611,0,0.13199794471562967
21163,202611,0,0.15756144303128242
21166,202611,0,0.1438361956536855
21167,202611,0,0.15438294143931994
21169,202611,1,0.3000561141473934
21172,202611,1,0.24563801219151968
21173,202611,0,0.12420417519169769
21174,202611,0,0.14427058582740257
21177,202611,0,0.1463664587213979
21178,202611,0,0.13049128246564623
21180,202611,0,0.23496139742262448
21181,202611,0,0.052291754800487866
21182,202611,0,0.06653933252166638
21183,202611,0,0.14985939376705715
21184,202611,0,0.1291959665620881
21185,202611,1,0.15685246662723132
21186,202611,0,0.13083108933977952
21187,202611,0,0.23156363698561394
21188,202611,0,0.15737330373327435
21189,202611,0,0.15177924068606916
21192,202611,0,0.14616375062234235
21193,202611,0,0.13023950107815285
21196,202611,0,0.04075523215963594
21198,202611,0,0.15155240213117388
21199,202611,0,0.13331392950424015
21200,202611,0,0.1950006729531473
21201,202611,1,0.24079832359865497
21204,202611,0,0.13984965651413725
21206,202611,0,0.1304339534660141
21207,202611,0,0.12850755706100453
21208,202611,0,0.14370989491915617
21210,202611,0,0.12378886774741246
21211,202611,0,0.0516450422974781
21212,202611,0,0.1254599366292528
21213,202611,0,0.12392180923378125
21214,202611,0,0.14025668467935298
21216,202611,0,0.21514878967472115
21217,202611,0,0.05264278263091189
21218,202611,0,0.16057425790066043
21219,202611,0,0.24390180438504416
21220,202611,0,0.13155377698678422
21221,202611,1,0.1318514376955883
21223,202611,0,0.21516012434573123
21224,202611,0,0.19171557791735833
21225,202611,1,0.15674335494700029
21226,202611,0,0.3123452732389733
21227,202611,0,0.12655867330352752
21229,202611,0,0.03422692519488809
21230,202611,1,0.11182411476484232
21231,202611,0,0.14094213712848896
21232,202611,0,0.1412764463129509
21233,202611,0,0.13076760063873566
21234,202611,1,0.24197971645341487
21235,202611,1,0.15450680942200923
21237,202611,0,0.1343976139546029
21238,202611,1,0.3264113956864537
21240,202611,0,0.12810588000026082
21243,202611,1,0.21822803080621656
21244,202611,1,0.15382709356474786
21245,202611,0,0.22528998531987054
21246,202611,0,0.14037699575799759
21247,202611,1,0.12879472571682038
21248,202611,0,0.14179613644656516
21251,202611,0,0.12547994841684496
21252,202611,0,0.12736606972964673
21253,202611,1,0.24118467818654626
21254,202611,0,0.128842666763707
21255,202611,1,0.3227168628536662
21256,202611,0,0.14974928028423348
21257,202611,0,0.12923366429589825
21258,202611,0,0.1666695070929258
21259,202611,0,0.24590312453436594
21260,202611,0,0.15726631837425772
21262,202611,0,0.1231237952217604
21263,202611,0,0.16484483899395913
21264,202611,0,0.1490733225039875
21265,202611,0,0.14652212634971323
21266,202611,1,0.15444115010548443
21268,202611,0,0.05875609143624628
21269,202611,0,0.033862027854955415
21271,202611,0,0.23952771428885986
21272,202611,0,0.2239477279737286
21273,202611,1,0.15408666339144692
21274,202611,0,0.16431473133244268
21276,202611,0,0.1200937587271524
21279,202611,0,0.13478482179649204
21280,202611,1,0.12876146004141967
21281,202611,0,0.12538659825136225
21283,202611,0,0.21118920738534425
21285,202611,0,0.11540632692542246
21288,202611,0,0.12701007080276622
21289,202611,0,0.2571536006555814
21291,202611,0,0.1314796829176471
21292,202611,0,0.05651570352916591
21294,202611,0,0.155813460714521
21296,202611,0,0.15088906273068525
21299,202611,0,0.1387197516454923
21300,202611,0,0.12476721827197025
21301,202611,1,0.2537770464975297
21304,202611,0,0.033110408055598714
21305,202611,1,0.23289852398423713
21306,202611,0,0.06232310734450522
21307,202611,0,0.15399766696799674
21309,202611,0,0.1499919580813342
21312,202611,0,0.1352630029109791
21314,202611,0,0.14077559144025031
21315,202611,0,0.36746861212520676
21316,202611,0,0.11857410457647692
21317,202611,0,0.1362122097071298
21318,202611,0,0.08121876219484679
21319,202611,0,0.1452424812496281
21320,202611,0,0.13998473090513422
21321,202611,0,0.13792370920893093
21322,202611,0,0.20630856370079437
21323,202611,0,0.15099729980342635
21324,202611,0,0.12549923161611337
21326,202611,0,0.25608945620982504
21327,202611,0,0.13163782271131227
21328,202611,0,0.15120941205841323
21330,202611,0,0.11986882611194978
21331,202611,0,0.12991670815962095
21332,202611,0,0.23471683946007915
21333,202611,0,0.13203320506258331
21334,202611,0,0.1524542240805695
21335,202611,1,0.1322795509845365
21339,202611,0,0.058631112466865046
21340,202611,0,0.03455231180182849
21341,202611,1,0.2596482183697307
21342,202611,0,0.06537959727402333
21343,202611,1,0.40301845166938344
21344,202611,0,0.1648783929102368
21345,202611,0,0.24633795965141303
21346,202611,0,0.2408759222058353
21347,202611,0,0.05593403095536134
21348,202611,0,0.05335442854301286
21349,202611,0,0.13107472942253065
21350,202611,0,0.14774924161592623
21351,202611,1,0.13333202798218258
21352,202611,0,0.052011125763534546
21355,202611,0,0.0641612515559241
21356,202611,1,0.14075844761570702
21359,202611,0,0.23724656549414436
21361,202611,0,0.12757943460748888
21362,202611,0,0.13818463534217565
21364,202611,0,0.13492240887693505
21366,202611,0,0.09652102420194351
21367,202611,0,0.14710108443939593
21368,202611,0,0.13818897239918324
21372,202611,1,0.22354976826848363
21374,202611,0,0.2151795047216039
21376,202611,1,0.22449368496459032
21377,202611,1,0.14104341665829584
21379,202611,0,0.13331148292637285
21380,202611,0,0.08454241310005822
21382,202611,0,0.1348544727012466
21383,202611,0,0.11336627261744657
21385,202611,0,0.12795340813572123
21388,202611,0,0.15128674104398657
21391,202611,0,0.14817072720567498
21393,202611,0,0.13503579698008505
21394,202611,0,0.21951782597562694
21395,202611,0,0.13373005537083746
21398,202611,0,0.1456216718958902
21399,202611,0,0.06310867796322238
21400,202611,0,0.1282601996686526
21401,202611,0,0.12715600642996308
21402,202611,0,0.22978444789583116
21403,202611,0,0.20120926715598308
21404,202611,0,0.05884902251308988
21406,202611,0,0.12781892649944007
21409,202611,0,0.12747324348951816
21410,202611,0,0.12910960971421254
21412,202611,0,0.18135840710011034
21413,202611,0,0.13731508131826353
21414,202611,0,0.15994823337076766
21415,202611,0,0.14336067300961028
21417,202611,0,0.05093503186196744
21418,202611,0,0.1331471815114375
21419,202611,0,0.12819743631320937
21420,202611,0,0.12536910278279065
21421,202611,0,0.2255964762785589
21422,202611,0,0.12790600369904379
21423,202611,0,0.06371285865854728
21425,202611,1,0.1609250886736815
21426,202611,0,0.16494873973484656
21429,202611,0,0.051814384728116815
21432,202611,0,0.14232500359956057
21433,202611,0,0.13492683092598562
21434,202611,0,0.14968728653170643
21435,202611,0,0.1597458736584876
21436,202611,0,0.053872015204075946
21437,202611,0,0.21638613229825795
21438,202611,0,0.13029286670623352
21440,202611,1,0.1565870240581837
21443,202611,0,0.15679298221406568
21445,202611,0,0.1532680346494476
21446,202611,0,0.12796385617628597
21447,202611,1,0.11493223223796654
21448,202611,0,0.15034381966634006
21449,202611,1,0.12562761454249577
21450,202611,0,0.05764560016957823
21451,202611,0,0.1291088121077716
21452,202611,0,0.13241189372243203
21453,202611,0,0.14922591554935333
21455,202611,0,0.15001506522232658
21456,202611,0,0.160252408395214
21458,202611,0,0.051814384728116815
21459,202611,0,0.13314384895671788
21461,202611,1,0.13360415051094024
21463,202611,0,0.13138050945372853
21464,202611,0,0.3621437090946348
21465,202611,1,0.3152072865018484
21466,202611,0,0.03398369857804721
21468,202611,0,0.13770371836978143
21470,202611,0,0.12832904040275686
21473,202611,0,0.13852431031776596
21474,202611,0,0.13238631354317773
21476,202611,0,0.14415552074701538
21477,202611,1,0.14262212441854286
21478,202611,0,0.0732333163698264
21479,202611,0,0.15471327517661715
21481,202611,1,0.24465457035161764
21482,202611,0,0.11823005787349436
21486,202611,0,0.11796819568320914
21487,202611,0,0.13251065610560175
21488,202611,0,0.12033975095229091
21489,202611,0,0.06050079369482428
21490,202611,0,0.1320838681064014
21491,202611,1,0.14792276474322208
21492,202611,0,0.24671319949634932
21493,202611,0,0.23498269779354503
21495,202611,0,0.13091036208207726
21498,202611,1,0.23447832270955615
21499,202611,0,0.1407257641342835
21500,202611,0,0.1343864742809083
21503,202611,0,0.13270463803228386
21504,202611,0,0.14902586743469085
21506,202611,1,0.13318608239628368
21507,202611,1,0.15732851466229134
21509,202611,1,0.12833961851325804
21511,202611,0,0.05224017583691775
21513,202611,0,0.1459539864797259
21514,202611,0,0.03430060069091285
21515,202611,0,0.22487374324244974
21516,202611,0,0.1380237002644399
21517,202611,0,0.03500948395183938
21518,202611,1,0.1188879535209602
21519,202611,0,0.12748461741564285
21520,202611,1,0.17194882367800732
21521,202611,0,0.1281383035981856
21522,202611,0,0.23803365371117774
21525,202611,0,0.05999646453562729
21526,202611,0,0.20826509556979142
21527,202611,0,0.12167509275084867
21529,202611,0,0.13906317306343488
21530,202611,0,0.10758550281466861
21531,202611,0,0.2328837466108421
21532,202611,0,0.21974412203924854
21533,202611,0,0.12052316019926272
21534,202611,0,0.20783114360327767
21537,202611,1,0.14166400748659666
21538,202611,0,0.07764124868178258
21540,202611,0,0.14487957271418236
21542,202611,0,0.1398762208045484
21543,202611,1,0.1407253277131343
21544,202611,0,0.13926147108145295
21545,202611,0,0.06485459540444381
21547,202611,0,0.13256678432964744
21548,202611,0,0.1301602218559294
21551,202611,0,0.1241215131620583
21552,202611,0,0.15688438979710836
21554,202611,1,0.2626887985513515
21556,202611,0,0.1297307776001499
21557,202611,0,0.12661236269355916
21558,202611,0,0.14951892753562593
21559,202611,0,0.22392918161427283
21560,202611,0,0.11674140023888721
21563,202611,0,0.051724457714177496
21567,202611,0,0.16447592150552587
21568,202611,0,0.1296070847515055
21570,202611,0,0.05811056622449446
21571,202611,1,0.12803615307001506
21574,202611,1,0.2394293421229893
21575,202611,0,0.1373078813059349
21576,202611,0,0.34401793130750513
21577,202611,0,0.052214753423008124
21579,202611,0,0.13829404070521345
21580,202611,0,0.059998386868268506
21581,202611,0,0.13068394910718825
21582,202611,0,0.14273413404794882
21586,202611,0,0.14768345298300556
21587,202611,1,0.11759872325643538
21588,202611,0,0.14708482161545455
21589,202611,0,0.15053835284930644
21590,202611,0,0.13341785492363514
21592,202611,0,0.14087261980537957
21593,202611,0,0.15536522223053534
21594,202611,0,0.17432846960958495
21595,202611,0,0.06793156042110857
21596,202611,0,0.13288550134686244
21597,202611,0,0.14138271408797226
21599,202611,0,0.12866360414942862
21600,202611,0,0.06113003587689221
21603,202611,1,0.33467188299474926
21604,202611,0,0.05485323122758645
21605,202611,0,0.13362222675070431
21606,202611,0,0.3316655242026194
21607,202611,0,0.13396891189175347
21608,202611,0,0.13949139969945845
21611,202611,0,0.0599768178983935
21612,202611,0,0.23598673755542274
21613,202611,0,0.13665288505348672
21614,202611,0,0.16156809549119183
21617,202611,0,0.13574002394901402
21618,202611,0,0.14241830746713754
21621,202611,0,0.1477532450953681
21622,202611,1,0.3318128399602092
21623,202611,0,0.1490771654526354
21624,202611,0,0.12618125681255207
21625,202611,0,0.4231255057302463
21626,202611,0,0.12667389726973982
21627,202611,1,0.13197537738746637
21628,202611,1,0.148291079176166
21633,202611,1,0.12450665889177788
21634,202611,0,0.1206044295664396
21636,202611,0,0.1363401707148855
21637,202611,1,0.3362748448489647
21638,202611,0,0.14225591280308522
21641,202611,0,0.1363875789112956
21642,202611,1,0.14724214174348954
21643,202611,0,0.16065355792384556
21645,202611,0,0.06246704765376388
21646,202611,0,0.057627222594750824
21649,202611,0,0.1394148500391884
21650,202611,0,0.13510235392518863
21651,202611,0,0.0511938920207289
21652,202611,0,0.13521980380061271
21653,202611,0,0.14377699806977692
21654,202611,0,0.1503405094637661
21659,202611,0,0.12980398640832438
21660,202611,0,0.032879872059667005
21661,202611,0,0.12110060172138255
21664,202611,0,0.13356435985904339
21665,202611,0,0.12423528472198159
21666,202611,0,0.37078767188434564
21669,202611,0,0.13246046922244217
21671,202611,0,0.1113954956698119
21673,202611,0,0.24100917771838123
21675,202611,0,0.2037688658677986
21676,202611,0,0.1311869651216623
21677,202611,0,0.12369653401592852
21678,202611,0,0.20448724326493692
21680,202611,0,0.13795391409637517
21681,202611,0,0.13876661532190304
21683,202611,0,0.13369863852297761
21684,202611,0,0.12837211477072205
21685,202611,0,0.051814384728116815
21686,202611,0,0.1416192558207242
21688,202611,0,0.12960142364333405
21689,202611,0,0.14686374867161214
21690,202611,0,0.14100143884885868
21692,202611,0,0.15648521297568105
21693,202611,0,0.12640291840726642
21694,202611,0,0.07610258952915713
21695,202611,0,0.11811931422622295
21696,202611,0,0.12502550109058988
21697,202611,0,0.1259494988468865
21698,202611,0,0.23914664067581107
21699,202611,0,0.1317670360499863
21700,202611,1,0.1430058568015787
21705,202611,0,0.12814080398551644
21707,202611,1,0.14903283103016604
21709,202611,0,0.14219528801426504
21710,202611,0,0.17496614635865965
21711,202611,0,0.26234514216100185
21714,202611,0,0.12639540840286656
21715,202611,0,0.1602506381978054
21716,202611,0,0.12656637791643693
21719,202611,0,0.2163077362177239
21720,202611,1,0.12943002991057545
21721,202611,0,0.15925395529967176
21723,202611,0,0.16363369180749457
21724,202611,1,0.1191914020624462
21727,202611,0,0.24587395035262533
21728,202611,0,0.1260824076109886
21729,202611,0,0.137148809759662
21730,202611,0,0.05149017737500067
21731,202611,0,0.15861684043484703
21732,202611,0,0.07498799571933197
21733,202611,0,0.15355742774604053
21734,202611,0,0.1404008868254341
21735,202611,1,0.1520708407962633
21736,202611,0,0.140004889125958
21737,202611,0,0.1344050716156822
21738,202611,0,0.17041067811298197
21739,202611,0,0.17676059024458146
21741,202611,0,0.15663961524947984
21742,202611,0,0.15654320387840015
21743,202611,1,0.1477140581697682
21745,202611,0,0.23540141411830381
21746,202611,0,0.05636573571979993
21747,202611,0,0.15789723660577548
21749,202611,1,0.12260963380699655
21750,202611,0,0.12724242296539606
21751,202611,0,0.1258542692692902
21754,202611,0,0.14314463531676166
21756,202611,0,0.14407248564054642
21757,202611,0,0.13496986582659629
21758,202611,0,0.1348110785939229
21760,202611,0,0.12665236107804811
21765,202611,0,0.14551175743822406
21767,202611,0,0.1312984626751583
21768,202611,0,0.13050043569873293
21769,202611,0,0.18225817133365504
21770,202611,0,0.15321533597549392
21771,202611,0,0.11956313291719667
21772,202611,0,0.15556735200014604
21773,202611,0,0.14850620957709956
21774,202611,0,0.15762940444827475
21775,202611,0,0.12890569661327778
21777,202611,1,0.429503888880914
21778,202611,1,0.15839957156645798
21779,202611,1,0.1304025571183056
21780,202611,0,0.1388583927504908
21781,202611,0,0.11490018627327782
21782,202611,0,0.1491767225860464
21783,202611,1,0.32834457156154806
21790,202611,0,0.14554972718576387
21791,202611,0,0.14390040441832416
21792,202611,0,0.14511150419669633
21793,202611,0,0.22412095569814577
21794,202611,0,0.06802970866115504
21795,202611,1,0.14387677314399935
21796,202611,0,0.06456418284302078
21798,202611,0,0.15917874190231374
21799,202611,0,0.1228958822839578
21800,202611,0,0.14877109300378855
21801,202611,1,0.1262807986609679
21802,202611,0,0.13051536739943514
21803,202611,0,0.12985941943050672
21804,202611,0,0.15358127064677476
21805,202611,0,0.13259631073625971
21806,202611,0,0.15575952666785656
21807,202611,0,0.22472482766897636
21808,202611,0,0.14362996079169585
21810,202611,1,0.12442240149376023
21812,202611,0,0.12722413261413734
21813,202611,0,0.033110408055598714
21816,202611,0,0.15420916277907934
21817,202611,0,0.13098000728194775
21819,202611,0,0.13486163191461203
21820,202611,1,0.2354483632921004
21821,202611,0,0.05332404884618445
21823,202611,0,0.14272037084475367
21825,202611,1,0.38363082248780606
21826,202611,0,0.1266518243804264
21827,202611,0,0.12324470480869011
21828,202611,0,0.15206338378006717
21829,202611,0,0.11697473707896758
21831,202611,0,0.14364853540537914
21833,202611,0,0.1341326020182026
21835,202611,1,0.1568412453588811
21836,202611,0,0.23229264628442736
21837,202611,0,0.14799950315175397
21838,202611,0,0.15714440760869117
21839,202611,0,0.1615794490356624
21840,202611,0,0.12035398100668451
21842,202611,1,0.13226386910530746
21844,202611,0,0.1413627938097901
21846,202611,0,0.14198480345812756
21847,202611,0,0.1420918805612443
21848,202611,0,0.23206557923533466
21851,202611,0,0.1446644715145176
21852,202611,0,0.18945122583107807
21853,202611,0,0.15615246105715036
21855,202611,0,0.12078260169025702
21856,202611,0,0.24870836109259997
21859,202611,0,0.14984306163979377
21861,202611,1,0.062072318882932534
21862,202611,0,0.09487034097720365
21864,202611,0,0.0797091773106525
21865,202611,1,0.13351548300881644
21866,202611,0,0.2263446065599359
21867,202611,0,0.1333318692404022
21868,202611,0,0.1425979644707078
21869,202611,0,0.1429379153070352
21870,202611,0,0.14017179621255435
21871,202611,0,0.1552532667212656
21872,202611,0,0.06106182832575762
21873,202611,0,0.21673414880759154
21874,202611,0,0.1329815455104145
21876,202611,0,0.13267535570165181
21877,202611,0,0.23913874708337218
21879,202611,0,0.15409055045370382
21882,202611,0,0.2276640153488519
21885,202611,0,0.15089173718867194
21886,202611,0,0.13229746508338186
21887,202611,0,0.15774012337915616
21888,202611,0,0.14549684800166374
21889,202611,0,0.13407856131526433
21890,202611,0,0.15497615770625262
21891,202611,1,0.13150813106583317
21892,202611,1,0.12429345204873042
21893,202611,0,0.13552331220178676
21894,202611,0,0.13138637280228121
21895,202611,0,0.12905874042516527
21896,202611,0,0.22651924619232977
21898,202611,1,0.2197595252941008
21899,202611,0,0.24106861517140918
21900,202611,0,0.1575119565807107
21901,202611,0,0.13111715167309337
21902,202611,1,0.2314712255707929
21903,202611,0,0.12955297276444722
21905,202611,0,0.13162757640239311
21906,202611,0,0.23550317487971817
21908,202611,0,0.08201814479594959
21909,202611,1,0.4432884893228044
21910,202611,0,0.1318856701268419
21911,202611,0,0.12993649531163287
21913,202611,0,0.1526406112578414
21914,202611,0,0.12616064546008865
21916,202611,0,0.12405525498391633
21918,202611,0,0.051121855601972375
21919,202611,0,0.12483795342227287
21921,202611,0,0.14324268997005388
21922,202611,1,0.151448823007492
21923,202611,0,0.12983165293630694
21925,202611,0,0.05185818798682231
21926,202611,0,0.14919454530319776
21927,202611,0,0.14153760759505302
21928,202611,0,0.11647752602410373
21930,202611,0,0.13221947093552147
21931,202611,0,0.1457533589941399
21934,202611,0,0.14605540004592402
21935,202611,0,0.1423846051994391
21936,202611,0,0.35477401226561034
21937,202611,0,0.13569813925001564
21938,202611,0,0.23508613475130888
21939,202611,0,0.3477026881961648
21940,202611,1,0.3456163964453604
21941,202611,0,0.15200204459815594
21942,202611,0,0.1415519039779241
21943,202611,1,0.23731166240582535
21945,202611,0,0.1998523969541312
21946,202611,0,0.1283284040128033
21947,202611,0,0.14505432692100556
21948,202611,0,0.14029238392567042
21952,202611,0,0.0578651717578951
21953,202611,0,0.1551949332929764
21957,202611,0,0.14791283051068962
21958,202611,0,0.050143485978570206
21959,202611,0,0.13654563224808694
21961,202611,0,0.13207725848310337
21962,202611,0,0.17469616014451786
21963,202611,0,0.05463408016201381
21964,202611,0,0.13955375630977973
21967,202611,0,0.176068113976695
21969,202611,0,0.06279142689549028
21970,202611,0,0.1343619871757575
21971,202611,0,0.055844464202663036
21973,202611,0,0.17521247508225635
21974,202611,0,0.12812518698273923
21978,202611,1,0.3161506591820951
21980,202611,0,0.13033328963993887
21981,202611,0,0.06566413296988828
21982,202611,1,0.33722319356801184
21983,202611,0,0.11557190076136098
21984,202611,0,0.13034076257134883
21985,202611,0,0.12359025999411744
21986,202611,0,0.14862610701874293
21987,202611,1,0.1362122097071298
21990,202611,0,0.1497206800128349
21991,202611,0,0.1257522344745742
21992,202611,0,0.1274831726754056
21994,202611,0,0.15809717742147927
21995,202611,0,0.12312455066936617
21996,202611,0,0.06388317678620177
21997,202611,0,0.16275981404917025
21998,202611,0,0.14356974559104613
21999,202611,0,0.12699896881304332
22002,202611,0,0.05137086040428571
22004,202611,0,0.12464723284675003
22005,202611,0,0.2549725156463839
22006,202611,1,0.12666470879157007
22007,202611,0,0.13259618259937148
22008,202611,0,0.12825029924874753
22009,202611,0,0.13556809337820325
22010,202611,1,0.23464279822825335
22011,202611,1,0.2251627717740779
22012,202611,0,0.3334508655348929
22013,202611,0,0.12702797502219285
22014,202611,1,0.1358357075967506
22015,202611,0,0.07512239266363187
22016,202611,0,0.15528396174346987
22017,202611,0,0.05149017737500067
22019,202611,0,0.22378286033388572
22020,202611,0,0.1450179631201423
22021,202611,0,0.03380888291627996
22022,202611,0,0.1393617013959475
22023,202611,0,0.1586531664694431
22024,202611,1,0.3891268214976652
22025,202611,0,0.14521010981749857
22027,202611,0,0.16647915259138582
22028,202611,0,0.08556800675723336
22029,202611,1,0.223077410492603
22030,202611,1,0.14727875833330134
22031,202611,1,0.4019829806409683
22032,202611,1,0.0511145148364279
22033,202611,0,0.14367629299347515
22034,202611,0,0.17902815159754068
22035,202611,0,0.14874505826615886
22036,202611,0,0.1246137255019224
22038,202611,0,0.04465891034119036
22039,202611,0,0.15778615406458754
22041,202611,1,0.16876902678418734
22042,202611,0,0.22754350573942397
22044,202611,0,0.15680347654883303
22045,202611,0,0.12995455423137167
22046,202611,1,0.1219188354827776
22048,202611,0,0.23443838978462891
22049,202611,0,0.14420699640407952
22050,202611,1,0.14383065340866635
22051,202611,0,0.12991369856190582
22052,202611,0,0.06014231808033648
22053,202611,0,0.13427202430529558
22054,202611,0,0.1250271956241491
22055,202611,0,0.13226964826204934
22056,202611,0,0.14487299211806878
22057,202611,1,0.24195563517174726
22058,202611,0,0.26395414914219595
22059,202611,0,0.133790410953037
22061,202611,0,0.062444632743149195
22062,202611,0,0.15914213578852313
22065,202611,0,0.15738529151176756
22066,202611,0,0.13361945595900673
22067,202611,1,0.13923634134394816
22068,202611,0,0.22096395310661837
22069,202611,0,0.13236125816447328
22072,202611,1,0.18020454522242713
22074,202611,0,0.15619654963742152
22076,202611,0,0.13565113889276748
22077,202611,0,0.1290122535495845
22078,202611,0,0.14385575669019374
22079,202611,0,0.2246621044181875
22080,202611,0,0.15710859457963422
22082,202611,0,0.05149136069529872
22083,202611,1,0.23851115133589834
22084,202611,0,0.14603467283296095
22085,202611,0,0.14157875684157895
22086,202611,0,0.13317274665574114
22090,202611,0,0.2302831604453552
22091,202611,0,0.14619230853700355
22092,202611,1,0.14622781885312153
22093,202611,0,0.13305101947352205
22094,202611,1,0.13997060368856998
22095,202611,0,0.05253949727908039
22097,202611,1,0.06122952803666003
22098,202611,0,0.16916722366821726
22099,202611,0,0.05956451736467906
22100,202611,0,0.12805698765387363
22101,202611,0,0.1413010915683596
22102,202611,0,0.42428582667966536
22103,202611,0,0.13476800616813864
22104,202611,1,0.137716257431407
22106,202611,0,0.15196985322001885
22107,202611,0,0.14623456412598765
22109,202611,1,0.12621259799988507
22111,202611,0,0.14530861230150202
22112,202611,0,0.2164211791446486
22114,202611,1,0.2438526999519474
22116,202611,0,0.08260570398230635
22121,202611,0,0.22129725851383056
22123,202611,0,0.0575392819339771
22124,202611,0,0.05686668759673216
22125,202611,0,0.14966527229760082
22126,202611,0,0.15350947249378444
22127,202611,0,0.1282530760945264
22128,202611,1,0.1561339065533169
22129,202611,1,0.1355822158037313
22130,202611,0,0.1364888815060421
22131,202611,0,0.1809288292888833
22132,202611,0,0.059866842022323355
22134,202611,0,0.22749779882265925
22135,202611,0,0.15486469581662
22136,202611,0,0.24656081666764254
22137,202611,0,0.17199334402213468
22140,202611,1,0.1307481219902966
22141,202611,0,0.16147989350889408
22142,202611,1,0.1435966560111746
22143,202611,0,0.14948370847406411
22144,202611,1,0.11735884558306137
22146,202611,0,0.1506790231618876
22147,202611,0,0.12473755235331876
22148,202611,0,0.23533969964272464
22149,202611,0,0.12314038011196789
22151,202611,0,0.14743330905715868
22152,202611,0,0.14920475051392346
22153,202611,0,0.11732653658822122
22154,202611,0,0.13035045361346298
22155,202611,1,0.12403300514246206
22156,202611,0,0.15447592075440142
22158,202611,0,0.12355815951995998
22159,202611,0,0.15936623939670463
22160,202611,0,0.14850543557300336
22161,202611,0,0.18357500568741555
22162,202611,1,0.13479615737948403
22163,202611,0,0.13472623900315558
22164,202611,0,0.2305972539913076
22166,202611,0,0.14298862066653528
22167,202611,0,0.0670970552063965
22168,202611,0,0.25967106759055414
22169,202611,0,0.17231512161174967
22172,202611,0,0.15776784452746254
22173,202611,1,0.13114656376436773
22174,202611,1,0.27067299501116066
22175,202611,0,0.1365618134891855
22176,202611,0,0.07110156418003893
22177,202611,0,0.12109787027765025
22178,202611,0,0.2541897983911558
22179,202611,1,0.17724842608923502
22180,202611,1,0.15254310918864197
22181,202611,0,0.12708380101553207
22182,202611,0,0.12977019156824882
22183,202611,0,0.05174893162753331
22184,202611,0,0.1346680958805592
22186,202611,0,0.3388116940409303
22187,202611,0,0.1466573958827947
22188,202611,1,0.25894100750491417
22190,202611,0,0.16259034263444133
22192,202611,1,0.15067884497565848
22193,202611,0,0.12692250534769123
22194,202611,0,0.13288043399977878
22195,202611,0,0.14849466727476648
22196,202611,0,0.051814384728116815
22197,202611,0,0.2579276599802531
22198,202611,0,0.05103981782894994
22199,202611,0,0.17419036141126004
22200,202611,0,0.14347511460961737
22201,202611,1,0.13925500457107612
22202,202611,0,0.23578890120548668
22203,202611,0,0.1483779221173899
22204,202611,0,0.13966896006822213
22205,202611,0,0.12962315904901864
22206,202611,0,0.15715137341300134
22207,202611,1,0.3367540469447642
22208,202611,0,0.13390356582977303
22210,202611,0,0.12485897522308234
22212,202611,0,0.23050291034166806
22213,202611,1,0.14917617797358695
22214,202611,0,0.13695006013429215
22215,202611,1,0.37067884578481675
22216,202611,0,0.14590246964392264
22217,202611,1,0.12309562150926145
22219,202611,0,0.17274163189671127
22221,202611,1,0.1379659768917853
22222,202611,0,0.13797320313945705
22223,202611,0,0.24947398488385303
22224,202611,0,0.13279153003445293
22225,202611,0,0.14816467094756822
22226,202611,0,0.06317328539614449
22227,202611,0,0.22475513223156215
22229,202611,0,0.17278441587608823
22231,202611,0,0.13957133371680103
22232,202611,1,0.2434310335057254
22233,202611,0,0.13271640827073872
22234,202611,0,0.22797236712560576
22235,202611,0,0.13583562337814314
22236,202611,0,0.15002003190114183
22237,202611,0,0.13726773423899283
22240,202611,0,0.13118036439453767
22241,202611,0,0.15105573872526729
22242,202611,0,0.1501215048737536
22243,202611,0,0.14186379425535084
22244,202611,1,0.12629540331069455
22245,202611,0,0.1384747550804997
22246,202611,1,0.14252841188708731
22248,202611,0,0.1561162044299397
22249,202611,0,0.14621387419685794
22250,202611,0,0.15169533034446916
22251,202611,0,0.15655167827382216
22252,202611,0,0.055735886694692066
22253,202611,0,0.1771404424742295
22254,202611,0,0.11392297740369779
22255,202611,0,0.13586891423301692
22257,202611,0,0.13472030561336337
22258,202611,1,0.23327458093462022
22260,202611,0,0.1430830480460194
22262,202611,0,0.15876472027246719
22263,202611,0,0.14378262202924627
22264,202611,0,0.14010299612024738
22265,202611,0,0.14270719432985476
22267,202611,0,0.3421901053348107
22268,202611,0,0.20977109120466111
22269,202611,0,0.23074887890795187
22270,202611,1,0.11961185538134186
22271,202611,0,0.05967915137589626
22272,202611,0,0.12969800623575573
22273,202611,0,0.1339480123358715
22274,202611,0,0.19946528741501332
22275,202611,0,0.07691624672832735
22277,202611,0,0.42092870578991554
22279,202611,1,0.12600185432777153
22280,202611,1,0.13230625439280283
22281,202611,1,0.14099264792656768
22282,202611,0,0.14636831875414605
22283,202611,0,0.0804840045485267
22284,202611,0,0.048688440849520516
22285,202611,1,0.17006747347017206
22286,202611,0,0.14908111478006303
22287,202611,0,0.05600571899416681
22288,202611,0,0.13956628281485864
22289,202611,0,0.14917929203509334
22290,202611,0,0.13183302402522099
22291,202611,0,0.13257115170341066
22292,202611,0,0.06704178741829625
22293,202611,0,0.13991814762533106
22294,202611,1,0.1710878710840372
22295,202611,0,0.14456513451766748
22296,202611,0,0.16207934188878514
22297,202611,0,0.15811339639448016
22298,202611,0,0.13190809662675793
22299,202611,0,0.1261064502089867
22300,202611,0,0.21424863649115275
22301,202611,1,0.1259668303008128
22302,202611,0,0.223242047871024
22303,202611,0,0.2403847127554394
22305,202611,0,0.12288955015038613
22306,202611,0,0.13510952628157083
22307,202611,0,0.2318446183461099
22308,202611,0,0.12648270537981487
22309,202611,0,0.13842596757431785
22311,202611,1,0.23089194697067777
22312,202611,0,0.2745425325920927
22313,202611,0,0.12029819292247479
22314,202611,0,0.1560739492880162
22315,202611,0,0.1309050260400749
22316,202611,0,0.2231552176434861
22317,202611,0,0.04951454101235691
22318,202611,0,0.15517058446766316
22319,202611,0,0.23231763992165874
22320,202611,0,0.15054374527247272
22322,202611,0,0.1705598010342151
22323,202611,0,0.2275236675488745
22324,202611,0,0.14198654011592465
22326,202611,1,0.23871802379313165
22327,202611,1,0.15952968109276652
22328,202611,0,0.1545901346152274
22329,202611,0,0.12882341492245036
22330,202611,0,0.12718918177333777
22331,202611,0,0.14840783226125473
22332,202611,0,0.12567581561128321
22333,202611,0,0.048696457480595944
22334,202611,0,0.14545451661236986
22335,202611,0,0.14842943076301543
22336,202611,0,0.15766937936691874
22337,202611,1,0.23612685942406986
22338,202611,0,0.2350741631470208
22339,202611,0,0.1388001098349029
22341,202611,0,0.12772196774463898
22342,202611,0,0.14611541142501627
22343,202611,0,0.16603947800789814
22344,202611,0,0.07486693622320394
22345,202611,0,0.15568044368993147
22346,202611,0,0.10062604798508243
22347,202611,1,0.13379980701662494
22349,202611,1,0.14348268713572696
22350,202611,0,0.12766009977182974
22351,202611,0,0.1419688660295703
22353,202611,0,0.125916325524929
22354,202611,0,0.15245028527647195
22355,202611,0,0.16021186174051325
22358,202611,0,0.1456720584362502
22359,202611,1,0.33747465322397513
22360,202611,1,0.13384573400858116
22362,202611,0,0.14541566204095166
22364,202611,1,0.1319699164268822
22365,202611,0,0.1473639193634819
22366,202611,0,0.14849391611458038
22367,202611,1,0.15253265676923547
22368,202611,0,0.1275497530579384
22369,202611,0,0.12722362269691154
22370,202611,0,0.054574586092253324
22371,202611,0,0.1333181678448055
22372,202611,0,0.23949508903570213
22373,202611,0,0.12725104133773554
22374,202611,0,0.12426206996305125
22375,202611,0,0.14366756103435085
22376,202611,0,0.16351005511971664
22377,202611,0,0.14862621992650463
22378,202611,0,0.13973979123005684
22379,202611,0,0.1373303177414469
22382,202611,0,0.13721319755762135
22385,202611,1,0.15559770254463173
22386,202611,0,0.14515484307255755
22387,202611,0,0.25900333484960536
22388,202611,0,0.1251290329459953
22390,202611,0,0.12984130506688038
22391,202611,0,0.1313698366924887
22392,202611,0,0.11722055684261189
22393,202611,0,0.33626403101947694
22394,202611,0,0.18285708197407463
22395,202611,0,0.18318158296523784
22397,202611,0,0.14502302596722674
22398,202611,1,0.22736179061572354
22399,202611,0,0.16004149022565692
22401,202611,0,0.1447959008259824
22402,202611,0,0.19603156498939783
22403,202611,0,0.13171738294647456
22404,202611,1,0.13753153477900668
22405,202611,0,0.23738622904181597
22406,202611,0,0.12658685947986614
22407,202611,0,0.1599284078625848
22408,202611,0,0.14257928974984474
22409,202611,0,0.06242951703220773
22410,202611,0,0.12338484222712863
22411,202611,0,0.24452070378229457
22413,202611,0,0.14972619009407812
22414,202611,1,0.2816145420613746
22415,202611,0,0.14717405793880714
22416,202611,0,0.15111823249397868
22417,202611,1,0.14923912530490444
22419,202611,0,0.1679413675435456
22420,202611,1,0.1416540003175075
22421,202611,1,0.12375178808687629
22422,202611,0,0.15324614261063105
22423,202611,1,0.15975646592994056
22424,202611,0,0.13820514857677207
22425,202611,0,0.25660133600261686
22426,202611,0,0.12897249438322908
22427,202611,0,0.151047535370294
22428,202611,0,0.19857803273518596
22429,202611,0,0.16528301387964095
22430,202611,0,0.11348107757532903
22431,202611,0,0.13159113815769086
22432,202611,0,0.1435815089802008
22433,202611,0,0.05900274269852482
22434,202611,1,0.11650831755735645
22436,202611,0,0.12377804969576355
22437,202611,0,0.13318048404366845
22438,202611,0,0.13544756373971797
22439,202611,0,0.13515346562860664
22440,202611,0,0.1349963126302543
22441,202611,0,0.12193610104089034
22442,202611,0,0.12346429779457252
22443,202611,0,0.13846186224629653
22444,202611,0,0.11796238703173964
22445,202611,1,0.16317875084943667
22446,202611,0,0.05546896887037091
22447,202611,0,0.15009402523057308
22448,202611,0,0.1397839744672293
22449,202611,0,0.14242605499407876
22450,202611,0,0.1504299488264395
22451,202611,0,0.16081166929117024
22452,202611,0,0.2599925875470751
22453,202611,1,0.1258499749420638
22454,202611,0,0.05005462049016756
22455,202611,0,0.39174483270983534
22457,202611,0,0.1253529120843965
22459,202611,0,0.12979837744056896
22460,202611,0,0.1340312218306987
22461,202611,0,0.12715688220208432
22462,202611,0,0.15665848298692353
22464,202611,0,0.12915268984279657
22465,202611,0,0.1308191629683059
22466,202611,0,0.22547947299098559
22467,202611,1,0.13283570926013108
22470,202611,0,0.22561757157264842
22471,202611,1,0.1337267371500445
22473,202611,1,0.1512436222264789
22474,202611,0,0.15407929977804352
22475,202611,1,0.40397623836090235
22476,202611,0,0.120805996726043
22477,202611,0,0.1599385934391633
22479,202611,0,0.15810333525089046
22480,202611,0,0.2593952599705763
22482,202611,0,0.134729896839444
22484,202611,1,0.18236745903108262
22485,202611,0,0.12168823367052929
22486,202611,0,0.14594804292318952
22487,202611,0,0.12540924753520485
22488,202611,0,0.061046905775267564
22489,202611,0,0.12430172967007008
22492,202611,0,0.14206213454439817
22493,202611,0,0.15946989270628595
22494,202611,1,0.13633950359810304
22495,202611,0,0.13748391695787696
22496,202611,1,0.14373602667852992
22497,202611,0,0.17268607699052715
22499,202611,0,0.134888270102753
22500,202611,0,0.12260908633900312
22501,202611,1,0.339132015766349
22502,202611,0,0.16937188195557273
22506,202611,1,0.1334470235237397
22507,202611,0,0.14378714249224428
22508,202611,0,0.04915579189490391
22509,202611,1,0.413196310170491
22510,202611,0,0.1301603591493749
22512,202611,0,0.14943247103407936
22513,202611,0,0.13224020769270217
22514,202611,1,0.15085665625889308
22515,202611,0,0.17221050949316163
22516,202611,1,0.1247096923569362
22517,202611,1,0.12212300794700949
22518,202611,0,0.16002768732182265
22519,202611,0,0.14053241560845178
22520,202611,0,0.13802345383369585
22521,202611,0,0.10809582853732681
22523,202611,0,0.17121431576365756
22524,202611,0,0.36473771385962955
22525,202611,0,0.15036289553742493
22526,202611,0,0.24213067995710616
22527,202611,0,0.13232580246261924
22528,202611,0,0.12409797593885703
22529,202611,0,0.0836976053133309
22530,202611,0,0.15872632297490008
22531,202611,0,0.12689066270554092
22533,202611,0,0.1341603179952397
22536,202611,1,0.386153826230614
22537,202611,1,0.13454156175818197
22538,202611,0,0.128328038468706
22539,202611,1,0.1407126422310909
22540,202611,0,0.05149347245691015
22542,202611,0,0.14581096281735192
22544,202611,0,0.14372721599126706
22545,202611,1,0.1527049254953028
22546,202611,0,0.09531131028064233
22547,202611,0,0.2332974682763121
22548,202611,1,0.17644675074659297
22549,202611,0,0.12406524345510903
22550,202611,0,0.3238025993498344
22551,202611,0,0.2747975118377861
22552,202611,0,0.16883925575003794
22553,202611,0,0.033862027854955415
22554,202611,0,0.2594961037635692
22557,202611,1,0.14582023454775753
22558,202611,0,0.06273294816019022
22560,202611,0,0.12771351594281163
22561,202611,0,0.2299134311264294
22562,202611,0,0.1742352680759579
22563,202611,0,0.28119859518175755
22564,202611,0,0.21493781315811597
22565,202611,0,0.13940309568655135
22566,202611,0,0.13357761644808877
22567,202611,0,0.13494246825203043
22568,202611,1,0.1415529838748365
22570,202611,0,0.13047137217334082
22572,202611,1,0.40117183906985027
22573,202611,0,0.16280977903736016
22574,202611,1,0.05408609339712711
22577,202611,0,0.15608510256892857
22578,202611,1,0.1673972724464268
22580,202611,0,0.13377040570239226
22581,202611,0,0.15387047656954425
22582,202611,1,0.2095866147141766
22583,202611,0,0.2154760021315865
22584,202611,0,0.15227623631543993
22585,202611,0,0.13126104375406794
22586,202611,1,0.14177923223313926
22587,202611,0,0.1148314718882536
22588,202611,0,0.17094771325524602
22591,202611,0,0.21448081534269456
22592,202611,0,0.232189871872429
22593,202611,0,0.17727692411131749
22594,202611,1,0.1796200219343514
22595,202611,0,0.22421749550787126
22596,202611,0,0.19650365490076238
22597,202611,0,0.14285511534374548
22598,202611,0,0.14666723278949398
22599,202611,0,0.07128976742446669
22600,202611,0,0.15211634958452058
22601,202611,0,0.15253759546003262
22602,202611,0,0.14961306067912103
22603,202611,0,0.21885238798216486
22604,202611,0,0.24124180916544868
22605,202611,0,0.13791306638495132
22606,202611,0,0.08110641971915052
22607,202611,0,0.12650113630546544
22608,202611,0,0.21669260492160092
22609,202611,0,0.12406122501701557
22610,202611,0,0.15974056152366167
22611,202611,0,0.1523782616275318
22612,202611,0,0.15359129545831626
22613,202611,0,0.2687602914014123
22614,202611,0,0.2286150727997417
22615,202611,0,0.060328938905308827
22618,202611,0,0.14950957387203304
22619,202611,1,0.23116104293457113
22621,202611,0,0.13830861954250645
22622,202611,0,0.13910302716827147
22624,202611,0,0.13434097732437195
22625,202611,1,0.12531203628200965
22626,202611,0,0.16646847599773867
22627,202611,0,0.1619855472321944
22628,202611,0,0.12520276396816282
22629,202611,0,0.1407855943790991
22630,202611,0,0.13212055160544967
22631,202611,0,0.11465509767339851
22633,202611,0,0.1374547854566271
22634,202611,0,0.12685914543687551
22635,202611,0,0.1354644597696542
22636,202611,1,0.21577570167313076
22637,202611,0,0.12055451446171642
22639,202611,0,0.1474033567845013
22640,202611,1,0.16643268979903986
22641,202611,0,0.13894439044851709
22642,202611,0,0.14590983139712765
22643,202611,0,0.148865005984925
22644,202611,0,0.400944595441732
22646,202611,0,0.13583480559219324
22647,202611,0,0.2137912946936861
22648,202611,0,0.13792095451384384
22649,202611,1,0.35256842009793
22650,202611,0,0.23552380286686891
22651,202611,1,0.2431027848569293
22652,202611,0,0.20147069293834524
22653,202611,0,0.13772574192521722
22655,202611,0,0.24931988573155286
22657,202611,0,0.033862027854955415
22658,202611,0,0.14473795192151032
22659,202611,1,0.13663735100152208
22660,202611,1,0.07344335438141636
22661,202611,1,0.11898423849859523
22662,202611,0,0.1543858142992183
22663,202611,0,0.13877231986253852
22664,202611,0,0.23158346386439918
22665,202611,0,0.1514696416064509
22666,202611,0,0.24943658969455665
22668,202611,0,0.16544274649747687
22669,202611,0,0.1525745275711489
22670,202611,0,0.16005065395622542
22671,202611,0,0.16106842822861028
22672,202611,0,0.09204085317479441
22673,202611,0,0.06610290875698788
22675,202611,1,0.23553677396573286
22676,202611,0,0.12721404938971032
22677,202611,1,0.3289519432705835
22678,202611,0,0.15655769919293494
22679,202611,1,0.14523954619791565
22680,202611,1,0.13380732219953767
22681,202611,1,0.16512682663797135
22682,202611,0,0.14276364428772353
22683,202611,0,0.1299835551617919
22684,202611,0,0.13304476290855655
22685,202611,0,0.133392992041053
22686,202611,0,0.1570908369706577
22687,202611,0,0.22984792601532958
22688,202611,0,0.12496171169316393
22690,202611,0,0.15532796933310566
22691,202611,0,0.14255928426415815
22692,202611,0,0.1416977135617783
22693,202611,1,0.15041645633394407
22694,202611,0,0.15122541887412166
22695,202611,0,0.13938887761925542
22696,202611,0,0.054805679474225454
22697,202611,0,0.2465246523964253
22698,202611,1,0.15954177439405953
22699,202611,0,0.22480021701260489
22701,202611,1,0.36257029485988274
22702,202611,0,0.2832063285854186
22704,202611,0,0.10812381392673612
22705,202611,0,0.15778995363030465
22706,202611,0,0.19019107211557784
22707,202611,1,0.13639458758727302
22708,202611,1,0.144221954057862
22709,202611,0,0.05561910191003072
22711,202611,0,0.24949016405262683
22712,202611,0,0.13122150086630657
22713,202611,1,0.345848006756273
22714,202611,0,0.15655689351912375
22715,202611,0,0.13221947093552147
22716,202611,0,0.11928528061747122
22717,202611,0,0.21181532518569257
22718,202611,0,0.05762055763975057
22720,202611,0,0.3428246579059595
22721,202611,0,0.05838679723853299
22722,202611,1,0.1360641616190748
22724,202611,0,0.12844650546806086
22725,202611,0,0.13671543370027114
22726,202611,0,0.26698360653204184
22728,202611,0,0.1251135006897034
22729,202611,0,0.10038566214139888
22730,202611,0,0.1470178937512738
22732,202611,0,0.14556524434619558
22733,202611,0,0.21992338557676078
22734,202611,0,0.1439772195165841
22735,202611,0,0.33987356156987064
22736,202611,0,0.1497757896813661
22737,202611,0,0.1322826896699561
22738,202611,0,0.03368428754794025
22739,202611,0,0.2332554851684053
22740,202611,0,0.23179626785590104
22742,202611,0,0.13510235392518863
22743,202611,0,0.1526154225974056
22745,202611,0,0.12569341469812653
22746,202611,0,0.04788559021145238
22748,202611,0,0.42421122628632124
22749,202611,0,0.19339141222902342
22751,202611,0,0.12919868643224433
22752,202611,0,0.1449154514007289
22753,202611,0,0.34079881549219826
22755,202611,1,0.13374793147931777
22756,202611,0,0.12856936585883624
22757,202611,0,0.0513829915089314
22758,202611,0,0.2256022478840407
22759,202611,0,0.1351688559990814
22760,202611,1,0.13745761086498245
22762,202611,0,0.14634493422385875
22763,202611,0,0.22733481236112751
22764,202611,0,0.13053526945011656
22765,202611,1,0.32839345012119375
22766,202611,0,0.06453870203134322
22768,202611,0,0.06166367847013906
22769,202611,0,0.12577087973663525
22770,202611,0,0.1429014131646563
22772,202611,0,0.22276018775606976
22773,202611,0,0.12533464427802343
22775,202611,0,0.14592761960119752
22776,202611,0,0.2272124383388043
22777,202611,0,0.1391137608855511
22779,202611,0,0.05710938424480068
22780,202611,0,0.14936665158251375
22781,202611,0,0.35536453741656127
22782,202611,1,0.13908044557929436
22783,202611,0,0.2014773250844818
22784,202611,0,0.14225137230157817
22785,202611,1,0.13708799687341236
22786,202611,0,0.18483565406554067
22787,202611,1,0.1564923395965482
22789,202611,0,0.1351875179490635
22791,202611,0,0.06576668312520442
22792,202611,1,0.3561158261055437
22793,202611,0,0.1519339392113404
22794,202611,0,0.1782670189783508
22795,202611,0,0.060684572385960235
22796,202611,0,0.05510702258652487
22798,202611,0,0.13879501091041674
22799,202611,1,0.14900947514835605
22800,202611,0,0.13762482937387022
22801,202611,0,0.23548477838401122
22802,202611,0,0.17309884110152687
22804,202611,0,0.07533413505777763
22808,202611,0,0.12954857112903695
22809,202611,1,0.3237857126175049
22810,202611,0,0.3468588859421235
22811,202611,0,0.12990554277111885
22812,202611,0,0.04892135036193673
22813,202611,0,0.1329724587145117
22814,202611,0,0.14777509775006067
22815,202611,1,0.12140253514770051
22816,202611,0,0.12069872974753416
22818,202611,0,0.13081944002867926
22820,202611,0,0.22826043606593238
22821,202611,0,0.051571307640382424
22823,202611,0,0.13798443626566015
22824,202611,0,0.14180768686626302
22825,202611,0,0.13117387539895464
22826,202611,0,0.2382073316959783
22828,202611,0,0.1449284858890682
22829,202611,0,0.23543623805167832
22830,202611,0,0.17686358351339043
22831,202611,0,0.1649916127413045
22832,202611,0,0.16197841493082765
22833,202611,0,0.06379522026328609
22836,202611,0,0.13392297500325975
22839,202611,0,0.1205394891849069
22840,202611,0,0.05731511156096634
22841,202611,0,0.1363349541652143
22842,202611,0,0.1294178610935634
22844,202611,1,0.13280515163629056
22845,202611,0,0.21576393460668986
22846,202611,0,0.12176828917947051
22847,202611,0,0.15092323915535188
22848,202611,0,0.1355075470693414
22849,202611,1,0.3487716199555944
22851,202611,0,0.1424878550439053
22853,202611,0,0.1180447509422875
22855,202611,0,0.13538753787741653
22856,202611,1,0.1420391486316126
22857,202611,1,0.1411131735403669
22858,202611,1,0.14268941646527336
22859,202611,0,0.1409132458340848
22860,202611,0,0.33820354720585866
22861,202611,0,0.12315055763031606
22862,202611,0,0.24012047097525394
22863,202611,1,0.2377853242259641
22864,202611,0,0.12072588849862854
22865,202611,0,0.03442302909781145
22866,202611,1,0.2522828835699548
22868,202611,1,0.1428261576259424
22869,202611,1,0.35804968658504494
22870,202611,0,0.14234594780031118
22871,202611,0,0.14937742770544213
22872,202611,1,0.23196517973276412
22873,202611,0,0.13642286704049952
22874,202611,0,0.17004439940516783
22875,202611,0,0.1241383074462736
22876,202611,0,0.13537436058099342
22877,202611,0,0.34143419917993745
22878,202611,0,0.11368988353041844
22879,202611,0,0.33654586211039783
22880,202611,0,0.13883945884678403
22881,202611,1,0.1271906918826173
22882,202611,0,0.13019380140092982
22883,202611,0,0.257896485312078
22884,202611,0,0.12752845689298048
22886,202611,0,0.03423886429001996
22887,202611,0,0.12952935854992603
22888,202611,0,0.12758045184213926
22889,202611,0,0.13791063759803193
22890,202611,0,0.22641632090366265
22891,202611,0,0.05100951394152527
22894,202611,0,0.14699564226947576
22895,202611,1,0.055424776391923135
22897,202611,0,0.15207636769217223
22898,202611,0,0.23261084218790615
22899,202611,0,0.048759148590003805
22900,202611,0,0.0672836451977649
22901,202611,0,0.11425145776884375
22902,202611,1,0.1505546085925822
22903,202611,1,0.12181105606947303
22904,202611,0,0.1293874163250176
22905,202611,0,0.15015354036044254
22906,202611,0,0.17552444990443367
22907,202611,0,0.20768486528328775
22908,202611,0,0.18486823257479656
22909,202611,0,0.07005527737946647
22910,202611,0,0.1552203383653099
22911,202611,0,0.14969062192350666
22913,202611,0,0.14729907201319375
22914,202611,1,0.05932152743818598
22915,202611,0,0.1435496026356392
22916,202611,1,0.14748316758649455
22918,202611,0,0.12330481623752954
22919,202611,0,0.23760722654223015
22920,202611,1,0.057573228212308626
22921,202611,0,0.2403746084100255
22922,202611,0,0.06359707812277747
22923,202611,0,0.15351559599227818
22924,202611,1,0.3348768191273168
22925,202611,0,0.15212366996898108
22926,202611,0,0.13856039390401695
22927,202611,0,0.14912297684985018
22928,202611,0,0.14828284897103342
22929,202611,0,0.2535700857517238
22930,202611,0,0.1843978473134358
22933,202611,0,0.14269687653186044
22934,202611,0,0.16254055073105222
22935,202611,0,0.13447112401575764
22936,202611,0,0.15175444681575279
22937,202611,0,0.13799513882243572
22938,202611,0,0.15002293788094245
22940,202611,0,0.1263798140712038
22941,202611,0,0.37718404655658777
22943,202611,0,0.14637629905925645
22944,202611,1,0.23409942894811153
22945,202611,0,0.12147292133168719
22946,202611,0,0.13259087438447203
22947,202611,0,0.24665634143700269
22948,202611,0,0.24639291049356166
22949,202611,0,0.2267511964596847
22950,202611,0,0.15017917366097192
22951,202611,0,0.13433440705676764
22952,202611,0,0.1524698915972685
22953,202611,0,0.14763937782558512
22954,202611,0,0.13945363486393592
22955,202611,0,0.3514362925165747
22957,202611,0,0.40800300103334486
22958,202611,0,0.14364572918755805
22959,202611,0,0.1276746282826822
22960,202611,1,0.3227168628536662
22961,202611,0,0.14263631608258193
22962,202611,0,0.12631598633065136
22963,202611,0,0.12524411949335304
22964,202611,0,0.1418214962460178
22965,202611,0,0.1442828804585557
22966,202611,0,0.15423586547670015
22967,202611,0,0.1521380335043287
22968,202611,0,0.3584424266790947
22969,202611,0,0.12535171604551054
22970,202611,0,0.1313440067148107
22971,202611,0,0.18106816524528155
22972,202611,0,0.3248341465103731
22973,202611,0,0.15851247661937864
22974,202611,0,0.2276144511716304
22976,202611,0,0.15502710050664315
22977,202611,0,0.13569653700343334
22978,202611,0,0.15031660313251943
22980,202611,0,0.1259749664866771
22981,202611,0,0.08054143092812528
22982,202611,1,0.2379939112628822
22983,202611,0,0.1324719803370691
22986,202611,0,0.13463134547528782
22987,202611,1,0.15063698333737713
22988,202611,0,0.15390025651077988
22989,202611,0,0.34851519381152474
22990,202611,0,0.13018511123985327
22991,202611,1,0.226679202252723
22992,202611,0,0.1305349823104213
22993,202611,0,0.03694946639237358
22994,202611,1,0.13868757126686554
22995,202611,0,0.13204980220648221
22996,202611,0,0.10349483761878947
22997,202611,0,0.06378733630937525
22998,202611,0,0.13846963945319696
22999,202611,1,0.12434004508397863
23000,202611,1,0.11998493994837932
23002,202611,0,0.18459791149183266
23003,202611,0,0.12776991019587589
23004,202611,1,0.1665824125971755
23005,202611,0,0.22980958932339973
23006,202611,0,0.13500935843613932
23007,202611,0,0.12508394637905845
23008,202611,0,0.14905062669409916
23009,202611,1,0.3362748448489647
23010,202611,0,0.1461310453039149
23011,202611,0,0.08182583646386554
23012,202611,0,0.15896127279627645
23013,202611,0,0.22913232860696772
23014,202611,0,0.12028614697951863
23015,202611,0,0.1436127626602582
23019,202611,1,0.3338576094925802
23020,202611,0,0.15487314463215177
23021,202611,0,0.139183046525967
23022,202611,0,0.235254265565321
23023,202611,0,0.06873910655346158
23025,202611,0,0.2208722869976713
23026,202611,1,0.273618986814682
23028,202611,0,0.26024139426149057
23031,202611,0,0.218356743659957
23032,202611,0,0.3378655986529961
23033,202611,0,0.13199368173529777
23034,202611,0,0.14128387241768223
23035,202611,0,0.13375625585020964
23036,202611,0,0.16799742420187588
23037,202611,0,0.06287920245921258
23039,202611,0,0.34613109220415883
23040,202611,0,0.13274774079173507
23041,202611,0,0.12828375625797048
23042,202611,1,0.1570109432576215
23043,202611,0,0.11673189627398069
23044,202611,1,0.2519637965192283
23046,202611,0,0.14687256235860538
23048,202611,0,0.061261203745378356
23049,202611,1,0.3487716199555944
23050,202611,1,0.14972219957437738
23051,202611,0,0.16208529173987388
23052,202611,0,0.12454809572528074
23053,202611,0,0.14547435051402022
23054,202611,1,0.13918777416172246
23055,202611,0,0.16583594783063993
23056,202611,0,0.12521416653617673
23058,202611,1,0.13968965127901461
23059,202611,0,0.15101756564480112
23060,202611,0,0.14086686700059878
23061,202611,1,0.12487720081584576
23062,202611,0,0.13673896450027817
23063,202611,0,0.12575293910183674
23064,202611,1,0.13202117964919222
23065,202611,0,0.13202876525094173
23066,202611,0,0.13849324075356687
23067,202611,0,0.13399533059489027
23068,202611,1,0.1728528224176922
23069,202611,1,0.16046694261917244
23070,202611,0,0.14168113413207103
23071,202611,1,0.0508165326004093
23072,202611,0,0.15121038961937255
23073,202611,0,0.13046331694432162
23074,202611,0,0.12687270942070417
23075,202611,0,0.13026883774722367
23077,202611,1,0.25247949573584816
23078,202611,0,0.12831266896159813
23079,202611,0,0.1514741100724384
23080,202611,0,0.14879558879825006
23081,202611,0,0.0644238886403673
23082,202611,0,0.22922953977812563
23083,202611,1,0.15230051650685308
23084,202611,0,0.12750841960197504
23085,202611,1,0.14454734930445598
23086,202611,1,0.14289556591909136
23087,202611,0,0.12321834116207928
23088,202611,0,0.13903464331159016
23089,202611,0,0.1963343825160451
23090,202611,0,0.16160090835313728
23093,202611,1,0.1386180871437748
23095,202611,0,0.13112277787057824
23097,202611,0,0.14868949193757441
23098,202611,0,0.05732819459659971
23099,202611,0,0.13407950971252158
23100,202611,0,0.14308476325961755
23101,202611,0,0.16707946349155403
23102,202611,0,0.16544586584006005
23103,202611,0,0.22428742272640992
23104,202611,1,0.1305616142176096
23105,202611,0,0.12409130549404894
23106,202611,0,0.1271246597106784
23107,202611,1,0.23578191240292992
23108,202611,0,0.049079503028125845
23109,202611,0,0.18203202034875746
23110,202611,0,0.2147987974979388
23111,202611,0,0.12401522273974917
23112,202611,0,0.1247673364804304
23113,202611,0,0.05063755368990701
23114,202611,0,0.13739718178790106
23115,202611,0,0.26593438909623496
23116,202611,0,0.10802377135169608
23118,202611,0,0.23406618472982646
23119,202611,0,0.14326386726796142
23120,202611,0,0.13302572444969876
23121,202611,1,0.225174913430815
23122,202611,0,0.21190057107761406
23123,202611,0,0.14790457425604484
23124,202611,0,0.14817505416899063
23125,202611,0,0.11843945510059795
23126,202611,0,0.14305975247359604
23127,202611,1,0.1430241723734046
23128,202611,0,0.1390977842187117
23129,202611,0,0.22811048531590772
23130,202611,1,0.12183182400075133
23131,202611,0,0.12313003923684465
23132,202611,0,0.1581131234547672
23133,202611,0,0.21941575551873396
23134,202611,0,0.14309844472444655
23135,202611,0,0.12623057616140473
23136,202611,0,0.12667363974854481
23137,202611,0,0.07142253814948982
23138,202611,1,0.13721496496093438
23139,202611,0,0.13838235633153004
23142,202611,0,0.034322431397536775
23143,202611,0,0.1354097053027257
23146,202611,0,0.14091640371711442
23147,202611,0,0.14522983086831356
23148,202611,0,0.13189161482736442
23149,202611,0,0.11961777205187249
23151,202611,0,0.13196454517941159
23152,202611,0,0.13014073610908825
23153,202611,0,0.3359879924064038
23154,202611,0,0.13724354287964452
23155,202611,1,0.12966615673289997
23156,202611,0,0.14070179207599126
23157,202611,0,0.1287810293037887
23158,202611,0,0.1349245917171486
23160,202611,1,0.1396211323964302
23161,202611,0,0.15714498028112747
23162,202611,0,0.14307269494124913
23163,202611,0,0.13419420886567693
23164,202611,0,0.2002745723019414
23166,202611,0,0.24760022680667135
23167,202611,0,0.15140647067894974
23168,202611,0,0.1288613164218332
23169,202611,0,0.13368344095841714
23170,202611,0,0.13505241481011793
23171,202611,0,0.14640748864294173
23172,202611,0,0.04034530891064698
23173,202611,0,0.21816679356292717
23174,202611,0,0.12432131572772666
23175,202611,1,0.15117535852461744
23176,202611,0,0.15249177480795556
23177,202611,0,0.12904072633564712
23178,202611,0,0.13090024649612175
23179,202611,0,0.15424451725106078
23180,202611,0,0.1362492346689639
23181,202611,0,0.34013545753643004
23182,202611,0,0.14680434018278252
23183,202611,0,0.14522983086831356
23184,202611,0,0.11518411593826468
23185,202611,0,0.14533628103440324
23186,202611,0,0.1327617892942603
23187,202611,0,0.2391983785745404
23188,202611,0,0.14847009012090703
23191,202611,0,0.13645396932494505
23192,202611,0,0.13154231260144236
23193,202611,0,0.1554996384376046
23194,202611,0,0.12047590002297696
23196,202611,0,0.1328299484446586
23197,202611,0,0.12051756168027163
23198,202611,0,0.14828856726515005
23199,202611,0,0.06521166006635672
23201,202611,0,0.24713871671338414
23202,202611,0,0.164141489104856
23203,202611,0,0.12768587224469863
23204,202611,0,0.06433273937841506
23205,202611,0,0.17527987103285447
23206,202611,0,0.1396963009052516
23207,202611,0,0.05596009460586381
23209,202611,0,0.13972722027616755
23211,202611,0,0.15863067213012488
23212,202611,0,0.05069581957119661
23214,202611,0,0.12954896389213005
23215,202611,0,0.12728608996110152
23216,202611,0,0.14415246181870045
23217,202611,1,0.12326057577862999
23218,202611,0,0.23606486697297216
23219,202611,0,0.1372609136093686
23220,202611,0,0.1495905760007003
23221,202611,0,0.05149347245691015
23222,202611,0,0.1634063562632029
23223,202611,1,0.33606489571846565
23224,202611,0,0.1340104117677246
23225,202611,0,0.1346272765246762
23227,202611,0,0.12901609537972822
23228,202611,0,0.15661693294200701
23229,202611,0,0.23277460987306647
23230,202611,0,0.13690923331356133
23231,202611,0,0.3359879924064038
23232,202611,1,0.22790479342605943
23233,202611,0,0.14549684800166374
23234,202611,0,0.12710588829998293
23236,202611,0,0.1480495773793148
23238,202611,0,0.12916834475682573
23239,202611,0,0.07336774955630222
23240,202611,0,0.145365963681417
23241,202611,0,0.1410237804276429
23242,202611,0,0.3445364944893482
23243,202611,1,0.1415671044373364
23245,202611,0,0.14966997002582946
23246,202611,0,0.13454547240759315
23247,202611,1,0.24531589805983964
23248,202611,0,0.15275344645923497
23249,202611,0,0.2292197049635226
23250,202611,0,0.14900902070167438
23251,202611,0,0.16044114065132517
23253,202611,1,0.13015215927667392
23254,202611,0,0.14854789687676082
23255,202611,0,0.14783292624914124
23256,202611,1,0.13949131194222703
23257,202611,0,0.33571494271846725
23258,202611,0,0.1558775503700384
23259,202611,0,0.14229742470499268
23260,202611,0,0.13224133200019933
23262,202611,0,0.1370926439572263
23263,202611,1,0.13746853237318093
23264,202611,0,0.1229381954746291
23265,202611,1,0.2591372542005417
23267,202611,0,0.2451071891646121
23268,202611,1,0.3471606484544907
23270,202611,0,0.14743555593345473
23271,202611,0,0.142297100041851
23273,202611,0,0.17147290949453106
23274,202611,0,0.12610722144972245
23275,202611,0,0.12670459416063523
23276,202611,0,0.19042769606871163
23277,202611,0,0.15407050535992786
23278,202611,0,0.13576024383804125
23280,202611,0,0.30430855723852385
23281,202611,1,0.14306442072015058
23282,202611,0,0.2355651396974191
23283,202611,0,0.13895116316743122
23284,202611,0,0.14472288393162425
23286,202611,0,0.1292159879852166
23287,202611,0,0.14736956543790003
23288,202611,0,0.13710038283427925
23289,202611,0,0.14033936672799763
23291,202611,0,0.06012395734061202
23293,202611,0,0.2471710727568874
23294,202611,0,0.1299358927200449
23295,202611,0,0.12881534918977464
23296,202611,1,0.14793037923443367
23297,202611,0,0.16622348669237438
23298,202611,0,0.12193053655616422
23299,202611,0,0.16450918287669605
23301,202611,1,0.148664103947697
23302,202611,1,0.2336342891980242
23304,202611,0,0.23305100900286374
23305,202611,0,0.13259851801156308
23306,202611,0,0.14413620140421593
23307,202611,0,0.049963031686186495
23309,202611,0,0.2094714506043166
23310,202611,0,0.17613341655419323
23311,202611,0,0.19577643543638135
23313,202611,0,0.12837704684116374
23314,202611,0,0.15734268228738832
23315,202611,0,0.1368328992567728
23318,202611,0,0.13274938696660693
23319,202611,0,0.06301132055655648
23320,202611,0,0.1317694089809085
23321,202611,0,0.13126735549750235
23322,202611,0,0.14282559512236387
23323,202611,0,0.1410757391653565
23324,202611,1,0.2120867960276312
23325,202611,0,0.1385584440994852
23326,202611,0,0.16572926783037442
23328,202611,0,0.33679948278130195
23332,202611,0,0.03367089916376355
23333,202611,0,0.034942496826769275
23334,202611,0,0.35804968658504494
23335,202611,0,0.14445324044613214
23336,202611,0,0.1260887508221488
23337,202611,1,0.3283457554445637
23338,202611,0,0.06643826053193104
23339,202611,0,0.13163702702366095
23340,202611,0,0.14666137911453042
23343,202611,0,0.22709608721379954
23344,202611,0,0.14668248817240542
23345,202611,1,0.2302353588971109
23346,202611,0,0.10604841246519628
23347,202611,0,0.15390532447917843
23348,202611,0,0.1307584170257876
23349,202611,0,0.22763252225012592
23351,202611,0,0.1410962569345426
23352,202611,0,0.2131927869337653
23353,202611,0,0.4236000404048797
23354,202611,0,0.1474457535814344
23355,202611,1,0.18024185187390737
23356,202611,0,0.2363374622574905
23357,202611,0,0.14301380787359222
23359,202611,0,0.12780145694637451
23360,202611,1,0.13983834243277998
23361,202611,0,0.17493176836227783
23362,202611,1,0.13958851324157848
23364,202611,0,0.22000064773995773
23365,202611,0,0.12432411762802063
23366,202611,0,0.23560375226216237
23367,202611,0,0.13878983319882227
23368,202611,0,0.15827202041377642
23369,202611,0,0.1862443180970723
23371,202611,0,0.15407243813062416
23372,202611,0,0.13833774566089094
23373,202611,0,0.14344517172673948
23376,202611,1,0.13407021949762443
23377,202611,0,0.13992903515264846
23378,202611,0,0.13145736331180222
23379,202611,1,0.14323162675974052
23380,202611,1,0.3094888508189531
23383,202611,1,0.1525001563423413
23385,202611,0,0.14614438762755494
23387,202611,0,0.058246449347839985
23388,202611,0,0.21607926361561625
23389,202611,1,0.3434490677813105
23392,202611,0,0.0643608617674709
23394,202611,0,0.3210186376063192
23395,202611,0,0.14472749670901044
23397,202611,0,0.26063210741743165
23398,202611,0,0.061998946149603766
23399,202611,0,0.14221335143347724
23401,202611,0,0.14912016783801385
23402,202611,0,0.1421153679187588
23404,202611,0,0.17190289004640483
23406,202611,1,0.15023948784770108
23407,202611,0,0.23315699983179095
23409,202611,0,0.14622675895274442
23410,202611,0,0.13831330442307352
23411,202611,0,0.05012275516513452
23412,202611,0,0.1497023869949453
23413,202611,0,0.09211006776784213
23415,202611,0,0.14656845752020625
23416,202611,0,0.13637511931637475
23417,202611,0,0.1258667241317149
23419,202611,0,0.12611703477540653
23421,202611,0,0.06841651619847178
23422,202611,0,0.12693251998611918
23423,202611,0,0.14281205730348026
23425,202611,1,0.1457302354926226
23426,202611,0,0.14066019031444096
23427,202611,0,0.1362926832525987
23428,202611,0,0.1660539200814245
23430,202611,0,0.18934601417279043
23431,202611,0,0.13013100049610282
23432,202611,0,0.13547890863099543
23433,202611,0,0.10796449168960792
23434,202611,1,0.2540920489805829
23435,202611,0,0.059742815080866776
23436,202611,0,0.19373697478308308
23437,202611,1,0.13823738681568515
23438,202611,0,0.14883683917977444
23439,202611,0,0.05149411641734187
23440,202611,0,0.13950903994039265
23441,202611,0,0.06565887742932325
23442,202611,0,0.12554248040464988
23443,202611,0,0.19613673881011723
23444,202611,0,0.14155340351067822
23446,202611,1,0.17800738400832924
23447,202611,0,0.06662339133802564
23448,202611,1,0.24005855033679036
23449,202611,1,0.15608715551484068
23450,202611,0,0.14050875768536844
23451,202611,1,0.1350376041026434
23452,202611,0,0.1343240370431706
23453,202611,0,0.1481597862158915
23454,202611,0,0.14378116871980673
23455,202611,0,0.06162869525718449
23456,202611,0,0.058610519838528725
23457,202611,0,0.1439123398807477
23459,202611,0,0.13698245022718522
23461,202611,1,0.2575704378865104
23462,202611,0,0.1534224297791782
23463,202611,0,0.23584272667969822
23464,202611,1,0.14335094246760807
23466,202611,0,0.1387141626075691
23468,202611,0,0.1468831125595295
23469,202611,0,0.1288660501009158
23470,202611,0,0.15402540748329546
23471,202611,0,0.21842536857692726
23472,202611,0,0.25341343863326027
23473,202611,0,0.1526189328073638
23474,202611,0,0.26182695881678086
23475,202611,1,0.3269691426762558
23476,202611,0,0.16036866477944045
23477,202611,0,0.132170092470712
23478,202611,0,0.16750248179656477
23479,202611,0,0.2735413361326189
23480,202611,0,0.1755908758219038
23481,202611,0,0.13609549277755173
23482,202611,0,0.1433997654265712
23483,202611,0,0.23236401312809576
23484,202611,0,0.14519927819976444
23486,202611,0,0.15628810554658365
23487,202611,0,0.1334563435648787
23488,202611,0,0.13794765646069257
23489,202611,0,0.1332069745085169
23490,202611,0,0.24709056282845998
23492,202611,0,0.13277320739958515
23493,202611,0,0.033862027854955415
23494,202611,0,0.24993308783342252
23495,202611,0,0.3504242161977847
23496,202611,0,0.1452328751947643
23497,202611,0,0.13530351773274296
23498,202611,0,0.06581969395086283
23499,202611,0,0.11397840425762913
23500,202611,0,0.12214326192495331
23501,202611,0,0.05123356152573653
23504,202611,0,0.15542903056014207
23505,202611,0,0.16182757439651507
23506,202611,0,0.13192178511750954
23507,202611,0,0.2376087289986648
23508,202611,0,0.13770566925408143
23509,202611,0,0.12426966385425285
23512,202611,1,0.22490768067713057
23513,202611,1,0.13196727525517904
23514,202611,0,0.13524528581577122
23515,202611,0,0.060236056031413264
23516,202611,0,0.073475623420525
23517,202611,0,0.2419395655893018
23518,202611,1,0.23189148995870132
23519,202611,0,0.24974425567253775
23520,202611,0,0.12926997532511447
23521,202611,0,0.12728682264699703
23522,202611,1,0.2261407726362265
23523,202611,0,0.13164910268671967
23524,202611,0,0.1295984711834089
23525,202611,0,0.14481276724019962
23526,202611,0,0.13542507601325016
23527,202611,1,0.2394844777857151
23528,202611,0,0.14424875987015762
23529,202611,0,0.12744227194586796
23530,202611,0,0.14802315868693447
23531,202611,0,0.15170103143951577
23532,202611,0,0.03428694963369692
23533,202611,0,0.04531631777824358
23534,202611,0,0.03486240891984561
23535,202611,0,0.12399325636131833
23538,202611,0,0.1100906357743043
23540,202611,0,0.0662740827731324
23542,202611,0,0.05410585859736955
23543,202611,1,0.3229394903578841
23544,202611,0,0.15625076531917056
23545,202611,1,0.1223863591203585
23548,202611,1,0.26794161564884345
23550,202611,0,0.23857134788438053
23551,202611,0,0.2126873185459156
23552,202611,0,0.21687193129834184
23553,202611,0,0.13835784217264874
23554,202611,0,0.15892123724283427
23555,202611,1,0.12909710451654507
23556,202611,0,0.1362041468819176
23557,202611,0,0.19268854138636068
23560,202611,0,0.14260470137918424
23561,202611,0,0.13043420001197042
23564,202611,0,0.1379130082628887
23565,202611,0,0.1438647145160134
23566,202611,0,0.13394258883099822
23568,202611,0,0.23953081901078727
23569,202611,0,0.03410669776362774
23570,202611,1,0.13617434420573377
23571,202611,0,0.15342449380174525
23572,202611,0,0.048065171615428344
23573,202611,0,0.13224719125427248
23574,202611,0,0.1350304498339855
23575,202611,0,0.12465050148692416
23576,202611,0,0.15181468394805533
23577,202611,0,0.1390215962978341
23578,202611,0,0.23968000540867945
23579,202611,1,0.13278859795990383
23581,202611,0,0.23683452500019775
23582,202611,0,0.1316457011930796
23583,202611,0,0.14658964191843948
23584,202611,0,0.14066721441586133
23585,202611,0,0.1016389263693418
23586,202611,0,0.14653559959344947
23587,202611,1,0.06386647636041579
23588,202611,1,0.25912152015059625
23589,202611,1,0.1706329529069733
23590,202611,0,0.10703940218090949
23591,202611,1,0.05947377504756792
23592,202611,0,0.06331816911786636
23593,202611,0,0.13324019880011445
23595,202611,1,0.3642811558097265
23596,202611,0,0.14284258000157746
23598,202611,0,0.17090071634867932
23599,202611,0,0.11938250534882114
23602,202611,0,0.1414181634039139
23603,202611,0,0.26865286246726894
23604,202611,0,0.21901446806179503
23606,202611,0,0.12179057747457665
23607,202611,0,0.13134554780983765
23608,202611,0,0.1008433446262111
23609,202611,0,0.25826570471554616
23610,202611,0,0.15491737645619852
23611,202611,0,0.07060724707957901
23612,202611,0,0.06646806238981003
23614,202611,0,0.062431929769692786
23615,202611,0,0.13046400137979086
23616,202611,0,0.1293184196280264
23617,202611,1,0.14981795824627023
23618,202611,0,0.16154480509082605
23619,202611,0,0.14424443696886594
23621,202611,0,0.13974974125772718
23622,202611,0,0.1325380483142102
23625,202611,0,0.1319089683976455
23626,202611,0,0.13663494488972697
23627,202611,1,0.17203002183650234
23628,202611,1,0.12943818196611726
23629,202611,0,0.14654978392314322
23632,202611,0,0.1418253351210768
23633,202611,0,0.13184564339034102
23634,202611,0,0.13573166376255533
23636,202611,0,0.1388961655270496
23638,202611,1,0.23160899141872024
23641,202611,1,0.16030000008577047
23642,202611,0,0.14616412189689304
23643,202611,0,0.12967684544337818
23645,202611,0,0.1452347266113895
23646,202611,0,0.15087603782489806
23647,202611,0,0.16790528033368618
23648,202611,1,0.1520349083039416
23649,202611,0,0.236950143628341
23650,202611,1,0.14491109615083747
23651,202611,0,0.16639388229783575
23652,202611,0,0.12740432450547995
23653,202611,0,0.06872686797269434
23654,202611,0,0.3470254015045568
23655,202611,0,0.1579225426992723
23656,202611,0,0.14951152918265298
23657,202611,1,0.11615304823177224
23658,202611,1,0.12666691207504624
23659,202611,0,0.14088383043931965
23660,202611,1,0.13301808457115696
23661,202611,0,0.05070867479234086
23662,202611,0,0.13338419691288197
23663,202611,0,0.16475546800092575
23664,202611,0,0.1381416048729017
23665,202611,0,0.1397327915373167
23666,202611,0,0.16875327499119377
23667,202611,0,0.1319645486279897
23668,202611,0,0.058591707461807675
23669,202611,0,0.15227123661031253
23670,202611,0,0.13701703409120183
23671,202611,0,0.1513041748804613
23672,202611,1,0.15739706535486384
23673,202611,0,0.12863018197369452
23674,202611,0,0.13219813139855255
23675,202611,0,0.13254417149646913
23676,202611,0,0.22660866305943939
23677,202611,1,0.23150715353300963
23679,202611,0,0.22473579656581022
23680,202611,0,0.13604336006944331
23681,202611,0,0.13892321745887568
23684,202611,0,0.3443759014392568
23686,202611,0,0.1407076718526296
23687,202611,0,0.12494343124240673
23688,202611,0,0.034119674753836045
23689,202611,0,0.14886524382130809
23691,202611,1,0.12951686138002108
23692,202611,0,0.3496111470943712
23693,202611,0,0.12914421683478178
23694,202611,0,0.16740663031315828
23695,202611,1,0.2236325194696025
23696,202611,0,0.13529883745320545
23697,202611,0,0.14230668282442083
23698,202611,0,0.1425790589776551
23700,202611,0,0.1265176308102277
23701,202611,0,0.16847645110295803
23703,202611,0,0.17620643926355484
23704,202611,0,0.1252938596285433
23705,202611,1,0.25373272082151827
23706,202611,0,0.052288693366125114
23707,202611,0,0.14979976704980205
23710,202611,1,0.17875177979391765
23711,202611,0,0.13409886370109778
23713,202611,0,0.33076346688846636
23714,202611,0,0.13707924236581356
23715,202611,1,0.21972686198829067
23716,202611,0,0.1198090411384257
23719,202611,0,0.14757653285996253
23721,202611,0,0.14208197432068936
23722,202611,0,0.1653883160613427
23723,202611,0,0.14684571517521347
23724,202611,0,0.12881860664805828
23726,202611,0,0.03455231180182849
23728,202611,0,0.12340435043289612
23729,202611,0,0.23421435944473426
23730,202611,0,0.42707917703414733
23731,202611,0,0.12979384260713672
23733,202611,0,0.12956992617640972
23734,202611,1,0.14899451344187484
23735,202611,0,0.1362122097071298
23736,202611,0,0.07848676239796529
23737,202611,0,0.08656510591416523
23738,202611,0,0.23186993581302587
23740,202611,0,0.1414882711715145
23742,202611,0,0.141976206501975
23743,202611,0,0.22573551030424063
23744,202611,0,0.11278636895566797
23745,202611,0,0.23942023057367945
23748,202611,0,0.1467080543086097
23749,202611,0,0.33343009490362135
23751,202611,0,0.21935619788717567
23752,202611,0,0.24719721231129932
23753,202611,0,0.1344871051898066
23754,202611,0,0.15052933991427792
23755,202611,0,0.07236921379776656
23756,202611,0,0.1344666802371394
23758,202611,0,0.13388474129882863
23759,202611,0,0.2345486903374199
23760,202611,0,0.1369135004979923
23761,202611,0,0.2778413076629326
23762,202611,1,0.23718690973239911
23763,202611,0,0.0709384478577992
23764,202611,0,0.22662136862269405
23765,202611,0,0.1445989299599067
23766,202611,1,0.16178122007287857
23767,202611,0,0.1379482407886482
23768,202611,0,0.13985790590996044
23769,202611,0,0.13573829379496014
23771,202611,0,0.18865524796685815
23772,202611,0,0.1241055216500239
23773,202611,0,0.0702250667525938
23774,202611,0,0.2525920218045952
23775,202611,0,0.0541104079299543
23776,202611,0,0.10410115123368684
23777,202611,0,0.03223661862440956
23778,202611,1,0.14010113248793943
23779,202611,0,0.10614106415878705
23780,202611,0,0.08051055877337307
23781,202611,1,0.11829310336987142
23782,202611,0,0.12971514661964248
23783,202611,0,0.15159381319451162
23785,202611,0,0.2343422649944325
23787,202611,1,0.07048293221891039
23788,202611,0,0.11689773817644897
23789,202611,1,0.23956949332427305
23790,202611,0,0.1580112375607028
23791,202611,0,0.12416802488922732
23792,202611,1,0.3207558393407737
23793,202611,0,0.15062294968071216
23794,202611,0,0.2149247699587764
23795,202611,0,0.13333696569073858
23796,202611,0,0.14765132060918668
23797,202611,0,0.14079146080697663
23798,202611,0,0.031009894872703853
23799,202611,0,0.12691295523025117
23800,202611,0,0.23416693684817017
23801,202611,0,0.12905631111684532
23803,202611,0,0.12715600642996308
23804,202611,0,0.07711602828067121
23806,202611,0,0.13337209899346736
23807,202611,0,0.17339949039650954
23808,202611,0,0.07477476428026193
23809,202611,0,0.13620227006178365
23810,202611,0,0.20854129458654705
23813,202611,1,0.14400395223605295
23815,202611,0,0.1577591704943047
23816,202611,0,0.1449834438216216
23818,202611,0,0.12924102716092795
23819,202611,0,0.3729764830126404
23821,202611,0,0.13782281985341752
23822,202611,1,0.3367590480283509
23823,202611,0,0.1313885239596027
23824,202611,0,0.1378191848524687
23825,202611,0,0.15304150654755763
23828,202611,1,0.26596433815632
23829,202611,0,0.13283337402570153
23830,202611,0,0.16029858741930036
23831,202611,0,0.050084118288800675
23832,202611,0,0.1294152460405071
23833,202611,0,0.21103210732858776
23834,202611,1,0.21904672173855802
23835,202611,0,0.13074401238141423
23836,202611,0,0.13654229409926533
23837,202611,0,0.13557218650074843
23839,202611,0,0.08132341434938394
23842,202611,1,0.23377157028528556
23843,202611,0,0.21374023121298244
23844,202611,0,0.13961007213623414
23846,202611,0,0.14681952217472696
23847,202611,0,0.14020796156834142
23848,202611,0,0.1375422756766148
23849,202611,1,0.2319030723879478
23850,202611,1,0.3563129184171665
23851,202611,1,0.19084247135480054
23852,202611,0,0.16499897831951144
23853,202611,0,0.1428888501105863
23854,202611,0,0.12838186667053839
23856,202611,0,0.12715808566216866
23858,202611,0,0.13696922166016567
23859,202611,0,0.35342628930763453
23861,202611,0,0.14248455759944398
23863,202611,0,0.15260472236858422
23864,202611,0,0.133497759621193
23865,202611,0,0.14112921211813725
23866,202611,0,0.1316808690738072
23867,202611,0,0.12539481767776572
23868,202611,0,0.1446940151473877
23869,202611,0,0.03963638377428671
23872,202611,0,0.14685452382960362
23875,202611,0,0.1245091203764943
23876,202611,0,0.13375358467238366
23877,202611,1,0.13119758768925494
23878,202611,0,0.17116803451497023
23879,202611,0,0.1091013128563909
23880,202611,0,0.23622894772794414
23881,202611,0,0.14053218210877444
23883,202611,0,0.14724897496488684
23884,202611,0,0.14009828876032474
23885,202611,0,0.16332603303547488
23888,202611,1,0.16290840695989742
23889,202611,0,0.22696863053153893
23890,202611,0,0.14130461392109972
23891,202611,0,0.14835350640848916
23892,202611,0,0.14127283011015757
23893,202611,0,0.1617861477437432
23894,202611,0,0.1472678239793493
23895,202611,0,0.12163145170826078
23896,202611,0,0.10179948992403108
23897,202611,0,0.13339928503332577
23898,202611,0,0.16593921540420054
23899,202611,0,0.059052335678821344
23900,202611,0,0.07949886813916397
23901,202611,0,0.1361505314501507
23902,202611,1,0.13996903669316177
23903,202611,1,0.13644324495221383
23904,202611,0,0.1472565281079501
23905,202611,1,0.15174736263422273
23906,202611,0,0.2478132667442061
23907,202611,1,0.24124843642671345
23908,202611,0,0.1548703713008308
23909,202611,0,0.1414792471326052
23910,202611,0,0.24113768344932598
23911,202611,0,0.15724768715292828
23912,202611,0,0.13281258291740602
23913,202611,0,0.1576978099318612
23914,202611,0,0.2168078825014559
23915,202611,0,0.18084950307432127
23916,202611,0,0.18504583072008918
23917,202611,0,0.14239903106438184
23918,202611,0,0.10486981080882
23919,202611,0,0.23468337039281958
23920,202611,0,0.12781034004248457
23921,202611,0,0.13345041065036145
23922,202611,0,0.22586145232035443
23923,202611,0,0.22834420427418392
23924,202611,0,0.14574175056706845
23925,202611,1,0.13587834957821557
23926,202611,0,0.13054858546900164
23927,202611,1,0.4012542151353325
23928,202611,0,0.22868972358288778
23929,202611,0,0.2362181390730732
23930,202611,0,0.15456805578335564
23931,202611,0,0.0706278727115094
23932,202611,0,0.12549771139869612
23933,202611,0,0.12684738442184773
23934,202611,1,0.1323311395056759
23935,202611,0,0.14083380644294038
23936,202611,0,0.10900111676385438
23937,202611,0,0.1280358836161797
23938,202611,0,0.23847565914675262
23939,202611,0,0.142006380820626
23940,202611,0,0.3451026543589091
23941,202611,0,0.13295378303671812
23942,202611,0,0.1397000891957066
23943,202611,0,0.06365504762672794
23944,202611,1,0.34026480145309623
23945,202611,0,0.15012043258429308
23946,202611,0,0.12096810195110878
23947,202611,0,0.1325417022800882
23948,202611,0,0.3239900486721906
23949,202611,0,0.15720612337514328
23950,202611,0,0.1335283504440154
23951,202611,0,0.13213847942305296
23952,202611,1,0.1350550149249579
23953,202611,0,0.13381594014424253
23954,202611,1,0.40260477476707335
23955,202611,0,0.05523904482445652
23956,202611,0,0.15577104843557357
23957,202611,0,0.22585183598311928
23958,202611,0,0.13302313788863213
23959,202611,0,0.3415710897284122
23960,202611,0,0.13834748581608464
23961,202611,0,0.15356592914704167
23962,202611,0,0.12558083218207586
23963,202611,0,0.13785069242023346
23964,202611,1,0.3686219589587768
23965,202611,0,0.14083426437989768
23966,202611,0,0.034765454259711635
23967,202611,0,0.1513248787591897
23968,202611,0,0.06481476316808263
23969,202611,0,0.09826124724151705
23970,202611,0,0.24753496632445002
23971,202611,0,0.1561737248819894
23972,202611,0,0.2328744541946342
23973,202611,0,0.13333176839832325
23974,202611,0,0.16683865957143662
23975,202611,0,0.05764560016957823
23976,202611,1,0.23937370753358017
23977,202611,0,0.12739623588647314
23978,202611,0,0.13065851511723314
23979,202611,0,0.16975057933018026
23980,202611,0,0.14790719135620428
23981,202611,0,0.12451263072226934
23982,202611,0,0.14984877293312765
23983,202611,0,0.05183218598924694
23984,202611,0,0.06488970649109926
23985,202611,0,0.16367955776425314
23986,202611,1,0.22424152940964076
23987,202611,0,0.2797330945500095
23988,202611,1,0.12927158171890113
23989,202611,0,0.14657846522127074
23990,202611,0,0.27311488355493796
23991,202611,0,0.23189582732455666
23992,202611,0,0.12678529642883407
23993,202611,0,0.12791660612104894
23994,202611,0,0.11808022744936063
23995,202611,0,0.2478893427438556
23996,202611,0,0.23133167492888096
23997,202611,1,0.12671693234878142
23998,202611,0,0.13576399867624397
23999,202611,0,0.07919289656346372
24000,202611,0,0.1253270089573681
24001,202611,0,0.22217621334764107
24002,202611,0,0.1538927139149616
24003,202611,0,0.12407590363765375
24004,202611,0,0.06077486241328901
24005,202611,0,0.1411956316576259
24006,202611,0,0.18034859624123242
24007,202611,0,0.13450961034984082
24008,202611,0,0.15916323975778954
24009,202611,1,0.3422213324088751
24010,202611,0,0.14117266565220588
24011,202611,1,0.15159255182038675
24012,202611,0,0.1347580443741906
24013,202611,1,0.16130768130213996
24014,202611,0,0.22127659365190858
24015,202611,0,0.35948569757965754
24016,202611,0,0.3301994246350596
24017,202611,1,0.14091428479852885
24018,202611,0,0.14883805112198195
24019,202611,0,0.14252154324319352
24020,202611,0,0.235350484756269
24021,202611,0,0.13972732502649005
24022,202611,0,0.24380851572650203
24023,202611,1,0.12999431906254907
24024,202611,0,0.14604560285612486
24025,202611,1,0.12623148072231755
24026,202611,0,0.1930443042386484
24027,202611,1,0.1387211643183517
24028,202611,0,0.12592337075156576
24029,202611,0,0.13438990116827337
24030,202611,0,0.15445332034994966
24031,202611,0,0.15036968568640738
24032,202611,1,0.14148434838632992
24033,202611,0,0.05214807770053794
24034,202611,0,0.3638044660468736
24035,202611,0,0.24915595410113417
24036,202611,0,0.12828700265824544
24037,202611,1,0.1226897650671467
24038,202611,0,0.1319848566954092
24039,202611,0,0.14095897689795014
24040,202611,0,0.07320108401659424
24041,202611,0,0.12565504091017207
24042,202611,1,0.07180498113042577
24043,202611,0,0.2427876532307535
24044,202611,1,0.2522559504869954
24045,202611,0,0.24554264780456242
24046,202611,0,0.1412808058519895
24047,202611,0,0.18626736524820717
24048,202611,0,0.23643155097368596
24049,202611,0,0.23193471795606682
24050,202611,0,0.35860092409601724
24051,202611,1,0.23455806474217855
24052,202611,1,0.12715266466476846
24053,202611,0,0.03412457765317713
24054,202611,0,0.03894114672700765
24055,202611,0,0.1489217407013694
24056,202611,1,0.14855179315628872
24057,202611,0,0.15245384345743557
24058,202611,1,0.13817737057402957
24059,202611,0,0.13995983997299083
24060,202611,0,0.166606433324898
24061,202611,0,0.1533634121435657
24062,202611,0,0.1593694921234697
24063,202611,0,0.15542903056014207
24064,202611,0,0.3338402631658813
24065,202611,0,0.2324950877696359
24066,202611,0,0.12584410091712658
24067,202611,0,0.05457295660456455
24068,202611,0,0.16423852955176121
24069,202611,1,0.1455953156735371
24070,202611,0,0.16325721327450463
24071,202611,0,0.12556829988684948
24072,202611,0,0.22704256726101402
24073,202611,0,0.05397131960198199
24074,202611,1,0.2264599712516135
24075,202611,1,0.12625050839198615
24076,202611,0,0.12616695547923373
24077,202611,0,0.13441479917088167
24078,202611,0,0.12833665771350233
24079,202611,0,0.125552519372885
24080,202611,0,0.12527374100239808
24081,202611,0,0.14852375681230387
24082,202611,0,0.053594958909724974
24083,202611,0,0.11970599600119827
24084,202611,1,0.13425303127285385
24085,202611,0,0.14697564447425598
24086,202611,0,0.13767100794540207
24087,202611,0,0.14523036605311873
24088,202611,0,0.14567959775067074
24089,202611,0,0.12743441758363153
24090,202611,0,0.38635923193304733
24091,202611,1,0.16437414856374702
24092,202611,0,0.12302163239978925
24093,202611,0,0.14430816816150452
24094,202611,0,0.0326514229579871
24095,202611,1,0.13526052309194325
24096,202611,0,0.13525577287847465
24097,202611,0,0.16037481977277895
24098,202611,0,0.13987195240485711
24099,202611,0,0.1266299179283521
24100,202611,0,0.1377319822676414
24101,202611,0,0.14744440734774944
24102,202611,0,0.23743964766364592
24103,202611,0,0.13693826132177722
24104,202611,0,0.14601411093841918
24105,202611,0,0.11928375729125766
24106,202611,0,0.14751847678369637
24107,202611,0,0.14679327001330458
24108,202611,0,0.12578264050884622
24109,202611,0,0.15446908961309402
24110,202611,0,0.05497657691249688
24111,202611,0,0.1367656681451936
24112,202611,0,0.14413162457068468
24113,202611,0,0.0634053747724184
24114,202611,0,0.13697221251835864
24115,202611,0,0.15428684313924818
24116,202611,0,0.06546609062182335
24117,202611,0,0.149113248109925
24118,202611,0,0.13413731299865317
24119,202611,0,0.3324135688956874
24120,202611,0,0.11256951967603764
24121,202611,1,0.06249585600127087
24122,202611,0,0.057107016669150974
24123,202611,0,0.1254940124624061
24124,202611,0,0.15666682756666125
24125,202611,1,0.11922602045853632
24126,202611,0,0.16235003621564773
24127,202611,0,0.23715413420952272
24128,202611,0,0.32442567037250797
24129,202611,0,0.12723162472150154
24130,202611,0,0.14209262437079428
24131,202611,0,0.03386245919412168
24132,202611,0,0.3619254287997039
24133,202611,0,0.05348667436582261
24134,202611,1,0.12819554598233698
24135,202611,0,0.1527774152532864
24136,202611,0,0.08726051859703995
24137,202611,0,0.13628707649851343
24138,202611,0,0.23175355452464041
24139,202611,0,0.13817392444472576
24140,202611,0,0.12796664148879008
24141,202611,0,0.061229986768631624
24142,202611,1,0.15658628090746665
24143,202611,0,0.24304879765224147
24144,202611,0,0.14135146278695795
24145,202611,0,0.15067987098911187
24146,202611,0,0.05925996924024722
24147,202611,0,0.16244258744531936
24148,202611,0,0.23183114477762995
24149,202611,0,0.12941230928888778
24150,202611,0,0.18401689208947575
24151,202611,0,0.13325042928737663
24152,202611,0,0.16634617307108823
24153,202611,0,0.12401520098587122
24154,202611,0,0.1379511465943379
24155,202611,0,0.12438293435253554
24156,202611,0,0.13063783069954182
24157,202611,0,0.1409548428246742
24158,202611,0,0.22591013440523833
24159,202611,0,0.2370616132330315
24160,202611,0,0.21477935510571358
24161,202611,0,0.1398343539610966
24162,202611,0,0.06188976510356934
24163,202611,0,0.13666065239074107
24164,202611,1,0.16356164397774184
24165,202611,1,0.18051786578234738
24166,202611,0,0.38808637142969166
24167,202611,0,0.1388130832160801
24168,202611,0,0.22275560966410626
24169,202611,0,0.16104428677188226
24170,202611,1,0.23022887985280624
24171,202611,1,0.14514904877844687
24172,202611,0,0.1601280658984989
24173,202611,0,0.13915563955466426
24174,202611,0,0.06648737678110354
24175,202611,1,0.2237149379912858
24176,202611,1,0.1464807548334877
24177,202611,0,0.061623350991750946
24178,202611,0,0.3422785546934886
24179,202611,1,0.16647428928755853
24180,202611,0,0.31987499844287015
24181,202611,0,0.15766824375009433
24182,202611,0,0.14318306700834602
24183,202611,0,0.16492338829148925
24184,202611,0,0.15095950077359455
24185,202611,0,0.05297154303817314
24186,202611,1,0.25009023373579575
24187,202611,0,0.15867475305862433
24188,202611,1,0.17703136853931753
24189,202611,0,0.14307139632593832
24190,202611,0,0.35993975469400774
24191,202611,0,0.16719226448707347
24192,202611,1,0.32633683548047293
24193,202611,0,0.056050187348421314
24194,202611,1,0.2252632657628613
24195,202611,0,0.2551165793428264
24196,202611,0,0.1363067963370045
24197,202611,1,0.13485820042278845
24198,202611,0,0.14409308852333946
24199,202611,1,0.12161453793859706
24200,202611,0,0.3486508481949568
24201,202611,0,0.20623014317288013
24202,202611,1,0.16420195667730647
24203,202611,0,0.13300629650353668
24204,202611,0,0.15758667043252306
24205,202611,1,0.14464451550453042
24206,202611,0,0.15303849694988705
24207,202611,0,0.23048595085024606
24208,202611,0,0.14357777432563304
24209,202611,0,0.1432691002008104
24210,202611,0,0.12137675495437378
24211,202611,1,0.13104809225116995
24212,202611,0,0.12931406797587863
24213,202611,0,0.16986051397698215
24214,202611,0,0.13935405466164139
24215,202611,0,0.1592713490709922
24216,202611,0,0.2893691021806769
24217,202611,1,0.25910831687959834
24218,202611,1,0.1284641890024879
24219,202611,0,0.12669637526796504
24220,202611,0,0.14746233891302465
24221,202611,1,0.33738450076060694
24222,202611,1,0.3683334667390343
24223,202611,0,0.22514122059649033
24224,202611,0,0.1300809364252216
24225,202611,0,0.13408237799772307
24226,202611,0,0.23924837630674692
24227,202611,0,0.11658502222697091
24228,202611,0,0.11590202686922979
24229,202611,0,0.15385573303726066
24230,202611,0,0.1391386811376697
24231,202611,0,0.22137914892005192
24232,202611,0,0.0572870596786915
24233,202611,0,0.12122677707809797
24234,202611,0,0.12385510996465027
24235,202611,0,0.07723476387921338
24236,202611,0,0.36323793036018426
24237,202611,0,0.13211080633730826
24238,202611,1,0.16323475688723824
24239,202611,0,0.15810775928492696
24240,202611,1,0.13925069262891124
24241,202611,0,0.14366460465932648
24242,202611,0,0.057851582809735465
24243,202611,1,0.15454788585355
24244,202611,0,0.17370335509450915
24245,202611,0,0.2535867029848793
24246,202611,0,0.1482391440397971
24247,202611,1,0.13057759618233494
24248,202611,0,0.1509873904611647
24249,202611,0,0.14196525686908837
24250,202611,0,0.21593830778641343
24251,202611,0,0.12967518053208174
24252,202611,0,0.1238784209869255
24253,202611,0,0.1324494655335841
24254,202611,1,0.12948148049800343
24255,202611,0,0.22916946661153842
24256,202611,1,0.14701310998144415
24257,202611,0,0.12738827981580977
24258,202611,1,0.40601105881531024
24259,202611,0,0.13672267307476677
24260,202611,0,0.13770924734553655
24261,202611,0,0.1493345202935687
24262,202611,1,0.2399821135963585
24263,202611,0,0.13970634341486035
24264,202611,0,0.13618491620374953
24265,202611,0,0.12472925478631591
24266,202611,0,0.13982580491835953
24267,202611,0,0.14087296137901018
24268,202611,0,0.3391885500726973
24269,202611,1,0.13214505017375808
24270,202611,0,0.15225256201496762
24271,202611,0,0.16638645243448622
24272,202611,0,0.10660476030959666
24273,202611,1,0.33093858303243096
24274,202611,0,0.24276404908531898
24275,202611,0,0.14618118582868903
24276,202611,1,0.12300025782456905
24277,202611,0,0.17115541034576895
24278,202611,0,0.07028095870035467
24279,202611,1,0.1534016788741629
24280,202611,0,0.1316287815192812
24281,202611,0,0.1403877630528353
24282,202611,1,0.14452026092515513
24283,202611,0,0.1506924077465676
24284,202611,1,0.3359879924064038
24285,202611,1,0.23769627517208392
24286,202611,0,0.1613077997819983
24287,202611,0,0.13373257883070078
24288,202611,0,0.1465631935057472
24289,202611,0,0.1445298551749167
24290,202611,1,0.3453058697299492
24291,202611,0,0.14496440759189916
24292,202611,0,0.1721007147868926
24293,202611,0,0.050451986384419376
24294,202611,1,0.12928849244558693
24295,202611,0,0.12638729808564517
24296,202611,0,0.1283527586299363
24297,202611,0,0.22894489346076713
24298,202611,0,0.29343499593528427
24299,202611,0,0.15311132973080227
24300,202611,0,0.1268334321294552
24301,202611,0,0.12739419614098182
24302,202611,0,0.1342039630129254
24303,202611,0,0.43283872961367736
24304,202611,0,0.28034787938469496
24305,202611,0,0.14781461079746422
24306,202611,0,0.14569004459004173
24307,202611,0,0.1252812301480819
24308,202611,0,0.1630562097383873
24309,202611,0,0.06834217263870053
24310,202611,0,0.14041250899327665
24311,202611,0,0.13522440265904026
24312,202611,0,0.12832391589160014
24313,202611,0,0.12896397780123445
24314,202611,0,0.13467919283539762
24315,202611,0,0.10491778363812553
24316,202611,0,0.13422239522833035
24317,202611,1,0.37481676304627376
24318,202611,0,0.0530635733968919
24319,202611,0,0.24017858876022566
24320,202611,0,0.14193786059484476
24321,202611,0,0.14890014255264208
24322,202611,0,0.26574325505911617
24323,202611,0,0.31004296644133883
24324,202611,0,0.13460000093203747
24325,202611,0,0.35516070363213065
24326,202611,1,0.24608591743833086
24327,202611,0,0.1462326334481659
24328,202611,1,0.12966278643009035
24329,202611,0,0.25873631476811243
24330,202611,0,0.14856418752335737
24331,202611,0,0.13971065099581548
24332,202611,0,0.13949666561277693
24333,202611,0,0.3402939563771224
24334,202611,0,0.12707817416766504
24335,202611,0,0.21401947370820135
24336,202611,1,0.12580860254867085
24337,202611,1,0.17861946048388327
24338,202611,0,0.15202527541112976
24339,202611,0,0.05336328161368113
24340,202611,0,0.12912903436324252
24341,202611,1,0.2552892005062492
24342,202611,1,0.1448557510904028
24343,202611,0,0.33995645564040555
24344,202611,0,0.06522427925613368
24345,202611,0,0.1376754065435814
24346,202611,0,0.13550890541594732
24347,202611,1,0.24861540568803314
24348,202611,0,0.2536003764628157
24349,202611,0,0.14058219458397492
24350,202611,1,0.16000130012970276
24351,202611,0,0.12710943031441396
24352,202611,0,0.22244774701402856
24353,202611,0,0.12241108105346239
24354,202611,0,0.33379296927967356
24355,202611,0,0.14359331001272296
24356,202611,0,0.14260470137918424
24357,202611,0,0.13804006524339396
24358,202611,0,0.23178269837669552
24359,202611,0,0.12705998164095053
24360,202611,1,0.21819931704642476
24361,202611,0,0.1441820444171478
24362,202611,0,0.11196918934938462
24363,202611,0,0.05881757239003619
24364,202611,0,0.12304612963400637
24365,202611,0,0.2354620869635371
24366,202611,1,0.15390025651077988
24367,202611,0,0.1370115793116822
24368,202611,0,0.03381084632850278
24369,202611,0,0.1246546145676861
24370,202611,1,0.12254263604493093
24371,202611,1,0.1572544041178264
24372,202611,0,0.15401378378202865
24373,202611,0,0.12212012266717172
24374,202611,0,0.12406524345510903
24375,202611,0,0.13439370565390188
24376,202611,1,0.23126953755337312
24377,202611,0,0.21482784554511325
24378,202611,0,0.11887234621197026
24379,202611,0,0.34924888432546214
24380,202611,0,0.1350621199591893
24381,202611,0,0.15900466902776897
24382,202611,0,0.12544530010418453
24383,202611,0,0.14573118651664424
24384,202611,0,0.06025499451308704
24385,202611,0,0.13390229933852593
24386,202611,0,0.0694503018820015
24387,202611,0,0.14449583395226026
24388,202611,0,0.14417437182061624
24389,202611,0,0.13913076058490628
24390,202611,0,0.06353950760056418
24391,202611,1,0.12648589339398292
24392,202611,0,0.1235787362978044
24393,202611,1,0.1322591640724868
24394,202611,0,0.1386335725744617
24395,202611,0,0.23578191240292992
24396,202611,0,0.4120350601919207
24397,202611,1,0.13359483901349187
24398,202611,0,0.1617925153994475
24399,202611,0,0.05110689030788405
24400,202611,0,0.05297914597333646
24401,202611,0,0.11586987712551929
24402,202611,0,0.11718685907943749
24403,202611,0,0.13540406963562115
24404,202611,0,0.129985435420531
24405,202611,0,0.15340983343110653
24406,202611,0,0.26125022474447185
24407,202611,0,0.14333989135478986
24408,202611,0,0.1350064811773148
24409,202611,0,0.15310882474734577
24410,202611,0,0.052880555096808966
24411,202611,0,0.09033486919702695
24412,202611,0,0.05764560016957823
24413,202611,0,0.05849982405876797
24414,202611,0,0.14261415894944554
24415,202611,1,0.17366268821948655
24416,202611,0,0.23124601684107768
24417,202611,0,0.17359477386487235
24418,202611,1,0.21911778582354088
24419,202611,0,0.12725361517607198
24420,202611,0,0.1301804926494306
24421,202611,0,0.06804649622162336
24422,202611,0,0.12735488920592333
24423,202611,1,0.046563446242434116
24424,202611,1,0.1240573205214589
24425,202611,0,0.27513850127536543
24426,202611,0,0.06774719808588849
24427,202611,0,0.2193941657852742
24428,202611,1,0.23448224157973402
24429,202611,0,0.1720013457634216
24430,202611,1,0.16634502336933238
24431,202611,1,0.057303671990734606
24432,202611,0,0.12416547446101119
24433,202611,0,0.13582973725334027
24434,202611,0,0.13783642483777783
24435,202611,0,0.35577679831878917
24436,202611,0,0.18605564232005214
24437,202611,0,0.12255547431931534
24438,202611,1,0.049334498889392536
24439,202611,0,0.14523065890211465
24440,202611,0,0.17431910104032713
24441,202611,0,0.15891018894585202
24442,202611,0,0.16734109276336082
24443,202611,0,0.12513224581224838
24444,202611,0,0.132227747481737
24445,202611,0,0.13900108604457978
24446,202611,0,0.13123828236196783
24447,202611,0,0.25128696374613513
24448,202611,1,0.14678201349578976
24449,202611,0,0.13482052755117097
24450,202611,0,0.12462498357226649
24451,202611,0,0.14765262106621874
24452,202611,0,0.14520529571697305
24453,202611,0,0.14549750792670138
24454,202611,0,0.05063755368990701
24455,202611,1,0.17421702640547004
24456,202611,0,0.1967171387958455
24457,202611,0,0.12400838648196477
24458,202611,0,0.14903408297862042
24459,202611,0,0.07150933976354859
24460,202611,0,0.34293761243235954
24461,202611,0,0.14359958961289723
24462,202611,0,0.13534733295714194
24463,202611,1,0.1431952301620977
24464,202611,0,0.13905902468758177
24465,202611,0,0.05513670049410148
24466,202611,0,0.12406550095534019
24467,202611,0,0.12238815175881272
24468,202611,0,0.1423456556492601
24469,202611,0,0.13046158554575632
24470,202611,1,0.052900243805539905
24471,202611,1,0.1294829366313559
24472,202611,1,0.15008265690585454
24473,202611,1,0.14044849451501756
24474,202611,0,0.1318947407778496
24475,202611,0,0.051842613040355486
24476,202611,0,0.1501040918320421
24477,202611,0,0.15810642121961424
24478,202611,0,0.247820967925733
24479,202611,1,0.17805417829376333
24480,202611,0,0.1460632882687525
24481,202611,0,0.150268623316625
24482,202611,1,0.3426628829177996
24483,202611,0,0.13783866397790465
24484,202611,0,0.12939614867459717
24485,202611,0,0.17365089068494646
24486,202611,0,0.22609838540695723
24487,202611,0,0.13864090914411314
24488,202611,0,0.12683214578333002
24489,202611,0,0.13182962286355393
24490,202611,1,0.16242265271968145
24491,202611,0,0.13386346046161096
24492,202611,0,0.22541917196929473
24493,202611,1,0.13718118477864527
24494,202611,0,0.03434819111438781
24495,202611,1,0.14353607210247069
24496,202611,0,0.1365127356076066
24497,202611,0,0.15811996101570672
24498,202611,1,0.27130639930875666
24499,202611,0,0.12775622463439845
24500,202611,1,0.2131631824198588
24501,202611,0,0.14095453856665757
24502,202611,0,0.23915015523830338
24503,202611,0,0.3366228383613606
24504,202611,0,0.2144482470697004
24505,202611,0,0.23485995233006818
24506,202611,0,0.1424928120819989
24507,202611,0,0.1331727786436768
24508,202611,0,0.07881599652709498
24509,202611,0,0.13405954212498558
24510,202611,0,0.15291926302311157
24511,202611,0,0.2294113589573893
24512,202611,0,0.05922862582129267
24513,202611,0,0.15008452754980003
24514,202611,0,0.13386014412139782
24515,202611,0,0.13664169962395104
24516,202611,1,0.11799999001377744
24517,202611,0,0.235705040169755
24518,202611,0,0.07241472384060327
24519,202611,1,0.1464629279143601
24520,202611,0,0.057530182005177566
24521,202611,0,0.07849871263339271
24522,202611,1,0.16570037899457196
24523,202611,0,0.14446698079098833
24524,202611,0,0.06129162012062276
24525,202611,1,0.1406745706903792
24526,202611,0,0.1304680866048875
24527,202611,0,0.13684427280217318
24528,202611,0,0.12784604206907904
24529,202611,1,0.12761832589045521
24530,202611,0,0.12306298830620105
24531,202611,0,0.15577165389664396
24532,202611,0,0.2393071885535812
24533,202611,0,0.17718243135799627
24534,202611,0,0.14272893037297743
24535,202611,0,0.22913131580397725
24536,202611,0,0.15345576274117484
24537,202611,1,0.13609216861876372
24538,202611,0,0.17359316173233186
24539,202611,0,0.1207603332693217
24540,202611,0,0.2677852432057725
24541,202611,0,0.14938875931193468
24542,202611,1,0.3719904308808791
24543,202611,0,0.18813658401663197
24544,202611,0,0.16056898865863897
24545,202611,1,0.12165800625896417
24546,202611,0,0.21024662721551532
24547,202611,0,0.2191218628546229
24548,202611,0,0.12417898996288805
24549,202611,0,0.1389081671417491
24550,202611,0,0.3487716199555944
24551,202611,0,0.136824921044279
24552,202611,0,0.15637126528784787
24553,202611,1,0.15149794403528244
24554,202611,0,0.26145086962422076
24555,202611,0,0.22523422465158358
24556,202611,0,0.1259528474279122
24557,202611,1,0.1264766379564175
24558,202611,0,0.21868529593751085
24559,202611,0,0.3458629824778829
24560,202611,0,0.1386664860704821
24561,202611,0,0.1186108511871393
24562,202611,0,0.22403988406583308
24563,202611,0,0.21933951663591408
24564,202611,0,0.13820269930670478
24565,202611,1,0.12389509039986081
24566,202611,1,0.1492612148560614
24567,202611,0,0.13000250966149024
24568,202611,0,0.11916876046259416
24569,202611,0,0.15543950385520766
24570,202611,0,0.2272968781397915
24571,202611,0,0.15147772022694217
24572,202611,0,0.3227168628536662
24573,202611,0,0.2477094860506302
24574,202611,1,0.3308073854457367
24575,202611,0,0.2514099475305738
24576,202611,0,0.16938892776586634
24577,202611,0,0.14933234864084347
24578,202611,0,0.2874815560518558
24579,202611,0,0.08621115314347998
24580,202611,1,0.4204673663851402
24581,202611,0,0.13049241336948997
24582,202611,0,0.13462368215926007
24583,202611,0,0.13070358005966348
24584,202611,1,0.23310876607246567
24585,202611,1,0.1514500289191963
24586,202611,1,0.24860501548238975
24587,202611,0,0.14160925894017418
24588,202611,0,0.12944065195114787
24589,202611,0,0.155627620162401
24590,202611,1,0.14190252802401798
24591,202611,0,0.14795634103022787
24592,202611,0,0.05769135069651234
24593,202611,0,0.13724191991842313
24594,202611,0,0.16376314042279533
24595,202611,0,0.2370663620080054
24596,202611,0,0.13193393196221173
24597,202611,0,0.12640651461008315
24598,202611,1,0.1405258710048178
24599,202611,0,0.12204851832615642
24600,202611,0,0.13949337962375824
24601,202611,0,0.14909615754591765
24602,202611,1,0.13140302414299163
24603,202611,0,0.36252183970025864
24604,202611,0,0.13671972889712233
24605,202611,0,0.12995417754932334
24606,202611,1,0.2423553441180864
24607,202611,1,0.14219528801426504
24608,202611,0,0.13359932274411848
24609,202611,0,0.15608558549205742
24610,202611,0,0.11239755541831555
24611,202611,1,0.24805489446782975
24612,202611,1,0.23730042371079244
24613,202611,0,0.15058745886632657
24614,202611,0,0.15339272093024567
24615,202611,0,0.12089945615578714
24616,202611,0,0.06063519923184545
24617,202611,1,0.3384268208988853
24618,202611,0,0.245750902826058
24619,202611,0,0.15622803281771447
24620,202611,0,0.14900202890615855
24621,202611,0,0.11392128670094463
24622,202611,0,0.16548242077960398
24623,202611,0,0.15253282463789056
24624,202611,0,0.17568954879838894
24625,202611,0,0.15737433036446088
24626,202611,1,0.14390040441832416
24627,202611,1,0.1388660544950777
24628,202611,0,0.15434586414302437
