id_cliente,mes,objetivo,prediccion
2,202610,0,0.1452929656736032
3,202610,0,0.08427101931479608
7,202610,0,0.14916115585891376
8,202610,1,0.10311104169714772
10,202610,0,0.07855646367194881
11,202610,0,0.15093639254882393
12,202610,0,0.042100529594818796
14,202610,0,0.06021522940040901
16,202610,0,0.14042203973376305
25,202610,0,0.14217399351057952
32,202610,0,0.09060983800506452
38,202610,0,0.07702529242898529
42,202610,0,0.1600794409362192
48,202610,0,0.18493763492688256
53,202610,1,0.09807322454286417
55,202610,1,0.05534143362398716
63,202610,0,0.10290241884248666
65,202610,0,0.1183331991047443
66,202610,1,0.08011015976424465
70,202610,0,0.13642007208066267
74,202610,0,0.13558574360669007
76,202610,0,0.13303687291017496
83,202610,0,0.06286283983410801
90,202610,0,0.09977714640516826
97,202610,1,0.10351072182526529
98,202610,0,0.1714199327953347
102,202610,1,0.14869726235264596
104,202610,0,0.10049963966276154
107,202610,0,0.2544120798150171
118,202610,0,0.08051996722544769
121,202610,0,0.07780734902660683
122,202610,1,0.16117395417848004
124,202610,0,0.14801913600237104
125,202610,0,0.13923977761072687
126,202610,1,0.1280637786274004
137,202610,0,0.20923673242834503
138,202610,1,0.23992690847934242
143,202610,0,0.06544823243953458
144,202610,0,0.1539179668225251
147,202610,0,0.18427311850205635
157,202610,0,0.16344285856868138
163,202610,0,0.0972365923613832
165,202610,0,0.07796384906514368
167,202610,1,0.11147024240337364
173,202610,1,0.05124889168062706
177,202610,1,0.13543263173914977
197,202610,0,0.12532520836283154
203,202610,0,0.2281947686606552
205,202610,0,0.0853006251968016
206,202610,0,0.07172093177296045
209,202610,0,0.07380315064897343
228,202610,0,0.11760285293103963
231,202610,0,0.12712561570221256
237,202610,0,0.1462641615301362
242,202610,1,0.13442115437455002
243,202610,0,0.07463548533238584
247,202610,0,0.12256588849327087
249,202610,0,0.08395255545820428
253,202610,0,0.18414163578971082
256,202610,0,0.08626436241086065
261,202610,0,0.08044359239110367
263,202610,0,0.05658279552635187
272,202610,1,0.05339536361888182
275,202610,0,0.06737717171641135
279,202610,0,0.18068395747124444
280,202610,0,0.10715547819547189
288,202610,0,0.13183107298938393
292,202610,0,0.13853930089146646
297,202610,0,0.10309970934525071
299,202610,0,0.10252022963830389
300,202610,1,0.15821208134276377
302,202610,0,0.04530453654399667
304,202610,0,0.14537433854711332
305,202610,1,0.1258565006607695
308,202610,0,0.17881878572733975
312,202610,1,0.2179719090367858
317,202610,0,0.14794491168681592
318,202610,0,0.17209774277670423
319,202610,0,0.17104990051404628
321,202610,0,0.14001988026039253
323,202610,0,0.11159278610151402
325,202610,0,0.1835934150106172
339,202610,0,0.12689151266192114
340,202610,0,0.11243364769000427
347,202610,1,0.2518254258577899
353,202610,1,0.12588029796424588
355,202610,0,0.07491282029011988
359,202610,0,0.15506114124326606
368,202610,0,0.15912058344687757
371,202610,0,0.07403770853051954
378,202610,0,0.11375387281612627
388,202610,0,0.1032388749553357
389,202610,0,0.07547920865729936
390,202610,0,0.15540342421281567
392,202610,0,0.08954603013238197
400,202610,1,0.1523610545768462
403,202610,1,0.1341003057838539
404,202610,1,0.039052401838245016
409,202610,0,0.12501674094453935
412,202610,0,0.12013593858567179
420,202610,0,0.1749939533597225
422,202610,0,0.06353220673246547
425,202610,1,0.15289038420912116
428,202610,0,0.12426191156159515
429,202610,0,0.046411979884626364
430,202610,0,0.12177133339941525
434,202610,0,0.06555697550194366
437,202610,0,0.18525244045219838
440,202610,1,0.20438802329896663
443,202610,1,0.05801384153691924
445,202610,1,0.07968970209443206
447,202610,0,0.09756487561336316
461,202610,0,0.15685887036177212
464,202610,0,0.05150631297232741
466,202610,0,0.17037509428355446
468,202610,0,0.18855747106362972
470,202610,0,0.11550482337878151
473,202610,0,0.10834424307142879
474,202610,1,0.0797019097075354
475,202610,0,0.0503392394291439
476,202610,0,0.11474805025881935
477,202610,0,0.15015814875312192
480,202610,0,0.048894402471061714
483,202610,0,0.14779219118564846
487,202610,0,0.14699651312175457
489,202610,1,0.08539701841647979
495,202610,0,0.14058346258851231
496,202610,0,0.13591661567308846
497,202610,1,0.15883693285090897
499,202610,0,0.10096049704704482
502,202610,0,0.1188532361039543
504,202610,0,0.10548814191627578
508,202610,0,0.0652936948054197
514,202610,0,0.12723935949157833
515,202610,0,0.16611726710240654
538,202610,0,0.10494298448694027
548,202610,0,0.11602124446322007
551,202610,0,0.11442262748385218
553,202610,0,0.14320712072702854
560,202610,0,0.062211150911566114
564,202610,0,0.08530158929502259
567,202610,1,0.1869454132125784
570,202610,1,0.15937925889490578
572,202610,0,0.08329005954987921
577,202610,0,0.06001013943343747
578,202610,0,0.2030114383987309
579,202610,1,0.1503234608349796
591,202610,0,0.06400788762049912
593,202610,0,0.10696920890152097
603,202610,0,0.10611578762969555
604,202610,0,0.14170400686736714
606,202610,0,0.12132592274458437
614,202610,0,0.1684872217290517
616,202610,0,0.04761413721773754
622,202610,0,0.10955065953292212
623,202610,1,0.149830805940003
626,202610,0,0.05924650453101131
627,202610,1,0.1808724819349274
632,202610,0,0.053792160178788524
637,202610,0,0.06405365812593514
640,202610,0,0.12959001756955177
644,202610,0,0.11661282735437543
647,202610,0,0.07591269441313897
648,202610,0,0.048180993627907724
653,202610,0,0.16308771210123274
654,202610,0,0.07159369324041076
659,202610,0,0.16972018290659283
661,202610,0,0.07848509263631655
667,202610,1,0.17548607394773208
670,202610,0,0.0622485145434377
671,202610,0,0.07174619533828891
673,202610,0,0.11285396170645168
674,202610,0,0.0736728480058056
679,202610,0,0.12594611083715337
682,202610,0,0.1204358903556174
683,202610,0,0.15148421904887902
687,202610,0,0.1427874771956753
688,202610,0,0.08752931109021361
689,202610,0,0.15791833589733897
701,202610,0,0.06275392880341599
705,202610,0,0.12612834675011259
707,202610,0,0.07591656262571614
710,202610,0,0.08585076959179005
714,202610,0,0.12194342825541057
715,202610,1,0.08987126953788013
716,202610,0,0.10899587915421935
717,202610,0,0.1512799129124927
721,202610,0,0.1766227843459977
729,202610,0,0.09025592025383561
732,202610,0,0.11868728302658643
734,202610,0,0.1737766597987529
736,202610,0,0.1568010362032545
738,202610,1,0.10734782438436344
740,202610,0,0.18989119598797302
742,202610,0,0.06552443171377012
750,202610,0,0.12804098877400194
764,202610,0,0.11384063121083972
767,202610,0,0.0790233996427949
768,202610,0,0.1632578577928758
773,202610,0,0.059713685327490613
774,202610,0,0.15455901668497998
777,202610,0,0.06827010188026324
778,202610,0,0.1445732274052191
779,202610,1,0.09885132932801362
784,202610,0,0.14873287019829096
785,202610,0,0.1639983026032718
786,202610,0,0.14252704787605533
787,202610,0,0.26566257354310935
788,202610,0,0.1296217927197354
790,202610,0,0.09343854264955508
794,202610,0,0.07612650918784702
796,202610,0,0.11634643814847219
802,202610,0,0.061781598216083644
812,202610,0,0.0971502337598546
814,202610,0,0.054583966640481846
816,202610,0,0.07196135891663993
817,202610,0,0.15096303702182054
828,202610,1,0.17735603249648865
834,202610,0,0.11789560022847215
835,202610,0,0.17562126980238194
836,202610,0,0.0806633888741555
837,202610,0,0.1303354776330055
840,202610,0,0.07927208983255381
841,202610,0,0.10338797337056622
843,202610,1,0.1336718786026518
850,202610,0,0.07294828668164348
854,202610,0,0.08831416228156226
857,202610,0,0.1992401469130181
858,202610,0,0.087470228699375
859,202610,0,0.07503564072712372
864,202610,0,0.1647203399393898
869,202610,1,0.13475858514301697
883,202610,0,0.069033043718826
885,202610,1,0.08621116014093247
887,202610,0,0.07871130255142497
899,202610,1,0.2217182201973408
902,202610,0,0.16403896174494761
907,202610,1,0.1905576576862801
912,202610,0,0.15550579041512225
913,202610,0,0.08750498269924188
915,202610,0,0.11060759409833291
916,202610,0,0.11242507988528674
917,202610,0,0.11406900329701782
918,202610,0,0.1019865532571115
923,202610,1,0.2629109588784398
924,202610,0,0.11163126462809235
929,202610,0,0.12321974978555138
933,202610,0,0.08728726337682416
934,202610,0,0.10388366147849451
936,202610,0,0.07098831905560442
939,202610,1,0.07273407112519052
941,202610,0,0.05680965271546609
946,202610,0,0.11325682760633768
948,202610,0,0.07211889677876394
952,202610,0,0.12796343535688018
959,202610,0,0.13620884623001864
963,202610,0,0.10216642693352611
965,202610,0,0.1355771897585235
970,202610,0,0.1747815933107396
975,202610,0,0.26789234872663253
979,202610,0,0.10228610288622544
982,202610,0,0.046712657284772356
986,202610,0,0.06968972462137923
988,202610,0,0.18307601152864383
992,202610,0,0.17648104422519678
1003,202610,0,0.052170958498310584
1004,202610,0,0.13709958380639317
1007,202610,0,0.09870864907896043
1009,202610,1,0.15561543798234248
1014,202610,0,0.1390493389994708
1017,202610,0,0.04947180149379004
1018,202610,0,0.10443335747942684
1022,202610,0,0.09902976562580532
1040,202610,1,0.11233859464489113
1043,202610,0,0.08355879889953681
1045,202610,1,0.08514428379133757
1046,202610,0,0.138621608748077
1052,202610,0,0.12491561833630498
1061,202610,0,0.046208328290804616
1063,202610,0,0.10281658926359592
1064,202610,0,0.14318538121519717
1067,202610,0,0.11406827754388538
1070,202610,0,0.12148339244253722
1075,202610,0,0.07166772990172388
1085,202610,1,0.10693949160754455
1088,202610,0,0.16128317098426495
1105,202610,0,0.06779338686879315
1112,202610,1,0.12464372312090695
1116,202610,0,0.18314308340192104
1117,202610,0,0.28598923419697303
1123,202610,0,0.11597588900756677
1125,202610,0,0.1416717889997685
1132,202610,0,0.07828110456965545
1139,202610,0,0.09035718129218538
1140,202610,0,0.12275605449525373
1160,202610,0,0.060859455987431726
1161,202610,0,0.13281488705614392
1165,202610,0,0.09913143903205321
1171,202610,0,0.15732395476033234
1179,202610,0,0.07007643258945064
1181,202610,0,0.11138064025104974
1185,202610,0,0.11647141715650268
1186,202610,0,0.11291755113617728
1197,202610,0,0.11958265527602438
1202,202610,0,0.16626089099931374
1205,202610,0,0.04920358069775006
1206,202610,0,0.1974860264007717
1207,202610,0,0.1881608749848325
1213,202610,0,0.12352309883679971
1216,202610,0,0.07465364661578955
1228,202610,0,0.10836470431510913
1232,202610,0,0.12980831576402238
1233,202610,1,0.1526948242987435
1238,202610,0,0.14704474635139433
1241,202610,0,0.07286101575796719
1244,202610,0,0.07311003651312181
1246,202610,0,0.06599012839286275
1247,202610,0,0.1363034025899492
1257,202610,1,0.08998987829823213
1258,202610,0,0.12592181322919702
1263,202610,0,0.15901742165848004
1286,202610,1,0.09616480945714057
1289,202610,0,0.13265969236394312
1292,202610,0,0.11173869957664041
1301,202610,0,0.18174787596153028
1302,202610,0,0.05519330664343767
1303,202610,0,0.20939939582468595
1308,202610,0,0.20834283098114761
1309,202610,0,0.1207197774615759
1310,202610,1,0.14463584283599548
1312,202610,0,0.13785830772965668
1314,202610,0,0.0910935291750215
1322,202610,0,0.08856334391350722
1326,202610,0,0.08899113830200096
1327,202610,1,0.15560367652001134
1328,202610,0,0.08515708521368302
1334,202610,0,0.11847587895835542
1336,202610,0,0.13975742070864441
1337,202610,0,0.05338229176603369
1338,202610,0,0.0724414371331246
1340,202610,0,0.1467232399215007
1351,202610,1,0.09711933433389291
1352,202610,0,0.3243202187137553
1361,202610,0,0.18458332916006787
1365,202610,0,0.191050989726422
1368,202610,0,0.26016800804139906
1370,202610,0,0.09430941870752786
1378,202610,0,0.16297664067084108
1379,202610,0,0.17237614467363077
1381,202610,0,0.15832126279181707
1388,202610,0,0.14934533826076468
1392,202610,0,0.09607735711666342
1393,202610,0,0.11935753264124495
1395,202610,0,0.08388855637803455
1400,202610,0,0.09855745524390835
1404,202610,0,0.07220319782042525
1405,202610,0,0.07418734613036643
1411,202610,0,0.1567739347119832
1414,202610,0,0.16730014530313478
1415,202610,0,0.05857095687649725
1420,202610,0,0.09632615140506572
1423,202610,1,0.09180522232668013
1425,202610,0,0.0663823774935246
1434,202610,0,0.20970508765600848
1444,202610,1,0.15581720412494152
1445,202610,0,0.14221794724508152
1453,202610,0,0.14586816324224655
1455,202610,0,0.1809886098150935
1459,202610,0,0.08225882301132306
1460,202610,0,0.17625377340505433
1465,202610,0,0.25329188514008594
1474,202610,0,0.12951232486514225
1475,202610,0,0.05395300037250542
1476,202610,0,0.099117213009116
1477,202610,0,0.08154858681703464
1481,202610,1,0.17493211647807158
1489,202610,0,0.10408358435838636
1495,202610,0,0.1372973050772752
1496,202610,0,0.07741193578077309
1501,202610,0,0.11295558225244261
1504,202610,0,0.05982002351221309
1506,202610,0,0.10878897929913373
1508,202610,0,0.08561554117232567
1516,202610,0,0.14283099784007286
1532,202610,1,0.23755647138251265
1533,202610,0,0.1260607718871156
1535,202610,0,0.07687020190553215
1538,202610,1,0.13513123409282454
1541,202610,0,0.07988140330064052
1546,202610,0,0.06252341342718014
1552,202610,0,0.06810649860948276
1553,202610,1,0.19213894013127764
1558,202610,0,0.16299255822629494
1559,202610,0,0.10431409133523056
1564,202610,0,0.09744327570066313
1566,202610,0,0.09610605791848988
1567,202610,0,0.1702787924583171
1573,202610,0,0.13519252476656757
1576,202610,0,0.09224759444966817
1577,202610,0,0.07210269347525272
1578,202610,0,0.06630138671017938
1583,202610,0,0.1250022743442761
1586,202610,0,0.1404422182432453
1587,202610,0,0.11006728706807829
1589,202610,0,0.1629871976050032
1590,202610,1,0.1339110264016985
1591,202610,0,0.11643353383701821
1592,202610,0,0.10125786914533136
1598,202610,0,0.058507834441903744
1602,202610,0,0.1737294081467324
1604,202610,0,0.09853179574045935
1606,202610,0,0.09762165768751724
1610,202610,1,0.13395744193374035
1614,202610,0,0.051706937830604864
1615,202610,0,0.1874734881409363
1616,202610,1,0.17261758971394114
1619,202610,0,0.13150028123993068
1623,202610,0,0.1502005103125915
1626,202610,1,0.08067220309181074
1631,202610,0,0.07888326726337132
1639,202610,0,0.047212207587772684
1648,202610,0,0.047446662884825824
1653,202610,0,0.06756765161186215
1659,202610,0,0.09044338210452528
1669,202610,0,0.15604491041729968
1673,202610,0,0.12284859190980564
1677,202610,1,0.19688253619789686
1678,202610,0,0.12733660532531224
1680,202610,1,0.09030404301719717
1682,202610,0,0.20056928824891448
1683,202610,0,0.13638477415976566
1692,202610,0,0.08135906151003958
1693,202610,0,0.12228073392542005
1694,202610,1,0.21806569501227133
1695,202610,0,0.13399343768740749
1696,202610,1,0.14463148733875195
1698,202610,0,0.1867342080820857
1706,202610,0,0.20957035062054327
1707,202610,0,0.11939168676234428
1709,202610,0,0.12443052829351943
1710,202610,0,0.1412587893443766
1719,202610,0,0.0935635123187445
1720,202610,0,0.06345842493462059
1723,202610,0,0.11824309987078145
1724,202610,1,0.1451804860871491
1726,202610,0,0.1291106092756524
1727,202610,1,0.17531932257992972
1730,202610,0,0.09291825849968204
1732,202610,0,0.12185681214097711
1733,202610,0,0.11715959283435823
1736,202610,0,0.10030637748695537
1743,202610,0,0.12145287231730487
1751,202610,0,0.11481349695683987
1752,202610,0,0.14784981046397425
1754,202610,0,0.1522530804606614
1756,202610,0,0.0752736530067281
1760,202610,0,0.08630010937985466
1764,202610,0,0.19569184289078717
1765,202610,0,0.060586549319553935
1776,202610,0,0.09412286703427983
1778,202610,0,0.07304005650324231
1779,202610,0,0.14679878134750954
1781,202610,0,0.06184612608710571
1783,202610,1,0.06315440788473946
1795,202610,0,0.09030957473449298
1798,202610,1,0.12762905571017497
1805,202610,1,0.10627735843894688
1808,202610,0,0.04597310618382632
1809,202610,0,0.12948814332779865
1814,202610,0,0.13591847389290826
1819,202610,0,0.1442567342767343
1821,202610,0,0.11246170578846233
1822,202610,0,0.10824103925198933
1824,202610,0,0.17402119458991502
1827,202610,0,0.1313837544660976
1832,202610,1,0.09705756683818158
1834,202610,0,0.16213458801580047
1844,202610,0,0.21027229358277774
1851,202610,0,0.17417244809903099
1867,202610,0,0.15127943447371808
1869,202610,0,0.09980047579837902
1875,202610,0,0.3132854000222443
1882,202610,0,0.15785300719911755
1897,202610,0,0.09248330822427604
1910,202610,0,0.06381367542805176
1917,202610,0,0.13536807135911577
1918,202610,0,0.08593674400136127
1919,202610,1,0.11373181972660375
1923,202610,1,0.055725450615133974
1935,202610,0,0.1375549172037826
1936,202610,0,0.18305070163037587
1937,202610,0,0.07094417812500797
1944,202610,0,0.12906374041204718
1949,202610,0,0.1528490950975845
1950,202610,0,0.0890999335725846
1952,202610,0,0.050539542084042675
1955,202610,0,0.1820241928944905
1956,202610,0,0.16026403242021073
1964,202610,1,0.0934358704045924
1965,202610,1,0.12169008865959795
1969,202610,0,0.06505049906583146
1970,202610,0,0.09606950283183927
1971,202610,0,0.1253742099751831
1972,202610,1,0.12741961400582302
1977,202610,0,0.10185071908709094
1982,202610,0,0.08918601378438648
1995,202610,0,0.090909546412887
1996,202610,0,0.1580280469544144
1997,202610,1,0.16372996972886583
2002,202610,0,0.17377146940871607
2004,202610,0,0.11065403083498081
2011,202610,0,0.1475837586670845
2013,202610,0,0.17500765686749306
2014,202610,0,0.12845338513395171
2018,202610,0,0.14664886747671876
2026,202610,0,0.1426823219526388
2040,202610,0,0.12869252301033143
2043,202610,0,0.1303855193598541
2052,202610,1,0.18261594252626204
2060,202610,0,0.1428915123732519
2069,202610,0,0.12570045672251084
2073,202610,0,0.09770111188995831
2075,202610,0,0.22707338366956856
2076,202610,0,0.055933917246376155
2082,202610,0,0.07176283421059508
2083,202610,1,0.127313716300443
2089,202610,0,0.05016731774591366
2091,202610,0,0.1564319340983163
2100,202610,1,0.16630717352116234
2103,202610,0,0.13461939647102938
2109,202610,0,0.06175514122559657
2111,202610,1,0.08859974413369483
2112,202610,0,0.13566789335699825
2113,202610,0,0.18655616669537742
2119,202610,0,0.0663468968283766
2121,202610,0,0.13925860952888364
2125,202610,0,0.14949630177414092
2127,202610,0,0.2036078452098697
2128,202610,0,0.14782559216489305
2132,202610,0,0.18768559756283512
2138,202610,0,0.1716764242328775
2139,202610,1,0.13909828986873218
2142,202610,0,0.10308183191100805
2146,202610,0,0.14467234125674194
2148,202610,0,0.09499107705691273
2149,202610,0,0.22263868813543214
2156,202610,0,0.07865076020596086
2157,202610,0,0.139122655878315
2159,202610,0,0.10958051114314461
2160,202610,0,0.10644986881104972
2164,202610,1,0.15793686808059737
2169,202610,0,0.19116581500743468
2170,202610,0,0.10106804747279963
2180,202610,0,0.13746851016056968
2186,202610,0,0.07357809405943301
2188,202610,0,0.06055025791030151
2190,202610,0,0.13184550978719048
2197,202610,0,0.11248815219483316
2203,202610,0,0.11826890697843134
2204,202610,0,0.16859534529774917
2205,202610,0,0.10788199489367899
2207,202610,0,0.11156558048700113
2209,202610,0,0.06902965750870359
2211,202610,0,0.14650258716073475
2214,202610,1,0.11525474598282397
2219,202610,0,0.11085768931200367
2220,202610,0,0.05319219719125316
2226,202610,0,0.1120739807710033
2229,202610,0,0.1322613774626361
2234,202610,0,0.12411040263155612
2237,202610,0,0.16636042979926652
2240,202610,0,0.11230085168959926
2249,202610,0,0.0633008040372473
2252,202610,0,0.12422263953645206
2264,202610,0,0.20079219876237805
2269,202610,0,0.14787393171661833
2272,202610,0,0.07148494801972148
2278,202610,1,0.14040042098238117
2283,202610,0,0.11556723172325468
2284,202610,0,0.15419697057947057
2287,202610,0,0.1928681155328265
2288,202610,1,0.23449382383352516
2290,202610,0,0.08552862091882334
2294,202610,0,0.15241669492186258
2298,202610,0,0.06865894972994502
2328,202610,0,0.11672871830307421
2329,202610,0,0.22750607711246484
2330,202610,0,0.17159537916237586
2336,202610,0,0.1395484434665878
2338,202610,0,0.16005937843535095
2341,202610,0,0.1500348780797714
2353,202610,0,0.18623644611549175
2356,202610,0,0.07181291228992558
2358,202610,1,0.19927912573519466
2366,202610,0,0.10199332338067062
2382,202610,1,0.08342132215535843
2392,202610,1,0.1797493024239367
2399,202610,1,0.1447152116767067
2401,202610,0,0.08175774960839795
2404,202610,0,0.07655266967471834
2408,202610,0,0.08185118938169611
2409,202610,0,0.14225434614579008
2410,202610,0,0.14172629797169933
2415,202610,0,0.08909023110209596
2421,202610,0,0.19848765300591603
2425,202610,0,0.1441475472211662
2427,202610,0,0.19392215652420663
2429,202610,0,0.10540457876426398
2432,202610,0,0.11944541382080408
2435,202610,0,0.07521980698496802
2436,202610,0,0.13907392425123985
2441,202610,0,0.18978400742409604
2447,202610,0,0.13090016456528217
2449,202610,0,0.0642137409409518
2450,202610,1,0.09314719469495747
2454,202610,0,0.07375829738011974
2460,202610,0,0.07075521076488515
2466,202610,0,0.20239254255210556
2472,202610,0,0.16564650423526434
2479,202610,0,0.05560558316301764
2483,202610,0,0.14797768475140732
2484,202610,0,0.13063981496856353
2492,202610,0,0.1677132177069315
2493,202610,0,0.07436979803693508
2495,202610,0,0.1368896337013258
2498,202610,0,0.2097047914042482
2501,202610,0,0.11181907474951801
2507,202610,0,0.19452634187003542
2510,202610,0,0.13801246711736337
2512,202610,0,0.04814824658593009
2513,202610,0,0.17802594447769413
2516,202610,0,0.07906722846929343
2517,202610,0,0.13397930134557465
2534,202610,0,0.13953749513580027
2538,202610,0,0.0803440329829828
2544,202610,0,0.14057776299290375
2561,202610,0,0.14597057920777318
2563,202610,0,0.11516606245669828
2567,202610,0,0.10712640293111203
2569,202610,0,0.12619694109935195
2571,202610,0,0.1464083632803048
2576,202610,0,0.12297661961568383
2588,202610,0,0.15741145039095358
2592,202610,0,0.06028457177565512
2593,202610,0,0.08348961564332308
2602,202610,1,0.10926396491694282
2604,202610,0,0.1453508958784004
2613,202610,0,0.10502319003415407
2617,202610,0,0.1314699739786081
2618,202610,1,0.11657762121272713
2620,202610,0,0.1158087758418922
2626,202610,0,0.1082225247825051
2628,202610,0,0.18833409585303956
2629,202610,0,0.05643012594819763
2634,202610,0,0.048053083196445925
2636,202610,0,0.07662047876686406
2637,202610,0,0.1513624952931792
2649,202610,0,0.1532173660233199
2653,202610,0,0.13685649716550935
2661,202610,0,0.12541470267431717
2662,202610,0,0.0829147548750355
2668,202610,0,0.11924763164791811
2673,202610,0,0.06858436692378417
2682,202610,0,0.1574022245927266
2684,202610,0,0.11707673568467555
2685,202610,1,0.09381554001692591
2686,202610,0,0.10946775075226012
2706,202610,0,0.1119278870760297
2709,202610,0,0.09298413277893267
2710,202610,0,0.13529594719880944
2712,202610,0,0.08264545373460598
2717,202610,0,0.08563425215088519
2718,202610,0,0.1719790258715261
2720,202610,0,0.14804502513628953
2726,202610,0,0.1764803014670111
2732,202610,0,0.15247415562698402
2735,202610,0,0.1365855361707912
2736,202610,0,0.08540044179055181
2754,202610,0,0.11318513838129707
2755,202610,0,0.07048910829571507
2758,202610,0,0.12162604028518312
2759,202610,0,0.07514292990654033
2761,202610,1,0.13871131399796005
2768,202610,0,0.1091898943647462
2769,202610,0,0.184709438518357
2770,202610,0,0.17304037094821503
2776,202610,0,0.049979965714745805
2779,202610,0,0.17608413109356805
2782,202610,0,0.05792762116466896
2783,202610,1,0.11331130535024096
2790,202610,0,0.05396548783332885
2794,202610,0,0.09623443976367815
2796,202610,0,0.0741573267281357
2801,202610,0,0.11986578686796491
2807,202610,0,0.10777807347989309
2810,202610,0,0.05052476098580215
2811,202610,0,0.0537341420635078
2813,202610,0,0.14648144699944757
2820,202610,0,0.12756195045743446
2822,202610,0,0.15784418335140402
2830,202610,0,0.10404023668374968
2831,202610,0,0.15471149098044495
2835,202610,0,0.1430629441499812
2837,202610,0,0.17613666725362045
2852,202610,0,0.15596921001353908
2861,202610,0,0.1074039670527019
2864,202610,0,0.060411237316405166
2868,202610,0,0.1500676920534025
2869,202610,0,0.07774795953336143
2870,202610,0,0.21133702470545643
2879,202610,1,0.160994406433131
2883,202610,0,0.05972874511204367
2888,202610,0,0.04855486742119844
2890,202610,0,0.05501507158453255
2891,202610,0,0.22080139937330587
2892,202610,0,0.07856355252510155
2895,202610,0,0.19029949577447722
2904,202610,1,0.07194686844284362
2908,202610,0,0.13173668225580984
2909,202610,1,0.09250214615429661
2911,202610,0,0.059780750860139086
2918,202610,0,0.06834999892171364
2920,202610,1,0.1558837140188636
2923,202610,0,0.10657274155216388
2931,202610,0,0.23689328603492904
2936,202610,0,0.14512372528438747
2938,202610,0,0.2562695708851908
2940,202610,0,0.24476567073810826
2942,202610,0,0.0998415830574215
2943,202610,0,0.071818765354318
2945,202610,0,0.16415054886010472
2949,202610,0,0.0750115161545531
2954,202610,1,0.18270893755824325
2959,202610,0,0.15408933688874465
2966,202610,0,0.178068472556543
2969,202610,0,0.11233137912825719
2970,202610,0,0.13137636976993716
2975,202610,0,0.11875943272102092
2976,202610,0,0.12653123505685523
2987,202610,0,0.10373138072008618
2993,202610,0,0.09454764003900361
2995,202610,0,0.06790652632677255
2998,202610,0,0.050773382523632365
3002,202610,0,0.1171919272293432
3004,202610,0,0.13146816747920764
3008,202610,0,0.14363037399835352
3010,202610,0,0.0829575567908758
3019,202610,0,0.09062366728976538
3020,202610,0,0.1448943849183918
3027,202610,0,0.0849662888549865
3030,202610,0,0.18149785165585344
3031,202610,0,0.1122999289090053
3037,202610,0,0.13723389007992895
3038,202610,0,0.08150742078207195
3039,202610,0,0.07172174267326782
3043,202610,0,0.12644523038495392
3048,202610,0,0.053351808939756405
3049,202610,0,0.13005543649601414
3050,202610,0,0.12393194363822302
3051,202610,1,0.12002424755488487
3053,202610,0,0.07561470857754936
3054,202610,0,0.07533817702221368
3056,202610,0,0.06780768767095903
3064,202610,1,0.06092661081093008
3067,202610,1,0.14548065745758387
3069,202610,0,0.20973270407145053
3071,202610,0,0.14051166205611357
3072,202610,0,0.12997063543525275
3075,202610,0,0.12183507461952948
3078,202610,0,0.12613815115195434
3080,202610,0,0.08399440255192267
3085,202610,1,0.1409379014936382
3089,202610,0,0.173902449178948
3104,202610,0,0.09255858593067283
3106,202610,1,0.07508783596046963
3109,202610,0,0.18915157233451407
3125,202610,0,0.12341565416505712
3126,202610,0,0.0606223413586505
3134,202610,0,0.12304417879243243
3137,202610,0,0.06500850794983999
3139,202610,0,0.08671213573878297
3142,202610,0,0.1429373678096863
3147,202610,0,0.08239998460374047
3160,202610,0,0.06522953057169732
3168,202610,0,0.079886101179964
3169,202610,0,0.11406372740571911
3172,202610,0,0.07502660966965286
3174,202610,0,0.13124006100944557
3176,202610,0,0.0872350203119118
3178,202610,0,0.19534810480523251
3179,202610,0,0.07294230827538893
3181,202610,0,0.1265432625220803
3190,202610,0,0.11730916082512431
3192,202610,0,0.16908419554552806
3196,202610,0,0.1557518877959275
3197,202610,0,0.1784811828233578
3206,202610,0,0.1473118244064974
3208,202610,0,0.06355533807257617
3210,202610,0,0.06491506708879874
3214,202610,0,0.18905858751010546
3216,202610,1,0.2073840214549984
3217,202610,0,0.12759164479590018
3220,202610,0,0.0679258046138032
3221,202610,1,0.1067184819600715
3223,202610,0,0.18872243397192648
3228,202610,0,0.06507585356511261
3232,202610,0,0.10898888161911675
3246,202610,0,0.09107395793279961
3247,202610,0,0.10309781368407625
3253,202610,0,0.12747134194702506
3256,202610,0,0.060978421212286554
3257,202610,0,0.0802982095087655
3262,202610,0,0.07442507969064696
3263,202610,1,0.16773902869076937
3265,202610,0,0.09928534526056881
3269,202610,0,0.06595162475931202
3276,202610,0,0.08850591192373831
3279,202610,0,0.22201198126278304
3282,202610,0,0.11354977133802592
3284,202610,0,0.08694230382687841
3285,202610,0,0.09657468793279635
3294,202610,1,0.15374494870606042
3295,202610,0,0.1321691076517335
3297,202610,0,0.05272594745395334
3298,202610,0,0.14588679371217864
3302,202610,1,0.08591293715324917
3303,202610,0,0.12681540770412425
3309,202610,0,0.15538012612448077
3311,202610,0,0.06398778457841967
3312,202610,0,0.14610169319764588
3313,202610,0,0.1643620814658447
3321,202610,0,0.08631828474167391
3322,202610,0,0.11297858634196573
3325,202610,0,0.1308116576025306
3326,202610,1,0.0605318353740841
3329,202610,0,0.13523854848558878
3343,202610,1,0.1340363100079234
3345,202610,0,0.1743404113251575
3347,202610,0,0.09850082967954231
3349,202610,0,0.15729770916195063
3350,202610,0,0.11330565521080442
3354,202610,0,0.12235091428428872
3356,202610,0,0.20177660446802306
3363,202610,0,0.09818249565996766
3372,202610,0,0.08592814499382483
3376,202610,0,0.108309524540594
3380,202610,0,0.0928171200381446
3383,202610,0,0.13988611860620778
3385,202610,0,0.1025238912145994
3387,202610,0,0.15820445344830214
3395,202610,0,0.064275046658758
3396,202610,0,0.05130495346691792
3397,202610,0,0.08276216761387228
3411,202610,0,0.07876873875685726
3413,202610,0,0.054555059042836335
3415,202610,0,0.13183955063675118
3420,202610,0,0.16413823655194223
3424,202610,1,0.15628722045283
3428,202610,1,0.0829419828788412
3430,202610,1,0.11234974264687315
3441,202610,1,0.1479976247060724
3444,202610,0,0.19820450003923634
3446,202610,0,0.16430087159335133
3447,202610,0,0.07213445224930932
3448,202610,0,0.10265458195692373
3454,202610,0,0.06731914166195975
3466,202610,0,0.1422017317255645
3471,202610,0,0.12451667186780391
3474,202610,0,0.06603321186611717
3488,202610,0,0.1653574529228255
3496,202610,0,0.06413627513151797
3498,202610,0,0.1630101306791865
3499,202610,0,0.08614853896439112
3508,202610,0,0.10618197805719462
3511,202610,0,0.10082253956627511
3514,202610,0,0.07192179756744473
3524,202610,0,0.07400361922136885
3526,202610,0,0.05825139789065921
3529,202610,0,0.06144480235620135
3552,202610,0,0.054722372921015415
3561,202610,0,0.0691664914615055
3564,202610,0,0.14531914004236177
3566,202610,0,0.06545605107189341
3567,202610,1,0.07806374950663891
3576,202610,0,0.1808691034385355
3578,202610,1,0.11321395591759618
3581,202610,0,0.04841902917170447
3582,202610,0,0.15795042953324087
3583,202610,0,0.19072094659377914
3587,202610,0,0.13398860351300942
3589,202610,0,0.13801436728238967
3590,202610,0,0.08860452605871771
3592,202610,0,0.16277176017694275
3594,202610,0,0.061777010061920185
3598,202610,0,0.0961941057635652
3602,202610,0,0.15703039500471538
3605,202610,0,0.18378280451547152
3607,202610,0,0.13926890516608262
3608,202610,0,0.2017531109599202
3610,202610,0,0.0862463862988501
3619,202610,0,0.1011055923421658
3621,202610,0,0.06665224693370889
3622,202610,0,0.12951653047877137
3623,202610,0,0.2656984594916302
3628,202610,0,0.14257611827315053
3629,202610,0,0.14345605780365847
3646,202610,1,0.1525417060645763
3647,202610,0,0.04345128342210129
3653,202610,0,0.1312287004598728
3657,202610,0,0.14449923592970093
3658,202610,0,0.07303842134036247
3661,202610,0,0.06314016218593467
3665,202610,0,0.12327316573182445
3668,202610,0,0.05462892692992533
3670,202610,0,0.05948266045935439
3672,202610,0,0.04959065268836584
3675,202610,0,0.0664484271609553
3680,202610,0,0.07547311732151239
3683,202610,1,0.21397004989468155
3685,202610,1,0.19631213393126543
3697,202610,0,0.11108451246943421
3698,202610,0,0.04307817410132612
3699,202610,0,0.156905843240981
3703,202610,0,0.04967063785246989
3711,202610,0,0.1531365870485992
3712,202610,0,0.1750342438954541
3716,202610,0,0.14939186630142015
3717,202610,0,0.12896458591608326
3721,202610,0,0.1624286250008074
3722,202610,1,0.17660125972159824
3725,202610,0,0.07195934937781674
3726,202610,0,0.14953660231361496
3732,202610,1,0.11333214856951018
3735,202610,0,0.1405252693986385
3736,202610,0,0.2299082569693043
3740,202610,0,0.10047328476279278
3743,202610,0,0.17818553333224396
3746,202610,0,0.12138724597339184
3748,202610,0,0.09050486843695978
3751,202610,0,0.0674331264513657
3753,202610,0,0.11834431945917029
3754,202610,0,0.08857410103191889
3755,202610,0,0.09273966051084258
3764,202610,0,0.06894238990963826
3768,202610,0,0.16363743126385313
3772,202610,1,0.2022822324886587
3781,202610,0,0.09809830516029033
3782,202610,0,0.11784444581683287
3787,202610,0,0.07588218563824349
3796,202610,0,0.0996510089785164
3800,202610,0,0.08534805296211109
3804,202610,0,0.10822459225085873
3820,202610,0,0.22688379144770515
3821,202610,0,0.14579201626313246
3824,202610,0,0.0752674130535116
3825,202610,0,0.12018516653809959
3826,202610,0,0.18344075829537382
3831,202610,0,0.10181132472346584
3834,202610,0,0.09383604972120627
3835,202610,0,0.1358474880184947
3836,202610,0,0.12153211094568564
3840,202610,0,0.07436358901985747
3841,202610,0,0.1858889909596188
3842,202610,0,0.07671177575633563
3847,202610,0,0.10084278715098778
3848,202610,0,0.19044609267875104
3854,202610,1,0.0555265357811695
3863,202610,0,0.22170915608761713
3869,202610,0,0.11657414750306247
3875,202610,0,0.0815622843609785
3876,202610,0,0.13042141544001518
3877,202610,0,0.2111257895382577
3878,202610,0,0.12094674394539537
3879,202610,0,0.14116449037218692
3881,202610,0,0.19932894885910185
3882,202610,0,0.050021520495114435
3887,202610,0,0.11359468429230687
3890,202610,0,0.11126616992981776
3894,202610,1,0.20665246582148364
3897,202610,0,0.11162317377224648
3904,202610,0,0.05839312913500935
3905,202610,0,0.22458876467720032
3908,202610,0,0.14246538405241937
3915,202610,1,0.07063218470188495
3917,202610,0,0.18628235685037753
3927,202610,0,0.18484392857513948
3928,202610,1,0.12397091580545362
3931,202610,0,0.1897880197998428
3934,202610,1,0.0772174145752519
3937,202610,1,0.16502874402640672
3938,202610,0,0.16930495912463983
3944,202610,0,0.17816866058781144
3947,202610,0,0.08858827516126881
3950,202610,0,0.12743202971320491
3971,202610,0,0.06364791132578855
3982,202610,0,0.12387840459812036
3988,202610,0,0.17920181936140242
3991,202610,0,0.06162105516964304
3992,202610,0,0.0864295049050881
3997,202610,0,0.13115028238818674
4005,202610,0,0.08031944533223549
4006,202610,1,0.08854406237592763
4008,202610,0,0.08888539736825334
4016,202610,0,0.07516754111209083
4018,202610,0,0.14225132987999545
4020,202610,0,0.14918332420047853
4027,202610,0,0.13328388716643502
4035,202610,1,0.1376267469516006
4038,202610,0,0.09028041927648574
4041,202610,1,0.14143454153068316
4044,202610,0,0.12321741639064043
4045,202610,0,0.07447028131610456
4048,202610,0,0.14070156460595903
4051,202610,0,0.09615140154911966
4054,202610,0,0.16614931996800797
4055,202610,0,0.08161911670341077
4061,202610,1,0.20792957263729295
4065,202610,0,0.09152311621955762
4066,202610,0,0.08297243387459759
4067,202610,0,0.06786245942073844
4073,202610,0,0.09252990916445533
4079,202610,0,0.07490460845855386
4084,202610,0,0.07696896750566533
4087,202610,0,0.2131183101028231
4089,202610,0,0.03962907465139981
4091,202610,0,0.19438690394458805
4092,202610,0,0.1112674270662865
4102,202610,0,0.23247482595954333
4108,202610,0,0.1787932425638022
4113,202610,0,0.2039716994273641
4116,202610,0,0.15753889552576925
4117,202610,0,0.05328961231938912
4122,202610,0,0.059933552437390396
4124,202610,0,0.15507974409139838
4125,202610,0,0.12442326011492665
4128,202610,0,0.13263682269076313
4129,202610,0,0.14177335682286255
4130,202610,0,0.06948830570988536
4134,202610,0,0.12992464192674377
4141,202610,0,0.1257532070456265
4142,202610,0,0.11795447781824454
4144,202610,0,0.14702579567384047
4147,202610,0,0.18716646538593745
4150,202610,0,0.054799859620697236
4151,202610,1,0.09112695777092315
4158,202610,0,0.17487450458682066
4162,202610,0,0.10987086095229817
4163,202610,0,0.08469008729778293
4166,202610,0,0.05022146472534466
4167,202610,0,0.11640434281552621
4168,202610,0,0.11578343758175066
4175,202610,0,0.06533057703377732
4176,202610,1,0.08023209952311
4179,202610,0,0.09840383790601359
4180,202610,0,0.19064776618843615
4183,202610,1,0.13004857648949117
4189,202610,0,0.13970544307063956
4192,202610,0,0.17751603235301497
4195,202610,0,0.14158493007430664
4197,202610,0,0.14650538571086658
4198,202610,0,0.1253145056375276
4202,202610,0,0.09767687290070257
4208,202610,0,0.10604999669531617
4222,202610,0,0.1566308662362453
4225,202610,0,0.05928402740006357
4227,202610,0,0.14599334207020906
4229,202610,0,0.11574090977759852
4230,202610,0,0.11236114080739566
4234,202610,0,0.1425844865942531
4236,202610,0,0.15005926060434668
4244,202610,0,0.1926618346998718
4247,202610,0,0.1443536584206324
4249,202610,0,0.1262127548699028
4258,202610,0,0.10907483162236602
4266,202610,0,0.2540793944207097
4277,202610,1,0.2367817551770782
4281,202610,1,0.1107139266877303
4283,202610,0,0.08225050742730988
4286,202610,0,0.13800168590416148
4287,202610,0,0.10105955910971247
4289,202610,0,0.12609367079667377
4291,202610,0,0.16899732369784806
4292,202610,0,0.13937622171026345
4295,202610,0,0.14723435058639706
4296,202610,0,0.0651438809024642
4297,202610,1,0.16431007478398163
4309,202610,0,0.05379996924705057
4323,202610,0,0.1672595143875613
4324,202610,0,0.1131052441145405
4327,202610,0,0.11364182154509189
4328,202610,0,0.16089088879133084
4330,202610,0,0.08210947901831508
4334,202610,0,0.05642809664819977
4338,202610,0,0.06104774543961963
4341,202610,0,0.1487389471161972
4343,202610,0,0.1703318758270639
4349,202610,0,0.04960309646508239
4366,202610,0,0.10740159787037495
4367,202610,0,0.11764233215492832
4373,202610,0,0.12389163403542079
4374,202610,0,0.21671063558212442
4377,202610,0,0.15487126430739043
4384,202610,0,0.13226708669127102
4390,202610,0,0.11021670672992903
4395,202610,1,0.15528225751031344
4403,202610,0,0.13774733801011338
4409,202610,0,0.10487802858136712
4410,202610,0,0.1795411635277459
4419,202610,0,0.17306081199743098
4427,202610,0,0.06444587423978072
4428,202610,0,0.16870837247729845
4429,202610,0,0.1354685296363455
4430,202610,0,0.053551894334189325
4431,202610,0,0.06779336352400557
4433,202610,0,0.07619088545244793
4434,202610,0,0.14080221754993513
4441,202610,1,0.14783865109869548
4442,202610,0,0.07494361940398621
4444,202610,0,0.06501729856224288
4447,202610,1,0.213418855767716
4449,202610,1,0.17981596797783758
4453,202610,0,0.2019815406645704
4456,202610,0,0.08685776033472464
4457,202610,0,0.12462177105925457
4459,202610,0,0.09598883916386816
4463,202610,0,0.11432656507690116
4465,202610,0,0.16374570192736007
4466,202610,0,0.11919920499918539
4469,202610,0,0.14391736539430866
4471,202610,1,0.11151247503480213
4485,202610,0,0.19124420981034398
4486,202610,0,0.09353559224147251
4488,202610,0,0.11301555058648721
4490,202610,0,0.12483341123122803
4492,202610,0,0.14946320839800561
4496,202610,1,0.1605633106765721
4498,202610,0,0.09185142216144372
4500,202610,0,0.08873308382741144
4502,202610,0,0.14548540758253795
4507,202610,0,0.15325504822399208
4509,202610,1,0.18704738889803155
4511,202610,0,0.13231540229883285
4512,202610,0,0.08537136442664904
4516,202610,0,0.14073106876828095
4520,202610,0,0.06382399427242869
4524,202610,0,0.12610441568992187
4536,202610,0,0.1165102728034327
4538,202610,0,0.05366091866461916
4549,202610,0,0.09330945887402776
4550,202610,0,0.04780818318319622
4554,202610,0,0.1448700054211828
4561,202610,0,0.13054531829214425
4564,202610,0,0.07612630448758483
4565,202610,1,0.17275862427856203
4566,202610,0,0.14835000882500896
4568,202610,0,0.18919646231063905
4576,202610,1,0.11317092542852004
4579,202610,0,0.12197040631254753
4580,202610,0,0.149473580515825
4586,202610,0,0.07004279595855717
4594,202610,0,0.12072113021193073
4598,202610,0,0.09871854107934086
4601,202610,1,0.09537150280512458
4602,202610,0,0.11768989552709197
4609,202610,0,0.19545502707681783
4610,202610,0,0.11163397907528654
4611,202610,0,0.07708560639234166
4619,202610,0,0.18709045681239575
4624,202610,0,0.14320062607070336
4627,202610,0,0.14118996654439173
4628,202610,0,0.11505625453059233
4631,202610,0,0.07192034386747398
4632,202610,0,0.15872708824634216
4634,202610,0,0.10567790012789612
4635,202610,0,0.07116971843470248
4637,202610,0,0.16212762118144378
4641,202610,0,0.136192337840484
4643,202610,0,0.06948007159395357
4651,202610,1,0.3242949496877908
4654,202610,1,0.11097430686369089
4660,202610,0,0.05113868067405342
4665,202610,0,0.1564487524779534
4667,202610,0,0.0858281643435708
4668,202610,0,0.14722891695345897
4670,202610,0,0.15887472512368442
4674,202610,0,0.05888808024149531
4676,202610,0,0.1445709433827689
4683,202610,0,0.19750391527734718
4684,202610,0,0.06530132963876178
4687,202610,0,0.12953979768189253
4694,202610,0,0.14546212442401027
4698,202610,1,0.06410001711081241
4701,202610,1,0.16552770628859464
4704,202610,0,0.13756833668941465
4706,202610,0,0.11808389032724832
4732,202610,0,0.12748574295711182
4734,202610,0,0.19230267005868967
4735,202610,0,0.122657706482205
4744,202610,0,0.0808660414989845
4755,202610,0,0.0888086484056919
4756,202610,0,0.13140190481117434
4759,202610,0,0.05899652502944495
4762,202610,0,0.07649416340494498
4763,202610,0,0.10628542241220083
4765,202610,0,0.14252282991747983
4767,202610,0,0.13383889511162034
4770,202610,0,0.12708346950900012
4775,202610,0,0.08402013361688099
4780,202610,0,0.15104438028253428
4788,202610,0,0.1979921155999685
4789,202610,0,0.07577791541962581
4792,202610,0,0.0660541494738278
4794,202610,0,0.13072711593338332
4795,202610,0,0.11173784791231087
4797,202610,0,0.15723181255807747
4803,202610,0,0.07239574222193085
4805,202610,0,0.17106568844100747
4807,202610,1,0.1085379060619201
4810,202610,0,0.1785466983920963
4812,202610,0,0.1345817557480941
4814,202610,0,0.10204032418150075
4818,202610,0,0.11243595037562214
4820,202610,0,0.08636000564502
4822,202610,0,0.13066838463089286
4827,202610,0,0.12399344100376948
4828,202610,0,0.07274972116741597
4831,202610,0,0.058246802764210376
4833,202610,1,0.17268753352665256
4839,202610,0,0.16053936313225836
4841,202610,0,0.06651252810995754
4842,202610,0,0.053123114212059425
4844,202610,0,0.10068195414069513
4852,202610,0,0.04620933458116965
4861,202610,0,0.09046678744505512
4863,202610,0,0.20059068810493239
4868,202610,0,0.12983494936376805
4878,202610,0,0.09601094506412228
4881,202610,0,0.11770389318262878
4883,202610,0,0.1944600026980842
4884,202610,0,0.13008385993753202
4886,202610,1,0.13866266911714734
4890,202610,0,0.14125529392969277
4891,202610,1,0.09612502403914726
4894,202610,0,0.05194114981231242
4895,202610,0,0.16517658432558013
4898,202610,0,0.06943590585551221
4899,202610,0,0.04355066773680821
4900,202610,0,0.1223256044253581
4901,202610,0,0.12258992872209136
4902,202610,0,0.05511478796133091
4912,202610,0,0.08386048510597675
4918,202610,0,0.1271468320388567
4919,202610,0,0.09302192820414693
4922,202610,1,0.14665199041044283
4934,202610,0,0.0724419679798507
4937,202610,0,0.12671325687348714
4939,202610,0,0.05626506569616226
4941,202610,0,0.12498321711824063
4945,202610,0,0.09989093859816268
4950,202610,0,0.04832777266896627
4952,202610,0,0.06626197133090136
4953,202610,0,0.11675956334073426
4954,202610,0,0.14369823101990456
4955,202610,0,0.10960506559741576
4956,202610,0,0.17763765742195636
4957,202610,0,0.13417023596833666
4966,202610,1,0.058315429855752984
4967,202610,0,0.05639387390123292
4970,202610,0,0.1443135341762917
4971,202610,0,0.09783006405845605
4979,202610,0,0.08422300164299505
4983,202610,0,0.1294475021290438
4989,202610,0,0.09387155369133503
4995,202610,0,0.13739170562246666
5002,202610,0,0.08435584518889169
5004,202610,0,0.19279537004665973
5006,202610,1,0.28077724791771275
5007,202610,0,0.13181897657573846
5009,202610,0,0.055827265880847514
5010,202610,0,0.10837459227838192
5016,202610,0,0.141713526735892
5026,202610,1,0.22800676261349997
5033,202610,0,0.05504994679202472
5038,202610,0,0.05092994249503788
5041,202610,0,0.12646941865428685
5045,202610,0,0.09144213171537721
5049,202610,0,0.05680376721608521
5050,202610,0,0.1740152990399265
5051,202610,0,0.06123510022396304
5055,202610,0,0.08429690319518476
5058,202610,0,0.10103997861672417
5059,202610,0,0.054513569170874
5065,202610,1,0.10130480941414863
5072,202610,0,0.11262713909748194
5073,202610,0,0.15461665930714133
5074,202610,0,0.21407566741516887
5076,202610,0,0.13237071317363766
5078,202610,0,0.06798945470704855
5081,202610,0,0.10688914519992304
5082,202610,0,0.11862866573350321
5084,202610,0,0.060311482785565244
5092,202610,0,0.1373884004180407
5094,202610,1,0.14163805783879996
5105,202610,0,0.13593513142328295
5107,202610,0,0.1471078904439306
5111,202610,0,0.07989015206108367
5120,202610,0,0.061723187822361456
5121,202610,0,0.08882603376934438
5123,202610,0,0.13056394882821748
5126,202610,1,0.16644367444355304
5141,202610,0,0.102321719357729
5144,202610,0,0.164454239662576
5147,202610,0,0.08903656399622699
5149,202610,0,0.08190499553500667
5152,202610,0,0.07720722479690457
5153,202610,1,0.10665582811986837
5160,202610,0,0.12981434040389012
5163,202610,1,0.14495555693730885
5170,202610,0,0.14115538320948887
5171,202610,0,0.17577091142890341
5176,202610,0,0.12869867391334555
5178,202610,0,0.2125517043516448
5189,202610,0,0.14572817164337137
5192,202610,0,0.0655572827292578
5195,202610,0,0.10156006989615843
5204,202610,0,0.150267785276835
5208,202610,0,0.1288111449248334
5211,202610,0,0.1139116838261964
5216,202610,0,0.08901249129015802
5217,202610,0,0.07358886177727453
5222,202610,0,0.16895258330583382
5225,202610,0,0.14483400721160625
5228,202610,0,0.17655457419136686
5239,202610,0,0.04650826285700851
5241,202610,0,0.10203913416232359
5242,202610,0,0.1847398825479577
5243,202610,0,0.08257689331188428
5246,202610,0,0.13252639756923967
5247,202610,0,0.1988180763006748
5248,202610,0,0.10185867320672456
5249,202610,0,0.06180366023006768
5251,202610,0,0.2381706830607375
5255,202610,0,0.1712367205682244
5257,202610,0,0.19193066903858025
5259,202610,0,0.10672661637532616
5260,202610,0,0.17097113751466178
5269,202610,0,0.19302778111144428
5273,202610,0,0.0830354853534322
5281,202610,0,0.13486437566954135
5284,202610,0,0.19879812866349428
5286,202610,0,0.08551214109781043
5292,202610,0,0.08515612069297432
5293,202610,0,0.07472808692062079
5295,202610,1,0.06828336941359488
5299,202610,0,0.07529715123539589
5301,202610,0,0.11045497509301234
5303,202610,0,0.06430325123178937
5305,202610,0,0.17699897819664256
5315,202610,0,0.0999239852915412
5316,202610,1,0.14370572985478056
5319,202610,0,0.09678857288335135
5325,202610,0,0.06253532880653533
5328,202610,1,0.16462091450717586
5331,202610,0,0.08515429912399246
5333,202610,0,0.0875536445003921
5335,202610,0,0.14117388905959616
5337,202610,1,0.1509683946904129
5339,202610,0,0.07116678666900934
5340,202610,0,0.0742689216035259
5341,202610,0,0.09269036193583141
5343,202610,0,0.06971875951979957
5347,202610,0,0.19509973044872392
5353,202610,0,0.10242067986316716
5355,202610,0,0.12625446117777758
5359,202610,0,0.15764930450871795
5363,202610,0,0.12871889611159923
5365,202610,0,0.08393383366499364
5373,202610,0,0.07276722653521223
5377,202610,0,0.12812146893378895
5379,202610,0,0.08577791323931869
5385,202610,0,0.1273262149450441
5386,202610,0,0.06602338081815226
5387,202610,0,0.15372932680950743
5389,202610,0,0.07430496040454262
5390,202610,0,0.08406869389677148
5391,202610,1,0.10517725886903961
5396,202610,0,0.07063536525252846
5397,202610,0,0.07651728220201887
5404,202610,0,0.10606497787012287
5407,202610,0,0.13213880176480006
5410,202610,0,0.04328725271333424
5411,202610,0,0.06477673305579146
5412,202610,0,0.10602090575311107
5413,202610,0,0.047533379497029786
5417,202610,0,0.16109808795223393
5418,202610,0,0.1693732729768391
5424,202610,0,0.10271022047176447
5425,202610,0,0.15429161232447774
5427,202610,0,0.1803684060959312
5428,202610,0,0.11357686320232338
5429,202610,0,0.19052661488387868
5433,202610,0,0.14124586457052202
5434,202610,0,0.09189910690424555
5440,202610,0,0.10222962258497922
5441,202610,0,0.14024702898244004
5447,202610,1,0.09321250035857633
5448,202610,0,0.11742497185169815
5456,202610,0,0.16615764976375916
5460,202610,0,0.05785255353464565
5464,202610,1,0.1678197992765818
5465,202610,0,0.1881532789848381
5468,202610,0,0.07139378712032705
5470,202610,0,0.15535700328545518
5475,202610,0,0.12031631333596216
5487,202610,0,0.16221155518083188
5494,202610,1,0.11048884616920837
5501,202610,0,0.06801508450581983
5504,202610,0,0.07321667166927488
5508,202610,0,0.15334583179495923
5510,202610,0,0.11277656300383804
5514,202610,0,0.04373484752716231
5517,202610,1,0.15746693769237574
5526,202610,1,0.10482613092939841
5528,202610,0,0.14072185941913987
5540,202610,0,0.10684281391977028
5543,202610,0,0.0986184238255895
5544,202610,1,0.07536884978672896
5545,202610,0,0.06663791341229941
5546,202610,0,0.1352981654233037
5548,202610,0,0.08182439302252846
5551,202610,0,0.2353425905918629
5553,202610,0,0.13283283740898388
5556,202610,0,0.14072424041055512
5560,202610,0,0.1705165725427824
5563,202610,0,0.13635028109307562
5565,202610,1,0.1961958338619364
5569,202610,0,0.05445989080168657
5572,202610,0,0.0632455767053298
5576,202610,0,0.09956979279906732
5582,202610,0,0.11879983578917298
5586,202610,0,0.07128484612046306
5598,202610,0,0.07624649096852337
5605,202610,0,0.11853569853847894
5608,202610,0,0.15783092698096077
5609,202610,0,0.1496780494949998
5610,202610,0,0.09620269211574939
5612,202610,1,0.07971674230420822
5620,202610,1,0.1510845452605198
5622,202610,0,0.07015748070114408
5628,202610,0,0.1405039855621611
5632,202610,0,0.13236334215524484
5635,202610,0,0.08630856732723301
5640,202610,0,0.07466517138297597
5641,202610,0,0.09991479947378622
5647,202610,0,0.06270859870790543
5648,202610,1,0.154323324162067
5649,202610,1,0.10676135714064927
5654,202610,0,0.21566464043412797
5662,202610,0,0.14545617359117183
5663,202610,1,0.0769204255978589
5665,202610,0,0.15418347733516657
5667,202610,0,0.10263079231496135
5674,202610,0,0.09598905721427699
5691,202610,0,0.11785611097228826
5694,202610,0,0.12483000529153264
5695,202610,1,0.12126697897958207
5698,202610,1,0.17513227237335857
5703,202610,1,0.18757331308493894
5706,202610,0,0.1367663752439363
5708,202610,0,0.10535888236594207
5716,202610,0,0.09763189717482362
5722,202610,0,0.06993096964755675
5738,202610,0,0.15795972739350972
5745,202610,0,0.12397163533451565
5746,202610,0,0.1483210052255042
5755,202610,0,0.1475454930681515
5756,202610,0,0.05623102217349348
5760,202610,0,0.16405169023658792
5761,202610,0,0.15005895916117115
5762,202610,0,0.09348580478173193
5763,202610,0,0.058984111328223926
5765,202610,0,0.18007186467000405
5766,202610,0,0.15420151940626503
5773,202610,0,0.13468001666994703
5775,202610,0,0.15022553697885524
5781,202610,0,0.10132084483470039
5786,202610,0,0.15002525416009077
5789,202610,0,0.15477016934996754
5799,202610,0,0.1292654032310034
5802,202610,0,0.11323181476097838
5806,202610,1,0.09367147389641274
5808,202610,0,0.15759013378158393
5811,202610,0,0.0937984066028102
5812,202610,0,0.2064304473939217
5813,202610,0,0.1389618075888364
5821,202610,0,0.13468905910296822
5829,202610,0,0.18120292355939968
5836,202610,0,0.09365256127195652
5838,202610,0,0.08794934391717997
5840,202610,0,0.1350421377882662
5842,202610,0,0.1705305707480465
5844,202610,0,0.18092013058268552
5858,202610,1,0.10932063388998156
5861,202610,0,0.10973607230169126
5864,202610,0,0.15134398125756227
5865,202610,0,0.09446544950382649
5871,202610,0,0.14822711861771296
5875,202610,0,0.14377832104115496
5877,202610,0,0.051615549302284035
5879,202610,0,0.17018452730248482
5881,202610,0,0.13870395099931093
5888,202610,0,0.18232096391240968
5891,202610,0,0.08459701946885778
5895,202610,1,0.24563621228003432
5896,202610,1,0.055662541352605586
5900,202610,0,0.13474397534922533
5903,202610,0,0.056802357119770254
5909,202610,0,0.12580110355383234
5914,202610,0,0.19546848706215572
5918,202610,0,0.10851051017539406
5923,202610,1,0.10760696236374075
5933,202610,0,0.044949806771537454
5945,202610,0,0.04898335772584622
5948,202610,0,0.07016527190336158
5949,202610,0,0.05524202876245294
5950,202610,0,0.14893361624856838
5952,202610,0,0.14264551168568226
5955,202610,0,0.16852552221412218
5959,202610,0,0.1460715988211096
5961,202610,0,0.13277464406836478
5964,202610,0,0.10083424958018694
5966,202610,0,0.19434694071865344
5978,202610,0,0.10346968193539002
5980,202610,0,0.10109837205469809
5983,202610,0,0.16158090690418572
5985,202610,0,0.10690311082578338
5995,202610,0,0.14788767875096392
6003,202610,1,0.18583319828889594
6008,202610,1,0.08956891968877702
6009,202610,0,0.17102965994758107
6013,202610,0,0.25333624515245373
6016,202610,0,0.08641343960576386
6017,202610,1,0.15582011028631793
6021,202610,0,0.19978116745390453
6023,202610,0,0.1475584276314344
6025,202610,1,0.19386089504069096
6029,202610,0,0.16955528816331386
6033,202610,0,0.14182141728453954
6036,202610,0,0.08223911641551741
6039,202610,0,0.14173502455938833
6046,202610,0,0.13667693933934266
6047,202610,0,0.11440715568091976
6048,202610,0,0.11921521674575178
6050,202610,0,0.19442993499407624
6051,202610,0,0.08477961452426873
6054,202610,0,0.07412508495273859
6059,202610,1,0.12959922409628108
6061,202610,0,0.13062583438728614
6062,202610,0,0.11494003764094689
6065,202610,0,0.12411388660867927
6068,202610,0,0.05618915238010265
6069,202610,0,0.17824330094272453
6070,202610,0,0.1852912021060442
6072,202610,0,0.05468137685220747
6076,202610,0,0.15844115036460174
6082,202610,0,0.08207783173110028
6101,202610,1,0.10614264754938503
6104,202610,0,0.195077574436388
6110,202610,0,0.115507409078679
6122,202610,0,0.11062416736387469
6123,202610,0,0.1175445328362831
6124,202610,1,0.11687523910921109
6126,202610,0,0.055790764044183
6128,202610,0,0.13043364945906194
6131,202610,0,0.06200791870288742
6138,202610,1,0.19309971310810994
6139,202610,0,0.07922955091882553
6140,202610,0,0.1654721351142246
6142,202610,0,0.1695400586147017
6143,202610,0,0.08790951818549421
6144,202610,1,0.10528295868717238
6147,202610,0,0.1514407261196656
6152,202610,0,0.18893920752302445
6164,202610,0,0.07404792595249794
6171,202610,0,0.21430199323202057
6173,202610,0,0.10195127591085101
6175,202610,0,0.18446617591065756
6176,202610,0,0.05815081690756764
6179,202610,0,0.11600144854710762
6180,202610,1,0.15907793075007834
6181,202610,0,0.09493725205025001
6184,202610,0,0.05360818969351834
6191,202610,0,0.08778199272609513
6195,202610,0,0.20414687527206293
6200,202610,0,0.12647713451133008
6201,202610,0,0.1721239611929623
6206,202610,0,0.08356648683765397
6208,202610,0,0.17954786172979592
6213,202610,1,0.07292073366322319
6216,202610,1,0.09301147467430876
6219,202610,0,0.1305497726173701
6220,202610,1,0.08050687580716467
6223,202610,0,0.07091060553480846
6224,202610,0,0.09535525070843616
6237,202610,0,0.08516183151711448
6248,202610,1,0.10174338891958161
6255,202610,0,0.07727516356001343
6264,202610,0,0.188031737179224
6265,202610,0,0.15430375854529793
6273,202610,0,0.09118534691525965
6275,202610,0,0.16632180469148572
6279,202610,0,0.10788975536234448
6284,202610,0,0.1530061440928408
6285,202610,1,0.05091495807629282
6295,202610,0,0.0783498579526945
6297,202610,0,0.06518503278462229
6300,202610,1,0.1163234122509664
6306,202610,0,0.05705326447688948
6311,202610,0,0.16222776691391266
6327,202610,0,0.05865684445826248
6330,202610,0,0.09771121208961629
6337,202610,1,0.16034554917384727
6338,202610,0,0.13043428511952493
6343,202610,0,0.2191785751056436
6345,202610,0,0.17490584837169468
6349,202610,0,0.17376504342746865
6351,202610,0,0.09376445050431342
6357,202610,0,0.07682491160964741
6358,202610,1,0.10045644893360058
6360,202610,0,0.11668984094782432
6389,202610,0,0.06147535424958596
6392,202610,0,0.10787411471223689
6402,202610,1,0.1780352165952869
6403,202610,1,0.11776684577931605
6404,202610,0,0.09313116141236456
6406,202610,0,0.06801246568155485
6407,202610,0,0.11821023389572959
6414,202610,0,0.11405936895634962
6419,202610,0,0.1189131276244076
6425,202610,0,0.10705809293238175
6428,202610,0,0.07296991064062713
6431,202610,0,0.1292889978451747
6435,202610,0,0.10302969985811992
6436,202610,0,0.06747649789941002
6440,202610,0,0.13015267203318787
6446,202610,0,0.15807672339793497
6458,202610,1,0.24651192274056552
6459,202610,0,0.05362846914814592
6465,202610,0,0.09865352037770929
6473,202610,0,0.10265112049321522
6476,202610,0,0.06856915821690132
6477,202610,0,0.09419800438831598
6478,202610,0,0.12985217511842373
6481,202610,1,0.07538781557461738
6488,202610,1,0.08538940246939436
6491,202610,0,0.1558473253634116
6494,202610,0,0.07722804220333304
6501,202610,0,0.10236231366342363
6502,202610,0,0.1631163427372525
6503,202610,0,0.12346048501199271
6514,202610,0,0.05549882715383487
6516,202610,0,0.10595210691020951
6534,202610,0,0.10480670492002467
6536,202610,1,0.15032576908538423
6538,202610,1,0.18486308404212884
6541,202610,0,0.0540087230283458
6551,202610,1,0.15865269858309558
6553,202610,0,0.1337093366572786
6557,202610,0,0.09595749943957935
6559,202610,0,0.1389971785258414
6560,202610,0,0.2041068518454371
6562,202610,0,0.15263649840624383
6569,202610,1,0.11621115597065759
6575,202610,0,0.1207517604701225
6583,202610,0,0.06568966972025408
6588,202610,0,0.14139323600272374
6590,202610,0,0.09029731189475083
6594,202610,0,0.11773508119812623
6599,202610,0,0.11857514146390509
6602,202610,0,0.13038209114327415
6603,202610,0,0.17023596722232204
6605,202610,1,0.11818966163092287
6606,202610,0,0.07095063734149377
6614,202610,0,0.1281531826337722
6618,202610,0,0.06588170009474177
6628,202610,0,0.11869757502710612
6629,202610,1,0.16354702066322438
6633,202610,0,0.07819511832514463
6639,202610,0,0.06308447377407758
6648,202610,0,0.1306610896187426
6654,202610,0,0.08553624929735167
6656,202610,0,0.05089957148064575
6657,202610,0,0.12802439182630893
6663,202610,0,0.06981272662909112
6664,202610,0,0.10936055654540318
6666,202610,0,0.06812077592577774
6670,202610,0,0.1028076640357303
6671,202610,0,0.06970921004108298
6682,202610,1,0.1409418452117452
6683,202610,0,0.05855871319725128
6693,202610,0,0.15066315964136556
6694,202610,0,0.12605572052466124
6695,202610,0,0.14061709415077017
6699,202610,0,0.14202874630786483
6701,202610,0,0.08415709920132325
6706,202610,0,0.054918544834953495
6707,202610,0,0.06235791447008398
6709,202610,1,0.17523836067634668
6713,202610,1,0.09386288737940952
6720,202610,0,0.07014833307487746
6721,202610,0,0.09894184705228323
6726,202610,0,0.18063303906005249
6735,202610,0,0.08833679666695239
6741,202610,1,0.06562088674380155
6745,202610,0,0.14695028038158303
6746,202610,0,0.11297008800425327
6751,202610,0,0.056642871800528974
6752,202610,1,0.17770947007294846
6759,202610,0,0.1569865141819324
6760,202610,0,0.08098271648971193
6765,202610,0,0.14571228594312252
6767,202610,0,0.10655230904412225
6768,202610,0,0.11536450882569357
6772,202610,0,0.11508053358185215
6774,202610,0,0.06989909634481363
6776,202610,0,0.16168628930754644
6779,202610,0,0.12111170782623965
6789,202610,0,0.11351321440235085
6792,202610,0,0.1960547463895513
6797,202610,0,0.05479113776715743
6801,202610,1,0.07747062149887375
6807,202610,0,0.13424112319875992
6808,202610,0,0.16627933222221122
6811,202610,0,0.1548144237022987
6813,202610,0,0.14415051549577118
6814,202610,0,0.12755354287216705
6817,202610,0,0.13788046639499513
6826,202610,0,0.11518575943067419
6828,202610,1,0.0899474012745089
6830,202610,0,0.06935092504923852
6832,202610,0,0.18358919405007962
6834,202610,0,0.11456784498399024
6838,202610,0,0.18232037501164422
6840,202610,0,0.09144878326946487
6844,202610,1,0.21260633318596098
6850,202610,0,0.08530083793086961
6851,202610,0,0.13691269074731874
6854,202610,0,0.16152677866552698
6856,202610,0,0.27208566610308843
6858,202610,0,0.07089759294030396
6864,202610,1,0.14552928945323834
6866,202610,0,0.11125069013814406
6871,202610,0,0.15611550726570872
6872,202610,0,0.08170784794381553
6877,202610,1,0.1689979564736875
6879,202610,0,0.1233360136978505
6881,202610,0,0.07103204162079081
6882,202610,0,0.17202325158797252
6883,202610,0,0.0904334739813098
6894,202610,0,0.16228043982273627
6899,202610,0,0.06223826911103551
6903,202610,0,0.15717933566379727
6904,202610,1,0.06858312167743372
6908,202610,0,0.16293279354729256
6914,202610,0,0.13056611676782331
6915,202610,0,0.12765618830083011
6917,202610,0,0.11752397390078388
6922,202610,0,0.12547346080304117
6933,202610,0,0.0662991925017861
6944,202610,0,0.12295301239615332
6948,202610,0,0.13190505106346614
6957,202610,0,0.06102409258002403
6962,202610,0,0.1032390301346941
6964,202610,0,0.12027701792409876
6965,202610,0,0.08262194082712838
6979,202610,1,0.18012147212311186
6987,202610,0,0.10558765474466474
6989,202610,0,0.06596510387872077
6991,202610,0,0.11857125165202836
6992,202610,0,0.06659437435026277
7002,202610,1,0.17666489369188368
7007,202610,1,0.18361788785060137
7010,202610,0,0.13767421172192817
7012,202610,0,0.10955735753273714
7019,202610,0,0.09755238971138008
7021,202610,0,0.07089584169800374
7023,202610,0,0.08342337750919807
7033,202610,0,0.07596854569690384
7034,202610,0,0.10005567648022604
7043,202610,0,0.10712714109303592
7047,202610,0,0.11157294704784657
7050,202610,0,0.13791163723390465
7052,202610,1,0.16523963744880232
7057,202610,0,0.12967771644735526
7068,202610,1,0.21436838247501283
7069,202610,0,0.0725018506395183
7070,202610,0,0.09792450836423261
7072,202610,0,0.17930158586940415
7078,202610,0,0.14832020754372605
7081,202610,0,0.07385424788375335
7082,202610,0,0.08165251462653403
7088,202610,0,0.09787871911550723
7093,202610,0,0.17006151776775
7094,202610,1,0.18563459669699897
7100,202610,0,0.17941830839273126
7103,202610,0,0.06748555238460252
7104,202610,0,0.12150596321838854
7109,202610,0,0.05237327029092712
7111,202610,0,0.1671358451872644
7113,202610,0,0.05681738091107989
7119,202610,0,0.10044126899810897
7122,202610,0,0.05774812694337305
7134,202610,0,0.24256954242448836
7136,202610,1,0.1466715132060833
7141,202610,0,0.08236343354393173
7143,202610,1,0.14575615513278775
7147,202610,0,0.11284565004159877
7153,202610,0,0.07091758143826422
7155,202610,0,0.12039892696062976
7156,202610,0,0.15486395874614625
7159,202610,1,0.08167414458279448
7163,202610,0,0.20658749910577104
7171,202610,0,0.14243681829861404
7173,202610,0,0.10366228491645645
7177,202610,0,0.12552808832008547
7179,202610,0,0.19422745785890533
7182,202610,1,0.11305934442250153
7184,202610,1,0.11755909860421772
7185,202610,1,0.1619580526843651
7191,202610,0,0.17179048288221313
7196,202610,0,0.17467677723596772
7197,202610,0,0.07331959291084751
7199,202610,0,0.14599171122825208
7204,202610,1,0.1054576143143855
7205,202610,0,0.04852900310652975
7209,202610,0,0.06481608716368097
7213,202610,0,0.1313782315913126
7215,202610,0,0.06013535516637726
7216,202610,0,0.10755805286877226
7217,202610,0,0.1598739488906488
7224,202610,0,0.13109497399020778
7229,202610,1,0.21400299060462194
7230,202610,0,0.1574643890801873
7235,202610,0,0.19533305036592813
7237,202610,0,0.2527175816240573
7245,202610,0,0.13568805030630643
7246,202610,0,0.09613317367471898
7252,202610,0,0.08297916818593451
7257,202610,0,0.11313354310480868
7258,202610,0,0.08111742366277357
7261,202610,0,0.0826526784834355
7269,202610,0,0.13354960729244858
7270,202610,0,0.11620407164770609
7274,202610,0,0.06127672643628892
7283,202610,0,0.12492942979728229
7291,202610,0,0.07581332340543225
7299,202610,0,0.10414695085041573
7301,202610,0,0.0620045142921515
7304,202610,0,0.13727911511240018
7311,202610,0,0.15425304695570893
7314,202610,0,0.16143200456700652
7321,202610,1,0.13423268259080104
7324,202610,0,0.07986593724330122
7326,202610,0,0.16761944839537155
7328,202610,0,0.20875416748437362
7332,202610,0,0.1396918828319906
7333,202610,0,0.1636990080913926
7335,202610,0,0.15889922856926184
7336,202610,0,0.0748775672456725
7337,202610,0,0.17603518028807275
7344,202610,0,0.1343542369060938
7348,202610,0,0.09120654172027116
7351,202610,0,0.12058010440083948
7352,202610,0,0.07873575891737501
7361,202610,0,0.14278438574921562
7371,202610,0,0.16417291143434637
7373,202610,0,0.14187684386363572
7374,202610,0,0.1633915503754003
7376,202610,0,0.07048747974056943
7383,202610,0,0.21145895401012463
7390,202610,0,0.10175328647389065
7391,202610,0,0.07394331335472913
7392,202610,0,0.11410225731535505
7395,202610,0,0.054430254687686364
7400,202610,0,0.1787927060139779
7403,202610,0,0.13549607721649506
7404,202610,0,0.11909452759254324
7405,202610,1,0.13137547288000068
7407,202610,0,0.1300700931606886
7412,202610,1,0.15641338307554664
7414,202610,0,0.07945506841693581
7425,202610,1,0.1841844173269705
7429,202610,0,0.12771368694309024
7435,202610,0,0.16703547537704552
7436,202610,0,0.10352421619669336
7438,202610,0,0.09527723464523953
7441,202610,0,0.06330203777897096
7443,202610,0,0.2069234665363717
7444,202610,0,0.2490442145957218
7452,202610,0,0.09675803560875096
7456,202610,0,0.11730172716078203
7462,202610,0,0.08348636957337506
7472,202610,0,0.1646358494472746
7473,202610,1,0.1417956184349599
7482,202610,0,0.1909477483469922
7483,202610,0,0.12307518916447553
7488,202610,0,0.21008182075817886
7489,202610,1,0.12752247411303763
7490,202610,0,0.13650777209598922
7492,202610,0,0.1412039167264529
7497,202610,1,0.11894138991705437
7500,202610,0,0.07613860497856585
7504,202610,0,0.09320610437724429
7507,202610,0,0.13455024744912364
7511,202610,0,0.06081030724852256
7519,202610,0,0.12919639654981596
7520,202610,0,0.23787455308500416
7522,202610,0,0.05978553253912955
7530,202610,0,0.04689163862472033
7534,202610,0,0.1075045146626935
7536,202610,0,0.1769862085207856
7541,202610,0,0.12096570159775995
7543,202610,0,0.07909403350085456
7545,202610,0,0.10243113418528565
7556,202610,0,0.11257970509879965
7558,202610,0,0.16523663833533275
7560,202610,0,0.1506615817788034
7561,202610,0,0.13766942084603412
7571,202610,0,0.11651321689459399
7579,202610,0,0.11430811430796356
7580,202610,0,0.08138682338387891
7581,202610,0,0.10787123674266201
7582,202610,0,0.10527630395921908
7586,202610,0,0.14244034103640968
7590,202610,0,0.1856977855464804
7592,202610,0,0.0898681949521043
7594,202610,0,0.11624684367969043
7595,202610,0,0.17838564309946053
7601,202610,0,0.09155519652776786
7602,202610,0,0.13830082512612565
7603,202610,0,0.14920977897914953
7611,202610,0,0.06761843203120217
7617,202610,0,0.048231394239310735
7618,202610,0,0.16371125908568973
7619,202610,0,0.13619452345518238
7621,202610,1,0.14577616321951428
7625,202610,0,0.06472357057477285
7628,202610,0,0.10840538116850318
7630,202610,0,0.06572185664700118
7631,202610,0,0.06340017967105374
7633,202610,0,0.1724549309565634
7634,202610,0,0.11952124244574588
7641,202610,0,0.17690089647238685
7642,202610,0,0.09629011716822346
7646,202610,0,0.10002152269270448
7647,202610,1,0.07460816580006521
7648,202610,0,0.1380129554388741
7654,202610,1,0.09686362966644249
7662,202610,0,0.14504044935227461
7666,202610,0,0.11374349155979264
7674,202610,0,0.1051431776214049
7676,202610,0,0.07974368668840319
7677,202610,1,0.10307887822736922
7679,202610,0,0.15562763112303815
7681,202610,0,0.09544195915342527
7686,202610,0,0.05836869023205712
7692,202610,0,0.12811958253490516
7694,202610,0,0.1322321510222804
7696,202610,0,0.20410215659532055
7700,202610,1,0.14171738237018855
7707,202610,0,0.07680033544763705
7708,202610,0,0.051112785878231315
7712,202610,0,0.08707132303443722
7715,202610,0,0.10321783046099135
7716,202610,0,0.10454568952687579
7717,202610,0,0.1767587982115228
7719,202610,0,0.05890313148206141
7723,202610,0,0.09830414386022686
7726,202610,0,0.15451345955919574
7734,202610,0,0.21463710585330364
7739,202610,0,0.07116840155331783
7743,202610,0,0.10711647651042665
7751,202610,0,0.05763911179403375
7752,202610,0,0.11307108374603606
7755,202610,0,0.06749777090169218
7758,202610,0,0.06856789591814134
7761,202610,0,0.11039469040041887
7767,202610,0,0.06448879619654256
7773,202610,0,0.07323446337425046
7779,202610,0,0.10151354105541179
7785,202610,0,0.11093919111236263
7792,202610,0,0.08253901590252377
7800,202610,0,0.11332389530394613
7801,202610,0,0.10983291301459613
7802,202610,0,0.07534010092212037
7804,202610,0,0.102976920922641
7808,202610,0,0.20874058722478292
7809,202610,1,0.04116941679546899
7811,202610,0,0.09669210799053331
7812,202610,1,0.1216530773252591
7816,202610,0,0.09526504432444315
7822,202610,0,0.10583443654160261
7823,202610,0,0.09161386511550808
7826,202610,0,0.10455683888500601
7832,202610,0,0.10520037603853818
7833,202610,0,0.1465730873435858
7838,202610,0,0.06159711195003126
7839,202610,1,0.13493709435970921
7840,202610,0,0.10285824714896583
7846,202610,1,0.1487960178533094
7849,202610,0,0.10850351966227605
7851,202610,0,0.16251335168031772
7857,202610,0,0.12004286438777219
7877,202610,0,0.08310515719199574
7885,202610,0,0.17762386984419512
7895,202610,1,0.062399142073356256
7900,202610,0,0.1360931138278068
7907,202610,0,0.14256190292850462
7910,202610,0,0.06055586522428807
7914,202610,0,0.16624039755492606
7917,202610,1,0.10436308602096901
7918,202610,0,0.1537111723792512
7919,202610,0,0.11852874077821016
7921,202610,0,0.07966100898741435
7928,202610,0,0.14923843514701063
7933,202610,0,0.16390439621926975
7937,202610,0,0.12123945796399423
7938,202610,1,0.20729923698067032
7941,202610,0,0.07618069843696826
7947,202610,0,0.1112693780289031
7955,202610,0,0.14050074619713712
7956,202610,0,0.1638705448935424
7957,202610,0,0.11081327826986062
7958,202610,1,0.23120117400280443
7964,202610,0,0.08114896540880226
7967,202610,1,0.1270937029137601
7968,202610,0,0.1422044334838579
7971,202610,1,0.11790023381460119
7975,202610,1,0.13931255995760244
7980,202610,0,0.08502298987383385
7983,202610,0,0.089920254658804
8004,202610,0,0.19696935211281014
8013,202610,1,0.21541826470263914
8016,202610,0,0.08436127810783756
8017,202610,0,0.0585345853376886
8024,202610,0,0.19348200425227938
8028,202610,1,0.14717401505451222
8031,202610,0,0.07932838101889089
8032,202610,0,0.07263079834660345
8035,202610,0,0.07814569821091406
8036,202610,0,0.12001225991248284
8037,202610,0,0.07588881546905343
8052,202610,0,0.14976086294184304
8053,202610,1,0.08019432682738717
8055,202610,0,0.05371928448283769
8059,202610,0,0.11217812133713605
8063,202610,0,0.10662972983599543
8064,202610,0,0.1336869118531616
8068,202610,0,0.11444583936126605
8070,202610,0,0.06700574303849831
8072,202610,0,0.11850403711469139
8073,202610,1,0.16815126114658563
8085,202610,0,0.16286856157387866
8089,202610,0,0.10532049645854334
8097,202610,0,0.047882236992488926
8100,202610,0,0.1482161690197498
8102,202610,0,0.19238989599033493
8105,202610,0,0.08624893977587432
8114,202610,0,0.11195265343229366
8117,202610,0,0.11710464216986952
8120,202610,0,0.1102142333232356
8126,202610,0,0.12797887894068508
8127,202610,1,0.08435561921256177
8128,202610,0,0.07302065591728826
8135,202610,0,0.07786082407080358
8136,202610,0,0.16671808749085323
8137,202610,0,0.14352487130637312
8141,202610,0,0.142249286130749
8148,202610,0,0.0849942246032402
8169,202610,0,0.06595107264517042
8173,202610,0,0.06828353285619629
8178,202610,0,0.12477962495788565
8179,202610,0,0.16718044672903457
8182,202610,0,0.0747017794558971
8184,202610,0,0.07573638148536038
8186,202610,0,0.1772691008786763
8189,202610,0,0.10602958046891824
8196,202610,0,0.1702466663359589
8204,202610,1,0.10066218723670944
8216,202610,0,0.08391145828454227
8217,202610,1,0.1964031484342368
8219,202610,0,0.12138147065850015
8221,202610,0,0.12037615533317539
8225,202610,1,0.20774255881537007
8227,202610,0,0.06608560873179435
8229,202610,1,0.08729767197607582
8232,202610,0,0.18239844405747457
8245,202610,0,0.11518463638520708
8246,202610,0,0.19176626970217814
8248,202610,0,0.1348387749336032
8249,202610,0,0.1548441117782687
8250,202610,0,0.1427930037077215
8256,202610,0,0.06932178885580657
8258,202610,0,0.18661806674455172
8259,202610,0,0.05622025258120064
8268,202610,0,0.13908707948132798
8270,202610,1,0.15063585745882274
8271,202610,0,0.08569036976810673
8272,202610,0,0.15550573972722478
8273,202610,0,0.12925252671339357
8275,202610,0,0.1139137249570681
8277,202610,0,0.14656529461918755
8281,202610,1,0.16047235303550947
8283,202610,0,0.13503282215025383
8285,202610,0,0.13736290318068345
8288,202610,0,0.06507951864848932
8299,202610,0,0.052545728810734715
8300,202610,0,0.12055072659266863
8301,202610,0,0.06412241379418111
8307,202610,0,0.1326335528281849
8315,202610,0,0.14041694388020848
8324,202610,0,0.09488207828712476
8326,202610,0,0.13121773109620227
8327,202610,1,0.12893417225416715
8328,202610,1,0.18572152043899012
8334,202610,1,0.09357495716782331
8351,202610,0,0.0763045029332689
8367,202610,0,0.0892035164601817
8368,202610,0,0.1907770269562742
8371,202610,0,0.18520288368359442
8383,202610,0,0.08604897921152181
8386,202610,0,0.18656559741204692
8389,202610,0,0.12035452910879514
8402,202610,0,0.06507725466479515
8404,202610,0,0.1371117598571079
8409,202610,1,0.11429149702164627
8416,202610,1,0.14577613546036675
8417,202610,0,0.09534216017074308
8419,202610,0,0.12620493611857161
8420,202610,1,0.15364553038228665
8421,202610,0,0.15681134305250496
8422,202610,0,0.05598649538084526
8425,202610,0,0.18266976808561317
8429,202610,0,0.11433930701753414
8433,202610,0,0.16254986107888073
8436,202610,1,0.12553654728151584
8437,202610,0,0.056932357466015764
8440,202610,0,0.06648839148951692
8446,202610,1,0.16078790326983702
8455,202610,0,0.16663895290428124
8462,202610,0,0.15112522737216988
8471,202610,0,0.16485337192642452
8479,202610,0,0.16676138451678246
8482,202610,0,0.07832218460582432
8485,202610,0,0.1712270915255312
8489,202610,0,0.08403958293826669
8490,202610,0,0.04100771881252235
8492,202610,0,0.06538989711044792
8496,202610,0,0.1494144194472125
8497,202610,0,0.07003788702775524
8498,202610,0,0.11212788173979003
8500,202610,0,0.1653777033523884
8501,202610,0,0.15646072059809973
8508,202610,0,0.19295382205236652
8512,202610,0,0.1971111640964342
8519,202610,0,0.12922971260197455
8522,202610,0,0.1987328709063515
8536,202610,0,0.08899106571134675
8545,202610,0,0.13964479072809832
8546,202610,0,0.10452119694253247
8554,202610,0,0.1364047430444059
8556,202610,0,0.12125448403621907
8557,202610,0,0.14994204995658153
8559,202610,0,0.14469852538081734
8560,202610,0,0.1695449016052603
8563,202610,0,0.08782460837932833
8565,202610,0,0.15746856831942202
8574,202610,0,0.06206591907819466
8578,202610,0,0.0703921729257726
8585,202610,0,0.06489617645446055
8599,202610,1,0.17046585750414828
8602,202610,0,0.17092099495441399
8605,202610,0,0.10605595972492694
8609,202610,0,0.0827432819387702
8610,202610,1,0.11086238269960415
8614,202610,0,0.06795217309904597
8619,202610,0,0.11558760508916628
8621,202610,1,0.10236789774430231
8629,202610,0,0.1496066534861091
8632,202610,0,0.10605724181526507
8635,202610,0,0.08706524069234954
8639,202610,0,0.05785187574941371
8642,202610,0,0.08756282043433396
8643,202610,0,0.11530295977842878
8649,202610,0,0.14882569427245682
8655,202610,0,0.1344341895969726
8657,202610,0,0.11314804426772719
8662,202610,0,0.08871955494094774
8663,202610,0,0.15582656874367512
8666,202610,0,0.14911874051416324
8674,202610,0,0.06342736266143735
8676,202610,0,0.12672650783979622
8680,202610,1,0.15842235977282168
8686,202610,0,0.16907268512207316
8691,202610,0,0.08908875850637196
8701,202610,0,0.13330125133261744
8702,202610,0,0.08370996856967541
8705,202610,1,0.16022287511946945
8714,202610,0,0.08494444540179452
8716,202610,1,0.13764646843776185
8718,202610,0,0.11826163209787827
8731,202610,0,0.16088630915959418
8736,202610,0,0.14887710879761556
8738,202610,0,0.15646535159933417
8745,202610,0,0.060406184289150074
8749,202610,0,0.11366012089798809
8754,202610,0,0.15604622851256958
8755,202610,0,0.14103712396196721
8760,202610,0,0.11162414887486953
8762,202610,0,0.05578374284073416
8767,202610,0,0.07139856478313443
8768,202610,0,0.13798948577943507
8769,202610,0,0.04985262796747638
8770,202610,1,0.08986202621052479
8771,202610,0,0.15828911288566697
8772,202610,1,0.12735536068574194
8781,202610,0,0.09784231724813341
8782,202610,1,0.07371021105192217
8789,202610,0,0.10541804088172116
8795,202610,0,0.114017479739005
8796,202610,0,0.07686960929764747
8807,202610,1,0.16460399389183866
8811,202610,0,0.14047719747836004
8815,202610,0,0.1559046192001666
8820,202610,0,0.1122675316479489
8821,202610,1,0.0731690168003301
8825,202610,0,0.1413898701040236
8832,202610,0,0.10752133759182077
8839,202610,0,0.11193432449862892
8841,202610,0,0.1256693161261118
8844,202610,0,0.15512508420400214
8848,202610,0,0.10992271264081957
8849,202610,0,0.06477262857998273
8856,202610,0,0.16363036454764013
8865,202610,0,0.10322503034246107
8874,202610,0,0.17983718258041662
8875,202610,0,0.11511957213531226
8879,202610,0,0.08801000967590139
8882,202610,0,0.06955455117724886
8885,202610,0,0.12364857712181261
8892,202610,0,0.14118821260006414
8897,202610,0,0.07415070595562766
8899,202610,1,0.16899647629750522
8905,202610,0,0.06473224842868164
8911,202610,1,0.16396930621327357
8912,202610,1,0.08153362674807486
8921,202610,0,0.06508196967225686
8926,202610,0,0.13813535784266268
8928,202610,0,0.10981762733933868
8930,202610,1,0.14389285803470653
8935,202610,0,0.13443881348398803
8939,202610,0,0.07508150519749605
8941,202610,0,0.1826219509110873
8942,202610,0,0.06842269678549526
8949,202610,0,0.08798017137962535
8951,202610,0,0.06812295154755328
8954,202610,0,0.1654047463697674
8958,202610,0,0.1007298790739011
8964,202610,0,0.05964258550621625
8972,202610,0,0.05992223555907015
8978,202610,0,0.11120309753360584
8979,202610,0,0.08126038050113193
8980,202610,1,0.1522446076174168
8983,202610,1,0.15109502498421287
8988,202610,0,0.160613633167944
8997,202610,0,0.15457604978662934
8998,202610,0,0.06544489449908095
8999,202610,0,0.12554764331388663
9005,202610,1,0.1980046322460678
9006,202610,0,0.07851394559557508
9008,202610,0,0.16505458317188357
9012,202610,0,0.18128057163539613
9024,202610,0,0.10663164048061614
9026,202610,0,0.12782072432753092
9030,202610,0,0.15275752822893857
9034,202610,0,0.047318514286074184
9036,202610,0,0.19154197870025372
9038,202610,0,0.07096808924057896
9040,202610,0,0.15247505095727235
9041,202610,0,0.06425104365699241
9042,202610,0,0.04910923676653066
9046,202610,0,0.06577793088496064
9049,202610,0,0.07279822695388326
9051,202610,0,0.18289157417371033
9054,202610,0,0.18347547951299306
9057,202610,0,0.06867528909582056
9062,202610,0,0.05726349534016306
9072,202610,0,0.15041922483603767
9075,202610,0,0.08609193729270553
9079,202610,0,0.16069220346443547
9081,202610,0,0.08637874080907045
9086,202610,1,0.25420187851448944
9090,202610,1,0.08917478505147916
9091,202610,0,0.059328731798398385
9099,202610,1,0.06983044169506195
9110,202610,0,0.058815780300355634
9113,202610,0,0.15431139022590679
9116,202610,0,0.14851692753696086
9120,202610,0,0.07567426589864906
9126,202610,0,0.18721412203582327
9133,202610,0,0.0814217242577741
9135,202610,0,0.15544688221864936
9144,202610,0,0.12328784107965952
9146,202610,0,0.12779745020841266
9153,202610,0,0.10898182680386462
9155,202610,0,0.07459927768318449
9160,202610,0,0.10075841100717113
9165,202610,0,0.12158724926535783
9172,202610,0,0.1524855839216897
9174,202610,0,0.07239045381797617
9179,202610,0,0.11991282104907845
9180,202610,0,0.11853411682612507
9192,202610,0,0.18594127516615672
9194,202610,0,0.08610785026006865
9195,202610,0,0.18627416056263332
9199,202610,0,0.11914117934859979
9204,202610,0,0.05922994083838888
9205,202610,0,0.06728366972402884
9210,202610,0,0.08481996471532023
9216,202610,1,0.20655569171801344
9219,202610,0,0.09721172041366363
9225,202610,1,0.08903452315602975
9227,202610,0,0.07741907993686598
9228,202610,0,0.10989390013401688
9233,202610,0,0.1393031185458897
9235,202610,0,0.1527089225127309
9237,202610,0,0.06539195059643961
9239,202610,0,0.05413646799638916
9240,202610,0,0.04671413589723104
9241,202610,0,0.1530246170858965
9242,202610,0,0.09838915236291297
9246,202610,0,0.062122673832794705
9248,202610,0,0.11944042010125147
9253,202610,0,0.11367351274920842
9254,202610,0,0.12880959812459036
9260,202610,0,0.12052812094006557
9261,202610,0,0.0735813728614359
9262,202610,0,0.13329666294895895
9263,202610,0,0.20195604537003164
9266,202610,0,0.21339013286799982
9268,202610,0,0.07509865920333822
9275,202610,0,0.07697764600012698
9278,202610,0,0.13162918859264164
9287,202610,0,0.1223219894877034
9288,202610,0,0.1090271470545922
9292,202610,0,0.15198010384106525
9308,202610,0,0.12003007775509324
9309,202610,0,0.1578893598096665
9310,202610,0,0.1795335419735876
9312,202610,0,0.11927800369956815
9314,202610,0,0.08533076944761142
9316,202610,0,0.05538520334886253
9318,202610,0,0.14313367388417947
9322,202610,0,0.17596729198947184
9325,202610,0,0.1733071245144032
9326,202610,1,0.16319796531479805
9327,202610,0,0.1303348098991528
9336,202610,0,0.10514457492516512
9340,202610,0,0.1734303044337
9342,202610,0,0.15576813505586382
9346,202610,0,0.09595267757361503
9351,202610,0,0.21065468878141178
9355,202610,0,0.10584143473528843
9357,202610,0,0.10179448276904977
9358,202610,0,0.11247263039957557
9363,202610,0,0.1255838772717154
9365,202610,0,0.1167986033622946
9371,202610,0,0.13032395363891963
9372,202610,0,0.11988195502839684
9374,202610,0,0.0826134280628374
9378,202610,0,0.18462333849723875
9383,202610,1,0.10297309368297441
9385,202610,0,0.09345600714444995
9386,202610,0,0.18689882050432574
9413,202610,0,0.05876647111026245
9418,202610,0,0.15861548764867903
9420,202610,0,0.0634224062708182
9421,202610,1,0.15934667077613143
9422,202610,0,0.056149056928369946
9423,202610,0,0.08654603412871816
9425,202610,0,0.13932570517066026
9426,202610,0,0.1825365469153201
9434,202610,0,0.1726038405485634
9436,202610,0,0.08133946817394175
9439,202610,0,0.09351289958677894
9442,202610,0,0.11003032257001802
9446,202610,0,0.05189543624644504
9455,202610,1,0.10587308319765694
9457,202610,0,0.14538469366890727
9460,202610,0,0.16347678775859883
9461,202610,0,0.13744524378598216
9467,202610,0,0.13266584577213975
9472,202610,0,0.1327441395995495
9473,202610,0,0.21826780842496307
9483,202610,0,0.06781321203926455
9485,202610,0,0.11403089131382703
9492,202610,0,0.09693962945943195
9500,202610,0,0.1343308295445127
9501,202610,1,0.19519471722145218
9507,202610,0,0.13680002124955162
9513,202610,0,0.0740354745936543
9514,202610,0,0.17992341611827897
9516,202610,0,0.13338726515388455
9520,202610,0,0.09758012104181917
9524,202610,1,0.1137078789935786
9532,202610,0,0.07842757279623021
9542,202610,0,0.10180457878534714
9544,202610,0,0.20702190227254097
9548,202610,0,0.1122089263416611
9553,202610,0,0.1449927897074989
9554,202610,1,0.08829748166087859
9556,202610,0,0.07433256546592441
9558,202610,0,0.16030899176038033
9559,202610,0,0.1655349773254284
9565,202610,0,0.17370213503842136
9571,202610,0,0.12426057166620082
9575,202610,0,0.15743262430404328
9576,202610,1,0.18664531414675942
9587,202610,0,0.155246904660024
9602,202610,0,0.13628220259236518
9609,202610,0,0.06776984986177631
9612,202610,1,0.16234225402537114
9618,202610,0,0.06649652359952868
9622,202610,0,0.1434243519535697
9624,202610,0,0.1285038853393754
9633,202610,0,0.16091689871222992
9648,202610,0,0.11204221233367899
9658,202610,0,0.1086875680356567
9668,202610,0,0.10391057562934747
9673,202610,1,0.11193370304124464
9702,202610,0,0.05065495846471817
9705,202610,0,0.15535550324621125
9706,202610,0,0.07798346628194637
9707,202610,0,0.15575768008942661
9708,202610,0,0.10022081997914317
9709,202610,0,0.12784846284627038
9710,202610,0,0.15332444447230698
9720,202610,1,0.13981137617457418
9726,202610,0,0.15695960285146468
9736,202610,1,0.23115919901544707
9740,202610,1,0.11089553296044496
9753,202610,0,0.05952232787453707
9756,202610,1,0.09284868008330743
9757,202610,0,0.07290996431724218
9761,202610,0,0.08466120159704618
9765,202610,0,0.1994043098011472
9768,202610,0,0.1114738476916791
9769,202610,0,0.154179020057282
9775,202610,0,0.06388077901639701
9778,202610,0,0.15266406650446446
9787,202610,0,0.1520672600114107
9788,202610,0,0.10250277795403588
9789,202610,0,0.16791602524480798
9791,202610,1,0.09466022999295502
9792,202610,0,0.12464852149685017
9793,202610,0,0.1054941509469529
9795,202610,1,0.07168460149108112
9815,202610,0,0.11070530127690914
9816,202610,0,0.08819487928702
9822,202610,0,0.11490914964090553
9823,202610,0,0.17553841889281385
9827,202610,0,0.12348293803929829
9835,202610,0,0.15175113630889175
9840,202610,0,0.06119034220611569
9841,202610,0,0.1372880100858784
9849,202610,0,0.10969244585305148
9853,202610,0,0.1608359655426408
9856,202610,1,0.0658953272408144
9864,202610,1,0.14079915778670618
9867,202610,1,0.10580451289593343
9869,202610,0,0.07283727280633637
9873,202610,0,0.05306320702141589
9879,202610,1,0.08507555247333974
9881,202610,0,0.049056428945061126
9892,202610,0,0.10394481772111253
9898,202610,0,0.13360332922971835
9899,202610,0,0.15609891052413197
9915,202610,0,0.09694871296774252
9922,202610,1,0.1462317332621011
9925,202610,0,0.12835254323499926
9936,202610,0,0.16999356795982265
9940,202610,0,0.14991180802678697
9941,202610,0,0.07749353084538668
9942,202610,1,0.12485474205790127
9947,202610,0,0.06719294715564646
9953,202610,0,0.08210908396715709
9957,202610,0,0.1282880569043832
9962,202610,0,0.06426365894026455
9963,202610,0,0.10924720018574152
9964,202610,0,0.16845341862881286
9965,202610,0,0.1513138628191779
9966,202610,1,0.15815904311346748
9968,202610,0,0.11813214988428611
9971,202610,0,0.05502973446276759
9973,202610,0,0.1355284855191316
9980,202610,0,0.06634960156458276
9983,202610,1,0.17301259986641934
9985,202610,0,0.06020550466651074
10002,202610,0,0.20636404048390303
10003,202610,1,0.14909905649402888
10005,202610,0,0.09258851263265808
10007,202610,0,0.10372836573484444
10009,202610,0,0.18537686738064538
10010,202610,0,0.17863656696996397
10013,202610,0,0.14173232603907604
10014,202610,0,0.05577925984128546
10017,202610,0,0.113286291773456
10023,202610,1,0.10179017155353408
10024,202610,0,0.13416705768732143
10028,202610,0,0.11905986348112212
10030,202610,0,0.08024842525482115
10037,202610,0,0.1449658520896792
10046,202610,0,0.09034591589671204
10051,202610,0,0.10121812676052788
10063,202610,0,0.10281808017211226
10065,202610,0,0.10028174667214877
10067,202610,0,0.09140723755568612
10069,202610,0,0.1874207885303352
10073,202610,0,0.060002416758145646
10074,202610,0,0.07176461360901874
10079,202610,1,0.07509845719527436
10096,202610,0,0.04845029954758027
10099,202610,0,0.09073083112317151
10100,202610,0,0.0684237360256598
10101,202610,0,0.1536469414184604
10103,202610,0,0.08642302475039082
10105,202610,1,0.16089033285340884
10107,202610,1,0.10066968254080959
10110,202610,0,0.19505024304459426
10112,202610,1,0.08240122642879902
10113,202610,0,0.14378587481741067
10116,202610,0,0.06423352855711126
10124,202610,0,0.17606433188591378
10127,202610,0,0.09027959067200199
10129,202610,0,0.17637979154092198
10139,202610,0,0.17270063986112202
10140,202610,0,0.21434195679074294
10145,202610,0,0.24404654838967935
10149,202610,0,0.12279127566698639
10150,202610,0,0.07844178451694671
10151,202610,0,0.19654361609323953
10164,202610,0,0.12366781819955491
10165,202610,0,0.07758593752593185
10166,202610,0,0.07197249032645756
10168,202610,0,0.07187984339475656
10174,202610,0,0.12479166466811319
10183,202610,1,0.10892830040786132
10186,202610,0,0.10534251386791392
10189,202610,0,0.13834335198196135
10192,202610,0,0.13027484395917918
10193,202610,0,0.14171487285647114
10197,202610,0,0.061549097294948465
10201,202610,0,0.12265894160970531
10206,202610,0,0.13610913136537175
10210,202610,1,0.08363207985371943
10211,202610,0,0.09826428449963762
10216,202610,0,0.14888748177530542
10224,202610,0,0.08606051697440047
10234,202610,0,0.15700771402439917
10236,202610,0,0.11901513609972914
10239,202610,0,0.1973410144335
10245,202610,0,0.12523568147913716
10247,202610,0,0.09249965035700186
10250,202610,0,0.05247821451372672
10253,202610,0,0.14805001577386712
10254,202610,0,0.10568350951721532
10263,202610,0,0.16929909588887987
10264,202610,0,0.19794847468027335
10265,202610,0,0.08179952638531549
10275,202610,0,0.05588320898350063
10279,202610,1,0.06661868194206429
10280,202610,0,0.11624362984262271
10283,202610,1,0.254558022037409
10286,202610,0,0.13169885366443174
10287,202610,0,0.19015463235093977
10293,202610,0,0.14601499811656335
10294,202610,0,0.07670552602949583
10303,202610,0,0.0782236913591784
10306,202610,1,0.1459069037353289
10308,202610,0,0.11825497671239153
10311,202610,0,0.11997290636355024
10318,202610,0,0.1515916013927509
10322,202610,1,0.05213570511136646
10323,202610,0,0.1632686925546027
10324,202610,0,0.0531785111092268
10327,202610,0,0.13402319225410708
10330,202610,0,0.1267838473953102
10331,202610,0,0.10598015541485459
10333,202610,0,0.049389274809216385
10334,202610,0,0.08949029849178382
10335,202610,0,0.08158439952470822
10338,202610,0,0.15163709164451003
10339,202610,0,0.10658002412655586
10346,202610,0,0.1995338363523726
10348,202610,0,0.05247607060008865
10354,202610,0,0.20569053763529493
10356,202610,0,0.07115165760674867
10367,202610,0,0.06458096040075209
10375,202610,0,0.1307286995283302
10384,202610,0,0.1652532360291743
10386,202610,0,0.05389397613092403
10389,202610,0,0.11678447991673642
10393,202610,0,0.10336162157083521
10396,202610,1,0.06766187000071772
10404,202610,0,0.140383943112679
10408,202610,0,0.0795506986518908
10415,202610,1,0.14019546417072234
10416,202610,0,0.0655029228103952
10419,202610,1,0.053835042087304934
10429,202610,0,0.16447780614724594
10431,202610,1,0.1932387653215935
10434,202610,0,0.19269385809520653
10435,202610,0,0.10062822172409179
10441,202610,0,0.2151675941027856
10442,202610,1,0.22272397598636104
10448,202610,0,0.21327517066782906
10449,202610,0,0.07765976268133332
10452,202610,0,0.06312258859828557
10453,202610,0,0.12684857822897458
10454,202610,0,0.1302687817842016
10455,202610,1,0.10146526788300306
10461,202610,0,0.0941822843649433
10462,202610,0,0.05475387406870494
10472,202610,0,0.06356505349795882
10474,202610,0,0.19312960928296968
10476,202610,0,0.1843488813173439
10478,202610,0,0.0710929867438818
10483,202610,0,0.11102347416619715
10485,202610,0,0.13123586364516346
10492,202610,0,0.1560827666259191
10493,202610,0,0.16593582887326586
10499,202610,0,0.09502908216674273
10501,202610,0,0.05236483397396974
10503,202610,0,0.10426761100096216
10506,202610,1,0.09011184428073983
10509,202610,0,0.13750016752501126
10512,202610,0,0.1375377626653972
10513,202610,0,0.0786295959641423
10516,202610,0,0.09893826543724969
10517,202610,0,0.09914754019791559
10523,202610,0,0.1294271659051233
10525,202610,0,0.10535715033641327
10529,202610,0,0.12231487728875039
10532,202610,0,0.09273578519320695
10537,202610,0,0.11813831773602401
10541,202610,0,0.1291363572330991
10545,202610,0,0.09823090864802222
10547,202610,0,0.1339985546392699
10548,202610,0,0.10430697148501833
10552,202610,0,0.077721272153539
10554,202610,0,0.17245983277803656
10557,202610,0,0.16344750979368977
10564,202610,0,0.1678872500554644
10566,202610,0,0.11572504893223846
10574,202610,0,0.07619984882692878
10591,202610,0,0.09911888928483242
10593,202610,1,0.08226447375511896
10596,202610,0,0.1937596357139192
10600,202610,0,0.21601027134024417
10601,202610,0,0.05646022748431188
10606,202610,0,0.07815938062449125
10611,202610,0,0.05923454130685453
10619,202610,0,0.1372249219801086
10620,202610,1,0.16593668173998594
10622,202610,0,0.05150030135822507
10626,202610,0,0.13202603902450466
10629,202610,0,0.05641516779762446
10630,202610,0,0.15286360158019202
10631,202610,0,0.16455483559265324
10633,202610,0,0.06762893766359053
10638,202610,0,0.1731963920191599
10639,202610,0,0.21930899474209228
10640,202610,0,0.06606085433021705
10641,202610,0,0.05723312100285145
10647,202610,1,0.09179655700829892
10651,202610,1,0.12538076772626536
10657,202610,0,0.10185237617762116
10661,202610,0,0.16115450097154854
10663,202610,0,0.11317064717188283
10664,202610,0,0.15329459422545813
10667,202610,0,0.1170156885566977
10671,202610,0,0.16325342214203412
10672,202610,0,0.11024503200550492
10675,202610,0,0.14924973370251302
10679,202610,0,0.15972643336060444
10680,202610,1,0.17358952186913473
10681,202610,0,0.13525287382693135
10682,202610,0,0.19161124135663868
10683,202610,0,0.055744824778834495
10688,202610,0,0.08722771060109301
10689,202610,0,0.08465060378029615
10693,202610,1,0.08372421688541053
10701,202610,0,0.18922397316494732
10704,202610,0,0.12575872654553008
10709,202610,0,0.2127640961786669
10711,202610,0,0.19374434189982737
10713,202610,0,0.10072747875746564
10715,202610,0,0.12039426738632819
10716,202610,0,0.17260988175807757
10718,202610,0,0.08156604627641396
10721,202610,0,0.15372215903442488
10724,202610,0,0.10502238395242695
10730,202610,0,0.11987073001926664
10731,202610,0,0.10361523132700301
10733,202610,0,0.12577822017242837
10734,202610,0,0.1464955027278597
10737,202610,0,0.10604348127440442
10744,202610,0,0.05270041447567895
10745,202610,1,0.14314622759651946
10750,202610,0,0.060347420723359975
10756,202610,1,0.13346718208016803
10762,202610,0,0.1412599615294314
10770,202610,0,0.10112685594397189
10774,202610,1,0.12492753272772916
10776,202610,0,0.1747542980517199
10777,202610,1,0.277044921385258
10780,202610,0,0.07584478611801945
10782,202610,0,0.23887642886105978
10783,202610,0,0.09628105480225997
10789,202610,0,0.15535420295783597
10791,202610,0,0.1526178471069235
10793,202610,0,0.1662617281280294
10795,202610,0,0.18911882110377323
10807,202610,0,0.09717656451533582
10813,202610,0,0.11632556345242823
10815,202610,0,0.10909971877026196
10816,202610,1,0.17815658815088728
10817,202610,0,0.13020689132934862
10819,202610,0,0.13229534950101965
10824,202610,0,0.15438490795703758
10828,202610,0,0.17071330267708973
10829,202610,0,0.1736037752497984
10830,202610,0,0.10600961215674387
10832,202610,0,0.15687214732650331
10836,202610,0,0.18611119448836932
10839,202610,0,0.17454983401222543
10843,202610,0,0.10857783654474498
10844,202610,0,0.07734750536445013
10852,202610,0,0.1713253287669369
10860,202610,1,0.06160217444238104
10862,202610,1,0.22879214647518237
10866,202610,0,0.21811800367311365
10871,202610,0,0.14632378670640098
10872,202610,0,0.1485463504433313
10873,202610,0,0.10582413456839371
10878,202610,0,0.17079353474045905
10887,202610,1,0.07268333833288672
10888,202610,1,0.2988370414091379
10889,202610,0,0.07857230236861218
10892,202610,0,0.12851753870081548
10895,202610,0,0.1747759299203023
10899,202610,0,0.19605605524268716
10901,202610,0,0.1817921206164151
10904,202610,0,0.1149140661822195
10907,202610,0,0.11165150622476941
10910,202610,0,0.11663620601732633
10911,202610,0,0.09997846888770108
10917,202610,0,0.118607742386363
10918,202610,1,0.1263222486877287
10920,202610,0,0.1258397050817283
10921,202610,0,0.040355902749726204
10922,202610,0,0.10078148694232436
10928,202610,1,0.060597091648645594
10929,202610,0,0.05574471576877454
10930,202610,0,0.0668747341461484
10933,202610,0,0.14624703254459043
10934,202610,0,0.06129781323010902
10938,202610,1,0.12870512460390246
10939,202610,0,0.08915087198140034
10942,202610,0,0.05100180052593979
10943,202610,0,0.07813621817641421
10945,202610,0,0.17956783051448852
10946,202610,0,0.13883780732520737
10949,202610,0,0.07550263394631959
10951,202610,0,0.09849269247435484
10952,202610,0,0.15909932794407855
10953,202610,0,0.08101848579594424
10955,202610,0,0.06027585450758174
10956,202610,0,0.17788268398257606
10959,202610,0,0.1712131468864497
10963,202610,0,0.15149308766607336
10965,202610,0,0.15651042040833774
10971,202610,0,0.07463399832034436
10975,202610,0,0.10448737595099472
10979,202610,0,0.11103512846720726
10980,202610,1,0.07878919356611135
10983,202610,0,0.11750101130231294
10984,202610,0,0.12594238169446734
10989,202610,0,0.09022135550457971
10992,202610,0,0.11036424586985943
10996,202610,0,0.22641286721366594
11001,202610,0,0.05799223233017322
11003,202610,0,0.08901156802381954
11004,202610,0,0.09484752238750709
11005,202610,1,0.17093676151595794
11008,202610,0,0.07371571888805754
11013,202610,0,0.2334760021652138
11016,202610,0,0.06607211529528459
11017,202610,0,0.055744979165437754
11018,202610,0,0.15643386430719491
11021,202610,0,0.1567349814569578
11023,202610,1,0.09581127712473253
11028,202610,0,0.18064006371651783
11032,202610,1,0.19022398087624814
11034,202610,0,0.16206264723166602
11035,202610,0,0.0777378114176496
11036,202610,0,0.08036441212638724
11040,202610,0,0.12997843068537332
11041,202610,0,0.07128457306401458
11043,202610,0,0.15153514287290698
11047,202610,0,0.23837781523886298
11056,202610,0,0.2091214571707262
11058,202610,0,0.1578176195691485
11059,202610,0,0.05626349970948383
11060,202610,0,0.07877364087908252
11064,202610,0,0.18520162501820223
11066,202610,0,0.06517355598787432
11068,202610,1,0.24063161057110374
11069,202610,0,0.06567472467328259
11071,202610,0,0.12467750958207363
11072,202610,0,0.14089762154573165
11077,202610,0,0.1294670501146688
11078,202610,0,0.1811909550562519
11079,202610,1,0.12660284860533097
11080,202610,0,0.10066364777808154
11092,202610,0,0.09446154439786877
11093,202610,0,0.1486628764990865
11097,202610,0,0.060365035196004786
11098,202610,0,0.12774875521509105
11104,202610,1,0.08088820299704466
11113,202610,0,0.14568731056335404
11114,202610,0,0.09732790227833107
11117,202610,0,0.13293873770910067
11120,202610,1,0.13605520061090695
11121,202610,0,0.07594168111716186
11124,202610,0,0.1693269334885939
11126,202610,0,0.1324800821659827
11131,202610,0,0.112717091016141
11143,202610,0,0.16342243319210564
11144,202610,1,0.1865049964477874
11146,202610,0,0.09972408295330026
11148,202610,0,0.1123645948346574
11154,202610,0,0.14767373117545185
11156,202610,1,0.11351319337857758
11157,202610,1,0.1607774355499519
11164,202610,0,0.1534110426309025
11172,202610,0,0.12969010653307939
11173,202610,0,0.05929406486128951
11174,202610,0,0.08401231579846943
11175,202610,0,0.11522293016456889
11179,202610,0,0.11739904114003305
11180,202610,0,0.17120751144049756
11184,202610,0,0.05971947328335547
11188,202610,0,0.12619967878416002
11189,202610,0,0.09436123687687029
11190,202610,0,0.0693782804026384
11192,202610,0,0.16902745716976197
11197,202610,0,0.056116519165905855
11198,202610,0,0.25474672929889475
11201,202610,0,0.1291627991313087
11204,202610,0,0.12001233275115168
11211,202610,0,0.13149116813821915
11212,202610,0,0.14179872695441248
11217,202610,0,0.15060773074124092
11218,202610,0,0.15944492945022246
11219,202610,0,0.1604013617713137
11227,202610,0,0.12165905171830854
11241,202610,0,0.14286174936996685
11247,202610,1,0.24608584026238292
11251,202610,0,0.07564292280804623
11254,202610,0,0.0903148379722528
11260,202610,0,0.08917823959216223
11264,202610,0,0.09443991438103969
11271,202610,0,0.15931586343639317
11273,202610,0,0.13618544624811516
11274,202610,0,0.14031383212234838
11276,202610,0,0.059871500239945044
11278,202610,0,0.052314373188062674
11282,202610,0,0.1449753100983236
11283,202610,0,0.14363001639509917
11291,202610,0,0.13917650165857462
11293,202610,0,0.14885840753338778
11302,202610,0,0.12589160565196517
11304,202610,0,0.09790288036937732
11305,202610,0,0.13441782687616052
11307,202610,1,0.09414428356303364
11315,202610,0,0.18688577931973088
11321,202610,0,0.16415443254863424
11324,202610,1,0.1167209798309039
11325,202610,0,0.11155448766260913
11326,202610,1,0.14126914813581057
11335,202610,0,0.11722328070063186
11341,202610,0,0.10865456617662347
11343,202610,0,0.11097064446824824
11344,202610,0,0.22381030691530718
11350,202610,0,0.17299658000652166
11361,202610,0,0.08879546837365056
11369,202610,1,0.19457111234134974
11375,202610,0,0.07608528416717489
11377,202610,0,0.07376054666758512
11379,202610,0,0.15397623558669501
11380,202610,0,0.15861426267820167
11381,202610,0,0.18911157224819594
11391,202610,0,0.083125607393758
11393,202610,0,0.06465283991837151
11394,202610,0,0.1085704890697254
11398,202610,0,0.1584182547585163
11399,202610,0,0.10456899606887769
11401,202610,1,0.1748299344297577
11408,202610,0,0.08850049461193855
11412,202610,0,0.14054769426229297
11420,202610,0,0.13639558347355588
11421,202610,0,0.18465168292081194
11422,202610,1,0.06428203549230961
11426,202610,1,0.14612696388462337
11430,202610,0,0.07801780304265424
11434,202610,0,0.1159655129912158
11437,202610,0,0.10558673093682433
11446,202610,0,0.19230381798393598
11447,202610,0,0.1442901378753472
11471,202610,0,0.07717284898018807
11472,202610,0,0.14032452266928883
11475,202610,0,0.10087052556750145
11477,202610,1,0.1413221922367961
11478,202610,1,0.08298512163183515
11483,202610,0,0.11781418706214491
11492,202610,0,0.11310837512479832
11495,202610,0,0.163505827988774
11497,202610,0,0.14114086055984326
11498,202610,0,0.057177332393156595
11502,202610,0,0.06932992415729333
11504,202610,0,0.2077618546543887
11508,202610,1,0.1550195450003903
11509,202610,1,0.13040407468967988
11511,202610,0,0.2588812066544186
11512,202610,0,0.10090985751209439
11514,202610,0,0.06555030740440773
11522,202610,0,0.12172140143145083
11524,202610,0,0.15756890396027295
11533,202610,0,0.1606881049173836
11534,202610,0,0.11469890507297247
11538,202610,0,0.06847868097229326
11541,202610,0,0.1435734063319926
11542,202610,0,0.1011534521479985
11545,202610,1,0.14246054960557308
11546,202610,0,0.14409395740841532
11547,202610,0,0.09441827103857371
11548,202610,0,0.10068250277854693
11560,202610,0,0.1829388976145852
11566,202610,0,0.19057878197667336
11572,202610,0,0.1459376246768503
11574,202610,0,0.06917857041433081
11576,202610,0,0.11696376004438097
11577,202610,0,0.07108496672744322
11580,202610,0,0.09256020975355478
11598,202610,0,0.10591968313297248
11602,202610,1,0.11860301765217748
11603,202610,0,0.07772308011127507
11606,202610,1,0.10629557763778794
11612,202610,1,0.15801015933854792
11613,202610,0,0.15302141863372118
11614,202610,0,0.13679968218025096
11620,202610,0,0.08974194157938163
11621,202610,0,0.16667507205880727
11622,202610,0,0.04605166040190753
11623,202610,1,0.10285855624507852
11624,202610,1,0.08215769289916734
11626,202610,0,0.05854662733728034
11630,202610,0,0.16610152635060518
11636,202610,0,0.1364474954562626
11637,202610,0,0.07278562661812316
11639,202610,0,0.06955040342033356
11643,202610,0,0.2256827491141839
11644,202610,1,0.07882243023775165
11645,202610,1,0.2318603482867918
11647,202610,0,0.16643466489711203
11653,202610,0,0.14990975402669826
11654,202610,0,0.06630151633271972
11655,202610,1,0.11281014113268
11660,202610,0,0.12170389248894739
11661,202610,0,0.08024523113026802
11664,202610,0,0.15652876871559776
11667,202610,0,0.1461158799663983
11679,202610,0,0.08860056049293465
11687,202610,0,0.1410625520853779
11691,202610,0,0.05456830153061112
11696,202610,0,0.11537511387420496
11699,202610,1,0.17233560459357097
11700,202610,0,0.13941616588171646
11702,202610,0,0.1767718443852678
11703,202610,0,0.07789416769412627
11705,202610,0,0.12977003580620014
11711,202610,0,0.14003639732528295
11716,202610,0,0.08061300880152428
11717,202610,0,0.17337719458471768
11719,202610,0,0.20139069062595252
11722,202610,0,0.08308930066438215
11724,202610,0,0.12102000021069925
11728,202610,0,0.13927827967522985
11736,202610,0,0.10815247005101349
11737,202610,0,0.08093654531580483
11738,202610,0,0.12643774120789242
11744,202610,0,0.09787487243517828
11747,202610,0,0.06958840819270985
11753,202610,0,0.09034451035524257
11757,202610,0,0.1336626473551104
11758,202610,0,0.10198605616601833
11760,202610,0,0.09170669712516862
11761,202610,0,0.22662406639798166
11762,202610,0,0.1220133244354361
11764,202610,0,0.15097663706074002
11768,202610,0,0.058538305364245966
11773,202610,0,0.10697989488341254
11774,202610,0,0.21527541472515876
11783,202610,0,0.057865632141030576
11785,202610,0,0.08126921848401304
11787,202610,0,0.14189246998171953
11788,202610,0,0.1580064745141073
11791,202610,0,0.08011501554888491
11796,202610,0,0.05059770083829321
11797,202610,0,0.08837964884256277
11798,202610,0,0.04437111321953042
11799,202610,0,0.12952779795234823
11803,202610,0,0.08921267932448163
11806,202610,1,0.2582062621390741
11808,202610,0,0.12671624302283235
11810,202610,0,0.12165677088738368
11814,202610,0,0.14211489025398022
11816,202610,0,0.06983350325825864
11818,202610,0,0.09275942146836334
11822,202610,0,0.09904104271103942
11824,202610,0,0.06655576235034422
11829,202610,0,0.13090498785075724
11835,202610,0,0.15910256794745173
11840,202610,0,0.1614416784822803
11846,202610,0,0.14382434430493019
11847,202610,0,0.1235987490025212
11850,202610,0,0.2175778489846654
11853,202610,0,0.061635056718387045
11854,202610,0,0.07866904745853283
11857,202610,0,0.14667528804661908
11862,202610,0,0.10466222852721917
11871,202610,0,0.14340991911424592
11879,202610,0,0.08792503634812704
11880,202610,0,0.09687148055273556
11883,202610,0,0.05971516815826954
11890,202610,0,0.11319126700428953
11898,202610,0,0.09590067421627615
11900,202610,1,0.16269468461114198
11904,202610,1,0.12617155190323995
11905,202610,0,0.15475531507351242
11909,202610,0,0.04526164284419499
11912,202610,0,0.12817549734214434
11913,202610,0,0.17641698678346876
11917,202610,0,0.15034590759573027
11919,202610,0,0.118457691988905
11920,202610,0,0.05778158892655344
11921,202610,0,0.09291557220000804
11922,202610,1,0.1581598098986447
11924,202610,1,0.10593633702048681
11928,202610,0,0.10773329237776837
11929,202610,0,0.15707989245308637
11935,202610,0,0.07189002073255715
11936,202610,0,0.05032234626653817
11939,202610,0,0.07280701126244406
11942,202610,0,0.05746713493406518
11943,202610,0,0.10078171376161575
11945,202610,0,0.1989887831272192
11946,202610,0,0.12342892992600872
11947,202610,0,0.09079219345769439
11952,202610,0,0.09932650967426519
11956,202610,0,0.12972430858616874
11958,202610,1,0.16860902975868036
11959,202610,0,0.18221010418518446
11967,202610,1,0.11266552676989325
11969,202610,0,0.1114827615374877
11973,202610,0,0.10951887368651275
11974,202610,0,0.1458507185768238
11975,202610,0,0.08527383554408761
11993,202610,0,0.15172087161742528
11994,202610,0,0.09026361247212743
11995,202610,0,0.08385895205598105
12002,202610,0,0.09610718268518544
12004,202610,0,0.09703594399956231
12006,202610,0,0.1286802403615897
12007,202610,0,0.08697812846727111
12014,202610,0,0.13549271355685566
12017,202610,0,0.20514727852152437
12018,202610,0,0.17528155960230496
12019,202610,1,0.13088528281962236
12021,202610,0,0.1333480581424069
12023,202610,0,0.18079953986576008
12024,202610,0,0.13168706592960577
12027,202610,0,0.1871618168192655
12034,202610,0,0.1139973034858165
12040,202610,0,0.11191798252444267
12044,202610,1,0.15191935857431685
12047,202610,0,0.10767056158473289
12048,202610,0,0.07981416709215813
12052,202610,0,0.06901126444532875
12057,202610,0,0.17585978918098882
12058,202610,0,0.22596006373007926
12061,202610,0,0.12665808240362902
12062,202610,0,0.13970574430625254
12064,202610,0,0.07349157265275467
12067,202610,0,0.12809928192650935
12070,202610,1,0.1309368854728659
12071,202610,0,0.0916838934085775
12080,202610,0,0.152275036005025
12085,202610,0,0.06421911186119797
12090,202610,0,0.171040325248552
12091,202610,1,0.1281912441084196
12092,202610,1,0.05155108486477822
12100,202610,0,0.06492924952308282
12103,202610,0,0.1429844503674511
12104,202610,0,0.13478188633295876
12109,202610,0,0.07157477889818664
12113,202610,1,0.11067960329714724
12114,202610,0,0.14109255067424414
12123,202610,0,0.0656131992236001
12124,202610,0,0.0888250250342073
12128,202610,0,0.18068216627600556
12131,202610,1,0.16335336507312553
12132,202610,0,0.08669848518551711
12135,202610,0,0.121614001989781
12140,202610,0,0.23660376550668907
12147,202610,1,0.17359978670176268
12149,202610,0,0.06333381484124118
12155,202610,0,0.09387450635726557
12156,202610,1,0.13393756517199476
12158,202610,0,0.1465189504101675
12161,202610,0,0.15089637566890338
12163,202610,0,0.10319894009714091
12164,202610,0,0.13144996359935263
12171,202610,1,0.1954097561976269
12174,202610,0,0.06780230214848984
12175,202610,0,0.1475676379579706
12179,202610,0,0.1711726710752512
12183,202610,0,0.14290417464612093
12184,202610,0,0.1461102769147172
12186,202610,0,0.07542257256695732
12190,202610,0,0.13278808301516154
12193,202610,0,0.09637533147798776
12195,202610,0,0.09087456515891947
12196,202610,0,0.05170357450917944
12203,202610,1,0.12843418585319988
12205,202610,0,0.14545640606301602
12213,202610,0,0.16765807932759902
12220,202610,0,0.1491215435436805
12221,202610,0,0.15275019797439554
12222,202610,0,0.07024266152282066
12224,202610,0,0.14141977903659123
12230,202610,0,0.06952281809523586
12235,202610,0,0.13995093232975053
12239,202610,0,0.08993029274638066
12242,202610,0,0.12325134742925792
12244,202610,0,0.14273583928256553
12245,202610,0,0.1341997567712372
12247,202610,0,0.1557121123986077
12254,202610,0,0.18653797122588076
12258,202610,0,0.14173608186444708
12266,202610,0,0.07291569288738892
12267,202610,0,0.06264862197613227
12271,202610,1,0.10083326732056191
12272,202610,0,0.15395486300578953
12273,202610,0,0.11708345150205772
12276,202610,0,0.17294274610070698
12277,202610,0,0.08606697386162307
12283,202610,0,0.13888751028340796
12288,202610,1,0.11932223763861251
12289,202610,0,0.07280401061701085
12297,202610,0,0.09007589960921945
12300,202610,0,0.23766556249690868
12302,202610,0,0.058716435434834575
12305,202610,1,0.14435979200836194
12308,202610,1,0.18213282370878048
12310,202610,0,0.06891864703485866
12312,202610,0,0.1730172030195651
12314,202610,0,0.05738231401898696
12315,202610,0,0.05952468159745508
12327,202610,0,0.09934782387938826
12329,202610,0,0.1262586310246418
12332,202610,0,0.10746905280547144
12342,202610,0,0.09559525232435089
12346,202610,0,0.09375759100506384
12347,202610,0,0.19077124144442104
12349,202610,0,0.06578712344967277
12350,202610,0,0.07747551230756246
12354,202610,0,0.1295925277267889
12356,202610,0,0.0494459177263604
12359,202610,0,0.12206760470717369
12360,202610,0,0.21815102603112171
12369,202610,0,0.13375060260463062
12372,202610,0,0.056677368898388106
12373,202610,0,0.054063922054520014
12374,202610,0,0.09952522974715987
12375,202610,0,0.18792537068784582
12376,202610,0,0.15945587992679106
12379,202610,0,0.08235674844226128
12382,202610,0,0.07820854758325435
12387,202610,0,0.1040110619881175
12389,202610,0,0.13078849639812315
12394,202610,0,0.1150263427400299
12395,202610,0,0.12201590959116833
12396,202610,0,0.16835377039670105
12404,202610,0,0.16411328154062682
12405,202610,0,0.08546137365821538
12408,202610,1,0.08460668609883304
12412,202610,0,0.23661308005584836
12413,202610,1,0.21202393213763843
12419,202610,0,0.0717845745999369
12429,202610,1,0.134979119109391
12431,202610,0,0.1014075537630902
12435,202610,1,0.16027644909729905
12440,202610,0,0.11143192703653733
12444,202610,0,0.1825985061333461
12447,202610,0,0.0737872099373827
12452,202610,0,0.14525411232645427
12454,202610,0,0.12805079351896553
12456,202610,0,0.13999193640756805
12458,202610,1,0.11805015719788595
12459,202610,1,0.056338714981546724
12461,202610,0,0.08835624186619159
12467,202610,1,0.20303249304045407
12469,202610,0,0.08806392850726563
12470,202610,1,0.1336921681795393
12472,202610,0,0.10895564903584773
12473,202610,0,0.05951701976116171
12474,202610,0,0.11039996185754379
12476,202610,0,0.1634968614887458
12479,202610,0,0.15993190259844556
12481,202610,0,0.13268026937828897
12484,202610,0,0.1633100260933662
12487,202610,0,0.059443612708913324
12491,202610,0,0.16028275768806136
12493,202610,0,0.1472466256927351
12497,202610,1,0.138699729789904
12501,202610,0,0.1397230663183058
12502,202610,1,0.12230713285816412
12504,202610,0,0.12300870679420446
12507,202610,0,0.11775522186248599
12510,202610,0,0.1073149987238084
12512,202610,0,0.24600573723163482
12515,202610,1,0.24593898723318075
12518,202610,1,0.07702553079553569
12519,202610,0,0.11007502172590457
12520,202610,0,0.12984436204463837
12526,202610,0,0.15650386089932164
12529,202610,0,0.18145800979491364
12532,202610,0,0.11118507233616746
12533,202610,0,0.15535509449651397
12544,202610,0,0.18103155421217743
12546,202610,0,0.11019885193690351
12551,202610,0,0.13699547758566175
12554,202610,1,0.1367323153539368
12555,202610,0,0.2239630586257451
12559,202610,1,0.11835245072968051
12569,202610,1,0.1450523576347541
12576,202610,0,0.10800795697722823
12581,202610,0,0.11058165057555773
12587,202610,1,0.1426800087368007
12588,202610,0,0.1280204656826284
12593,202610,0,0.09259798671110495
12594,202610,0,0.09659448479481869
12598,202610,0,0.06659366326322814
12599,202610,0,0.17772938442910258
12601,202610,0,0.13968488211459518
12607,202610,1,0.05943552709513409
12610,202610,0,0.19997804350550535
12615,202610,0,0.16676617580075023
12616,202610,0,0.10046683993388994
12622,202610,0,0.07442381238087535
12623,202610,0,0.10773582141536814
12624,202610,0,0.09060485958013138
12625,202610,0,0.16996039238583086
12629,202610,0,0.2013265443140207
12630,202610,1,0.2093855538738981
12632,202610,0,0.06725270276087378
12634,202610,0,0.05754043898379647
12635,202610,0,0.12997316503092782
12638,202610,0,0.1047851302553126
12640,202610,0,0.04026887776550909
12641,202610,0,0.10511205242528893
12642,202610,1,0.11660967153445372
12643,202610,0,0.08279178698685627
12644,202610,0,0.10327718722903366
12647,202610,0,0.11959183190697796
12651,202610,0,0.18783231181465998
12657,202610,0,0.14066367898267282
12658,202610,0,0.06196349092374287
12660,202610,0,0.17154636943648272
12661,202610,0,0.1011645564685102
12666,202610,0,0.08923952810821291
12672,202610,1,0.10556132348973336
12673,202610,0,0.12543413384910415
12676,202610,0,0.17042874604027752
12678,202610,0,0.10209272475291511
12681,202610,0,0.15509117812694467
12682,202610,0,0.18553187542879343
12684,202610,0,0.05999173962230984
12686,202610,0,0.12165229024747355
12689,202610,0,0.12159836169048147
12699,202610,0,0.10250283733025832
12701,202610,0,0.12646386037754723
12705,202610,1,0.10626057379879225
12710,202610,0,0.12110998489761252
12712,202610,0,0.1383140528612354
12713,202610,0,0.11347503461312815
12715,202610,0,0.11626342333772838
12716,202610,0,0.13714993940425865
12717,202610,0,0.10654477992627119
12718,202610,0,0.14964704422013608
12720,202610,0,0.09008978434400979
12724,202610,0,0.13051403985357918
12725,202610,0,0.1692925605358295
12726,202610,0,0.09288334938240118
12732,202610,1,0.227597896297934
12737,202610,1,0.14931020590740166
12741,202610,0,0.18578875354779198
12742,202610,0,0.2010265654505
12743,202610,0,0.10251838157411149
12748,202610,0,0.11351067577434716
12749,202610,0,0.07320576634172635
12751,202610,0,0.16213526758306382
12752,202610,0,0.16225325489384476
12754,202610,1,0.09320305000207503
12756,202610,0,0.06495464882955033
12760,202610,0,0.08505293602716273
12761,202610,0,0.14647376510506743
12764,202610,0,0.18181220124120578
12767,202610,0,0.09346254791129424
12768,202610,1,0.10779002895788972
12772,202610,0,0.13949104771627416
12774,202610,0,0.12973637785672246
12782,202610,0,0.06304652642602865
12783,202610,0,0.17949440152036752
12784,202610,0,0.11070613009157204
12785,202610,0,0.11602765857028673
12787,202610,0,0.16619249624828575
12798,202610,0,0.09386231832811633
12801,202610,0,0.17740919413583775
12805,202610,0,0.16166598755452602
12806,202610,0,0.09620806933517075
12809,202610,0,0.0677976898221924
12815,202610,0,0.12643535715402465
12820,202610,0,0.06865063696852437
12821,202610,1,0.10232303206348556
12824,202610,0,0.09486324848178208
12829,202610,0,0.11940157019169596
12832,202610,0,0.07298447404761962
12833,202610,0,0.13894078544848956
12839,202610,1,0.23412883510255839
12841,202610,0,0.1604249095721033
12843,202610,0,0.09672233786704905
12847,202610,0,0.13229120332426275
12848,202610,0,0.12969276977516028
12849,202610,0,0.09726019927667386
12851,202610,1,0.09951987843808768
12852,202610,0,0.11484597930370329
12855,202610,0,0.1408535684416349
12857,202610,1,0.12149758175360308
12864,202610,0,0.18933108404630097
12872,202610,0,0.10192200892036626
12873,202610,0,0.14340472485612263
12874,202610,0,0.08018653080629082
12875,202610,0,0.07857511624287401
12877,202610,0,0.1699793107094272
12879,202610,0,0.1390058768869745
12885,202610,0,0.14321061064041077
12886,202610,0,0.16771462964187972
12891,202610,0,0.06425710609434135
12893,202610,0,0.13201306718450512
12894,202610,0,0.2060961717101983
12895,202610,0,0.168387923667515
12896,202610,1,0.14158743217024125
12901,202610,0,0.052135065375517896
12908,202610,0,0.12330757475242157
12912,202610,0,0.0723031515675712
12913,202610,1,0.0914060257806995
12919,202610,0,0.13441921589132588
12923,202610,1,0.1798954536439781
12924,202610,0,0.13193057679929077
12925,202610,0,0.07729364429299827
12929,202610,0,0.10751353368448072
12931,202610,0,0.1554474623132682
12942,202610,0,0.099510183741126
12945,202610,0,0.12445996948710765
12949,202610,1,0.17121551066391605
12958,202610,0,0.07399155517232905
12962,202610,0,0.15241669142587938
12964,202610,0,0.1457490978613047
12974,202610,0,0.18640257184240072
12976,202610,0,0.0885666675855692
12980,202610,0,0.09882208150854298
12982,202610,0,0.09787500907571071
12984,202610,0,0.11909535509273882
12985,202610,1,0.10338475386322371
12987,202610,0,0.10538381945234519
12991,202610,0,0.10945090906876535
12995,202610,0,0.09584776851537599
12999,202610,1,0.20577324229202548
13001,202610,0,0.1663124461748587
13005,202610,0,0.21283909042549
13006,202610,0,0.12154250281928856
13010,202610,1,0.14355204651406345
13013,202610,1,0.08442087745682274
13015,202610,0,0.10746418264756485
13017,202610,0,0.14051653934468167
13027,202610,0,0.13687728930116047
13033,202610,0,0.14259488528606173
13034,202610,0,0.12975113391448365
13035,202610,0,0.061127714593302504
13038,202610,0,0.16489790313952654
13041,202610,0,0.15082721705336746
13044,202610,0,0.07405668047393053
13045,202610,0,0.15865377364053884
13046,202610,1,0.07747233817777668
13052,202610,0,0.05179674576414576
13054,202610,1,0.15535887316245994
13056,202610,1,0.1690753483365841
13059,202610,0,0.1258712483057661
13060,202610,0,0.04953562277503126
13061,202610,0,0.11244271822952057
13066,202610,0,0.17952662205867304
13068,202610,1,0.14505960784436736
13073,202610,1,0.165046843112888
13075,202610,1,0.13886410644116548
13076,202610,1,0.11200335002947742
13078,202610,1,0.17720823232582839
13080,202610,0,0.18725316522787422
13082,202610,0,0.19332588825699604
13096,202610,1,0.1032312746219398
13100,202610,0,0.09853448756381085
13105,202610,0,0.15454536902269844
13106,202610,0,0.26420879219543
13121,202610,0,0.2020942710425092
13123,202610,0,0.18120343873732528
13125,202610,0,0.05016896817396549
13129,202610,0,0.12199943319325467
13130,202610,0,0.1409114975991854
13132,202610,0,0.13712946939713622
13133,202610,0,0.08379964751131759
13135,202610,0,0.11715349886556062
13141,202610,0,0.11572934519906841
13143,202610,1,0.1362692967727619
13145,202610,0,0.20369123473368492
13149,202610,0,0.09561234340277994
13150,202610,1,0.077236916143911
13153,202610,0,0.15873272812083106
13158,202610,0,0.11907351488680648
13159,202610,0,0.14310677784059883
13169,202610,0,0.245461959269531
13170,202610,0,0.13084213237980558
13178,202610,0,0.1333647345351618
13179,202610,0,0.0741753117901795
13180,202610,0,0.15685562508121284
13181,202610,0,0.1422536136720182
13183,202610,0,0.06661571372643671
13191,202610,0,0.14487717491367616
13196,202610,0,0.1165612918423345
13200,202610,0,0.1624920194360374
13202,202610,0,0.12253226544177823
13204,202610,0,0.06921691675200455
13208,202610,0,0.15152230666496405
13212,202610,0,0.10137000983492046
13213,202610,0,0.16419382373552735
13215,202610,0,0.13425586862327804
13217,202610,0,0.09373175540290465
13218,202610,0,0.15045739883723094
13224,202610,1,0.11707930403686354
13225,202610,0,0.17338426344193178
13229,202610,0,0.09819366264274598
13230,202610,1,0.1799791046938
13232,202610,0,0.094600009525852
13233,202610,0,0.1526437405412123
13234,202610,0,0.06353764599064446
13249,202610,0,0.06775845231000759
13253,202610,0,0.13771866509998348
13255,202610,0,0.10734592867239953
13257,202610,0,0.2018179159839708
13260,202610,0,0.13748229989981509
13266,202610,0,0.07092776895791793
13269,202610,0,0.056083554488116694
13270,202610,0,0.10280560816990174
13274,202610,0,0.13530656009135983
13281,202610,0,0.12433013967407938
13287,202610,0,0.10185433775001286
13305,202610,0,0.14316921368098467
13308,202610,0,0.06913597869343242
13309,202610,0,0.08621177800143674
13310,202610,0,0.23810079122462538
13311,202610,1,0.08249606107056469
13314,202610,0,0.08742077496841288
13315,202610,0,0.08043614909951476
13317,202610,1,0.14556020542750578
13324,202610,0,0.08350148707385005
13326,202610,0,0.13841227722633245
13328,202610,0,0.09615816782415577
13329,202610,0,0.15153534734056737
13333,202610,0,0.15567847893763223
13335,202610,0,0.20347900753094267
13336,202610,0,0.10143572016922649
13345,202610,0,0.16493823246828068
13348,202610,0,0.15565512054744937
13350,202610,0,0.16982258963318975
13354,202610,0,0.1734397353190298
13357,202610,1,0.2229306011694257
13360,202610,0,0.1543356724190357
13364,202610,0,0.16565362202896836
13366,202610,0,0.1552223149920253
13367,202610,1,0.09690608104196667
13368,202610,0,0.08830405510314497
13375,202610,0,0.07551714602321208
13376,202610,0,0.1250053682548738
13378,202610,1,0.18504632392220735
13380,202610,0,0.0788943382586164
13382,202610,0,0.06561223362567714
13383,202610,1,0.22935910547921595
13384,202610,0,0.20234826086657787
13387,202610,0,0.15687342599271822
13390,202610,0,0.08060086716923659
13392,202610,1,0.18328644889286191
13393,202610,0,0.19688731002759888
13395,202610,0,0.18274757201087213
13398,202610,0,0.16873216141609826
13403,202610,0,0.1258259739836345
13404,202610,0,0.07612205486227784
13405,202610,0,0.13522008694899604
13409,202610,0,0.2609143283380219
13411,202610,0,0.11924831141062735
13414,202610,0,0.11095966364178321
13416,202610,0,0.09832100791952596
13417,202610,0,0.08390643459692619
13418,202610,0,0.10190495840817698
13422,202610,0,0.07874638635660396
13430,202610,0,0.19479063694143
13435,202610,0,0.06642730047736987
13437,202610,0,0.13439545531668107
13439,202610,0,0.1592704558564834
13446,202610,0,0.10169902166214988
13448,202610,0,0.11791432940261998
13449,202610,0,0.11006033652157572
13451,202610,0,0.1479831414124156
13454,202610,1,0.06962148287927813
13455,202610,0,0.12404480197732937
13459,202610,0,0.19998919463807713
13468,202610,0,0.16052894585914507
13470,202610,0,0.07580025812370211
13474,202610,0,0.07100352333624138
13478,202610,0,0.08852984301630776
13481,202610,1,0.23129675301590574
13485,202610,0,0.141967432706339
13487,202610,1,0.17586528348206626
13488,202610,0,0.15216159665801599
13489,202610,0,0.09474911772294282
13490,202610,0,0.16446803277321145
13491,202610,0,0.19051751107825152
13500,202610,0,0.12289306204356647
13504,202610,1,0.1729441201004549
13505,202610,0,0.06438826414747043
13506,202610,0,0.14454234023683976
13517,202610,0,0.07468120330409782
13518,202610,0,0.11673541205896568
13523,202610,0,0.13723173416519746
13524,202610,1,0.14517356646669555
13529,202610,0,0.16859244793442152
13532,202610,0,0.10562809115306597
13534,202610,0,0.11520712421207663
13537,202610,0,0.10086847664322351
13539,202610,0,0.15361638450621257
13547,202610,0,0.12112496501113483
13548,202610,0,0.12412993195145595
13550,202610,0,0.2045129793630446
13554,202610,0,0.14260476973431258
13555,202610,0,0.20342596744674413
13556,202610,0,0.17662511613867912
13558,202610,0,0.1100293020813859
13562,202610,0,0.10853659220533549
13566,202610,0,0.15436665741758746
13574,202610,0,0.10881394254561279
13576,202610,0,0.14742137889965468
13577,202610,0,0.21388373273926456
13580,202610,0,0.12052731142942744
13582,202610,1,0.16814118903577077
13584,202610,1,0.18099144105495674
13586,202610,0,0.17185383126983364
13588,202610,0,0.1906357430123587
13596,202610,1,0.14797299114425966
13597,202610,0,0.16219142292972785
13598,202610,0,0.1956700261520971
13600,202610,0,0.1330614629074231
13602,202610,0,0.09676382746663638
13604,202610,0,0.12327483046605318
13605,202610,1,0.3718330566133483
13608,202610,0,0.10554673068262754
13609,202610,1,0.21874657312165643
13616,202610,0,0.17424837578666777
13619,202610,0,0.22129858335813712
13623,202610,0,0.11595437499042356
13625,202610,1,0.17250868319071325
13627,202610,0,0.22086812375314774
13628,202610,0,0.15916917471354486
13630,202610,0,0.10969566736866201
13631,202610,0,0.15181498495429416
13633,202610,0,0.1682089176113416
13635,202610,0,0.1533845206086347
13636,202610,0,0.17521409188963133
13640,202610,0,0.1485859703965139
13642,202610,0,0.251948927350593
13643,202610,1,0.08292029610922524
13647,202610,0,0.1593481295151557
13648,202610,0,0.3040023689666927
13650,202610,0,0.20804937005624163
13652,202610,0,0.1250401351642424
13659,202610,0,0.09367970407584685
13660,202610,0,0.09015734768854368
13661,202610,0,0.1260390338474919
13663,202610,0,0.2988943693125236
13666,202610,0,0.15215574957745948
13667,202610,0,0.09974668219788464
13670,202610,1,0.2037973019262107
13672,202610,0,0.10590483821102514
13673,202610,0,0.15473383188062548
13675,202610,0,0.07102483446573146
13678,202610,0,0.14359481536240487
13679,202610,1,0.08209389260639424
13682,202610,0,0.16950613819502008
13684,202610,0,0.0944046659782549
13689,202610,0,0.12992146223581266
13690,202610,0,0.11268399158479057
13694,202610,1,0.17860573462077553
13696,202610,0,0.16862017008464336
13700,202610,1,0.19932907516
13705,202610,1,0.20771236340797214
13706,202610,0,0.14953033120906808
13710,202610,0,0.2748204661631334
13711,202610,0,0.15432844021071118
13712,202610,0,0.17038224891825124
13717,202610,0,0.06778431063867224
13718,202610,0,0.07952934139651473
13719,202610,0,0.11352944758422913
13720,202610,0,0.1564572101299398
13722,202610,0,0.12606280741337295
13723,202610,0,0.18075730249491442
13726,202610,0,0.10778574542220459
13733,202610,0,0.06847528793452883
13735,202610,1,0.1985164576971691
13737,202610,0,0.0821329729127779
13739,202610,0,0.1734309101733782
13742,202610,1,0.15864399105200466
13743,202610,0,0.17373322490393786
13750,202610,0,0.07408952577581994
13751,202610,0,0.09187949701564951
13752,202610,0,0.1567423461008285
13754,202610,0,0.2877885465025943
13756,202610,0,0.08408971448314045
13759,202610,1,0.07562084020682526
13760,202610,0,0.07572430458125583
13762,202610,0,0.1087861570521859
13763,202610,0,0.13278977533173247
13764,202610,1,0.16834646960049704
13766,202610,0,0.07886641582201578
13767,202610,0,0.08576686992348453
13769,202610,0,0.14728129706481038
13770,202610,0,0.11582583428588825
13772,202610,1,0.08808115704405563
13774,202610,0,0.20924945708978213
13776,202610,0,0.1125410436088902
13780,202610,0,0.10606983743503251
13781,202610,0,0.16007174789880022
13782,202610,0,0.19682357760786326
13784,202610,0,0.07772915025161206
13787,202610,1,0.12125419128654577
13789,202610,0,0.1306106245501359
13790,202610,0,0.18059572371656543
13792,202610,0,0.13759386848924537
13795,202610,0,0.1531818100918943
13797,202610,0,0.12345412321257776
13800,202610,0,0.0933309399835447
13804,202610,0,0.11246871687928475
13806,202610,0,0.11647028603348095
13809,202610,0,0.10557240608530602
13815,202610,0,0.12353403686551723
13816,202610,0,0.18951307670316275
13817,202610,0,0.19022245244188052
13820,202610,0,0.15325178273829126
13821,202610,0,0.12487960725659503
13824,202610,0,0.20615586206247866
13829,202610,1,0.2797124571279669
13830,202610,0,0.13509224853920695
13831,202610,1,0.07251812077030217
13833,202610,1,0.1536828322956782
13838,202610,0,0.12806196253126106
13840,202610,0,0.06756803078423584
13841,202610,0,0.07831106666535566
13842,202610,0,0.13607378492445174
13843,202610,0,0.06569645040089414
13849,202610,0,0.17521824863476826
13850,202610,0,0.16738870261474237
13852,202610,0,0.16194119595650389
13855,202610,0,0.0691840965745817
13858,202610,0,0.15966964217475205
13863,202610,0,0.06878485763977248
13871,202610,0,0.18939419680607741
13872,202610,0,0.13926660160927382
13873,202610,0,0.09775634008302111
13874,202610,0,0.1275553795640079
13877,202610,0,0.16946060881364874
13878,202610,0,0.1580146653182934
13879,202610,0,0.16770932700616165
13880,202610,1,0.20472527604486507
13884,202610,1,0.15243014717502418
13885,202610,0,0.18624095882944974
13886,202610,0,0.1942228036491119
13892,202610,0,0.05761547669794455
13895,202610,0,0.08657525391043215
13899,202610,1,0.17975270796976558
13906,202610,0,0.2024533729817107
13907,202610,0,0.15185117339782067
13908,202610,0,0.08705778685047659
13909,202610,0,0.09700548091050691
13911,202610,0,0.08241645168255758
13912,202610,1,0.1392824652013706
13914,202610,0,0.11249532314914512
13918,202610,0,0.1819986480856841
13919,202610,0,0.17856952818479666
13923,202610,0,0.16378350004686382
13927,202610,0,0.2413857325357263
13929,202610,1,0.3212156592606091
13930,202610,0,0.09723388236850847
13931,202610,0,0.11502567031006168
13933,202610,0,0.17703748252503115
13935,202610,0,0.16922444858397442
13938,202610,0,0.20575643177565733
13943,202610,0,0.08650663683679409
13944,202610,0,0.07770716674830142
13946,202610,0,0.15596801813429728
13948,202610,1,0.16721134873483967
13949,202610,0,0.1147230099249382
13950,202610,0,0.09030485463633826
13952,202610,0,0.23475348216911845
13957,202610,0,0.23122747500948784
13958,202610,0,0.06923628883047139
13965,202610,0,0.067475028295854
13970,202610,0,0.05714315301883518
13972,202610,0,0.16486712607615067
13981,202610,0,0.17811846024157899
13983,202610,0,0.11657445381458663
13984,202610,0,0.14580224631142874
13985,202610,0,0.10730898039912475
13986,202610,0,0.15893853741982264
13991,202610,0,0.09901903884027634
13992,202610,0,0.19314528944053358
13993,202610,0,0.0767103696068715
13994,202610,1,0.14187633031054644
13995,202610,0,0.09091412548037138
13998,202610,0,0.09394544619898075
14000,202610,0,0.07672222481592315
14002,202610,0,0.07225990991804444
14003,202610,0,0.0814784482476234
14006,202610,0,0.2051516769407848
14007,202610,1,0.1359840032435791
14011,202610,0,0.07495573894374302
14019,202610,0,0.1863997814201595
14020,202610,0,0.14250666610898505
14021,202610,0,0.2596107452796633
14022,202610,0,0.08011060373343136
14026,202610,0,0.16000693895977222
14031,202610,0,0.10887630499798602
14032,202610,0,0.1724868855014518
14034,202610,0,0.10949960922851257
14035,202610,0,0.10848869123482244
14043,202610,0,0.06739216308040151
14044,202610,1,0.24971777417744276
14046,202610,0,0.16006050627048035
14048,202610,0,0.17000289473966143
14053,202610,1,0.11681495818734251
14056,202610,0,0.14273915059932432
14057,202610,0,0.09362027856665273
14062,202610,0,0.10516137133819888
14065,202610,0,0.10242740024159892
14067,202610,0,0.10570778149221116
14073,202610,1,0.16593830073800153
14082,202610,0,0.07372891187515053
14083,202610,0,0.12825151312877836
14086,202610,0,0.09045376034755648
14089,202610,1,0.18564379698491232
14090,202610,1,0.20170601292952406
14094,202610,0,0.21350046740167872
14102,202610,0,0.08946020434811687
14103,202610,0,0.2514705520051912
14104,202610,0,0.2631164642507931
14106,202610,0,0.2174504239445018
14107,202610,0,0.14098114772241477
14109,202610,0,0.16035135970067393
14111,202610,0,0.08124497878295929
14113,202610,0,0.11442611778188991
14115,202610,0,0.10706619762182906
14116,202610,0,0.06364573665225431
14118,202610,0,0.06503311347024633
14119,202610,0,0.1627364445820234
14122,202610,0,0.07751128886364252
14123,202610,0,0.13822600277127975
14124,202610,0,0.0829740108408967
14125,202610,0,0.15849489376404544
14126,202610,0,0.1977808883397832
14127,202610,0,0.10746138036582414
14133,202610,0,0.11886065418881016
14137,202610,0,0.14729541604382945
14138,202610,1,0.15646743131001795
14139,202610,0,0.07564889344906119
14143,202610,0,0.09889233605996017
14148,202610,0,0.14785217519403954
14149,202610,0,0.11044096950376141
14150,202610,0,0.06594260893271835
14154,202610,1,0.059703751629698015
14162,202610,0,0.10000211529639076
14163,202610,0,0.13247508637875474
14164,202610,0,0.133524658978113
14168,202610,1,0.1070620339620103
14169,202610,0,0.11622621789923607
14173,202610,0,0.1313155767466173
14174,202610,0,0.19228389990172778
14178,202610,0,0.16105019880449073
14181,202610,0,0.07565632521063109
14186,202610,0,0.09651431650474804
14187,202610,0,0.13242997979262577
14188,202610,0,0.13312928373458935
14190,202610,0,0.06138001158733279
14192,202610,0,0.1816189168911794
14193,202610,0,0.14757231594439119
14195,202610,0,0.15997170698827862
14198,202610,0,0.20185170296161767
14200,202610,0,0.16901808361729428
14201,202610,0,0.13676006099077045
14208,202610,0,0.19670749118504527
14212,202610,0,0.17584242089420832
14214,202610,0,0.11091111135357479
14216,202610,1,0.10576302709305146
14220,202610,0,0.09550751984484633
14221,202610,1,0.08028842903256911
14224,202610,0,0.15050257985475732
14229,202610,0,0.10502933700944517
14232,202610,0,0.15869745361366122
14233,202610,0,0.07770742673383423
14235,202610,0,0.15289765826674356
14236,202610,1,0.10912378044024304
14241,202610,0,0.07565011799387818
14242,202610,0,0.17039212059422942
14243,202610,1,0.14895632054793573
14246,202610,0,0.10607376406210556
14247,202610,0,0.10758887444570536
14250,202610,0,0.10905728231956449
14251,202610,0,0.19687632935427965
14254,202610,0,0.15595001728405244
14255,202610,1,0.18286852973487755
14257,202610,0,0.1189212894107497
14258,202610,1,0.14924690028077278
14259,202610,0,0.09338519293018895
14261,202610,0,0.06228992530453368
14262,202610,0,0.1397702710642942
14265,202610,1,0.21143027421134974
14267,202610,0,0.14774106549288252
14272,202610,1,0.2494195187378339
14281,202610,0,0.06791267149761832
14282,202610,0,0.14341860662029293
14283,202610,1,0.14253792359889972
14285,202610,0,0.08213646365822004
14286,202610,0,0.17619940927602376
14288,202610,1,0.21506159995758836
14292,202610,0,0.1606673056152114
14293,202610,0,0.16178713973157527
14294,202610,0,0.24996243712695426
14296,202610,0,0.21127302311982143
14297,202610,0,0.08425161104218946
14298,202610,0,0.07901339009319182
14301,202610,0,0.0624602889814647
14303,202610,1,0.11823083977968546
14306,202610,1,0.09703140901216684
14308,202610,0,0.14233057345188016
14311,202610,0,0.14586463722818327
14313,202610,0,0.20417551483952487
14314,202610,0,0.0788231598024399
14315,202610,0,0.06200798942540681
14317,202610,1,0.22602171634722767
14318,202610,0,0.16572438985027071
14320,202610,0,0.1600205961232806
14325,202610,0,0.06403359662913909
14330,202610,1,0.16678818679787175
14333,202610,0,0.141199159937755
14336,202610,0,0.10953705169214835
14338,202610,0,0.13905092636711475
14340,202610,0,0.15844256396948822
14343,202610,1,0.07944262602405255
14344,202610,0,0.2406903148038619
14346,202610,1,0.18022688095997824
14354,202610,0,0.10045348164782826
14356,202610,1,0.10324482952629357
14359,202610,0,0.12182836348217377
14361,202610,0,0.09520030059887699
14362,202610,0,0.15687128040769818
14363,202610,0,0.20450286707525572
14367,202610,0,0.14837293172759874
14368,202610,1,0.16100546521585876
14369,202610,0,0.11344948770130009
14370,202610,0,0.22434332737830906
14376,202610,0,0.12041083604571884
14381,202610,1,0.23099730182775022
14382,202610,0,0.25162903294375055
14387,202610,0,0.15068813815754425
14388,202610,1,0.17246214012541472
14389,202610,0,0.15984980994826448
14390,202610,0,0.13392446342593742
14392,202610,0,0.13135740063378998
14393,202610,0,0.10392102796940607
14396,202610,0,0.095581750610223
14407,202610,0,0.1180029232047102
14410,202610,0,0.13517913521983363
14412,202610,0,0.16929310136575523
14413,202610,0,0.13804374418373383
14414,202610,0,0.0546391998245446
14416,202610,0,0.14237035933123923
14417,202610,0,0.1488476942696049
14420,202610,0,0.11845639518913056
14423,202610,0,0.18500754915899742
14427,202610,0,0.19044231913172338
14430,202610,0,0.2439147126881082
14433,202610,0,0.13424509562046558
14434,202610,0,0.1036976799613066
14435,202610,0,0.2013561805177241
14436,202610,0,0.11607887054841705
14437,202610,1,0.20579959342172252
14438,202610,0,0.06485810154571968
14439,202610,0,0.10365605434025324
14440,202610,1,0.08695818728775061
14442,202610,0,0.14479484913834295
14443,202610,0,0.17573996552551188
14444,202610,0,0.10077119575506463
14446,202610,0,0.12370125440915383
14448,202610,0,0.2138914305482296
14449,202610,0,0.22339982914117182
14450,202610,1,0.14495436500195424
14451,202610,0,0.12670772872461947
14459,202610,0,0.18914043533520616
14464,202610,0,0.12979573994171378
14466,202610,0,0.12647616782157947
14467,202610,0,0.08311935822760982
14469,202610,0,0.15305240662201453
14470,202610,0,0.09941664329608488
14471,202610,0,0.13653943305707375
14476,202610,0,0.06927234157074215
14477,202610,0,0.16479990993423138
14479,202610,0,0.06599453621957078
14480,202610,0,0.19056112056379426
14481,202610,0,0.06601817383996203
14484,202610,0,0.12538249678701574
14485,202610,0,0.06608328106586851
14486,202610,0,0.13014548401103965
14488,202610,0,0.18607647018268209
14489,202610,1,0.1847527777173527
14493,202610,0,0.13709939849477346
14495,202610,1,0.16532550262118614
14499,202610,0,0.11678380546397173
14504,202610,0,0.20836889954747057
14505,202610,1,0.08951841173582717
14508,202610,0,0.12670147468172455
14509,202610,0,0.10864487958000878
14510,202610,0,0.2055389147947183
14512,202610,1,0.09896430335992575
14516,202610,0,0.18753333752644397
14520,202610,0,0.14249555612531503
14522,202610,0,0.14728556550250407
14523,202610,0,0.09866824292026936
14529,202610,0,0.19724663522308739
14532,202610,0,0.07239876400040827
14537,202610,0,0.054878848381520524
14538,202610,0,0.1206790976302459
14540,202610,0,0.12844864074445475
14541,202610,0,0.08804278497699454
14542,202610,0,0.22951713547396305
14544,202610,0,0.1629136084150636
14545,202610,1,0.17413936948095804
14548,202610,0,0.06566817295484376
14550,202610,0,0.195498918997349
14551,202610,0,0.14363967741906664
14553,202610,1,0.19753812566926063
14554,202610,0,0.09120320691569052
14555,202610,0,0.08757140586612218
14563,202610,0,0.14028655181795718
14564,202610,0,0.166850301251585
14570,202610,1,0.26465804733312437
14571,202610,0,0.13283189143970459
14572,202610,0,0.1738461568319054
14574,202610,0,0.18137312355014365
14576,202610,0,0.08264064260723106
14580,202610,0,0.09338925483215951
14581,202610,0,0.12418898749296287
14582,202610,0,0.1952969864937602
14583,202610,0,0.09128680067382812
14586,202610,0,0.13574433210348302
14591,202610,0,0.14338695329376736
14593,202610,0,0.19210967376239127
14594,202610,0,0.13848633371704194
14595,202610,1,0.230031028906494
14596,202610,1,0.08905596205509762
14598,202610,1,0.20741581734075554
14599,202610,0,0.12252118676593417
14601,202610,0,0.1428900218543046
14602,202610,0,0.07269627098699963
14603,202610,0,0.17427246722336975
14604,202610,0,0.19765690809983819
14610,202610,0,0.2037763327748327
14617,202610,0,0.22962173783681297
14618,202610,0,0.10559666519166534
14620,202610,0,0.11972376889212391
14622,202610,0,0.17565339947367725
14624,202610,1,0.1683429725919552
14628,202610,0,0.06659495641999615
14629,202610,0,0.226081117601115
14630,202610,0,0.133903711243907
14632,202610,0,0.27807496691263717
14634,202610,0,0.1355371959735922
14638,202610,1,0.11090727218136948
14639,202610,1,0.08899352518705951
14640,202610,0,0.1836566455964589
14645,202610,1,0.156671542915026
14646,202610,0,0.0878760544464891
14648,202610,0,0.07035400832966762
14650,202610,0,0.18622355617761294
14651,202610,0,0.14644168713016661
14654,202610,1,0.15896551682020765
14658,202610,0,0.24799887786764946
14661,202610,0,0.16076085413339913
14666,202610,0,0.054431863007179705
14672,202610,0,0.14884370892474813
14673,202610,0,0.07786748531140898
14675,202610,0,0.18901773702343816
14678,202610,0,0.17506754031019317
14680,202610,0,0.11816436161364614
14684,202610,1,0.23682284923347746
14685,202610,0,0.23163842356680486
14688,202610,0,0.09377814959030374
14692,202610,0,0.14600131964316324
14693,202610,1,0.1556801045577308
14694,202610,0,0.15089531228258377
14695,202610,0,0.22267891357496564
14702,202610,0,0.16084975482452052
14705,202610,0,0.06159715795286176
14706,202610,0,0.14905783440212694
14707,202610,0,0.14500773580579032
14711,202610,0,0.18135872675986087
14713,202610,0,0.08491682650551037
14714,202610,0,0.1534231258635119
14717,202610,0,0.18193432156893977
14721,202610,0,0.16905236417414596
14722,202610,0,0.19282973555257568
14726,202610,0,0.1511532824281739
14730,202610,1,0.2316073860731298
14735,202610,0,0.07151143234843843
14736,202610,0,0.19771295898333544
14742,202610,0,0.2179438232119198
14744,202610,0,0.31523351318978554
14746,202610,0,0.17580707191508882
14748,202610,0,0.158193340473086
14751,202610,0,0.12845508081218346
14753,202610,0,0.1828383611263971
14754,202610,0,0.1699518416415985
14755,202610,0,0.1134062863518032
14759,202610,0,0.1794709869094627
14760,202610,1,0.16764997400533108
14764,202610,0,0.18033784433982505
14766,202610,0,0.17906948244389942
14767,202610,0,0.22732664981321474
14768,202610,0,0.13244625966835027
14770,202610,0,0.1262717695004778
14773,202610,0,0.20069481240254947
14777,202610,0,0.13007628975452395
14778,202610,0,0.12066303712100261
14779,202610,0,0.08861431093921139
14782,202610,0,0.14468737099634213
14783,202610,0,0.18305886124231005
14784,202610,0,0.1339077118890302
14791,202610,0,0.19989545442325973
14793,202610,0,0.08864670795614203
14794,202610,0,0.22114862790772624
14795,202610,0,0.12109267388646841
14796,202610,0,0.31576251960753543
14797,202610,0,0.12645081709611308
14800,202610,0,0.06897326675836721
14802,202610,0,0.11723698299638569
14803,202610,0,0.05139563008854591
14804,202610,1,0.18160619288915428
14805,202610,0,0.19961330008221206
14806,202610,1,0.18894213221706443
14808,202610,0,0.2341678482998991
14809,202610,0,0.08097241432363655
14812,202610,0,0.25823839891512357
14813,202610,0,0.19170729141942647
14814,202610,0,0.08394876329267935
14818,202610,0,0.2045801660538733
14819,202610,0,0.0769325610742858
14820,202610,0,0.06667806092398147
14821,202610,0,0.2374712047324311
14822,202610,0,0.13964544969619097
14824,202610,0,0.2364573818782395
14826,202610,0,0.18782942097522634
14827,202610,0,0.11175804563266943
14831,202610,0,0.18052125745843572
14832,202610,0,0.16544979148557173
14834,202610,0,0.22449204152764865
14839,202610,0,0.16396058002942332
14841,202610,0,0.11076248144021615
14842,202610,0,0.1790613394120177
14848,202610,0,0.09073164346081085
14849,202610,0,0.07930307209737035
14852,202610,0,0.16778925797704347
14855,202610,0,0.1350980612047256
14856,202610,0,0.1779790480050051
14865,202610,0,0.10693495960656058
14866,202610,0,0.11747193096089245
14869,202610,0,0.12101617853562405
14873,202610,0,0.18629380799120493
14874,202610,1,0.19986496283701763
14877,202610,0,0.1395498290770032
14878,202610,0,0.14624799497234023
14881,202610,0,0.08896899208212855
14882,202610,0,0.24795258384614383
14883,202610,0,0.12475261313587668
14885,202610,0,0.17755700786673154
14889,202610,0,0.20119048363734823
14890,202610,0,0.15763211464248036
14892,202610,0,0.09190006584147375
14893,202610,0,0.05565419601092589
14894,202610,0,0.08396670851347597
14895,202610,0,0.0918621104531654
14896,202610,1,0.20577778411923692
14897,202610,0,0.12269131985233844
14901,202610,0,0.07546294004644108
14904,202610,0,0.05535626631769294
14906,202610,1,0.16062596347600405
14908,202610,0,0.12052663730051053
14909,202610,0,0.19574483779666738
14910,202610,0,0.08930821202150656
14914,202610,0,0.15275063417611348
14916,202610,0,0.11908738155687124
14917,202610,0,0.07468262950070868
14918,202610,0,0.10101252863691661
14919,202610,0,0.23100338184170577
14923,202610,0,0.14961074255963905
14925,202610,1,0.13494660227539249
14927,202610,0,0.12663395853906442
14928,202610,0,0.06787511017783512
14929,202610,0,0.15252655904653137
14931,202610,0,0.13994891070753435
14934,202610,0,0.13824474925919641
14935,202610,0,0.1800684705549249
14948,202610,0,0.2429813456798558
14949,202610,1,0.0991122456153662
14950,202610,0,0.1342825601142269
14951,202610,0,0.14879722402626452
14952,202610,0,0.08032985864549587
14954,202610,0,0.21346007342985526
14960,202610,0,0.09132492539611893
14962,202610,0,0.06339435920722233
14966,202610,1,0.15726962531411753
14970,202610,0,0.11948790608874417
14973,202610,0,0.12034554044711503
14976,202610,0,0.20882243148619975
14978,202610,0,0.11741807541544802
14979,202610,0,0.1496829806989197
14980,202610,1,0.14402571852843885
14982,202610,0,0.13126950595176645
14983,202610,1,0.13355734468866337
14985,202610,0,0.06438023775740734
14986,202610,0,0.10565813340614691
14987,202610,0,0.15424144836398504
14988,202610,0,0.18031213404331378
14991,202610,0,0.10779990869742286
14994,202610,0,0.24084053744950856
14995,202610,1,0.1558926617012399
14996,202610,0,0.188215938286156
14997,202610,0,0.15198140616592662
14998,202610,0,0.13720579291793172
14999,202610,0,0.15849911907560701
15000,202610,0,0.13155324716104252
15003,202610,0,0.10043955348917104
15005,202610,0,0.20099419269779611
15006,202610,0,0.12424964779669213
15007,202610,1,0.16247287751589393
15009,202610,0,0.21910029870526151
15012,202610,0,0.2160213486361579
15015,202610,0,0.09600967374303886
15018,202610,0,0.16134287890829666
15028,202610,1,0.11932320556156117
15029,202610,0,0.23699350001024724
15034,202610,1,0.13044240885058186
15036,202610,0,0.14684680574235845
15037,202610,0,0.20343668479347468
15040,202610,0,0.17249949165309797
15041,202610,0,0.16877730587137194
15042,202610,0,0.14494625285688395
15046,202610,0,0.18665000134152232
15047,202610,0,0.16023483380309594
15050,202610,0,0.1705242036451799
15051,202610,1,0.1130926961096276
15053,202610,0,0.16921141818586846
15056,202610,0,0.18950890190180958
15057,202610,0,0.21987422756573086
15058,202610,0,0.1465274605248194
15060,202610,0,0.0728841375742743
15061,202610,0,0.1844360010479899
15062,202610,0,0.17412984046920704
15066,202610,0,0.12822028166911872
15067,202610,0,0.2093409766886138
15068,202610,0,0.09297120299500711
15069,202610,0,0.0946187225634816
15072,202610,0,0.1481971373244286
15076,202610,1,0.20543069474366646
15077,202610,0,0.1483715377217551
15078,202610,1,0.15109479772455184
15089,202610,0,0.16953972904779335
15093,202610,0,0.1593457856202185
15096,202610,0,0.1846225480529065
15097,202610,0,0.06078471595474217
15099,202610,0,0.10634854841795503
15101,202610,0,0.22188724216019493
15103,202610,0,0.19698599667848452
15104,202610,0,0.14808970975629626
15105,202610,0,0.13127227748605122
15108,202610,0,0.1113792152159388
15109,202610,0,0.10401178753568516
15112,202610,0,0.12679796506466015
15114,202610,0,0.16535902078350356
15117,202610,0,0.06134393800353527
15118,202610,1,0.20423788579504054
15121,202610,1,0.1525179014680948
15122,202610,0,0.11668235101433024
15126,202610,0,0.1384346945660265
15128,202610,0,0.09976737050057634
15129,202610,0,0.1442775783798377
15130,202610,0,0.05218282657513184
15131,202610,1,0.19186219900597762
15132,202610,0,0.07729174714701005
15133,202610,0,0.10711355044742468
15134,202610,0,0.08053897313817464
15136,202610,0,0.16704326994808022
15137,202610,0,0.18652034106685303
15139,202610,0,0.12912449384367006
15142,202610,0,0.1226101191953952
15145,202610,0,0.09141064543127501
15146,202610,0,0.09185278793054594
15147,202610,0,0.14287111409226075
15150,202610,0,0.19153627546008004
15159,202610,0,0.16436980847417093
15163,202610,0,0.179474928380642
15165,202610,0,0.07368149665556396
15167,202610,0,0.1129391005298626
15168,202610,0,0.06560768602205806
15173,202610,0,0.1475576737858903
15181,202610,0,0.12534123778924733
15183,202610,0,0.14701864813827653
15185,202610,0,0.21922484921096533
15186,202610,0,0.19673743858754708
15189,202610,0,0.09045515091888502
15190,202610,0,0.09082613647603179
15191,202610,0,0.11260923853462187
15193,202610,0,0.18028934282963535
15196,202610,0,0.0908878929809179
15199,202610,0,0.1850463785074057
15200,202610,0,0.1674514073786364
15201,202610,0,0.2079785401427443
15204,202610,0,0.22504773915622694
15207,202610,0,0.0950613626854287
15209,202610,0,0.22017226274761517
15212,202610,0,0.10803257736514071
15213,202610,0,0.15063776913220597
15214,202610,0,0.1902108439813165
15215,202610,0,0.18087708791917598
15216,202610,0,0.19613925223471304
15222,202610,0,0.15626276489285149
15223,202610,0,0.09969360711047191
15224,202610,0,0.24744501595573726
15227,202610,0,0.10152485698612182
15231,202610,0,0.14336773647256848
15232,202610,1,0.11581023992975496
15234,202610,0,0.11878727233939039
15236,202610,0,0.08632614416163752
15240,202610,0,0.2145017897521146
15241,202610,0,0.10329788764378946
15242,202610,0,0.2320794804696484
15243,202610,0,0.17419632708072774
15244,202610,1,0.18385235651087115
15247,202610,0,0.16828819220797098
15250,202610,0,0.12288933296879948
15253,202610,0,0.13769590425993866
15254,202610,0,0.1482992445726054
15255,202610,0,0.10063108566484254
15260,202610,0,0.08152978208069439
15262,202610,1,0.1759346229738116
15265,202610,0,0.06932501695324446
15275,202610,0,0.13770265323514919
15276,202610,1,0.1859962759327229
15280,202610,0,0.165941246217154
15281,202610,0,0.19244223824643153
15282,202610,0,0.24020690493291388
15283,202610,0,0.24749258932978888
15284,202610,0,0.23360570631715805
15289,202610,0,0.16186692723929794
15292,202610,0,0.20933629406251045
15293,202610,0,0.08558296258891368
15300,202610,0,0.18516615816750434
15301,202610,0,0.15418683056797208
15302,202610,0,0.2370520175845067
15303,202610,0,0.15161257411416462
15306,202610,0,0.10731127493109392
15307,202610,0,0.20893008112416284
15310,202610,0,0.23813728525135858
15311,202610,0,0.17143639782645603
15313,202610,0,0.16174386131187898
15318,202610,1,0.19379534435638662
15320,202610,0,0.13684589291097343
15322,202610,0,0.045918425111102126
15323,202610,1,0.23163901872974876
15324,202610,0,0.13188213150782338
15327,202610,0,0.19394792286794113
15328,202610,1,0.28098119535571686
15329,202610,0,0.1314612254588263
15335,202610,1,0.1829047994117972
15340,202610,0,0.2297512434514845
15342,202610,1,0.07725705500011015
15349,202610,0,0.10295819404737576
15355,202610,0,0.069763293564914
15356,202610,0,0.18847084095005048
15359,202610,0,0.26873316387955815
15360,202610,0,0.11570168428338112
15361,202610,0,0.12814748758127914
15364,202610,0,0.17035057804190532
15365,202610,1,0.10852457027936373
15367,202610,0,0.10749166021307087
15368,202610,0,0.19482629556184464
15370,202610,1,0.1375485595695811
15372,202610,0,0.22830824620717502
15373,202610,0,0.17109468845448714
15374,202610,0,0.07643112593605644
15377,202610,0,0.20609883981948102
15381,202610,0,0.14278122194406395
15383,202610,0,0.1597908272018208
15386,202610,0,0.06709368033011426
15387,202610,0,0.15604412201094647
15391,202610,0,0.1825572761834535
15392,202610,1,0.12437751770431267
15394,202610,0,0.06434000661869999
15395,202610,0,0.17696177457798823
15396,202610,0,0.08741167851206962
15397,202610,0,0.12826425702012484
15399,202610,0,0.1067323521166284
15400,202610,0,0.1149946439065656
15404,202610,0,0.15059642450214328
15405,202610,1,0.30925055295758824
15406,202610,1,0.11744640107458075
15407,202610,0,0.09565353272893247
15408,202610,0,0.1049577475443132
15409,202610,0,0.0622029383272174
15411,202610,0,0.2064224136928824
15414,202610,0,0.19512995118496468
15416,202610,0,0.10154423217844143
15421,202610,0,0.10755399196926459
15423,202610,0,0.14318900875477267
15424,202610,1,0.19283845329938556
15425,202610,0,0.057323092250061616
15426,202610,0,0.19038676857808012
15428,202610,0,0.16917218545504725
15429,202610,0,0.14163344874014153
15430,202610,0,0.19409928579506508
15437,202610,0,0.22428159213302723
15438,202610,0,0.07901630448851683
15447,202610,1,0.1978045973458141
15449,202610,0,0.10604921387312938
15451,202610,0,0.1653454874007
15455,202610,0,0.15357923499481785
15456,202610,0,0.17662720315824965
15459,202610,0,0.21211742509662718
15460,202610,0,0.15234368605302573
15461,202610,1,0.11660500931774738
15462,202610,0,0.19936659820755748
15465,202610,0,0.12157718729087474
15466,202610,0,0.07919790149267351
15467,202610,0,0.15721589819068657
15468,202610,0,0.09335746487259095
15469,202610,0,0.08299326938437149
15470,202610,0,0.10409999367349802
15473,202610,0,0.19261758852438524
15474,202610,0,0.10545938419033186
15478,202610,1,0.15754219596626898
15484,202610,0,0.10392835408212558
15486,202610,0,0.1709271332260835
15488,202610,0,0.1064604154066522
15489,202610,0,0.07334263993664714
15491,202610,1,0.24871678537109235
15492,202610,1,0.0930696381042165
15493,202610,0,0.1442832744764339
15494,202610,0,0.11376520969432585
15499,202610,1,0.0834293453326512
15502,202610,1,0.15743249388318506
15511,202610,0,0.07461392009592988
15512,202610,0,0.20005923650117607
15513,202610,1,0.06552401155432337
15517,202610,0,0.2150100234926716
15518,202610,0,0.16278219065823576
15522,202610,0,0.06741746360102066
15524,202610,0,0.12047564429166768
15526,202610,0,0.11673127676028498
15527,202610,0,0.14430177476279746
15528,202610,0,0.07594008120554253
15532,202610,1,0.1954627185171623
15534,202610,0,0.12990252371333352
15537,202610,0,0.12148725712717345
15538,202610,0,0.176179562949662
15541,202610,0,0.07708322239544321
15544,202610,0,0.14727932640398705
15545,202610,0,0.16154059700367282
15546,202610,0,0.08494418772132446
15547,202610,0,0.07008149032737572
15548,202610,0,0.21697178097105485
15549,202610,0,0.20954275539183476
15550,202610,0,0.1319716732420337
15551,202610,0,0.12745956415987253
15552,202610,0,0.0719926240593156
15553,202610,0,0.06912933340324227
15558,202610,1,0.09247010146710612
15559,202610,1,0.22231961709993844
15562,202610,0,0.08058341149010145
15563,202610,0,0.2672474138384056
15564,202610,0,0.21012970144997284
15567,202610,0,0.16093472548603777
15568,202610,0,0.11430603756265476
15569,202610,0,0.08242549843183267
15573,202610,0,0.08456450982243414
15574,202610,0,0.10545570788498276
15579,202610,0,0.1369565104625299
15581,202610,0,0.07299468762264613
15582,202610,0,0.07033944509193084
15586,202610,0,0.19432050312761548
15589,202610,0,0.16918043367778896
15590,202610,0,0.09295256000130334
15591,202610,0,0.10753121483091868
15594,202610,0,0.08268445877654115
15596,202610,0,0.1730939464738851
15598,202610,0,0.11199043995131211
15600,202610,0,0.1272004601278801
15603,202610,0,0.19199006154566714
15609,202610,0,0.1760603388327114
15610,202610,0,0.1685612999641108
15613,202610,0,0.12731380370234113
15617,202610,0,0.047568328722252466
15619,202610,0,0.19422347996503342
15620,202610,1,0.3211273539080509
15621,202610,1,0.1303522520805162
15625,202610,0,0.11448120879824408
15632,202610,1,0.15488666531966772
15633,202610,0,0.095683469984345
15636,202610,0,0.18374282571396328
15637,202610,0,0.17630130341851094
15640,202610,0,0.14211976700588594
15641,202610,0,0.1361366589167386
15642,202610,0,0.08753792512787126
15643,202610,0,0.12252743939569871
15645,202610,0,0.1772538064115071
15650,202610,0,0.09914663248453906
15653,202610,0,0.08817247407427181
15655,202610,0,0.21448910601553411
15661,202610,0,0.15212108624996382
15663,202610,0,0.17956635584055564
15665,202610,0,0.0795639517480593
15667,202610,0,0.13932150826496234
15671,202610,0,0.08040173055566818
15672,202610,1,0.12715832275020453
15673,202610,0,0.19656564934034046
15676,202610,0,0.07181013382914915
15679,202610,0,0.1706502469986318
15680,202610,0,0.11750589333282496
15684,202610,0,0.2211915015239299
15685,202610,0,0.08447989426036005
15690,202610,0,0.08770924848730174
15695,202610,0,0.0933965483745377
15696,202610,1,0.09854068496022864
15698,202610,1,0.23991383082142953
15699,202610,0,0.3385249807082648
15701,202610,0,0.13257956451824993
15705,202610,0,0.21695472063036025
15709,202610,0,0.0695863277973244
15717,202610,0,0.15728536944650573
15718,202610,0,0.2505413834236766
15721,202610,0,0.23510422010981982
15723,202610,1,0.19590187724925198
15724,202610,0,0.20342995732067035
15725,202610,0,0.0863168544974504
15728,202610,0,0.16352807148184967
15729,202610,0,0.19742223724366792
15731,202610,0,0.1468305082938135
15732,202610,0,0.1256964719713976
15733,202610,0,0.14887438557354354
15739,202610,0,0.19263565473482033
15742,202610,0,0.06786714187691577
15743,202610,0,0.07992873076136772
15744,202610,0,0.08062418183774935
15745,202610,0,0.0900402967883047
15746,202610,1,0.18569131171479003
15748,202610,0,0.11874781039395552
15751,202610,0,0.22917074274914898
15752,202610,0,0.15490761434336772
15760,202610,0,0.08230295175210697
15761,202610,0,0.07472168448785764
15764,202610,0,0.14372706399406038
15766,202610,0,0.24368341606085514
15770,202610,0,0.0621340640385442
15771,202610,0,0.1595654700736665
15773,202610,0,0.0882502801501956
15774,202610,0,0.18730421419936807
15776,202610,1,0.15933635323024473
15777,202610,0,0.1493027006142474
15778,202610,0,0.24462513564791724
15780,202610,0,0.10183757143514047
15782,202610,0,0.22266460005442487
15783,202610,0,0.18842194422747013
15785,202610,0,0.15098448914589382
15787,202610,0,0.1499269509666231
15788,202610,0,0.23505052604260862
15789,202610,0,0.10977999194240279
15793,202610,0,0.19140747292540095
15795,202610,0,0.09263199883774809
15798,202610,0,0.2476297022934647
15801,202610,0,0.2263381209578445
15802,202610,0,0.07821658068971786
15804,202610,0,0.17649429796678123
15809,202610,0,0.15642319031722118
15810,202610,0,0.13836712381249738
15814,202610,0,0.1449285467253264
15831,202610,0,0.11602180705702136
15833,202610,0,0.24453843623877913
15835,202610,0,0.1987024886269919
15837,202610,0,0.05162357987241588
15841,202610,0,0.13065404799866137
15842,202610,0,0.10726712257248612
15845,202610,0,0.13151568230210944
15849,202610,0,0.0784182169451526
15850,202610,0,0.05752459599071899
15851,202610,0,0.057318322924560454
15853,202610,0,0.12447902155487958
15854,202610,0,0.15738706008614387
15857,202610,0,0.0740909920511003
15861,202610,0,0.24855295132239583
15862,202610,0,0.19855523719585955
15863,202610,0,0.18060743074810504
15868,202610,0,0.17444015997504164
15871,202610,0,0.10617636282811987
15873,202610,0,0.08502258850834259
15876,202610,0,0.14484216424715657
15880,202610,0,0.11520198292696952
15883,202610,0,0.11751496105455209
15884,202610,0,0.09875679250520587
15886,202610,1,0.1312222779663741
15887,202610,0,0.1326138883291702
15888,202610,0,0.10758991465516787
15889,202610,0,0.11056344508830601
15890,202610,0,0.1780099058392925
15891,202610,0,0.19119810518582867
15892,202610,0,0.11086714849528839
15893,202610,0,0.08754888267803479
15897,202610,0,0.06988801408528515
15898,202610,0,0.22283410623863148
15902,202610,0,0.21419732862247054
15903,202610,0,0.08025449655952631
15904,202610,0,0.12820138862785338
15905,202610,0,0.180332657084534
15909,202610,1,0.24642396194510088
15910,202610,0,0.1340583261309945
15911,202610,0,0.14599356324064705
15912,202610,0,0.12669322130951213
15916,202610,0,0.07501568226672246
15917,202610,0,0.07331802227949703
15924,202610,0,0.2126025285274353
15930,202610,0,0.20993266704287014
15932,202610,0,0.22203328920780074
15937,202610,0,0.11624596281894482
15938,202610,0,0.13426091331355505
15939,202610,1,0.2609625962821871
15940,202610,0,0.1415881178342821
15941,202610,1,0.08050785982817052
15942,202610,0,0.15372485762686242
15943,202610,0,0.25538713187360296
15944,202610,0,0.06505118989531807
15945,202610,0,0.1089272224398329
15946,202610,0,0.12024685954701538
15948,202610,0,0.06002059407836728
15949,202610,0,0.08258339539055896
15952,202610,0,0.12948729259675706
15953,202610,0,0.1892630855844576
15954,202610,0,0.059089007770714914
15956,202610,0,0.11425511982444238
15957,202610,0,0.15706437901151268
15960,202610,0,0.10121148438952322
15962,202610,0,0.13442807654965166
15965,202610,0,0.09426550621398484
15968,202610,0,0.18901245092567642
15969,202610,0,0.1877023242983067
15975,202610,0,0.09496899552631481
15977,202610,0,0.258993336663624
15982,202610,0,0.1275724900588263
15987,202610,0,0.21688052417923068
15988,202610,0,0.09816609814198508
15990,202610,0,0.09898217487052269
15991,202610,0,0.05727026440550862
15992,202610,0,0.13896887611475078
15993,202610,0,0.278751430361024
15997,202610,0,0.14762908286317178
15998,202610,0,0.1718010107253154
16003,202610,0,0.1372169405552671
16007,202610,1,0.15581381961741095
16009,202610,0,0.15927661142700533
16012,202610,0,0.16615782447419802
16013,202610,1,0.11383115761664968
16014,202610,0,0.17295536139456769
16015,202610,0,0.13228838937801668
16016,202610,0,0.08946491408210738
16018,202610,0,0.19796713008898015
16019,202610,0,0.13996749752795162
16021,202610,0,0.14251321439349154
16022,202610,1,0.12550265555398865
16026,202610,0,0.09924913928748517
16028,202610,1,0.23131519359389552
16029,202610,0,0.18323262137760665
16030,202610,0,0.10797908830402621
16031,202610,0,0.08349891003403814
16032,202610,0,0.10911601216787016
16035,202610,0,0.16053284021490774
16037,202610,0,0.08099655759928576
16038,202610,1,0.22564924854578103
16041,202610,1,0.21993858198305188
16043,202610,0,0.1415425094940196
16045,202610,0,0.22783274242865992
16049,202610,0,0.18431801598791916
16051,202610,0,0.10403658693428801
16055,202610,0,0.2587406918280761
16060,202610,1,0.19852489725515574
16061,202610,0,0.19638168720769997
16063,202610,0,0.12260256622637714
16064,202610,0,0.09322468591007015
16065,202610,0,0.09239575029297635
16076,202610,0,0.1615905899844422
16078,202610,0,0.21196530019926324
16080,202610,1,0.2578591243308867
16082,202610,1,0.22166694542402976
16085,202610,0,0.13985295443063234
16087,202610,0,0.14096715088976672
16088,202610,0,0.1720985175602639
16091,202610,0,0.09060385839647446
16092,202610,0,0.15814078027226075
16093,202610,0,0.1792071188568946
16095,202610,0,0.19262173871257193
16099,202610,1,0.2128077101300118
16101,202610,0,0.11673947457221785
16102,202610,0,0.24224184294522993
16110,202610,0,0.1916260252387116
16111,202610,0,0.13419280332901423
16113,202610,0,0.19305327586458693
16118,202610,0,0.1996132910408487
16121,202610,0,0.1130453031293292
16123,202610,0,0.16290334581980476
16127,202610,0,0.16992675212634756
16128,202610,1,0.2049025514947503
16129,202610,0,0.06648094572464766
16130,202610,0,0.10648882331135855
16133,202610,0,0.10321531118549761
16135,202610,0,0.14129647245116625
16136,202610,0,0.12957339602616438
16137,202610,0,0.2260953315487385
16138,202610,0,0.06623684147349387
16140,202610,0,0.2206625910516871
16141,202610,0,0.17021377392332557
16142,202610,0,0.10083399874540887
16144,202610,1,0.15957857092879327
16145,202610,0,0.18066294374114616
16147,202610,0,0.1939820373534316
16148,202610,0,0.23316650783141518
16149,202610,0,0.1887702662796209
16157,202610,1,0.11304874084777429
16158,202610,0,0.18142638966551783
16162,202610,1,0.15801032558600972
16163,202610,0,0.1928421281176961
16164,202610,1,0.10331806765923254
16165,202610,1,0.22734630384754706
16166,202610,0,0.07208292269986145
16169,202610,0,0.1107416138362187
16172,202610,0,0.16750653531686993
16173,202610,0,0.19638831219226358
16176,202610,0,0.13206423946504495
16177,202610,0,0.1276207737606772
16179,202610,0,0.20799372932521962
16181,202610,0,0.06433069740189758
16182,202610,0,0.2877691190730946
16184,202610,1,0.14576665932956334
16192,202610,0,0.19396003014770863
16193,202610,0,0.11596091557728838
16197,202610,0,0.23421355465932345
16198,202610,0,0.14991147697371512
16199,202610,0,0.13666411115717078
16201,202610,0,0.16738771062018393
16202,202610,1,0.18821150081409763
16203,202610,0,0.10370055608968755
16204,202610,0,0.16558862543895497
16209,202610,0,0.20099482027491739
16213,202610,1,0.3244772173512686
16218,202610,0,0.12091034475829601
16219,202610,0,0.21533218268473273
16220,202610,0,0.07357037864331287
16221,202610,1,0.1947053673134638
16222,202610,0,0.22677716922566205
16226,202610,0,0.2055178896759273
16227,202610,0,0.11706839865564889
16228,202610,0,0.17042233765363962
16229,202610,0,0.17529683901153284
16230,202610,0,0.1505131055367158
16231,202610,1,0.09346095019519594
16235,202610,0,0.14722911656654
16237,202610,0,0.08406696269650782
16240,202610,0,0.11564537363944934
16242,202610,0,0.13494677291190302
16246,202610,0,0.20476372806696205
16247,202610,0,0.1570570208352319
16248,202610,0,0.14558430418913648
16250,202610,1,0.19395802499635711
16251,202610,1,0.10012690380935534
16254,202610,0,0.3354628987851122
16256,202610,0,0.14672219487689592
16258,202610,0,0.11943708755405033
16260,202610,0,0.06708212933044973
16263,202610,1,0.4010355542506274
16266,202610,0,0.20194638242982263
16270,202610,0,0.16831413631975542
16271,202610,0,0.170831036849415
16272,202610,0,0.17648356668763418
16274,202610,0,0.17250723170204338
16275,202610,0,0.08834918604245304
16276,202610,0,0.0777483908740538
16277,202610,0,0.17008279049306207
16278,202610,0,0.10323760055493449
16279,202610,0,0.12086147436290785
16280,202610,0,0.2028648364714123
16283,202610,0,0.2615053231870579
16284,202610,0,0.10123359959752762
16286,202610,0,0.0855074770534194
16288,202610,0,0.14888460532121303
16292,202610,1,0.15998231526048445
16293,202610,0,0.1264687680994094
16294,202610,1,0.18185478123747972
16295,202610,1,0.15818670898773993
16299,202610,0,0.22219853597137776
16300,202610,0,0.19661195298492984
16307,202610,0,0.1499041926928258
16314,202610,0,0.18030990100791008
16315,202610,0,0.1498498191300527
16318,202610,1,0.1704387143197075
16319,202610,0,0.19521802367174185
16320,202610,0,0.16218018078833155
16321,202610,0,0.17262322258115484
16322,202610,1,0.18762307398073622
16324,202610,1,0.12890293799165312
16325,202610,0,0.06950828132606869
16329,202610,0,0.07839482059683892
16333,202610,0,0.10890771640478146
16334,202610,0,0.12428553605056153
16335,202610,0,0.21089757732363912
16336,202610,0,0.19616727478804322
16338,202610,0,0.154719524145282
16342,202610,0,0.16372429036527394
16343,202610,0,0.17005090147077517
16344,202610,1,0.22335366851518146
16345,202610,0,0.11019522424058813
16346,202610,0,0.17635368957947453
16347,202610,0,0.12039571582906418
16348,202610,0,0.14244748803450405
16350,202610,0,0.09412209015632236
16352,202610,0,0.08580120248618238
16353,202610,0,0.05649008457540393
16354,202610,0,0.18749393285426252
16356,202610,0,0.20107542334631803
16357,202610,0,0.24092951113378983
16358,202610,0,0.1283336812168983
16362,202610,0,0.14052403536008595
16363,202610,1,0.17514900865060504
16364,202610,0,0.08820158160803353
16366,202610,1,0.23938986742569107
16367,202610,0,0.1642153026397561
16370,202610,1,0.2313065522908626
16371,202610,0,0.11623799468511252
16374,202610,0,0.14356170324265163
16376,202610,0,0.14356599691988925
16377,202610,0,0.21195139675691765
16378,202610,0,0.1916973869580942
16381,202610,0,0.1372875556157591
16383,202610,0,0.11794364109854877
16384,202610,0,0.1584961484263328
16385,202610,1,0.14129569669897013
16386,202610,0,0.1464947393501619
16388,202610,0,0.11475107321959904
16390,202610,0,0.16735581422033727
16391,202610,0,0.20959106441058648
16394,202610,0,0.15341085611443075
16397,202610,0,0.06984652877326815
16398,202610,0,0.17503087893992603
16400,202610,0,0.1704504243830137
16404,202610,0,0.176663907474274
16409,202610,0,0.11039576432537793
16411,202610,0,0.14048448167059793
16414,202610,0,0.09540036683212808
16418,202610,0,0.2645724812343971
16420,202610,0,0.1328546031709776
16421,202610,0,0.17043939294117988
16425,202610,0,0.09523671130364299
16426,202610,0,0.16039363434561946
16428,202610,1,0.16672671468393543
16429,202610,0,0.15995971505456902
16430,202610,0,0.08673199959617055
16431,202610,0,0.08381536753969575
16432,202610,1,0.15783350881249666
16437,202610,0,0.09405325710734883
16438,202610,0,0.09109679392771466
16439,202610,0,0.11823751304580893
16440,202610,0,0.06678590384656964
16441,202610,0,0.20306045116239976
16446,202610,0,0.09649611167923029
16451,202610,0,0.1063267074976261
16461,202610,0,0.10785149244738676
16463,202610,1,0.11175169289056386
16464,202610,0,0.310731207322313
16466,202610,0,0.19445029342023046
16467,202610,0,0.10456298214323563
16468,202610,0,0.16582433575426983
16469,202610,0,0.15728785491042616
16470,202610,0,0.1298405433354091
16472,202610,1,0.09968964004846517
16477,202610,0,0.360000801329933
16480,202610,1,0.1887131448492484
16483,202610,0,0.2305957529740987
16487,202610,0,0.23697024338659586
16488,202610,0,0.09596487440645769
16490,202610,0,0.07755499542011332
16496,202610,0,0.16244852847799773
16497,202610,1,0.1643624283493122
16500,202610,1,0.14737134047355194
16502,202610,0,0.10391163528360278
16508,202610,1,0.24997442615807214
16510,202610,0,0.12325527542894059
16511,202610,0,0.07737100376904228
16512,202610,0,0.12901139098283182
16513,202610,0,0.1009388244371751
16514,202610,0,0.05631511267324215
16515,202610,0,0.06731610924091222
16517,202610,0,0.1300589009495229
16519,202610,0,0.0631685434531745
16520,202610,0,0.09640471423347238
16525,202610,0,0.20127250245044895
16526,202610,0,0.25176677333581254
16529,202610,0,0.14833326117486978
16532,202610,0,0.1698618005782371
16533,202610,0,0.09773837389832936
16536,202610,0,0.2636820828161656
16540,202610,0,0.12717804093638932
16542,202610,0,0.14977095206878097
16544,202610,0,0.19504553808948272
16548,202610,0,0.12971161865091943
16549,202610,0,0.08057518699215854
16551,202610,0,0.3835732196938408
16552,202610,0,0.12828065463470892
16555,202610,1,0.15673046171036553
16557,202610,0,0.15003255558712728
16558,202610,0,0.10856212222359059
16559,202610,0,0.18972866817221687
16560,202610,0,0.19133212971136326
16561,202610,0,0.1826438997626286
16562,202610,0,0.15658928410591963
16564,202610,0,0.1124560023286933
16565,202610,0,0.19686247247475772
16566,202610,0,0.0951648703598144
16572,202610,0,0.20308768178467212
16573,202610,0,0.1797884908047536
16574,202610,0,0.25884752427140023
16575,202610,0,0.06142439248615666
16578,202610,1,0.2500457576449543
16579,202610,0,0.22811773771803986
16580,202610,0,0.25763868266931333
16582,202610,0,0.09545663779429985
16584,202610,0,0.1510861325081376
16586,202610,0,0.1499664273635621
16588,202610,0,0.13791480083633767
16595,202610,0,0.16071988316187538
16597,202610,0,0.0845972993964492
16600,202610,0,0.16239619956376636
16601,202610,0,0.10617203187812695
16604,202610,1,0.09016382977057956
16606,202610,0,0.24178716022892305
16608,202610,0,0.09279461278479867
16611,202610,0,0.1795160691128006
16612,202610,1,0.1604334312626283
16613,202610,0,0.17877175621173272
16615,202610,0,0.13725425429302537
16617,202610,1,0.2062331860628213
16619,202610,0,0.20245396264675175
16621,202610,1,0.20104963210075463
16622,202610,0,0.1425774312853637
16624,202610,0,0.1552197076692967
16626,202610,0,0.21519226122811946
16628,202610,0,0.1623174393961588
16629,202610,0,0.09994945935765905
16630,202610,0,0.14906959249187648
16631,202610,0,0.1569002186189709
16634,202610,0,0.15279466884617643
16638,202610,0,0.19148962016476134
16640,202610,1,0.1890706446050554
16643,202610,0,0.11637169754706138
16645,202610,0,0.1835583164573998
16649,202610,0,0.08562820805988872
16651,202610,0,0.192884296388401
16652,202610,0,0.1725019712054639
16653,202610,0,0.1277418150680069
16659,202610,0,0.16963114844276245
16660,202610,0,0.11666359713144535
16662,202610,1,0.07049544985403705
16668,202610,1,0.1613453382264658
16669,202610,0,0.17392473828797705
16670,202610,1,0.23266748566253578
16672,202610,0,0.10931187362084822
16674,202610,0,0.21905342479318543
16677,202610,0,0.15395815712561092
16678,202610,1,0.16645507123799388
16679,202610,0,0.18243426848322675
16680,202610,0,0.11141098784039956
16681,202610,0,0.08175446410436706
16684,202610,0,0.04805253292836925
16685,202610,0,0.147169617698546
16686,202610,0,0.22075437760073943
16687,202610,0,0.12437663722290199
16688,202610,0,0.2158804793628545
16689,202610,0,0.08795403412627582
16690,202610,0,0.05739693972637111
16692,202610,0,0.12569283557830055
16693,202610,0,0.07396914640377968
16696,202610,0,0.10564231365603803
16697,202610,0,0.14322427921048864
16701,202610,1,0.18921655484018496
16703,202610,0,0.18535648625571038
16704,202610,0,0.08196437011553512
16705,202610,0,0.1872963965496761
16707,202610,0,0.16024674333475736
16711,202610,0,0.0914998336389607
16712,202610,1,0.17722425069779468
16713,202610,0,0.142652339141856
16714,202610,0,0.4048362210003183
16715,202610,1,0.14404113144678146
16716,202610,0,0.12668413202001547
16717,202610,0,0.12460324455285905
16718,202610,0,0.17321361365354296
16719,202610,0,0.19189106890155788
16720,202610,0,0.05690746125676048
16723,202610,0,0.10292015008189158
16724,202610,0,0.24116259181780916
16728,202610,0,0.33012469739915834
16730,202610,0,0.16285282808566298
16735,202610,0,0.20666984790303422
16741,202610,0,0.14545095318836318
16742,202610,0,0.08093188924626199
16743,202610,0,0.14949805391326
16744,202610,0,0.06851864655544505
16748,202610,0,0.1512804373552364
16750,202610,0,0.16278821576298078
16751,202610,1,0.14971540198985023
16752,202610,0,0.20081581886904962
16753,202610,0,0.11885088389313933
16754,202610,1,0.17050054368587841
16755,202610,0,0.17235692465480554
16756,202610,0,0.059096497165947115
16758,202610,1,0.1897216774222087
16760,202610,0,0.15716086144090002
16762,202610,1,0.21196112202772838
16764,202610,0,0.06478049480797755
16770,202610,0,0.2223359852247011
16771,202610,0,0.1444052052706208
16772,202610,0,0.22602973370273144
16776,202610,0,0.13096348381338815
16777,202610,0,0.10908215782998838
16780,202610,0,0.1567183677132805
16781,202610,0,0.1554398057030589
16784,202610,1,0.25847057979984683
16788,202610,0,0.14225735716823387
16792,202610,0,0.1622536211588329
16793,202610,1,0.23204699874716112
16794,202610,0,0.21991402079492345
16795,202610,0,0.07664656645583218
16796,202610,0,0.11431818480666833
16798,202610,0,0.10026669903132746
16801,202610,0,0.178680082236408
16802,202610,0,0.0939695000708592
16803,202610,0,0.20444129548738763
16808,202610,1,0.209390081921257
16809,202610,0,0.20674110209437924
16810,202610,1,0.08901670630913083
16815,202610,0,0.12622388420340191
16816,202610,0,0.11240200103134117
16818,202610,0,0.1563604945360414
16819,202610,0,0.19911702426563335
16820,202610,0,0.22135464327465293
16824,202610,0,0.15915374127872223
16829,202610,0,0.13601234314758243
16833,202610,0,0.15068893475729783
16834,202610,0,0.1130472230719729
16840,202610,1,0.1680431857372817
16846,202610,0,0.16816623758292337
16847,202610,0,0.20746111677252757
16848,202610,0,0.1653647857457005
16849,202610,1,0.1442950942174617
16852,202610,0,0.10908702808274906
16853,202610,0,0.16879472200074788
16857,202610,0,0.14098588583638152
16858,202610,0,0.22772721899810014
16859,202610,1,0.13462760882573774
16860,202610,0,0.18782542269069077
16861,202610,0,0.1648210137281559
16862,202610,0,0.18525361457005038
16867,202610,0,0.1379227193320188
16869,202610,0,0.14923717773046574
16870,202610,0,0.166157339923743
16871,202610,1,0.28373619252094456
16872,202610,0,0.1259786979243012
16876,202610,0,0.18792444909909706
16877,202610,0,0.1668502836213222
16881,202610,1,0.14856464811077771
16883,202610,0,0.09241830751557428
16890,202610,0,0.06985921487672808
16893,202610,0,0.10376280161485239
16894,202610,0,0.10736628667570432
16897,202610,0,0.07656479187412771
16901,202610,0,0.11832667172832959
16902,202610,0,0.11294419329276262
16906,202610,0,0.06481159345506983
16909,202610,1,0.09992399769121907
16910,202610,0,0.07164087551509696
16911,202610,0,0.26527341518446834
16916,202610,1,0.2359258317430801
16921,202610,0,0.06520579505752093
16923,202610,0,0.1547282099750678
16926,202610,0,0.2357858068667613
16928,202610,0,0.15848854610465124
16930,202610,1,0.0961791295634233
16932,202610,0,0.20723758101844522
16933,202610,0,0.15994485646597023
16935,202610,0,0.17110171329393528
16942,202610,1,0.16078931798639376
16943,202610,0,0.1818188465063123
16944,202610,0,0.18530648837608527
16947,202610,0,0.08045803768699623
16948,202610,0,0.17000287526703456
16949,202610,0,0.06381191394928525
16952,202610,0,0.30785722698528944
16953,202610,0,0.12169654084999428
16954,202610,0,0.15050833992703694
16956,202610,0,0.15473290565805295
16958,202610,0,0.11604548620299732
16959,202610,0,0.11968425633256685
16962,202610,0,0.14298879461270186
16963,202610,1,0.2109097596116561
16969,202610,0,0.0856149205855522
16970,202610,0,0.08730803826510551
16972,202610,0,0.1344629686433259
16975,202610,1,0.25491081820580236
16977,202610,0,0.14973321310069376
16979,202610,0,0.13854194081939955
16981,202610,0,0.18034347199052977
16983,202610,0,0.1820546282388168
16984,202610,0,0.1331547755654642
16985,202610,0,0.12442399097205446
16986,202610,1,0.09887542657208037
16987,202610,0,0.23107457696189126
16989,202610,0,0.24211150944841597
16990,202610,0,0.2048835709725506
16992,202610,0,0.09070681858460938
16994,202610,0,0.26286034141181325
16995,202610,0,0.1277582126022076
16996,202610,1,0.23111404805049945
16997,202610,0,0.21165955078927198
16999,202610,0,0.26175860939704404
17000,202610,0,0.18792867717376596
17002,202610,0,0.1804825889307922
17003,202610,0,0.19103659250888555
17004,202610,0,0.35969388190524926
17006,202610,0,0.20875666117284764
17007,202610,0,0.20316343129430253
17008,202610,0,0.06799193233436539
17013,202610,1,0.13290020973203742
17014,202610,0,0.1296997079636596
17015,202610,0,0.19533942330406384
17017,202610,0,0.13205489967041711
17018,202610,0,0.23135126277607612
17020,202610,0,0.11017444948030175
17023,202610,0,0.1581838293060941
17024,202610,0,0.25906521068640376
17026,202610,0,0.18846144305417048
17028,202610,0,0.14644917767871288
17035,202610,0,0.1755681385282923
17036,202610,1,0.3102701459856055
17038,202610,0,0.1359229251967777
17039,202610,0,0.15540598619114926
17041,202610,0,0.25843420076693135
17046,202610,0,0.23247021086809522
17052,202610,0,0.16260410094064753
17053,202610,0,0.12565640620195942
17056,202610,0,0.1421229436613665
17057,202610,0,0.09446915059390472
17062,202610,1,0.18116604717069507
17063,202610,0,0.12166352613365264
17067,202610,0,0.1898959001126228
17068,202610,0,0.13775354793881742
17072,202610,1,0.262038949805966
17073,202610,0,0.10307144969710723
17075,202610,1,0.1243439362643187
17077,202610,0,0.16666220082060001
17078,202610,0,0.14427941957727364
17079,202610,0,0.14557076205778915
17080,202610,1,0.16316210295128464
17081,202610,0,0.16702034397466656
17083,202610,0,0.1557746802785279
17085,202610,0,0.16284103150148205
17086,202610,0,0.1878431783627849
17087,202610,0,0.1354247734346552
17088,202610,0,0.14879870512742208
17090,202610,0,0.18103907053198534
17093,202610,0,0.060864690226552644
17094,202610,0,0.06171558734462329
17095,202610,0,0.10499096486365375
17096,202610,0,0.10916825849004552
17099,202610,0,0.20740200164710992
17101,202610,0,0.17661273333183472
17102,202610,0,0.15861037235648856
17104,202610,0,0.14446145285814105
17105,202610,0,0.16052931322443925
17112,202610,1,0.11744600099740388
17113,202610,1,0.15634836253945802
17115,202610,0,0.12230191090372414
17116,202610,0,0.19397687955731385
17122,202610,0,0.07354920703623806
17123,202610,0,0.06069684274303205
17124,202610,1,0.13791111640772635
17127,202610,0,0.176235126385865
17128,202610,0,0.17963271132697362
17129,202610,0,0.17280099500462567
17131,202610,0,0.20649133466426284
17136,202610,0,0.1137144157457642
17140,202610,0,0.08446066451285233
17141,202610,0,0.11670217109187633
17146,202610,0,0.12254861231145395
17147,202610,0,0.06066384677791662
17149,202610,0,0.16021961334224738
17153,202610,1,0.1984969265278072
17155,202610,0,0.18105627325968598
17158,202610,0,0.1635119394404843
17159,202610,0,0.11398593240444006
17162,202610,1,0.1362368740740159
17163,202610,0,0.11328777527145921
17164,202610,0,0.13233992989810378
17165,202610,0,0.14793496248591909
17167,202610,0,0.2683514344174352
17169,202610,0,0.19162627611255204
17170,202610,0,0.10773769537295005
17171,202610,0,0.19550408627608784
17172,202610,0,0.155014245510298
17175,202610,0,0.27111626130076016
17176,202610,1,0.2339417117521279
17177,202610,0,0.14221851841277333
17181,202610,0,0.10446835896314732
17183,202610,0,0.08522247801609067
17186,202610,1,0.2169031694365463
17188,202610,0,0.1107140452056788
17189,202610,0,0.11200443195435733
17191,202610,0,0.099425317589067
17192,202610,0,0.15184865956224466
17194,202610,0,0.11108481915961128
17208,202610,1,0.2352936332796287
17210,202610,0,0.09651480249357797
17211,202610,1,0.23628566457485536
17212,202610,0,0.1903852572975207
17219,202610,0,0.20300459110602143
17220,202610,0,0.1433816752612992
17222,202610,1,0.1912653190347542
17225,202610,0,0.17291893881000947
17227,202610,0,0.1287933449316656
17228,202610,0,0.0597243671281479
17229,202610,0,0.07282794035097863
17230,202610,1,0.13742197393595076
17231,202610,0,0.18068350571805833
17232,202610,0,0.1412119736017074
17233,202610,0,0.06754360439532718
17236,202610,0,0.12747004280878846
17237,202610,0,0.1259252087566326
17240,202610,0,0.1891434179038659
17241,202610,0,0.19501663111048842
17243,202610,0,0.16122138503699773
17246,202610,0,0.33939503619512756
17247,202610,0,0.07810177059949648
17248,202610,1,0.12325516335846956
17249,202610,1,0.16445544811420365
17251,202610,0,0.361705704662922
17253,202610,0,0.09770186785975024
17254,202610,0,0.08104106881391016
17256,202610,0,0.06563400249422742
17257,202610,0,0.15638071225976236
17262,202610,0,0.08746120047141967
17266,202610,1,0.22286643628223549
17267,202610,0,0.10906008316913407
17268,202610,0,0.1153626215809582
17269,202610,0,0.12369005686782437
17270,202610,0,0.1526250079584244
17271,202610,0,0.13475895465214305
17275,202610,0,0.15591191459036063
17276,202610,0,0.2201890104143101
17277,202610,0,0.2532738242506869
17279,202610,0,0.10253156228976078
17281,202610,1,0.2788228235014901
17283,202610,0,0.07226112154257179
17285,202610,0,0.11835554628073804
17286,202610,1,0.07255298062987098
17287,202610,0,0.16246408359238104
17288,202610,0,0.07401068218839775
17294,202610,0,0.1310777227604655
17295,202610,0,0.08095807854624193
17296,202610,1,0.10819928590894608
17297,202610,0,0.1609717531705467
17298,202610,0,0.1605762843159076
17299,202610,0,0.2310520285741213
17300,202610,0,0.06948138190536264
17302,202610,0,0.11212422250650847
17303,202610,0,0.14144778171827044
17305,202610,0,0.1823168922297183
17306,202610,0,0.155718569003282
17307,202610,0,0.2202362980097289
17310,202610,0,0.09660056252864596
17312,202610,0,0.14007692887012385
17316,202610,0,0.11715528283553846
17317,202610,0,0.11980631240795288
17318,202610,0,0.08557216385581438
17320,202610,0,0.06996771258834315
17321,202610,1,0.14893908314389986
17323,202610,0,0.16534608084127542
17324,202610,0,0.11267287387681625
17325,202610,1,0.16876153152590995
17327,202610,1,0.1949102193253114
17328,202610,0,0.1782037397025748
17330,202610,0,0.13841981041915713
17332,202610,0,0.19887423605871496
17333,202610,0,0.13136808611900663
17335,202610,0,0.14348125650814056
17336,202610,1,0.15190481977392234
17338,202610,0,0.14721062963966278
17340,202610,0,0.19288299494267502
17341,202610,0,0.13199476378727693
17343,202610,1,0.18596640069542048
17344,202610,0,0.1895747123880907
17345,202610,0,0.21790917464416046
17348,202610,0,0.23857898017757373
17349,202610,0,0.1919752691099296
17351,202610,0,0.12878755357579183
17352,202610,0,0.16626604502247502
17354,202610,0,0.1209129249060369
17355,202610,1,0.18115182576237016
17356,202610,0,0.1792754798640653
17357,202610,0,0.22757568237442857
17360,202610,0,0.2327212980253081
17361,202610,0,0.098658415884291
17362,202610,0,0.20748233629397897
17363,202610,0,0.23369698131019134
17365,202610,0,0.26823717618869397
17366,202610,0,0.17701119196479814
17367,202610,0,0.1250526604592627
17369,202610,0,0.1349027805438996
17371,202610,0,0.21608192687747174
17373,202610,0,0.1929525490480453
17378,202610,0,0.18360775718262864
17380,202610,0,0.17511532200358196
17381,202610,0,0.10526343446317002
17382,202610,0,0.18181970570538517
17383,202610,0,0.11158078907849489
17387,202610,0,0.18154524965529026
17389,202610,0,0.09784415228096628
17391,202610,0,0.08414547840876971
17398,202610,0,0.1559188913655926
17399,202610,0,0.19127461224491074
17402,202610,0,0.12899201773364366
17405,202610,0,0.2435295732920536
17407,202610,0,0.0686430754890059
17409,202610,0,0.1322368780922431
17411,202610,0,0.15660849449391884
17412,202610,0,0.06869713576440865
17413,202610,0,0.11420014375927388
17415,202610,0,0.16643802450285156
17416,202610,1,0.1752748617214724
17420,202610,0,0.12110127671826097
17421,202610,0,0.0939434335462339
17422,202610,0,0.10238020012700516
17426,202610,1,0.17073658140645515
17428,202610,0,0.15400408063269394
17430,202610,0,0.1586296253414138
17433,202610,0,0.1252194102077006
17435,202610,0,0.17049687514642467
17438,202610,0,0.10436733527810364
17440,202610,0,0.08300993509563624
17441,202610,0,0.2802153205183205
17442,202610,0,0.1290323712409352
17444,202610,0,0.18338056810500017
17448,202610,0,0.15875155362220064
17449,202610,0,0.19003391367622682
17456,202610,1,0.09792866312653446
17462,202610,0,0.1338671059891949
17463,202610,1,0.16105284530443711
17464,202610,0,0.1448881825599523
17466,202610,0,0.11395351338264569
17468,202610,0,0.22595272402683855
17469,202610,0,0.13353254045135826
17472,202610,0,0.07987366257237305
17473,202610,0,0.17373883732146486
17475,202610,0,0.1784135330536816
17479,202610,0,0.05397388845940306
17480,202610,1,0.19946365582871542
17481,202610,0,0.12333260555416045
17482,202610,0,0.181625559529711
17485,202610,0,0.05390424083173862
17486,202610,0,0.187972130865109
17487,202610,0,0.17058808562448746
17488,202610,0,0.167661492131861
17489,202610,0,0.13546467803231563
17490,202610,0,0.13034797819420493
17491,202610,0,0.10747821000205093
17492,202610,0,0.11099150226535426
17494,202610,0,0.07227654379353574
17497,202610,0,0.20506315235037628
17500,202610,0,0.14031245394785638
17506,202610,0,0.19820053445725672
17507,202610,0,0.12243100904449136
17508,202610,0,0.255363257545404
17509,202610,0,0.1856950932339686
17510,202610,0,0.10187483651362705
17512,202610,0,0.21267993379967795
17513,202610,0,0.11131182422696642
17515,202610,0,0.1813778216277977
17519,202610,0,0.23098560271247953
17520,202610,0,0.20217559645195454
17521,202610,0,0.16025480023292882
17522,202610,0,0.2070462244497472
17523,202610,0,0.1346373300972447
17524,202610,0,0.14737247617282778
17527,202610,1,0.3259795262672475
17528,202610,1,0.10015250884675711
17530,202610,0,0.2390049873008167
17532,202610,0,0.08216723711568932
17535,202610,0,0.14545882934154158
17536,202610,0,0.09058319331136622
17545,202610,0,0.13126511743411234
17548,202610,0,0.20675667672217327
17549,202610,0,0.11108952460412323
17553,202610,0,0.20793437266547823
17555,202610,0,0.20088087381867742
17557,202610,0,0.1370995410248506
17558,202610,0,0.13781626909238115
17559,202610,0,0.17982461007881959
17562,202610,0,0.2100203967412966
17564,202610,0,0.08256173245404008
17565,202610,0,0.20739151901391858
17566,202610,0,0.21973279609916505
17567,202610,0,0.14178411289326487
17568,202610,0,0.08974492853698833
17569,202610,0,0.09276955042832175
17572,202610,0,0.08635722908487692
17573,202610,0,0.22469212903984775
17574,202610,0,0.1840742761472629
17575,202610,0,0.0933520242619711
17576,202610,1,0.10219322678450841
17577,202610,0,0.15795684348546446
17578,202610,0,0.140815968709445
17580,202610,0,0.09909125311140872
17581,202610,0,0.19810749092974478
17584,202610,0,0.08508817207844686
17585,202610,0,0.1690314438014711
17586,202610,0,0.1506673307809521
17590,202610,1,0.2098469905896809
17591,202610,0,0.12781651857645973
17592,202610,1,0.14490544415197923
17594,202610,0,0.1760959756425338
17596,202610,0,0.09806548192981915
17599,202610,0,0.23376221505450476
17602,202610,0,0.18201271713221703
17603,202610,0,0.229700129337426
17605,202610,1,0.16760237079207227
17606,202610,0,0.09713812066721818
17612,202610,1,0.14210919330659394
17614,202610,0,0.19860754218830318
17621,202610,0,0.15818460932879078
17622,202610,1,0.3537844049630549
17624,202610,0,0.22318092720229224
17626,202610,0,0.26318022225383736
17628,202610,0,0.072618187888767
17629,202610,0,0.14296900126120887
17630,202610,0,0.22035916077366682
17631,202610,0,0.17421405651848873
17632,202610,0,0.2025537860806241
17633,202610,0,0.19070078090802098
17636,202610,0,0.21527602538474894
17637,202610,1,0.2752226727140653
17641,202610,0,0.14616925244001439
17642,202610,0,0.24830591322816506
17644,202610,1,0.21673728860644903
17645,202610,0,0.22836317851006008
17646,202610,0,0.2340684315848732
17650,202610,0,0.11771509050419757
17651,202610,1,0.2435745522769479
17655,202610,0,0.18023449743920644
17658,202610,1,0.17984166601371002
17659,202610,0,0.11510626282838074
17660,202610,0,0.16503710772017186
17662,202610,0,0.08999480663634131
17664,202610,0,0.1274310319762149
17665,202610,1,0.1850092530285589
17671,202610,0,0.07653185812100531
17673,202610,0,0.19137343247323338
17676,202610,0,0.18847270444479233
17677,202610,0,0.1775424742084777
17679,202610,0,0.18507014479003991
17681,202610,1,0.17984810654564604
17685,202610,0,0.21654602000275194
17693,202610,1,0.25617575237621415
17694,202610,0,0.13023217979507543
17695,202610,1,0.23384854518685422
17700,202610,1,0.19785479611048018
17703,202610,1,0.12697763777629242
17705,202610,0,0.22521096399330842
17706,202610,0,0.17726160746532385
17708,202610,0,0.1485359308357017
17711,202610,0,0.17810125778587832
17714,202610,0,0.2309223535915345
17715,202610,0,0.0685023739439833
17718,202610,0,0.10063333438945173
17721,202610,0,0.15130746901335893
17724,202610,0,0.2374860406374245
17726,202610,0,0.1980981216068958
17727,202610,1,0.13269459123423025
17728,202610,0,0.11304722545231938
17729,202610,1,0.15202683417487248
17730,202610,0,0.14350489100492417
17732,202610,0,0.12246188125935872
17735,202610,0,0.2926790836594603
17737,202610,0,0.11276688993664596
17738,202610,0,0.210220794136222
17739,202610,0,0.20622015339538
17740,202610,1,0.21359275661652274
17741,202610,1,0.19290966410921845
17747,202610,0,0.17210721596648312
17749,202610,0,0.15395908389436497
17752,202610,0,0.14214464236980293
17753,202610,0,0.24806042525426764
17755,202610,1,0.16951687882700356
17756,202610,0,0.09865230966808587
17757,202610,0,0.11508687334967395
17758,202610,0,0.1212843500112486
17760,202610,0,0.17895158468640715
17762,202610,0,0.08013964260669526
17763,202610,0,0.22340969013596307
17766,202610,1,0.23568586220318047
17769,202610,0,0.06691727576274523
17770,202610,1,0.20439798743426435
17771,202610,1,0.25702488216003627
17773,202610,0,0.21622570900400379
17775,202610,0,0.17831762013299124
17776,202610,0,0.08705654384529198
17779,202610,1,0.15685751300275366
17780,202610,1,0.1503367816555261
17781,202610,0,0.20592499454344407
17782,202610,0,0.10781368770536942
17783,202610,0,0.06027910777472926
17784,202610,0,0.20112940062552695
17785,202610,0,0.11756275772433561
17789,202610,1,0.1319662959757072
17793,202610,1,0.20690539010941128
17795,202610,1,0.2271061864156388
17796,202610,1,0.12138996503167729
17797,202610,0,0.12815952585896606
17798,202610,0,0.10417721584077327
17799,202610,0,0.20356210631245558
17800,202610,0,0.33620089891909766
17803,202610,0,0.10217967878322418
17804,202610,0,0.08904739951292266
17805,202610,0,0.09612826719024771
17808,202610,0,0.11890194403250627
17815,202610,0,0.11315486226941145
17817,202610,0,0.13738126532549103
17820,202610,1,0.07922668443039564
17823,202610,0,0.2895785517606062
17824,202610,0,0.16431423016039576
17825,202610,0,0.16025957648272687
17827,202610,0,0.09426380848786221
17828,202610,0,0.15503375096089692
17830,202610,0,0.1437453049114081
17831,202610,0,0.06945138702368014
17834,202610,0,0.14322705228648236
17835,202610,0,0.33436588598989886
17837,202610,0,0.15637633514458363
17838,202610,0,0.2649601975058713
17839,202610,0,0.1124442408965236
17843,202610,0,0.18519127787018305
17844,202610,1,0.3113230827611331
17846,202610,0,0.2793485727167565
17847,202610,0,0.17042681327483855
17848,202610,0,0.12612503929162733
17851,202610,1,0.09886648383840231
17853,202610,0,0.1434477250877848
17856,202610,0,0.13187175855656955
17857,202610,1,0.10835840147229145
17858,202610,1,0.3775988675401558
17859,202610,0,0.10868146369129611
17863,202610,0,0.10416970064144984
17867,202610,0,0.10567456530772326
17868,202610,0,0.08622147490466567
17869,202610,0,0.10513535595571712
17870,202610,0,0.17102032802746556
17875,202610,0,0.08777902933653546
17876,202610,0,0.18326998173769404
17877,202610,0,0.18995731097235868
17879,202610,0,0.24592308926731565
17883,202610,1,0.10963813945475244
17884,202610,0,0.1702113900724162
17885,202610,0,0.10490243680063153
17886,202610,0,0.09293783660052853
17890,202610,0,0.19175123978954553
17894,202610,1,0.19170985352860623
17896,202610,0,0.09128318451272983
17897,202610,0,0.1263500887946996
17900,202610,0,0.08010477171785457
17901,202610,0,0.1088473793602832
17902,202610,0,0.1588323317833107
17903,202610,0,0.13765682057824322
17908,202610,0,0.17637310480307442
17913,202610,1,0.12659488555083634
17914,202610,0,0.13741336312923982
17915,202610,0,0.16147777317073062
17916,202610,0,0.05463414112718701
17920,202610,0,0.1851304728155383
17921,202610,0,0.22151794475770048
17924,202610,0,0.120856758239613
17925,202610,0,0.10434241887692462
17926,202610,0,0.10430910237193786
17927,202610,0,0.1363994056465766
17928,202610,0,0.18705130101596779
17930,202610,0,0.12936427079346732
17931,202610,1,0.23857892553521126
17932,202610,0,0.1109818170384756
17933,202610,0,0.1914218059678426
17935,202610,0,0.180804326126393
17939,202610,0,0.20951709471944496
17941,202610,0,0.2634632835788396
17942,202610,0,0.2445667324600191
17943,202610,0,0.19201158813927482
17944,202610,0,0.1918842996467833
17945,202610,1,0.1337375891199341
17946,202610,1,0.22994572893640258
17947,202610,0,0.05464167454999178
17948,202610,0,0.11335738734636566
17950,202610,0,0.17102082221860412
17953,202610,1,0.18403831140274018
17956,202610,0,0.16186921573901145
17957,202610,0,0.24901144306629214
17959,202610,0,0.13293706996559856
17963,202610,0,0.13140254793826953
17964,202610,0,0.16206385962670267
17966,202610,0,0.10840116931293584
17968,202610,0,0.2250301513208233
17969,202610,0,0.21334589453671712
17970,202610,0,0.20665958543238072
17973,202610,0,0.13509274738781535
17974,202610,0,0.10992445591557923
17975,202610,0,0.13042180614373716
17976,202610,0,0.20854334570151187
17980,202610,0,0.14356234153707503
17985,202610,1,0.14175434194911832
17986,202610,0,0.19770397278157478
17987,202610,0,0.10207242095388327
17990,202610,0,0.19984261234692485
17994,202610,0,0.1391706733149291
17999,202610,0,0.12396915130931108
18001,202610,1,0.2100786029009332
18002,202610,0,0.07496455020292983
18003,202610,0,0.06929707400384862
18004,202610,0,0.2872285639628906
18005,202610,0,0.1642865736314938
18007,202610,0,0.16590781517218656
18008,202610,0,0.1978839425265902
18010,202610,1,0.21393383447703257
18011,202610,0,0.1428920641975989
18013,202610,0,0.06843536150391348
18015,202610,0,0.08452116913711784
18016,202610,0,0.12722347738780027
18018,202610,0,0.12034662038250192
18019,202610,0,0.13947330204522776
18022,202610,1,0.07760907598127603
18024,202610,0,0.08490825666268903
18026,202610,0,0.09816097020689249
18029,202610,1,0.1997290967796919
18030,202610,0,0.15378170027671936
18032,202610,0,0.18961710983592775
18035,202610,0,0.156475689424919
18039,202610,0,0.16027680631704752
18042,202610,0,0.1046289022305391
18044,202610,0,0.1723108961690221
18045,202610,0,0.14326009747266127
18046,202610,0,0.18841145700196194
18051,202610,0,0.10109768822404318
18052,202610,0,0.14736803074771498
18053,202610,1,0.16980117490272442
18054,202610,0,0.10599116642791567
18055,202610,0,0.09139448677682604
18059,202610,0,0.11348565243821424
18064,202610,0,0.1701247314210699
18066,202610,0,0.11653915444655417
18067,202610,1,0.2308833488400324
18072,202610,0,0.20301158172747724
18073,202610,0,0.061964797594223
18074,202610,1,0.18743260630213626
18077,202610,0,0.19407272535501408
18080,202610,0,0.11675327585493314
18081,202610,0,0.07194183802531469
18083,202610,0,0.13359603881695023
18084,202610,0,0.12276460188503854
18085,202610,0,0.1029092248219144
18086,202610,0,0.15184637468425322
18087,202610,0,0.13622316150558939
18089,202610,1,0.11741816981949442
18090,202610,0,0.08884447664739753
18092,202610,0,0.18400252218812127
18093,202610,0,0.12518657584413023
18094,202610,1,0.16456627918292235
18095,202610,0,0.08408873065873605
18097,202610,0,0.1357682028012029
18100,202610,0,0.1929502435485095
18101,202610,0,0.07865316406009437
18102,202610,0,0.14362567726778794
18103,202610,0,0.19011494941099996
18104,202610,0,0.18903707547681872
18105,202610,0,0.14857658146874153
18109,202610,0,0.10495437353179957
18110,202610,0,0.2245041757700104
18112,202610,1,0.1247410835961956
18113,202610,0,0.22833781780725196
18115,202610,0,0.11224284550161875
18116,202610,1,0.18383195955432685
18117,202610,0,0.08027148627158513
18119,202610,0,0.12225276302876056
18126,202610,0,0.23551556933265505
18127,202610,0,0.057520605051575205
18128,202610,0,0.04565597153883925
18129,202610,0,0.15570895642810517
18130,202610,0,0.12665732243701816
18136,202610,0,0.18808809062727452
18137,202610,0,0.37661351088849715
18138,202610,0,0.12187424227210569
18141,202610,0,0.18596033091804967
18142,202610,0,0.1833553561370049
18144,202610,0,0.052680172844230384
18145,202610,0,0.10599135006839984
18146,202610,0,0.1628585572445358
18149,202610,0,0.21522849185042844
18150,202610,1,0.17213392447484813
18151,202610,1,0.14763241888228296
18152,202610,0,0.06824048084995125
18153,202610,0,0.16075373347696967
18154,202610,0,0.15607949335887591
18155,202610,0,0.16630843554327354
18156,202610,0,0.19671003817284452
18161,202610,0,0.15952309226605532
18163,202610,0,0.11851877693469512
18165,202610,0,0.08171103434106441
18166,202610,0,0.15882548255679607
18167,202610,1,0.1423252237877486
18168,202610,0,0.18996716597200505
18172,202610,0,0.06604538076164684
18174,202610,0,0.23621998774507144
18176,202610,0,0.10200416904241986
18177,202610,0,0.11984596514447252
18179,202610,0,0.16747584667203405
18180,202610,0,0.1889489983120179
18181,202610,0,0.2079894364552423
18182,202610,0,0.0736876072883553
18183,202610,0,0.12447902838763666
18184,202610,1,0.2125769519307373
18187,202610,0,0.12207761913332958
18188,202610,0,0.20033916674685182
18189,202610,0,0.10260895343049134
18192,202610,1,0.16745948298636776
18194,202610,0,0.15350477182623587
18196,202610,0,0.116283700229638
18197,202610,0,0.17830196944878804
18198,202610,0,0.11379125215358651
18199,202610,0,0.2086229680243758
18201,202610,0,0.1899062004549502
18203,202610,0,0.06815286639577274
18205,202610,0,0.10517793400709428
18206,202610,0,0.15662647313459482
18207,202610,0,0.1780520449913184
18210,202610,0,0.13506763773383343
18212,202610,0,0.13478883605490216
18213,202610,0,0.10344570429112641
18214,202610,0,0.14870615887526503
18215,202610,0,0.09793873456172206
18216,202610,0,0.17411502079936508
18219,202610,1,0.16818562846641336
18220,202610,0,0.1416077101978222
18221,202610,0,0.2040804601839948
18222,202610,0,0.07439648384861876
18223,202610,0,0.2591852508032679
18224,202610,1,0.16653736187999163
18227,202610,0,0.20160155922845116
18228,202610,0,0.2101648004711183
18229,202610,0,0.0995099614052638
18230,202610,1,0.2437068722098369
18231,202610,1,0.28432525834424
18232,202610,0,0.21430773802417086
18234,202610,0,0.13820644557124004
18235,202610,0,0.10873718389158664
18238,202610,1,0.18420924502466346
18239,202610,0,0.14476067954817934
18241,202610,1,0.1384828391125979
18242,202610,0,0.147397089801405
18243,202610,0,0.14035799150437134
18244,202610,0,0.07596015736347857
18245,202610,0,0.2234201199235449
18246,202610,0,0.11314781190389687
18248,202610,0,0.1493443776289499
18249,202610,0,0.11474541888074315
18250,202610,0,0.22785759081397536
18252,202610,0,0.13147887445642983
18253,202610,0,0.33350059447322233
18254,202610,0,0.1586731493851797
18256,202610,0,0.14926356886213712
18257,202610,0,0.15632658685065498
18262,202610,0,0.2101066192423035
18263,202610,0,0.060345117431972385
18264,202610,0,0.07990425987437835
18266,202610,0,0.1687904982183316
18267,202610,0,0.07847889521686653
18268,202610,0,0.13603144664314681
18269,202610,0,0.20099463805154805
18270,202610,0,0.17362165091634327
18271,202610,0,0.21826393361103744
18272,202610,0,0.13095524437406664
18273,202610,0,0.12536438692161436
18276,202610,0,0.11836381795401374
18277,202610,0,0.10282389565913247
18280,202610,0,0.1418782136412624
18282,202610,0,0.05927109349866651
18285,202610,0,0.1959939051674215
18288,202610,0,0.2452073107963597
18290,202610,0,0.1339152534358889
18291,202610,0,0.1331693307983227
18293,202610,1,0.12882915234112324
18294,202610,1,0.13169238819845985
18295,202610,0,0.08442392034171255
18296,202610,0,0.20462829211335545
18298,202610,0,0.12049265435086622
18300,202610,0,0.09528730086795628
18301,202610,0,0.14096341937017814
18302,202610,0,0.10087526595955026
18303,202610,1,0.22814178129388832
18304,202610,0,0.09647929135166909
18305,202610,0,0.15542782918591877
18306,202610,0,0.19011659023316227
18307,202610,0,0.07429008448139614
18308,202610,0,0.07294291008418306
18309,202610,0,0.11025642195786228
18311,202610,0,0.20431169352663547
18313,202610,0,0.1719051974279045
18314,202610,0,0.1691295802279508
18317,202610,0,0.14612794589570507
18318,202610,0,0.2065973058184928
18319,202610,1,0.2205131856321179
18320,202610,0,0.18760400614102607
18321,202610,0,0.11317713537885613
18323,202610,1,0.1911789972606481
18325,202610,0,0.21485891957594092
18326,202610,0,0.1318231630973203
18330,202610,0,0.15549242355005916
18331,202610,1,0.2531740641280226
18334,202610,0,0.10856208553734152
18336,202610,0,0.05094549761700413
18337,202610,0,0.09601350273791548
18338,202610,0,0.12705867707839427
18339,202610,0,0.15401402151418495
18340,202610,1,0.22729158577169492
18341,202610,0,0.22515681519895847
18347,202610,0,0.10320625923725346
18348,202610,1,0.14224369407241114
18349,202610,1,0.1508179769853089
18352,202610,1,0.12506680155888988
18354,202610,0,0.08909793209124484
18355,202610,0,0.05804819175606542
18356,202610,0,0.13312012761932648
18358,202610,0,0.1446575377845487
18359,202610,1,0.14356758799416458
18360,202610,0,0.1843009002933834
18361,202610,0,0.12571200627371473
18363,202610,0,0.17051767986459163
18364,202610,0,0.19502960422795323
18366,202610,1,0.09659946805894172
18367,202610,0,0.13281575533812323
18368,202610,0,0.07776802389263403
18369,202610,1,0.1685650024732805
18371,202610,1,0.25963711039448
18372,202610,1,0.2163392686809038
18373,202610,1,0.15526098296767438
18376,202610,1,0.07215398309087412
18380,202610,0,0.063559089216475
18381,202610,1,0.19966891708953843
18383,202610,0,0.10914598361952572
18384,202610,0,0.1019392997658193
18385,202610,0,0.2102351299051327
18386,202610,0,0.125084241193323
18387,202610,0,0.2601270162756285
18390,202610,0,0.12351027215724945
18391,202610,0,0.1913991880599011
18392,202610,0,0.1050489795482248
18393,202610,1,0.14516280723388647
18395,202610,0,0.25039978035238136
18396,202610,0,0.1973807088462072
18397,202610,0,0.09110282273236317
18399,202610,0,0.2077816530762903
18400,202610,0,0.17596112014229168
18401,202610,1,0.15171042852868685
18403,202610,0,0.1912928252874404
18404,202610,0,0.12370726866035534
18406,202610,0,0.1386337720700333
18407,202610,0,0.23385593920774417
18411,202610,0,0.18147482197500128
18412,202610,0,0.14197526185123296
18413,202610,0,0.1509222228843264
18414,202610,1,0.14494370781378574
18415,202610,0,0.14885692468218326
18417,202610,0,0.13971440132360313
18418,202610,0,0.14491897551793506
18420,202610,0,0.09082914369264336
18422,202610,0,0.10087068165608098
18423,202610,1,0.32854376810623187
18425,202610,0,0.11854059809633204
18426,202610,0,0.2864484938768516
18427,202610,0,0.07294430406218505
18428,202610,0,0.1621973367852915
18429,202610,0,0.13415401946522282
18430,202610,0,0.09267572176965796
18431,202610,0,0.1735631639124579
18432,202610,0,0.2087291013011266
18433,202610,0,0.3471405502173427
18434,202610,1,0.16652367568250628
18435,202610,0,0.15828213762573565
18436,202610,0,0.13717408343161902
18437,202610,0,0.0657889940328311
18439,202610,0,0.1208571340486901
18440,202610,0,0.11245201547375136
18441,202610,1,0.26535731429909665
18444,202610,0,0.1467355233534663
18445,202610,1,0.24956908848351195
18446,202610,0,0.11202685295054972
18447,202610,0,0.14144297540524325
18448,202610,0,0.2036476460747022
18455,202610,0,0.12059108621216266
18456,202610,1,0.0611042020413361
18457,202610,0,0.1597646222535168
18459,202610,0,0.19827250428600343
18460,202610,0,0.09423491998602548
18462,202610,1,0.07324197400994437
18463,202610,0,0.22940884483235238
18464,202610,0,0.12431982967380402
18466,202610,0,0.18458074972604166
18467,202610,0,0.13733587682075712
18469,202610,0,0.1655115549915303
18470,202610,1,0.13518396105088873
18471,202610,0,0.06091291355388667
18475,202610,0,0.12934924541863652
18476,202610,0,0.07175165106878567
18477,202610,0,0.09635439236103423
18478,202610,0,0.1937058812830614
18483,202610,0,0.16629790416290427
18485,202610,1,0.10960198679956776
18488,202610,0,0.20263759836822512
18489,202610,0,0.08859980923724772
18490,202610,0,0.1292569064060575
18492,202610,0,0.29705359212466886
18493,202610,0,0.16371845403860044
18494,202610,0,0.18005609303897097
18498,202610,0,0.08112729013602929
18502,202610,0,0.08191407895740357
18503,202610,0,0.0848746839850063
18504,202610,0,0.16546913769637184
18506,202610,0,0.1255749908031543
18507,202610,0,0.12944496999797028
18508,202610,0,0.14463765703340672
18512,202610,0,0.11364967146246496
18514,202610,1,0.09856560509475037
18515,202610,0,0.06130878617368433
18517,202610,0,0.1454115570621601
18518,202610,0,0.1329024177167586
18519,202610,1,0.2092275784115973
18520,202610,0,0.13771351209282143
18521,202610,0,0.09893363883267797
18522,202610,0,0.16533751911401182
18523,202610,0,0.11522605435625353
18524,202610,0,0.07994715131664719
18525,202610,1,0.17310878245580585
18526,202610,0,0.20671289396349546
18530,202610,0,0.08413470184618312
18531,202610,0,0.13784891257722212
18532,202610,0,0.06227306911919383
18533,202610,0,0.15670878254951168
18534,202610,0,0.17244509341168857
18537,202610,1,0.08644527148017112
18540,202610,0,0.09029029152706157
18542,202610,0,0.09827685758116586
18543,202610,0,0.11206132057268643
18544,202610,0,0.1187705156026356
18547,202610,0,0.12455830575707448
18549,202610,0,0.07209262707308187
18552,202610,0,0.13198162728309157
18553,202610,0,0.2118370091899648
18554,202610,1,0.14727496649061392
18555,202610,0,0.13373382601808675
18556,202610,1,0.07572029295770766
18558,202610,0,0.16148905673861944
18561,202610,0,0.12698545559932925
18563,202610,1,0.23986023576522134
18565,202610,0,0.08604041639458122
18568,202610,0,0.24170854653188584
18570,202610,0,0.11305044546770368
18571,202610,1,0.12356612353310906
18572,202610,0,0.09036418912729614
18575,202610,0,0.16998774860017513
18576,202610,0,0.1938265455060261
18579,202610,0,0.13342385900132622
18581,202610,0,0.11972582056217466
18583,202610,0,0.08619991698361636
18584,202610,0,0.06313183752016509
18585,202610,0,0.06598691049410223
18590,202610,0,0.07236604581123023
18593,202610,0,0.18123481395485636
18594,202610,0,0.15483573460299901
18595,202610,0,0.10770201695968903
18597,202610,1,0.08598053709815316
18598,202610,0,0.13495890969098864
18600,202610,0,0.2006436286152705
18601,202610,0,0.2555152538286066
18602,202610,0,0.09175985048336824
18603,202610,0,0.22254328942445434
18604,202610,0,0.05937468246616157
18610,202610,0,0.13490826605267203
18611,202610,0,0.1504399805236207
18612,202610,0,0.10818354949847359
18613,202610,0,0.1257511500936782
18614,202610,1,0.2833830580977094
18615,202610,0,0.19123721616817263
18617,202610,0,0.1650706854522337
18618,202610,1,0.1115709384228585
18619,202610,0,0.2231636870585092
18623,202610,0,0.09376707956446236
18627,202610,0,0.22571349316754655
18630,202610,0,0.13312837614470774
18631,202610,0,0.17072864260463627
18632,202610,0,0.06296030312398426
18633,202610,0,0.08686995459858532
18634,202610,1,0.1888008168088165
18635,202610,0,0.3390350730252311
18637,202610,0,0.29020873511222767
18638,202610,0,0.17362678618424074
18639,202610,0,0.1234683297941271
18640,202610,0,0.12810287030047207
18641,202610,0,0.07003676870042397
18645,202610,0,0.2316733555955988
18648,202610,0,0.13743971587662465
18649,202610,0,0.1247102976419781
18651,202610,0,0.10481402886675532
18653,202610,0,0.06779876223309557
18656,202610,0,0.14583394311439973
18657,202610,0,0.14646072043126943
18658,202610,0,0.16113304932221578
18659,202610,0,0.06746531548465855
18661,202610,0,0.17176901670561603
18663,202610,0,0.24528356176046742
18668,202610,0,0.10908392437668271
18669,202610,0,0.11496320037622179
18671,202610,0,0.1171514015474836
18672,202610,0,0.11073048674327665
18673,202610,0,0.14977485204586852
18678,202610,1,0.29551830820267044
18679,202610,0,0.07872948758434668
18680,202610,0,0.18350985652103044
18685,202610,1,0.1738390482377681
18686,202610,1,0.09309751372427014
18687,202610,1,0.11093856607288109
18689,202610,0,0.096320678440117
18690,202610,0,0.1740670316320411
18691,202610,1,0.17565934650586693
18692,202610,0,0.16781400434922564
18694,202610,0,0.1883046552391576
18695,202610,0,0.22894175409874057
18697,202610,1,0.13244740685005119
18698,202610,0,0.1081860287040785
18699,202610,0,0.06129901959002472
18700,202610,1,0.20514348221378445
18704,202610,0,0.16229189592218446
18705,202610,1,0.08734818303204951
18706,202610,0,0.2514301626177138
18708,202610,0,0.14599990013397082
18709,202610,0,0.12968793076965354
18711,202610,1,0.16533947043298491
18712,202610,0,0.19906800305234157
18713,202610,0,0.21058345218260294
18714,202610,1,0.13012944392907236
18716,202610,0,0.2513199440524827
18717,202610,0,0.13770209474205333
18719,202610,0,0.4187141924138516
18721,202610,0,0.18418497210712484
18723,202610,1,0.14619450428768932
18724,202610,0,0.11847437385061542
18725,202610,0,0.10411071798116986
18728,202610,0,0.19186586436822348
18729,202610,0,0.11042607750008954
18732,202610,0,0.10316794080449271
18733,202610,0,0.1604463694683866
18734,202610,0,0.12241944130836856
18735,202610,0,0.14152416511728613
18736,202610,0,0.11754492397649674
18739,202610,0,0.07333989735003893
18740,202610,0,0.13917171518124308
18742,202610,0,0.19499478562331243
18743,202610,0,0.2546158016772875
18744,202610,0,0.10291414146780734
18749,202610,0,0.07955531717736955
18750,202610,0,0.16874907307345274
18751,202610,0,0.12434441175557848
18753,202610,0,0.12457611811076998
18754,202610,0,0.20155184086673722
18755,202610,0,0.1302904804829079
18756,202610,0,0.0917310956442903
18757,202610,1,0.25941468291595005
18759,202610,0,0.1541566586105782
18760,202610,0,0.11383536415831526
18762,202610,0,0.20711713809305068
18763,202610,0,0.09426705226962333
18764,202610,1,0.282576593241114
18765,202610,0,0.14064427767857768
18766,202610,0,0.07123487837387049
18767,202610,1,0.16872844395101044
18768,202610,1,0.09905529873859743
18769,202610,0,0.10466394693505746
18772,202610,0,0.14448684161487704
18773,202610,0,0.06822065437053913
18774,202610,0,0.1445113048083154
18778,202610,0,0.14460948660651196
18779,202610,1,0.16228089822151798
18780,202610,0,0.08298703707064047
18782,202610,0,0.17928727372449518
18783,202610,1,0.10802770558737487
18784,202610,0,0.08565892214321959
18785,202610,0,0.09919941734553274
18786,202610,0,0.1387715058629631
18789,202610,0,0.15480383618987764
18792,202610,1,0.10989722093675597
18797,202610,0,0.12188304780151651
18798,202610,0,0.07198735975906695
18799,202610,1,0.19514689531254714
18801,202610,0,0.08868310865961457
18802,202610,0,0.15469886841940966
18804,202610,0,0.15898900373025554
18807,202610,0,0.13462662178032284
18810,202610,0,0.18809789794497714
18811,202610,0,0.0817915628043755
18812,202610,0,0.2713801411049672
18814,202610,1,0.25475109779926924
18815,202610,0,0.12080918888563885
18816,202610,0,0.1892858915252819
18818,202610,0,0.18624488352341537
18819,202610,0,0.22708708460814048
18820,202610,0,0.227704541665371
18821,202610,0,0.17679017693533317
18822,202610,0,0.24091338281618171
18825,202610,0,0.18033153297875457
18826,202610,1,0.10626580827603103
18827,202610,0,0.24753756347515304
18828,202610,1,0.15181536876633872
18831,202610,0,0.10514630655127118
18832,202610,0,0.11178634729936172
18833,202610,1,0.11686826811431024
18834,202610,0,0.215512074120243
18835,202610,0,0.08938397878295518
18836,202610,0,0.09574910328495652
18837,202610,0,0.11881992955208823
18840,202610,0,0.1463868236241849
18842,202610,0,0.06266094648648116
18847,202610,0,0.11871829370114739
18849,202610,0,0.1541860165679263
18851,202610,0,0.20156751612635027
18852,202610,0,0.14768317439088466
18854,202610,0,0.17366762870945704
18855,202610,0,0.1377321006809626
18857,202610,0,0.10909936551823436
18859,202610,0,0.20529766299114954
18860,202610,0,0.20939369404820787
18861,202610,0,0.20029105985145865
18862,202610,0,0.0536408221023154
18864,202610,0,0.09809821041479859
18868,202610,0,0.07463881119809433
18870,202610,0,0.09191855985988434
18871,202610,0,0.07942870905965253
18872,202610,0,0.17962442566268125
18874,202610,0,0.15212092880120137
18875,202610,0,0.18414544434211846
18880,202610,0,0.23475072103841094
18882,202610,0,0.1615250207712334
18883,202610,1,0.2241425219884508
18884,202610,0,0.1115845320438831
18885,202610,0,0.21642099505577808
18886,202610,1,0.15697381721530637
18888,202610,1,0.18845218369506544
18889,202610,0,0.20217510691960466
18892,202610,0,0.1859990357227109
18894,202610,0,0.2232294415148854
18895,202610,0,0.18243566521819302
18897,202610,0,0.19599309259512435
18898,202610,0,0.07362157391841041
18899,202610,1,0.1754839806551703
18900,202610,0,0.34953980988556144
18902,202610,0,0.19079737683447956
18907,202610,0,0.22238245418299554
18908,202610,0,0.10785931357042713
18909,202610,0,0.15697203889920333
18910,202610,0,0.22524681636895577
18912,202610,1,0.14502759267405843
18914,202610,0,0.14708109849222678
18917,202610,0,0.1422245774581369
18918,202610,0,0.14291759261338963
18919,202610,0,0.1806837546290919
18920,202610,0,0.14834584750963084
18921,202610,0,0.24523864268339568
18923,202610,1,0.319953250978552
18924,202610,0,0.1023827647456041
18925,202610,0,0.12400810859396186
18927,202610,0,0.10075784142901938
18928,202610,0,0.08929195241554273
18929,202610,0,0.09049747593001814
18930,202610,0,0.15286524530487883
18932,202610,0,0.11541477767819838
18934,202610,1,0.10356072046720093
18935,202610,0,0.06823856282205436
18938,202610,0,0.08481867781784351
18940,202610,0,0.08586787869910434
18941,202610,0,0.11838056930312893
18942,202610,0,0.20686462685935167
18943,202610,1,0.10005287164089613
18944,202610,0,0.06475564408836779
18945,202610,1,0.07826553815942976
18946,202610,0,0.1194230981725807
18948,202610,1,0.19292295155000577
18949,202610,0,0.10916474026973019
18950,202610,1,0.1206374825979998
18952,202610,0,0.2089262778423965
18953,202610,1,0.2506406040076297
18954,202610,0,0.10218867690564551
18956,202610,0,0.1786552610901696
18957,202610,0,0.07741035201072553
18959,202610,0,0.21424962848912807
18960,202610,0,0.14729547442524657
18961,202610,1,0.20585040048402647
18962,202610,0,0.17113551667776142
18963,202610,0,0.2268613619369048
18964,202610,0,0.24493987006326434
18965,202610,0,0.12018993946861502
18967,202610,0,0.08938369292570801
18969,202610,0,0.14516203028486313
18971,202610,0,0.19199339931053824
18973,202610,0,0.1161595168887493
18975,202610,1,0.25408222790832796
18976,202610,1,0.13793798517503017
18977,202610,0,0.1256040001219799
18978,202610,0,0.18344534172418253
18979,202610,0,0.14778495865804347
18980,202610,1,0.250896881681701
18981,202610,0,0.18418118018542265
18982,202610,0,0.07038816140915893
18983,202610,0,0.14922440641401563
18984,202610,0,0.12771893815747795
18985,202610,0,0.11146855862144911
18986,202610,0,0.17081541108162798
18987,202610,0,0.13392343316314376
18988,202610,0,0.06477875501714368
18991,202610,0,0.11946973374010281
18992,202610,0,0.13404167152843016
18993,202610,0,0.156163993249653
18994,202610,0,0.2574900632286249
18995,202610,0,0.13793032864874175
18996,202610,0,0.10971112274859915
18997,202610,0,0.1623872539742489
18999,202610,0,0.13706166382679827
19002,202610,0,0.11247355097822345
19003,202610,0,0.32956954812546935
19004,202610,0,0.11069207641849861
19005,202610,0,0.12163641331915104
19007,202610,0,0.09125213857084352
19009,202610,1,0.1479711024638418
19010,202610,0,0.16826097858011638
19011,202610,1,0.1712708053175999
19012,202610,0,0.12446480007473998
19013,202610,0,0.17283730280626516
19014,202610,0,0.13529391741639202
19015,202610,0,0.2383781338270596
19016,202610,0,0.16095949203692245
19017,202610,0,0.2189750167861266
19018,202610,0,0.12120678297437146
19019,202610,0,0.08563605823426838
19021,202610,0,0.13214801905565104
19022,202610,0,0.1745939631896653
19023,202610,0,0.27525269295422067
19024,202610,0,0.20931913324345675
19027,202610,1,0.18732428166236412
19028,202610,0,0.172561422612077
19029,202610,0,0.0606480872566059
19030,202610,0,0.08341304977530783
19031,202610,0,0.1608523734637367
19033,202610,1,0.11680654378928243
19034,202610,0,0.17638296818661217
19035,202610,0,0.07881388913630501
19036,202610,0,0.15517059359737254
19037,202610,0,0.14577772155754687
19038,202610,0,0.17515830049731132
19040,202610,0,0.10928069273320086
19041,202610,1,0.11769803865160901
19042,202610,0,0.19657959505669192
19043,202610,0,0.12040440961086381
19044,202610,0,0.09119681390053659
19046,202610,0,0.11809124920007454
19047,202610,0,0.2156948765013973
19048,202610,0,0.22247708224813403
19049,202610,0,0.1641288126167872
19051,202610,0,0.19567743324399847
19053,202610,0,0.1272803486816487
19054,202610,0,0.2695873286637244
19055,202610,0,0.1764964493237825
19056,202610,0,0.13112241968391683
19057,202610,0,0.15666023134492812
19058,202610,0,0.13605548674445198
19059,202610,0,0.08525075921042582
19060,202610,0,0.10861131881299482
19062,202610,0,0.16310518312231037
19063,202610,0,0.19777097740080096
19064,202610,0,0.13631670600146584
19066,202610,1,0.08260286855206214
19068,202610,1,0.26096732800715056
19069,202610,1,0.2075034515363492
19071,202610,0,0.23511033589179745
19072,202610,1,0.17278493428709363
19074,202610,1,0.18449092149463006
19078,202610,0,0.15146656869386443
19079,202610,0,0.14260528360829433
19080,202610,0,0.07833115574907894
19081,202610,0,0.08539705297857565
19082,202610,1,0.14513590377808858
19085,202610,0,0.1739023682371397
19086,202610,1,0.16176122789586037
19087,202610,1,0.15000323200090077
19088,202610,0,0.17059104021542373
19089,202610,0,0.15803590598465495
19090,202610,0,0.16741305560827244
19091,202610,0,0.25086520577397314
19092,202610,0,0.10158611120266703
19093,202610,1,0.17270149392871828
19094,202610,0,0.15589452598641
19099,202610,0,0.2408412336429044
19100,202610,0,0.15691905602661527
19101,202610,0,0.06822815187086397
19103,202610,0,0.13058357346848093
19104,202610,0,0.20533047670341906
19105,202610,0,0.17195889859507058
19106,202610,0,0.13555964713215882
19107,202610,0,0.34697475041982756
19108,202610,0,0.19664889579576172
19109,202610,0,0.062167796606473195
19111,202610,0,0.10960921962903042
19112,202610,0,0.20060633509739328
19113,202610,0,0.0658219491914859
19114,202610,0,0.15683252673089063
19116,202610,0,0.19111403667352633
19117,202610,0,0.19439094395249867
19118,202610,1,0.12562045266166033
19121,202610,0,0.16113007644717922
19125,202610,0,0.19304371768053966
19126,202610,1,0.1394789611972503
19127,202610,0,0.25616579684993107
19128,202610,0,0.15624737867598099
19130,202610,1,0.16379155932295944
19132,202610,0,0.15871775865292692
19134,202610,0,0.1750743161481196
19136,202610,0,0.13202089913874523
19137,202610,0,0.13093040646243262
19142,202610,0,0.13494880811130716
19143,202610,0,0.13289513019840285
19144,202610,0,0.15561118853743783
19145,202610,1,0.13886751107384412
19146,202610,0,0.17149414260857124
19147,202610,0,0.1136847196491072
19148,202610,1,0.243456284631296
19150,202610,1,0.08926635158261319
19152,202610,0,0.07678929045380256
19154,202610,0,0.05918250310002846
19155,202610,1,0.1754749369637624
19156,202610,1,0.1686480907918718
19157,202610,0,0.08426048809513553
19158,202610,1,0.2490487207882042
19160,202610,0,0.14453659641680558
19161,202610,0,0.10305204975308696
19162,202610,0,0.1963610328854035
19164,202610,0,0.1824019278571341
19165,202610,0,0.0744640041445832
19166,202610,1,0.17107806985165133
19167,202610,0,0.07393649286505537
19168,202610,0,0.21661561081340047
19171,202610,0,0.10474424924166878
19172,202610,0,0.08004779346504855
19173,202610,0,0.17082891678874487
19174,202610,0,0.15206288048592942
19175,202610,0,0.22124384907653355
19176,202610,0,0.13452986927242497
19177,202610,0,0.11605261284415198
19178,202610,0,0.06604413500792056
19179,202610,0,0.19475040538007993
19180,202610,0,0.17352146365551702
19182,202610,0,0.12821489953951687
19184,202610,0,0.18763720385989918
19185,202610,0,0.10159126262167736
19186,202610,1,0.1678711629262165
19187,202610,0,0.06530652429920362
19189,202610,0,0.2272627617499775
19190,202610,0,0.18051176534262237
19191,202610,0,0.09938871978153807
19193,202610,0,0.10878128142812928
19194,202610,0,0.20298519155377454
19195,202610,0,0.1695368845777645
19197,202610,0,0.22901887461831366
19198,202610,0,0.08638156505625046
19199,202610,1,0.2679603219469092
19200,202610,0,0.21451170437847883
19202,202610,0,0.06838474897014388
19203,202610,1,0.17934347428954794
19204,202610,0,0.1411449368859944
19205,202610,0,0.13469998100260314
19206,202610,0,0.11037692957831385
19209,202610,0,0.20068122627790969
19211,202610,1,0.16255304874325013
19212,202610,0,0.09039958419662789
19213,202610,0,0.12455595772705183
19214,202610,0,0.32339235463058746
19217,202610,1,0.15262531336388221
19218,202610,1,0.14548510091303976
19219,202610,0,0.18401740966313365
19220,202610,0,0.21268232866859565
19221,202610,0,0.24216707606231075
19222,202610,0,0.16715486998749426
19223,202610,0,0.20893869522107802
19225,202610,0,0.20091130107253827
19226,202610,0,0.16698347748308784
19228,202610,0,0.1527480021245937
19230,202610,0,0.37165442033490614
19234,202610,0,0.23905322185376962
19235,202610,0,0.11011019652499228
19236,202610,0,0.1577272883113106
19240,202610,0,0.08255779407064567
19241,202610,0,0.12715733911507635
19242,202610,0,0.14261968967591698
19243,202610,0,0.19711517039161366
19244,202610,0,0.12653900173533236
19246,202610,0,0.18746884135562641
19248,202610,0,0.1724258595657153
19249,202610,0,0.14536703784605892
19250,202610,0,0.09916971020282576
19251,202610,0,0.21894763486156596
19252,202610,1,0.15696485530456877
19254,202610,0,0.15163075537195472
19255,202610,0,0.17724243697049602
19257,202610,0,0.07110889702996158
19258,202610,0,0.1883676633174651
19259,202610,0,0.11621705293440186
19260,202610,0,0.2535254628413664
19261,202610,0,0.13143687000603094
19262,202610,0,0.07501250080419461
19264,202610,0,0.15898038872152426
19265,202610,0,0.17504291803231486
19266,202610,0,0.19341436291694045
19267,202610,1,0.1613471082467993
19270,202610,0,0.13518322852694162
19271,202610,0,0.12066878279722515
19274,202610,0,0.1864782308574778
19275,202610,0,0.17743473178782765
19276,202610,0,0.08082444632187662
19278,202610,0,0.06974771064399327
19280,202610,0,0.12179070990974387
19281,202610,0,0.2431394142477259
19282,202610,0,0.12160824287397992
19285,202610,0,0.13559308868743603
19287,202610,0,0.15095132855095994
19288,202610,0,0.13061288428580572
19290,202610,0,0.1844609265521905
19291,202610,0,0.21038241774386182
19292,202610,1,0.13959617802509347
19293,202610,0,0.17068455050738254
19294,202610,1,0.17381368320732984
19295,202610,0,0.17988862094403837
19296,202610,1,0.1487256333396147
19297,202610,0,0.08323346009420028
19298,202610,0,0.1530880615291172
19299,202610,0,0.1905630846759821
19300,202610,0,0.09286845325027407
19301,202610,0,0.1282127361984747
19302,202610,0,0.16159818635650935
19304,202610,0,0.12557055857907612
19305,202610,0,0.18208549970764812
19306,202610,0,0.12656583900040644
19308,202610,1,0.23422948426202705
19309,202610,0,0.12445410534119576
19310,202610,0,0.10529588796248257
19311,202610,0,0.2231165359244886
19313,202610,0,0.2252923381041903
19314,202610,0,0.14125770814636573
19315,202610,0,0.21589987612358563
19317,202610,0,0.10903433814248012
19320,202610,0,0.2540719853517929
19322,202610,0,0.06263133619694737
19323,202610,0,0.13661248420489158
19324,202610,0,0.20233108059522423
19325,202610,0,0.18960508040382923
19326,202610,0,0.11938210822004681
19328,202610,0,0.15451713887223745
19329,202610,1,0.20786233382249947
19330,202610,0,0.14330180427939648
19331,202610,0,0.3655421599918867
19332,202610,0,0.17407760746542844
19333,202610,1,0.1277274275997929
19334,202610,0,0.15347373372685266
19336,202610,1,0.1073108302702034
19337,202610,0,0.15525082669126586
19338,202610,0,0.09714909519691547
19340,202610,0,0.10531910992123186
19341,202610,0,0.14375416706963512
19342,202610,0,0.13667111944826382
19343,202610,0,0.15917299122024747
19347,202610,0,0.2306257889782306
19348,202610,0,0.19326099786061582
19349,202610,0,0.20986920776512227
19350,202610,1,0.16125256551839656
19351,202610,0,0.08074608747626141
19352,202610,0,0.10108276224848964
19353,202610,0,0.13938667266421959
19354,202610,0,0.18184516744648693
19356,202610,0,0.14950768617282242
19357,202610,0,0.14857524750958093
19358,202610,0,0.21938526393595936
19361,202610,0,0.09510698135606685
19362,202610,0,0.1657725175827197
19363,202610,1,0.133629635878109
19365,202610,0,0.08993078996392964
19366,202610,0,0.1387374537050784
19367,202610,0,0.16726296118579342
19369,202610,0,0.09790318778947923
19370,202610,0,0.16994036437863835
19371,202610,1,0.11855399013115114
19372,202610,0,0.17125412664958492
19376,202610,0,0.05603239885630728
19377,202610,0,0.15531862132886237
19380,202610,1,0.0970941984770157
19381,202610,1,0.16999519342565428
19382,202610,0,0.0794041759868233
19383,202610,0,0.22150589578682986
19384,202610,0,0.1872279470077702
19385,202610,0,0.16078154446955836
19386,202610,0,0.15633017629996077
19387,202610,1,0.31496334298822437
19388,202610,0,0.1779005454822899
19389,202610,1,0.2652892008495621
19390,202610,0,0.10277498020627213
19392,202610,0,0.11825479316450264
19393,202610,0,0.20607782652459633
19394,202610,0,0.08153217800772611
19395,202610,0,0.21983918694552207
19396,202610,0,0.13812703741335777
19397,202610,0,0.11377494954292679
19398,202610,1,0.2435893931372602
19399,202610,0,0.17870884547949406
19400,202610,0,0.1414576626273288
19402,202610,0,0.15774757820825114
19403,202610,0,0.1411768664848119
19404,202610,0,0.10676521516803994
19405,202610,0,0.15998313623914284
19406,202610,0,0.14560299208215405
19408,202610,0,0.07659654372642923
19409,202610,1,0.08701833666005743
19411,202610,1,0.1730109319827888
19412,202610,0,0.10576612971844629
19413,202610,0,0.18130028305326695
19414,202610,0,0.13798761308518853
19419,202610,0,0.22349503289505904
19421,202610,0,0.15695011437571713
19422,202610,1,0.17895679577134307
19424,202610,0,0.11658438021133508
19425,202610,0,0.23811070458803393
19426,202610,0,0.096209468614569
19428,202610,0,0.1459748713486286
19429,202610,0,0.34123719495434957
19431,202610,0,0.16102589588189692
19432,202610,0,0.1726373629341332
19434,202610,0,0.08159364344139207
19435,202610,0,0.15890210983437333
19436,202610,0,0.13798857764537334
19438,202610,0,0.10788043845534927
19439,202610,0,0.26886508709752793
19440,202610,1,0.09539864930542576
19441,202610,0,0.06572001478607145
19442,202610,0,0.1015885254836975
19443,202610,0,0.14037341474673945
19444,202610,1,0.17229826632803444
19446,202610,1,0.18071142952762023
19447,202610,0,0.08150773787655613
19448,202610,0,0.09777634657891014
19449,202610,0,0.06880803586285779
19450,202610,0,0.19491034650164699
19452,202610,0,0.14818601005731513
19455,202610,0,0.24037964832111908
19458,202610,0,0.14202896201614046
19459,202610,0,0.20696850771168898
19460,202610,0,0.168878068059952
19461,202610,0,0.06604070761112757
19462,202610,0,0.11994745880271425
19463,202610,0,0.11509010610484895
19468,202610,0,0.19780812985897392
19469,202610,0,0.06283672755721635
19470,202610,0,0.26917543124362175
19471,202610,0,0.24469957857870422
19472,202610,0,0.14996869300905172
19474,202610,0,0.10773080699441634
19475,202610,0,0.11818945800733216
19477,202610,0,0.13724374593856256
19478,202610,0,0.0774970968460519
19479,202610,0,0.2511907917880769
19482,202610,0,0.177275178540021
19484,202610,0,0.257439529821291
19487,202610,0,0.08448769294371014
19488,202610,1,0.12559886395474235
19489,202610,0,0.24447512499115773
19490,202610,1,0.1823959180096225
19492,202610,0,0.13712873623499075
19495,202610,0,0.14011015364585477
19496,202610,1,0.18830537699833183
19497,202610,1,0.09519221212501874
19502,202610,0,0.13949143157501548
19503,202610,1,0.2641786509317619
19505,202610,0,0.08017323439408314
19506,202610,0,0.12101923939097634
19507,202610,0,0.10758719031821945
19509,202610,1,0.23315721120172264
19510,202610,0,0.10936903877717787
19511,202610,0,0.35658378083223047
19512,202610,0,0.06893632082173685
19513,202610,1,0.20734490804785344
19514,202610,0,0.13987489369244138
19515,202610,0,0.16209702960310823
19520,202610,0,0.20105310169587728
19521,202610,0,0.2045841378158991
19524,202610,0,0.1976068382936889
19525,202610,1,0.21300824735301593
19526,202610,0,0.22456532326005527
19527,202610,0,0.16633467124746648
19529,202610,1,0.17981765750174772
19530,202610,1,0.2003911370995917
19531,202610,0,0.27328914592357567
19532,202610,0,0.1416402129959566
19534,202610,0,0.1780874577827228
19538,202610,0,0.17173189970457972
19539,202610,0,0.06519315607318533
19542,202610,0,0.13511060333709954
19543,202610,0,0.10006482406005154
19545,202610,0,0.16563074232844177
19546,202610,0,0.10992361286981178
19548,202610,0,0.20823607981812745
19549,202610,0,0.2523583174479038
19550,202610,0,0.22272458861271624
19552,202610,0,0.14120562529287195
19553,202610,0,0.054356149213158185
19554,202610,0,0.14507034018375375
19555,202610,0,0.14437194265101305
19556,202610,0,0.09087226614988966
19557,202610,0,0.16202843370462097
19558,202610,1,0.19641476706808345
19561,202610,0,0.10393499250657298
19562,202610,0,0.1596362596966756
19563,202610,0,0.17455927330276597
19565,202610,1,0.25619540362098603
19568,202610,0,0.12176256129106303
19570,202610,0,0.17680234058906252
19572,202610,0,0.14256117870711468
19574,202610,0,0.21671850663400108
19576,202610,0,0.15056130560614683
19578,202610,0,0.12078932492249211
19579,202610,0,0.17296454604969988
19580,202610,1,0.21269664838956998
19581,202610,1,0.15764672284101744
19582,202610,0,0.139073169764698
19585,202610,1,0.16412330395376007
19586,202610,0,0.07823931284446152
19587,202610,0,0.07822524891597576
19589,202610,0,0.09490746282339987
19590,202610,0,0.07710777950044993
19592,202610,0,0.14054798314642633
19594,202610,0,0.142447055564201
19595,202610,0,0.15812502147258742
19596,202610,0,0.19008944979792466
19597,202610,0,0.13443149465564214
19599,202610,0,0.0972730482821433
19600,202610,0,0.09249650384710535
19601,202610,0,0.15610218493720507
19602,202610,1,0.09534216895551745
19603,202610,0,0.08723757021336273
19604,202610,0,0.09145162075201997
19605,202610,0,0.1614321776314383
19606,202610,0,0.19671326367772535
19607,202610,0,0.1025749909494515
19608,202610,1,0.2287340302703986
19609,202610,0,0.16312585518735662
19611,202610,1,0.0961902765930945
19613,202610,0,0.1982906261367634
19616,202610,0,0.06670187732764349
19618,202610,0,0.08902672763639746
19619,202610,0,0.061617063725983114
19620,202610,0,0.11690940654671564
19622,202610,1,0.22152551652662203
19623,202610,0,0.09541050325730648
19624,202610,0,0.21375457907329604
19625,202610,0,0.18634746856669265
19626,202610,0,0.16522202502534314
19628,202610,0,0.1412299260035209
19629,202610,0,0.2084678105414125
19630,202610,0,0.05492101696487664
19631,202610,0,0.12707604977668138
19633,202610,0,0.16199306606611372
19634,202610,0,0.12473779543053648
19635,202610,0,0.23826842979737056
19636,202610,0,0.17959869858574112
19637,202610,0,0.15134886700022296
19639,202610,0,0.1675396339182448
19643,202610,0,0.11974663646620425
19644,202610,0,0.17706012016379155
19645,202610,0,0.23056074900399498
19647,202610,0,0.2000002644704587
19649,202610,0,0.2080693654418726
19650,202610,0,0.10712027863066907
19652,202610,0,0.15704872996125072
19653,202610,0,0.18097465844229263
19656,202610,0,0.14331030899855352
19657,202610,1,0.09623072996638687
19658,202610,1,0.30117141572711215
19660,202610,0,0.20016390208419982
19662,202610,0,0.14804484258511327
19663,202610,0,0.1569257942556274
19664,202610,0,0.15892334658381416
19665,202610,1,0.19478555118492885
19666,202610,0,0.14720283920499602
19667,202610,0,0.13471649627313068
19668,202610,0,0.14442302012922453
19671,202610,0,0.0779810748022464
19672,202610,0,0.12902140539387844
19674,202610,0,0.19357506775940878
19675,202610,0,0.16430304965303508
19676,202610,0,0.18642442300622106
19677,202610,0,0.15622230193009057
19678,202610,0,0.18523442528209488
19679,202610,0,0.16521038071489255
19680,202610,0,0.23534290692215212
19681,202610,0,0.12374580291847374
19682,202610,0,0.10204671334335301
19683,202610,0,0.1997577760052666
19684,202610,0,0.10319738220041784
19686,202610,0,0.1508925233893953
19687,202610,0,0.16463225871813278
19689,202610,0,0.14005905447260436
19691,202610,0,0.1448195068908179
19692,202610,0,0.10784128929128996
19694,202610,1,0.14982625438606892
19698,202610,0,0.1797628053852793
19699,202610,0,0.11720302165688927
19700,202610,0,0.12568089106527874
19702,202610,0,0.1508134665127844
19704,202610,1,0.2516596440540247
19705,202610,1,0.17099758745046195
19706,202610,0,0.1646888793557709
19707,202610,0,0.27424336595770504
19708,202610,0,0.1186265171465318
19709,202610,0,0.19075472287664483
19710,202610,0,0.08817181077030667
19711,202610,0,0.16462625330598638
19712,202610,1,0.1775134641301767
19713,202610,0,0.10377770933523972
19714,202610,0,0.13934960148483885
19715,202610,1,0.150535378280808
19716,202610,0,0.1554488576404768
19717,202610,1,0.2083101423270809
19718,202610,0,0.09889136926519909
19719,202610,0,0.18367112931699012
19720,202610,0,0.0988706748667791
19721,202610,1,0.07899692461718294
19722,202610,0,0.18426619685467796
19723,202610,1,0.12861679356349495
19724,202610,0,0.06326220111772053
19726,202610,0,0.1812201198662469
19727,202610,0,0.15527361614219246
19728,202610,0,0.06977400426044914
19729,202610,0,0.19912172341923648
19730,202610,1,0.15418435313731632
19731,202610,0,0.19514208664036195
19732,202610,1,0.26991273690317896
19733,202610,0,0.16298013678996387
19734,202610,1,0.08693088871892417
19735,202610,0,0.13570667283328888
19736,202610,0,0.18646197739462259
19739,202610,1,0.2015440985230053
19740,202610,0,0.14653812302082012
19743,202610,0,0.13342643335683338
19744,202610,0,0.11707874334469096
19746,202610,0,0.10342855931878768
19748,202610,0,0.18809349036819895
19749,202610,1,0.09977946870487156
19750,202610,0,0.18537441427090065
19751,202610,0,0.20770019190212335
19753,202610,0,0.1300699930876842
19754,202610,0,0.16316833290706112
19758,202610,0,0.10146210503108813
19759,202610,1,0.26564955809638574
19760,202610,0,0.1991284927829908
19765,202610,1,0.1408594393758139
19766,202610,0,0.06391356652944259
19768,202610,1,0.15227139683442564
19769,202610,0,0.07683252823130808
19770,202610,0,0.17555426006058694
19771,202610,0,0.26393640027589893
19772,202610,1,0.17001383467974945
19775,202610,0,0.14736039315670177
19778,202610,0,0.09166684720561068
19779,202610,0,0.05511737669633797
19780,202610,1,0.15648416888205097
19781,202610,0,0.12904270197043902
19782,202610,0,0.29503233419209124
19783,202610,0,0.1001224184317938
19784,202610,0,0.07660103164655535
19785,202610,0,0.24009060126571619
19786,202610,0,0.1455372181837703
19787,202610,1,0.23962419413541686
19788,202610,0,0.2382297133878054
19790,202610,0,0.08896525026875272
19791,202610,0,0.06739793429255922
19792,202610,0,0.06470858646623731
19793,202610,0,0.12238186315112787
19794,202610,0,0.18479551689698367
19795,202610,0,0.0660414294852285
19796,202610,1,0.15758332300282338
19797,202610,0,0.2286903530036746
19798,202610,0,0.15728514082471257
19800,202610,1,0.17562110411604798
19802,202610,0,0.10146683042932299
19803,202610,0,0.22043163286394973
19804,202610,0,0.15294745642051605
19805,202610,0,0.14387641288959407
19806,202610,0,0.21065807398077807
19807,202610,1,0.4196317205525835
19810,202610,0,0.18083965400091961
19811,202610,0,0.14716614050710577
19813,202610,0,0.11335690810845472
19817,202610,1,0.213717461431953
19818,202610,0,0.16067831446484288
19819,202610,0,0.17770730187010725
19820,202610,0,0.20745336829586228
19824,202610,0,0.2602335741855759
19825,202610,1,0.23127942302450089
19828,202610,0,0.09417090340533031
19830,202610,0,0.1314260486629729
19831,202610,0,0.24117202187610234
19832,202610,0,0.10338672596615352
19833,202610,0,0.2969348229971293
19834,202610,0,0.17060422524249022
19835,202610,0,0.1226331314237121
19836,202610,0,0.15307385370812127
19838,202610,0,0.13471426270020476
19839,202610,0,0.18812191532577263
19841,202610,0,0.16345297936836795
19843,202610,0,0.07609366046099199
19844,202610,0,0.11369857840521422
19845,202610,0,0.16030642748522272
19846,202610,0,0.17264003870253058
19847,202610,0,0.22011023609471544
19848,202610,0,0.12110192619172629
19851,202610,0,0.17652869081839034
19853,202610,0,0.16080624384716843
19855,202610,0,0.13148185101305118
19857,202610,0,0.17731475902345464
19858,202610,0,0.15076326679846322
19861,202610,0,0.09718096660904958
19862,202610,1,0.09224809200238292
19866,202610,1,0.25878524755785076
19867,202610,0,0.14379572533630616
19868,202610,0,0.1851136212285362
19871,202610,0,0.1286294243139272
19872,202610,0,0.20123178482926682
19874,202610,0,0.17990241901635035
19875,202610,0,0.17058865880407953
19876,202610,0,0.19637732510143527
19878,202610,0,0.15774807549507447
19879,202610,0,0.0737339992253161
19881,202610,0,0.25543926732410327
19882,202610,0,0.1272965615488008
19883,202610,0,0.08361228382496412
19884,202610,0,0.23552677219976312
19886,202610,1,0.18194949178417058
19887,202610,0,0.29107830086998976
19889,202610,0,0.151320032090779
19890,202610,0,0.13684432641065514
19891,202610,0,0.13462243166116958
19892,202610,1,0.24472584422369983
19893,202610,0,0.1892242473789652
19894,202610,0,0.28517259251057925
19895,202610,1,0.29475602969881753
19896,202610,0,0.151941778337418
19897,202610,1,0.14799150934617075
19898,202610,0,0.24377333881651034
19899,202610,1,0.13849999355553083
19900,202610,0,0.23017207908068696
19901,202610,0,0.16626648568685012
19902,202610,1,0.2606956359570433
19904,202610,0,0.23744091404596734
19906,202610,0,0.3630213583122476
19910,202610,1,0.13817544340784527
19911,202610,1,0.15907268349172538
19913,202610,0,0.11951465594233689
19914,202610,0,0.05946406563089672
19916,202610,0,0.08882268519072106
19920,202610,0,0.2536844770123878
19921,202610,0,0.10136678773495368
19922,202610,0,0.13725737096443374
19923,202610,1,0.1304592133349857
19924,202610,0,0.24787279233943096
19925,202610,0,0.14066592689441196
19926,202610,0,0.20563772154394086
19930,202610,1,0.14645063206769143
19932,202610,0,0.18519066743240886
19934,202610,1,0.249814075582792
19935,202610,0,0.0749159991765123
19936,202610,0,0.22480583187780104
19937,202610,0,0.1542786467208746
19938,202610,0,0.1524475249084057
19939,202610,0,0.18407532370044122
19940,202610,0,0.12822947062426057
19941,202610,0,0.16222572963608928
19942,202610,1,0.13652937284668204
19943,202610,0,0.11878770587449468
19946,202610,0,0.18683128853045555
19947,202610,1,0.1820374084392284
19949,202610,0,0.07935497223312891
19951,202610,1,0.2114525419412057
19953,202610,0,0.17629333577784712
19955,202610,0,0.11882124432907995
19957,202610,0,0.18848030307502808
19958,202610,0,0.09817251597793221
19959,202610,0,0.1534241989770163
19960,202610,0,0.07175636058669223
19963,202610,0,0.1341095559150621
19964,202610,0,0.2523762628876106
19965,202610,0,0.1925812361270128
19966,202610,0,0.16671668425580222
19967,202610,0,0.13654245110288568
19968,202610,0,0.17248237788884418
19969,202610,0,0.0689503389259151
19970,202610,0,0.0663558676134102
19972,202610,0,0.10421663398054341
19973,202610,0,0.16145025306672242
19974,202610,0,0.15720029528443089
19975,202610,0,0.12286855478996749
19977,202610,0,0.2803067529458478
19981,202610,0,0.2356153888599044
19982,202610,0,0.1547921843953772
19983,202610,0,0.0676788941476288
19984,202610,0,0.08733496975769683
19986,202610,0,0.2265204625352258
19987,202610,0,0.20074013417075898
19988,202610,0,0.09388942216137537
19989,202610,0,0.07009078493963172
19990,202610,1,0.11828233704908812
19993,202610,0,0.08119129373592861
19994,202610,0,0.17274429609653008
19995,202610,0,0.055759904251677685
19996,202610,0,0.1186533205330556
19997,202610,1,0.15617011231062247
19998,202610,1,0.20447425147089882
19999,202610,1,0.15873182828677562
20000,202610,0,0.14223995708587614
20001,202610,0,0.1542011176236193
20002,202610,1,0.07052846501626887
20003,202610,0,0.12065609833802271
20004,202610,0,0.191555810938794
20005,202610,1,0.14666777218199156
20006,202610,0,0.12110059950696735
20007,202610,1,0.12530236846466725
20010,202610,0,0.18060488053211243
20011,202610,0,0.24375608917859684
20014,202610,1,0.09817761725378685
20015,202610,1,0.13609196282069466
20016,202610,0,0.1702051771100129
20017,202610,1,0.1940794986747557
20019,202610,0,0.1245894735353906
20020,202610,0,0.10582185410815588
20022,202610,1,0.2939630383752452
20023,202610,0,0.10998688093166716
20024,202610,0,0.17526702641334255
20025,202610,0,0.21089250229377998
20026,202610,1,0.1394859990318228
20027,202610,0,0.14570529738354016
20030,202610,0,0.19297731004753552
20031,202610,0,0.06193091738776532
20032,202610,0,0.12139386831430013
20033,202610,1,0.1151060800643533
20034,202610,0,0.1694094171625258
20035,202610,0,0.14887059963658053
20036,202610,1,0.19513911587351607
20037,202610,0,0.06525222243949746
20039,202610,0,0.13362387500495068
20040,202610,0,0.14656925564996717
20041,202610,0,0.158145651199847
20042,202610,0,0.19888448754561708
20043,202610,0,0.1845321493054061
20044,202610,1,0.1672846509507206
20045,202610,0,0.1298833779501674
20047,202610,0,0.11025693609707303
20048,202610,0,0.222858197701876
20049,202610,0,0.10978161671648351
20051,202610,0,0.21952421820673512
20052,202610,1,0.19277949734506508
20053,202610,0,0.15295474708180903
20055,202610,0,0.17950985251576806
20057,202610,0,0.23056150028519254
20058,202610,0,0.1842287122238756
20061,202610,0,0.13476648193938331
20063,202610,0,0.13254524031014658
20064,202610,1,0.1331300400644745
20065,202610,0,0.1504897248139235
20066,202610,0,0.15856873126770824
20067,202610,0,0.16697852131471763
20068,202610,0,0.07160077218005322
20069,202610,0,0.24250537729942848
20070,202610,0,0.21069036570525096
20072,202610,0,0.14266555677115983
20073,202610,0,0.21953473250809183
20075,202610,0,0.2056895087668147
20077,202610,0,0.18884276323900634
20078,202610,0,0.15252499375403297
20079,202610,0,0.18187760042525206
20080,202610,1,0.2129608060861961
20083,202610,0,0.12236466287624008
20084,202610,0,0.09550536607103594
20085,202610,0,0.1317398497071773
20086,202610,0,0.07981152424512068
20087,202610,1,0.1307781305590233
20088,202610,0,0.10524195653822196
20089,202610,0,0.14646325738768817
20090,202610,0,0.09606984771736368
20091,202610,0,0.28258513161737325
20092,202610,1,0.21728014735841578
20094,202610,0,0.1655991500374648
20096,202610,0,0.09913862458889533
20097,202610,1,0.2390362778707162
20098,202610,0,0.12556526643145086
20099,202610,1,0.10984116691198632
20100,202610,0,0.12371715769763614
20101,202610,1,0.20445422461353455
20102,202610,0,0.294582059568219
20103,202610,0,0.1823572806991383
20104,202610,0,0.20492119006337325
20106,202610,0,0.15027924599537062
20107,202610,0,0.33095199284252197
20108,202610,0,0.4240248055632027
20110,202610,0,0.11546015622230967
20115,202610,0,0.09682805080592119
20117,202610,0,0.1334387428511753
20118,202610,0,0.2653104639469345
20119,202610,0,0.12138203720339859
20120,202610,0,0.2722857469748698
20121,202610,0,0.06859182317426568
20122,202610,1,0.2636791207482923
20124,202610,0,0.21386534181730543
20126,202610,0,0.07658032518743013
20127,202610,0,0.15384818098836114
20129,202610,0,0.09526446452644823
20130,202610,1,0.1712935467244729
20133,202610,0,0.06493292493324097
20135,202610,1,0.19222130326224465
20138,202610,0,0.10445198479463835
20141,202610,0,0.11630218911507632
20145,202610,0,0.19095540229542113
20146,202610,0,0.09742523013380251
20148,202610,0,0.17650056625464164
20150,202610,0,0.1734277183294959
20151,202610,0,0.12789911343603835
20152,202610,0,0.20932645322578805
20155,202610,1,0.23880462648811854
20156,202610,0,0.1163190751026072
20158,202610,0,0.1696911540436091
20160,202610,0,0.17652687608900608
20161,202610,0,0.09993634747644013
20162,202610,0,0.10520732868991416
20163,202610,1,0.058865316379933266
20164,202610,0,0.2353393764747282
20165,202610,0,0.27338495129931206
20166,202610,1,0.27933099305519854
20167,202610,0,0.10888697837072088
20169,202610,0,0.12183189187431752
20170,202610,0,0.17164271000603964
20171,202610,0,0.13455669472551543
20172,202610,0,0.05423238979477748
20174,202610,0,0.08957162277485752
20175,202610,0,0.1603441678399166
20176,202610,1,0.1059984778011069
20177,202610,0,0.15503070247430698
20178,202610,0,0.14913406689815967
20181,202610,0,0.17854265846058986
20182,202610,1,0.14962092418614972
20183,202610,1,0.19749879416241936
20184,202610,0,0.07911304148022494
20185,202610,1,0.1269279362088868
20186,202610,0,0.2914366458465418
20187,202610,0,0.22372397085909118
20189,202610,0,0.15414218625004816
20190,202610,0,0.17019348401884904
20191,202610,0,0.12432651854395349
20192,202610,0,0.18534433263954642
20193,202610,0,0.15357289327571894
20194,202610,1,0.13148746300787278
20196,202610,1,0.3503516509257763
20197,202610,0,0.2323586922982056
20198,202610,0,0.10453431280900044
20199,202610,0,0.1315590449318251
20201,202610,0,0.16307798745189758
20202,202610,0,0.09549218948692947
20203,202610,0,0.16128274738144208
20204,202610,0,0.09506795958576823
20205,202610,0,0.12496367364829117
20206,202610,1,0.23161059956228175
20207,202610,1,0.23776715226742653
20208,202610,0,0.08586585017942133
20209,202610,1,0.2084454454753241
20210,202610,0,0.13857712264658203
20211,202610,0,0.09984497346082347
20212,202610,0,0.14846256560242244
20213,202610,0,0.18428425880660187
20214,202610,0,0.20913470244115495
20217,202610,0,0.1292784163655137
20218,202610,0,0.09701673088832577
20220,202610,0,0.1678024316302844
20221,202610,0,0.08806187141742487
20224,202610,0,0.23699645061312266
20225,202610,0,0.15547764837012312
20226,202610,0,0.10821944074478972
20228,202610,1,0.07665726148958486
20229,202610,0,0.16248957785761614
20230,202610,1,0.21152134599768865
20233,202610,1,0.14051630279278107
20234,202610,0,0.1716371820451925
20237,202610,1,0.23484957153682032
20238,202610,0,0.1752150146123352
20239,202610,0,0.1825498318488869
20241,202610,0,0.09492101777027266
20242,202610,0,0.16891218076294262
20243,202610,0,0.1873196741515785
20245,202610,0,0.1904716658720822
20246,202610,1,0.18103971036454933
20248,202610,0,0.15037684379465274
20249,202610,1,0.14050707598059523
20250,202610,0,0.16108313196202834
20251,202610,0,0.19154089748253034
20252,202610,0,0.11923317518086012
20253,202610,0,0.058073401333223654
20254,202610,0,0.22600261965013482
20255,202610,0,0.06768740652382156
20256,202610,0,0.1595194286139683
20257,202610,0,0.22552903875225874
20259,202610,0,0.06038853479325225
20260,202610,0,0.09739707340083338
20261,202610,0,0.08946080556144614
20262,202610,0,0.11385362384050339
20263,202610,0,0.10333060847116445
20264,202610,0,0.1534074015863985
20265,202610,0,0.06476374933006339
20266,202610,0,0.2375523116445642
20269,202610,0,0.06329779758373275
20270,202610,0,0.17290259135279276
20274,202610,0,0.08650657174294836
20275,202610,1,0.26245326013082476
20276,202610,0,0.19433243302728684
20277,202610,0,0.23530209455137557
20278,202610,0,0.10876293151844287
20279,202610,1,0.11866334669927191
20280,202610,1,0.29643375094214885
20281,202610,1,0.1568956369179368
20282,202610,0,0.14809451861733547
20283,202610,0,0.15832256638713452
20285,202610,0,0.09904744108924095
20286,202610,0,0.14799576889748237
20287,202610,0,0.12215354613057848
20288,202610,0,0.20971709843303646
20290,202610,1,0.13215420768498
20291,202610,0,0.2179583755990433
20292,202610,0,0.14230181095194988
20293,202610,0,0.17353332350089543
20294,202610,0,0.14754018682156092
20295,202610,0,0.2058389855470776
20296,202610,0,0.18496918507375473
20297,202610,1,0.26575947828391816
20298,202610,1,0.13749368776995918
20300,202610,0,0.157868700028424
20302,202610,0,0.13333322464136976
20303,202610,0,0.13919244642547976
20305,202610,0,0.25279860709767665
20306,202610,0,0.17155686517922372
20309,202610,0,0.11281591564559433
20311,202610,1,0.11925329670316531
20313,202610,0,0.10241758365552565
20314,202610,0,0.2067776536530735
20315,202610,0,0.13600145325877322
20316,202610,0,0.14946529781168721
20317,202610,0,0.11528816951203937
20318,202610,0,0.1584383963841659
20319,202610,0,0.09183200947754942
20320,202610,0,0.21664273382711777
20322,202610,0,0.13982901380155843
20323,202610,0,0.18713538156818096
20324,202610,0,0.06325078329208655
20325,202610,0,0.09614850013592524
20326,202610,0,0.09934437310190765
20327,202610,0,0.11389147681488028
20328,202610,1,0.15677551746397508
20330,202610,0,0.09359628381655802
20331,202610,0,0.15984352781711678
20332,202610,1,0.19496804609466148
20333,202610,1,0.1709307342035875
20335,202610,1,0.2296574840375007
20338,202610,0,0.2803167408570503
20342,202610,0,0.240759740418191
20343,202610,0,0.14462185421750087
20345,202610,0,0.20678264940633945
20346,202610,0,0.11120060928856426
20347,202610,0,0.11054250634842509
20348,202610,0,0.14774702423063038
20349,202610,0,0.15128149378986439
20352,202610,0,0.10529567287201683
20354,202610,0,0.06346560220572427
20355,202610,0,0.0899162448885383
20356,202610,0,0.23363093116713032
20357,202610,0,0.1737041730359171
20359,202610,0,0.11593603649730842
20360,202610,0,0.15107360516936547
20361,202610,0,0.1712031698341777
20363,202610,0,0.07591534316616916
20364,202610,1,0.07017417938406208
20365,202610,0,0.13492356628255178
20366,202610,1,0.12232711833106288
20367,202610,0,0.2254563513464522
20368,202610,1,0.12361967422034278
20369,202610,0,0.25412281363451084
20370,202610,0,0.0729405620134678
20372,202610,0,0.11195867382961215
20373,202610,0,0.14351515414447372
20374,202610,1,0.11627620467312147
20375,202610,0,0.25190412986734145
20376,202610,0,0.1361264543126549
20377,202610,0,0.1435436979180692
20379,202610,0,0.07808840856151816
20380,202610,0,0.17426482866056242
20382,202610,0,0.07035574383682608
20383,202610,0,0.15146639696244965
20384,202610,0,0.16150286873233946
20385,202610,0,0.0982618040138071
20386,202610,0,0.10629047682444022
20387,202610,0,0.14136737635342048
20389,202610,0,0.14247470366570442
20390,202610,1,0.08346503176415355
20391,202610,0,0.16964567441397627
20392,202610,0,0.14414819533577977
20395,202610,0,0.14011010424759807
20396,202610,0,0.1821593504258702
20397,202610,0,0.23515158279570536
20398,202610,0,0.32912257029762815
20401,202610,0,0.13950729877250598
20402,202610,1,0.14838060941309594
20403,202610,0,0.12467933111777467
20404,202610,0,0.12088478233370765
20406,202610,0,0.3012018148286937
20407,202610,0,0.20575996465950155
20409,202610,0,0.13735828760454769
20411,202610,0,0.10712222091249367
20412,202610,0,0.1615345112538584
20414,202610,1,0.21052454193490783
20415,202610,0,0.07606113816988347
20418,202610,0,0.07032996490588364
20419,202610,0,0.1543153776045741
20420,202610,0,0.06593085146153867
20423,202610,0,0.16305062547162966
20425,202610,0,0.09723245316859752
20428,202610,0,0.2211633558084082
20429,202610,0,0.14024669774416615
20430,202610,0,0.2433870934514219
20431,202610,1,0.08587359600600873
20432,202610,0,0.1317052160167994
20433,202610,0,0.2953429092118354
20434,202610,0,0.2620005075198543
20436,202610,0,0.0732854406101126
20437,202610,0,0.13473316705778776
20438,202610,0,0.19460561240549332
20439,202610,0,0.11925079105377728
20440,202610,0,0.1291469604885585
20441,202610,1,0.12393166774752769
20442,202610,0,0.141302236704238
20444,202610,0,0.2477101023269733
20446,202610,0,0.07669050070085132
20449,202610,0,0.136909722632489
20450,202610,0,0.23534575355339293
20451,202610,1,0.28000957956619027
20452,202610,0,0.07133685063512549
20453,202610,1,0.17983162377577697
20454,202610,0,0.12104031300943556
20455,202610,0,0.1748911221416893
20456,202610,0,0.13225006919129573
20458,202610,0,0.15661797150889833
20460,202610,1,0.09332354700342292
20461,202610,0,0.19807809361537615
20462,202610,0,0.1812854436786961
20464,202610,0,0.17856876094040208
20465,202610,0,0.11648245735876508
20466,202610,0,0.12192689986407403
20467,202610,0,0.1617274175768627
20468,202610,0,0.054846716807659915
20472,202610,0,0.21409984727758175
20473,202610,0,0.06614914886103881
20475,202610,0,0.14400561100244114
20477,202610,0,0.12152352538151691
20482,202610,0,0.10593044850413298
20483,202610,0,0.18060283491395102
20485,202610,0,0.1668705410118519
20486,202610,0,0.22618358298886157
20487,202610,0,0.12943358148974474
20489,202610,0,0.17687280493510568
20490,202610,0,0.12564838401836972
20491,202610,0,0.09942104911370546
20494,202610,0,0.1464860439574097
20495,202610,0,0.17519783784955809
20496,202610,0,0.09621870260686885
20497,202610,0,0.10307722008839683
20498,202610,0,0.18466340051338828
20499,202610,0,0.15941136355572025
20501,202610,1,0.2322119655473892
20502,202610,0,0.18691476317438968
20507,202610,0,0.09371800858866253
20508,202610,0,0.1652564979762528
20509,202610,0,0.13587089974672492
20510,202610,0,0.14159817235562772
20511,202610,0,0.16767987844715584
20512,202610,0,0.08898950180578269
20513,202610,0,0.20132472388345388
20515,202610,0,0.3044333636929945
20517,202610,0,0.13953972138881798
20518,202610,0,0.24621801427379192
20521,202610,0,0.21043421780156848
20522,202610,0,0.1481175423514152
20523,202610,1,0.10829999470707134
20525,202610,0,0.12354216387459925
20526,202610,0,0.13957089306786885
20527,202610,1,0.2137453171302341
20530,202610,0,0.12692690621533226
20531,202610,0,0.19428710250154674
20534,202610,0,0.2205564700742884
20535,202610,1,0.20815304868086437
20536,202610,0,0.14229226234461
20540,202610,0,0.13613670843046863
20541,202610,0,0.20739082563255473
20543,202610,1,0.15129701719589406
20544,202610,0,0.19274990410980272
20546,202610,0,0.19288460616446254
20547,202610,1,0.24594877894190872
20548,202610,0,0.07022455139641187
20549,202610,0,0.14785368260253307
20550,202610,0,0.0526602376046104
20551,202610,0,0.12135732336496233
20552,202610,0,0.14448851322525827
20553,202610,0,0.12966013711800217
20555,202610,0,0.17937844661853086
20558,202610,1,0.14479229523816073
20559,202610,0,0.14974146865578816
20560,202610,0,0.15574821441658
20561,202610,0,0.23682729311079462
20562,202610,0,0.15987273530295826
20563,202610,0,0.19344666975063188
20565,202610,0,0.15950781217744361
20566,202610,1,0.1924016663780294
20567,202610,0,0.13864544761857814
20568,202610,0,0.2363626271507446
20569,202610,0,0.0826276656914555
20572,202610,0,0.15815215855423972
20577,202610,1,0.15912211842450344
20578,202610,1,0.18401382842628441
20580,202610,0,0.14892891678624265
20581,202610,0,0.13473356907606546
20582,202610,0,0.18225662188291017
20584,202610,0,0.26018808140195815
20585,202610,0,0.16574626660258684
20587,202610,0,0.10244250352487848
20588,202610,0,0.058529819779517246
20589,202610,0,0.11463425155522851
20590,202610,1,0.1819182658596376
20591,202610,0,0.17441456568781388
20595,202610,1,0.15850663234005508
20596,202610,0,0.05899295696294686
20597,202610,0,0.0968744102722098
20600,202610,0,0.1687325517957767
20601,202610,0,0.10863031949775406
20602,202610,0,0.21968429028721465
20603,202610,1,0.13277156466617857
20604,202610,1,0.15806735061917698
20605,202610,1,0.13976589703408437
20606,202610,0,0.07847894130555894
20609,202610,0,0.17297925878786954
20610,202610,0,0.20550062161676616
20611,202610,0,0.0956463173102133
20613,202610,0,0.118117196602872
20616,202610,0,0.15943294548449496
20617,202610,0,0.06593917611677041
20618,202610,1,0.08881381375119818
20619,202610,0,0.05869000648342217
20622,202610,0,0.18571368464965476
20627,202610,0,0.1567777935398949
20630,202610,0,0.09308363156341411
20631,202610,0,0.06406294040058859
20632,202610,1,0.21837718769438444
20635,202610,0,0.1524713016132282
20637,202610,0,0.08342726375922292
20639,202610,1,0.18586787540370978
20641,202610,0,0.18863860643533323
20643,202610,0,0.18221999860465676
20644,202610,0,0.2202574563832761
20645,202610,0,0.14734378325504527
20647,202610,0,0.09079270831880486
20648,202610,1,0.10403312913216002
20650,202610,0,0.16082306978481997
20651,202610,0,0.12525076003569627
20653,202610,0,0.21437510806808766
20654,202610,0,0.1666358560694566
20655,202610,0,0.0705237919321207
20656,202610,0,0.18128377710098562
20657,202610,0,0.15875380378644607
20659,202610,0,0.06422232903479175
20660,202610,0,0.1345133422292207
20661,202610,0,0.11058827503362047
20662,202610,0,0.08545574289438504
20663,202610,0,0.11021732161428469
20664,202610,0,0.1440424077080335
20666,202610,0,0.17886676556466713
20667,202610,0,0.08395649474822749
20668,202610,0,0.17677983663157532
20669,202610,0,0.2779207756071523
20670,202610,0,0.07458802680831544
20671,202610,0,0.04532465944528983
20673,202610,0,0.09500165076945458
20675,202610,0,0.11615143737788394
20676,202610,0,0.29272705940896426
20677,202610,0,0.10142960400284211
20679,202610,0,0.13944037833482004
20680,202610,1,0.2535826631807411
20681,202610,0,0.11714438801109549
20683,202610,1,0.13449977995523807
20684,202610,0,0.11197708097416391
20685,202610,1,0.21120993774232688
20686,202610,0,0.17879129899540827
20687,202610,0,0.12099630005508161
20689,202610,0,0.13833076481253803
20690,202610,0,0.19861400560604658
20691,202610,0,0.10192820070056846
20692,202610,0,0.14993544354714686
20694,202610,0,0.12402156442638902
20695,202610,0,0.20271190356519106
20696,202610,0,0.15052155969624142
20698,202610,0,0.16088693901026935
20699,202610,1,0.15140828312232246
20700,202610,0,0.13418516026390787
20701,202610,0,0.21962054570286146
20703,202610,0,0.12420986306322385
20704,202610,0,0.27340495029372625
20705,202610,0,0.16562929371236437
20706,202610,0,0.07586413063166422
20707,202610,0,0.10979531414760833
20708,202610,1,0.38771229123759643
20709,202610,1,0.14010791351061175
20710,202610,0,0.2657982638183625
20711,202610,0,0.0905306731423268
20712,202610,0,0.08793638851234395
20713,202610,0,0.08838450333139662
20714,202610,0,0.15273078984389393
20715,202610,0,0.14325185884787348
20716,202610,0,0.2527712852839649
20718,202610,1,0.22989187571876676
20720,202610,1,0.0814941326413325
20722,202610,0,0.19345490828295728
20724,202610,0,0.22440870420567846
20726,202610,0,0.22017126517527433
20727,202610,0,0.185968957491613
20728,202610,0,0.23100691394511738
20729,202610,0,0.23566355717620788
20730,202610,0,0.16373317298947282
20731,202610,0,0.2223650206875594
20732,202610,0,0.1860558627107805
20733,202610,1,0.15269211873757788
20734,202610,0,0.17121375949545628
20735,202610,0,0.07397200922426105
20736,202610,0,0.15279594539198607
20737,202610,0,0.10007477854741881
20738,202610,0,0.14774186784865237
20739,202610,0,0.17668924530681132
20741,202610,0,0.2313504263981569
20742,202610,0,0.24506161701734885
20743,202610,0,0.1138492414648033
20744,202610,0,0.13526095692417925
20745,202610,0,0.14295320354300523
20746,202610,0,0.19155199438586662
20747,202610,0,0.21759610711495764
20750,202610,0,0.21986087506841254
20751,202610,0,0.07731238517077753
20752,202610,1,0.12437665570276245
20753,202610,1,0.16222752178750222
20754,202610,0,0.08866091357031128
20756,202610,0,0.23532022706890848
20758,202610,0,0.1558471876356851
20759,202610,0,0.08822447743958096
20760,202610,0,0.12171365091087996
20761,202610,0,0.18679382400187178
20762,202610,0,0.12858784863846523
20763,202610,0,0.08576197815756093
20764,202610,0,0.1426051382406224
20767,202610,0,0.20504830818768
20769,202610,0,0.09541229598929099
20770,202610,0,0.20860307314545595
20771,202610,0,0.16276414151262392
20773,202610,0,0.09085970685446977
20774,202610,1,0.2738988874720611
20775,202610,0,0.237652709451723
20776,202610,0,0.08354387326708934
20777,202610,0,0.20244267938467403
20778,202610,0,0.07606936136158562
20779,202610,0,0.1433200644199505
20780,202610,1,0.29325637845442676
20781,202610,1,0.1753010491840028
20782,202610,0,0.12708623741221242
20783,202610,0,0.11372523795214434
20784,202610,0,0.076661715379716
20785,202610,1,0.12908426801217496
20786,202610,0,0.18054457769796908
20787,202610,0,0.16875063948389007
20788,202610,0,0.11752129757696962
20789,202610,0,0.07265817998248104
20790,202610,0,0.08049015013990372
20791,202610,0,0.17750736946765047
20792,202610,1,0.2062591356255053
20793,202610,1,0.12618004963057325
20797,202610,0,0.15968868956337326
20800,202610,0,0.25712438046723524
20801,202610,0,0.1388638037738977
20802,202610,0,0.13976443830164326
20804,202610,0,0.1886633276038452
20805,202610,1,0.21962480443286653
20806,202610,0,0.12790731632563654
20807,202610,0,0.2709594870563305
20809,202610,0,0.11493575137825901
20810,202610,0,0.2531229339594893
20812,202610,0,0.4017806664487698
20813,202610,0,0.20239531059234434
20814,202610,0,0.16231137351519095
20815,202610,0,0.1352407330218632
20817,202610,1,0.09898523410863934
20818,202610,0,0.05752616809967255
20819,202610,0,0.21544133168516322
20820,202610,0,0.16916656075004294
20821,202610,0,0.16636901477752586
20823,202610,0,0.1712406155974493
20824,202610,1,0.23707185146556878
20825,202610,0,0.23034790634151472
20826,202610,0,0.19421912040511746
20827,202610,0,0.34488455979922966
20828,202610,0,0.1561317233253119
20829,202610,0,0.12284762326663091
20830,202610,0,0.17845335102345788
20831,202610,0,0.11134535560485874
20832,202610,0,0.18327589203381967
20833,202610,0,0.11798052853268141
20835,202610,0,0.0880613971936625
20836,202610,0,0.11977380754002113
20837,202610,0,0.24818967228755326
20838,202610,0,0.14803847690921673
20840,202610,0,0.10348452660179228
20841,202610,0,0.16275581603072573
20842,202610,0,0.10272393036802721
20843,202610,0,0.09945462210573222
20844,202610,0,0.08782408649885323
20845,202610,0,0.15183927270468237
20848,202610,0,0.2534960984233334
20849,202610,0,0.21244319361754066
20850,202610,0,0.10918742975113602
20851,202610,0,0.16125891140434961
20852,202610,0,0.1551648502768487
20853,202610,0,0.15461394327783876
20854,202610,0,0.14297445876403153
20855,202610,0,0.11292174766682649
20857,202610,0,0.10062825599338625
20859,202610,0,0.18608976696344773
20860,202610,1,0.2045880488450759
20861,202610,0,0.1514801271006632
20862,202610,1,0.25810925211337754
20863,202610,0,0.24320516583397986
20864,202610,0,0.24133461301810705
20865,202610,0,0.0988584282113671
20866,202610,0,0.17296161207740018
20867,202610,0,0.23022776622002167
20868,202610,0,0.21005178997103063
20869,202610,0,0.18390491486103142
20872,202610,0,0.20106204302938188
20873,202610,1,0.18950386212149956
20874,202610,0,0.08048692823588836
20875,202610,0,0.1549982966590022
20876,202610,0,0.14497562612348588
20877,202610,1,0.336990491760325
20878,202610,0,0.1988373188595045
20879,202610,0,0.1677152398239782
20880,202610,0,0.1056851503794613
20881,202610,0,0.19358611139514875
20882,202610,0,0.2737328619860144
20883,202610,0,0.20056849237696006
20884,202610,1,0.12234173759410961
20885,202610,0,0.06088757926294407
20886,202610,0,0.18313807655274106
20887,202610,0,0.10230130822997371
20888,202610,0,0.10303049633864343
20889,202610,0,0.13200075379431347
20891,202610,0,0.14960615459269846
20892,202610,0,0.12038528670286126
20893,202610,0,0.1684058606830925
20894,202610,0,0.3089980069749313
20895,202610,0,0.2393160203113509
20896,202610,0,0.13709800943557018
20897,202610,0,0.06249151183907591
20898,202610,1,0.14783824523261738
20899,202610,0,0.17020806070613684
20900,202610,0,0.2670493007095218
20901,202610,0,0.1153504960649707
20902,202610,0,0.17581907335982086
20903,202610,0,0.07062301026492351
20904,202610,1,0.12732923485823314
20905,202610,0,0.14987106044005644
20906,202610,0,0.21071086157919489
20907,202610,0,0.1535653193891752
20909,202610,1,0.14336111128118798
20910,202610,0,0.26538059943415543
20911,202610,0,0.15091658853626586
20912,202610,0,0.17351102851894515
20913,202610,0,0.11123796795250444
20915,202610,0,0.08380938851150341
20916,202610,0,0.2636728344469974
20917,202610,0,0.27313677022687294
20918,202610,1,0.14818813626836236
20919,202610,1,0.1619666662174827
20920,202610,1,0.19710660286633025
20921,202610,0,0.14013561812843955
20923,202610,1,0.35801061763614195
20924,202610,0,0.11188485893449823
20925,202610,0,0.203453752178983
20926,202610,0,0.17539561568707038
20927,202610,1,0.16247862421004525
20928,202610,0,0.1597446787970552
20929,202610,1,0.2773990980823812
20930,202610,0,0.14480026178274205
20931,202610,0,0.12208975815953824
20932,202610,0,0.16431169124869846
20933,202610,0,0.1646318041545815
20935,202610,0,0.13306371801020914
20937,202610,0,0.11325955449275127
20938,202610,0,0.1867492099364635
20939,202610,1,0.2445126528079508
20940,202610,0,0.19591824594259488
20941,202610,0,0.05655052646847462
20942,202610,1,0.0927954789179368
20943,202610,0,0.11263102686419035
20944,202610,0,0.07869790879187627
20945,202610,0,0.21541104624448168
20946,202610,0,0.15478501281816373
20947,202610,0,0.17183127641338852
20948,202610,1,0.18278987035943628
20949,202610,0,0.14716674990166748
20950,202610,0,0.07965492994433639
20952,202610,0,0.168667021935585
20953,202610,1,0.1304530802716952
20954,202610,0,0.16497734640189723
20955,202610,0,0.12576121947466196
20957,202610,0,0.18289017563429977
20958,202610,0,0.20980035269459876
20959,202610,0,0.22919881151845972
20960,202610,0,0.1715763369464033
20964,202610,1,0.24025037124055001
20965,202610,0,0.24600304178641547
20969,202610,0,0.18606688604131266
20970,202610,1,0.13596423168206662
20971,202610,1,0.2890793545872625
20973,202610,0,0.21853132112954732
20974,202610,1,0.18544922714175513
20975,202610,0,0.11502054127760843
20976,202610,0,0.1944675385734039
20977,202610,0,0.1180415432195378
20979,202610,1,0.15879146878907144
20980,202610,1,0.20050772229969882
20981,202610,0,0.09769879569796641
20982,202610,0,0.21545043870097116
20984,202610,0,0.2013534677028512
20985,202610,0,0.17147822130433926
20987,202610,0,0.21506969136218426
20988,202610,0,0.19147970150145707
20989,202610,0,0.36263783942697125
20990,202610,1,0.27507421573239854
20991,202610,0,0.25497937215728994
20992,202610,1,0.22748312003382665
20994,202610,0,0.12360782194226035
20996,202610,0,0.20060461095417279
20997,202610,0,0.1780477590285395
20998,202610,0,0.17529783140839758
20999,202610,0,0.21647636692962774
21000,202610,0,0.29300237087914305
21002,202610,1,0.21437176883587195
21003,202610,0,0.1684231953890551
21004,202610,0,0.18382361254202573
21005,202610,0,0.16762305808059103
21006,202610,0,0.14172870051842446
21007,202610,1,0.12102914185999923
21008,202610,0,0.10950868108510263
21009,202610,0,0.07077282620515903
21010,202610,0,0.13477052072967827
21011,202610,1,0.270413920623847
21012,202610,0,0.08020040259246476
21013,202610,0,0.257254491181314
21014,202610,0,0.2040800250483541
21016,202610,0,0.17606687583036573
21017,202610,0,0.15502965968194313
21018,202610,0,0.2721099916376003
21020,202610,1,0.1477423352116487
21021,202610,0,0.06832074379622453
21023,202610,0,0.09895865973138022
21024,202610,0,0.16798799173605267
21025,202610,0,0.07847654186950417
21026,202610,1,0.1436035676504729
21027,202610,0,0.22551669138186312
21029,202610,0,0.13900973641103304
21030,202610,0,0.11632529435851137
21031,202610,0,0.07711230531302893
21032,202610,0,0.19992779899677263
21033,202610,0,0.1659940960099637
21034,202610,0,0.1764143440903005
21035,202610,0,0.06432052610180698
21036,202610,0,0.2010734860103766
21037,202610,1,0.24629034225383759
21038,202610,0,0.1379532386330254
21039,202610,0,0.12730701769469763
21040,202610,1,0.21218917389654193
21042,202610,0,0.1655973893522235
21043,202610,1,0.12506274170099316
21044,202610,0,0.08955344300175744
21046,202610,0,0.13302542527210737
21047,202610,0,0.1674892194006447
21048,202610,1,0.09672731730120959
21049,202610,1,0.2106520554197921
21050,202610,0,0.11008137489584119
21051,202610,0,0.2077457538221655
21052,202610,0,0.158432654511082
21054,202610,0,0.06234382820457499
21056,202610,0,0.18640204489884554
21057,202610,0,0.16255939518285056
21058,202610,0,0.16937224864422565
21059,202610,0,0.07197592011124113
21060,202610,0,0.07934525930754008
21061,202610,1,0.2429414702209917
21062,202610,0,0.19108299625757755
21063,202610,0,0.10272495346819063
21065,202610,0,0.17488976894167202
21066,202610,0,0.1381206001561195
21068,202610,0,0.1571785014903907
21070,202610,0,0.14274599095049234
21071,202610,1,0.16969883730539628
21073,202610,0,0.10780989127584563
21074,202610,0,0.1657415769502526
21075,202610,0,0.1281368402886137
21076,202610,0,0.17691053116071928
21077,202610,0,0.20966936749523504
21078,202610,0,0.1065119762193054
21080,202610,0,0.165473807704022
21081,202610,1,0.26831069880795644
21083,202610,0,0.1661665155015041
21084,202610,0,0.08531232329927994
21085,202610,1,0.265153305826425
21087,202610,1,0.27809309401913035
21088,202610,0,0.10629623342187042
21090,202610,0,0.1876269945783236
21091,202610,1,0.13074261347142807
21093,202610,0,0.10437688467662644
21094,202610,0,0.14498321928986257
21095,202610,0,0.1833192964120487
21096,202610,0,0.20180871952602755
21097,202610,0,0.22220311386238992
21098,202610,0,0.13719162689345474
21099,202610,0,0.18540460811923232
21100,202610,1,0.11917228221194845
21101,202610,1,0.10182526144878887
21102,202610,0,0.08402951504109905
21103,202610,0,0.11989831027017793
21104,202610,0,0.11718975718472292
21105,202610,0,0.1611935425789791
21106,202610,0,0.19839386785378976
21107,202610,0,0.21771762258025193
21108,202610,0,0.18071334732775188
21109,202610,0,0.09069653079502807
21110,202610,1,0.09553621830534059
21112,202610,0,0.2874625530182336
21113,202610,0,0.15912560661866143
21114,202610,0,0.06986877369004113
21115,202610,0,0.08109229639701847
21116,202610,0,0.09859703885031891
21117,202610,0,0.17597740443259904
21118,202610,1,0.20932478894587317
21119,202610,0,0.15276573018262107
21120,202610,0,0.10439486694913096
21121,202610,0,0.13614512724962774
21122,202610,1,0.21880586439109603
21125,202610,0,0.20372167742565328
21126,202610,0,0.13185146415634255
21127,202610,0,0.08790394789421464
21128,202610,0,0.12822779519339114
21129,202610,0,0.1636823733092394
21130,202610,0,0.1545152819060459
21131,202610,0,0.1720991159699618
21133,202610,0,0.21341922228266014
21134,202610,0,0.1340249646732401
21135,202610,0,0.15943683812953263
21137,202610,0,0.1000266693718437
21138,202610,0,0.11053880894735818
21139,202610,0,0.058740035567887705
21140,202610,0,0.14660441142331718
21141,202610,0,0.11735748488747347
21142,202610,0,0.15122666352004996
21143,202610,0,0.1560382627328134
21144,202610,0,0.10301350685960772
21146,202610,0,0.12057875676283593
21147,202610,0,0.2007398935271962
21148,202610,1,0.1536687242398137
21149,202610,0,0.1374391490877294
21150,202610,0,0.10163599035376526
21151,202610,1,0.19728149338585427
21152,202610,0,0.29444680133316375
21153,202610,0,0.1834304209423356
21154,202610,1,0.2634814554058946
21155,202610,0,0.10743373117754694
21156,202610,1,0.13848148525705653
21157,202610,1,0.22112595396827042
21158,202610,0,0.10067568654657566
21159,202610,0,0.17894809966202005
21160,202610,1,0.33544749758558295
21161,202610,0,0.18531931732679283
21162,202610,0,0.13019079930227886
21163,202610,0,0.09585384239046628
21166,202610,0,0.10800148007333714
21167,202610,0,0.22448906595317547
21168,202610,1,0.2922425547445425
21169,202610,0,0.22970594764324226
21171,202610,1,0.12180728668181005
21172,202610,0,0.25066107410809707
21173,202610,0,0.1121595724172795
21174,202610,0,0.17615312761507274
21175,202610,1,0.19209872610146458
21177,202610,0,0.18496936011305717
21178,202610,0,0.17076463812802625
21180,202610,0,0.2571732903241287
21181,202610,0,0.10200751602369822
21182,202610,0,0.06268482900136581
21183,202610,0,0.17465454228584773
21184,202610,0,0.16681303187052443
21185,202610,0,0.1805844888157148
21186,202610,0,0.1227504354182157
21187,202610,0,0.18919158780688183
21188,202610,0,0.1804573158076365
21189,202610,0,0.1312955421249791
21192,202610,0,0.19609619418445953
21193,202610,0,0.18216689740940378
21194,202610,1,0.11214113414547047
21196,202610,0,0.08746517206131212
21197,202610,1,0.14289344434019371
21198,202610,0,0.20363078908944307
21199,202610,0,0.1378930061660379
21200,202610,0,0.19149386802887564
21201,202610,0,0.22499857186690853
21202,202610,1,0.12085295148905982
21203,202610,1,0.13384104930732438
21204,202610,0,0.18974059809812666
21205,202610,1,0.2246098508766578
21206,202610,0,0.16534598026823824
21207,202610,0,0.11840985623109487
21208,202610,0,0.21613682734565315
21209,202610,1,0.3609821588783784
21210,202610,0,0.16174163332872935
21211,202610,0,0.06370618092825453
21212,202610,0,0.11053988303275325
21213,202610,0,0.10421542170308917
21214,202610,0,0.15993226412759334
21216,202610,0,0.19339425785025757
21217,202610,0,0.09181692258089894
21218,202610,0,0.12144417815589248
21219,202610,0,0.1982296706483429
21220,202610,0,0.08941640958703558
21221,202610,0,0.17553593811155563
21222,202610,1,0.20624340526678248
21223,202610,0,0.27629471058634103
21224,202610,0,0.22246298478193297
21225,202610,0,0.21324197625116428
21226,202610,0,0.283482912776162
21227,202610,0,0.11942641667541098
21229,202610,0,0.07181466782895549
21230,202610,0,0.07755206527451154
21231,202610,0,0.1964835180074869
21232,202610,0,0.21098346894180792
21233,202610,0,0.1220177975866668
21234,202610,0,0.26914526112464354
21235,202610,0,0.20139378931166382
21237,202610,0,0.08689269707543304
21238,202610,0,0.2329676714740866
21239,202610,1,0.1684398191767035
21240,202610,0,0.14648101040330042
21243,202610,0,0.2033447918378466
21244,202610,0,0.1121111927978912
21245,202610,0,0.2114429192055602
21246,202610,0,0.21899068852050876
21247,202610,0,0.15124354059927755
21248,202610,0,0.20505737144933378
21251,202610,0,0.12405928124825949
21252,202610,0,0.13060006828311094
21253,202610,0,0.2333408948408158
21254,202610,0,0.11393235707323673
21255,202610,0,0.2007236184924975
21256,202610,0,0.11466260151623558
21257,202610,0,0.1581416220656189
21258,202610,0,0.19878367042747536
21259,202610,0,0.3234510161323481
21260,202610,0,0.19130089685360696
21262,202610,0,0.15826283502425995
21263,202610,0,0.2187752220649715
21264,202610,0,0.2367598826618826
21265,202610,0,0.08604815444684981
21266,202610,0,0.16506144446245757
21267,202610,1,0.26083966245085455
21268,202610,0,0.08509865143217778
21269,202610,0,0.07324517972906024
21270,202610,1,0.11051041431633826
21271,202610,0,0.2964015121953258
21272,202610,0,0.2048641611091759
21273,202610,0,0.19534464829472226
21274,202610,0,0.1337147241014552
21275,202610,1,0.2056328123331915
21276,202610,0,0.10961152326571849
21279,202610,0,0.1293453483278814
21280,202610,0,0.1180344507641771
21281,202610,0,0.11878804951304828
21283,202610,0,0.19408304307139998
21284,202610,1,0.19439178701314833
21285,202610,0,0.11940413290296295
21286,202610,1,0.16931457630016292
21288,202610,0,0.13977295797306996
21289,202610,0,0.19161295618873625
21291,202610,0,0.1361044659374085
21292,202610,0,0.07833141094624729
21294,202610,0,0.270655465490483
21296,202610,0,0.12868395864919321
21299,202610,0,0.12971058342816982
21300,202610,0,0.1418905754151368
21301,202610,0,0.24443779705568353
21304,202610,0,0.09841603947881568
21305,202610,0,0.21712250058477406
21306,202610,0,0.11787664897539865
21307,202610,0,0.12854967010111903
21309,202610,0,0.19238824857836787
21311,202610,1,0.17292110576121136
21312,202610,0,0.1324548731237974
21314,202610,0,0.13496561319718037
21315,202610,0,0.2164812904873614
21316,202610,0,0.11192255208132641
21317,202610,0,0.07831853537727634
21318,202610,0,0.11271292346404774
21319,202610,0,0.18027192355480792
21320,202610,0,0.18669751724877048
21321,202610,0,0.15286883370320242
21322,202610,0,0.20681623846315067
21323,202610,0,0.20575773856251336
21324,202610,0,0.09515719340189344
21325,202610,1,0.17835281226898628
21326,202610,0,0.263385888968576
21327,202610,0,0.16683548646205834
21328,202610,0,0.21169052240777217
21329,202610,1,0.18322244929237155
21330,202610,0,0.09052116622850837
21331,202610,0,0.11240191600574978
21332,202610,0,0.18394275012745492
21333,202610,0,0.1821070750252636
21334,202610,0,0.1500968921676686
21335,202610,0,0.11396877311160111
21338,202610,1,0.23056269676910324
21339,202610,0,0.1046824496210267
21340,202610,0,0.07211013313705421
21341,202610,0,0.23243159687325257
21342,202610,0,0.08205844294647273
21343,202610,0,0.4358224295890864
21344,202610,0,0.19373487249972834
21345,202610,0,0.3152382174050191
21346,202610,0,0.27960882180022295
21347,202610,0,0.13587072477396323
21348,202610,0,0.05440306477822299
21349,202610,0,0.17936784018661367
21350,202610,0,0.10339262728181052
21351,202610,0,0.14919224209980583
21352,202610,0,0.08563346325351602
21355,202610,0,0.08539455970832942
21356,202610,0,0.14317300281534967
21358,202610,1,0.17078565011545105
21359,202610,0,0.23367140425419572
21361,202610,0,0.15473885857212252
21362,202610,0,0.1640901364182306
21363,202610,1,0.2508587621833424
21364,202610,0,0.14090791696198926
21365,202610,1,0.14563790428454632
21366,202610,0,0.15567040602249133
21367,202610,0,0.20328520391842247
21368,202610,0,0.17319842918183911
21369,202610,1,0.1828345673812089
21370,202610,1,0.11174077196373132
21372,202610,0,0.32178018214027077
21373,202610,1,0.1890849878225989
21374,202610,0,0.18501181264607555
21376,202610,0,0.16219718485719742
21377,202610,0,0.14776198437554314
21379,202610,0,0.08809593101969038
21380,202610,0,0.09561274693867322
21381,202610,1,0.1742690081412777
21382,202610,0,0.13847995055067844
21383,202610,0,0.15207025421237752
21384,202610,1,0.15947655371445005
21385,202610,0,0.18285567635748357
21386,202610,1,0.09352079271268642
21387,202610,1,0.250823304454567
21388,202610,0,0.22766692899278304
21389,202610,1,0.21103666838459
21390,202610,1,0.27054636662584924
21391,202610,0,0.20765824116141762
21393,202610,0,0.15365233197337388
21394,202610,0,0.213906074071694
21395,202610,0,0.10939903971632156
21396,202610,1,0.1692058544832096
21398,202610,0,0.18778200751670346
21399,202610,0,0.08688551059492709
21400,202610,0,0.1911802435975544
21401,202610,0,0.1200979873405281
21402,202610,0,0.20162698423894956
21403,202610,0,0.21080083050317674
21404,202610,0,0.049553489653715206
21405,202610,1,0.1618695956884757
21406,202610,0,0.17540629476045205
21407,202610,1,0.10608364600239799
21408,202610,1,0.1181423328176538
21409,202610,0,0.11381469632035271
21410,202610,0,0.19503198525707185
21412,202610,0,0.16754154570276616
21413,202610,0,0.07439013934397026
21414,202610,0,0.16320570797490663
21415,202610,0,0.0939170214264659
21416,202610,1,0.12192509973003668
21417,202610,0,0.06713785559734829
21418,202610,0,0.21226034079547737
21419,202610,0,0.06135147378939249
21420,202610,0,0.1470151347837643
21421,202610,0,0.2517201670517728
21422,202610,0,0.10478514879141104
21423,202610,0,0.09069559737548766
21424,202610,1,0.08898011910127689
21425,202610,0,0.1352795962550219
21426,202610,0,0.2242039679302098
21429,202610,0,0.06861949277538369
21430,202610,1,0.23899239190046798
21432,202610,0,0.17367162620088986
21433,202610,0,0.1475961107330742
21434,202610,0,0.1315605469390396
21435,202610,0,0.1871559036711154
21436,202610,0,0.07684196508504736
21437,202610,0,0.18586943109610524
21438,202610,0,0.1039433815168338
21440,202610,0,0.19446461189931855
21443,202610,0,0.21963892268984633
21444,202610,1,0.22419595464775488
21445,202610,0,0.1442774554412598
21446,202610,0,0.13535757759826927
21447,202610,0,0.14941533123310582
21448,202610,0,0.14431184350463339
21449,202610,0,0.1498488282094178
21450,202610,0,0.07597854199180025
21451,202610,0,0.17555913269744602
21452,202610,0,0.18465277680523107
21453,202610,0,0.18875740063253596
21455,202610,0,0.14726395753539967
21456,202610,0,0.12897718471660496
21457,202610,1,0.15611301357252386
21458,202610,0,0.08884584471317238
21459,202610,0,0.14846411233817983
21460,202610,1,0.16092513247633297
21461,202610,0,0.18385126384445943
21463,202610,0,0.15883438067552114
21464,202610,0,0.3640251710557563
21465,202610,0,0.21748031190266284
21466,202610,0,0.1077192103490276
21468,202610,0,0.12944542946933044
21469,202610,1,0.12017596981606546
21470,202610,0,0.08284990925304794
21472,202610,1,0.29946640852446776
21473,202610,0,0.18802630051867586
21474,202610,0,0.18088879527033208
21476,202610,0,0.1621980643776122
21477,202610,0,0.21208744538540383
21478,202610,0,0.15280553568732455
21479,202610,0,0.19823529866468526
21481,202610,0,0.2281485219255766
21482,202610,0,0.14370615276086696
21483,202610,1,0.28208156289865177
21484,202610,1,0.12636019167808077
21486,202610,0,0.15122573533689512
21487,202610,0,0.11687750535623836
21488,202610,0,0.12279230016048624
21489,202610,0,0.09973867979664139
21490,202610,0,0.16887285110625122
21491,202610,0,0.19157464219950113
21492,202610,0,0.22760249835433097
21493,202610,0,0.26937342968601374
21495,202610,0,0.22726387262776274
21498,202610,0,0.21307676343505982
21499,202610,0,0.1767534822415745
21500,202610,0,0.1344958504897598
21501,202610,1,0.19606955281905977
21503,202610,0,0.20267570882124872
21504,202610,0,0.1812198753545249
21506,202610,0,0.1427633321071169
21507,202610,0,0.16686017856578836
21508,202610,1,0.19093628340665666
21509,202610,0,0.16135549469641428
21511,202610,0,0.07027695366515053
21513,202610,0,0.1846263423271653
21514,202610,0,0.07192066548966453
21515,202610,0,0.2003691630756216
21516,202610,0,0.11764386619875171
21517,202610,0,0.07678002300619129
21518,202610,0,0.18166359385161387
21519,202610,0,0.07851147942424452
21520,202610,0,0.17394049032809242
21521,202610,0,0.18013065975062287
21522,202610,0,0.2806643372893914
21525,202610,0,0.137876409501605
21526,202610,0,0.16419480259039443
21527,202610,0,0.17072833644987773
21528,202610,1,0.15873128838929035
21529,202610,0,0.19443554695765672
21530,202610,0,0.11714539913369462
21531,202610,0,0.27330232525200127
21532,202610,0,0.18277224424634303
21533,202610,0,0.11437697761878857
21534,202610,0,0.20555271782627174
21535,202610,1,0.14571043951908494
21537,202610,0,0.13110446074678475
21538,202610,0,0.10999101188790388
21539,202610,1,0.3699878490356763
21540,202610,0,0.1394186784867437
21541,202610,1,0.26234065654910654
21542,202610,0,0.08391967660687928
21543,202610,0,0.18862009739405086
21544,202610,0,0.18259000517843482
21545,202610,0,0.06816686865880325
21547,202610,0,0.10553911307369838
21548,202610,0,0.12677363636705044
21550,202610,1,0.18606773052494674
21551,202610,0,0.1037895962546773
21552,202610,0,0.14980157467983368
21554,202610,0,0.22979393414891808
21556,202610,0,0.10143623838922305
21557,202610,0,0.12606486342756254
21558,202610,0,0.10291826902793777
21559,202610,0,0.22294585904536002
21560,202610,0,0.08328004970681392
21561,202610,1,0.15040121425334416
21563,202610,0,0.13474039266647156
21567,202610,0,0.18518228550529567
21568,202610,0,0.15966080658637768
21570,202610,0,0.13555173187517616
21571,202610,0,0.13964050675392337
21573,202610,1,0.2300741372576712
21574,202610,0,0.23291245230730298
21575,202610,0,0.14934675777568962
21576,202610,0,0.27629027017954705
21577,202610,0,0.06950432767010226
21578,202610,1,0.2052970776835234
21579,202610,0,0.11827599344583757
21580,202610,0,0.0878108197862874
21581,202610,0,0.14130592485470603
21582,202610,0,0.11392774137174573
21583,202610,1,0.15615600600036403
21586,202610,0,0.24100861843409888
21587,202610,0,0.15166063793548284
21588,202610,0,0.15021249083887514
21589,202610,0,0.16175709571078267
21590,202610,0,0.15721338031030346
21591,202610,1,0.17390374656226684
21592,202610,0,0.17903736207899965
21593,202610,0,0.2004356347909946
21594,202610,0,0.23431425871837935
21595,202610,0,0.1262146314322506
21596,202610,0,0.16562641734496966
21597,202610,0,0.08838380790889477
21598,202610,1,0.27506110764526576
21599,202610,0,0.18913673919554275
21600,202610,0,0.0555827796158494
21602,202610,1,0.26509978181281707
21603,202610,0,0.22014058913995052
21604,202610,0,0.0826237567844396
21605,202610,0,0.15584092460792182
21606,202610,0,0.23259551235617484
21607,202610,0,0.1961930539841812
21608,202610,0,0.1851532868491243
21611,202610,0,0.09389140975809317
21612,202610,0,0.2402846858058426
21613,202610,0,0.18980887380442402
21614,202610,0,0.16350417771588902
21615,202610,1,0.17948027326949242
21616,202610,1,0.13887441149763852
21617,202610,0,0.17021991677638534
21618,202610,0,0.13287668658561275
21619,202610,1,0.1570681072526446
21620,202610,1,0.09537350241458702
21621,202610,0,0.15363570551513508
21622,202610,0,0.22429102814239335
21623,202610,0,0.199224622178841
21624,202610,0,0.1306785001578292
21625,202610,0,0.2959027431082008
21626,202610,0,0.14122187140009523
21627,202610,0,0.16787922803220023
21628,202610,0,0.19946873321947411
21629,202610,1,0.14919437872742186
21632,202610,1,0.22945172535834515
21633,202610,0,0.10324037298359696
21634,202610,0,0.13246335199998577
21636,202610,0,0.16123552946999664
21637,202610,0,0.21822666541291794
21638,202610,0,0.1784214634517186
21641,202610,0,0.15320189475231172
21642,202610,0,0.2045597744337055
21643,202610,0,0.17721788267914312
21644,202610,1,0.17535428718020038
21645,202610,0,0.0802283069648824
21646,202610,0,0.08329060097203017
21647,202610,1,0.19358021388443536
21648,202610,1,0.21059748943517234
21649,202610,0,0.17587313336000332
21650,202610,0,0.14263920324324747
21651,202610,0,0.08255301325582652
21652,202610,0,0.16848374872583274
21653,202610,0,0.149181581560815
21654,202610,0,0.19354731745568682
21655,202610,1,0.2087523285746451
21657,202610,1,0.2139084382221925
21659,202610,0,0.14672801394220708
21660,202610,0,0.04169127565184319
21661,202610,0,0.15897695396241415
21662,202610,1,0.21039868850988347
21664,202610,0,0.18104189208271212
21665,202610,0,0.12083505224212596
21666,202610,0,0.3314032755806375
21669,202610,0,0.1824607912682446
21671,202610,0,0.16217266892116627
21672,202610,1,0.15155818659190715
21673,202610,0,0.23103293789943047
21675,202610,0,0.1345704404597317
21676,202610,0,0.15953982528939353
21677,202610,0,0.10116458826384488
21678,202610,0,0.19453772551953796
21679,202610,1,0.18690584254309728
21680,202610,0,0.14090181969770632
21681,202610,0,0.19887312814071056
21683,202610,0,0.09119698767491494
21684,202610,0,0.11671730946180182
21685,202610,0,0.07486136685371218
21686,202610,0,0.18706515859505105
21687,202610,1,0.18347825183425495
21688,202610,0,0.15544135369485232
21689,202610,0,0.15578662646099886
21690,202610,0,0.19975080466349815
21691,202610,1,0.2355713568759031
21692,202610,0,0.12432319002321687
21693,202610,0,0.1703763794798673
21694,202610,0,0.0785737739909524
21695,202610,0,0.13503025483696007
21696,202610,0,0.12156947693135682
21697,202610,0,0.1675794615064072
21698,202610,0,0.2006055904542482
21699,202610,0,0.14922017061188927
21700,202610,0,0.18377371328348202
21702,202610,1,0.1910618078610131
21703,202610,1,0.15017464878554643
21704,202610,1,0.1822549702841464
21705,202610,0,0.13175450531956015
21707,202610,0,0.18390874879158384
21709,202610,0,0.12647837253528438
21710,202610,0,0.17448155391719783
21711,202610,0,0.27030678449387846
21714,202610,0,0.18111025829694263
21715,202610,0,0.23546327615862406
21716,202610,0,0.1573664167584639
21717,202610,1,0.1486378301732599
21719,202610,0,0.19010642769504404
21720,202610,0,0.20754050966510804
21721,202610,0,0.22441827160898511
21723,202610,0,0.21628218369885355
21724,202610,0,0.157919343415129
21726,202610,1,0.16174114110231763
21727,202610,0,0.2306412305126737
21728,202610,0,0.08883571619755451
21729,202610,0,0.14828016562154844
21730,202610,0,0.09451403371214603
21731,202610,0,0.23567280587576495
21732,202610,0,0.12895064373758214
21733,202610,0,0.15512955680303953
21734,202610,0,0.1616663138169041
21735,202610,0,0.1833065729214445
21736,202610,0,0.14615466850181258
21737,202610,0,0.15424791718983508
21738,202610,0,0.21126295540976348
21739,202610,0,0.17353173900194152
21740,202610,1,0.14207512025245925
21741,202610,0,0.22097503834276142
21742,202610,0,0.1377219154882034
21743,202610,0,0.13928274521182207
21744,202610,1,0.10420883914892708
21745,202610,0,0.18522405669685924
21746,202610,0,0.07758130677905001
21747,202610,0,0.1675969508992804
21749,202610,0,0.10429709056614019
21750,202610,0,0.09036311204564665
21751,202610,0,0.18647072006307125
21753,202610,1,0.30594719569649675
21754,202610,0,0.15101795745587754
21756,202610,0,0.2101572195024068
21757,202610,0,0.20529658681272883
21758,202610,0,0.17159054743070956
21759,202610,1,0.10149505630137134
21760,202610,0,0.11824541693362213
21761,202610,1,0.18012652957661532
21763,202610,1,0.2442501822307481
21764,202610,1,0.13520871965157016
21765,202610,0,0.14123327655118548
21767,202610,0,0.1084174329978915
21768,202610,0,0.09107344574544382
21769,202610,0,0.20881830610191532
21770,202610,0,0.14632535184433582
21771,202610,0,0.119827320195825
21772,202610,0,0.1996733020387851
21773,202610,0,0.17844596482391034
21774,202610,0,0.14784500563024586
21775,202610,0,0.10131125508717523
21777,202610,0,0.36547844661850876
21778,202610,0,0.2281610440793489
21779,202610,0,0.09760096006162447
21780,202610,0,0.13873864973871883
21781,202610,0,0.14311589384958442
21782,202610,0,0.18089540283980296
21783,202610,0,0.2727208920251741
21785,202610,1,0.3647803389100733
21786,202610,1,0.10223430993240033
21790,202610,0,0.1550490832057032
21791,202610,0,0.20860305146770833
21792,202610,0,0.15789401846488565
21793,202610,0,0.2193026520605107
21794,202610,0,0.1627463521816226
21795,202610,0,0.1845563558700413
21796,202610,0,0.060170968778838936
21797,202610,1,0.12151818937794773
21798,202610,0,0.18604510288629686
21799,202610,0,0.12681545961922572
21800,202610,0,0.14821263948525493
21801,202610,0,0.12870361979853207
21802,202610,0,0.14949339206338785
21803,202610,0,0.1605951212422201
21804,202610,0,0.1916608393771176
21805,202610,0,0.11515242339470813
21806,202610,0,0.17438461845422895
21807,202610,0,0.20838669307791916
21808,202610,0,0.18202375554077027
21810,202610,0,0.16519279147426658
21812,202610,0,0.09111912349343582
21813,202610,0,0.09346713167063617
21814,202610,1,0.1782923870190197
21815,202610,1,0.2970397821088539
21816,202610,0,0.2235323048121067
21817,202610,0,0.09818516418691872
21818,202610,1,0.21382793084990728
21819,202610,0,0.14617565054993173
21820,202610,0,0.19418382297188
21821,202610,0,0.07559211029617871
21823,202610,0,0.17222420736900246
21825,202610,0,0.25733998557410165
21826,202610,0,0.18203874590792937
21827,202610,0,0.11714088253154036
21828,202610,0,0.13990991670049135
21829,202610,0,0.10234696414438503
21830,202610,1,0.2148512967058326
21831,202610,0,0.1794876282210907
21832,202610,1,0.0621482261536335
21833,202610,0,0.10953698335385026
21835,202610,0,0.17609425126625575
21836,202610,0,0.22348091323828537
21837,202610,0,0.1556962091602897
21838,202610,0,0.18037148757204108
21839,202610,0,0.18946558975522276
21840,202610,0,0.11399136471338435
21842,202610,0,0.16283875164473344
21844,202610,0,0.18043607343400053
21845,202610,1,0.21206427238315723
21846,202610,0,0.11756321459777351
21847,202610,0,0.10328865930888541
21848,202610,0,0.18916971932294982
21849,202610,1,0.10366652520101846
21850,202610,1,0.3254235518343375
21851,202610,0,0.11925699234823514
21852,202610,0,0.2641071190290767
21853,202610,0,0.24048153094822491
21854,202610,1,0.09932244699067125
21855,202610,0,0.07732415403857562
21856,202610,0,0.2134459679561879
21859,202610,0,0.10923667947654289
21860,202610,1,0.3100959769595346
21861,202610,0,0.1394818609904673
21862,202610,0,0.09963228551122878
21863,202610,1,0.18535278809266703
21864,202610,0,0.1059956684835022
21865,202610,0,0.14626110465422912
21866,202610,0,0.22373514353687735
21867,202610,0,0.18829312761487654
21868,202610,0,0.19273407764658146
21869,202610,0,0.15759126907950843
21870,202610,0,0.07936527209269342
21871,202610,0,0.2699483000826387
21872,202610,0,0.08638574531161508
21873,202610,0,0.18553712395137664
21874,202610,0,0.08910321044165627
21875,202610,1,0.11888089681199723
21876,202610,0,0.10449331997483707
21877,202610,0,0.21165977515523152
21879,202610,0,0.19829705747704385
21880,202610,1,0.23317793210500767
21882,202610,0,0.24392559083576384
21885,202610,0,0.14604599377233804
21886,202610,0,0.07802744210992779
21887,202610,0,0.09362197765643175
21888,202610,0,0.2566412055031833
21889,202610,0,0.1752766540704809
21890,202610,0,0.17052157012981253
21891,202610,0,0.15492718135566266
21892,202610,0,0.1600314605127555
21893,202610,0,0.19268109396475702
21894,202610,0,0.14496071151884263
21895,202610,0,0.1529005616513516
21896,202610,0,0.21217752581282537
21897,202610,1,0.1931279055698098
21898,202610,0,0.16752966889719786
21899,202610,0,0.20950743631298083
21900,202610,0,0.1217250976424484
21901,202610,0,0.10928092256866724
21902,202610,0,0.21797924386823841
21903,202610,0,0.15453456557450412
21904,202610,1,0.09436698520341211
21905,202610,0,0.16699287887852376
21906,202610,0,0.20043807845954667
21907,202610,1,0.29184349591901293
21908,202610,0,0.1521520848080788
21909,202610,0,0.43130402095182213
21910,202610,0,0.1978998202422913
21911,202610,0,0.09994828888535237
21913,202610,0,0.18891165260068457
21914,202610,0,0.11585428711807277
21915,202610,1,0.10508675676594137
21916,202610,0,0.10658321082254084
21917,202610,1,0.23925686281946942
21918,202610,0,0.061867966698168894
21919,202610,0,0.09655116692429039
21921,202610,0,0.19860779556594743
21922,202610,0,0.07077301045441953
21923,202610,0,0.14462258808638542
21925,202610,0,0.10922248047988167
21926,202610,0,0.21078973261365755
21927,202610,0,0.19739589072573296
21928,202610,0,0.15036874576998002
21929,202610,1,0.24144081964085226
21930,202610,0,0.12607647423590523
21931,202610,0,0.09952329045285574
21934,202610,0,0.12168600585955022
21935,202610,0,0.13335082467252837
21936,202610,0,0.40565227729529624
21937,202610,0,0.12102335930356092
21938,202610,0,0.25750978027984883
21939,202610,0,0.34002115859019866
21940,202610,0,0.274645577442684
21941,202610,0,0.0983047050434991
21942,202610,0,0.17337368714137147
21943,202610,0,0.2782433271377694
21945,202610,0,0.1481707685590854
21946,202610,0,0.0904727089754001
21947,202610,0,0.23389022863116488
21948,202610,0,0.15010168199529544
21949,202610,1,0.218116000354864
21951,202610,1,0.12439248736128329
21952,202610,0,0.08523860941048084
21953,202610,0,0.21235377731924454
21954,202610,1,0.23783974713708897
21957,202610,0,0.10275482099685455
21958,202610,0,0.06302782069014277
21959,202610,0,0.14373664317838594
21960,202610,1,0.2325757750982623
21961,202610,0,0.09212973457980034
21962,202610,0,0.19954523080886893
21963,202610,0,0.07884365591988456
21964,202610,0,0.24115074477959528
21965,202610,1,0.3290853892842251
21966,202610,1,0.32701097018719555
21967,202610,0,0.21352729231229173
21969,202610,0,0.10442874763172288
21970,202610,0,0.15077851799619632
21971,202610,0,0.051571517477960085
21973,202610,0,0.21819553036916325
21974,202610,0,0.11842236622708022
21976,202610,1,0.1901360675094317
21978,202610,0,0.22302816984285787
21979,202610,1,0.21931737085121675
21980,202610,0,0.1290322012059051
21981,202610,0,0.06769891891863958
21982,202610,0,0.25663600606009107
21983,202610,0,0.10114023215988385
21984,202610,0,0.08218544622641018
21985,202610,0,0.14007552675835838
21986,202610,0,0.17956732789702937
21987,202610,0,0.09948612576435682
21988,202610,1,0.19049869809328449
21990,202610,0,0.18413739309582866
21991,202610,0,0.12696490893875473
21992,202610,0,0.12613113788338207
21994,202610,0,0.134544388736645
21995,202610,0,0.10737508683716417
21996,202610,0,0.07788967389942592
21997,202610,0,0.14276253023914276
21998,202610,0,0.22038838032466967
21999,202610,0,0.17358749239682397
22002,202610,0,0.08981080195692685
22004,202610,0,0.16342952992989462
22005,202610,0,0.26368018762895995
22006,202610,0,0.14647542135771485
22007,202610,0,0.1663934066190729
22008,202610,0,0.1506997234239202
22009,202610,0,0.09700410093414813
22010,202610,0,0.3052313733052307
22011,202610,0,0.21676467822692985
22012,202610,0,0.23466040464978652
22013,202610,0,0.09515033053246999
22014,202610,0,0.19459511334191845
22015,202610,0,0.08596499030572981
22016,202610,0,0.1088718525147252
22017,202610,0,0.08275744667673048
22018,202610,1,0.15790028184834662
22019,202610,0,0.20700673931906263
22020,202610,0,0.22127727159964025
22021,202610,0,0.05353528673189905
22022,202610,0,0.08186520616538982
22023,202610,0,0.14208810070389483
22024,202610,0,0.4021335802288048
22025,202610,0,0.20432277534031001
22026,202610,1,0.1792166214582874
22027,202610,0,0.20506319648435947
22028,202610,0,0.05586046088097266
22029,202610,0,0.26076670031378363
22030,202610,0,0.12238379904881727
22031,202610,0,0.2712814917656482
22032,202610,0,0.08228605834601793
22033,202610,0,0.18173342961703198
22034,202610,0,0.22849766136259006
22035,202610,0,0.17081704046628438
22036,202610,0,0.1575666638978365
22037,202610,1,0.14976368679676513
22038,202610,0,0.06318393578812968
22039,202610,0,0.19263205577471157
22040,202610,1,0.13709206012577688
22041,202610,0,0.202868815343716
22042,202610,0,0.19703924329867
22043,202610,1,0.1860318326388808
22044,202610,0,0.1486354668355812
22045,202610,0,0.15080918645518945
22046,202610,0,0.14748477186822753
22047,202610,1,0.2574749452149961
22048,202610,0,0.32169306103377154
22049,202610,0,0.07456979506258735
22050,202610,0,0.13910719967110335
22051,202610,0,0.14449474805449475
22052,202610,0,0.08940087871267263
22053,202610,0,0.16272315860508393
22054,202610,0,0.18995042473675092
22055,202610,0,0.17082260368941432
22056,202610,0,0.11201766971476092
22057,202610,0,0.25950902592219727
22058,202610,0,0.21463292645663148
22059,202610,0,0.15537679958008876
22060,202610,1,0.17428637726491286
22061,202610,0,0.08428302818112218
22062,202610,0,0.17747373449215767
22063,202610,1,0.19099318837126641
22064,202610,1,0.09964245313625496
22065,202610,0,0.14848975000781575
22066,202610,0,0.12405671103808694
22067,202610,0,0.10442617599019233
22068,202610,0,0.18650049276696495
22069,202610,0,0.15747160553312167
22070,202610,1,0.10714423730467114
22071,202610,1,0.2302256031529223
22072,202610,0,0.15124821429209737
22073,202610,1,0.258355162889394
22074,202610,0,0.24655418550235617
22075,202610,1,0.3772535625934469
22076,202610,0,0.20564654299702345
22077,202610,0,0.09076884262404258
22078,202610,0,0.14066517232330228
22079,202610,0,0.23422511774416657
22080,202610,0,0.17841471704915762
22081,202610,1,0.14902491291254874
22082,202610,0,0.07715283711340759
22083,202610,0,0.20982545115971418
22084,202610,0,0.09807012148807052
22085,202610,0,0.17965949576391252
22086,202610,0,0.1639733251645296
22087,202610,1,0.07433422131212256
22088,202610,1,0.23056262676702002
22089,202610,1,0.21992124315975467
22090,202610,0,0.21928569404901208
22091,202610,0,0.18256735720274395
22092,202610,0,0.15030644310791652
22093,202610,0,0.1314089231620018
22094,202610,0,0.11737322168421395
22095,202610,0,0.0840911706275418
22096,202610,1,0.23677024336076857
22097,202610,0,0.06963720430414236
22098,202610,0,0.13502739933905544
22099,202610,0,0.08938367064088043
22100,202610,0,0.08563303261020538
22101,202610,0,0.22176920555618185
22102,202610,0,0.3440287435437158
22103,202610,0,0.16234043664883896
22104,202610,0,0.11338269483140832
22105,202610,1,0.19534967911967263
22106,202610,0,0.1219257977514344
22107,202610,0,0.16308044803739477
22108,202610,1,0.23804696690850577
22109,202610,0,0.13763279320416136
22110,202610,1,0.25923155722064745
22111,202610,0,0.10699388720039042
22112,202610,0,0.16445478976811623
22113,202610,1,0.22344826738309428
22114,202610,0,0.2257069544186564
22115,202610,1,0.23131483658756888
22116,202610,0,0.08499544186169034
22117,202610,1,0.056900736272486596
22118,202610,1,0.16686806884118255
22119,202610,1,0.09590108052465572
22120,202610,1,0.24410348840316012
22121,202610,0,0.15714962834593418
22122,202610,1,0.08772512144013782
22123,202610,0,0.05236330041264729
22124,202610,0,0.1188962691991119
22125,202610,0,0.13274361769106907
22126,202610,0,0.22639187627472332
22127,202610,0,0.12147702270868994
22128,202610,0,0.12449183286134563
22129,202610,0,0.12378562708265003
22130,202610,0,0.15991958851739543
22131,202610,0,0.2381703039315963
22132,202610,0,0.09675770720150215
22133,202610,1,0.11609887111765169
22134,202610,0,0.24745700626289943
22135,202610,0,0.17858372422987356
22136,202610,0,0.22886597323600802
22137,202610,0,0.19211654268028616
22138,202610,1,0.1931989361283981
22139,202610,1,0.32311605334201016
22140,202610,0,0.16797402993808064
22141,202610,0,0.1816487855909549
22142,202610,0,0.12858503576657426
22143,202610,0,0.17123666993995337
22144,202610,0,0.14949103182734513
22145,202610,1,0.09641441727656565
22146,202610,0,0.11188972658865474
22147,202610,0,0.13375052756997763
22148,202610,0,0.24127265767499412
22149,202610,0,0.11011085605793526
22150,202610,1,0.07854741044039004
22151,202610,0,0.1620237011674084
22152,202610,0,0.17140058795808874
22153,202610,0,0.17988286507069087
22154,202610,0,0.16036183618771352
22155,202610,0,0.14390489517676222
22156,202610,0,0.2237112958882949
22157,202610,1,0.1757918584055684
22158,202610,0,0.1718772492266396
22159,202610,0,0.22739051600497592
22160,202610,0,0.18137266653508444
22161,202610,0,0.17192492722844066
22162,202610,0,0.07732737357856845
22163,202610,0,0.09835854920119518
22164,202610,0,0.18530043633090787
22165,202610,1,0.12173483120220727
22166,202610,0,0.07033455333133588
22167,202610,0,0.09052838792606566
22168,202610,0,0.24296205442323068
22169,202610,0,0.19305443566499406
22170,202610,1,0.08073788659799576
22171,202610,1,0.2984471758134844
22172,202610,0,0.22162569415569708
22173,202610,0,0.1619536096421377
22174,202610,0,0.25529968669821773
22175,202610,0,0.14255750057932406
22176,202610,0,0.0793729204020632
22177,202610,0,0.12100106968674808
22178,202610,0,0.3006943048655036
22179,202610,0,0.16707002027034046
22180,202610,0,0.21535448037023536
22181,202610,0,0.17388837019088896
22182,202610,0,0.11762794240800334
22183,202610,0,0.06035807375905899
22184,202610,0,0.15667239714782705
22185,202610,1,0.1882697639390504
22186,202610,0,0.22871994030497264
22187,202610,0,0.21546712751449992
22188,202610,0,0.2753196135284788
22189,202610,1,0.2476824902318742
22190,202610,0,0.2074483027341412
22191,202610,1,0.1798460662078175
22192,202610,0,0.15473143187141353
22193,202610,0,0.11571879886278208
22194,202610,0,0.14023373861191837
22195,202610,0,0.27373029827125894
22196,202610,0,0.09394560016811324
22197,202610,0,0.18446078840415836
22198,202610,0,0.07131599533281406
22199,202610,0,0.22883660873051379
22200,202610,0,0.19389859328261083
22201,202610,0,0.08241779750718044
22202,202610,0,0.2880423247794435
22203,202610,0,0.11129870147577817
22204,202610,0,0.17189896104133007
22205,202610,0,0.11746669282711278
22206,202610,0,0.09433980298277521
22207,202610,0,0.2718208112569662
22208,202610,0,0.13799740084480644
22209,202610,1,0.35974979545227675
22210,202610,0,0.11244213677873256
22211,202610,1,0.23079796214934686
22212,202610,0,0.24400394996100266
22213,202610,0,0.12066208293884792
22214,202610,0,0.11561124837862456
22215,202610,0,0.2916367830318194
22216,202610,0,0.17469061181784518
22217,202610,0,0.11418254989152442
22218,202610,1,0.08119522594963213
22219,202610,0,0.18370463198014145
22220,202610,1,0.13302071797679857
22221,202610,0,0.1626081818572699
22222,202610,0,0.2041571822412061
22223,202610,0,0.2994253971735843
22224,202610,0,0.1270682286400804
22225,202610,0,0.18562995967825602
22226,202610,0,0.06818791415138921
22227,202610,0,0.25759737770160956
22228,202610,1,0.25137003025654725
22229,202610,0,0.10394245975757395
22230,202610,1,0.18818469981036062
22231,202610,0,0.16074997347357245
22232,202610,0,0.23393657436226714
22233,202610,0,0.16488772246426187
22234,202610,0,0.3707731993167032
22235,202610,0,0.10061078743498555
22236,202610,0,0.19656134595165994
22237,202610,0,0.18762510619284375
22238,202610,1,0.2834714617724734
22239,202610,1,0.23787533619619233
22240,202610,0,0.15066402477962101
22241,202610,0,0.2326596365375217
22242,202610,0,0.14297758277010575
22243,202610,0,0.1469667621518987
22244,202610,0,0.09253036288958186
22245,202610,0,0.17019531953737535
22246,202610,0,0.05922081699348423
22247,202610,1,0.12109376788760834
22248,202610,0,0.21602668812719397
22249,202610,0,0.11793848646011912
22250,202610,0,0.2492446305956775
22251,202610,0,0.14563302586958296
22252,202610,0,0.08846080942124052
22253,202610,0,0.16372358877601056
22254,202610,0,0.13080565659069304
22255,202610,0,0.15769892961450716
22256,202610,1,0.2928738387897888
22257,202610,0,0.0643618427135289
22258,202610,0,0.2260279452293418
22259,202610,1,0.2825646143066234
22260,202610,0,0.14240670764261223
22261,202610,1,0.2137660677680764
22262,202610,0,0.1769151770417289
22263,202610,0,0.20320973145681662
22264,202610,0,0.12289492536083521
22265,202610,0,0.19264546837103486
22266,202610,1,0.2263030103690816
22267,202610,0,0.28443769955741727
22268,202610,0,0.2011852789231372
22269,202610,0,0.22039734375006015
22270,202610,0,0.11713085681194733
22271,202610,0,0.07418460651065702
22272,202610,0,0.16764734386416139
22273,202610,0,0.1712986690425406
22274,202610,0,0.2422659337545789
22275,202610,0,0.108308096238506
22276,202610,1,0.17692258687547172
22277,202610,0,0.3217274984324963
22278,202610,1,0.23262931967903844
22279,202610,0,0.13057416043056894
22280,202610,0,0.16744518069795494
22281,202610,0,0.20849730204842987
22282,202610,0,0.1353036857339039
22283,202610,0,0.10822608855570495
22284,202610,0,0.08254050031589358
22285,202610,0,0.20762644014176848
22286,202610,0,0.21690420998262233
22287,202610,0,0.07225414689281355
22288,202610,0,0.12440676928083404
22289,202610,0,0.1768471181127735
22290,202610,0,0.11062788405178378
22291,202610,0,0.13949155323313633
22292,202610,0,0.06354872443812186
22293,202610,0,0.12525725354060502
22294,202610,0,0.1706759307068198
22295,202610,0,0.16982904835700494
22296,202610,0,0.19043157983498815
22297,202610,0,0.13004060505183235
22298,202610,0,0.15403644373679415
22299,202610,0,0.1056190019703349
22300,202610,0,0.18574692241735646
22301,202610,0,0.16358091494921545
22302,202610,0,0.16346659185544346
22303,202610,0,0.18140845779221182
22304,202610,1,0.19534943114595169
22305,202610,0,0.07564557236543093
22306,202610,0,0.20594564501202203
22307,202610,0,0.21528730247357608
22308,202610,0,0.12305248046398808
22309,202610,0,0.19054278725237023
22310,202610,1,0.16205603215265665
22311,202610,0,0.3276265931128126
22312,202610,0,0.234062468018183
22313,202610,0,0.14863268208201755
22314,202610,0,0.1974550692778435
22315,202610,0,0.09701553287387536
22316,202610,0,0.2006238696293991
22317,202610,0,0.08028108085902518
22318,202610,0,0.1829133409288964
22319,202610,0,0.25714505656018627
22320,202610,0,0.1891596096345458
22321,202610,1,0.22411677052283493
22322,202610,0,0.20558520909153746
22323,202610,0,0.26341304293287837
22324,202610,0,0.10537587847165007
22325,202610,1,0.1081918631812533
22326,202610,0,0.21250318017786474
22327,202610,0,0.22541254226956076
22328,202610,0,0.14153281857556574
22329,202610,0,0.11686063986759397
22330,202610,0,0.1370203457447198
22331,202610,0,0.20727761664697245
22332,202610,0,0.10506621835206559
22333,202610,0,0.07881675851201282
22334,202610,0,0.16743066015750366
22335,202610,0,0.1891628631617012
22336,202610,0,0.22293707431479867
22337,202610,0,0.2092176595997251
22338,202610,0,0.18200975259089486
22339,202610,0,0.09094067101196283
22340,202610,1,0.22553399321838996
22341,202610,0,0.10494321745749037
22342,202610,0,0.14425658195296892
22343,202610,0,0.13717245131142572
22344,202610,0,0.16315090791142273
22345,202610,0,0.14606442301786277
22346,202610,0,0.07397116653417468
22347,202610,0,0.20398039665489662
22348,202610,1,0.25532265572686647
22349,202610,0,0.17188630783021547
22350,202610,0,0.15439210329233374
22351,202610,0,0.11815346326926746
22352,202610,1,0.2059397374692431
22353,202610,0,0.1623060708062886
22354,202610,0,0.21777641018958915
22355,202610,0,0.09969586933933142
22356,202610,1,0.17209151041130596
22357,202610,1,0.13514508899126085
22358,202610,0,0.09421522704407001
22359,202610,0,0.2687606889151273
22360,202610,0,0.14943859392797432
22361,202610,1,0.15688699657411653
22362,202610,0,0.17792692733365417
22363,202610,1,0.174541425905536
22364,202610,0,0.11804661252961494
22365,202610,0,0.17184791839075558
22366,202610,0,0.15210568358289028
22367,202610,0,0.21606709782402775
22368,202610,0,0.11109824502088385
22369,202610,0,0.064933194359105
22370,202610,0,0.07863527557732908
22371,202610,0,0.14997027065843857
22372,202610,0,0.23174302865891666
22373,202610,0,0.13926034958268135
22374,202610,0,0.08797576125513187
22375,202610,0,0.17343103944694613
22376,202610,0,0.1350821671879161
22377,202610,0,0.1114828885917743
22378,202610,0,0.1556486434082279
22379,202610,0,0.16385905369171966
22380,202610,1,0.2561053249618907
22381,202610,1,0.09756202833530662
22382,202610,0,0.16358680932273106
22383,202610,1,0.12581964950914076
22384,202610,1,0.18181793612175215
22385,202610,0,0.18440477770260222
22386,202610,0,0.12357335332833984
22387,202610,0,0.20552773821812614
22388,202610,0,0.12008339599798672
22389,202610,1,0.22639357874032429
22390,202610,0,0.15937678821648293
22391,202610,0,0.09232942100498207
22392,202610,0,0.13059668544139605
22393,202610,0,0.22138355319837325
22394,202610,0,0.19590094375883088
22395,202610,0,0.18453748611764859
22396,202610,1,0.31838863635314646
22397,202610,0,0.19848929694597237
22398,202610,0,0.22932352203391934
22399,202610,0,0.26506621664368735
22400,202610,1,0.1504063979447869
22401,202610,0,0.17834035179613314
22402,202610,0,0.16768379549372292
22403,202610,0,0.17295923579703443
22404,202610,0,0.09065555668478104
22405,202610,0,0.16850489499321597
22406,202610,0,0.11707449800799621
22407,202610,0,0.2375218803179834
22408,202610,0,0.18287868296205564
22409,202610,0,0.0625461605815723
22410,202610,0,0.1268859277164218
22411,202610,0,0.2602834739837894
22412,202610,1,0.32477113980715566
22413,202610,0,0.2344906241444741
22414,202610,0,0.25829559749929204
22415,202610,0,0.1760116006112778
22416,202610,0,0.19589327942834836
22417,202610,0,0.11577592468815455
22418,202610,1,0.12190007816575167
22419,202610,0,0.21097914252856953
22420,202610,0,0.07913385310634302
22421,202610,0,0.11257619477421729
22422,202610,0,0.1841559581361177
22423,202610,0,0.1417840908589162
22424,202610,0,0.20282130032510545
22425,202610,0,0.2528236032170857
22426,202610,0,0.14427064727518019
22427,202610,0,0.21254862240065492
22428,202610,0,0.16327167529355968
22429,202610,0,0.2263311774830457
22430,202610,0,0.13550694620549267
22431,202610,0,0.13744186248750312
22432,202610,0,0.14280784559200607
22433,202610,0,0.07535104063608647
22434,202610,0,0.08887180671906175
22435,202610,1,0.13065904186130123
22436,202610,0,0.12709615568004104
22437,202610,0,0.15852247741014636
22438,202610,0,0.17295808926604372
22439,202610,0,0.14020976529916057
22440,202610,0,0.19886707943447085
22441,202610,0,0.10956784774748698
22442,202610,0,0.11792989703520583
22443,202610,0,0.1683689395528459
22444,202610,0,0.12560270353335545
22445,202610,0,0.19393066127611042
22446,202610,0,0.05344517437286194
22447,202610,0,0.09479696552385719
22448,202610,0,0.19045340074756728
22449,202610,0,0.12901719332038933
22450,202610,0,0.18833212255246096
22451,202610,0,0.12236055777924738
22452,202610,0,0.20108621736532903
22453,202610,0,0.1243801778508644
22454,202610,0,0.09137699014508975
22455,202610,0,0.3187585730812608
22456,202610,1,0.1443683538225708
22457,202610,0,0.15549920358588717
22458,202610,1,0.217297915652471
22459,202610,0,0.09286634223527528
22460,202610,0,0.18113736187647508
22461,202610,0,0.12315264767583528
22462,202610,0,0.243874410344276
22463,202610,1,0.2234446825035955
22464,202610,0,0.1574972416358784
22465,202610,0,0.16224597476838853
22466,202610,0,0.2081746708298965
22467,202610,0,0.16206365078536009
22468,202610,1,0.13149520607343923
22469,202610,1,0.24035526389195289
22470,202610,0,0.24988816226265148
22471,202610,0,0.16318080286305087
22472,202610,1,0.07279723343127574
22473,202610,0,0.13135547455129884
22474,202610,0,0.2780817061006827
22475,202610,0,0.3505673031269695
22476,202610,0,0.10492042835802258
22477,202610,0,0.1723088628998566
22478,202610,1,0.15131006433110997
22479,202610,0,0.17209937456168464
22480,202610,0,0.25199938008006784
22481,202610,1,0.29589305525497606
22482,202610,0,0.17195368124873284
22483,202610,1,0.11231975981556919
22484,202610,0,0.1790835691145764
22485,202610,0,0.12475710296595166
22486,202610,0,0.14120021597457955
22487,202610,0,0.10905422317511201
22488,202610,0,0.11743951573418086
22489,202610,0,0.11921024029189874
22490,202610,1,0.14452191176702994
22491,202610,1,0.18471688177596507
22492,202610,0,0.13644412801962225
22493,202610,0,0.17641078197758142
22494,202610,0,0.14906970108838782
22495,202610,0,0.12603290290749342
22496,202610,0,0.17226872934873616
22497,202610,0,0.12623508391329916
22498,202610,1,0.11327492345644703
22499,202610,0,0.09178581059289716
22500,202610,0,0.08861045106050795
22501,202610,0,0.24580435851230015
22502,202610,0,0.18715883818004106
22503,202610,1,0.14183844558765288
22504,202610,1,0.23182025643744195
22505,202610,1,0.1690370711861491
22506,202610,0,0.12770799722102413
22507,202610,0,0.11230674937996468
22508,202610,0,0.0616146983213094
22509,202610,0,0.33985955287216885
22510,202610,0,0.12136598200805333
22511,202610,1,0.08862791224878833
22512,202610,0,0.198492133540341
22513,202610,0,0.10964426633829011
22514,202610,0,0.16615001336350368
22515,202610,0,0.15228845449537318
22516,202610,0,0.11816456119831512
22517,202610,0,0.15575319298106025
22518,202610,0,0.09516033040368593
22519,202610,0,0.1618791342451105
22520,202610,0,0.1916420747341745
22521,202610,0,0.07097237751964278
22522,202610,1,0.20822426573511774
22523,202610,0,0.22574587002350197
22524,202610,0,0.37961128831743096
22525,202610,0,0.1280916330758604
22526,202610,0,0.2736117747616282
22527,202610,0,0.1453825827329544
22528,202610,0,0.1491128952754457
22529,202610,0,0.12817445115313417
22530,202610,0,0.21441465287866698
22531,202610,0,0.1231882354995491
22532,202610,1,0.13356575370521484
22533,202610,0,0.18404378787989936
22534,202610,1,0.33462992381170675
22535,202610,1,0.31327586580905437
22536,202610,0,0.4111264542217668
22537,202610,0,0.10414447781898803
22538,202610,0,0.11957337563018235
22539,202610,0,0.12539715972408447
22540,202610,0,0.06210324466006865
22541,202610,1,0.23805851011369625
22542,202610,0,0.16383354592021315
22543,202610,1,0.2508319854620991
22544,202610,0,0.1229854466406127
22545,202610,0,0.11788122233343379
22546,202610,0,0.08411783875641579
22547,202610,0,0.28754451126536396
22548,202610,0,0.11601191857534573
22549,202610,0,0.12958021772418915
22550,202610,0,0.19845101214211236
22551,202610,0,0.2823144642010384
22552,202610,0,0.1679755987438948
22553,202610,0,0.06678831022383191
22554,202610,0,0.19792136365972615
22555,202610,1,0.36041601742530266
22556,202610,1,0.10655140606222993
22557,202610,0,0.19739515800885735
22558,202610,0,0.06920551087623966
22559,202610,1,0.1711520330635548
22560,202610,0,0.09259152936181785
22561,202610,0,0.16008133850716524
22562,202610,0,0.23200769579645367
22563,202610,0,0.23370920498175024
22564,202610,0,0.19680799363554502
22565,202610,0,0.15489558033326647
22566,202610,0,0.15023304236105076
22567,202610,0,0.18564670982704634
22568,202610,0,0.13432646793780545
22569,202610,1,0.21327444283544933
22570,202610,0,0.10313660376395158
22571,202610,1,0.17678196270870494
22572,202610,0,0.41193775676535166
22573,202610,0,0.18797767128129725
22574,202610,0,0.055635159869147986
22575,202610,1,0.18002626528508833
22576,202610,1,0.17320170638260052
22577,202610,0,0.20640601563419958
22578,202610,0,0.19217845028712052
22579,202610,1,0.21575522850917048
22580,202610,0,0.1325789140408873
22581,202610,0,0.12588583259351668
22582,202610,0,0.23759489631403355
22583,202610,0,0.18285598326280827
22584,202610,0,0.20960527060471762
22585,202610,0,0.14142647570090738
22586,202610,0,0.09865845905147819
22587,202610,0,0.10335569737025535
22588,202610,0,0.12048466448348226
22589,202610,1,0.17432381273436912
22590,202610,1,0.11706139753278741
22591,202610,0,0.2532631803031375
22592,202610,0,0.17809152511615367
22593,202610,0,0.20940372349525574
22594,202610,0,0.1998329281803611
22595,202610,0,0.17486365704962806
22596,202610,0,0.21834251372891497
22597,202610,0,0.17290478911841384
22598,202610,0,0.17733387163782988
22599,202610,0,0.07562685890455216
22600,202610,0,0.14862078797452596
22601,202610,0,0.08506044640227008
22602,202610,0,0.21230554840363572
22603,202610,0,0.17165560226586507
22604,202610,0,0.22275521689400313
22605,202610,0,0.11683526074342092
22606,202610,0,0.10802051229356323
22607,202610,0,0.15062572752857492
22608,202610,0,0.1464228186190187
22609,202610,0,0.11593445596286713
22610,202610,0,0.22340709036598522
22611,202610,0,0.2033962927703568
22612,202610,0,0.14321030523493097
22613,202610,0,0.24940948476973315
22614,202610,0,0.2098508972988798
22615,202610,0,0.09798899956315735
22616,202610,1,0.2912769937217118
22617,202610,1,0.09379578570418795
22618,202610,0,0.13978978540413656
22619,202610,0,0.18496740596119643
22620,202610,1,0.1844182793473703
22621,202610,0,0.13015023196258513
22622,202610,0,0.12530912206167175
22623,202610,1,0.2561127356478553
22624,202610,0,0.11228694458547106
22625,202610,0,0.15020008031178061
22626,202610,0,0.21206275259637547
22627,202610,0,0.08844328925194811
22628,202610,0,0.11539007258705379
22629,202610,0,0.14862181068311034
22630,202610,0,0.09109423702380262
22631,202610,0,0.11444244117697547
22632,202610,1,0.19332427176207093
22633,202610,0,0.12879180173467678
22634,202610,0,0.12628779180944288
22635,202610,0,0.18373442859001182
22636,202610,0,0.31790938549131653
22637,202610,0,0.09791948265739633
22638,202610,1,0.12180450620507333
22639,202610,0,0.26541391174676787
22640,202610,0,0.1446730192012165
22641,202610,0,0.14850089084991114
22642,202610,0,0.2208719245836684
22643,202610,0,0.13233995042801022
22644,202610,0,0.32144958916983596
22645,202610,1,0.23324480724348506
22646,202610,0,0.07719759497256441
22647,202610,0,0.21342940376862177
22648,202610,0,0.2036261708380384
22649,202610,0,0.27368689301734556
22650,202610,0,0.2542322071050724
22651,202610,0,0.21180198902946126
22652,202610,0,0.11530111935488388
22653,202610,0,0.17726185109616296
22654,202610,1,0.20491801795302975
22655,202610,0,0.24987315333879637
22656,202610,1,0.21051011433335184
22657,202610,0,0.05407815345937168
22658,202610,0,0.18064901782096468
22659,202610,0,0.1729517949395659
22660,202610,0,0.09042608542987325
22661,202610,0,0.0791580861892224
22662,202610,0,0.16488024304477586
22663,202610,0,0.11365805628037996
22664,202610,0,0.23030963088004344
22665,202610,0,0.18761626959206157
22666,202610,0,0.23575204302145975
22667,202610,1,0.1047019087338032
22668,202610,0,0.1477361794939502
22669,202610,0,0.1613130780529572
22670,202610,0,0.20732707140126785
22671,202610,0,0.1627543591136612
22672,202610,0,0.12038376626268273
22673,202610,0,0.09671824895927111
22674,202610,1,0.19435551076812696
22675,202610,0,0.2094717503003158
22676,202610,0,0.1364077116850248
22677,202610,0,0.24845287492061824
22678,202610,0,0.1540671747291947
22679,202610,0,0.1288999730252869
22680,202610,0,0.144435759947571
22681,202610,0,0.08629684485062314
22682,202610,0,0.1837438728156099
22683,202610,0,0.1424447358813025
22684,202610,0,0.13462501984473724
22685,202610,0,0.123961111266247
22686,202610,0,0.19582472873055382
22687,202610,0,0.2083694500933518
22688,202610,0,0.11903726369057709
22689,202610,1,0.0925224188750935
22690,202610,0,0.11147448746908285
22691,202610,0,0.08152889432119063
22692,202610,0,0.1861524996895438
22693,202610,0,0.1527558278119551
22694,202610,0,0.16448006810914323
22695,202610,0,0.17766927820433775
22696,202610,0,0.07844262230245604
22697,202610,0,0.2633852098407866
22698,202610,0,0.13846486493929674
22699,202610,0,0.22075409565852605
22700,202610,1,0.2596239419172819
22701,202610,0,0.40110301484742994
22702,202610,0,0.2682296836037717
22703,202610,1,0.16642945632608871
22704,202610,0,0.1210779500645991
22705,202610,0,0.19667689830739937
22706,202610,0,0.2220761134065025
22707,202610,0,0.16077504844225943
22708,202610,0,0.1833959071008324
22709,202610,0,0.08565583688144353
22710,202610,1,0.11381711710927346
22711,202610,0,0.21169785522208648
22712,202610,0,0.1553877287782939
22713,202610,0,0.27026522012328097
22714,202610,0,0.17538927193393095
22715,202610,0,0.0764121434069069
22716,202610,0,0.08783225380104219
22717,202610,0,0.14993883882848172
22718,202610,0,0.07225702105456203
22719,202610,1,0.24910642013228507
22720,202610,0,0.2521261516240328
22721,202610,0,0.11362684205353132
22722,202610,0,0.16442277613336154
22723,202610,1,0.2399061446021316
22724,202610,0,0.18152188401327649
22725,202610,0,0.15740904971955955
22726,202610,0,0.26906969031219097
22727,202610,1,0.18165629354425386
22728,202610,0,0.11145314188729336
22729,202610,0,0.07313902105623701
22730,202610,0,0.22954011981062528
22731,202610,1,0.10865227033959195
22732,202610,0,0.2354031233821533
22733,202610,0,0.21054166494188564
22734,202610,0,0.18414854374031844
22735,202610,0,0.31191228169159774
22736,202610,0,0.15945717425594433
22737,202610,0,0.08047038826425079
22738,202610,0,0.06224386236700769
22739,202610,0,0.3075682710848582
22740,202610,0,0.21070078951810006
22741,202610,1,0.14136949439467858
22742,202610,0,0.14584381874662794
22743,202610,0,0.16411775384732255
22744,202610,1,0.17059972841170618
22745,202610,0,0.16316800776996251
22746,202610,0,0.08466672744284708
22747,202610,1,0.11007330025688566
22748,202610,0,0.29831305478617326
22749,202610,0,0.14170567416615812
22750,202610,1,0.1267804260414481
22751,202610,0,0.09829151660900452
22752,202610,0,0.18033228273200372
22753,202610,0,0.29248278588594934
22754,202610,1,0.2701395015357734
22755,202610,0,0.11151454275896365
22756,202610,0,0.10544045856518071
22757,202610,0,0.06640980260578104
22758,202610,0,0.18958558210493134
22759,202610,0,0.13245532311700275
22760,202610,0,0.16987828058894702
22761,202610,1,0.2733709534073543
22762,202610,0,0.0928658140706493
22763,202610,0,0.23860235631649263
22764,202610,0,0.18143232549761218
22765,202610,0,0.3385465188808444
22766,202610,0,0.08075420976576324
22767,202610,1,0.16728285492465833
22768,202610,0,0.09014944689056968
22769,202610,0,0.12950474409918372
22770,202610,0,0.1143649342542074
22771,202610,1,0.21261162642461293
22772,202610,0,0.2259915018512367
22773,202610,0,0.12066864702489515
22774,202610,1,0.216386090007116
22775,202610,0,0.15751794629293656
22776,202610,0,0.1796004375399836
22777,202610,0,0.14840303100651636
22778,202610,1,0.12666879857445382
22779,202610,0,0.14276320501701725
22780,202610,0,0.20732031837676923
22781,202610,0,0.3234470785335992
22782,202610,0,0.12091585067549553
22783,202610,0,0.15805350624295714
22784,202610,0,0.15988902256661963
22785,202610,0,0.15676896953765315
22786,202610,0,0.2119456661851561
22787,202610,0,0.22145486549826465
22788,202610,1,0.1558344953611014
22789,202610,0,0.12956371818414877
22790,202610,1,0.2870280208240204
22791,202610,0,0.08081001204780769
22792,202610,0,0.29366122065783007
22793,202610,0,0.19664314838542507
22794,202610,0,0.17678722984475226
22795,202610,0,0.12061218856247184
22796,202610,0,0.1168390880094319
22797,202610,1,0.18267592082593442
22798,202610,0,0.21892818031189945
22799,202610,0,0.09159459270302214
22800,202610,0,0.18075898585521993
22801,202610,0,0.16303164882363874
22802,202610,0,0.21766240066358475
22803,202610,1,0.32614773331222136
22804,202610,0,0.06512038273459818
22805,202610,1,0.09818147129284556
22806,202610,1,0.2640718428810421
22807,202610,1,0.17603206953919615
22808,202610,0,0.13219575776721665
22809,202610,0,0.276383811794799
22810,202610,0,0.22304410118862678
22811,202610,0,0.13840594400974046
22812,202610,0,0.06451041527465166
22813,202610,0,0.1593404553248661
22814,202610,0,0.20082929502716643
22815,202610,0,0.13985827481986035
22816,202610,0,0.13926669453411164
22817,202610,1,0.08554953966743858
22818,202610,0,0.16665705751533355
22819,202610,1,0.1782150518496078
22820,202610,0,0.22757332654116175
22821,202610,0,0.09726476980738245
22822,202610,1,0.23949068027246664
22823,202610,0,0.11093570990454331
22824,202610,0,0.11456853000645814
22825,202610,0,0.16002834513303885
22826,202610,0,0.2707420861267497
22827,202610,1,0.19489041015177652
22828,202610,0,0.07789883991447173
22829,202610,0,0.2282520584673739
22830,202610,0,0.23556398621778663
22831,202610,0,0.25024964071292466
22832,202610,0,0.14836934758821552
22833,202610,0,0.07354944767641804
22834,202610,1,0.29864439707732576
22835,202610,1,0.1799697402457026
22836,202610,0,0.14369879045655135
22837,202610,1,0.14925579018177199
22838,202610,1,0.3369575729314779
22839,202610,0,0.09882683679179423
22840,202610,0,0.11010391232656608
22841,202610,0,0.12172859666602018
22842,202610,0,0.13960176719595047
22843,202610,1,0.21784055406475078
22844,202610,0,0.09915605814236182
22845,202610,0,0.19015271206747347
22846,202610,0,0.09862973570486491
22847,202610,0,0.17846960003185264
22848,202610,0,0.10607704162695988
22849,202610,0,0.29953716255061424
22850,202610,1,0.26544174843887486
22851,202610,0,0.17096076235945248
22852,202610,1,0.2040737041090898
22853,202610,0,0.13292523178371576
22854,202610,1,0.15736287997354942
22855,202610,0,0.12556467228543577
22856,202610,0,0.12824212800166565
22857,202610,0,0.07532522183470464
22858,202610,0,0.16615327755711864
22859,202610,0,0.1414358022872205
22860,202610,0,0.3020485446684012
22861,202610,0,0.12600496323424645
22862,202610,0,0.19211768309467186
22863,202610,0,0.21336062772686382
22864,202610,0,0.16229367195757746
22865,202610,0,0.0645908352988883
22866,202610,0,0.33145240553596444
22867,202610,1,0.2748546075002971
22868,202610,0,0.12259530779411643
22869,202610,0,0.41777562036746485
22870,202610,0,0.14000770856185815
22871,202610,0,0.1874565633400866
22872,202610,0,0.16923477521473518
22873,202610,0,0.10106553383673826
22874,202610,0,0.17378523224487072
22875,202610,0,0.13310982008333958
22876,202610,0,0.19147517673164427
22877,202610,0,0.2873983424364789
22878,202610,0,0.15938867307533658
22879,202610,0,0.2856799642337699
22880,202610,0,0.17682694350576778
22881,202610,0,0.07502815831142176
22882,202610,0,0.1534509029186828
22883,202610,0,0.3735196695107667
22884,202610,0,0.17980347800887364
22885,202610,1,0.19276045801094774
22886,202610,0,0.060090210723468714
22887,202610,0,0.1260574486752424
22888,202610,0,0.15758234357549095
22889,202610,0,0.153633211677646
22890,202610,0,0.18977980737895778
22891,202610,0,0.06511440988349504
22892,202610,1,0.08239804679874449
22893,202610,1,0.08604086443271164
22894,202610,0,0.18855576274430388
22895,202610,0,0.08750345058884876
22896,202610,1,0.2158607149524993
22897,202610,0,0.20230901302018037
22898,202610,0,0.2269321208549983
22899,202610,0,0.06294106353734691
22900,202610,0,0.05892526695095611
22901,202610,0,0.14433367012560314
22902,202610,0,0.18834622875433102
22903,202610,0,0.11671323201159048
22904,202610,0,0.09418780719372565
22905,202610,0,0.2186159066206863
22906,202610,0,0.2063664663783332
22907,202610,0,0.24303456938130427
22908,202610,0,0.164369103156752
22909,202610,0,0.08718159218391068
22910,202610,0,0.18330065548328553
22911,202610,0,0.1336368343256452
22912,202610,1,0.08404715248704897
22913,202610,0,0.1658545100820383
22914,202610,0,0.06185536621123244
22915,202610,0,0.18814365484324938
22916,202610,0,0.213330249115238
22917,202610,1,0.258372014505779
22918,202610,0,0.10940246911547709
22919,202610,0,0.2415865906305005
22920,202610,0,0.07664096761788944
22921,202610,0,0.2489930592736975
22922,202610,0,0.08554098339285694
22923,202610,0,0.13681970645404415
22924,202610,0,0.29596420775259685
22925,202610,0,0.20808212940479964
22926,202610,0,0.10272939565030967
22927,202610,0,0.24849484416530146
22928,202610,0,0.15956995156952694
22929,202610,0,0.215676995108481
22930,202610,0,0.10716842220461051
22931,202610,1,0.15330775022959764
22932,202610,1,0.2654425963978693
22933,202610,0,0.16648144767241635
22934,202610,0,0.19409037043885738
22935,202610,0,0.12654961569128167
22936,202610,0,0.2082999578159884
22937,202610,0,0.1446594970768363
22938,202610,0,0.171059657872855
22939,202610,1,0.1431037914821325
22940,202610,0,0.13097563829012165
22941,202610,0,0.4055345817014817
22942,202610,1,0.14386156941671252
22943,202610,0,0.15227811880636796
22944,202610,0,0.16746021611898684
22945,202610,0,0.10106241624918752
22946,202610,0,0.1481062944740559
22947,202610,0,0.17082177379370794
22948,202610,0,0.24701695571271645
22949,202610,0,0.21904003413063475
22950,202610,0,0.18834475932151298
22951,202610,0,0.0908877370183025
22952,202610,0,0.19276309905490835
22953,202610,0,0.0955596623621569
22954,202610,0,0.1456069603336257
22955,202610,0,0.24528655594234847
22956,202610,1,0.11241452140966281
22957,202610,0,0.38772710083562123
22958,202610,0,0.11696073402346029
22959,202610,0,0.13159848620857273
22960,202610,0,0.18019521293125979
22961,202610,0,0.24652828548074696
22962,202610,0,0.12298384313649693
22963,202610,0,0.10595672841470992
22964,202610,0,0.24026185127980185
22965,202610,0,0.09263126745017668
22966,202610,0,0.14312026564404196
22967,202610,0,0.20571227236706782
22968,202610,0,0.266893077479785
22969,202610,0,0.09443673390480747
22970,202610,0,0.08042725446775534
22971,202610,0,0.19644236734374768
22972,202610,0,0.24876935542651635
22973,202610,0,0.2117451599606538
22974,202610,0,0.19792197117823085
22975,202610,1,0.14846431326540163
22976,202610,0,0.1432819568522951
22977,202610,0,0.12004609229029439
22978,202610,0,0.16916807081182733
22979,202610,1,0.08248198116828347
22980,202610,0,0.12210416634195648
22981,202610,0,0.11045949187045857
22982,202610,0,0.25996103814108706
22983,202610,0,0.11753084755046886
22984,202610,1,0.22130161411528018
22985,202610,1,0.2996851491707071
22986,202610,0,0.13059463832547397
22987,202610,0,0.21659706461326814
22988,202610,0,0.2919794803142322
22989,202610,0,0.2650473859142215
22990,202610,0,0.15168512075562499
22991,202610,0,0.21866378344261483
22992,202610,0,0.0991708844019287
22993,202610,0,0.07561658436176485
22994,202610,0,0.22840373882247791
22995,202610,0,0.15451530249601908
22996,202610,0,0.07822571950349706
22997,202610,0,0.09635986407763084
22998,202610,0,0.15964437033145176
22999,202610,0,0.09389237473991496
23000,202610,0,0.11292263204257635
23001,202610,1,0.36075696260149415
23002,202610,0,0.13314512900998018
23003,202610,0,0.1133813232402889
23004,202610,0,0.1263209251847981
23005,202610,0,0.19457093913294596
23006,202610,0,0.11536930712498494
23007,202610,0,0.11786998806618482
23008,202610,0,0.20398000019184576
23009,202610,0,0.23470541582912519
23010,202610,0,0.18774103505397358
23011,202610,0,0.10016851146635865
23012,202610,0,0.22123091442211693
23013,202610,0,0.23345296686347347
23014,202610,0,0.0866317239383585
23015,202610,0,0.11836027282243375
23016,202610,1,0.2291256448243414
23017,202610,1,0.2137136488521308
23018,202610,1,0.11253529421076852
23019,202610,0,0.28075178870497497
23020,202610,0,0.17185751197344526
23021,202610,0,0.13860216438126943
23022,202610,0,0.22500822450143207
23023,202610,0,0.08351036382287379
23024,202610,1,0.26281049809971035
23025,202610,0,0.2752349827617456
23026,202610,0,0.2692000077091781
23027,202610,1,0.255104835148743
23028,202610,0,0.24726825892725912
23029,202610,1,0.13028630043616965
23030,202610,1,0.12414023945260098
23031,202610,0,0.10884268863147138
23032,202610,0,0.27178016441457903
23033,202610,0,0.16231144543941828
23034,202610,0,0.15901340156431648
23035,202610,0,0.18434680477347884
23036,202610,0,0.19535477691131933
23037,202610,0,0.07597452936382243
23038,202610,1,0.3792237834729201
23039,202610,0,0.22648300260291993
23040,202610,0,0.1031282694345382
23041,202610,0,0.1230699377371496
23042,202610,0,0.18246252572286253
23043,202610,0,0.13008380038254289
23044,202610,0,0.26111385800778947
23045,202610,1,0.14758852785682616
23046,202610,0,0.1577552865399491
23047,202610,1,0.2863790796439205
23048,202610,0,0.10349953479205885
23049,202610,0,0.29656318492727973
23050,202610,0,0.15683316507485331
23051,202610,0,0.09277669350108428
23052,202610,0,0.17622658385151205
23053,202610,0,0.1835511912028032
23054,202610,0,0.18675500620890603
23055,202610,0,0.2193911938027297
23056,202610,0,0.14922682571585208
23057,202610,1,0.1775419013834601
23058,202610,0,0.13728528867176187
23059,202610,0,0.2161125215686373
23060,202610,0,0.110843573292173
23061,202610,0,0.1655359037586146
23062,202610,0,0.11211260606764939
23063,202610,0,0.13050973216067493
23064,202610,0,0.16133143210251966
23065,202610,0,0.15224160775566606
23066,202610,0,0.14610677550827114
23067,202610,0,0.08616632582102988
23068,202610,0,0.2727074547795638
23069,202610,0,0.13345220268459726
23070,202610,0,0.20267666314151853
23071,202610,0,0.06767616063250247
23072,202610,0,0.13345146973789923
23073,202610,0,0.1303260486292232
23074,202610,0,0.11298344184668428
23075,202610,0,0.15387730176141967
23076,202610,1,0.2090885688187482
23077,202610,0,0.21951527766690127
23078,202610,0,0.1502160021532604
23079,202610,0,0.21946407754838715
23080,202610,0,0.15531486164664945
23081,202610,0,0.057162091372561875
23082,202610,0,0.3291568594724028
23083,202610,0,0.12367307002862328
23084,202610,0,0.09358531582616954
23085,202610,0,0.16281267847320555
23086,202610,0,0.0851654414642838
23087,202610,0,0.14073180467658578
23088,202610,0,0.18635178393819138
23089,202610,0,0.16325365940778575
23090,202610,0,0.18075372386874303
23091,202610,1,0.16085207801736098
23092,202610,1,0.15051290567313627
23093,202610,0,0.17808481143054586
23094,202610,1,0.22451015538167596
23095,202610,0,0.16872779888363207
23096,202610,1,0.07424014640869286
23097,202610,0,0.16160034321192907
23098,202610,0,0.07354835612896522
23099,202610,0,0.11525856749800376
23100,202610,0,0.15536165364248947
23101,202610,0,0.1741085520397403
23102,202610,0,0.22725838372269722
23103,202610,0,0.22920580540840446
23104,202610,0,0.1325243325794562
23105,202610,0,0.11107553467017817
23106,202610,0,0.09576683230314655
23107,202610,0,0.2285746598990573
23108,202610,0,0.09641768379082268
23109,202610,0,0.13220882459066713
23110,202610,0,0.17880036278811362
23111,202610,0,0.12866582288409606
23112,202610,0,0.1109687416340607
23113,202610,0,0.10901295281559154
23114,202610,0,0.18830222190380497
23115,202610,0,0.3214712707620591
23116,202610,0,0.07179889088021883
23117,202610,1,0.14411179921041356
23118,202610,0,0.17596249991437418
23119,202610,0,0.13458124346322275
23120,202610,0,0.16673016242795233
23121,202610,0,0.22155030880759025
23122,202610,0,0.16009397619133675
23123,202610,0,0.16349917640706796
23124,202610,0,0.14838384302938157
23125,202610,0,0.09865393382651756
23126,202610,0,0.1725380620328815
23127,202610,0,0.1263623966663984
23128,202610,0,0.1778016933771601
23129,202610,0,0.23982818430213904
23130,202610,0,0.08863222148182712
23131,202610,0,0.11481700980661852
23132,202610,0,0.1882442304576426
23133,202610,0,0.19942733435803817
23134,202610,0,0.156288537209475
23135,202610,0,0.16661906717727648
23136,202610,0,0.14961217336262167
23137,202610,0,0.14050769660490248
23138,202610,0,0.14023817711721623
23139,202610,0,0.19635220836784756
23140,202610,1,0.22102061147038493
23141,202610,1,0.2569948828432253
23142,202610,0,0.07151186021354089
23143,202610,0,0.14055166998080446
23144,202610,1,0.2533022564214959
23145,202610,1,0.23351876707915611
23146,202610,0,0.2273682139589372
23147,202610,0,0.10129807072389752
23148,202610,0,0.12877989927786343
23149,202610,0,0.1091385518611035
23150,202610,1,0.1403800662716017
23151,202610,0,0.1414465883019772
23152,202610,0,0.18640484778281324
23153,202610,0,0.24144188267936914
23154,202610,0,0.11143184293396377
23155,202610,0,0.17297273781354314
23156,202610,0,0.17597666934406603
23157,202610,0,0.1046425821853534
23158,202610,0,0.1798294920425579
23159,202610,1,0.2687824219248397
23160,202610,0,0.08668767690224269
23161,202610,0,0.17222073072617072
23162,202610,0,0.23293494951002974
23163,202610,0,0.17120905319462879
23164,202610,0,0.15657232334215898
23165,202610,1,0.18202251107027048
23166,202610,0,0.3162198376827636
23167,202610,0,0.1583991966085345
23168,202610,0,0.16061646909121005
23169,202610,0,0.20101507380163114
23170,202610,0,0.1533131484454714
23171,202610,0,0.19068969161915467
23172,202610,0,0.09985525107806793
23173,202610,0,0.21436301342029332
23174,202610,0,0.1596524949106899
23175,202610,0,0.14645173087577812
23176,202610,0,0.17471750215440107
23177,202610,0,0.11459973632496341
23178,202610,0,0.15560519683374366
23179,202610,0,0.15959708126729727
23180,202610,0,0.11605807310943043
23181,202610,0,0.2211672421607937
23182,202610,0,0.19729333913541064
23183,202610,0,0.0993125475468101
23184,202610,0,0.14156622162917035
23185,202610,0,0.15648632146272923
23186,202610,0,0.13904692171487876
23187,202610,0,0.1915196937262364
23188,202610,0,0.1871486439716019
23189,202610,1,0.14947033399044657
23190,202610,1,0.27428712585169757
23191,202610,0,0.1953406123034867
23192,202610,0,0.17911946516025393
23193,202610,0,0.1986590894888711
23194,202610,0,0.1314987495240873
23195,202610,1,0.1492997157454739
23196,202610,0,0.0721738175428514
23197,202610,0,0.13358309672335067
23198,202610,0,0.09577485898751179
23199,202610,0,0.10207899936763723
23200,202610,1,0.1206928186288153
23201,202610,0,0.2301910518811614
23202,202610,0,0.22549848017557259
23203,202610,0,0.12833965646103465
23204,202610,0,0.08227466295169841
23205,202610,0,0.21019875755604822
23206,202610,0,0.14194599891183332
23207,202610,0,0.07143368155132046
23208,202610,1,0.1800908983972768
23209,202610,0,0.1996465852844224
23210,202610,1,0.1582191228806633
23211,202610,0,0.10586562569544487
23212,202610,0,0.11988919239634643
23213,202610,1,0.21833424607737165
23214,202610,0,0.15834589163896148
23215,202610,0,0.09327390829845382
23216,202610,0,0.21566749139797453
23217,202610,0,0.13435005910979006
23218,202610,0,0.22683485528127276
23219,202610,0,0.16169247053576877
23220,202610,0,0.19523809524654664
23221,202610,0,0.05917995998893114
23222,202610,0,0.12204660188611594
23223,202610,0,0.2549912164616996
23224,202610,0,0.15434928724745367
23225,202610,0,0.16912988367893983
23226,202610,1,0.1599016316571897
23227,202610,0,0.14252815109021236
23228,202610,0,0.1444878311989938
23229,202610,0,0.2861241332660604
23230,202610,0,0.11620175141033011
23231,202610,0,0.22200149727413684
23232,202610,0,0.3186023492200877
23233,202610,0,0.23499186767239147
23234,202610,0,0.1500855762515116
23235,202610,1,0.15033188721913326
23236,202610,0,0.115197237073914
23237,202610,1,0.11855892647590405
23238,202610,0,0.11573935283027502
23239,202610,0,0.0782386858019368
23240,202610,0,0.15562481424743846
23241,202610,0,0.17727259172920276
23242,202610,0,0.24723735089263257
23243,202610,0,0.18978447092392434
23244,202610,1,0.2875554470824838
23245,202610,0,0.18401993180173223
23246,202610,0,0.12979023505623025
23247,202610,0,0.28792352999804816
23248,202610,0,0.19023293220963927
23249,202610,0,0.19953580986004105
23250,202610,0,0.15296124908865638
23251,202610,0,0.15157566237076056
23252,202610,1,0.07777573826147244
23253,202610,0,0.11503631480292482
23254,202610,0,0.1756256763556738
23255,202610,0,0.19719212508674738
23256,202610,0,0.1516495364136691
23257,202610,0,0.29892576659107517
23258,202610,0,0.22884725675004444
23259,202610,0,0.09441667593425924
23260,202610,0,0.14402396655541513
23261,202610,1,0.2045268239125217
23262,202610,0,0.21844019292923417
23263,202610,0,0.19632789791429442
23264,202610,0,0.18627714300246023
23265,202610,0,0.27268855854777574
23266,202610,1,0.24375854502625718
23267,202610,0,0.21454440138540629
23268,202610,0,0.33586173990625073
23269,202610,1,0.34198966819068083
23270,202610,0,0.15880492543711242
23271,202610,0,0.175145501840374
23272,202610,1,0.16313121170656286
23273,202610,0,0.2194708790321032
23274,202610,0,0.11562737382068528
23275,202610,0,0.1832850635462147
23276,202610,0,0.15626118113736942
23277,202610,0,0.16607111361951388
23278,202610,0,0.17595028510594451
23279,202610,1,0.1929878258718192
23280,202610,0,0.2862154039263035
23281,202610,0,0.1341178684179258
23282,202610,0,0.24681918212275483
23283,202610,0,0.11950787744869627
23284,202610,0,0.18913737806947267
23285,202610,1,0.13568175882444658
23286,202610,0,0.11597115282543156
23287,202610,0,0.1539028735705399
23288,202610,0,0.15865859588352116
23289,202610,0,0.1658341761029815
23290,202610,1,0.11972847915558209
23291,202610,0,0.07132673458097344
23292,202610,1,0.1183331511672339
23293,202610,0,0.2127338186534697
23294,202610,0,0.1042916720951611
23295,202610,0,0.1799974449937525
23296,202610,0,0.12444720282704065
23297,202610,0,0.13488414376101054
23298,202610,0,0.07495078263456995
23299,202610,0,0.18434098444773211
23300,202610,1,0.20461828590402903
23301,202610,0,0.19081389623943323
23302,202610,0,0.2877705151324866
23303,202610,1,0.16674091137658864
23304,202610,0,0.213521702521975
23305,202610,0,0.16983395014362904
23306,202610,0,0.12460205778841618
23307,202610,0,0.08081551362080544
23308,202610,1,0.18719160743328
23309,202610,0,0.16493503383103333
23310,202610,0,0.09711389804130922
23311,202610,0,0.18550140460293588
23312,202610,1,0.12321940029217916
23313,202610,0,0.12148031421316852
23314,202610,0,0.20710210559829775
23315,202610,0,0.14725228197061122
23316,202610,1,0.09980322012507714
23317,202610,1,0.32517653804584984
23318,202610,0,0.13224109602175774
23319,202610,0,0.07957494177216495
23320,202610,0,0.14876060095502058
23321,202610,0,0.19113759171773365
23322,202610,0,0.11065372590460912
23323,202610,0,0.18953378803484697
23324,202610,0,0.16812266177875834
23325,202610,0,0.13101454162421092
23326,202610,0,0.09996042813603144
23327,202610,1,0.19496720641203227
23328,202610,0,0.2351107317971126
23329,202610,1,0.2502865662687073
23330,202610,1,0.10539970732651405
23331,202610,1,0.19045130355368278
23332,202610,0,0.06863694042200774
23333,202610,0,0.05277389793238695
23334,202610,0,0.3428109317765222
23335,202610,0,0.1529683845145993
23336,202610,0,0.1583580115604347
23337,202610,0,0.2082367806987431
23338,202610,0,0.06909295354803864
23339,202610,0,0.1285663822480736
23340,202610,0,0.22804720190248703
23341,202610,1,0.09651255221865178
23342,202610,1,0.07921891239551793
23343,202610,0,0.18934321785488187
23344,202610,0,0.09190112645179549
23345,202610,0,0.1613011460971116
23346,202610,0,0.08729541523239975
23347,202610,0,0.1309626131540448
23348,202610,0,0.1646249600047085
23349,202610,0,0.23096576747754072
23350,202610,1,0.21945898997644936
23351,202610,0,0.11350123595989672
23352,202610,0,0.20573376104835353
23353,202610,0,0.2863913796329818
23354,202610,0,0.17912376955131343
23355,202610,0,0.19931665552755246
23356,202610,0,0.2943210094346283
23357,202610,0,0.14290014144547603
23358,202610,1,0.19911311539445084
23359,202610,0,0.12099199134801239
23360,202610,0,0.11359165967630057
23361,202610,0,0.16745771265066645
23362,202610,0,0.19383661405195274
23363,202610,1,0.19560837955322088
23364,202610,0,0.12291958174070611
23365,202610,0,0.1493973824921391
23366,202610,0,0.23395192735754367
23367,202610,0,0.15097680609004824
23368,202610,0,0.21436214851986693
23369,202610,0,0.1730507247658588
23370,202610,1,0.24887815635547783
23371,202610,0,0.18117276068155158
23372,202610,0,0.17625793324836148
23373,202610,0,0.19883985731738757
23374,202610,1,0.1831209066420294
23375,202610,1,0.27660833019955894
23376,202610,0,0.08169749975679984
23377,202610,0,0.07191178836019813
23378,202610,0,0.16158268265695783
23379,202610,0,0.1177501530364636
23380,202610,0,0.23491839371616596
23381,202610,1,0.19214580554305746
23382,202610,1,0.17170963521423852
23383,202610,0,0.17410456933008972
23384,202610,1,0.25428299861093423
23385,202610,0,0.16354981789502918
23386,202610,1,0.20721535907808264
23387,202610,0,0.09379325214067544
23388,202610,0,0.1791970515910791
23389,202610,0,0.2486311816329723
23390,202610,1,0.11881287907084666
23391,202610,1,0.18838005624738796
23392,202610,0,0.09463233860697583
23393,202610,1,0.19684118758574626
23394,202610,0,0.226339085885334
23395,202610,0,0.22076321404200888
23396,202610,1,0.33071558642860877
23397,202610,0,0.26923430369359064
23398,202610,0,0.09939793138224406
23399,202610,0,0.09903569241245301
23400,202610,1,0.18575062697509184
23401,202610,0,0.1364555523928887
23402,202610,0,0.06817817750045099
23403,202610,1,0.2935126081551954
23404,202610,0,0.2171486659913299
23405,202610,1,0.19696765370474678
23406,202610,0,0.16937776775089028
23407,202610,0,0.23766458893819245
23408,202610,1,0.14143092826499676
23409,202610,0,0.1278574178433302
23410,202610,0,0.1814443137057533
23411,202610,0,0.05847093438497473
23412,202610,0,0.1568929290947334
23413,202610,0,0.10117340976301618
23414,202610,1,0.21368217911733897
23415,202610,0,0.1612476411591032
23416,202610,0,0.19377483464644613
23417,202610,0,0.14203333495205717
23418,202610,1,0.2441089774065635
23419,202610,0,0.12440091463794614
23420,202610,1,0.20005308944181435
23421,202610,0,0.109914981111807
23422,202610,0,0.13193015716805523
23423,202610,0,0.19910580183154566
23424,202610,1,0.08808351603661027
23425,202610,0,0.17987745343656827
23426,202610,0,0.14356283123872365
23427,202610,0,0.15729292043369442
23428,202610,0,0.08563397574879723
23429,202610,1,0.1287148404055734
23430,202610,0,0.24558659621584583
23431,202610,0,0.15251078129316173
23432,202610,0,0.15400542979084358
23433,202610,0,0.14300807164124602
23434,202610,0,0.29674376552978426
23435,202610,0,0.062015371955192605
23436,202610,0,0.12134324563608999
23437,202610,0,0.11012582774142338
23438,202610,0,0.15483761460829204
23439,202610,0,0.10572566807150141
23440,202610,0,0.1368528931005538
23441,202610,0,0.08392289532626196
23442,202610,0,0.1351338156935072
23443,202610,0,0.11333125126009325
23444,202610,0,0.15302893494648873
23445,202610,1,0.11591914740360257
23446,202610,0,0.1423155554986722
23447,202610,0,0.07519101961526299
23448,202610,0,0.20477075497135513
23449,202610,0,0.16187003569357977
23450,202610,0,0.17891695854520093
23451,202610,0,0.12283106838007041
23452,202610,0,0.12728996188171776
23453,202610,0,0.2033444555122189
23454,202610,0,0.1546263241055575
23455,202610,0,0.060937231730041334
23456,202610,0,0.12011189686979251
23457,202610,0,0.25031978147700035
23458,202610,1,0.21950471265121027
23459,202610,0,0.07377548274088468
23460,202610,1,0.18275052420273943
23461,202610,0,0.2890084472209699
23462,202610,0,0.09084140100797747
23463,202610,0,0.17492308486625638
23464,202610,0,0.17280247525233697
23465,202610,1,0.18136625937175715
23466,202610,0,0.15709102784614074
23467,202610,1,0.300643525421653
23468,202610,0,0.13796562126563172
23469,202610,0,0.13539914303066114
23470,202610,0,0.1099815000356779
23471,202610,0,0.21925287058048856
23472,202610,0,0.23135741050461306
23473,202610,0,0.09692772154448305
23474,202610,0,0.2070644123104762
23475,202610,0,0.2240088057949976
23476,202610,0,0.13144857910523391
23477,202610,0,0.06018149421998069
23478,202610,0,0.0929405940345329
23479,202610,0,0.22219690472485407
23480,202610,0,0.11501407685140988
23481,202610,0,0.10666836507057133
23482,202610,0,0.08967486381510154
23483,202610,0,0.19782538538215805
23484,202610,0,0.19465871707824323
23485,202610,1,0.09994302031485017
23486,202610,0,0.1403536821614554
23487,202610,0,0.1458144592606985
23488,202610,0,0.1455133535978612
23489,202610,0,0.14288255581615383
23490,202610,0,0.21870775998808306
23491,202610,1,0.19507586369346408
23492,202610,0,0.18216090154909073
23493,202610,0,0.06693020721554097
23494,202610,0,0.24891796075518327
23495,202610,0,0.3094965882340281
23496,202610,0,0.2602117004226867
23497,202610,0,0.17298293614999832
23498,202610,0,0.15131970951322704
23499,202610,0,0.1607539720196045
23500,202610,0,0.10253901039459047
23501,202610,0,0.06549532146363528
23502,202610,1,0.41622050871474725
23503,202610,1,0.1729029837002843
23504,202610,0,0.3119424896360074
23505,202610,0,0.12829685676680044
23506,202610,0,0.12548299602887117
23507,202610,0,0.2462223312805481
23508,202610,0,0.13912913908974403
23509,202610,0,0.13760430496412038
23510,202610,1,0.2628821848714222
23511,202610,1,0.15866819612818234
23512,202610,0,0.20572242818532038
23513,202610,0,0.1303413249261996
23514,202610,0,0.19484988878272574
23515,202610,0,0.08018367597914777
23516,202610,0,0.095131978083776
23517,202610,0,0.25693115902926894
23518,202610,0,0.22349312176772393
23519,202610,0,0.21353825856204042
23520,202610,0,0.14411489127424704
23521,202610,0,0.165415833514341
23522,202610,0,0.21719419678927565
23523,202610,0,0.10568994672034766
23524,202610,0,0.1604222096453034
23525,202610,0,0.15445589535397738
23526,202610,0,0.1700039279605473
23527,202610,0,0.2178775556526487
23528,202610,0,0.16789803326080222
23529,202610,0,0.13213139815634722
23530,202610,0,0.17081788930679007
23531,202610,0,0.17918300042826457
23532,202610,0,0.09099139811225616
23533,202610,0,0.05992663621603912
23534,202610,0,0.06122504428510915
23535,202610,0,0.1392620173690546
23536,202610,1,0.12437192770340899
23537,202610,1,0.23184426638333705
23538,202610,0,0.13708321771546733
23539,202610,1,0.18104919197717909
23540,202610,0,0.0936572760948095
23541,202610,1,0.1841660178842274
23542,202610,0,0.06926127523698848
23543,202610,0,0.25781479389593787
23544,202610,0,0.20186440074732034
23545,202610,0,0.08687716903736849
23546,202610,1,0.06340191969058281
23547,202610,1,0.14541580124574144
23548,202610,0,0.19061741256516657
23549,202610,1,0.06356812649420673
23550,202610,0,0.18457186872162568
23551,202610,0,0.18817437803710912
23552,202610,0,0.1734446462254869
23553,202610,0,0.15260653100338986
23554,202610,0,0.168460179845515
23555,202610,0,0.14158985297482093
23556,202610,0,0.15807771079882452
23557,202610,0,0.0797668549502328
23558,202610,1,0.21956270749858944
23559,202610,1,0.2656022867431764
23560,202610,0,0.09856521565854506
23561,202610,0,0.1182579435015547
23562,202610,1,0.24778597341505798
23563,202610,1,0.09112340712073727
23564,202610,0,0.08340266171768207
23565,202610,0,0.14007100431421915
23566,202610,0,0.11829832605207057
23567,202610,1,0.22715442991253
23568,202610,0,0.23882609185751663
23569,202610,0,0.054004588949057665
23570,202610,0,0.16043445787559354
23571,202610,0,0.21182687189947547
23572,202610,0,0.0774443183715852
23573,202610,0,0.1656666716476636
23574,202610,0,0.13806330142383608
23575,202610,0,0.14839187807284898
23576,202610,0,0.25381488597266727
23577,202610,0,0.11348522256961943
23578,202610,0,0.18186232282187084
23579,202610,0,0.09073469005899583
23580,202610,1,0.26839452428504884
23581,202610,0,0.24628655307761965
23582,202610,0,0.16477210917292803
23583,202610,0,0.11327873363068729
23584,202610,0,0.18752980469964822
23585,202610,0,0.08180762660482573
23586,202610,0,0.14928393777036406
23587,202610,0,0.10057870369461103
23588,202610,0,0.18194158696661403
23589,202610,0,0.2068518772027933
23590,202610,0,0.08144555154824155
23591,202610,0,0.08912821433406318
23592,202610,0,0.06937835598833245
23593,202610,0,0.1178963387335797
23594,202610,1,0.2127666095060739
23595,202610,0,0.301062049500295
23596,202610,0,0.19130247027157957
23597,202610,1,0.23532864141528947
23598,202610,0,0.14648011719850504
23599,202610,0,0.10578011701646711
23600,202610,1,0.28109603378278
23601,202610,1,0.28678401090844025
23602,202610,0,0.08072611199280397
23603,202610,0,0.2630231474010109
23604,202610,0,0.21027253898160114
23605,202610,1,0.15859885285412711
23606,202610,0,0.08597363739452964
23607,202610,0,0.10150376607120778
23608,202610,0,0.06686259418761241
23609,202610,0,0.2002451529972653
23610,202610,0,0.25220398846175696
23611,202610,0,0.0785680536438077
23612,202610,0,0.06766654157920997
23613,202610,1,0.22811312228426328
23614,202610,0,0.09808448874288325
23615,202610,0,0.12955876718891285
23616,202610,0,0.14118289084762176
23617,202610,0,0.24429122069543857
23618,202610,0,0.1511024885283224
23619,202610,0,0.09730567403484414
23620,202610,1,0.2629957968249771
23621,202610,0,0.06664543481689193
23622,202610,0,0.16476093207700815
23623,202610,1,0.17804187204229582
23624,202610,1,0.08659614314249185
23625,202610,0,0.1310659034691595
23626,202610,0,0.13420213702610184
23627,202610,0,0.1871491677916066
23628,202610,0,0.09222973918561221
23629,202610,0,0.161098788916859
23630,202610,1,0.2071701507072729
23631,202610,1,0.13486674840412666
23632,202610,0,0.11092426257700233
23633,202610,0,0.16451624445901733
23634,202610,0,0.13985947181385225
23635,202610,1,0.13408631187913383
23636,202610,0,0.1875134140633602
23637,202610,1,0.23238945068583422
23638,202610,0,0.20948595486038152
23639,202610,1,0.2709963909429064
23640,202610,1,0.10112938842657561
23641,202610,0,0.17191003764348953
23642,202610,0,0.11299288445603374
23643,202610,0,0.14792826176833487
23644,202610,1,0.3664502192753382
23645,202610,0,0.14947189854857118
23646,202610,0,0.18656735164985608
23647,202610,0,0.14794208201679987
23648,202610,0,0.18823108123731994
23649,202610,0,0.22873798073101811
23650,202610,0,0.10687594161619711
23651,202610,0,0.1113410546720023
23652,202610,0,0.1281523781044746
23653,202610,0,0.16000779330314524
23654,202610,0,0.3174237261573301
23655,202610,0,0.18609490102576023
23656,202610,0,0.12861275551107498
23657,202610,0,0.06551098872725118
23658,202610,0,0.12304608875950795
23659,202610,0,0.17629596705541176
23660,202610,0,0.14888928927804118
23661,202610,0,0.11037313556362525
23662,202610,0,0.13746875616766374
23663,202610,0,0.17332039420206058
23664,202610,0,0.20721300096092782
23665,202610,0,0.12348294493078772
23666,202610,0,0.27088127507374654
23667,202610,0,0.1344423585554032
23668,202610,0,0.0601997337057666
23669,202610,0,0.16405472171246843
23670,202610,0,0.08984014426939922
23671,202610,0,0.1250662559089308
23672,202610,0,0.2053407150723882
23673,202610,0,0.15793097323297903
23674,202610,0,0.11339132248491358
23675,202610,0,0.15544258658463891
23676,202610,0,0.19583934561285987
23677,202610,0,0.24087283182460706
23678,202610,1,0.26674911010729246
23679,202610,0,0.17494889339791497
23680,202610,0,0.18095324081283326
23681,202610,0,0.1679210001992361
23682,202610,1,0.16685834140908015
23683,202610,1,0.19317666655216156
23684,202610,0,0.2670297309423025
23685,202610,1,0.1899636110694424
23686,202610,0,0.15812324786500703
23687,202610,0,0.14685583193075127
23688,202610,0,0.06417189714765047
23689,202610,0,0.17878654978274025
23690,202610,1,0.20640455204280878
23691,202610,0,0.18241829463312306
23692,202610,0,0.3180162574601623
23693,202610,0,0.15337230194837345
23694,202610,0,0.1549720886944673
23695,202610,0,0.21834166130129726
23696,202610,0,0.08653392659108296
23697,202610,0,0.151470819577235
23698,202610,0,0.14429822268279122
23699,202610,1,0.21179128308029582
23700,202610,0,0.08169954203037022
23701,202610,0,0.17504279887378735
23702,202610,1,0.31142661077292627
23703,202610,0,0.23126625985879817
23704,202610,0,0.12551252187578207
23705,202610,0,0.30585806125306386
23706,202610,0,0.10657231488950158
23707,202610,0,0.16469257524250858
23708,202610,1,0.19157947642145762
23709,202610,1,0.15004018480401268
23710,202610,0,0.17406567814316337
23711,202610,0,0.11107467099458007
23712,202610,1,0.11842549556437283
23713,202610,0,0.23334739026744983
23714,202610,0,0.16100156556137965
23715,202610,0,0.1748479163305479
23716,202610,0,0.11745737188522064
23717,202610,1,0.21710465722509537
23718,202610,1,0.14387972334776447
23719,202610,0,0.1785607661227464
23720,202610,1,0.34257711764635734
23721,202610,0,0.09545094393511841
23722,202610,0,0.15243873052529802
23723,202610,0,0.16789811525766368
23724,202610,0,0.17922966364925924
23725,202610,1,0.19506661901618866
23726,202610,0,0.09736073143589608
23727,202610,1,0.09882082016666255
23728,202610,0,0.10082109523095265
23729,202610,0,0.21099141324526818
23730,202610,0,0.3060205545020757
23731,202610,0,0.1510796795894176
23732,202610,1,0.2630172673239153
23733,202610,0,0.1593447689732965
23734,202610,0,0.1997574088759887
23735,202610,0,0.09863647848781819
23736,202610,0,0.08665037850468246
23737,202610,0,0.10301072173553766
23738,202610,0,0.21314149908962413
23739,202610,1,0.24055013940566572
23740,202610,0,0.1569461266336505
23741,202610,1,0.2043071327057491
23742,202610,0,0.07774901616475179
23743,202610,0,0.21169702636947957
23744,202610,0,0.13399100675179332
23745,202610,0,0.24155685213886238
23746,202610,1,0.22352767717937191
23747,202610,1,0.07477826360190835
23748,202610,0,0.14161742989569737
23749,202610,0,0.2322073918674509
23750,202610,1,0.20822821969896677
23751,202610,0,0.19810139240849062
23752,202610,0,0.23331958851583026
23753,202610,0,0.14126233896865803
23754,202610,0,0.14489590305630834
23755,202610,0,0.0858744317518431
23756,202610,0,0.11214080019802404
23757,202610,1,0.12208367872617079
23758,202610,0,0.14260113863233068
23759,202610,0,0.2354318953674637
23760,202610,0,0.11472968026419468
23761,202610,0,0.27961857366675474
23762,202610,0,0.25209057666696955
23763,202610,0,0.0873682734414965
23764,202610,0,0.24305640677527646
23765,202610,0,0.08011437209467322
23766,202610,0,0.18003785417060716
23767,202610,0,0.07243463661767062
23768,202610,0,0.09469441653364075
23769,202610,0,0.08720261869563437
23770,202610,1,0.10455308341505967
23771,202610,0,0.1947526300045235
23772,202610,0,0.13040727196950005
23773,202610,0,0.06903340816236844
23774,202610,0,0.3598939806620737
23775,202610,0,0.058962904365071275
23776,202610,0,0.14447076211916554
23777,202610,0,0.08591794098961478
23778,202610,0,0.19695083661183294
23779,202610,0,0.10731981995100466
23780,202610,0,0.09199505938812236
23781,202610,0,0.09009395219080192
23782,202610,0,0.11622079862465567
23783,202610,0,0.10251094662158333
23784,202610,1,0.1273898186314452
23785,202610,0,0.17389140415543586
23786,202610,1,0.16036213762365836
23787,202610,0,0.06696342437339667
23788,202610,0,0.0952272319073894
23789,202610,0,0.19440095356871906
23790,202610,0,0.19612648096778043
23791,202610,0,0.12030151451247234
23792,202610,0,0.22648204459591834
23793,202610,0,0.23347444686749683
23794,202610,0,0.1683704119218748
23795,202610,0,0.14477997290109973
23796,202610,0,0.1337523531106765
23797,202610,0,0.10828303512772859
23798,202610,0,0.05280080385874276
23799,202610,0,0.1290565344570909
23800,202610,0,0.17541885588610728
23801,202610,0,0.12715845586305896
23802,202610,1,0.2371453531444048
23803,202610,0,0.09314641986170302
23804,202610,0,0.07725391448492622
23805,202610,1,0.15453607839891778
23806,202610,0,0.13531159470800752
23807,202610,0,0.20473328523214832
23808,202610,0,0.05587020249810097
23809,202610,0,0.09339112410635216
23810,202610,0,0.17168015571844786
23811,202610,1,0.25721818126679474
23812,202610,1,0.25108118229423293
23813,202610,0,0.11067417366917866
23814,202610,1,0.21532365576218557
23815,202610,0,0.24028147469305203
23816,202610,0,0.2495119873096535
23817,202610,1,0.13896487685212922
23818,202610,0,0.12049559559654872
23819,202610,0,0.2511663366964413
23820,202610,1,0.14963099666302182
23821,202610,0,0.2008314393531658
23822,202610,0,0.27474149969095335
23823,202610,0,0.18950527871989628
23824,202610,0,0.12014880437802786
23825,202610,0,0.15123341862960024
23826,202610,1,0.20161839507488827
23827,202610,1,0.2111464136351254
23828,202610,0,0.27992487498716456
23829,202610,0,0.16780305812549554
23830,202610,0,0.20895805895668845
23831,202610,0,0.06176369502449706
23832,202610,0,0.15111756669026555
23833,202610,0,0.26353399507330894
23834,202610,0,0.19987719552811936
23835,202610,0,0.155445056771145
23836,202610,0,0.13240280332177
23837,202610,0,0.1918645065187884
23838,202610,1,0.2076558991490684
23839,202610,0,0.059257694677101104
23840,202610,1,0.07994376672376015
23841,202610,1,0.26189036555311535
23842,202610,0,0.24361995128397734
23843,202610,0,0.19174696186264614
23844,202610,0,0.1391645598278119
23845,202610,1,0.2041798291977556
23846,202610,0,0.20505090132874515
23847,202610,0,0.14624730109541736
23848,202610,0,0.13529461498597625
23849,202610,0,0.1984113270224968
23850,202610,0,0.26668487909609345
23851,202610,0,0.1931297847807348
23852,202610,0,0.13623864191369442
23853,202610,0,0.13060762105430204
23854,202610,0,0.16393131618664097
23855,202610,1,0.178905764143407
23856,202610,0,0.15886862041190358
23857,202610,1,0.2598048644232145
23858,202610,0,0.18530906071923842
23859,202610,0,0.33053286713249985
23860,202610,1,0.3105410051532129
23861,202610,0,0.16237910166498645
23862,202610,1,0.12287421846047251
23863,202610,0,0.13707871060702614
23864,202610,0,0.1757757026894818
23865,202610,0,0.1957682905690555
23866,202610,0,0.13315196477818425
23867,202610,0,0.08389658605450895
23868,202610,0,0.16644313229794935
23869,202610,0,0.06245667913861757
23870,202610,1,0.20624835098329508
23871,202610,1,0.09610226944116654
23872,202610,0,0.15791551359182504
23873,202610,1,0.1247794888907556
23874,202610,1,0.11323434811133529
23875,202610,0,0.08602185227661027
23876,202610,0,0.17676093645338464
23877,202610,0,0.13481130328010235
23878,202610,0,0.10248478604197185
23879,202610,0,0.1490908091875007
23880,202610,0,0.23607082925046233
23881,202610,0,0.16027989595060846
23882,202610,1,0.1486599829573851
23883,202610,0,0.18822955023445542
23884,202610,0,0.10976668120484065
23885,202610,0,0.19086256016598374
23886,202610,1,0.20878169614264191
23887,202610,1,0.16307073567961688
23888,202610,0,0.09874846846641262
23889,202610,0,0.19447310721327823
23890,202610,0,0.1268715520721573
23891,202610,0,0.1622376124247745
23892,202610,0,0.20212481215169245
23893,202610,0,0.24693642489300058
23894,202610,0,0.12177900306221089
23895,202610,0,0.10083389643933775
23896,202610,0,0.08232550507903061
23897,202610,0,0.1418033815761983
23898,202610,0,0.17151840850187222
23899,202610,0,0.11230494764295937
23900,202610,0,0.12419682625135166
