id_cliente,mes,objetivo,prediccion
2,202609,0,0.14022058585426167
3,202609,0,0.0799400534946123
7,202609,0,0.14552815760861032
8,202609,0,0.0991141182317838
10,202609,0,0.07348135711371441
11,202609,0,0.1442425126343361
12,202609,0,0.04123132678264675
14,202609,0,0.05890860833860489
16,202609,0,0.13585468303983503
25,202609,0,0.14121790503644713
32,202609,0,0.08924277767970795
36,202609,1,0.1359655693871361
38,202609,0,0.07651987887843655
42,202609,0,0.15308344718190128
48,202609,0,0.17454468711136212
50,202609,1,0.21876901359905904
53,202609,0,0.09689823785622428
55,202609,0,0.05417609552978798
63,202609,0,0.09941317724726258
65,202609,0,0.11480263306687247
66,202609,0,0.07676780231451363
67,202609,1,0.15132568538832786
70,202609,0,0.13535304737496318
74,202609,0,0.13276411806879593
76,202609,0,0.12931238305991893
83,202609,0,0.061031284326099035
90,202609,0,0.10150802561837433
97,202609,0,0.10196546220431328
98,202609,0,0.17248974550436758
102,202609,0,0.1461993400607907
104,202609,0,0.09759656354206314
107,202609,0,0.24853064739645386
118,202609,0,0.08143832261601987
121,202609,0,0.07485800809916522
122,202609,0,0.15465708590018704
124,202609,0,0.14477264343300142
125,202609,0,0.1370910632044767
126,202609,0,0.12484326183776916
134,202609,1,0.06341405101233166
137,202609,0,0.20351644071246866
138,202609,0,0.23260492951422884
143,202609,0,0.06262085201037795
144,202609,0,0.14894769623701665
147,202609,0,0.17608152968301602
156,202609,1,0.18657819153015023
157,202609,0,0.15769285052926385
163,202609,0,0.09407321494874661
165,202609,0,0.07423197545020054
167,202609,0,0.10529229049731302
169,202609,1,0.10290959250673623
173,202609,0,0.049337662970481345
177,202609,0,0.12929069545148972
194,202609,1,0.2706364983554383
197,202609,0,0.12361876868933766
201,202609,1,0.17256888582582863
203,202609,0,0.22131706006397997
205,202609,0,0.08323141951595896
206,202609,0,0.0696748336284923
209,202609,0,0.07026517939530653
228,202609,0,0.1140053556783328
231,202609,0,0.1254929968038232
237,202609,0,0.14278853240930534
242,202609,0,0.126000222302906
243,202609,0,0.07259518296161281
247,202609,0,0.1179412367494118
249,202609,0,0.07905366258935431
253,202609,0,0.17548876650945539
256,202609,0,0.08511940974739199
261,202609,0,0.07891722599840789
263,202609,0,0.05435510718058065
272,202609,0,0.05180845518098358
275,202609,0,0.06526960010680043
277,202609,1,0.24507357188775852
279,202609,0,0.1709486477598886
280,202609,0,0.10611521057075715
285,202609,1,0.13865000663846375
288,202609,0,0.12684378555796844
292,202609,0,0.13328139285567647
294,202609,1,0.09474001644845684
297,202609,0,0.10279124630592178
299,202609,0,0.09848872856089459
300,202609,0,0.15358629723555803
302,202609,0,0.04548303589107362
304,202609,0,0.13770521879152878
305,202609,0,0.12338179822216651
308,202609,0,0.17573946449623595
312,202609,0,0.2101977379636309
317,202609,0,0.14479019966826817
318,202609,0,0.16771055977606578
319,202609,0,0.16928140334353767
321,202609,0,0.13431397607750148
323,202609,0,0.1087447474391154
325,202609,0,0.17665206124807623
339,202609,0,0.12571745477633367
340,202609,0,0.11237433561369731
342,202609,1,0.13118407199634277
347,202609,0,0.24556491477651288
353,202609,0,0.12454787326636628
355,202609,0,0.07379021454707531
359,202609,0,0.150599904018056
368,202609,0,0.1587848091648175
371,202609,0,0.07038214144460192
376,202609,1,0.055110655715975544
378,202609,0,0.10974787103957438
388,202609,0,0.10458291667919509
389,202609,0,0.07295274669084101
390,202609,0,0.15248761491068016
392,202609,0,0.08643387440417655
400,202609,0,0.14776123679264305
403,202609,0,0.13270860976677562
404,202609,0,0.03895975927918258
409,202609,0,0.1205923147410564
412,202609,0,0.11759140787634198
420,202609,0,0.1669291423178123
422,202609,0,0.060405063383579434
424,202609,1,0.13253901270133892
425,202609,0,0.14645517037553493
426,202609,1,0.14325133951594896
428,202609,0,0.1200254675817183
429,202609,0,0.044677053437506525
430,202609,0,0.11636250517390918
431,202609,1,0.05305934095379883
434,202609,0,0.06229066721741738
437,202609,0,0.17912599858897024
440,202609,0,0.193402915870908
443,202609,0,0.05611347986195034
445,202609,0,0.07739799674920529
447,202609,0,0.0925645522027682
450,202609,1,0.10686197163609852
461,202609,0,0.15390244307545994
464,202609,0,0.04909422862461568
466,202609,0,0.1707189260533516
468,202609,0,0.17989803238510288
470,202609,0,0.11010934373632665
473,202609,0,0.10489944751033098
474,202609,0,0.07792837141555811
475,202609,0,0.048608866944475276
476,202609,0,0.11009161200480827
477,202609,0,0.1477603402380859
480,202609,0,0.04782590331849915
483,202609,0,0.14169698296339894
486,202609,1,0.09301729456014711
487,202609,0,0.14226721257711522
489,202609,0,0.08400848011251512
491,202609,1,0.17257266980872835
492,202609,1,0.08816759523171364
495,202609,0,0.13235955539632047
496,202609,0,0.12940344690755032
497,202609,0,0.1585422621130513
499,202609,0,0.10011681982668542
502,202609,0,0.11251697997303439
504,202609,0,0.10484556072751698
506,202609,1,0.0943614204671334
508,202609,0,0.06344941161030171
514,202609,0,0.12439133799239836
515,202609,0,0.1610884362217785
538,202609,0,0.10538129538687968
545,202609,1,0.12928585977222287
548,202609,0,0.11099946331575128
551,202609,0,0.11187670681093721
553,202609,0,0.13934423880804003
560,202609,0,0.058816361361637835
564,202609,0,0.08190879795203809
567,202609,0,0.17723713895635537
570,202609,0,0.1563786058745907
572,202609,0,0.07869197895922762
576,202609,1,0.0885837526786941
577,202609,0,0.059394838685374526
578,202609,0,0.19763757567797327
579,202609,0,0.14346191834519376
591,202609,0,0.061033931869221354
592,202609,1,0.19179734845595625
593,202609,0,0.10515979885237633
603,202609,0,0.09969317293123739
604,202609,0,0.13616858163766532
606,202609,0,0.11871601685373712
614,202609,0,0.1656273382293031
615,202609,1,0.05302994059241544
616,202609,0,0.04599081863669488
622,202609,0,0.1079493152321977
623,202609,0,0.14150472812093878
626,202609,0,0.05684527792195657
627,202609,0,0.1771884367851724
632,202609,0,0.05289135043725474
635,202609,1,0.11117515029013304
637,202609,0,0.06284184732275819
640,202609,0,0.127743327936261
644,202609,0,0.1156789867684754
647,202609,0,0.0730860943771787
648,202609,0,0.046352139391705294
653,202609,0,0.1612410720083088
654,202609,0,0.07022996029658352
659,202609,0,0.16479543438685187
661,202609,0,0.07499793196023115
667,202609,0,0.1667265463100425
670,202609,0,0.061755734330778564
671,202609,0,0.06870008532257624
673,202609,0,0.11011740818143707
674,202609,0,0.07077013120751316
679,202609,0,0.1211013843499457
682,202609,0,0.11665018534160873
683,202609,0,0.14672946523572686
687,202609,0,0.13703625690505922
688,202609,0,0.08207119910456884
689,202609,0,0.15431572842023147
692,202609,1,0.10318252949801517
701,202609,0,0.06006482751143928
705,202609,0,0.12468752003014025
707,202609,0,0.0757546714112427
710,202609,0,0.08025938955769991
714,202609,0,0.12428473753683945
715,202609,0,0.0869822603515887
716,202609,0,0.1063243803746344
717,202609,0,0.1463213117589991
721,202609,0,0.16790403228143216
725,202609,1,0.10621441267531259
727,202609,1,0.1852629177894592
729,202609,0,0.08746167958536222
732,202609,0,0.1145702397439389
734,202609,0,0.16748186517405841
736,202609,0,0.14822221940416314
738,202609,0,0.10281974487582121
740,202609,0,0.18361141200390335
742,202609,0,0.06351843238092532
750,202609,0,0.12208192277170786
764,202609,0,0.1103321950949324
767,202609,0,0.07536079917899666
768,202609,0,0.15596647400563765
773,202609,0,0.05890913617755
774,202609,0,0.14630282237343745
777,202609,0,0.06628533563642212
778,202609,0,0.1401031364716314
779,202609,0,0.09838958054994197
780,202609,1,0.22350200900279915
784,202609,0,0.1430880737095228
785,202609,0,0.15932051693612528
786,202609,0,0.1363236757957852
787,202609,0,0.24687445042537298
788,202609,0,0.12250658319560749
790,202609,0,0.08863005360903302
792,202609,1,0.07571042732895619
794,202609,0,0.07331067719724456
796,202609,0,0.11337099045132472
802,202609,0,0.059726905413761334
812,202609,0,0.09239970947033035
814,202609,0,0.05197938072749266
816,202609,0,0.06945330458783228
817,202609,0,0.1425018593563051
825,202609,1,0.13767781300455995
828,202609,0,0.17275957706856254
832,202609,1,0.2142532026016093
833,202609,1,0.08083205177234226
834,202609,0,0.11799160704985748
835,202609,0,0.17039841068836872
836,202609,0,0.08013869552895879
837,202609,0,0.12703945726494645
840,202609,0,0.07713671394935225
841,202609,0,0.10131321113341821
843,202609,0,0.12976730848586202
845,202609,1,0.1721201686867718
850,202609,0,0.07009701281169184
853,202609,1,0.08033974851375374
854,202609,0,0.08697373073394644
857,202609,0,0.18809907673855267
858,202609,0,0.08649474833810399
859,202609,0,0.07228296359827421
864,202609,0,0.16105479149972096
869,202609,0,0.13091048362579208
881,202609,1,0.20641099328850634
883,202609,0,0.06763836932681026
885,202609,0,0.0855519157291826
887,202609,0,0.0752754654011571
893,202609,1,0.15535172950777149
899,202609,0,0.21140550539018416
902,202609,0,0.16279897009061578
907,202609,0,0.18399093646862735
912,202609,0,0.14968009778699445
913,202609,0,0.08528837712472596
915,202609,0,0.10844643112722137
916,202609,0,0.10966366825474494
917,202609,0,0.10897925008138303
918,202609,0,0.0981494070052511
923,202609,0,0.2519023131493242
924,202609,0,0.10846227189155093
929,202609,0,0.12079161396951368
933,202609,0,0.08458804618566096
934,202609,0,0.10042141411374554
936,202609,0,0.06599099858695048
939,202609,0,0.07041712525964665
941,202609,0,0.05311634639255825
946,202609,0,0.1068841291978313
948,202609,0,0.06985506155682387
952,202609,0,0.12214749112318392
959,202609,0,0.13429983463857142
963,202609,0,0.09951597056279066
965,202609,0,0.13085871200234148
970,202609,0,0.17200167694478433
975,202609,0,0.26103460968934455
979,202609,0,0.10230290912197076
982,202609,0,0.04627062632427056
986,202609,0,0.06596575749368061
988,202609,0,0.18080371221050442
992,202609,0,0.17427615413159528
1003,202609,0,0.050605941035886386
1004,202609,0,0.13667536671710917
1007,202609,0,0.09377260047258888
1009,202609,0,0.15243257609556773
1014,202609,0,0.1374195008896641
1017,202609,0,0.04822046010134035
1018,202609,0,0.10460583166589263
1022,202609,0,0.09763524359582024
1027,202609,1,0.1661310681900943
1037,202609,1,0.13539372736193342
1040,202609,0,0.11105420523424621
1043,202609,0,0.08127108853050424
1045,202609,0,0.08124956948734985
1046,202609,0,0.13653143431913994
1052,202609,0,0.12205375520010354
1061,202609,0,0.04546643972756183
1063,202609,0,0.0995675795025984
1064,202609,0,0.13633272287060338
1067,202609,0,0.11345392694897899
1070,202609,0,0.11881514285777112
1073,202609,1,0.12623030653149067
1075,202609,0,0.06833917893527104
1081,202609,1,0.07881704973991525
1085,202609,0,0.10342829962867867
1088,202609,0,0.15773000002147375
1105,202609,0,0.06555340016955598
1108,202609,1,0.17563711134697216
1112,202609,0,0.12193025823694156
1116,202609,0,0.1786279788078757
1117,202609,0,0.27467267102395326
1123,202609,0,0.11699886351941768
1125,202609,0,0.13814449896907138
1132,202609,0,0.07696575037526736
1139,202609,0,0.08826232606690833
1140,202609,0,0.11958926643313998
1160,202609,0,0.059067574530521666
1161,202609,0,0.1280720880894196
1165,202609,0,0.09284507684001611
1171,202609,0,0.15240051456515746
1179,202609,0,0.06722005248865243
1181,202609,0,0.10429249019599382
1185,202609,0,0.1129557313038669
1186,202609,0,0.10953138575615387
1197,202609,0,0.1166353849293566
1202,202609,0,0.16248111999138382
1205,202609,0,0.04798150258204053
1206,202609,0,0.18896425887488086
1207,202609,0,0.17921861927880234
1210,202609,1,0.10727985982469176
1212,202609,1,0.10818059571273034
1213,202609,0,0.11859854779454618
1216,202609,0,0.07101602129767616
1228,202609,0,0.10740979324036312
1232,202609,0,0.1256963632797016
1233,202609,0,0.15087437344208537
1238,202609,0,0.14396647448749034
1241,202609,0,0.06990792096479001
1244,202609,0,0.06919390410419661
1246,202609,0,0.06628225817041017
1247,202609,0,0.13236599025225204
1257,202609,0,0.09186331130296117
1258,202609,0,0.11926441576166222
1263,202609,0,0.15409673321707937
1267,202609,1,0.14725367121481583
1286,202609,0,0.09232720855973532
1287,202609,1,0.10465454990888468
1288,202609,1,0.06155918768376607
1289,202609,0,0.12944004905465772
1292,202609,0,0.10884449131848811
1301,202609,0,0.17993207578367756
1302,202609,0,0.05350923527209159
1303,202609,0,0.20794784335175312
1308,202609,0,0.20037392758426303
1309,202609,0,0.11744809515820691
1310,202609,0,0.13966888866832897
1312,202609,0,0.13343910969014075
1314,202609,0,0.08741154415189899
1322,202609,0,0.08605107972286385
1326,202609,0,0.08577795334461057
1327,202609,0,0.15562165075228745
1328,202609,0,0.08203008189511023
1334,202609,0,0.11456697805869341
1336,202609,0,0.1344074342592214
1337,202609,0,0.04995364889584827
1338,202609,0,0.07042371262496057
1340,202609,0,0.14519685718982953
1351,202609,0,0.09698253201069153
1352,202609,0,0.31658827105590726
1361,202609,0,0.18165759545881954
1364,202609,1,0.15497640102733914
1365,202609,0,0.18412241388513947
1368,202609,0,0.2550372761800122
1370,202609,0,0.09309742568529225
1377,202609,1,0.10423655916010933
1378,202609,0,0.16015668211265993
1379,202609,0,0.1660406400372566
1381,202609,0,0.15624535348378651
1388,202609,0,0.1464318998691026
1392,202609,0,0.09154712109751838
1393,202609,0,0.1154639503591751
1395,202609,0,0.08159095597088137
1400,202609,0,0.09615355974321141
1404,202609,0,0.06911485508156202
1405,202609,0,0.07059724806031208
1411,202609,0,0.1539100949660546
1414,202609,0,0.16939443085289393
1415,202609,0,0.056480946550312584
1420,202609,0,0.09302212700120896
1423,202609,0,0.09092740368566782
1425,202609,0,0.06376722260163284
1434,202609,0,0.19988275529897565
1440,202609,1,0.2484792320129138
1444,202609,0,0.15364429776675775
1445,202609,0,0.13967650113271812
1452,202609,1,0.06465819045543161
1453,202609,0,0.13993980983492244
1455,202609,0,0.17834249283017423
1459,202609,0,0.07791466060951584
1460,202609,0,0.1715641277253722
1465,202609,0,0.24296580218189445
1468,202609,1,0.15280082356922595
1474,202609,0,0.12444252659412074
1475,202609,0,0.0516422508352734
1476,202609,0,0.09481739966359914
1477,202609,0,0.08118876491664671
1481,202609,0,0.17072560313241086
1489,202609,0,0.10266268626460877
1490,202609,1,0.12475443053705035
1495,202609,0,0.13487511276203165
1496,202609,0,0.07186397107036376
1500,202609,1,0.14061587988878219
1501,202609,0,0.1088114126806793
1504,202609,0,0.05779858714965946
1506,202609,0,0.10540206797924818
1508,202609,0,0.0823046320260109
1516,202609,0,0.13943615882831947
1529,202609,1,0.1556105886160267
1532,202609,0,0.22775280806580167
1533,202609,0,0.12362836146420436
1535,202609,0,0.07560651058426594
1538,202609,0,0.12976640164742662
1541,202609,0,0.07599634274514289
1546,202609,0,0.05919324449372246
1552,202609,0,0.06670883912785243
1553,202609,0,0.190098728546453
1558,202609,0,0.158870553629313
1559,202609,0,0.10076928343963586
1564,202609,0,0.09388263549594249
1566,202609,0,0.09565125583075826
1567,202609,0,0.1605378195012059
1571,202609,1,0.1777461653500425
1573,202609,0,0.13108567830759388
1576,202609,0,0.08848108781844008
1577,202609,0,0.06736261272382708
1578,202609,0,0.062439033514476605
1581,202609,1,0.1100264309180193
1583,202609,0,0.12096689123789524
1586,202609,0,0.13733855749223564
1587,202609,0,0.10353536091016513
1589,202609,0,0.15507731570868707
1590,202609,0,0.12922926376472285
1591,202609,0,0.11331371195134037
1592,202609,0,0.09850851614041711
1598,202609,0,0.055193966446124704
1602,202609,0,0.16898275340836721
1603,202609,1,0.11183289574408906
1604,202609,0,0.09518544396571764
1606,202609,0,0.09494146699966412
1610,202609,0,0.1315280425656933
1614,202609,0,0.05019444941064535
1615,202609,0,0.18115971289385543
1616,202609,0,0.16759986558913573
1619,202609,0,0.12964122815912274
1623,202609,0,0.14540341408648386
1626,202609,0,0.0803269365304846
1631,202609,0,0.07498931090154161
1639,202609,0,0.04454267983184576
1645,202609,1,0.14369700185385942
1648,202609,0,0.04629931481201277
1653,202609,0,0.06403309242090598
1659,202609,0,0.08923079558666382
1667,202609,1,0.14580362322320098
1669,202609,0,0.1485493592760935
1673,202609,0,0.11954619389147168
1677,202609,0,0.19130387708317698
1678,202609,0,0.12254975444654721
1680,202609,0,0.08814345065018044
1682,202609,0,0.195163964690393
1683,202609,0,0.1300812314511831
1692,202609,0,0.08178483552800754
1693,202609,0,0.11348751509222657
1694,202609,0,0.2106748449469649
1695,202609,0,0.12843811420033935
1696,202609,0,0.1378984737072667
1698,202609,0,0.17887171183631126
1706,202609,0,0.20623517365445612
1707,202609,0,0.11792276323234113
1709,202609,0,0.12139640441254164
1710,202609,0,0.1346155440742376
1717,202609,1,0.13147949331049097
1719,202609,0,0.09224878831375047
1720,202609,0,0.05962968758823466
1723,202609,0,0.11497391421438084
1724,202609,0,0.142572393170055
1726,202609,0,0.12673083283061484
1727,202609,0,0.1696725318653751
1730,202609,0,0.08817552438874753
1732,202609,0,0.11917137445170792
1733,202609,0,0.1141411300571978
1736,202609,0,0.09876881552030771
1743,202609,0,0.11965343388909547
1746,202609,1,0.07782033970355184
1751,202609,0,0.11304328310954574
1752,202609,0,0.14510924917659693
1754,202609,0,0.1481517200342262
1756,202609,0,0.0714525511672447
1757,202609,1,0.15321759735924506
1760,202609,0,0.0836240564640908
1764,202609,0,0.1901597468782416
1765,202609,0,0.056424714777661665
1774,202609,1,0.10858150190717762
1776,202609,0,0.09037202838923351
1778,202609,0,0.07069546889661728
1779,202609,0,0.1418154021751246
1781,202609,0,0.05791694031564146
1783,202609,0,0.061639174689941935
1795,202609,0,0.08387272325606952
1798,202609,0,0.12336082158089286
1799,202609,1,0.17332345570044175
1805,202609,0,0.10317320185921369
1808,202609,0,0.04402452114016203
1809,202609,0,0.12844219362242895
1814,202609,0,0.1333601637581369
1819,202609,0,0.14044257704294758
1821,202609,0,0.11140681793674005
1822,202609,0,0.10386620485197516
1824,202609,0,0.16729685357763346
1827,202609,0,0.1294671399025639
1832,202609,0,0.09399470115177587
1834,202609,0,0.15893710867567062
1844,202609,0,0.20181018129285205
1851,202609,0,0.16412865634625695
1867,202609,0,0.1454470668832502
1869,202609,0,0.09748677886197646
1875,202609,0,0.3064141171899218
1878,202609,1,0.08513991760668611
1882,202609,0,0.1501373378078574
1897,202609,0,0.08917163178171951
1907,202609,1,0.09528738729150431
1910,202609,0,0.06115915252809145
1917,202609,0,0.1346442494016946
1918,202609,0,0.08224331697526997
1919,202609,0,0.10689063119201664
1923,202609,0,0.05472298756746203
1935,202609,0,0.13275770410351828
1936,202609,0,0.18430468776566497
1937,202609,0,0.07006564628595201
1944,202609,0,0.12542805647933702
1949,202609,0,0.1487281888124994
1950,202609,0,0.08581312462225592
1952,202609,0,0.04697094536503033
1954,202609,1,0.20411231924838197
1955,202609,0,0.1784933828396406
1956,202609,0,0.15486530526457198
1957,202609,1,0.1572889255512824
1964,202609,0,0.0908394412844845
1965,202609,0,0.11922933453076866
1969,202609,0,0.06413112687402026
1970,202609,0,0.09223534627124193
1971,202609,0,0.12067174232243645
1972,202609,0,0.1239719764784937
1977,202609,0,0.09944623478007474
1982,202609,0,0.0869673744946381
1995,202609,0,0.09060331752153736
1996,202609,0,0.152466838988387
1997,202609,0,0.1558018885049422
2002,202609,0,0.16616147452456576
2004,202609,0,0.10853391587018803
2011,202609,0,0.14616606895491427
2013,202609,0,0.17563914038400785
2014,202609,0,0.12194624067796095
2018,202609,0,0.14585429657198298
2020,202609,1,0.19461454264722863
2026,202609,0,0.13909717145655195
2040,202609,0,0.12344615438734587
2043,202609,0,0.12560448586934317
2052,202609,0,0.17769304638535272
2060,202609,0,0.13825470467445433
2069,202609,0,0.12195035112322863
2073,202609,0,0.0955934751958445
2075,202609,0,0.213598197350166
2076,202609,0,0.05542775026799634
2080,202609,1,0.11923798145674899
2082,202609,0,0.06797600881101357
2083,202609,0,0.1225436257809911
2086,202609,1,0.07811313803141078
2089,202609,0,0.049474003887127596
2091,202609,0,0.15500777427064902
2092,202609,1,0.10947767057201403
2100,202609,0,0.1630893466589574
2103,202609,0,0.12928437439475948
2109,202609,0,0.061582995693122373
2111,202609,0,0.0839896417435757
2112,202609,0,0.13315426418479773
2113,202609,0,0.1764604407566354
2119,202609,0,0.06492912512134483
2121,202609,0,0.13647047530546566
2125,202609,0,0.14843540115773837
2127,202609,0,0.19492328268377587
2128,202609,0,0.1406821078467984
2132,202609,0,0.18130410800714644
2138,202609,0,0.1633992134763872
2139,202609,0,0.13223462187378726
2142,202609,0,0.09960818119007613
2146,202609,0,0.1422946671648378
2148,202609,0,0.09047897574165212
2149,202609,0,0.21767642083121472
2156,202609,0,0.07646733484621815
2157,202609,0,0.13724239279943978
2159,202609,0,0.10585370007597862
2160,202609,0,0.10280751276773258
2164,202609,0,0.15096687397266095
2169,202609,0,0.18658387289644335
2170,202609,0,0.10030572373449702
2175,202609,1,0.12005560179718655
2180,202609,0,0.12943127864582127
2186,202609,0,0.07140303206764831
2188,202609,0,0.059070686159706697
2190,202609,0,0.12757152043733044
2194,202609,1,0.22146527520066164
2197,202609,0,0.1099181029707727
2203,202609,0,0.11761249572853773
2204,202609,0,0.16178884706777305
2205,202609,0,0.10368978521070543
2207,202609,0,0.10712733243954561
2209,202609,0,0.06633447182915815
2211,202609,0,0.13990539549134573
2214,202609,0,0.11321693463154998
2216,202609,1,0.1503076008638935
2217,202609,1,0.19592904271776262
2219,202609,0,0.10735053376052896
2220,202609,0,0.05149447033669258
2226,202609,0,0.11193151332461762
2229,202609,0,0.1276600665488566
2234,202609,0,0.12115615061583179
2235,202609,1,0.1737379972381235
2237,202609,0,0.16100385331288408
2240,202609,0,0.11427909680871874
2249,202609,0,0.05939160300342915
2252,202609,0,0.12002309509662028
2264,202609,0,0.19515055082852356
2269,202609,0,0.13859526982490716
2270,202609,1,0.11888288599069441
2272,202609,0,0.0687237871952182
2278,202609,0,0.1354376318294377
2283,202609,0,0.11527775568456079
2284,202609,0,0.15176657103414842
2287,202609,0,0.1942720676197716
2288,202609,0,0.22401182353977014
2290,202609,0,0.08444365751422551
2294,202609,0,0.14696123238502024
2298,202609,0,0.06434865550985218
2301,202609,1,0.11440712753737942
2316,202609,1,0.09456193383960729
2320,202609,1,0.1453472523868387
2328,202609,0,0.1138945292802231
2329,202609,0,0.22062762496519317
2330,202609,0,0.16787906705614933
2336,202609,0,0.1355741794494886
2338,202609,0,0.15174797231699177
2341,202609,0,0.14518931442649008
2353,202609,0,0.17345796870781002
2356,202609,0,0.06968598268969158
2358,202609,0,0.19492677543327386
2366,202609,0,0.09834180968432338
2375,202609,1,0.06533129751629219
2382,202609,0,0.08026220114588277
2392,202609,0,0.1756372737421274
2399,202609,0,0.13962409385224273
2401,202609,0,0.0800605518582366
2404,202609,0,0.07458406182637092
2408,202609,0,0.08031480014229041
2409,202609,0,0.14062476710886404
2410,202609,0,0.13708661238317976
2415,202609,0,0.0840624994589553
2421,202609,0,0.1991025760968519
2425,202609,0,0.14423171469395002
2427,202609,0,0.18502131882810366
2429,202609,0,0.10219749784748199
2432,202609,0,0.11689859854377949
2435,202609,0,0.07186232735816003
2436,202609,0,0.1334475914933092
2439,202609,1,0.18326308219922657
2441,202609,0,0.1839125637312617
2447,202609,0,0.12634784765894014
2448,202609,1,0.12183655700304973
2449,202609,0,0.06231253239322523
2450,202609,0,0.0912494370678029
2454,202609,0,0.07115501383572963
2460,202609,0,0.06767348360174755
2466,202609,0,0.1993335607812799
2472,202609,0,0.15749002017302743
2479,202609,0,0.05365325161670243
2483,202609,0,0.14775606572322983
2484,202609,0,0.12581818436852973
2492,202609,0,0.1597839960580992
2493,202609,0,0.07121271867447411
2495,202609,0,0.13316130650340283
2498,202609,0,0.20259693714342764
2501,202609,0,0.10713591817430176
2505,202609,1,0.21122461382263583
2506,202609,1,0.13380222298089475
2507,202609,0,0.19199927186448995
2510,202609,0,0.1370496232588177
2512,202609,0,0.04663355041357564
2513,202609,0,0.17284399511253162
2516,202609,0,0.07568104763066018
2517,202609,0,0.13338128580798447
2534,202609,0,0.1371199504205724
2538,202609,0,0.0779467934730256
2541,202609,1,0.09386145865518988
2544,202609,0,0.13494268455242467
2561,202609,0,0.13792662277154105
2563,202609,0,0.1114562905922872
2567,202609,0,0.10614050371146833
2569,202609,0,0.12054067884965318
2571,202609,0,0.14418722809151557
2576,202609,0,0.11919451124309144
2588,202609,0,0.15610671371313073
2592,202609,0,0.05735746705645568
2593,202609,0,0.0782586470651352
2602,202609,0,0.1078248330955388
2604,202609,0,0.14213614247654496
2613,202609,0,0.10314127842640701
2617,202609,0,0.13374335673721757
2618,202609,0,0.11446376373420392
2620,202609,0,0.11178449161589847
2626,202609,0,0.10507615642383868
2628,202609,0,0.1845472049934909
2629,202609,0,0.05451334486888446
2634,202609,0,0.04666338279023599
2636,202609,0,0.07393838862710553
2637,202609,0,0.14873926956367914
2643,202609,1,0.1146427901351398
2649,202609,0,0.14916716126838406
2653,202609,0,0.12930420689930708
2661,202609,0,0.12279982177854346
2662,202609,0,0.07929427470997781
2668,202609,0,0.11626596394916072
2673,202609,0,0.06608787164888313
2682,202609,0,0.15188137831375229
2684,202609,0,0.11451724325189523
2685,202609,0,0.09364149739048486
2686,202609,0,0.1087738176771118
2706,202609,0,0.1096443989845589
2709,202609,0,0.0888785049067797
2710,202609,0,0.13229831120137525
2712,202609,0,0.08257929753080849
2717,202609,0,0.08284467015319251
2718,202609,0,0.1682956660878024
2719,202609,1,0.13900130664732618
2720,202609,0,0.14396659201124112
2726,202609,0,0.16852779019409803
2732,202609,0,0.15142877576514635
2735,202609,0,0.13130119046461705
2736,202609,0,0.08146508659287842
2751,202609,1,0.09653759314031335
2754,202609,0,0.10945751547351629
2755,202609,0,0.06980331948307396
2758,202609,0,0.12020701298601146
2759,202609,0,0.07292786730962665
2761,202609,0,0.13216538168134395
2768,202609,0,0.10637010724460635
2769,202609,0,0.17909890028429978
2770,202609,0,0.16749344034166574
2776,202609,0,0.049474072247592475
2779,202609,0,0.16666703396602883
2782,202609,0,0.05554137977867322
2783,202609,0,0.1101327761298409
2790,202609,0,0.052064180937770634
2792,202609,1,0.16919179336712592
2794,202609,0,0.09581730610927883
2796,202609,0,0.07083787697622207
2801,202609,0,0.11533337708166876
2807,202609,0,0.10393808201370772
2810,202609,0,0.048264438311556926
2811,202609,0,0.05279588056816144
2813,202609,0,0.14215153458887936
2820,202609,0,0.11962444296331162
2822,202609,0,0.15309766798408983
2827,202609,1,0.19096512798519108
2830,202609,0,0.10210621634175174
2831,202609,0,0.15255709274004972
2835,202609,0,0.13966381663742344
2837,202609,0,0.1701142307152707
2852,202609,0,0.1485291522910903
2861,202609,0,0.10517742444365982
2864,202609,0,0.05716097160809716
2868,202609,0,0.1458691989314418
2869,202609,0,0.07414568067329967
2870,202609,0,0.200508248990438
2873,202609,1,0.12714325917389402
2879,202609,0,0.1555540903929292
2883,202609,0,0.05783163506643066
2888,202609,0,0.04670528530209152
2890,202609,0,0.05254895591352759
2891,202609,0,0.21438356304820566
2892,202609,0,0.0774019616409524
2895,202609,0,0.18324890746885528
2904,202609,0,0.07129995759129179
2908,202609,0,0.12925990734308085
2909,202609,0,0.09170462846584733
2911,202609,0,0.05759001613167131
2918,202609,0,0.06648616809034001
2920,202609,0,0.14973505267729884
2923,202609,0,0.10227692546715723
2931,202609,0,0.22709181484054317
2936,202609,0,0.14238864516339073
2938,202609,0,0.2492309877222233
2940,202609,0,0.2357101766900965
2942,202609,0,0.09790271181232807
2943,202609,0,0.07150424877968385
2945,202609,0,0.1572805205227768
2949,202609,0,0.0738197645894041
2954,202609,0,0.17907536294544732
2959,202609,0,0.14821420531812718
2966,202609,0,0.17028067728041535
2969,202609,0,0.11324007426130156
2970,202609,0,0.12437413737702155
2975,202609,0,0.11683222396246107
2976,202609,0,0.12045368427711498
2987,202609,0,0.1006438012886166
2993,202609,0,0.09215405588757651
2995,202609,0,0.06656997131356976
2998,202609,0,0.049713974104854855
3002,202609,0,0.11548598100930293
3003,202609,1,0.1335319056860377
3004,202609,0,0.13456970349475064
3008,202609,0,0.14022831660796267
3010,202609,0,0.07858862029267714
3019,202609,0,0.08513554656004173
3020,202609,0,0.13871878972833357
3021,202609,1,0.19974836960159342
3027,202609,0,0.08272297141260533
3030,202609,0,0.16871588618288286
3031,202609,0,0.1059980042823493
3037,202609,0,0.13393038461466478
3038,202609,0,0.07790463620099727
3039,202609,0,0.06903050338682513
3043,202609,0,0.12298467587738117
3048,202609,0,0.050009880622859305
3049,202609,0,0.12511795989887753
3050,202609,0,0.12409629653058274
3051,202609,0,0.11666712612029434
3053,202609,0,0.07449351887997778
3054,202609,0,0.07073429274043477
3056,202609,0,0.06652223154322316
3064,202609,0,0.0574828446259849
3067,202609,0,0.1423308212265461
3069,202609,0,0.20730425874112865
3071,202609,0,0.1391259652500765
3072,202609,0,0.13033420515834068
3075,202609,0,0.11828753684552912
3078,202609,0,0.12282782109217626
3080,202609,0,0.08046931786889817
3085,202609,0,0.13741924961898877
3089,202609,0,0.1703852211461195
3092,202609,1,0.1210718703728114
3096,202609,1,0.1141010180058951
3104,202609,0,0.08713182359851349
3106,202609,0,0.07230255597367154
3109,202609,0,0.17999865361366257
3111,202609,1,0.0980124350963225
3121,202609,1,0.1201387398096453
3125,202609,0,0.12207586429561214
3126,202609,0,0.05987013981825629
3134,202609,0,0.11733720895934698
3137,202609,0,0.06236789043638247
3139,202609,0,0.0848379873528576
3142,202609,0,0.13677259286575197
3147,202609,0,0.07870149040416927
3160,202609,0,0.06290671163270743
3168,202609,0,0.07750055194968215
3169,202609,0,0.11157322074509791
3172,202609,0,0.0736546848677173
3174,202609,0,0.1270065663284936
3176,202609,0,0.08387136215832036
3178,202609,0,0.1880931721055558
3179,202609,0,0.07198311896216925
3181,202609,0,0.12032464242329574
3190,202609,0,0.11346673967395125
3192,202609,0,0.15902948593952168
3196,202609,0,0.1500277935426636
3197,202609,0,0.17486447270552322
3203,202609,1,0.11701704104124437
3204,202609,1,0.235523281030911
3206,202609,0,0.14455538577968793
3208,202609,0,0.062306954438476905
3210,202609,0,0.06414126265338503
3214,202609,0,0.1852177179828987
3216,202609,0,0.2076859256121375
3217,202609,0,0.12580358488872959
3220,202609,0,0.06557883246987607
3221,202609,0,0.1062909459728702
3223,202609,0,0.18440070365846478
3228,202609,0,0.06321443492528125
3232,202609,0,0.10359492716843459
3246,202609,0,0.08821164026453188
3247,202609,0,0.10014220760669294
3253,202609,0,0.12068732496821273
3256,202609,0,0.05825041496425208
3257,202609,0,0.0784335265974741
3262,202609,0,0.07370705672957004
3263,202609,0,0.16517567872642303
3265,202609,0,0.09501245327417542
3269,202609,0,0.06222490843979383
3276,202609,0,0.0854104475031118
3279,202609,0,0.21519987729670054
3282,202609,0,0.10951758633760042
3284,202609,0,0.08379794360465531
3285,202609,0,0.09454731502189825
3294,202609,0,0.14964211468227098
3295,202609,0,0.12724600725742202
3297,202609,0,0.05042843173801025
3298,202609,0,0.13794819639282385
3302,202609,0,0.08040109947509243
3303,202609,0,0.12808469386820742
3309,202609,0,0.15218119676837
3311,202609,0,0.06125231478014593
3312,202609,0,0.1386024318927264
3313,202609,0,0.158383833420458
3321,202609,0,0.08808054437477263
3322,202609,0,0.11112511221744172
3325,202609,0,0.1279111516204204
3326,202609,0,0.058918213962092354
3329,202609,0,0.13635899478556815
3338,202609,1,0.18959785867073342
3343,202609,0,0.13290416852859166
3344,202609,1,0.13127500342740514
3345,202609,0,0.16724188544627253
3347,202609,0,0.09804604432058926
3349,202609,0,0.15375898083971062
3350,202609,0,0.11073574952621386
3352,202609,1,0.20586851739245088
3354,202609,0,0.1169233843015537
3355,202609,1,0.16387764833878138
3356,202609,0,0.19463645340781477
3360,202609,1,0.17844068260686663
3363,202609,0,0.09512357473898418
3372,202609,0,0.08323984492144375
3376,202609,0,0.10688662718032794
3380,202609,0,0.09142842144881817
3383,202609,0,0.13813947034353677
3385,202609,0,0.10164670045777839
3387,202609,0,0.15370444938288166
3395,202609,0,0.061333384176955774
3396,202609,0,0.04834507493573335
3397,202609,0,0.08100345481109049
3398,202609,1,0.11735707326222199
3411,202609,0,0.073522762024521
3413,202609,0,0.052497558807034765
3415,202609,0,0.12987287864895905
3420,202609,0,0.15807715806208225
3424,202609,0,0.1493979901556462
3427,202609,1,0.10813596423286963
3428,202609,0,0.08106382289351159
3430,202609,0,0.10592646281131536
3437,202609,1,0.18581964699601952
3441,202609,0,0.14300919016480318
3442,202609,1,0.16133034087539938
3444,202609,0,0.19859462246304904
3446,202609,0,0.154956121432265
3447,202609,0,0.06878996578144422
3448,202609,0,0.10176227411778274
3453,202609,1,0.09613845739999556
3454,202609,0,0.06355756774077513
3466,202609,0,0.13576219466916709
3470,202609,1,0.10865703497998118
3471,202609,0,0.12118741729861557
3474,202609,0,0.06409382463796243
3482,202609,1,0.10182525174585348
3488,202609,0,0.16035039664304304
3491,202609,1,0.16499912769905917
3496,202609,0,0.06228083263935542
3498,202609,0,0.1591727691931361
3499,202609,0,0.08521806660167917
3508,202609,0,0.10309741210386875
3511,202609,0,0.09660516660198043
3514,202609,0,0.06862880140086512
3522,202609,1,0.157160069141324
3524,202609,0,0.07095074803818963
3525,202609,1,0.12966112069464697
3526,202609,0,0.05467124864144121
3529,202609,0,0.06026638883701403
3543,202609,1,0.11913477341104507
3552,202609,0,0.05433650109332578
3558,202609,1,0.2313795457895133
3561,202609,0,0.06793542242454881
3564,202609,0,0.1467452618870387
3566,202609,0,0.06197330951197646
3567,202609,0,0.07628352627980405
3576,202609,0,0.171099794129554
3578,202609,0,0.11341551484502024
3581,202609,0,0.04821295870348593
3582,202609,0,0.15867404846657646
3583,202609,0,0.19005357157843347
3587,202609,0,0.12814494058219536
3589,202609,0,0.13188887416975031
3590,202609,0,0.08706498151046879
3592,202609,0,0.1599181791662992
3594,202609,0,0.05907026338215783
3598,202609,0,0.09562646419593607
3600,202609,1,0.12419572080187867
3602,202609,0,0.15177823298776222
3605,202609,0,0.18229725385251783
3607,202609,0,0.13598891664700632
3608,202609,0,0.19695216293888268
3610,202609,0,0.08355081502985207
3619,202609,0,0.09966870589464139
3621,202609,0,0.06434081011959467
3622,202609,0,0.12521660356772393
3623,202609,0,0.2615999456749072
3628,202609,0,0.13683307573963147
3629,202609,0,0.1369008605169579
3636,202609,1,0.19969395238282991
3646,202609,0,0.14850473588764046
3647,202609,0,0.04226683351942266
3653,202609,0,0.13074736921127963
3657,202609,0,0.13941843393862746
3658,202609,0,0.0695947054551491
3661,202609,0,0.06122570924049029
3665,202609,0,0.1174924739440288
3668,202609,0,0.05247614268244663
3670,202609,0,0.060376034994594326
3672,202609,0,0.04816083935788602
3675,202609,0,0.062264435755373486
3680,202609,0,0.07146664708185557
3683,202609,0,0.20308428414475474
3685,202609,0,0.18956534897090627
3697,202609,0,0.10701459803551744
3698,202609,0,0.04065602526948763
3699,202609,0,0.15483040293772152
3703,202609,0,0.04769794001820543
3711,202609,0,0.14758628131237
3712,202609,0,0.17145744526197057
3715,202609,1,0.16069878937689713
3716,202609,0,0.14500155693284994
3717,202609,0,0.1268771910090093
3721,202609,0,0.15684498590344995
3722,202609,0,0.17441976388497715
3725,202609,0,0.07057598079929475
3726,202609,0,0.146609381307236
3732,202609,0,0.10865043439022641
3735,202609,0,0.13429943140382128
3736,202609,0,0.22169583406434168
3740,202609,0,0.09911152935783431
3743,202609,0,0.17259399431318884
3746,202609,0,0.1177610409932954
3748,202609,0,0.08761092012994225
3751,202609,0,0.0640087789709467
3753,202609,0,0.11212053580132943
3754,202609,0,0.08557396490379922
3755,202609,0,0.08940014717240338
3757,202609,1,0.15122716487272522
3764,202609,0,0.0670652107469784
3768,202609,0,0.15924717809048425
3772,202609,0,0.19516960522487045
3781,202609,0,0.09658133082086978
3782,202609,0,0.11566833557079341
3787,202609,0,0.07442240296818921
3796,202609,0,0.09488102623314429
3800,202609,0,0.08442261773926912
3801,202609,1,0.11791633610471788
3804,202609,0,0.10358267442351779
3820,202609,0,0.22339085051633054
3821,202609,0,0.1381724690895596
3824,202609,0,0.0715449546717776
3825,202609,0,0.1176956675092536
3826,202609,0,0.18170565006453418
3831,202609,0,0.09901330149357118
3834,202609,0,0.09344841336757748
3835,202609,0,0.1344386822219803
3836,202609,0,0.12011756404382433
3837,202609,1,0.17559428024754434
3840,202609,0,0.07190290160674424
3841,202609,0,0.17952667755455098
3842,202609,0,0.07431941372338757
3847,202609,0,0.10030727448639583
3848,202609,0,0.1822902063604342
3854,202609,0,0.053810569641431334
3863,202609,0,0.21858315483346008
3869,202609,0,0.11663310664088936
3875,202609,0,0.07865560099239426
3876,202609,0,0.12614784440828283
3877,202609,0,0.20542657567198072
3878,202609,0,0.11820992420481001
3879,202609,0,0.13426428217725175
3881,202609,0,0.19356380490445801
3882,202609,0,0.04917198313881619
3887,202609,0,0.11495858431300322
3890,202609,0,0.10849119782238702
3894,202609,0,0.20024744729312646
3897,202609,0,0.10931400771581774
3904,202609,0,0.05473071027793662
3905,202609,0,0.21246008854886805
3908,202609,0,0.13674182885603772
3915,202609,0,0.06933085818074745
3916,202609,1,0.1469526207734729
3917,202609,0,0.17953403283523925
3927,202609,0,0.17993228812470355
3928,202609,0,0.11666529821589425
3931,202609,0,0.1819355238788259
3934,202609,0,0.07673700397475244
3935,202609,1,0.10680520084669824
3937,202609,0,0.1566296887594053
3938,202609,0,0.16808921830116416
3944,202609,0,0.1703194774502939
3947,202609,0,0.08870455572682329
3950,202609,0,0.12310545220864279
3957,202609,1,0.13978771452944375
3970,202609,1,0.07858472409865461
3971,202609,0,0.06303285118809424
3982,202609,0,0.11728343457756742
3988,202609,0,0.17345617580082434
3990,202609,1,0.2753534269195302
3991,202609,0,0.0597023386537485
3992,202609,0,0.0824124703852726
3997,202609,0,0.1256469107118046
4002,202609,1,0.2647914161857651
4005,202609,0,0.077167223025729
4006,202609,0,0.08722893300603185
4008,202609,0,0.08987451097782714
4016,202609,0,0.0727496188327957
4018,202609,0,0.14135278204696824
4020,202609,0,0.14917119977474885
4027,202609,0,0.12266777646491944
4035,202609,0,0.13468271206021126
4038,202609,0,0.08858489645457775
4041,202609,0,0.1350227961442167
4044,202609,0,0.1174821639338051
4045,202609,0,0.07081686926709384
4048,202609,0,0.1425398776694228
4051,202609,0,0.09394921960828201
4053,202609,1,0.07582525153075234
4054,202609,0,0.16698689408548562
4055,202609,0,0.07866781022100645
4061,202609,0,0.2011734730349251
4065,202609,0,0.09080142671788849
4066,202609,0,0.07976459872637688
4067,202609,0,0.06583395896191524
4073,202609,0,0.08976971956424054
4078,202609,1,0.1466735558132873
4079,202609,0,0.07179540652362434
4084,202609,0,0.07546363791193961
4087,202609,0,0.20950753170642647
4089,202609,0,0.03789695785829488
4091,202609,0,0.18533767181196947
4092,202609,0,0.11184634674050073
4102,202609,0,0.2333856549505159
4108,202609,0,0.17394528791651173
4110,202609,1,0.15009223574048353
4113,202609,0,0.19666264783783474
4115,202609,1,0.1589740076382683
4116,202609,0,0.15273356621813414
4117,202609,0,0.05052533703615009
4122,202609,0,0.05851993004562933
4124,202609,0,0.15270411232603467
4125,202609,0,0.1220745258513696
4128,202609,0,0.13130978202599222
4129,202609,0,0.14008636525032206
4130,202609,0,0.06722994889306126
4134,202609,0,0.12705824018231782
4141,202609,0,0.12337191433353112
4142,202609,0,0.11462325139384634
4144,202609,0,0.14285956292544416
4147,202609,0,0.1848709883877335
4150,202609,0,0.05257724348835036
4151,202609,0,0.08862029987058526
4153,202609,1,0.14159541133145934
4158,202609,0,0.16742417554436476
4162,202609,0,0.10746161740888531
4163,202609,0,0.08236846500052428
4166,202609,0,0.047964458471615845
4167,202609,0,0.11390446486630176
4168,202609,0,0.11320937532253941
4175,202609,0,0.06255328880611466
4176,202609,0,0.07973396587590609
4179,202609,0,0.09623462479760228
4180,202609,0,0.18271838177445698
4183,202609,0,0.1275131952179127
4189,202609,0,0.13553340102245984
4192,202609,0,0.17083531777353905
4195,202609,0,0.13750427771049556
4197,202609,0,0.1436098832960351
4198,202609,0,0.12339121403609252
4202,202609,0,0.09512518483565886
4208,202609,0,0.10300775828716863
4222,202609,0,0.1492838830755649
4225,202609,0,0.05633652115899776
4227,202609,0,0.13923694643156817
4229,202609,0,0.11296353487938772
4230,202609,0,0.11060164034134211
4234,202609,0,0.13747594438669092
4236,202609,0,0.1452414452850828
4244,202609,0,0.18794818980366473
4247,202609,0,0.14032857267482934
4249,202609,0,0.12389796836073554
4258,202609,0,0.10510079142535488
4266,202609,0,0.24837825034829947
4277,202609,0,0.23456188898264205
4281,202609,0,0.10590570581037616
4283,202609,0,0.07883708045087341
4284,202609,1,0.14650022355367415
4286,202609,0,0.13301879022526944
4287,202609,0,0.09879222344956577
4289,202609,0,0.12754378369405037
4290,202609,1,0.1605416030413602
4291,202609,0,0.16718598456926456
4292,202609,0,0.13571779660476044
4295,202609,0,0.146206988486757
4296,202609,0,0.06129235521748406
4297,202609,0,0.16078828419679855
4301,202609,1,0.09561087875833221
4309,202609,0,0.05310506918772411
4312,202609,1,0.27865023016563945
4317,202609,1,0.1496218058289672
4320,202609,1,0.08008981124669894
4321,202609,1,0.15618271945471593
4323,202609,0,0.16110213034865686
4324,202609,0,0.11157163828798959
4327,202609,0,0.10880828411743196
4328,202609,0,0.15941429968490634
4329,202609,1,0.1462994966820427
4330,202609,0,0.07890917747337406
4331,202609,1,0.13403497780814871
4334,202609,0,0.055245295665245685
4338,202609,0,0.05989827134946412
4341,202609,0,0.1455058643846914
4343,202609,0,0.16172887224116186
4349,202609,0,0.04750324465737194
4354,202609,1,0.19347767989262535
4366,202609,0,0.10195762985477742
4367,202609,0,0.11740391160578174
4368,202609,1,0.16919571617129775
4373,202609,0,0.122383605828851
4374,202609,0,0.2116570996378933
4377,202609,0,0.14571919222780566
4384,202609,0,0.12592135473766572
4390,202609,0,0.10298845714450534
4395,202609,0,0.14845443718897408
4400,202609,1,0.11789701768560969
4403,202609,0,0.13434378014027412
4409,202609,0,0.10223797022357489
4410,202609,0,0.1751391176135495
4414,202609,1,0.0698113652730265
4419,202609,0,0.16744024012150072
4425,202609,1,0.04501839050847938
4427,202609,0,0.06286554247428365
4428,202609,0,0.1664562462634198
4429,202609,0,0.1299845188724548
4430,202609,0,0.05256511738973768
4431,202609,0,0.06387501211378928
4433,202609,0,0.07482730385614585
4434,202609,0,0.13300815746509098
4441,202609,0,0.14254315307802318
4442,202609,0,0.07017301038351621
4444,202609,0,0.06106984106283179
4446,202609,1,0.12532330129862249
4447,202609,0,0.2099823960382954
4448,202609,1,0.077403506978475
4449,202609,0,0.1769276594405497
4453,202609,0,0.19676629125844183
4456,202609,0,0.08208201753353261
4457,202609,0,0.12045663097501172
4459,202609,0,0.09464232542386931
4463,202609,0,0.11185242925902797
4465,202609,0,0.1557558436446862
4466,202609,0,0.11631789913068225
4469,202609,0,0.13526146294248928
4471,202609,0,0.1110344196179568
4485,202609,0,0.18315710458518641
4486,202609,0,0.09278941937213873
4487,202609,1,0.15074855579971946
4488,202609,0,0.11126940512297974
4490,202609,0,0.120346607531469
4492,202609,0,0.14660779405411895
4493,202609,1,0.1124862715446036
4496,202609,0,0.15832121708951186
4498,202609,0,0.08808570584859524
4500,202609,0,0.08721014180429397
4502,202609,0,0.14314460236909235
4507,202609,0,0.14904028099435893
4509,202609,0,0.18347233691653084
4511,202609,0,0.12906515614567166
4512,202609,0,0.08611792526846417
4516,202609,0,0.1336045577517706
4520,202609,0,0.061034922361174554
4523,202609,1,0.05109704888297683
4524,202609,0,0.1209089083329291
4527,202609,1,0.08746165494607093
4536,202609,0,0.11678651689739418
4538,202609,0,0.050776113921650254
4540,202609,1,0.1267839574887632
4549,202609,0,0.09112688440654494
4550,202609,0,0.04532218664068722
4554,202609,0,0.13921000319309146
4561,202609,0,0.12669172322674346
4564,202609,0,0.07356997564399652
4565,202609,0,0.16972023415447396
4566,202609,0,0.14785581535632228
4568,202609,0,0.18531635368279914
4576,202609,0,0.11008745380509023
4579,202609,0,0.11675421006866607
4580,202609,0,0.14318226263962114
4586,202609,0,0.06794577404496985
4587,202609,1,0.1214570151456437
4594,202609,0,0.11707130751179637
4598,202609,0,0.0953674008327549
4599,202609,1,0.185870463369624
4601,202609,0,0.09577958694037995
4602,202609,0,0.11461465815938902
4605,202609,1,0.11417305350427286
4609,202609,0,0.19613934928217816
4610,202609,0,0.11083540302051718
4611,202609,0,0.07625270875624963
4619,202609,0,0.18619952764067763
4624,202609,0,0.13929530650251584
4627,202609,0,0.13857374906390393
4628,202609,0,0.11254025161273698
4631,202609,0,0.06907295166280969
4632,202609,0,0.15082940373768605
4634,202609,0,0.09994384743301318
4635,202609,0,0.06888458768928678
4637,202609,0,0.1616754896757085
4641,202609,0,0.1302978580813289
4643,202609,0,0.06706714602720722
4651,202609,0,0.317672629730175
4654,202609,0,0.1049219759692564
4660,202609,0,0.04878909302608862
4661,202609,1,0.052614841822586064
4665,202609,0,0.15215044980432602
4667,202609,0,0.08245313065013829
4668,202609,0,0.1427051978737604
4670,202609,0,0.15556926881279867
4674,202609,0,0.056866158114765857
4676,202609,0,0.1422100561682162
4678,202609,1,0.09440282285085431
4683,202609,0,0.19136331343259821
4684,202609,0,0.0649442470697296
4687,202609,0,0.12315945311373233
4694,202609,0,0.13694552130267035
4698,202609,0,0.06058858599210363
4700,202609,1,0.12605092273170734
4701,202609,0,0.15690236920782846
4703,202609,1,0.08528882118102385
4704,202609,0,0.13237545615468496
4706,202609,0,0.11674276292535386
4724,202609,1,0.11758995929509679
4732,202609,0,0.126451543446335
4734,202609,0,0.19000878901182686
4735,202609,0,0.11662800379816199
4743,202609,1,0.15106894881745195
4744,202609,0,0.07984653397399503
4753,202609,1,0.12117328067345938
4755,202609,0,0.08964323857742293
4756,202609,0,0.13076226819199355
4759,202609,0,0.056267555428590986
4762,202609,0,0.07542575945944464
4763,202609,0,0.1013495955504354
4765,202609,0,0.1400689897591283
4767,202609,0,0.1346694032923214
4770,202609,0,0.12561570115113369
4775,202609,0,0.07842238839029517
4780,202609,0,0.1443484924599213
4788,202609,0,0.19515064103469945
4789,202609,0,0.07402082586258912
4792,202609,0,0.06578247088994806
4794,202609,0,0.12544589276377988
4795,202609,0,0.10975922917458959
4797,202609,0,0.1546923275441125
4803,202609,0,0.07139208275337534
4805,202609,0,0.1678141200345714
4807,202609,0,0.10680812402992026
4810,202609,0,0.17842222732940907
4812,202609,0,0.13367692976510825
4814,202609,0,0.09906441628691487
4818,202609,0,0.10958010564410667
4820,202609,0,0.0819790139766497
4822,202609,0,0.12685581377553
4827,202609,0,0.12261495786788146
4828,202609,0,0.0682279875568358
4829,202609,1,0.10351461945185068
4831,202609,0,0.05562518511281114
4833,202609,0,0.164961835238384
4839,202609,0,0.15474716722089507
4841,202609,0,0.06358815213584662
4842,202609,0,0.05204359447916307
4844,202609,0,0.09597855501088612
4852,202609,0,0.0446735813247215
4861,202609,0,0.08738177717951424
4863,202609,0,0.19548027081386032
4868,202609,0,0.12307617096772643
4878,202609,0,0.09297153683511059
4881,202609,0,0.11098806168503382
4883,202609,0,0.19191961476855934
4884,202609,0,0.12798401850495425
4886,202609,0,0.13586642030916768
4890,202609,0,0.1363294000616831
4891,202609,0,0.09329895975555283
4894,202609,0,0.050976638880730056
4895,202609,0,0.15665759574709454
4898,202609,0,0.06692572140173637
4899,202609,0,0.04225421217208139
4900,202609,0,0.11853934501501676
4901,202609,0,0.11869379454311915
4902,202609,0,0.052829690084067495
4912,202609,0,0.08280151000036334
4918,202609,0,0.12524610334751946
4919,202609,0,0.08992138526212357
4922,202609,0,0.1402738773596361
4934,202609,0,0.07008601677058064
4937,202609,0,0.12255751064678742
4939,202609,0,0.05562297539500013
4941,202609,0,0.1254476958373144
4945,202609,0,0.09906487958372436
4946,202609,1,0.17782355018404963
4950,202609,0,0.046765107684188484
4952,202609,0,0.0627773986042217
4953,202609,0,0.11343911334094549
4954,202609,0,0.13677978703450025
4955,202609,0,0.10715073822455248
4956,202609,0,0.17015155876401883
4957,202609,0,0.12846995417985155
4966,202609,0,0.05643479757857414
4967,202609,0,0.05522856165769395
4970,202609,0,0.13865620940077275
4971,202609,0,0.09648577389010525
4979,202609,0,0.0815362192794851
4983,202609,0,0.12686102768711113
4989,202609,0,0.09003140334639331
4995,202609,0,0.1323871198631549
5002,202609,0,0.07982945690261407
5004,202609,0,0.1902580267570234
5006,202609,0,0.271215279692956
5007,202609,0,0.13112113075955892
5009,202609,0,0.054840059709888804
5010,202609,0,0.10740887123473332
5016,202609,0,0.13623267324744462
5018,202609,1,0.12101156002170405
5026,202609,0,0.21614267832522915
5031,202609,1,0.11319105126864364
5033,202609,0,0.05498933830606967
5038,202609,0,0.04860153742875824
5041,202609,0,0.12163656832009079
5045,202609,0,0.08873593992890051
5049,202609,0,0.053011230105022664
5050,202609,0,0.16807981174117606
5051,202609,0,0.05922734472835431
5055,202609,0,0.07951399947563012
5057,202609,1,0.16923188995623567
5058,202609,0,0.09804969444894246
5059,202609,0,0.053734068506220305
5060,202609,1,0.13640602951212738
5062,202609,1,0.17993749673081147
5065,202609,0,0.09953562601878306
5072,202609,0,0.1123150117502463
5073,202609,0,0.14731455708036562
5074,202609,0,0.20560457665926368
5076,202609,0,0.13030730156554823
5078,202609,0,0.06499066382536052
5081,202609,0,0.10417103166646587
5082,202609,0,0.11723899565135591
5084,202609,0,0.059220668769072685
5092,202609,0,0.1335301734040049
5094,202609,0,0.14062442856441615
5097,202609,1,0.18023611148838606
5105,202609,0,0.13477389167362883
5107,202609,0,0.14442252203376194
5111,202609,0,0.07721578108212182
5112,202609,1,0.21086996405143282
5120,202609,0,0.06017593223857927
5121,202609,0,0.08773922513722524
5123,202609,0,0.12707066395481875
5126,202609,0,0.15925477894460943
5141,202609,0,0.0994793789311346
5142,202609,1,0.08426636385215536
5144,202609,0,0.15516328323528672
5147,202609,0,0.08486781641544619
5149,202609,0,0.07857088456872348
5152,202609,0,0.07384024199129417
5153,202609,0,0.10327166040511596
5159,202609,1,0.06228083416902049
5160,202609,0,0.12778805998651982
5163,202609,0,0.14083792011464788
5170,202609,0,0.13508911211100325
5171,202609,0,0.17199535420426548
5176,202609,0,0.12423076414649485
5178,202609,0,0.20300313967466957
5189,202609,0,0.13873782113364075
5192,202609,0,0.0630276551308968
5195,202609,0,0.10000116152642886
5204,202609,0,0.1477529935732284
5208,202609,0,0.1259254077688623
5211,202609,0,0.10942837322473954
5216,202609,0,0.08502709570833224
5217,202609,0,0.07035408549134738
5222,202609,0,0.167004659926216
5225,202609,0,0.13984725967529274
5228,202609,0,0.1729375490442071
5239,202609,0,0.044092093880989655
5241,202609,0,0.09781132188849853
5242,202609,0,0.17977328748981936
5243,202609,0,0.07919498470775287
5246,202609,0,0.12840907644274907
5247,202609,0,0.19456854239651036
5248,202609,0,0.09984858708611702
5249,202609,0,0.06057079440970395
5251,202609,0,0.23440645647219635
5255,202609,0,0.1676447762928785
5257,202609,0,0.18325895394016165
5259,202609,0,0.10358582469653706
5260,202609,0,0.1655227804386608
5261,202609,1,0.08082328232281909
5269,202609,0,0.1875335622826971
5273,202609,0,0.08027983175746434
5281,202609,0,0.129257879270504
5282,202609,1,0.127927343621458
5284,202609,0,0.19175875969264927
5286,202609,0,0.08280294587457694
5288,202609,1,0.13061725511044212
5292,202609,0,0.08156884569108042
5293,202609,0,0.07143514070014255
5295,202609,0,0.06582247270684345
5299,202609,0,0.07363581968687984
5301,202609,0,0.10545718083968668
5303,202609,0,0.06344784075319967
5305,202609,0,0.1739095488791026
5315,202609,0,0.10049449189769344
5316,202609,0,0.14201020425588834
5319,202609,0,0.09696885632138552
5322,202609,1,0.14023516377156742
5325,202609,0,0.06078529629941818
5328,202609,0,0.15832103648778348
5331,202609,0,0.08603429997194201
5333,202609,0,0.08722634472243804
5335,202609,0,0.13547144526466212
5337,202609,0,0.14515444927464707
5339,202609,0,0.06867650965666829
5340,202609,0,0.0734129081776992
5341,202609,0,0.08904498668547578
5343,202609,0,0.06818717442812874
5347,202609,0,0.18759528825294475
5351,202609,1,0.11566170331971343
5353,202609,0,0.10179819460914229
5355,202609,0,0.12086346284910356
5359,202609,0,0.15214780033692032
5360,202609,1,0.12011891140083517
5363,202609,0,0.12234419341073313
5365,202609,0,0.0792119007546692
5373,202609,0,0.06971259241350243
5377,202609,0,0.12384218292577069
5379,202609,0,0.08451727846520536
5385,202609,0,0.1226759038411287
5386,202609,0,0.0642551311166498
5387,202609,0,0.14805690153663512
5389,202609,0,0.07131104223925719
5390,202609,0,0.08004141782193036
5391,202609,0,0.10389846040873646
5396,202609,0,0.06765273661733316
5397,202609,0,0.07407141557895361
5404,202609,0,0.10497030078291858
5407,202609,0,0.13021212595476325
5409,202609,1,0.10370978452843263
5410,202609,0,0.04173371914456677
5411,202609,0,0.062190511366555054
5412,202609,0,0.10353520108761312
5413,202609,0,0.046912285105254706
5417,202609,0,0.15453510216220168
5418,202609,0,0.16391176706589214
5424,202609,0,0.10300081659941847
5425,202609,0,0.14916866082846245
5427,202609,0,0.1790044975342696
5428,202609,0,0.10608910563056743
5429,202609,0,0.18783859378737555
5433,202609,0,0.1412057978736955
5434,202609,0,0.08824179128703293
5435,202609,1,0.0623537837410696
5439,202609,1,0.1534028164410476
5440,202609,0,0.09777844768246585
5441,202609,0,0.13870556435213383
5445,202609,1,0.18669175290799195
5447,202609,0,0.09106081310672048
5448,202609,0,0.11486185647797445
5456,202609,0,0.16163202148885136
5460,202609,0,0.05436042681677569
5464,202609,0,0.16374723630312904
5465,202609,0,0.17885202801622738
5468,202609,0,0.06946598074136745
5470,202609,0,0.1510433785990521
5475,202609,0,0.12047960880257579
5487,202609,0,0.15414299587054192
5494,202609,0,0.11142827420174185
5501,202609,0,0.0648129435062031
5504,202609,0,0.07255052800857671
5507,202609,1,0.18282922723509692
5508,202609,0,0.14367772766037698
5510,202609,0,0.11110699415710483
5514,202609,0,0.04173346838487073
5517,202609,0,0.1532400244584104
5521,202609,1,0.11669660302663945
5526,202609,0,0.0978116100192888
5528,202609,0,0.1388509562007816
5533,202609,1,0.1686234197650293
5540,202609,0,0.10414949142345153
5543,202609,0,0.09411075207597676
5544,202609,0,0.07276376187678224
5545,202609,0,0.06410143811181787
5546,202609,0,0.1325497556406967
5548,202609,0,0.07803974367291544
5551,202609,0,0.2252613639485934
5553,202609,0,0.12715753428285326
5555,202609,1,0.09119504035085264
5556,202609,0,0.13556738896039247
5560,202609,0,0.17087616885612605
5563,202609,0,0.13555752190234874
5564,202609,1,0.12106956622103289
5565,202609,0,0.1941119443686255
5569,202609,0,0.05315438643232694
5570,202609,1,0.10746638055575547
5572,202609,0,0.06181036974725869
5576,202609,0,0.09651355742065844
5582,202609,0,0.11574925007350444
5586,202609,0,0.06798651909128503
5598,202609,0,0.07391930827312823
5605,202609,0,0.11398741010765735
5608,202609,0,0.15549031485092177
5609,202609,0,0.143665878864248
5610,202609,0,0.09578734858314875
5612,202609,0,0.07799702801633583
5620,202609,0,0.14875608426335238
5622,202609,0,0.06846117849238048
5628,202609,0,0.14223172365942768
5632,202609,0,0.1279901009486337
5635,202609,0,0.0834347323578072
5640,202609,0,0.07384581323351072
5641,202609,0,0.09730080042497144
5647,202609,0,0.06082969108635288
5648,202609,0,0.15053868989895508
5649,202609,0,0.10288099669043785
5654,202609,0,0.21122631837919573
5655,202609,1,0.19177041802275974
5659,202609,1,0.09430091317629193
5662,202609,0,0.14225251037744313
5663,202609,0,0.07459479146179424
5665,202609,0,0.14873037332274366
5667,202609,0,0.09942277491912786
5674,202609,0,0.0922136723900322
5691,202609,0,0.11459429015343636
5694,202609,0,0.1206621458456789
5695,202609,0,0.1159976079982763
5696,202609,1,0.11577602684291495
5698,202609,0,0.1728658228792053
5703,202609,0,0.18563053225478088
5706,202609,0,0.13357151022875763
5708,202609,0,0.10265494326999566
5709,202609,1,0.13175452989659334
5711,202609,1,0.11043658341655166
5716,202609,0,0.09361029496736516
5722,202609,0,0.06735661716125572
5723,202609,1,0.1830599055207918
5738,202609,0,0.15976140138939882
5740,202609,1,0.15374848979627406
5745,202609,0,0.11933407008353546
5746,202609,0,0.14461043720733296
5755,202609,0,0.14581190932219296
5756,202609,0,0.05517133148369594
5760,202609,0,0.16177568265065964
5761,202609,0,0.1447287026773253
5762,202609,0,0.087592228892
5763,202609,0,0.05747396200103216
5765,202609,0,0.1707153266757753
5766,202609,0,0.1501455779061731
5773,202609,0,0.13207835555536845
5775,202609,0,0.14514034707442375
5776,202609,1,0.12581121365004555
5781,202609,0,0.10146051975471736
5783,202609,1,0.10941547171360455
5786,202609,0,0.14583210714321768
5789,202609,0,0.1481162536302375
5799,202609,0,0.12636347089087507
5802,202609,0,0.10811324802415695
5806,202609,0,0.08996760493229639
5808,202609,0,0.1525687885346806
5811,202609,0,0.09307882571237291
5812,202609,0,0.20032191695860646
5813,202609,0,0.134112342105296
5818,202609,1,0.14075700829190665
5821,202609,0,0.13240746244364832
5829,202609,0,0.1740934711300041
5836,202609,0,0.09300988441342922
5838,202609,0,0.08374491857442384
5840,202609,0,0.12808770830844113
5842,202609,0,0.16766021790467958
5844,202609,0,0.17499281205147713
5858,202609,0,0.10374566831384051
5861,202609,0,0.10694127051835665
5864,202609,0,0.14979267017122783
5865,202609,0,0.0908082388752045
5866,202609,1,0.1309935601978575
5871,202609,0,0.14510178463789256
5875,202609,0,0.13920979308838685
5877,202609,0,0.05079844621042582
5879,202609,0,0.16587388081653495
5881,202609,0,0.13300170952988186
5888,202609,0,0.177632438113392
5891,202609,0,0.07808914397388905
5895,202609,0,0.24404401994198155
5896,202609,0,0.0547203064990166
5900,202609,0,0.13350508320506432
5902,202609,1,0.1419118663744735
5903,202609,0,0.054933975684090794
5909,202609,0,0.1246228781445885
5914,202609,0,0.194144685625651
5918,202609,0,0.10769630219640985
5923,202609,0,0.10426551261761628
5933,202609,0,0.0449523687332567
5945,202609,0,0.04666877531748385
5948,202609,0,0.06633566416008756
5949,202609,0,0.055161925702443444
5950,202609,0,0.14336644937937043
5952,202609,0,0.13761628153632519
5955,202609,0,0.16596108089757283
5959,202609,0,0.14083649850277016
5961,202609,0,0.13217691871764714
5964,202609,0,0.097339080068322
5966,202609,0,0.18993115943034697
5978,202609,0,0.10065051296562604
5980,202609,0,0.09496860738513362
5983,202609,0,0.15665437215320363
5985,202609,0,0.10146980669983721
5995,202609,0,0.14376495094537012
6003,202609,0,0.18036674979576328
6008,202609,0,0.08969475555962146
6009,202609,0,0.16407218187298445
6012,202609,1,0.09195815468166714
6013,202609,0,0.2427971508023738
6016,202609,0,0.08297385787864471
6017,202609,0,0.15035512313057053
6021,202609,0,0.19566520519540623
6023,202609,0,0.14052645769549157
6025,202609,0,0.19126214476732026
6029,202609,0,0.16922648656210515
6033,202609,0,0.13861020138740568
6036,202609,0,0.07907152992995548
6039,202609,0,0.13819268534324552
6046,202609,0,0.13456867761609773
6047,202609,0,0.10846004532613994
6048,202609,0,0.12082982273083617
6050,202609,0,0.19097000145302415
6051,202609,0,0.08548801054317323
6054,202609,0,0.07009480015720496
6057,202609,1,0.08840782092656575
6059,202609,0,0.12791636058866082
6061,202609,0,0.12494922155075927
6062,202609,0,0.11335620168428549
6065,202609,0,0.1207500208775411
6068,202609,0,0.052690171114186564
6069,202609,0,0.1741129467570546
6070,202609,0,0.1774794841872992
6071,202609,1,0.13536670979974738
6072,202609,0,0.05195080490098093
6076,202609,0,0.15835538036022104
6082,202609,0,0.07832940562292146
6101,202609,0,0.10121919270337512
6104,202609,0,0.19123220716480813
6110,202609,0,0.1129759459180876
6122,202609,0,0.10565968686594096
6123,202609,0,0.1141338785017471
6124,202609,0,0.11563840166478308
6126,202609,0,0.05333858440995775
6128,202609,0,0.12531436952394587
6131,202609,0,0.06021076831064801
6133,202609,1,0.09133470747150643
6134,202609,1,0.11518211205740406
6138,202609,0,0.1868148611669766
6139,202609,0,0.07888980359422834
6140,202609,0,0.16350996754228567
6142,202609,0,0.17106225448229834
6143,202609,0,0.08618837570846064
6144,202609,0,0.09978053726187798
6147,202609,0,0.14440609348487832
6150,202609,1,0.083300649189601
6152,202609,0,0.1780906797804608
6157,202609,1,0.1375182203161185
6164,202609,0,0.07484878771492424
6171,202609,0,0.2060265094520597
6173,202609,0,0.09645545760863637
6175,202609,0,0.18042476622283204
6176,202609,0,0.0566814523991505
6179,202609,0,0.11367308259246862
6180,202609,0,0.15653127351117183
6181,202609,0,0.09162521835169576
6184,202609,0,0.05206590796141662
6191,202609,0,0.08595139806349156
6195,202609,0,0.19645998895590092
6199,202609,1,0.08818872301188313
6200,202609,0,0.12365820458236171
6201,202609,0,0.16757622758563845
6206,202609,0,0.0822198979026567
6208,202609,0,0.1763366174870593
6209,202609,1,0.12306367889047294
6212,202609,1,0.14337693909291166
6213,202609,0,0.06857496950334364
6215,202609,1,0.13188308117316652
6216,202609,0,0.0885216545223233
6219,202609,0,0.12673479987390185
6220,202609,0,0.07790540759827391
6223,202609,0,0.06774353250457799
6224,202609,0,0.09258501793650821
6225,202609,1,0.16064020293942124
6231,202609,1,0.06777798188149609
6237,202609,0,0.08320586918883277
6245,202609,1,0.11936889102938514
6248,202609,0,0.09486306066290051
6255,202609,0,0.07359361219904033
6264,202609,0,0.17823001417671683
6265,202609,0,0.15305773603922904
6273,202609,0,0.08903316503653243
6275,202609,0,0.16300943560821454
6279,202609,0,0.10843753213925893
6284,202609,0,0.15093251224059515
6285,202609,0,0.04963324018592303
6295,202609,0,0.07535575523076721
6297,202609,0,0.06257556901902885
6300,202609,0,0.11214863226216344
6306,202609,0,0.055791059146457975
6311,202609,0,0.15429615728640178
6326,202609,1,0.1253585852090915
6327,202609,0,0.05930210745284817
6330,202609,0,0.09449746582965976
6337,202609,0,0.16015025749636366
6338,202609,0,0.12993781606332921
6343,202609,0,0.2133283317313619
6345,202609,0,0.16891631190648876
6349,202609,0,0.1720766968027278
6351,202609,0,0.09125746787976223
6357,202609,0,0.07465904525126474
6358,202609,0,0.09768660063468702
6360,202609,0,0.11364273292248575
6377,202609,1,0.10347771337242938
6389,202609,0,0.05870348979003569
6391,202609,1,0.11308464153024674
6392,202609,0,0.10537879633477659
6402,202609,0,0.17183531114043676
6403,202609,0,0.1132170752111186
6404,202609,0,0.09053320691499074
6406,202609,0,0.06482773199549588
6407,202609,0,0.11440608811131736
6409,202609,1,0.09124486731680115
6410,202609,1,0.1529315116533485
6414,202609,0,0.11153965952649932
6419,202609,0,0.11572888173775342
6425,202609,0,0.10253499637261822
6428,202609,0,0.07217777325146522
6431,202609,0,0.12845782193150304
6435,202609,0,0.10078049551481537
6436,202609,0,0.0640998178289314
6440,202609,0,0.12736702375748835
6446,202609,0,0.1517975540606265
6458,202609,0,0.23638223997849334
6459,202609,0,0.0518895883509967
6465,202609,0,0.09966036699689508
6473,202609,0,0.10049375440387068
6476,202609,0,0.0672103429865231
6477,202609,0,0.09125871356694557
6478,202609,0,0.12901299809959904
6479,202609,1,0.08844547937312021
6481,202609,0,0.07351843571325045
6488,202609,0,0.08522176632518694
6491,202609,0,0.15275208390559064
6494,202609,0,0.07207530456655985
6496,202609,1,0.07549474506275151
6501,202609,0,0.09771036821355232
6502,202609,0,0.1600442383463711
6503,202609,0,0.12013843528718637
6514,202609,0,0.05487245572826913
6516,202609,0,0.10610802229587628
6534,202609,0,0.10379982365763872
6536,202609,0,0.14420092782629965
6538,202609,0,0.18025326868053246
6541,202609,0,0.052037540260871346
6547,202609,1,0.06808096324730344
6551,202609,0,0.1539195773180843
6553,202609,0,0.12770112765111816
6557,202609,0,0.0949691643475841
6559,202609,0,0.13494232918815308
6560,202609,0,0.19996063582556176
6562,202609,0,0.1443042301181561
6565,202609,1,0.1058005360990802
6569,202609,0,0.11350080952193115
6570,202609,1,0.17077572551882658
6573,202609,1,0.19145074204534265
6575,202609,0,0.11743657157868295
6578,202609,1,0.1388459686702408
6583,202609,0,0.06318500565722604
6588,202609,0,0.13562702425478024
6590,202609,0,0.08951555746299576
6594,202609,0,0.1142618336449085
6599,202609,0,0.11584420551874816
6600,202609,1,0.07338524900597672
6602,202609,0,0.12492197386064803
6603,202609,0,0.17013227852272245
6605,202609,0,0.11647170580419866
6606,202609,0,0.06861220760376785
6614,202609,0,0.12243885738722951
6618,202609,0,0.06496670730917185
6628,202609,0,0.11555770157993621
6629,202609,0,0.15608679237323705
6633,202609,0,0.07547489883909012
6639,202609,0,0.06151134938520431
6648,202609,0,0.12684072606976904
6654,202609,0,0.084040165145628
6656,202609,0,0.04822836059466666
6657,202609,0,0.12284471312886071
6663,202609,0,0.06687345264887828
6664,202609,0,0.10676028527170404
6666,202609,0,0.06546200207685954
6669,202609,1,0.15568201206241114
6670,202609,0,0.10042481733983592
6671,202609,0,0.0665158895020031
6682,202609,0,0.13790542400686123
6683,202609,0,0.05671670245833578
6693,202609,0,0.1453368084589608
6694,202609,0,0.12385116475930437
6695,202609,0,0.13571282847500118
6697,202609,1,0.14111180616535526
6699,202609,0,0.13452840481426875
6701,202609,0,0.08041316840972128
6705,202609,1,0.11205617323242335
6706,202609,0,0.0532246595836866
6707,202609,0,0.060956632190045934
6709,202609,0,0.17739635592282987
6713,202609,0,0.09058551435756375
6720,202609,0,0.0681069880571989
6721,202609,0,0.0974617908967159
6726,202609,0,0.18073721304837798
6735,202609,0,0.08742110428011853
6741,202609,0,0.0635589267602881
6745,202609,0,0.14015857193217013
6746,202609,0,0.10828819291531845
6751,202609,0,0.05597570220815005
6752,202609,0,0.1689094649282991
6759,202609,0,0.15268629249819454
6760,202609,0,0.07914007527185185
6765,202609,0,0.13993599903762324
6767,202609,0,0.10356691136984798
6768,202609,0,0.11162714182957971
6772,202609,0,0.11302833155495202
6774,202609,0,0.06540929654879739
6776,202609,0,0.1539719377911947
6779,202609,0,0.11638323069586747
6789,202609,0,0.11281138153974966
6792,202609,0,0.18962757734673458
6794,202609,1,0.15603311933592034
6797,202609,0,0.05318074129838331
6801,202609,0,0.07478505739355958
6807,202609,0,0.12918333459921524
6808,202609,0,0.16148046240978664
6811,202609,0,0.14876810413562255
6813,202609,0,0.1326438641117828
6814,202609,0,0.12441489542142176
6817,202609,0,0.13365697743671376
6826,202609,0,0.10989659720406815
6828,202609,0,0.0853661423928609
6830,202609,0,0.06721656735615682
6832,202609,0,0.17780390828372872
6834,202609,0,0.11015570340997564
6838,202609,0,0.18004885280877836
6840,202609,0,0.0890676574179429
6844,202609,0,0.2011587453491473
6850,202609,0,0.0842345528147208
6851,202609,0,0.1335285382622993
6854,202609,0,0.15743180699580359
6856,202609,0,0.26041320842770677
6858,202609,0,0.0691199715019744
6862,202609,1,0.10325027780689579
6864,202609,0,0.1404371086424989
6866,202609,0,0.11120150332645057
6871,202609,0,0.1520473159366341
6872,202609,0,0.07947890626948104
6877,202609,0,0.16430197158228652
6879,202609,0,0.12052555800289817
6881,202609,0,0.06820231907722693
6882,202609,0,0.1648877804815842
6883,202609,0,0.08604246302032581
6894,202609,0,0.15750785471080517
6897,202609,1,0.1404516551693069
6899,202609,0,0.060149940673121224
6901,202609,1,0.07614760156297001
6903,202609,0,0.14994488851848212
6904,202609,0,0.06600691623059074
6908,202609,0,0.15928168920113422
6914,202609,0,0.12944833009709442
6915,202609,0,0.12290378527517476
6917,202609,0,0.11683166570399191
6922,202609,0,0.11807256594978126
6933,202609,0,0.06508117187750732
6944,202609,0,0.11813604743970846
6946,202609,1,0.10688044149145817
6948,202609,0,0.13034507510543084
6952,202609,1,0.09716935625882764
6953,202609,1,0.1228763252837432
6956,202609,1,0.20202688349541092
6957,202609,0,0.05913350140387711
6962,202609,0,0.10294435707841978
6964,202609,0,0.11996503377940308
6965,202609,0,0.08130515895617128
6979,202609,0,0.17339967207991167
6982,202609,1,0.0989013490199929
6987,202609,0,0.10350619769135751
6989,202609,0,0.06408434982566624
6990,202609,1,0.10728329335786624
6991,202609,0,0.11642057983274892
6992,202609,0,0.063940160021401
7000,202609,1,0.16852354745014464
7002,202609,0,0.17235192220308176
7007,202609,0,0.17634969213310306
7010,202609,0,0.13161215400212078
7012,202609,0,0.10792076432226173
7013,202609,1,0.2194149250189959
7019,202609,0,0.09449688108090941
7021,202609,0,0.06957656104307477
7023,202609,0,0.0810059850868364
7033,202609,0,0.07256174383432328
7034,202609,0,0.09690219644486123
7043,202609,0,0.10428856673956931
7047,202609,0,0.10855761679977147
7050,202609,0,0.13162542835122054
7052,202609,0,0.16060344687963687
7057,202609,0,0.12499632678700602
7063,202609,1,0.17989727073777464
7068,202609,0,0.2077629464425289
7069,202609,0,0.07007806406244502
7070,202609,0,0.09296593265061157
7072,202609,0,0.17503465507435284
7078,202609,0,0.14381016564584306
7081,202609,0,0.07079459089330667
7082,202609,0,0.07769107013173142
7083,202609,1,0.21501143842349324
7088,202609,0,0.09442348419426325
7093,202609,0,0.16444442413484542
7094,202609,0,0.18339635720689942
7100,202609,0,0.17758179837490914
7103,202609,0,0.06585569894290759
7104,202609,0,0.11780583717538481
7109,202609,0,0.05190421996348909
7111,202609,0,0.1600795225790576
7113,202609,0,0.05397892819190268
7115,202609,1,0.11559644449657466
7118,202609,1,0.07475698654529547
7119,202609,0,0.09789062840371097
7122,202609,0,0.05386007470060446
7126,202609,1,0.056155533672296996
7134,202609,0,0.2371406064310825
7136,202609,0,0.14416700921816616
7141,202609,0,0.08130183255915774
7143,202609,0,0.1417636396372815
7147,202609,0,0.10806279210686713
7153,202609,0,0.06788256830828476
7155,202609,0,0.11634470269651989
7156,202609,0,0.153836742812063
7159,202609,0,0.07759483541449223
7163,202609,0,0.20284481897952394
7171,202609,0,0.1368321965405284
7173,202609,0,0.10296481517311634
7177,202609,0,0.12253206518732619
7179,202609,0,0.18786773760674508
7182,202609,0,0.10948086740968895
7184,202609,0,0.11473179560807067
7185,202609,0,0.15637843977445956
7191,202609,0,0.170561765335681
7196,202609,0,0.16517502581753246
7197,202609,0,0.07240130288512324
7199,202609,0,0.14597551980619305
7204,202609,0,0.10468923008547108
7205,202609,0,0.04648938456355888
7209,202609,0,0.06207950237747219
7213,202609,0,0.1294481125549724
7215,202609,0,0.057050894681457964
7216,202609,0,0.1045711127130096
7217,202609,0,0.15776697890100883
7224,202609,0,0.12885370276843655
7229,202609,0,0.205935499187084
7230,202609,0,0.1559888398173108
7235,202609,0,0.18941482513120256
7237,202609,0,0.24215310853748334
7245,202609,0,0.131777239017609
7246,202609,0,0.0937428820606973
7252,202609,0,0.08075881386898658
7257,202609,0,0.11083600884738094
7258,202609,0,0.07991091309789058
7261,202609,0,0.08133772827264027
7269,202609,0,0.13007938337429867
7270,202609,0,0.11139198549862055
7274,202609,0,0.06045287101468768
7283,202609,0,0.12137534328106545
7291,202609,0,0.07152086287390556
7297,202609,1,0.11943342391154918
7299,202609,0,0.09778447646023063
7301,202609,0,0.06019458881076546
7304,202609,0,0.1303607220486874
7311,202609,0,0.1496666805107615
7314,202609,0,0.15865111913561286
7318,202609,1,0.06892089873551169
7320,202609,1,0.19512469248588718
7321,202609,0,0.13290918733719784
7324,202609,0,0.07866888266406649
7326,202609,0,0.15974902175861924
7328,202609,0,0.20433738201445656
7332,202609,0,0.13937913371101596
7333,202609,0,0.1602495617072694
7335,202609,0,0.15306640594889312
7336,202609,0,0.07119743597746772
7337,202609,0,0.16584318571570966
7341,202609,1,0.10451336402198681
7342,202609,1,0.0957194347005835
7344,202609,0,0.12760552376673306
7348,202609,0,0.08664803224736353
7351,202609,0,0.11743728364402416
7352,202609,0,0.0750738948371914
7361,202609,0,0.1373459203551859
7371,202609,0,0.15861240616039907
7373,202609,0,0.13805017860582433
7374,202609,0,0.15728936041731642
7376,202609,0,0.0673401456125007
7383,202609,0,0.201292203750662
7390,202609,0,0.09832440652477686
7391,202609,0,0.0709222901490546
7392,202609,0,0.11159620492473438
7395,202609,0,0.05147631883768576
7400,202609,0,0.17296853658707828
7403,202609,0,0.13120380644731325
7404,202609,0,0.11867236206081835
7405,202609,0,0.12649866860799533
7407,202609,0,0.1263876361768597
7412,202609,0,0.1508370286149764
7414,202609,0,0.07595515444406402
7425,202609,0,0.17374708435761108
7429,202609,0,0.12785326608391542
7435,202609,0,0.16304997156365014
7436,202609,0,0.10243189110438294
7438,202609,0,0.0935988987455046
7441,202609,0,0.05992569960352559
7443,202609,0,0.20635977197862332
7444,202609,0,0.2388567311727434
7452,202609,0,0.0951574615025308
7456,202609,0,0.1150207970558325
7462,202609,0,0.08042280745912805
7472,202609,0,0.16106836841246178
7473,202609,0,0.1382585991288434
7482,202609,0,0.18652599106521425
7483,202609,0,0.12052958141410941
7488,202609,0,0.21091441721959617
7489,202609,0,0.12247504637797949
7490,202609,0,0.13370605105281794
7492,202609,0,0.13812235887924632
7497,202609,0,0.11705758173373708
7498,202609,1,0.06099832323830509
7500,202609,0,0.07331125907707695
7504,202609,0,0.09114788351266016
7507,202609,0,0.1335691551019007
7511,202609,0,0.05849735897861219
7515,202609,1,0.1834803547713324
7519,202609,0,0.12800265578227668
7520,202609,0,0.23322534401839115
7522,202609,0,0.05650013238290509
7530,202609,0,0.04569619464889636
7534,202609,0,0.10475811481280956
7536,202609,0,0.1729978553516036
7541,202609,0,0.12012253619577071
7543,202609,0,0.07564157404449856
7545,202609,0,0.10115457221292054
7547,202609,1,0.19889599494901444
7556,202609,0,0.10899980796197911
7558,202609,0,0.16140043331484996
7560,202609,0,0.1459693923249924
7561,202609,0,0.13284316750422837
7563,202609,1,0.1302821169973166
7571,202609,0,0.11074693578546321
7579,202609,0,0.11215940876592004
7580,202609,0,0.07728010456111689
7581,202609,0,0.10698175794549585
7582,202609,0,0.10130344227552936
7584,202609,1,0.10331551644386165
7586,202609,0,0.13562722085632767
7590,202609,0,0.18225234381672406
7592,202609,0,0.09075448439671178
7594,202609,0,0.11314255897929022
7595,202609,0,0.16922843664249168
7601,202609,0,0.09301875781075411
7602,202609,0,0.1375131519351754
7603,202609,0,0.13953900781418732
7611,202609,0,0.06548354622960781
7617,202609,0,0.04666254704158993
7618,202609,0,0.15955381951176764
7619,202609,0,0.13199216045197915
7621,202609,0,0.14185186215339846
7625,202609,0,0.06152872049408749
7628,202609,0,0.10655591916357401
7630,202609,0,0.06312883283658624
7631,202609,0,0.06322126399177677
7633,202609,0,0.1669237687425477
7634,202609,0,0.11461323302160598
7637,202609,1,0.08135736921354011
7641,202609,0,0.17346805756015862
7642,202609,0,0.09057269322866561
7645,202609,1,0.35341748391819894
7646,202609,0,0.09570006371401311
7647,202609,0,0.07147365303271475
7648,202609,0,0.1324545785590941
7653,202609,1,0.16799668991092054
7654,202609,0,0.09641789136473126
7655,202609,1,0.23569416367077253
7662,202609,0,0.1407307688426629
7666,202609,0,0.11142903079801705
7671,202609,1,0.20066624150809967
7674,202609,0,0.10263939285165467
7676,202609,0,0.07821599423324979
7677,202609,0,0.10200301536089053
7679,202609,0,0.15112170473100425
7681,202609,0,0.09413674531061218
7686,202609,0,0.054861273095833975
7692,202609,0,0.1252705721641427
7694,202609,0,0.1252567869469632
7696,202609,0,0.19205313711331756
7700,202609,0,0.1368973567889585
7707,202609,0,0.07361889859564097
7708,202609,0,0.04989195850308924
7712,202609,0,0.08541360529795644
7715,202609,0,0.09883523389627552
7716,202609,0,0.0969262347708593
7717,202609,0,0.16856465013082192
7719,202609,0,0.05646705842961423
7723,202609,0,0.09235757820963506
7726,202609,0,0.14826527656264335
7734,202609,0,0.20994714231414258
7739,202609,0,0.06740674133172968
7743,202609,0,0.10565493088479429
7751,202609,0,0.05464334702632071
7752,202609,0,0.10839356487896776
7755,202609,0,0.06422585091897691
7758,202609,0,0.06618147288532211
7759,202609,1,0.09642953462688929
7761,202609,0,0.10707638557149411
7766,202609,1,0.12270665633213688
7767,202609,0,0.06112232762013924
7773,202609,0,0.0688563736615866
7779,202609,0,0.09671795610828886
7785,202609,0,0.10766953368040671
7788,202609,1,0.10572558261712238
7792,202609,0,0.08035980316069495
7800,202609,0,0.11115348797240489
7801,202609,0,0.10758929269756758
7802,202609,0,0.07258916402205014
7804,202609,0,0.10275531655331774
7808,202609,0,0.20364194933660731
7809,202609,0,0.040015824187181415
7811,202609,0,0.09521526703494074
7812,202609,0,0.12023026169736142
7816,202609,0,0.09143778014597373
7821,202609,1,0.11629297648248625
7822,202609,0,0.09962953206843342
7823,202609,0,0.0874604221751322
7826,202609,0,0.10271508020406969
7832,202609,0,0.10247552086445273
7833,202609,0,0.13939257992549603
7838,202609,0,0.05737847844005531
7839,202609,0,0.13161484368650814
7840,202609,0,0.10145928332313436
7846,202609,0,0.14757523444816625
7848,202609,1,0.12441224084001917
7849,202609,0,0.10327346946279088
7851,202609,0,0.16172692977946332
7852,202609,1,0.16894462481635403
7857,202609,0,0.11592299571439342
7863,202609,1,0.25314850878172857
7867,202609,1,0.10522365786026368
7877,202609,0,0.07968762240268892
7885,202609,0,0.17052862394141005
7889,202609,1,0.2469428215384529
7895,202609,0,0.06151820818299002
7900,202609,0,0.13173993615411617
7907,202609,0,0.1395655181342462
7910,202609,0,0.05798553623789445
7914,202609,0,0.1613056518186305
7916,202609,1,0.13589136849942163
7917,202609,0,0.10207062075302771
7918,202609,0,0.14993513865528418
7919,202609,0,0.11418067341669186
7921,202609,0,0.07779360287899226
7928,202609,0,0.14461739396906875
7933,202609,0,0.15559197134120556
7937,202609,0,0.11424313044780854
7938,202609,0,0.2030921254875
7941,202609,0,0.07389736838414815
7947,202609,0,0.10754671271588764
7955,202609,0,0.13488402225773558
7956,202609,0,0.15710685125188578
7957,202609,0,0.10875280577687459
7958,202609,0,0.22685299259540934
7964,202609,0,0.07914534930106942
7967,202609,0,0.12013590434430109
7968,202609,0,0.13975154026558068
7971,202609,0,0.11288564979795386
7975,202609,0,0.13310298849973065
7976,202609,1,0.14877934908018858
7978,202609,1,0.0760138941636544
7980,202609,0,0.08308500593417667
7981,202609,1,0.20598112198812654
7983,202609,0,0.08483229260223438
7991,202609,1,0.14452015591094364
7996,202609,1,0.13905449131883657
8004,202609,0,0.19256894589372772
8009,202609,1,0.08808381975042046
8013,202609,0,0.21361184969150726
8016,202609,0,0.08243087409270078
8017,202609,0,0.057478733665379436
8024,202609,0,0.1878802104950543
8027,202609,1,0.11832286747805633
8028,202609,0,0.14204089776178697
8031,202609,0,0.07522948025339563
8032,202609,0,0.07103638079216273
8035,202609,0,0.07871334938234054
8036,202609,0,0.11780010883629685
8037,202609,0,0.07407590376240065
8048,202609,1,0.08878572008559406
8052,202609,0,0.14785405262187165
8053,202609,0,0.07644208084660188
8055,202609,0,0.05035777635796289
8059,202609,0,0.11079971060492647
8060,202609,1,0.0904553946597192
8062,202609,1,0.1513465384498134
8063,202609,0,0.1015342862220436
8064,202609,0,0.1298261321768399
8068,202609,0,0.11274093915369847
8070,202609,0,0.06518775082360947
8072,202609,0,0.115905278150236
8073,202609,0,0.16436781619333518
8080,202609,1,0.15105096336034554
8085,202609,0,0.15485659178384753
8089,202609,0,0.10109281912086097
8090,202609,1,0.10555700972209493
8094,202609,1,0.20132215802913028
8097,202609,0,0.04597741152428585
8098,202609,1,0.0809243165856821
8100,202609,0,0.1459857207848113
8102,202609,0,0.18843609177714202
8105,202609,0,0.08291633182667359
8114,202609,0,0.10904914101033934
8117,202609,0,0.11651163284582267
8120,202609,0,0.10813443333174144
8126,202609,0,0.12283168546500388
8127,202609,0,0.08257477069408653
8128,202609,0,0.07001151901466153
8135,202609,0,0.0744731050633784
8136,202609,0,0.1648646001122491
8137,202609,0,0.1368427522112862
8141,202609,0,0.1423121903189937
8148,202609,0,0.08288131639548225
8151,202609,1,0.2341663599727254
8154,202609,1,0.15013506169617197
8169,202609,0,0.06490748219725134
8173,202609,0,0.06657776983673706
8178,202609,0,0.12093294096257352
8179,202609,0,0.16374611490395288
8182,202609,0,0.07224416903630654
8184,202609,0,0.07525814626025475
8186,202609,0,0.17378006954642636
8189,202609,0,0.10268782918045985
8196,202609,0,0.16293391003262142
8204,202609,0,0.09837960510443534
8216,202609,0,0.08239912394468625
8217,202609,0,0.18911664369121825
8219,202609,0,0.1160515314848208
8221,202609,0,0.11653476065259602
8225,202609,0,0.19582993336274318
8227,202609,0,0.06195133003060517
8229,202609,0,0.08280679514236063
8232,202609,0,0.1729200163086973
8234,202609,1,0.18009345883622901
8245,202609,0,0.11428851633241346
8246,202609,0,0.18895931183708622
8248,202609,0,0.1327878718110612
8249,202609,0,0.1506878104876733
8250,202609,0,0.14257095770519965
8256,202609,0,0.0679929685344408
8258,202609,0,0.17863631368438876
8259,202609,0,0.05539466327469952
8268,202609,0,0.1366380289739376
8270,202609,0,0.15039657986839505
8271,202609,0,0.08149098432707737
8272,202609,0,0.1535261899110925
8273,202609,0,0.12838959119707496
8275,202609,0,0.11129796155963194
8277,202609,0,0.14508089067971888
8279,202609,1,0.0706321196217528
8281,202609,0,0.15691810392631497
8282,202609,1,0.11883711524579509
8283,202609,0,0.13142213386076013
8285,202609,0,0.13337294929630736
8288,202609,0,0.0612457534651219
8293,202609,1,0.1252744263703001
8299,202609,0,0.05086162232106539
8300,202609,0,0.11538081990932177
8301,202609,0,0.06261013333975027
8303,202609,1,0.11391903160627669
8307,202609,0,0.12733408472808577
8311,202609,1,0.08053582647337529
8313,202609,1,0.1916124403284857
8315,202609,0,0.13851980998340852
8324,202609,0,0.09326571805859814
8326,202609,0,0.1271087203103362
8327,202609,0,0.12797344349120088
8328,202609,0,0.18206741906991827
8330,202609,1,0.062385147938556866
8334,202609,0,0.09294843140547956
8337,202609,1,0.09222435681775311
8340,202609,1,0.1467301978097192
8342,202609,1,0.10362942732182953
8343,202609,1,0.15158785329165628
8351,202609,0,0.07156349523602422
8367,202609,0,0.08536860995434005
8368,202609,0,0.18582410348993766
8371,202609,0,0.1785103157799288
8383,202609,0,0.08412878218353008
8386,202609,0,0.18331081038256292
8389,202609,0,0.11779893245912336
8391,202609,1,0.0685360614015058
8402,202609,0,0.062955387929269
8404,202609,0,0.13625064600883038
8409,202609,0,0.11186930623278857
8416,202609,0,0.1436543925233117
8417,202609,0,0.09256621985225395
8419,202609,0,0.1246959817834006
8420,202609,0,0.1430837500906687
8421,202609,0,0.15320723151118115
8422,202609,0,0.0546157896765296
8423,202609,1,0.0827109202753645
8425,202609,0,0.18018699627600224
8429,202609,0,0.1126765362410281
8433,202609,0,0.15639313616690254
8436,202609,0,0.1245454698359265
8437,202609,0,0.05367858876521815
8440,202609,0,0.06375712849877842
8446,202609,0,0.14974721562915946
8448,202609,1,0.15390570930192904
8455,202609,0,0.16134508924215749
8462,202609,0,0.14437923972045447
8471,202609,0,0.16352029310357558
8479,202609,0,0.16089777972539354
8482,202609,0,0.07500782705421488
8485,202609,0,0.16549852688189193
8489,202609,0,0.0790118308697168
8490,202609,0,0.03989439921197206
8492,202609,0,0.06183855079239613
8496,202609,0,0.1437407177920227
8497,202609,0,0.06899342262330965
8498,202609,0,0.11098663967205766
8500,202609,0,0.16074327138879002
8501,202609,0,0.1530939546805051
8508,202609,0,0.18881955023531152
8512,202609,0,0.18641855562749035
8519,202609,0,0.12709423953240467
8522,202609,0,0.19384324440802997
8531,202609,1,0.1602677397836736
8536,202609,0,0.08720737224445455
8537,202609,1,0.17736877060557082
8545,202609,0,0.1399218666688293
8546,202609,0,0.10236356089766341
8554,202609,0,0.13321649384931744
8556,202609,0,0.11706717770593893
8557,202609,0,0.14417829362609583
8559,202609,0,0.13913440178497985
8560,202609,0,0.16362015701710964
8563,202609,0,0.0865396818705378
8565,202609,0,0.15328883757079612
8566,202609,1,0.1876758086090092
8570,202609,1,0.07042338778252688
8574,202609,0,0.059726876290166174
8578,202609,0,0.06777566710957818
8585,202609,0,0.06367322694439655
8594,202609,1,0.10031662364134393
8599,202609,0,0.16283192788278933
8602,202609,0,0.1659878115155213
8605,202609,0,0.10099592162085515
8606,202609,1,0.13960305219610794
8609,202609,0,0.08146255912106015
8610,202609,0,0.1068342962519977
8614,202609,0,0.06644880068863616
8619,202609,0,0.11156151959140563
8621,202609,0,0.09739406408261757
8624,202609,1,0.07532302110354572
8629,202609,0,0.1452895151015878
8632,202609,0,0.10546038802612771
8635,202609,0,0.08516068877151206
8639,202609,0,0.056425221170106656
8642,202609,0,0.08411321891217984
8643,202609,0,0.11155873110626431
8649,202609,0,0.14294275053869115
8655,202609,0,0.13098704527408322
8657,202609,0,0.1129660352862723
8662,202609,0,0.08596976705417533
8663,202609,0,0.15568501607871013
8666,202609,0,0.14510176091221363
8674,202609,0,0.062064785090930656
8676,202609,0,0.11920102957183665
8677,202609,1,0.07247857089621818
8680,202609,0,0.14813154542757415
8682,202609,1,0.14306288164257738
8686,202609,0,0.1609242080614872
8691,202609,0,0.08600401825019796
8700,202609,1,0.07607065938383563
8701,202609,0,0.1311976524350519
8702,202609,0,0.08263501483709444
8705,202609,0,0.15115914533524588
8714,202609,0,0.08047510903354291
8716,202609,0,0.13794615923344333
8718,202609,0,0.11515853300466784
8731,202609,0,0.1579908261007637
8736,202609,0,0.14141399920228892
8738,202609,0,0.15084979787910874
8739,202609,1,0.17290544039396227
8745,202609,0,0.059305475057120985
8749,202609,0,0.11140450141851523
8754,202609,0,0.14888776382833147
8755,202609,0,0.13436844236839793
8760,202609,0,0.10990247812858986
8762,202609,0,0.05309742446563628
8767,202609,0,0.06798909270243787
8768,202609,0,0.13283049595791896
8769,202609,0,0.047130595253482434
8770,202609,0,0.08802230786031821
8771,202609,0,0.15324344512615928
8772,202609,0,0.12557838770555227
8781,202609,0,0.09648355029739987
8782,202609,0,0.07141122765952607
8789,202609,0,0.10378665229526762
8792,202609,1,0.15483891012473916
8795,202609,0,0.11269961996018842
8796,202609,0,0.07434450953277644
8807,202609,0,0.16091026979649106
8811,202609,0,0.13556196025338962
8815,202609,0,0.1474080504039678
8820,202609,0,0.11142639844891088
8821,202609,0,0.07102086423129252
8825,202609,0,0.13774661933660784
8832,202609,0,0.10526405522574697
8839,202609,0,0.1043046746785374
8841,202609,0,0.11917772042642549
8844,202609,0,0.1503908517986522
8848,202609,0,0.11033329842904563
8849,202609,0,0.06279618310624521
8850,202609,1,0.07539153876012725
8855,202609,1,0.15601502758425784
8856,202609,0,0.16027320923787294
8859,202609,1,0.11551686871882572
8865,202609,0,0.10069388002876041
8867,202609,1,0.17996371521227794
8874,202609,0,0.17668983828184406
8875,202609,0,0.11373440331942783
8879,202609,0,0.08420765150553902
8882,202609,0,0.06835539352036034
8885,202609,0,0.12209567392221114
8892,202609,0,0.14250556806824344
8897,202609,0,0.07194277747628688
8899,202609,0,0.1659160796910778
8905,202609,0,0.06276422165137394
8911,202609,0,0.16295578469448888
8912,202609,0,0.08101459679247293
8921,202609,0,0.061238169112927295
8926,202609,0,0.13566651078146708
8928,202609,0,0.10720776541660433
8930,202609,0,0.13998708701553264
8935,202609,0,0.13227470955311887
8939,202609,0,0.07175336175798248
8941,202609,0,0.17584911330974368
8942,202609,0,0.06724487701979368
8949,202609,0,0.08603431568929948
8951,202609,0,0.0646197559364839
8953,202609,1,0.14541616364967724
8954,202609,0,0.16021193699317685
8957,202609,1,0.10560034944235785
8958,202609,0,0.09905049680647056
8964,202609,0,0.056376371939310436
8972,202609,0,0.058679584836230154
8978,202609,0,0.10382794788693812
8979,202609,0,0.0780513139499215
8980,202609,0,0.14748397261235946
8983,202609,0,0.14483713175934093
8986,202609,1,0.16723272367598213
8988,202609,0,0.15709504016559175
8997,202609,0,0.14836932771893918
8998,202609,0,0.06320524370316442
8999,202609,0,0.11881394562794485
9005,202609,0,0.19258725937324003
9006,202609,0,0.07657575160823966
9008,202609,0,0.16073994992975024
9012,202609,0,0.17506902103053812
9024,202609,0,0.10199421605068237
9026,202609,0,0.1253868139428153
9030,202609,0,0.15325536697459338
9034,202609,0,0.04542798912387514
9036,202609,0,0.18586464783643739
9038,202609,0,0.06873101217214488
9040,202609,0,0.14661436749659026
9041,202609,0,0.0637295118118954
9042,202609,0,0.04569182240961296
9046,202609,0,0.06254423026239962
9049,202609,0,0.07080670714529673
9051,202609,0,0.17948684654467434
9054,202609,0,0.17755629975084009
9057,202609,0,0.06446116586489015
9062,202609,0,0.05535672935281126
9072,202609,0,0.1451066080107099
9075,202609,0,0.08446673107921107
9079,202609,0,0.1576035577909372
9081,202609,0,0.08134086995705238
9085,202609,1,0.10544273529227713
9086,202609,0,0.24465542471770393
9090,202609,0,0.0875815906604606
9091,202609,0,0.05527336856005868
9099,202609,0,0.06477152951323217
9103,202609,1,0.08439065326519514
9110,202609,0,0.056332540185964876
9113,202609,0,0.14647358834664195
9116,202609,0,0.14465332430461095
9120,202609,0,0.07397950652419248
9126,202609,0,0.18407436274558253
9130,202609,1,0.10368101865044602
9131,202609,1,0.09265352428135794
9133,202609,0,0.0767604173184226
9135,202609,0,0.15574564190464976
9140,202609,1,0.23414805799073354
9144,202609,0,0.1211693922974506
9145,202609,1,0.10405598530492123
9146,202609,0,0.12287835039303206
9153,202609,0,0.1044635553147476
9155,202609,0,0.07148001031195737
9160,202609,0,0.09741031101915729
9165,202609,0,0.12295405709775037
9172,202609,0,0.14675055285681604
9174,202609,0,0.07237145752618108
9179,202609,0,0.11607711549604308
9180,202609,0,0.1130649037094073
9192,202609,0,0.17713549879577978
9194,202609,0,0.08557473776240225
9195,202609,0,0.1861188774737893
9199,202609,0,0.11781399558560304
9204,202609,0,0.05667696919070839
9205,202609,0,0.0648639220967991
9210,202609,0,0.0823969243002703
9213,202609,1,0.09986362768842207
9216,202609,0,0.20167887464561754
9219,202609,0,0.0956632340330256
9224,202609,1,0.16159367857958787
9225,202609,0,0.08688859055273382
9227,202609,0,0.07578702048068525
9228,202609,0,0.10817662477402319
9233,202609,0,0.13682746817196567
9235,202609,0,0.14956936436626314
9237,202609,0,0.06161438855555953
9239,202609,0,0.05136292772646643
9240,202609,0,0.04469164460111864
9241,202609,0,0.15066844646816627
9242,202609,0,0.09926740880316737
9246,202609,0,0.05854258559962547
9248,202609,0,0.1142572920181381
9253,202609,0,0.1098908992437851
9254,202609,0,0.12312436158599468
9260,202609,0,0.11737042212180175
9261,202609,0,0.07240932360220703
9262,202609,0,0.12966591019178678
9263,202609,0,0.19595950399325118
9266,202609,0,0.20704280676178913
9268,202609,0,0.07390657926742246
9275,202609,0,0.07534083383257974
9278,202609,0,0.12676758893746543
9287,202609,0,0.12217627023400714
9288,202609,0,0.10655855688128914
9292,202609,0,0.14419528546406846
9308,202609,0,0.11266577518228599
9309,202609,0,0.1508650841338574
9310,202609,0,0.17146429639979355
9312,202609,0,0.1151482212913913
9314,202609,0,0.0829657857268911
9316,202609,0,0.05239725967646541
9318,202609,0,0.13873499374658874
9322,202609,0,0.1699626212777489
9325,202609,0,0.16557108792046304
9326,202609,0,0.1599744068961745
9327,202609,0,0.12646783469496775
9336,202609,0,0.09972874379182413
9340,202609,0,0.17009076778188703
9342,202609,0,0.15319524784422417
9346,202609,0,0.09356994539590732
9351,202609,0,0.20454554111176212
9355,202609,0,0.10255335036715608
9357,202609,0,0.09904283481426995
9358,202609,0,0.10714371119940638
9363,202609,0,0.12525345027246265
9365,202609,0,0.11380563134625915
9367,202609,1,0.1287590305295769
9371,202609,0,0.12535746080148608
9372,202609,0,0.11623202000024635
9374,202609,0,0.07873989888546008
9378,202609,0,0.1772630977169952
9383,202609,0,0.09997515219277112
9385,202609,0,0.09002867835053373
9386,202609,0,0.17716875429621762
9392,202609,1,0.2274115379477844
9399,202609,1,0.1244686846433664
9413,202609,0,0.05616618333390118
9418,202609,0,0.15467999039798028
9420,202609,0,0.060867148911267176
9421,202609,0,0.1549318457030465
9422,202609,0,0.05407948889972794
9423,202609,0,0.08057412630441912
9425,202609,0,0.1380360733054795
9426,202609,0,0.17604752053697023
9428,202609,1,0.09158685470094574
9434,202609,0,0.16731694314851464
9436,202609,0,0.07794045769903955
9439,202609,0,0.08837910773858362
9442,202609,0,0.10712223486727966
9446,202609,0,0.049029537535703015
9452,202609,1,0.1305618715754867
9455,202609,0,0.10505985412068458
9457,202609,0,0.14389449614391636
9458,202609,1,0.1296771368433495
9460,202609,0,0.15485748327740842
9461,202609,0,0.13192662149869155
9467,202609,0,0.1297609577433658
9472,202609,0,0.12598199502146734
9473,202609,0,0.21301969643897026
9478,202609,1,0.18743045146173873
9483,202609,0,0.06477270342749719
9485,202609,0,0.11081671308880676
9489,202609,1,0.1746671434168212
9490,202609,1,0.06748097422138251
9492,202609,0,0.09425917033697394
9500,202609,0,0.12846601036178448
9501,202609,0,0.18967870601357814
9507,202609,0,0.13263807614717354
9513,202609,0,0.0728664493294037
9514,202609,0,0.1748959077430985
9516,202609,0,0.12959114685506462
9520,202609,0,0.09647318666877451
9524,202609,0,0.11201438583729793
9532,202609,0,0.07712876217867878
9542,202609,0,0.10016742821649305
9544,202609,0,0.19315806656494156
9546,202609,1,0.1582158042592515
9548,202609,0,0.10454028865454007
9553,202609,0,0.14021854141347004
9554,202609,0,0.08771451253839757
9556,202609,0,0.07001789627442695
9558,202609,0,0.15412528814534232
9559,202609,0,0.15948485588038258
9565,202609,0,0.1698055525515306
9568,202609,1,0.10649165677921567
9571,202609,0,0.11718642204809959
9575,202609,0,0.1550874310377268
9576,202609,0,0.18367860317795653
9583,202609,1,0.18480683397989262
9587,202609,0,0.14966264578921062
9594,202609,1,0.13663378160482026
9600,202609,1,0.12651973878811548
9602,202609,0,0.12673715439640046
9609,202609,0,0.06540314870490162
9612,202609,0,0.15520650546928644
9618,202609,0,0.06442621340449727
9622,202609,0,0.13972150849499132
9624,202609,0,0.12912988925633753
9633,202609,0,0.15302335466767522
9643,202609,1,0.062308543829722764
9648,202609,0,0.1111654951537579
9656,202609,1,0.10148277540145462
9658,202609,0,0.10247205730513481
9668,202609,0,0.1011983517664258
9673,202609,0,0.10931823991800721
9687,202609,1,0.21528603193913487
9702,202609,0,0.048391119155370296
9704,202609,1,0.0864853565734031
9705,202609,0,0.15170621863458875
9706,202609,0,0.07618734294242183
9707,202609,0,0.15082564953312572
9708,202609,0,0.0964551566770262
9709,202609,0,0.12041674489203956
9710,202609,0,0.14548983865872867
9720,202609,0,0.13728151558043822
9726,202609,0,0.15453857533770024
9735,202609,1,0.1299722376439688
9736,202609,0,0.22030943862387
9740,202609,0,0.10807593690315219
9744,202609,1,0.06272954656211176
9753,202609,0,0.05849388667139766
9756,202609,0,0.0886316799258074
9757,202609,0,0.07205897583476539
9759,202609,1,0.12854359583807803
9761,202609,0,0.08104889630583785
9762,202609,1,0.10050288182080921
9765,202609,0,0.19541104862958464
9768,202609,0,0.10997061255976028
9769,202609,0,0.15231349911321526
9775,202609,0,0.06096718293226236
9778,202609,0,0.14780307398870512
9785,202609,1,0.15517179811379156
9787,202609,0,0.14665079882186843
9788,202609,0,0.10286799273898829
9789,202609,0,0.1645530041800596
9791,202609,0,0.09050020275290993
9792,202609,0,0.11935119150606889
9793,202609,0,0.10293617727906419
9795,202609,0,0.06845373727193459
9802,202609,1,0.20456133825686998
9806,202609,1,0.12558578794837313
9815,202609,0,0.10380376932463667
9816,202609,0,0.08584142293638411
9822,202609,0,0.11056661377136287
9823,202609,0,0.17117286172964769
9827,202609,0,0.11883037455331838
9832,202609,1,0.13308042999309874
9835,202609,0,0.14766054682478993
9838,202609,1,0.1683018306668524
9840,202609,0,0.060448381535583524
9841,202609,0,0.1359537670501056
9849,202609,0,0.1048263032642113
9853,202609,0,0.156313899213595
9855,202609,1,0.15124561806421263
9856,202609,0,0.06449813027040435
9859,202609,1,0.08925204277739236
9864,202609,0,0.13621465359418444
9867,202609,0,0.10165228704381744
9869,202609,0,0.07122474764036735
9873,202609,0,0.05133578261437386
9879,202609,0,0.08124687720382329
9881,202609,0,0.047650878762341406
9892,202609,0,0.09911640606582313
9898,202609,0,0.13283172527561887
9899,202609,0,0.15425798107071828
9905,202609,1,0.14848187168239746
9915,202609,0,0.0935969189508599
9922,202609,0,0.14196976322602498
9925,202609,0,0.12322720808981834
9936,202609,0,0.1666521431325184
9940,202609,0,0.15448862873037497
9941,202609,0,0.07547120048942849
9942,202609,0,0.12028405222679373
9947,202609,0,0.06614739359258424
9948,202609,1,0.1082433440041108
9952,202609,1,0.17947054797829606
9953,202609,0,0.08120465009735282
9957,202609,0,0.12513426609311737
9962,202609,0,0.06242208360299525
9963,202609,0,0.10372698080300748
9964,202609,0,0.16131881262397646
9965,202609,0,0.1480799244321195
9966,202609,0,0.1548406960948645
9968,202609,0,0.11524197728543237
9970,202609,1,0.14903698396221177
9971,202609,0,0.051789885339516686
9973,202609,0,0.1318638232569979
9980,202609,0,0.06320459711054993
9983,202609,0,0.16754249839613913
9985,202609,0,0.055566969080089
10002,202609,0,0.20233456290975124
10003,202609,0,0.14725632144644538
10005,202609,0,0.09011635737464528
10007,202609,0,0.10281709034626613
10009,202609,0,0.17330604472209296
10010,202609,0,0.1751193039112416
10013,202609,0,0.13692168937555493
10014,202609,0,0.053438629316748226
10017,202609,0,0.11110171532117763
10023,202609,0,0.10410281658763652
10024,202609,0,0.12866653003851528
10028,202609,0,0.11628433105142764
10030,202609,0,0.07962859943707223
10037,202609,0,0.14097623674417617
10046,202609,0,0.0891702091409021
10051,202609,0,0.10201050254469228
10063,202609,0,0.10112100520297834
10065,202609,0,0.10150482837469425
10067,202609,0,0.08820078770276314
10069,202609,0,0.1798513487263046
10073,202609,0,0.05680019626144462
10074,202609,0,0.06847293454307121
10079,202609,0,0.07473528473463271
10091,202609,1,0.10140906459073087
10096,202609,0,0.04608017071908135
10099,202609,0,0.08650860757331236
10100,202609,0,0.06672033144268275
10101,202609,0,0.15193426678022984
10103,202609,0,0.08189567021792137
10105,202609,0,0.15966263282077006
10107,202609,0,0.09900311284810939
10110,202609,0,0.18793356575060116
10112,202609,0,0.07672555620772278
10113,202609,0,0.13740761102289004
10114,202609,1,0.07173419814018109
10116,202609,0,0.06268080812449192
10124,202609,0,0.16758887750682466
10127,202609,0,0.08852152894704936
10129,202609,0,0.17227086630817207
10132,202609,1,0.1548739075775631
10139,202609,0,0.16222407055723123
10140,202609,0,0.20816557256456275
10145,202609,0,0.24047278327133945
10149,202609,0,0.11924297244435218
10150,202609,0,0.07210078123437437
10151,202609,0,0.19130900967802877
10164,202609,0,0.11797335177043604
10165,202609,0,0.07628602504079136
10166,202609,0,0.06807509656820358
10167,202609,1,0.24896494978195208
10168,202609,0,0.06942552698167918
10174,202609,0,0.11863009178313899
10178,202609,1,0.12772046793143585
10183,202609,0,0.10564809505416266
10186,202609,0,0.10014094026229571
10189,202609,0,0.13748150756657085
10192,202609,0,0.1298186063024662
10193,202609,0,0.13845906426063473
10197,202609,0,0.05855460869816471
10201,202609,0,0.11704027899987621
10206,202609,0,0.1322092891968828
10210,202609,0,0.08106483192296975
10211,202609,0,0.0961183504846357
10216,202609,0,0.14556771200066193
10224,202609,0,0.08420054517685578
10229,202609,1,0.14097892503939613
10234,202609,0,0.1542556171072187
10236,202609,0,0.11595597694990563
10239,202609,0,0.1883637298370375
10245,202609,0,0.12251768924851406
10247,202609,0,0.08782088967045117
10250,202609,0,0.050920585431616844
10253,202609,0,0.1466955189897653
10254,202609,0,0.10429571533366494
10261,202609,1,0.10951581039529185
10263,202609,0,0.1602939240408171
10264,202609,0,0.19323968661570487
10265,202609,0,0.08040160795207026
10275,202609,0,0.05417886436077486
10279,202609,0,0.06466122340214109
10280,202609,0,0.11299188198295107
10283,202609,0,0.24701401130185804
10284,202609,1,0.1481913317008066
10286,202609,0,0.12815503603569145
10287,202609,0,0.18548782437519742
10293,202609,0,0.14100281656380445
10294,202609,0,0.07564561290611836
10303,202609,0,0.07532818359952577
10306,202609,0,0.1399243207793187
10308,202609,0,0.11560844988829952
10311,202609,0,0.1161596570344549
10318,202609,0,0.15087023448570125
10322,202609,0,0.05049523822599311
10323,202609,0,0.16371493693795622
10324,202609,0,0.05214559174124
10327,202609,0,0.12916067464443343
10330,202609,0,0.12252353985213259
10331,202609,0,0.10429053822120007
10333,202609,0,0.0475869158487269
10334,202609,0,0.08737652940438997
10335,202609,0,0.0762909875672831
10336,202609,1,0.13232627387635837
10338,202609,0,0.14595040593244496
10339,202609,0,0.10293340846531807
10340,202609,1,0.16302263726446106
10346,202609,0,0.19315711288940732
10348,202609,0,0.05060171278588329
10354,202609,0,0.20274602355915927
10356,202609,0,0.06965645162827579
10367,202609,0,0.06209988238895914
10368,202609,1,0.0830583875193762
10375,202609,0,0.1246277817568933
10384,202609,0,0.16090750682381172
10386,202609,0,0.05260235523262819
10389,202609,0,0.11515144009027095
10393,202609,0,0.09903084001022162
10396,202609,0,0.06374625958097964
10404,202609,0,0.13678974593314294
10405,202609,1,0.19624767526057374
10408,202609,0,0.07665603964399308
10415,202609,0,0.13985535330504006
10416,202609,0,0.06548175481595644
10419,202609,0,0.05214901278552699
10427,202609,1,0.14393238069085013
10429,202609,0,0.1649848760801148
10431,202609,0,0.18629049448502766
10434,202609,0,0.19106379920474206
10435,202609,0,0.09533422085154983
10437,202609,1,0.14476005161683908
10438,202609,1,0.17677393094101224
10441,202609,0,0.21403508996531997
10442,202609,0,0.2193216400771453
10448,202609,0,0.20356134398360365
10449,202609,0,0.07376246255621666
10452,202609,0,0.061148460061891584
10453,202609,0,0.12212508996213191
10454,202609,0,0.1290790418353254
10455,202609,0,0.09649241085599403
10461,202609,0,0.09329368464737091
10462,202609,0,0.053202147538398574
10468,202609,1,0.19220941509338066
10472,202609,0,0.064147517242616
10474,202609,0,0.1893966411932254
10476,202609,0,0.1747359929672763
10478,202609,0,0.06841055469567744
10483,202609,0,0.10883002272343413
10485,202609,0,0.13457893133172144
10492,202609,0,0.1538838634428389
10493,202609,0,0.16561380998600522
10497,202609,1,0.1158360761668716
10499,202609,0,0.09285244857863026
10501,202609,0,0.051554146478057644
10503,202609,0,0.10009451959641205
10506,202609,0,0.08720383020397178
10509,202609,0,0.13577712016586557
10512,202609,0,0.13514205029869025
10513,202609,0,0.07448432095955598
10516,202609,0,0.09829295010196376
10517,202609,0,0.09892195169045923
10519,202609,1,0.08270912317485479
10521,202609,1,0.12109243495489218
10523,202609,0,0.12593104291226764
10525,202609,0,0.10266220645441772
10529,202609,0,0.11865691173566272
10532,202609,0,0.08925916285472472
10537,202609,0,0.11361904010851011
10541,202609,0,0.13090663632781083
10545,202609,0,0.09480130460129971
10547,202609,0,0.13081838224665374
10548,202609,0,0.10357324472161945
10552,202609,0,0.07590645229012274
10554,202609,0,0.16691595290986982
10557,202609,0,0.1592450346002039
10562,202609,1,0.13391460879032538
10564,202609,0,0.16786298072410877
10566,202609,0,0.11660471991872401
10574,202609,0,0.07544019698444483
10586,202609,1,0.1407975589868923
10591,202609,0,0.09745572912357081
10593,202609,0,0.07882970715781529
10596,202609,0,0.1874664539473846
10600,202609,0,0.21155673409809655
10601,202609,0,0.054142211443867355
10606,202609,0,0.07490872192849556
10611,202609,0,0.057711907288877935
10619,202609,0,0.13435852486111433
10620,202609,0,0.16114399024426176
10622,202609,0,0.04980305130879133
10626,202609,0,0.126735729463453
10629,202609,0,0.05434602456687921
10630,202609,0,0.1484907793786524
10631,202609,0,0.15912564596857848
10632,202609,1,0.0970562512108349
10633,202609,0,0.06595535591099308
10638,202609,0,0.17362603637321933
10639,202609,0,0.21443908123350966
10640,202609,0,0.061470398989617224
10641,202609,0,0.05796469962102326
10647,202609,0,0.08921127425777273
10651,202609,0,0.12376543082276024
10657,202609,0,0.09862379216325803
10661,202609,0,0.1581803081393619
10663,202609,0,0.11267972060135793
10664,202609,0,0.15189822829950977
10667,202609,0,0.112275590574193
10670,202609,1,0.09640452392685799
10671,202609,0,0.1612381576389678
10672,202609,0,0.10799047715937113
10675,202609,0,0.1436995551413904
10679,202609,0,0.15829537451322323
10680,202609,0,0.16919064578180149
10681,202609,0,0.1336623991432285
10682,202609,0,0.18879109445545467
10683,202609,0,0.05532408422397374
10688,202609,0,0.08612648670497505
10689,202609,0,0.08582474139321676
10693,202609,0,0.08215153791186215
10701,202609,0,0.18921505159201332
10704,202609,0,0.12222776667825604
10709,202609,0,0.2065192983447549
10711,202609,0,0.18746223978877147
10713,202609,0,0.09778227413877132
10715,202609,0,0.11704212369383689
10716,202609,0,0.16844789841660396
10718,202609,0,0.07909284444994795
10721,202609,0,0.14972064129326415
10724,202609,0,0.10311359148540875
10730,202609,0,0.11620671697288502
10731,202609,0,0.09764474611086325
10733,202609,0,0.12217707100189101
10734,202609,0,0.1411596682370949
10737,202609,0,0.10419644343666912
10744,202609,0,0.051967869006808005
10745,202609,0,0.1423899211485179
10750,202609,0,0.058704043414792906
10756,202609,0,0.13301080519220615
10762,202609,0,0.13889915369353378
10768,202609,1,0.14328199315056653
10770,202609,0,0.10239830228193783
10774,202609,0,0.12219972376021612
10776,202609,0,0.16898285332069093
10777,202609,0,0.2661197758911806
10780,202609,0,0.07307208301985575
10782,202609,0,0.23269134959043697
10783,202609,0,0.0935047663148598
10789,202609,0,0.15231953749496988
10791,202609,0,0.14755004221173146
10793,202609,0,0.16316210958392677
10795,202609,0,0.18115199250779052
10807,202609,0,0.0961631947452583
10813,202609,0,0.11524923325915902
10815,202609,0,0.10791126755729548
10816,202609,0,0.17396268239763546
10817,202609,0,0.13195927079519285
10819,202609,0,0.130947560390128
10824,202609,0,0.15297440851398664
10828,202609,0,0.16827211248865295
10829,202609,0,0.1721940874525187
10830,202609,0,0.1018758709920168
10832,202609,0,0.15019260167355739
10835,202609,1,0.13181223226262445
10836,202609,0,0.17825653759154958
10839,202609,0,0.17374274827169153
10843,202609,0,0.10465952597918372
10844,202609,0,0.07358305171411912
10852,202609,0,0.16851986382139492
10858,202609,1,0.12144734420415794
10860,202609,0,0.06133957821839086
10862,202609,0,0.22301440949696794
10866,202609,0,0.21419158959663864
10871,202609,0,0.14601183668549397
10872,202609,0,0.14007645999198995
10873,202609,0,0.10017227653323431
10878,202609,0,0.16409667392784846
10887,202609,0,0.0704999967892629
10888,202609,0,0.2920740660559408
10889,202609,0,0.07569174573534791
10892,202609,0,0.12697748278322904
10895,202609,0,0.17104153579726114
10899,202609,0,0.19443129512830687
10901,202609,0,0.1784692152249316
10904,202609,0,0.1143120338876547
10907,202609,0,0.11103183886051948
10910,202609,0,0.11720346538975206
10911,202609,0,0.09422246134759409
10917,202609,0,0.1179564832121818
10918,202609,0,0.12464930465045124
10920,202609,0,0.1235675286413215
10921,202609,0,0.03944034913763809
10922,202609,0,0.09647341604308442
10928,202609,0,0.05670971500976663
10929,202609,0,0.055100210921940646
10930,202609,0,0.064660993502487
10933,202609,0,0.13880087164542995
10934,202609,0,0.05975865313959558
10938,202609,0,0.12698020119482997
10939,202609,0,0.0850732376395104
10940,202609,1,0.14524460569672948
10942,202609,0,0.049335253685754685
10943,202609,0,0.07733111195254584
10945,202609,0,0.17503722638226407
10946,202609,0,0.13696000246770318
10949,202609,0,0.07194755364059223
10951,202609,0,0.09637251726514942
10952,202609,0,0.1512269827650072
10953,202609,0,0.07861319468062083
10955,202609,0,0.058584365435866155
10956,202609,0,0.17368220445218757
10959,202609,0,0.16888076957021658
10963,202609,0,0.14516481392753838
10965,202609,0,0.1571861024417594
10971,202609,0,0.07263534006002294
10975,202609,0,0.10451477098321839
10979,202609,0,0.11064621271330653
10980,202609,0,0.0745525622507979
10983,202609,0,0.11464293756517893
10984,202609,0,0.1229840373564266
10989,202609,0,0.08880138071471474
10992,202609,0,0.10777134816162422
10994,202609,1,0.2237659356871096
10996,202609,0,0.22283307506390213
11001,202609,0,0.05457042125390473
11003,202609,0,0.08653338472246248
11004,202609,0,0.09221732815520008
11005,202609,0,0.16753680798839538
11008,202609,0,0.07097130216132257
11013,202609,0,0.22614158770061568
11016,202609,0,0.062240821816290974
11017,202609,0,0.05427665150445177
11018,202609,0,0.15693940991238803
11021,202609,0,0.14663727891664796
11023,202609,0,0.09085149068360575
11028,202609,0,0.17707450039262362
11032,202609,0,0.18479837865708731
11034,202609,0,0.1566762310511564
11035,202609,0,0.07374224224846797
11036,202609,0,0.07664838302150578
11040,202609,0,0.12770568459566414
11041,202609,0,0.06857491526771531
11043,202609,0,0.15255491224848977
11047,202609,0,0.22925469576337645
11056,202609,0,0.2016323910605885
11058,202609,0,0.15384410942357019
11059,202609,0,0.054501503550598775
11060,202609,0,0.07674228593210751
11062,202609,1,0.15397588774746993
11064,202609,0,0.18226744528907626
11066,202609,0,0.06229604013996621
11068,202609,0,0.24033215786472767
11069,202609,0,0.06382748424117547
11071,202609,0,0.11789579250420819
11072,202609,0,0.13930228800885486
11077,202609,0,0.12772194220745636
11078,202609,0,0.17871361053830254
11079,202609,0,0.12581585485580987
11080,202609,0,0.09852432624550873
11092,202609,0,0.09157830916100974
11093,202609,0,0.14527046991054526
11097,202609,0,0.058188993102472296
11098,202609,0,0.12362018404081175
11104,202609,0,0.07761534689391615
11111,202609,1,0.11105605772258327
11113,202609,0,0.14428728993782852
11114,202609,0,0.09835031089967093
11117,202609,0,0.12706316724826355
11120,202609,0,0.1298083195719087
11121,202609,0,0.07275081052402102
11124,202609,0,0.1660521096074261
11126,202609,0,0.13073041422606455
11131,202609,0,0.11011806211627559
11143,202609,0,0.16021640607433177
11144,202609,0,0.1846518509571004
11146,202609,0,0.09800399974241389
11147,202609,1,0.12734934099840323
11148,202609,0,0.11225471941043813
11154,202609,0,0.1448818866688917
11155,202609,1,0.08172626527367832
11156,202609,0,0.11251076891231017
11157,202609,0,0.1558300761807351
11164,202609,0,0.15014623724414486
11172,202609,0,0.12486018345126118
11173,202609,0,0.05704643814848622
11174,202609,0,0.08375053582784088
11175,202609,0,0.11298662320664304
11179,202609,0,0.11517524770202989
11180,202609,0,0.16639402911258813
11184,202609,0,0.05862176624842928
11188,202609,0,0.12441587076169794
11189,202609,0,0.09172601306105271
11190,202609,0,0.06771149335020675
11192,202609,0,0.16287064383210664
11197,202609,0,0.05378014294821125
11198,202609,0,0.2525674765760708
11201,202609,0,0.12544076047287672
11204,202609,0,0.11490585344917474
11209,202609,1,0.22673655977871085
11211,202609,0,0.12663961709691648
11212,202609,0,0.1394614648138193
11216,202609,1,0.13008161054169784
11217,202609,0,0.14824597730001585
11218,202609,0,0.15449287761151778
11219,202609,0,0.15287777445874462
11227,202609,0,0.11971084554060045
11241,202609,0,0.14301947513816923
11247,202609,0,0.2411172089355621
11251,202609,0,0.07219249277570552
11252,202609,1,0.10380386144661259
11254,202609,0,0.09017234015476766
11260,202609,0,0.08601618122984901
11264,202609,0,0.095719158168333
11271,202609,0,0.15500374175149056
11273,202609,0,0.1310620492232403
11274,202609,0,0.13905300374626253
11276,202609,0,0.05686514650270986
11278,202609,0,0.050843559411569296
11282,202609,0,0.14370980522649723
11283,202609,0,0.1370964157323771
11291,202609,0,0.1351088421995214
11293,202609,0,0.1481375774812781
11296,202609,1,0.28577503054084796
11302,202609,0,0.12404360656483089
11304,202609,0,0.09462596273914321
11305,202609,0,0.13149778789427802
11307,202609,0,0.09337500661994062
11315,202609,0,0.1851343894304351
11321,202609,0,0.16032633820993758
11324,202609,0,0.12904474741002095
11325,202609,0,0.11800311662473793
11326,202609,0,0.1505965377588183
11331,202609,1,0.16295450699589578
11335,202609,0,0.1268040062662111
11341,202609,0,0.11676143595085774
11343,202609,0,0.11920774060687378
11344,202609,0,0.23865124651511524
11350,202609,0,0.19029726725553386
11361,202609,0,0.09232042707204541
11368,202609,1,0.15115644003687928
11369,202609,0,0.20740749323623833
11375,202609,0,0.08049250725713492
11377,202609,0,0.07838487744210491
11379,202609,0,0.16732702354239062
11380,202609,0,0.16886451481129758
11381,202609,0,0.20037832422117505
11391,202609,0,0.09016006280795529
11393,202609,0,0.06702370059992072
11394,202609,0,0.11619392776969137
11398,202609,0,0.1677200107323287
11399,202609,0,0.11426824590465298
11401,202609,0,0.18580539463321755
11408,202609,0,0.09566708731657057
11412,202609,0,0.15261896565407357
11419,202609,1,0.15101621579141775
11420,202609,0,0.14450663291580695
11421,202609,0,0.19451470831673037
11422,202609,0,0.06816033956256401
11426,202609,0,0.15725087524298123
11430,202609,0,0.0827735644330378
11434,202609,0,0.12506844470760953
11437,202609,0,0.11546484918978987
11439,202609,1,0.20082355186285503
11444,202609,1,0.15636624120288617
11446,202609,0,0.20502593964878874
11447,202609,0,0.1566164454188282
11451,202609,1,0.13280894370159327
11456,202609,1,0.13126303499864103
11471,202609,0,0.08364414801299978
11472,202609,0,0.14998540793434395
11475,202609,0,0.10675319879905038
11477,202609,0,0.1537512473440868
11478,202609,0,0.08992441081160597
11483,202609,0,0.1274568331516246
11486,202609,1,0.11104123776248648
11492,202609,0,0.12318175392589012
11495,202609,0,0.17196300656988275
11497,202609,0,0.15369047075944503
11498,202609,0,0.059007324219388556
11502,202609,0,0.07281815268711571
11504,202609,0,0.22316604684435223
11507,202609,1,0.10161953972997313
11508,202609,0,0.1679078732281142
11509,202609,0,0.13803107672506862
11511,202609,0,0.27532557381843276
11512,202609,0,0.10826115342701328
11514,202609,0,0.06999312951642568
11518,202609,1,0.1435899049043207
11522,202609,0,0.1279920313469697
11524,202609,0,0.16652781158465196
11533,202609,0,0.1744066531576704
11534,202609,0,0.11907090246222395
11538,202609,0,0.07444834767991627
11541,202609,0,0.15148007460856908
11542,202609,0,0.10777768512905839
11545,202609,0,0.14913663663007487
11546,202609,0,0.15631187675256264
11547,202609,0,0.10170533571836551
11548,202609,0,0.11018036467654427
11560,202609,0,0.20088864640656318
11566,202609,0,0.20411782566922995
11567,202609,1,0.1399124522636682
11568,202609,1,0.08342923244290537
11572,202609,0,0.1582093321938067
11574,202609,0,0.07318083036482499
11576,202609,0,0.12973746616065085
11577,202609,0,0.07603429029052834
11580,202609,0,0.10010675307320878
11585,202609,1,0.13734127890519537
11587,202609,1,0.14039659726506834
11596,202609,1,0.20482865922798138
11598,202609,0,0.11478712845687983
11602,202609,0,0.12570199132323268
11603,202609,0,0.08419280491200778
11606,202609,0,0.11460227966453057
11612,202609,0,0.17079677845723193
11613,202609,0,0.16190291953145558
11614,202609,0,0.14426312209763267
11620,202609,0,0.09587623534216988
11621,202609,0,0.17985166293594218
11622,202609,0,0.05003062648471367
11623,202609,0,0.10909851557649905
11624,202609,0,0.08447701506334773
11626,202609,0,0.06385926104183426
11629,202609,1,0.1345458575789078
11630,202609,0,0.1772240227930301
11636,202609,0,0.14639359389542286
11637,202609,0,0.07811616717425524
11639,202609,0,0.07626885410297116
11643,202609,0,0.23770013166927653
11644,202609,0,0.08222246544069378
11645,202609,0,0.2497519909282802
11647,202609,0,0.17736791689410394
11653,202609,0,0.15977819744298263
11654,202609,0,0.07036859068670452
11655,202609,0,0.12319581717576554
11656,202609,1,0.16630745389131918
11660,202609,0,0.13043320300145286
11661,202609,0,0.09026239346822637
11662,202609,1,0.2604520296997097
11664,202609,0,0.16805201884493906
11667,202609,0,0.15832424075979082
11679,202609,0,0.09204432774506455
11687,202609,0,0.14883194026359456
11691,202609,0,0.05901241801505792
11696,202609,0,0.12625686177375797
11699,202609,0,0.18608279382567636
11700,202609,0,0.1515557868954774
11702,202609,0,0.18401163495963252
11703,202609,0,0.08254655174767657
11705,202609,0,0.14270926238986203
11711,202609,0,0.15028340283771577
11716,202609,0,0.08461751961148196
11717,202609,0,0.18333337544718256
11719,202609,0,0.20961681058530063
11722,202609,0,0.08519786106340792
11723,202609,1,0.07538973079596295
11724,202609,0,0.1311995430708291
11728,202609,0,0.1515386870960312
11735,202609,1,0.1376330953845564
11736,202609,0,0.1177150271066369
11737,202609,0,0.08869542670560633
11738,202609,0,0.1348537697948558
11744,202609,0,0.10686815481105871
11747,202609,0,0.0760052271130534
11753,202609,0,0.09562775918053348
11757,202609,0,0.14415300458003943
11758,202609,0,0.10629273245597592
11760,202609,0,0.0962501675364249
11761,202609,0,0.24123482177441932
11762,202609,0,0.130516759103595
11764,202609,0,0.16247604700721777
11768,202609,0,0.06243753455443892
11773,202609,0,0.11115543504299473
11774,202609,0,0.23062861582720692
11776,202609,1,0.1600875276577927
11783,202609,0,0.061527181211063604
11785,202609,0,0.08804950661925429
11787,202609,0,0.15233323410885474
11788,202609,0,0.1683282281072294
11789,202609,1,0.21911309182437747
11790,202609,1,0.198007442900167
11791,202609,0,0.08497497700885867
11796,202609,0,0.05277659349477803
11797,202609,0,0.0959098850453245
11798,202609,0,0.047833047660737614
11799,202609,0,0.1404626812603536
11803,202609,0,0.09517654750762598
11806,202609,0,0.2669270273984241
11807,202609,1,0.17204220414143617
11808,202609,0,0.1366241901232287
11809,202609,1,0.1534152078816365
11810,202609,0,0.12977448961120105
11814,202609,0,0.15239999611252444
11816,202609,0,0.07446403847708917
11818,202609,0,0.10089102781580975
11822,202609,0,0.10466706652734797
11824,202609,0,0.07002391124562088
11829,202609,0,0.13794827190860223
11833,202609,1,0.13701805414668525
11835,202609,0,0.1703058300458252
11840,202609,0,0.16999725832580762
11846,202609,0,0.15819980194719968
11847,202609,0,0.13174205495115887
11850,202609,0,0.23495809430099462
11852,202609,1,0.10895165462949784
11853,202609,0,0.06725165929228735
11854,202609,0,0.08208045842684739
11857,202609,0,0.15732204150321344
11862,202609,0,0.1138609008174182
11863,202609,1,0.17176889470490353
11864,202609,1,0.11597748385087912
11871,202609,0,0.15587063839952633
11872,202609,1,0.18296686680370763
11876,202609,1,0.25072725330023254
11877,202609,1,0.07422429827975893
11879,202609,0,0.09772910528974936
11880,202609,0,0.10417338055882827
11883,202609,0,0.06284081557773297
11885,202609,1,0.19733235447810626
11890,202609,0,0.12380399227343147
11898,202609,0,0.10070386892200602
11900,202609,0,0.1780970137603385
11904,202609,0,0.1375151409062227
11905,202609,0,0.1693190941071532
11909,202609,0,0.05023975492524001
11912,202609,0,0.13660592775624908
11913,202609,0,0.19052222898415117
11917,202609,0,0.1575890562824808
11919,202609,0,0.12944216932168942
11920,202609,0,0.06213034924350643
11921,202609,0,0.09907173249315208
11922,202609,0,0.17313523930539623
11924,202609,0,0.11711766209110203
11927,202609,1,0.1287922010160803
11928,202609,0,0.11188645798508812
11929,202609,0,0.16581632648542285
11935,202609,0,0.07631946512925995
11936,202609,0,0.05388763371405709
11939,202609,0,0.0773270840561712
11941,202609,1,0.1429120206220815
11942,202609,0,0.06107894616859602
11943,202609,0,0.1104208413610055
11944,202609,1,0.08859746875368751
11945,202609,0,0.21339919504211027
11946,202609,0,0.13629181564522883
11947,202609,0,0.09745117791363832
11952,202609,0,0.10360480610925739
11956,202609,0,0.1390457622736001
11958,202609,0,0.18337171918704895
11959,202609,0,0.1952224538966395
11961,202609,1,0.24314023446929853
11962,202609,1,0.08612666834658028
11967,202609,0,0.12285765052252082
11969,202609,0,0.12107161209171137
11973,202609,0,0.1163649297525926
11974,202609,0,0.15591983479021773
11975,202609,0,0.09017285636354265
11989,202609,1,0.11423079228410563
11993,202609,0,0.16450722957806735
11994,202609,0,0.09614450407114097
11995,202609,0,0.08957760307880458
12002,202609,0,0.10448948098360028
12004,202609,0,0.10371837491237197
12006,202609,0,0.1365844732373007
12007,202609,0,0.09484058115752869
12014,202609,0,0.14538749116032887
12017,202609,0,0.21519875506830152
12018,202609,0,0.18550364437540576
12019,202609,0,0.1380033439571524
12021,202609,0,0.1468553380224487
12023,202609,0,0.19365374739078883
12024,202609,0,0.14108754894596548
12027,202609,0,0.20169331142287475
12028,202609,1,0.08267864404074471
12034,202609,0,0.1218546307793013
12040,202609,0,0.12254498189569644
12043,202609,1,0.18621160813408213
12044,202609,0,0.16029740104249282
12046,202609,1,0.14182288928487513
12047,202609,0,0.11770202273587886
12048,202609,0,0.0824250818614781
12052,202609,0,0.07413915865815035
12057,202609,0,0.18524795949564937
12058,202609,0,0.24364675073591108
12061,202609,0,0.1384739431316594
12062,202609,0,0.14656428031507449
12064,202609,0,0.07747113382202328
12067,202609,0,0.13490019584736607
12070,202609,0,0.13893614889022807
12071,202609,0,0.0953957344868474
12079,202609,1,0.19631839774345922
12080,202609,0,0.16264753372798732
12085,202609,0,0.06889152445700772
12090,202609,0,0.18184582242567207
12091,202609,0,0.13751012290017747
12092,202609,0,0.05543968258990796
12100,202609,0,0.06872502005442167
12103,202609,0,0.15054847397109433
12104,202609,0,0.14615584931081976
12108,202609,1,0.12324377471149674
12109,202609,0,0.07781731249362477
12111,202609,1,0.16033934556362386
12113,202609,0,0.11881430635257463
12114,202609,0,0.15208675750599393
12115,202609,1,0.12429486673188654
12123,202609,0,0.07066514001762376
12124,202609,0,0.09552859782577063
12128,202609,0,0.19383153447941573
12131,202609,0,0.17822940733738574
12132,202609,0,0.09410332150110386
12135,202609,0,0.13181251191665305
12140,202609,0,0.2501752855925527
12147,202609,0,0.1887815443289731
12149,202609,0,0.07025115008039137
12154,202609,1,0.1693444052365466
12155,202609,0,0.10237349719200509
12156,202609,0,0.14403854114593415
12158,202609,0,0.1566447129789918
12161,202609,0,0.16416893018510592
12163,202609,0,0.11212916099148905
12164,202609,0,0.14199694777196442
12171,202609,0,0.2111119609170827
12174,202609,0,0.07103785478706569
12175,202609,0,0.15819085079219639
12177,202609,1,0.1516081201555619
12179,202609,0,0.18355910029356312
12182,202609,1,0.1588173660922148
12183,202609,0,0.1509406830236231
12184,202609,0,0.1564829187998728
12186,202609,0,0.08090569971543332
12190,202609,0,0.1410668334643387
12193,202609,0,0.10041586988272734
12195,202609,0,0.09670983938986513
12196,202609,0,0.05647748366666297
12203,202609,0,0.13977393013963949
12205,202609,0,0.15569068508183023
12213,202609,0,0.17791880328610366
12220,202609,0,0.16237526471878835
12221,202609,0,0.16129157793873705
12222,202609,0,0.07464006826724431
12224,202609,0,0.15311975639536174
12225,202609,1,0.2070282429853101
12230,202609,0,0.07304117422850964
12235,202609,0,0.1523657075019503
12239,202609,0,0.09461218555047575
12242,202609,0,0.12925364382976828
12244,202609,0,0.1527449046428555
12245,202609,0,0.144532531938171
12247,202609,0,0.1635124334097489
12254,202609,0,0.1974058458179937
12258,202609,0,0.15209302445902384
12266,202609,0,0.08047353840294784
12267,202609,0,0.06660549148206346
12271,202609,0,0.10666120125328632
12272,202609,0,0.16149547848734158
12273,202609,0,0.12646796368012736
12276,202609,0,0.18346220009261305
12277,202609,0,0.09459027451332903
12279,202609,1,0.18078672086723568
12281,202609,1,0.21390078299758933
12283,202609,0,0.1470577603369658
12288,202609,0,0.12823054943762577
12289,202609,0,0.07914039664479965
12297,202609,0,0.09517668877380145
12300,202609,0,0.2597663081817504
12302,202609,0,0.06529462146240755
12305,202609,0,0.15368460212809829
12308,202609,0,0.1951518742368664
12310,202609,0,0.07183941419063412
12312,202609,0,0.18818760496768358
12314,202609,0,0.06134189567560349
12315,202609,0,0.06299154397895612
12327,202609,0,0.10970300653440487
12329,202609,0,0.13409062333548644
12332,202609,0,0.11807434586163038
12337,202609,1,0.24712478052591189
12342,202609,0,0.1029630653598039
12346,202609,0,0.10129956342140617
12347,202609,0,0.20451252386786528
12349,202609,0,0.07031061726481065
12350,202609,0,0.08428508269487502
12354,202609,0,0.13936190614819455
12356,202609,0,0.052347570753199714
12359,202609,0,0.13073005050612524
12360,202609,0,0.23163858384708616
12367,202609,1,0.21634421205960708
12369,202609,0,0.14529076121075546
12372,202609,0,0.059255930736553095
12373,202609,0,0.05836675998396488
12374,202609,0,0.10615410337582708
12375,202609,0,0.1971192142268881
12376,202609,0,0.1739946609928752
12379,202609,0,0.08794239432452634
12382,202609,0,0.08575555336807743
12383,202609,1,0.14358420277208644
12384,202609,1,0.1458862364105138
12387,202609,0,0.11174070690948854
12388,202609,1,0.2652161834914293
12389,202609,0,0.1422767866054723
12394,202609,0,0.12144847592770483
12395,202609,0,0.13063656206898713
12396,202609,0,0.17769855518673505
12399,202609,1,0.19309123832639521
12404,202609,0,0.17507502219893722
12405,202609,0,0.09186218206717321
12408,202609,0,0.09168125420058994
12412,202609,0,0.24267597718751083
12413,202609,0,0.21814551917079847
12419,202609,0,0.07638142212538433
12428,202609,1,0.20354321465096303
12429,202609,0,0.14734426871183617
12430,202609,1,0.17971756943401412
12431,202609,0,0.1072519485767687
12435,202609,0,0.16795129613388166
12439,202609,1,0.1381781251449744
12440,202609,0,0.11774904468429437
12444,202609,0,0.1989518328291189
12447,202609,0,0.07670836941206745
12450,202609,1,0.14605915629736
12452,202609,0,0.1559272835684596
12454,202609,0,0.13759086985433117
12456,202609,0,0.14736456990440727
12458,202609,0,0.1280529076987756
12459,202609,0,0.05954742621845104
12461,202609,0,0.0947390012395703
12467,202609,0,0.21627511990980788
12468,202609,1,0.09078787991314019
12469,202609,0,0.09290748826532787
12470,202609,0,0.14035154788929197
12472,202609,0,0.11683811108928248
12473,202609,0,0.06251244343861549
12474,202609,0,0.12193065048162997
12476,202609,0,0.1747900112346895
12479,202609,0,0.17626454978117945
12481,202609,0,0.14480243755415131
12484,202609,0,0.17749229367441888
12487,202609,0,0.06393457071672061
12488,202609,1,0.13679904847462165
12491,202609,0,0.1743438618954264
12493,202609,0,0.15811183321356823
12497,202609,0,0.15022261555656594
12501,202609,0,0.14878794398854767
12502,202609,0,0.1332445858724453
12504,202609,0,0.13223098420576954
12507,202609,0,0.12778754313320578
12508,202609,1,0.0986688403209857
12510,202609,0,0.11491230672434058
12512,202609,0,0.261153404750796
12515,202609,0,0.2575742110231275
12518,202609,0,0.08396971543840856
12519,202609,0,0.11977248233786486
12520,202609,0,0.1416580691066451
12524,202609,1,0.1199308916986374
12526,202609,0,0.16822142902610182
12529,202609,0,0.1868839674597377
12531,202609,1,0.1680581478851616
12532,202609,0,0.12147751588776587
12533,202609,0,0.16995639379984573
12540,202609,1,0.15735765335284407
12544,202609,0,0.18929380440416255
12546,202609,0,0.11893071124186907
12551,202609,0,0.1417183764832637
12553,202609,1,0.13463768409860566
12554,202609,0,0.14913902647276234
12555,202609,0,0.2404204878122689
12559,202609,0,0.13197125635492668
12569,202609,0,0.15252892129729156
12573,202609,1,0.17868033813764606
12576,202609,0,0.11561032360390712
12581,202609,0,0.11957414170389902
12587,202609,0,0.14978200252025048
12588,202609,0,0.13530396993736643
12593,202609,0,0.09817132214183157
12594,202609,0,0.1044442071993543
12598,202609,0,0.07069946325407493
12599,202609,0,0.18758244462637785
12601,202609,0,0.14901581081366622
12607,202609,0,0.06455584781661577
12610,202609,0,0.21191180162805293
12614,202609,1,0.10018751986868435
12615,202609,0,0.1778039391124199
12616,202609,0,0.10947134078566056
12622,202609,0,0.0807698291919549
12623,202609,0,0.11929118332795931
12624,202609,0,0.09761037203257024
12625,202609,0,0.1820960141655967
12626,202609,1,0.11163648543233232
12627,202609,1,0.1621243942278895
12629,202609,0,0.21357654831911269
12630,202609,0,0.2238013895160551
12631,202609,1,0.21767103047927266
12632,202609,0,0.06999496183057446
12634,202609,0,0.06146563795793403
12635,202609,0,0.14002570041023701
12638,202609,0,0.11167683880340579
12639,202609,1,0.16605226332697343
12640,202609,0,0.04254772540496456
12641,202609,0,0.1110797187570446
12642,202609,0,0.1271243898078422
12643,202609,0,0.09194234422742181
12644,202609,0,0.11073855741653268
12647,202609,0,0.1301899086684106
12651,202609,0,0.19705915686584344
12657,202609,0,0.14908278172050518
12658,202609,0,0.06714741421236214
12660,202609,0,0.18732657126109425
12661,202609,0,0.10728236195447433
12666,202609,0,0.09466347238032452
12672,202609,0,0.11297141830169648
12673,202609,0,0.1371143989714938
12676,202609,0,0.18235860483390465
12678,202609,0,0.11035536890719977
12679,202609,1,0.29504793822815983
12681,202609,0,0.16889131956620052
12682,202609,0,0.19600938735868895
12684,202609,0,0.06489671142051102
12686,202609,0,0.12500988337389918
12689,202609,0,0.13082351241720538
12692,202609,1,0.15957991869435714
12699,202609,0,0.1118388345731498
12701,202609,0,0.13411478426941822
12705,202609,0,0.1127476346854107
12710,202609,0,0.12978227126954586
12712,202609,0,0.14646478238519048
12713,202609,0,0.12018003080025381
12715,202609,0,0.12447510020479167
12716,202609,0,0.1498187676043529
12717,202609,0,0.1118328355862035
12718,202609,0,0.1582733384643435
12720,202609,0,0.09804191624863408
12724,202609,0,0.14093005885905208
12725,202609,0,0.18305096896196052
12726,202609,0,0.0971422076824441
12732,202609,0,0.2429447836460823
12737,202609,0,0.1602978567581679
12741,202609,0,0.2046020004353951
12742,202609,0,0.22008505838708345
12743,202609,0,0.11139982744053549
12748,202609,0,0.12341808555270485
12749,202609,0,0.07868392067302225
12751,202609,0,0.17378138414411295
12752,202609,0,0.17413718965519834
12754,202609,0,0.1006070171856191
12756,202609,0,0.06959605189106961
12760,202609,0,0.09234478979239792
12761,202609,0,0.15467253509367923
12764,202609,0,0.191984085347526
12765,202609,1,0.15131703782319966
12767,202609,0,0.10121936243041253
12768,202609,0,0.11822539046363474
12772,202609,0,0.14805062296412377
12774,202609,0,0.13999601744284082
12782,202609,0,0.0662630500184722
12783,202609,0,0.19392919967174538
12784,202609,0,0.1195507840435175
12785,202609,0,0.12202513274896236
12787,202609,0,0.1751511308630749
12791,202609,1,0.20357867564248777
12793,202609,1,0.20378467519642401
12798,202609,0,0.09798697008369041
12800,202609,1,0.19894338635537742
12801,202609,0,0.19474942228575265
12805,202609,0,0.1729594873145021
12806,202609,0,0.10043209466108735
12809,202609,0,0.07188653875819043
12811,202609,1,0.12385126801952734
12814,202609,1,0.10970468020398627
12815,202609,0,0.13799145085978035
12820,202609,0,0.07171864831539562
12821,202609,0,0.11056376245047642
12824,202609,0,0.10437662698166834
12827,202609,1,0.1153065205326639
12829,202609,0,0.12990485466635346
12832,202609,0,0.07974808036288876
12833,202609,0,0.1505530521352619
12839,202609,0,0.24826930541273856
12841,202609,0,0.17386208942833475
12843,202609,0,0.10638562471553716
12844,202609,1,0.13813383782941552
12847,202609,0,0.14201838361179817
12848,202609,0,0.14252723790640467
12849,202609,0,0.10499096036110057
12851,202609,0,0.10855915449829076
12852,202609,0,0.12300917632865284
12855,202609,0,0.15174674105539
12856,202609,1,0.20143246855865446
12857,202609,0,0.13095218769798217
12864,202609,0,0.1996883627118919
12868,202609,1,0.2028127672250863
12872,202609,0,0.10944950016486628
12873,202609,0,0.14989572162263465
12874,202609,0,0.0868784124839701
12875,202609,0,0.08597585199704602
12877,202609,0,0.18501688781676567
12879,202609,0,0.14893551333116617
12884,202609,1,0.06022138131806012
12885,202609,0,0.15357693245947246
12886,202609,0,0.18060154980861956
12888,202609,1,0.13793794609930565
12891,202609,0,0.06773570878759708
12893,202609,0,0.14520443750260437
12894,202609,0,0.21743763868216187
12895,202609,0,0.18578478286069183
12896,202609,0,0.1480117178393406
12901,202609,0,0.057546005103982376
12908,202609,0,0.13271816457627386
12912,202609,0,0.07789266438043663
12913,202609,0,0.09855790419590006
12919,202609,0,0.14800259656785653
12923,202609,0,0.19260543168048766
12924,202609,0,0.13710006608130554
12925,202609,0,0.08222486564285549
12929,202609,0,0.11558761755373043
12931,202609,0,0.1651993314743396
12942,202609,0,0.10732540585769625
12943,202609,1,0.065327845707426
12944,202609,1,0.23599660842207576
12945,202609,0,0.13737307446417996
12949,202609,0,0.18421106296421852
12958,202609,0,0.07953271239402135
12962,202609,0,0.16688687083685763
12963,202609,1,0.13048206252933645
12964,202609,0,0.1541757533610965
12969,202609,1,0.15097888270134746
12974,202609,0,0.20041459815440424
12976,202609,0,0.09562951266576103
12980,202609,0,0.10695570227744515
12982,202609,0,0.10779988881351113
12984,202609,0,0.1296802521321824
12985,202609,0,0.11277315956593444
12987,202609,0,0.11119926148514513
12991,202609,0,0.12042688342459175
12995,202609,0,0.10023052204101456
12999,202609,0,0.2143581574702387
13001,202609,0,0.1784568444727691
13005,202609,0,0.2238125207479913
13006,202609,0,0.13417049119378205
13010,202609,0,0.15620866692217464
13013,202609,0,0.09269537500118646
13014,202609,1,0.16336306894426014
13015,202609,0,0.11413647458993242
13017,202609,0,0.15198156552199835
13027,202609,0,0.14901837273290464
13033,202609,0,0.14859552238950036
13034,202609,0,0.1414381595501398
13035,202609,0,0.06431816215722445
13038,202609,0,0.1752770688909434
13039,202609,1,0.10523808002428206
13041,202609,0,0.15959457462104903
13044,202609,0,0.07980756590585664
13045,202609,0,0.17316021346648933
13046,202609,0,0.08558052557515879
13049,202609,1,0.17146703088922433
13052,202609,0,0.05458471968086024
13054,202609,0,0.16816891801101624
13056,202609,0,0.17702508989096655
13059,202609,0,0.13108007040347477
13060,202609,0,0.05281545680259553
13061,202609,0,0.12149141808935524
13066,202609,0,0.18835484009917247
13068,202609,0,0.15674070107354246
13073,202609,0,0.17707382756599213
13075,202609,0,0.14451024378899496
13076,202609,0,0.1188335732972365
13078,202609,0,0.18802395073706163
13080,202609,0,0.20193939594496463
13081,202609,1,0.14261633671846524
13082,202609,0,0.21075486391806258
13088,202609,1,0.09311187848590208
13096,202609,0,0.10943092718363576
13100,202609,0,0.10627949669797947
13105,202609,0,0.1623471961943006
13106,202609,0,0.281146374317354
13108,202609,1,0.10422769257998193
13121,202609,0,0.21816365707709737
13123,202609,0,0.1931059299936589
13125,202609,0,0.05537163681389468
13129,202609,0,0.13111027786502574
13130,202609,0,0.1512116444764076
13132,202609,0,0.1473702102188096
13133,202609,0,0.0892840742243352
13134,202609,1,0.17449822838328544
13135,202609,0,0.12751108872426273
13141,202609,0,0.12424743523839034
13143,202609,0,0.14673238657294646
13145,202609,0,0.22397529487143783
13149,202609,0,0.09828341883367217
13150,202609,0,0.08169699461363386
13151,202609,1,0.13890431417027987
13153,202609,0,0.16458002867593827
13158,202609,0,0.12612055308837078
13159,202609,0,0.1576313296858278
13166,202609,1,0.1579262508883508
13169,202609,0,0.2626880323399587
13170,202609,0,0.13959630506295712
13178,202609,0,0.14701890699936296
13179,202609,0,0.07784439859120929
13180,202609,0,0.17138404109890895
13181,202609,0,0.14918781910004683
13182,202609,1,0.16520923506865198
13183,202609,0,0.07250835035240769
13191,202609,0,0.15741374004678665
13196,202609,0,0.12454087566748653
13200,202609,0,0.1700785967908466
13202,202609,0,0.13132352803942712
13204,202609,0,0.07515007263049707
13208,202609,0,0.15758450379428887
13212,202609,0,0.11019267689625364
13213,202609,0,0.17481580206775918
13215,202609,0,0.14476045949695698
13217,202609,0,0.09972213972456749
13218,202609,0,0.1580329994601507
13224,202609,0,0.1273599277556266
13225,202609,0,0.1855833867637421
13229,202609,0,0.10493152058879159
13230,202609,0,0.1909247726628339
13232,202609,0,0.1008954181501249
13233,202609,0,0.16097048358715538
13234,202609,0,0.06850739648486233
13237,202609,1,0.2396358401718914
13241,202609,1,0.18356651091771956
13249,202609,0,0.07242761775948868
13253,202609,0,0.1470377528174024
13255,202609,0,0.11703166364206082
13257,202609,0,0.21409094890278269
13260,202609,0,0.14847565163736184
13262,202609,1,0.22182951633385345
13266,202609,0,0.07862620476205659
13268,202609,1,0.15505427454628853
13269,202609,0,0.06023116301009061
13270,202609,0,0.11147026110590819
13274,202609,0,0.14759465942561034
13281,202609,0,0.13348949021209125
13287,202609,0,0.11209851623022753
13305,202609,0,0.15102632114237885
13306,202609,1,0.12279459370445223
13308,202609,0,0.07351813886272815
13309,202609,0,0.09035312634304775
13310,202609,0,0.2519820343505657
13311,202609,0,0.08996690263127011
13314,202609,0,0.09124508465667498
13315,202609,0,0.08788845081256647
13316,202609,1,0.16950375388296612
13317,202609,0,0.15088107802971445
13321,202609,1,0.08545569087559816
13324,202609,0,0.09102699870243862
13326,202609,0,0.1460516689676714
13328,202609,0,0.10526292791850972
13329,202609,0,0.16009664934666612
13333,202609,0,0.1669657924759891
13335,202609,0,0.22052843284449097
13336,202609,0,0.10535220574399479
13345,202609,0,0.17847142160035515
13348,202609,0,0.1665317892458251
13350,202609,0,0.17824794412601994
13354,202609,0,0.18634889169974816
13357,202609,0,0.23355766311006784
13359,202609,1,0.18853465874296987
13360,202609,0,0.16044030211075636
13364,202609,0,0.17820964822730848
13366,202609,0,0.16135328922088618
13367,202609,0,0.1021627843146382
13368,202609,0,0.09332295243876643
13373,202609,1,0.1791407009252141
13375,202609,0,0.0788616873789401
13376,202609,0,0.13160203653626013
13378,202609,0,0.19197734343919476
13380,202609,0,0.07980786867165035
13382,202609,0,0.06852113960622015
13383,202609,0,0.23405922188035505
13384,202609,0,0.2141444570805272
13387,202609,0,0.1653557187487092
13390,202609,0,0.08541555483316146
13392,202609,0,0.19225385004042012
13393,202609,0,0.20658038833240835
13395,202609,0,0.1884002872089283
13398,202609,0,0.17924198622561818
13403,202609,0,0.13120525221161988
13404,202609,0,0.07729408753603205
13405,202609,0,0.14450849716052186
13409,202609,0,0.27404269615621296
13411,202609,0,0.1270171703014542
13414,202609,0,0.11855445865217497
13416,202609,0,0.10297210207476376
13417,202609,0,0.08729096607635238
13418,202609,0,0.1052755249653739
13422,202609,0,0.08306012512761544
13430,202609,0,0.20748223604809898
13433,202609,1,0.13141768429317233
13435,202609,0,0.06654060051832876
13437,202609,0,0.1395847466515926
13439,202609,0,0.16702165089824594
13446,202609,0,0.1064520168321503
13448,202609,0,0.12101266529314235
13449,202609,0,0.11773289092191072
13451,202609,0,0.16111375195639138
13454,202609,0,0.07188619200718852
13455,202609,0,0.13301469472275515
13459,202609,0,0.207052447644113
13468,202609,0,0.17044833742788418
13470,202609,0,0.08150608763872041
13472,202609,1,0.12310405487530691
13474,202609,0,0.07279289221455928
13478,202609,0,0.09343633923038197
13481,202609,0,0.23829553261429465
13485,202609,0,0.14529319994961531
13487,202609,0,0.1811318593250855
13488,202609,0,0.15948216466346607
13489,202609,0,0.0965330070051088
13490,202609,0,0.17104913351932943
13491,202609,0,0.1972556857791679
13494,202609,1,0.057278114137013614
13495,202609,1,0.18330812000126734
13500,202609,0,0.13219438586932156
13504,202609,0,0.18126616320905817
13505,202609,0,0.06653287691298851
13506,202609,0,0.15258519362861733
13509,202609,1,0.17419864370838406
13511,202609,1,0.1880281682343225
13517,202609,0,0.0771389171322797
13518,202609,0,0.12204489218149774
13523,202609,0,0.14710970173152127
13524,202609,0,0.15353872107954908
13529,202609,0,0.1782586321834366
13532,202609,0,0.10949115247775022
13534,202609,0,0.12206131078867448
13535,202609,1,0.15509244504355454
13537,202609,0,0.10860510120933385
13539,202609,0,0.16087415836987037
13541,202609,1,0.15803508196867644
13545,202609,1,0.12145508784917776
13547,202609,0,0.12647713041894315
13548,202609,0,0.13077953986047663
13550,202609,0,0.21659725008791347
13553,202609,1,0.0957136264520815
13554,202609,0,0.14403561866771986
13555,202609,0,0.2135146960012448
13556,202609,0,0.18641932675544812
13558,202609,0,0.11219376957655468
13562,202609,0,0.11668306491159146
13563,202609,1,0.10326725061347698
13565,202609,1,0.18179788747045283
13566,202609,0,0.16296647680384038
13574,202609,0,0.11225388626205313
13576,202609,0,0.15683702935394864
13577,202609,0,0.23245208101362083
13580,202609,0,0.12822764555656824
13582,202609,0,0.17243779787828858
13583,202609,1,0.19259211944161272
13584,202609,0,0.1847367480430512
13585,202609,1,0.16111907074215842
13586,202609,0,0.17962537106478013
13588,202609,0,0.19575491917956195
13592,202609,1,0.19955715972896676
13596,202609,0,0.15839264943787174
13597,202609,0,0.1709856358673873
13598,202609,0,0.2045541860725793
13600,202609,0,0.13793339501803553
13602,202609,0,0.10371556498210145
13604,202609,0,0.12776786446610144
13605,202609,0,0.3844844268069654
13608,202609,0,0.11124293670430287
13609,202609,0,0.23458345394339822
13613,202609,1,0.19551640010521104
13614,202609,1,0.14074108603501911
13615,202609,1,0.11699408584905127
13616,202609,0,0.18406437599470324
13619,202609,0,0.23328020217953366
13621,202609,1,0.07649959793762003
13623,202609,0,0.124117244602385
13625,202609,0,0.18005047180041187
13626,202609,1,0.1758606369449687
13627,202609,0,0.2364298267931383
13628,202609,0,0.16467419760245275
13630,202609,0,0.11559259200921394
13631,202609,0,0.16069012086751627
13633,202609,0,0.17466472308675146
13635,202609,0,0.15888253362935084
13636,202609,0,0.1867589953074906
13640,202609,0,0.15141558742482228
13642,202609,0,0.2670513414644761
13643,202609,0,0.08563813742554678
13646,202609,1,0.30804764071401963
13647,202609,0,0.16936346375975045
13648,202609,0,0.31572690594981107
13650,202609,0,0.2147974621978243
13652,202609,0,0.1276153398207268
13658,202609,1,0.17807961801712768
13659,202609,0,0.09950934533263434
13660,202609,0,0.09611781024299483
13661,202609,0,0.13244121727168845
13663,202609,0,0.3085318343085604
13666,202609,0,0.1587953305481108
13667,202609,0,0.10371285108549802
13670,202609,0,0.215148505050627
13672,202609,0,0.1081621964834355
13673,202609,0,0.1621674998050606
13675,202609,0,0.07410987959547377
13678,202609,0,0.15267728785400783
13679,202609,0,0.08664264488654808
13682,202609,0,0.17527840477152537
13684,202609,0,0.09979628835283795
13686,202609,1,0.21899417115596354
13689,202609,0,0.1392494967055679
13690,202609,0,0.11823351368263657
13694,202609,0,0.18424814397584327
13696,202609,0,0.17789200694590765
13700,202609,0,0.2058603270983048
13705,202609,0,0.21733724428910378
13706,202609,0,0.15494627169381214
13710,202609,0,0.28410653122017526
13711,202609,0,0.16117506738079498
13712,202609,0,0.17748071163783977
13717,202609,0,0.07109066206791648
13718,202609,0,0.08274177187102881
13719,202609,0,0.11864749158082871
13720,202609,0,0.1625537293282542
13722,202609,0,0.13198330457426471
13723,202609,0,0.18785012647173913
13726,202609,0,0.11246346048294076
13733,202609,0,0.07092783196532161
13735,202609,0,0.20460269109291815
13737,202609,0,0.08545788952337853
13739,202609,0,0.18334662968878906
13742,202609,0,0.16667668385556128
13743,202609,0,0.1798123907429212
13750,202609,0,0.07972992193246345
13751,202609,0,0.09602058820460306
13752,202609,0,0.1634468692862428
13754,202609,0,0.30297910343309803
13756,202609,0,0.08830620045074439
13759,202609,0,0.07933200831323191
13760,202609,0,0.07855245973900316
13762,202609,0,0.11425591724880112
13763,202609,0,0.13812694350133273
13764,202609,0,0.17656506249404816
13765,202609,1,0.20273879885568788
13766,202609,0,0.08114410429354638
13767,202609,0,0.08865748492258885
13769,202609,0,0.14948195110832616
13770,202609,0,0.12322145371332925
13772,202609,0,0.09058984231640495
13774,202609,0,0.21631836345171138
13776,202609,0,0.1150051732398278
13780,202609,0,0.10840696118842433
13781,202609,0,0.17652396250817645
13782,202609,0,0.20510146373973648
13783,202609,1,0.3113571196992983
13784,202609,0,0.08027226160940572
13787,202609,0,0.12922521123223926
13789,202609,0,0.1386097053078378
13790,202609,0,0.18983714059839896
13792,202609,0,0.14199431348096914
13795,202609,0,0.16537353430279217
13796,202609,1,0.21949592592822195
13797,202609,0,0.13058443441753168
13800,202609,0,0.10046653832750259
13801,202609,1,0.13043420902634223
13803,202609,1,0.2128119355583393
13804,202609,0,0.11649414216898202
13805,202609,1,0.15704681492938544
13806,202609,0,0.12365278599374752
13809,202609,0,0.11286190007973755
13812,202609,1,0.2103177313076369
13813,202609,1,0.1525439164743292
13815,202609,0,0.1280042080349013
13816,202609,0,0.19973658764145483
13817,202609,0,0.1977900225518396
13820,202609,0,0.16263748059136002
13821,202609,0,0.1330687014395618
13824,202609,0,0.2159454824888346
13828,202609,1,0.09846884851506518
13829,202609,0,0.28886708891342994
13830,202609,0,0.1402828396739035
13831,202609,0,0.07748813277747141
13833,202609,0,0.16397934977213247
13838,202609,0,0.13489393088709628
13839,202609,1,0.14936342601779656
13840,202609,0,0.07058446869815187
13841,202609,0,0.0813527594068857
13842,202609,0,0.14248472239342408
13843,202609,0,0.06792418347037926
13849,202609,0,0.18048070229101354
13850,202609,0,0.17245141323611807
13852,202609,0,0.16948597139705932
13855,202609,0,0.07143315605823096
13858,202609,0,0.16642761217707053
13863,202609,0,0.07096721113354873
13870,202609,1,0.13460445794563367
13871,202609,0,0.19895481580225546
13872,202609,0,0.14423800495878727
13873,202609,0,0.1047201508446034
13874,202609,0,0.13412252804812497
13877,202609,0,0.17748309320549283
13878,202609,0,0.16264614449908316
13879,202609,0,0.17722634637483098
13880,202609,0,0.21482038086469857
13884,202609,0,0.15854297024843056
13885,202609,0,0.19317357511974534
13886,202609,0,0.20150584172335212
13892,202609,0,0.05943951908824415
13893,202609,1,0.19717921458739343
13895,202609,0,0.08851069238701129
13897,202609,1,0.1365883502743224
13899,202609,0,0.18866464446681083
13906,202609,0,0.21547535393332254
13907,202609,0,0.1622187991088999
13908,202609,0,0.09032605123295497
13909,202609,0,0.10450040246060925
13911,202609,0,0.08370952008849251
13912,202609,0,0.1481728950026926
13914,202609,0,0.1209490445080461
13918,202609,0,0.1912053109915191
13919,202609,0,0.18646977663441705
13923,202609,0,0.1684188975978568
13926,202609,1,0.19723307142834076
13927,202609,0,0.24457940063852288
13929,202609,0,0.3348369280238695
13930,202609,0,0.10127582272181614
13931,202609,0,0.12210414537420838
13933,202609,0,0.18352716107789785
13935,202609,0,0.18070671499817595
13938,202609,0,0.2088654406629635
13943,202609,0,0.08710536458886325
13944,202609,0,0.08029797790487123
13946,202609,0,0.1615214331256755
13948,202609,0,0.17353771444280222
13949,202609,0,0.12187092667550599
13950,202609,0,0.09710815444583074
13952,202609,0,0.24715112138235612
13957,202609,0,0.2383087083580086
13958,202609,0,0.07023588142102273
13961,202609,1,0.2787139173875089
13965,202609,0,0.0689842019401913
13970,202609,0,0.05916016026798082
13972,202609,0,0.17241543265985518
13977,202609,1,0.1728153992377066
13981,202609,0,0.18720178127657996
13983,202609,0,0.12416374384024546
13984,202609,0,0.14885519867331215
13985,202609,0,0.11526082228628319
13986,202609,0,0.16612274598279594
13989,202609,1,0.10829144143452314
13991,202609,0,0.10192434582046127
13992,202609,0,0.19967907291125636
13993,202609,0,0.07868496061578936
13994,202609,0,0.1504058585047182
13995,202609,0,0.09333651904735703
13998,202609,0,0.09651578729397847
13999,202609,1,0.16413907809681336
14000,202609,0,0.08097734319026235
14002,202609,0,0.07687666891456363
14003,202609,0,0.08529769167057989
14004,202609,1,0.06690567705367076
14006,202609,0,0.21971719229231046
14007,202609,0,0.14282007486239415
14009,202609,1,0.23808451062094194
14011,202609,0,0.08050833129710029
14019,202609,0,0.19403225951254172
14020,202609,0,0.15077849173713528
14021,202609,0,0.2687290678641694
14022,202609,0,0.08471493200182707
14026,202609,0,0.17369631915048186
14031,202609,0,0.11227260540107628
14032,202609,0,0.1837230326342657
14034,202609,0,0.11664039305185336
14035,202609,0,0.11404094364997631
14036,202609,1,0.17476613498284346
14043,202609,0,0.0695559252968724
14044,202609,0,0.258208202196168
14046,202609,0,0.16722491153088215
14048,202609,0,0.17695117342483319
14053,202609,0,0.12387290850374513
14056,202609,0,0.15014344638831242
14057,202609,0,0.09412198578600184
14062,202609,0,0.11295389949212391
14065,202609,0,0.10851479919899185
14067,202609,0,0.10972417031183121
14073,202609,0,0.17295594333683242
14079,202609,1,0.27184770790156765
14082,202609,0,0.07887083529083132
14083,202609,0,0.13428269790046918
14085,202609,1,0.2732641934002587
14086,202609,0,0.09252831308396998
14087,202609,1,0.10054081098670521
14089,202609,0,0.19718533993759074
14090,202609,0,0.21102656610840506
14094,202609,0,0.21907051167728378
14098,202609,1,0.07589636400925465
14102,202609,0,0.09537614815657916
14103,202609,0,0.26816405767932316
14104,202609,0,0.2716675149561829
14106,202609,0,0.22265454074600596
14107,202609,0,0.14725860693991105
14108,202609,1,0.18219551912155182
14109,202609,0,0.1649251703791234
14111,202609,0,0.08396867607299525
14113,202609,0,0.11942490758856157
14115,202609,0,0.1119463289189378
14116,202609,0,0.06633505177590661
14118,202609,0,0.06837159462814633
14119,202609,0,0.17233947141169098
14122,202609,0,0.08236892693341268
14123,202609,0,0.14716244970697376
14124,202609,0,0.08501445287484921
14125,202609,0,0.16575722134694162
14126,202609,0,0.20580542935548898
14127,202609,0,0.11197558539462373
14133,202609,0,0.12397483159100554
14137,202609,0,0.1567104539369024
14138,202609,0,0.16377900544023394
14139,202609,0,0.0779454302833802
14143,202609,0,0.10118556419792442
14146,202609,1,0.17148138332742635
14148,202609,0,0.15518293005592623
14149,202609,0,0.11677955305448046
14150,202609,0,0.06853484733534106
14154,202609,0,0.06289216015568816
14156,202609,1,0.15850419588650094
14162,202609,0,0.10838568762174448
14163,202609,0,0.13372902204355053
14164,202609,0,0.1410025301380993
14168,202609,0,0.11184922441705315
14169,202609,0,0.1222897092862133
14172,202609,1,0.18809133217102847
14173,202609,0,0.13659564297057866
14174,202609,0,0.1979647313394487
14178,202609,0,0.16941306501789422
14181,202609,0,0.07733794887914006
14186,202609,0,0.09863543199551615
14187,202609,0,0.1379422308141018
14188,202609,0,0.13701974962437605
14190,202609,0,0.06519674443313281
14192,202609,0,0.19998655830568052
14193,202609,0,0.15337841936376637
14195,202609,0,0.17138798587342424
14198,202609,0,0.21784254846740086
14199,202609,1,0.23871201809367792
14200,202609,0,0.1756510269365543
14201,202609,0,0.14420423604145527
14203,202609,1,0.1677928198201746
14205,202609,1,0.09033380143787294
14208,202609,0,0.20660587438517614
14212,202609,0,0.18707627350815223
14214,202609,0,0.116032446674405
14216,202609,0,0.11135624536729521
14220,202609,0,0.10382646029793513
14221,202609,0,0.08311834925409983
14224,202609,0,0.16390971117646597
14229,202609,0,0.11142303210671393
14231,202609,1,0.27559991835838166
14232,202609,0,0.17188319378609418
14233,202609,0,0.08331888160994007
14235,202609,0,0.15904296727551184
14236,202609,0,0.1105847050250261
14241,202609,0,0.0785185832092425
14242,202609,0,0.18312625886513575
14243,202609,0,0.15378981831083685
14244,202609,1,0.14857020381516975
14246,202609,0,0.11410062527272155
14247,202609,0,0.11706410424077843
14250,202609,0,0.11815414279948976
14251,202609,0,0.2115780281212843
14253,202609,1,0.15643978262918254
14254,202609,0,0.16336542402586302
14255,202609,0,0.1919952441789925
14257,202609,0,0.12465855616516013
14258,202609,0,0.15809902194830483
14259,202609,0,0.09643184152704108
14261,202609,0,0.06725472724366863
14262,202609,0,0.1478280127954712
14264,202609,1,0.20106331501060004
14265,202609,0,0.2242495781527636
14266,202609,1,0.153125732425715
14267,202609,0,0.16009138889175076
14269,202609,1,0.15804945872296317
14271,202609,1,0.17700227862824944
14272,202609,0,0.26007785161587
14277,202609,1,0.30989523453680784
14281,202609,0,0.07104128486514232
14282,202609,0,0.1526833725125329
14283,202609,0,0.15078324412575692
14285,202609,0,0.08842471475392101
14286,202609,0,0.18381237870641384
14288,202609,0,0.22939710880343747
14292,202609,0,0.1697365425047474
14293,202609,0,0.17503050715256
14294,202609,0,0.2569492474043006
14296,202609,0,0.22419546248895827
14297,202609,0,0.08933797907230936
14298,202609,0,0.08664687211511264
14299,202609,1,0.22067278008183935
14301,202609,0,0.06548507098223871
14303,202609,0,0.1267463338293894
14304,202609,1,0.17324663878660201
14306,202609,0,0.10290724847372748
14308,202609,0,0.14733897504442428
14311,202609,0,0.15691454852901182
14313,202609,0,0.21255360159593223
14314,202609,0,0.08443897863068603
14315,202609,0,0.06562226415250066
14317,202609,0,0.2374911618786846
14318,202609,0,0.17163831635048468
14320,202609,0,0.16912558096248445
14325,202609,0,0.06784805856474188
14330,202609,0,0.17522974258185395
14332,202609,1,0.166335094920901
14333,202609,0,0.15215955933750794
14334,202609,1,0.33233786904047957
14336,202609,0,0.11228811398418928
14338,202609,0,0.14836702345293212
14340,202609,0,0.16817894480362341
14343,202609,0,0.08552984910064021
14344,202609,0,0.25497855172143363
14346,202609,0,0.19090470450273997
14353,202609,1,0.20731119465320944
14354,202609,0,0.10593591262421141
14356,202609,0,0.11162073322980853
14357,202609,1,0.23531718412556146
14359,202609,0,0.12959956456077948
14361,202609,0,0.09807086299799281
14362,202609,0,0.17026098835922582
14363,202609,0,0.21706114955792624
14367,202609,0,0.1587145294518286
14368,202609,0,0.17163698248423656
14369,202609,0,0.11680105926570447
14370,202609,0,0.23694389332343158
14373,202609,1,0.10061883875130394
14376,202609,0,0.12804611248236655
14381,202609,0,0.24017690299425518
14382,202609,0,0.26826618300407556
14387,202609,0,0.16020125561875787
14388,202609,0,0.17971016136145554
14389,202609,0,0.17028903749855562
14390,202609,0,0.142916944491706
14392,202609,0,0.14136846951116983
14393,202609,0,0.11060183186397661
14396,202609,0,0.09910157469585028
14397,202609,1,0.2702412322426947
14402,202609,1,0.2966305697272905
14405,202609,1,0.2960276959317302
14407,202609,0,0.12756666190061608
14410,202609,0,0.14794556937688044
14412,202609,0,0.18001749138010303
14413,202609,0,0.1469633121647734
14414,202609,0,0.05855955192546847
14416,202609,0,0.1495317619905406
14417,202609,0,0.1615317580361265
14420,202609,0,0.12466888377897321
14423,202609,0,0.1945434267183879
14427,202609,0,0.2007793296319481
14428,202609,1,0.16339101960314248
14430,202609,0,0.2502349141260636
14432,202609,1,0.13606261031219255
14433,202609,0,0.14020928959820073
14434,202609,0,0.1122946136870012
14435,202609,0,0.2073733641160418
14436,202609,0,0.1231668072249459
14437,202609,0,0.21677427280077927
14438,202609,0,0.07033619252285965
14439,202609,0,0.10670024159708706
14440,202609,0,0.09151102682704658
14441,202609,1,0.1904693288023762
14442,202609,0,0.15458912074994183
14443,202609,0,0.18807464290583023
14444,202609,0,0.10490879646234501
14446,202609,0,0.12781065265106875
14448,202609,0,0.2235033287115086
14449,202609,0,0.24091225291409277
14450,202609,0,0.15249189893648796
14451,202609,0,0.1369470086047287
14455,202609,1,0.29480839904445805
14459,202609,0,0.20234295914220443
14464,202609,0,0.14052276837189748
14466,202609,0,0.1370775326027051
14467,202609,0,0.08971059725261014
14469,202609,0,0.15914962293908774
14470,202609,0,0.10404679634095634
14471,202609,0,0.14592328224157192
14474,202609,1,0.1747391255829489
14476,202609,0,0.07444785474335523
14477,202609,0,0.1701128050023247
14478,202609,1,0.18670506222534655
14479,202609,0,0.07010509628512099
14480,202609,0,0.19772992006779685
14481,202609,0,0.06988290825329105
14484,202609,0,0.1352975452199391
14485,202609,0,0.07138640831228031
14486,202609,0,0.13754207510271452
14488,202609,0,0.19856219254838237
14489,202609,0,0.1973503972658702
14490,202609,1,0.06584232832284771
14492,202609,1,0.07441355484217947
14493,202609,0,0.14595268270148562
14495,202609,0,0.1770143394995775
14499,202609,0,0.12640038946782736
14501,202609,1,0.24890561150070703
14504,202609,0,0.2252077309837181
14505,202609,0,0.09412437000593114
14508,202609,0,0.1310553612514789
14509,202609,0,0.11595560322886168
14510,202609,0,0.21808966240011435
14512,202609,0,0.10288635466318968
14516,202609,0,0.19874059418569084
14519,202609,1,0.24701920143981457
14520,202609,0,0.15510395598718257
14522,202609,0,0.15897963095763415
14523,202609,0,0.10298322890950772
14529,202609,0,0.2028830707303842
14532,202609,0,0.07663554479895626
14537,202609,0,0.05758600303967002
14538,202609,0,0.12640760374273904
14540,202609,0,0.1364432336614026
14541,202609,0,0.09444925268567839
14542,202609,0,0.24030750067393988
14544,202609,0,0.1736350991909414
14545,202609,0,0.18218141638824914
14547,202609,1,0.21139233356647305
14548,202609,0,0.0677594507291012
14550,202609,0,0.20351488237496487
14551,202609,0,0.15234609680755176
14553,202609,0,0.21151833578471796
14554,202609,0,0.09559371980513846
14555,202609,0,0.09276143173153106
14563,202609,0,0.14988527239979518
14564,202609,0,0.1773775902198467
14565,202609,1,0.12453471249707561
14570,202609,0,0.28151022515906715
14571,202609,0,0.14100337778022592
14572,202609,0,0.18671539520864947
14574,202609,0,0.19394259345959786
14576,202609,0,0.08304171357065258
14578,202609,1,0.10020683045114204
14579,202609,1,0.1284692268214934
14580,202609,0,0.0973729611387989
14581,202609,0,0.13399796271811898
14582,202609,0,0.20381924503568513
14583,202609,0,0.09547269686813571
14586,202609,0,0.14225097467186157
14591,202609,0,0.15011274886819637
14593,202609,0,0.2027421165000043
14594,202609,0,0.14430323608646659
14595,202609,0,0.24540882233531444
14596,202609,0,0.09438849867605865
14598,202609,0,0.22150958472337895
14599,202609,0,0.12412180511904904
14600,202609,1,0.11502827378719412
14601,202609,0,0.1534933348001702
14602,202609,0,0.07340762358789607
14603,202609,0,0.1871460420995227
14604,202609,0,0.21038182356657842
14605,202609,1,0.2418164710921905
14610,202609,0,0.2149569463976909
14617,202609,0,0.2419952358653057
14618,202609,0,0.11209157338748912
14620,202609,0,0.1273456990543397
14622,202609,0,0.18406111988076418
14624,202609,0,0.17814439648316419
14628,202609,0,0.06995569058971508
14629,202609,0,0.23877449112653854
14630,202609,0,0.14678863450520035
14632,202609,0,0.29910611547415755
14634,202609,0,0.14502074812972712
14638,202609,0,0.1222432099854979
14639,202609,0,0.09285211011145075
14640,202609,0,0.20126069085433518
14643,202609,1,0.17881937197587572
14645,202609,0,0.16801332701915317
14646,202609,0,0.09161006495809182
14648,202609,0,0.07358078818542942
14650,202609,0,0.1961419307800224
14651,202609,0,0.15715841694868118
14654,202609,0,0.17302154970907033
14658,202609,0,0.26825763775286693
14659,202609,1,0.19047600928586833
14661,202609,0,0.16968983248047595
14666,202609,0,0.05864645133740145
14672,202609,0,0.1553689251868991
14673,202609,0,0.08329382951442602
14675,202609,0,0.19964447009050038
14678,202609,0,0.19212578634175162
14680,202609,0,0.1247404167918287
14684,202609,0,0.25652209803039633
14685,202609,0,0.2452467281910739
14688,202609,0,0.09921343704505936
14692,202609,0,0.15024563124048498
14693,202609,0,0.16060294943937303
14694,202609,0,0.16063500433154737
14695,202609,0,0.23779117441915598
14702,202609,0,0.16738090244388065
14703,202609,1,0.14830104045379397
14705,202609,0,0.06514206733558063
14706,202609,0,0.15820868777476915
14707,202609,0,0.15342484464271408
14711,202609,0,0.19307220139607711
14713,202609,0,0.08905485195808613
14714,202609,0,0.1644890091223213
14717,202609,0,0.19463104807177586
14721,202609,0,0.1846019925439216
14722,202609,0,0.20444332134838683
14726,202609,0,0.15863893989107108
14728,202609,1,0.16229434035030058
14730,202609,0,0.24753031091089514
14735,202609,0,0.07637418121671621
14736,202609,0,0.21539849454878482
14742,202609,0,0.22511545991865745
14744,202609,0,0.32885753029162823
14746,202609,0,0.1851098640390276
14748,202609,0,0.16582480998147023
14751,202609,0,0.13947735927662905
14752,202609,1,0.23740402512613418
14753,202609,0,0.19462339559206276
14754,202609,0,0.17827166469425323
14755,202609,0,0.12220306600210763
14756,202609,1,0.08150654751429318
14759,202609,0,0.19479701609909866
14760,202609,0,0.1774884419554714
14764,202609,0,0.18776663580964303
14766,202609,0,0.18662904625552357
14767,202609,0,0.23581732552996407
14768,202609,0,0.14275085691746334
14770,202609,0,0.13350738028133255
14773,202609,0,0.21216004871448627
14774,202609,1,0.21126853166386184
14777,202609,0,0.13794205206662952
14778,202609,0,0.1304088141265452
14779,202609,0,0.09547336648862385
14781,202609,1,0.16502145917462488
14782,202609,0,0.1537032667090574
14783,202609,0,0.19655843778340185
14784,202609,0,0.1372527299638896
14791,202609,0,0.21421002727046026
14793,202609,0,0.09451005826414408
14794,202609,0,0.23744715207441092
14795,202609,0,0.13026321436302316
14796,202609,0,0.330736341543408
14797,202609,0,0.13390471483769983
14800,202609,0,0.07365581570771684
14802,202609,0,0.12149183602662396
14803,202609,0,0.05605177772895223
14804,202609,0,0.19354025406477793
14805,202609,0,0.20742218927009445
14806,202609,0,0.20317970893142417
14808,202609,0,0.24653919415252828
14809,202609,0,0.08428718830939513
14810,202609,1,0.1588241140228711
14812,202609,0,0.2720977323012477
14813,202609,0,0.2050051370630781
14814,202609,0,0.08838431273719569
14818,202609,0,0.2134071191086117
14819,202609,0,0.08340916630237845
14820,202609,0,0.07111121482051615
14821,202609,0,0.25765691828679266
14822,202609,0,0.1473138400587098
14824,202609,0,0.24819105131092345
14826,202609,0,0.20239576923848782
14827,202609,0,0.120338097883435
14830,202609,1,0.08866902858110985
14831,202609,0,0.18894161821763159
14832,202609,0,0.17818596600876097
14834,202609,0,0.23516890407703744
14839,202609,0,0.17002527491828726
14841,202609,0,0.1146977083761052
14842,202609,0,0.18960313214808674
14848,202609,0,0.0958519970243759
14849,202609,0,0.08604042587642385
14852,202609,0,0.17480852541081787
14854,202609,1,0.1608697420356281
14855,202609,0,0.1437838899579993
14856,202609,0,0.18820189930022344
14858,202609,1,0.11466493902076592
14860,202609,1,0.20398182394125905
14865,202609,0,0.11031666894600445
14866,202609,0,0.12243468013723455
14869,202609,0,0.13136124878746228
14873,202609,0,0.20249264066404205
14874,202609,0,0.21515887022028013
14877,202609,0,0.14913380408767213
14878,202609,0,0.15123072398771664
14879,202609,1,0.12367684753363892
14881,202609,0,0.09275286943334227
14882,202609,0,0.2577639196996457
14883,202609,0,0.13111853814207178
14885,202609,0,0.18519667906126772
14889,202609,0,0.21136083076794837
14890,202609,0,0.16258133464812582
14892,202609,0,0.09474106031068227
14893,202609,0,0.05832528935692745
14894,202609,0,0.08671753421821363
14895,202609,0,0.09639578843973722
14896,202609,0,0.2205657795868564
14897,202609,0,0.13302614076520172
14899,202609,1,0.2286092723193331
14901,202609,0,0.07756111526980018
14904,202609,0,0.05896563209194346
14906,202609,0,0.16992219934080213
14908,202609,0,0.12685071567988154
14909,202609,0,0.2030414073489311
14910,202609,0,0.0966148012742012
14914,202609,0,0.16019067514357335
14916,202609,0,0.1290470552157466
14917,202609,0,0.07828400521978848
14918,202609,0,0.10745905692855424
14919,202609,0,0.2438187320536834
14920,202609,1,0.16167818743917434
14921,202609,1,0.22072491329541533
14923,202609,0,0.16033334353691506
14925,202609,0,0.14285846983391706
14927,202609,0,0.13351503868836342
14928,202609,0,0.07022572021566485
14929,202609,0,0.16038258066096248
14931,202609,0,0.1498110639598539
14934,202609,0,0.14769585036057936
14935,202609,0,0.18739723229346558
14948,202609,0,0.2546315312081421
14949,202609,0,0.10636482279337875
14950,202609,0,0.14235573658386172
14951,202609,0,0.15464912377761697
14952,202609,0,0.08520645074571323
14954,202609,0,0.22814198195258154
14960,202609,0,0.09663714155644534
14962,202609,0,0.06772471119653817
14964,202609,1,0.14350473385648022
14966,202609,0,0.1662001111178364
14970,202609,0,0.12830019192215544
14973,202609,0,0.12701541609748615
14976,202609,0,0.218013798114451
14978,202609,0,0.12354584348015454
14979,202609,0,0.15773172537786978
14980,202609,0,0.15472260579707578
14982,202609,0,0.13966544243795442
14983,202609,0,0.1396811118671454
14985,202609,0,0.06613478283632637
14986,202609,0,0.10937696724685393
14987,202609,0,0.15983535451657693
14988,202609,0,0.1879022616815975
14991,202609,0,0.11235033415579083
14994,202609,0,0.25235780892537923
14995,202609,0,0.16407039842546864
14996,202609,0,0.1995195597936666
14997,202609,0,0.16118604380339274
14998,202609,0,0.14441701352302186
14999,202609,0,0.16849035254775924
15000,202609,0,0.13996888799146684
15003,202609,0,0.10693361362415449
15005,202609,0,0.21008996540602218
15006,202609,0,0.13464787771041306
15007,202609,0,0.170643638112753
15009,202609,0,0.2290050271152853
15012,202609,0,0.21814910069364615
15013,202609,1,0.14938813392435593
15015,202609,0,0.09986676775164668
15018,202609,0,0.17337229798957024
15028,202609,0,0.12806411719475966
15029,202609,0,0.2529658592328431
15034,202609,0,0.13966458057740905
15036,202609,0,0.15671116694991669
15037,202609,0,0.21826864957496256
15038,202609,1,0.13513668753842928
15039,202609,1,0.14900101302821797
15040,202609,0,0.18205654524684714
15041,202609,0,0.17982250839111583
15042,202609,0,0.15794561358046327
15043,202609,1,0.12572013962265013
15046,202609,0,0.19965416032611435
15047,202609,0,0.17041414142234
15050,202609,0,0.18120847378308186
15051,202609,0,0.1202733999369186
15053,202609,0,0.1807873736941804
15056,202609,0,0.20041535294977314
15057,202609,0,0.22376854739462407
15058,202609,0,0.15270270630230295
15060,202609,0,0.07642140707217729
15061,202609,0,0.1966761954447216
15062,202609,0,0.18389687592912893
15066,202609,0,0.13375876989070648
15067,202609,0,0.2206133184535219
15068,202609,0,0.09713266000886522
15069,202609,0,0.09600678468474057
15071,202609,1,0.17163020752110114
15072,202609,0,0.15874830391985684
15076,202609,0,0.22419440304075614
15077,202609,0,0.15914671752963852
15078,202609,0,0.16084543231659792
15079,202609,1,0.21284019027459458
15081,202609,1,0.1477085994021111
15087,202609,1,0.14431975051524704
15089,202609,0,0.17747801957780848
15093,202609,0,0.16787636537546125
15094,202609,1,0.30091062465937873
15096,202609,0,0.1928634456585133
15097,202609,0,0.06304545056269091
15098,202609,1,0.1779995372887598
15099,202609,0,0.11194612690976691
15101,202609,0,0.2315321323163508
15103,202609,0,0.2025494462110943
15104,202609,0,0.1602989547727324
15105,202609,0,0.1380738176025092
15108,202609,0,0.11966271243804039
15109,202609,0,0.10987596586099206
15112,202609,0,0.1343570999941905
15113,202609,1,0.15623647441789473
15114,202609,0,0.1757274340174504
15117,202609,0,0.0644007433950068
15118,202609,0,0.21504106803621897
15120,202609,1,0.23261622303713056
15121,202609,0,0.16268931794305194
15122,202609,0,0.12508221426901056
15123,202609,1,0.32792120330908364
15126,202609,0,0.14510853894972042
15127,202609,1,0.16713156073660507
15128,202609,0,0.10572239668347308
15129,202609,0,0.15181492009850173
15130,202609,0,0.05778219759533782
15131,202609,0,0.20339020675902977
15132,202609,0,0.08384122679860768
15133,202609,0,0.11434391919075566
15134,202609,0,0.08469154391293238
15136,202609,0,0.17384847828965486
15137,202609,0,0.19954011125697974
15139,202609,0,0.13696787636601626
15142,202609,0,0.13065510656287888
15145,202609,0,0.09795691064664645
15146,202609,0,0.09563130521522957
15147,202609,0,0.150447264920407
15150,202609,0,0.2016719412150976
15159,202609,0,0.17137446455425487
15163,202609,0,0.19146956304065488
15165,202609,0,0.07772868107814122
15167,202609,0,0.12142348271418531
15168,202609,0,0.06894391482011013
15173,202609,0,0.15629543073532415
15174,202609,1,0.13182537284180273
15176,202609,1,0.25793502966710535
15177,202609,1,0.19021328071882723
15181,202609,0,0.13239044509673756
15183,202609,0,0.15561856995693304
15185,202609,0,0.23555700812460104
15186,202609,0,0.20792763413224175
15187,202609,1,0.2676406834340184
15188,202609,1,0.2021044015433217
15189,202609,0,0.09697591835121236
15190,202609,0,0.09840367050317644
15191,202609,0,0.1228141868786217
15192,202609,1,0.14926922260945022
15193,202609,0,0.19030430982182492
15194,202609,1,0.1841237031407369
15196,202609,0,0.09402462120504798
15199,202609,0,0.1961798415187485
15200,202609,0,0.17858544700949794
15201,202609,0,0.21224828133706464
15204,202609,0,0.23633784618089818
15207,202609,0,0.10096173339344151
15209,202609,0,0.23255497225959146
15210,202609,1,0.1678398188905421
15212,202609,0,0.11460754803809706
15213,202609,0,0.15664558718960356
15214,202609,0,0.1998223845548222
15215,202609,0,0.19459038213384533
15216,202609,0,0.20401410214116153
15221,202609,1,0.1293067826268388
15222,202609,0,0.16536313941108485
15223,202609,0,0.10536461698911105
15224,202609,0,0.2624352479385514
15227,202609,0,0.11159394703349315
15229,202609,1,0.25113042938256114
15231,202609,0,0.15016902874550728
15232,202609,0,0.1254410573042986
15234,202609,0,0.1255344550364224
15236,202609,0,0.09160916870263129
15240,202609,0,0.22852747126412293
15241,202609,0,0.1126762544754438
15242,202609,0,0.24136827242381914
15243,202609,0,0.1831989660148469
15244,202609,0,0.1916596807430129
15246,202609,1,0.18654944569077636
15247,202609,0,0.17997154055563078
15248,202609,1,0.24537906032343323
15250,202609,0,0.13045782414568896
15251,202609,1,0.3021736682932776
15253,202609,0,0.14798431279175236
15254,202609,0,0.15864833244718424
15255,202609,0,0.10466777107147462
15260,202609,0,0.0874725314282735
15261,202609,1,0.18930753028862224
15262,202609,0,0.18123824199561017
15265,202609,0,0.074101295386138
15271,202609,1,0.20928589162552516
15275,202609,0,0.1445397205104315
15276,202609,0,0.19820856942584797
15280,202609,0,0.17125730835708025
15281,202609,0,0.20154417008316233
15282,202609,0,0.2506616244078862
15283,202609,0,0.264213717310601
15284,202609,0,0.24361933022941734
15289,202609,0,0.17205032211565935
15292,202609,0,0.21593632465178778
15293,202609,0,0.09103022493506106
15294,202609,1,0.18987301773620402
15297,202609,1,0.12362656245501726
15298,202609,1,0.11066038670220632
15300,202609,0,0.1961112554886308
15301,202609,0,0.1674162748330523
15302,202609,0,0.25023003349779993
15303,202609,0,0.15857577840171447
15306,202609,0,0.11118890045410358
15307,202609,0,0.21874171928938585
15310,202609,0,0.2490247680248606
15311,202609,0,0.18421341823692045
15313,202609,0,0.17180167177938976
15315,202609,1,0.2785813811122049
15318,202609,0,0.20384158535640212
15320,202609,0,0.14705656709775042
15322,202609,0,0.05024551378020455
15323,202609,0,0.24365762631438814
15324,202609,0,0.13879960914877673
15327,202609,0,0.20665621446523433
15328,202609,0,0.2886664510429801
15329,202609,0,0.14322951011149349
15335,202609,0,0.1960651652126231
15337,202609,1,0.2331215676641178
15340,202609,0,0.2381030511401694
15342,202609,0,0.08167906242151757
15345,202609,1,0.09622345977999691
15349,202609,0,0.11064567694512074
15351,202609,1,0.15617706295584885
15355,202609,0,0.0733721793426862
15356,202609,0,0.20097526744526067
15358,202609,1,0.14094213854466722
15359,202609,0,0.2815269525150902
15360,202609,0,0.12329013008903013
15361,202609,0,0.134510437001494
15363,202609,1,0.17389438223070136
15364,202609,0,0.18094741177346493
15365,202609,0,0.11608888521265695
15367,202609,0,0.11090685278155316
15368,202609,0,0.2082217551344393
15370,202609,0,0.14599386764126135
15371,202609,1,0.12100947452759876
15372,202609,0,0.24319367042344653
15373,202609,0,0.18625236380809831
15374,202609,0,0.08016649037348088
15377,202609,0,0.21727907625116594
15380,202609,1,0.10010931566132852
15381,202609,0,0.15167448191673819
15383,202609,0,0.16700414994245716
15386,202609,0,0.07219930260548531
15387,202609,0,0.1680013768288929
15391,202609,0,0.1904144200220464
15392,202609,0,0.1337637742128518
15393,202609,1,0.23303478809956207
15394,202609,0,0.06732553064990127
15395,202609,0,0.19238759039966685
15396,202609,0,0.09343679080171712
15397,202609,0,0.13697194604526916
15399,202609,0,0.11458354595289516
15400,202609,0,0.12345130382447508
15401,202609,1,0.2987228562754342
15404,202609,0,0.15965622236659147
15405,202609,0,0.32582289196092046
15406,202609,0,0.12318533114459827
15407,202609,0,0.10296508890270151
15408,202609,0,0.10773042513858046
15409,202609,0,0.06399752663755987
15411,202609,0,0.21985211961314932
15414,202609,0,0.20571291612990175
15416,202609,0,0.10661230797191674
15419,202609,1,0.19384070286113256
15421,202609,0,0.1171148829445934
15423,202609,0,0.15398787368027517
15424,202609,0,0.20738376168075245
15425,202609,0,0.06036033883849727
15426,202609,0,0.20031062786677384
15428,202609,0,0.17730698922353988
15429,202609,0,0.1520828238400912
15430,202609,0,0.20525903996039824
15433,202609,1,0.12663085694379006
15435,202609,1,0.06740619791413092
15437,202609,0,0.23471343523001226
15438,202609,0,0.08192056661140655
15440,202609,1,0.09781861925120332
15443,202609,1,0.33590266399860047
15444,202609,1,0.14944031171979422
15445,202609,1,0.25942348154310174
15447,202609,0,0.20787381747568512
15449,202609,0,0.11720958289100401
15451,202609,0,0.17494104215684533
15455,202609,0,0.16410608678374597
15456,202609,0,0.1901551072186502
15459,202609,0,0.22479328733685242
15460,202609,0,0.16267687758986288
15461,202609,0,0.12682545729887162
15462,202609,0,0.21218134906580796
15464,202609,1,0.19293157557448912
15465,202609,0,0.12942552693240877
15466,202609,0,0.08226626754580373
15467,202609,0,0.16485186645766656
15468,202609,0,0.09840207562117552
15469,202609,0,0.087492449531572
15470,202609,0,0.1122861014416532
15473,202609,0,0.2032844417158161
15474,202609,0,0.10954280381718091
15478,202609,0,0.16442043449091184
15481,202609,1,0.11689634230873719
15484,202609,0,0.1119121747545936
15486,202609,0,0.1810203548008223
15488,202609,0,0.11291096381870626
15489,202609,0,0.07582859494617122
15491,202609,0,0.26906717646690237
15492,202609,0,0.10106596946793525
15493,202609,0,0.15231339224362955
15494,202609,0,0.12182705103797632
15497,202609,1,0.33645594214611585
15499,202609,0,0.08777431825680479
15500,202609,1,0.149609812917383
15501,202609,1,0.10422870235786603
15502,202609,0,0.16773875872083172
15505,202609,1,0.08127871948926227
15511,202609,0,0.07753311506774381
15512,202609,0,0.21731877985578674
15513,202609,0,0.06978229541568863
15516,202609,1,0.1297618656627807
15517,202609,0,0.22430705825106728
15518,202609,0,0.17482776565795688
15522,202609,0,0.07073538120935507
15524,202609,0,0.12795960642748047
15526,202609,0,0.12556520940445703
15527,202609,0,0.1549484963178533
15528,202609,0,0.08055276350705091
15529,202609,1,0.08620528256481624
15532,202609,0,0.20916282082303148
15534,202609,0,0.1353579641194242
15537,202609,0,0.12659135820775663
15538,202609,0,0.18645304080867628
15541,202609,0,0.08087923744066854
15544,202609,0,0.15816354650887218
15545,202609,0,0.17394350090246122
15546,202609,0,0.090006750535892
15547,202609,0,0.07440669740313878
15548,202609,0,0.22904165393189527
15549,202609,0,0.22190142645349611
15550,202609,0,0.14152743374043944
15551,202609,0,0.1322934264435684
15552,202609,0,0.07587856652034847
15553,202609,0,0.07129650490634513
15558,202609,0,0.09760718578309366
15559,202609,0,0.23633935035392442
15562,202609,0,0.0844033576361746
15563,202609,0,0.286964988796763
15564,202609,0,0.22319251673282356
15567,202609,0,0.16960568633571355
15568,202609,0,0.12152969517363132
15569,202609,0,0.08823837483578703
15572,202609,1,0.15868796090428883
15573,202609,0,0.08971933650870284
15574,202609,0,0.11558365635856162
15576,202609,1,0.17254982987503295
15579,202609,0,0.14472679532613553
15581,202609,0,0.07588366695897995
15582,202609,0,0.07466748534201251
15586,202609,0,0.20696222432382846
15589,202609,0,0.17679663627699158
15590,202609,0,0.09946734347603703
15591,202609,0,0.11384589927725901
15594,202609,0,0.09040432177902849
15596,202609,0,0.18078971105386224
15597,202609,1,0.16521093007785034
15598,202609,0,0.11887602554397413
15599,202609,1,0.19145106595709177
15600,202609,0,0.13831285927022505
15601,202609,1,0.10308691844998005
15603,202609,0,0.2015626446641756
15609,202609,0,0.18791136851630563
15610,202609,0,0.18501395604106644
15611,202609,1,0.21964557396958242
15613,202609,0,0.13146657934210773
15616,202609,1,0.18322586449732578
15617,202609,0,0.050477296254385504
15619,202609,0,0.2091759580664347
15620,202609,0,0.3373944977618591
15621,202609,0,0.13832134532097362
15625,202609,0,0.11678221391297652
15632,202609,0,0.16502338932338628
15633,202609,0,0.10133022139888695
15635,202609,1,0.19618976537011915
15636,202609,0,0.19518955857762565
15637,202609,0,0.1915463107924235
15640,202609,0,0.15281325485701805
15641,202609,0,0.14905522819579473
15642,202609,0,0.09184706246093506
15643,202609,0,0.12747038496056518
15645,202609,0,0.18607433603033496
15648,202609,1,0.17085593308228786
15650,202609,0,0.10385178934143703
15653,202609,0,0.09275725970787736
15655,202609,0,0.23160637201081152
15657,202609,1,0.19192592608376402
15661,202609,0,0.16605027032282277
15663,202609,0,0.19412720431257566
15665,202609,0,0.08427983907912047
15667,202609,0,0.14749860189798933
15671,202609,0,0.08218420415487375
15672,202609,0,0.13309906510166375
15673,202609,0,0.2127483343905204
15676,202609,0,0.07554593885110833
15679,202609,0,0.18426368498986473
15680,202609,0,0.12334656483848021
15683,202609,1,0.1890767611533155
15684,202609,0,0.23092831125075786
15685,202609,0,0.08840057076873904
15688,202609,1,0.1783018872706005
15690,202609,0,0.09126348145150315
15695,202609,0,0.10118611508731927
15696,202609,0,0.10574162746172835
15698,202609,0,0.26015926248564913
15699,202609,0,0.355320566864174
15701,202609,0,0.1377332588418076
15705,202609,0,0.22763959462250938
15709,202609,0,0.07309173329427085
15715,202609,1,0.14079722404380948
15717,202609,0,0.16695473746241654
15718,202609,0,0.26326810576220694
15721,202609,0,0.2535276801784667
15723,202609,0,0.20806746644400426
15724,202609,0,0.21251449560649735
15725,202609,0,0.08745894908826102
15727,202609,1,0.15331992948210985
15728,202609,0,0.17338350538016395
15729,202609,0,0.20713090265069858
15731,202609,0,0.15682170780731952
15732,202609,0,0.13228369706100288
15733,202609,0,0.15495640250809528
15739,202609,0,0.20457566658252163
15741,202609,1,0.17803398598415318
15742,202609,0,0.07005992957413867
15743,202609,0,0.08257153417317155
15744,202609,0,0.08904226570150445
15745,202609,0,0.09591231927399008
15746,202609,0,0.1908241376573809
15748,202609,0,0.12610448939268956
15751,202609,0,0.24281169730728935
15752,202609,0,0.16236917711291546
15753,202609,1,0.18786841229973958
15760,202609,0,0.08621561619022834
15761,202609,0,0.07933003021177493
15764,202609,0,0.1501476697766607
15766,202609,0,0.25447700193774525
15768,202609,1,0.1293630588073345
15770,202609,0,0.0658650945818972
15771,202609,0,0.1700889572310618
15773,202609,0,0.09124057518568587
15774,202609,0,0.1992411112349689
15776,202609,0,0.17115140172197557
15777,202609,0,0.15575542225103983
15778,202609,0,0.2622591672934737
15780,202609,0,0.10691929102180259
15782,202609,0,0.23484218433427456
15783,202609,0,0.19715398655165486
15785,202609,0,0.159882847950763
15787,202609,0,0.15863139231227055
15788,202609,0,0.24673171783757944
15789,202609,0,0.1168211961441474
15793,202609,0,0.20630194233572097
15795,202609,0,0.09554972222429149
15798,202609,0,0.27006366477428173
15801,202609,0,0.23766836154134235
15802,202609,0,0.08226188181616223
15804,202609,0,0.19012513194383793
15809,202609,0,0.16957645472979205
15810,202609,0,0.14540376971372335
15814,202609,0,0.1502793658410735
15831,202609,0,0.12289963597873983
15832,202609,1,0.1849352124340252
15833,202609,0,0.24879721806024424
15834,202609,1,0.29058108144879824
15835,202609,0,0.21277671616399313
15837,202609,0,0.05367899328633486
15838,202609,1,0.2393493060841767
15841,202609,0,0.13935367348280722
15842,202609,0,0.11256003492642888
15845,202609,0,0.14106439399651058
15849,202609,0,0.08429036796737469
15850,202609,0,0.05991688690326188
15851,202609,0,0.06045815669805633
15853,202609,0,0.13474774965099695
15854,202609,0,0.1682652222515627
15857,202609,0,0.07778627084147482
15859,202609,1,0.2412638855286848
15861,202609,0,0.26137350430395556
15862,202609,0,0.21407132077144603
15863,202609,0,0.19260057576047793
15868,202609,0,0.18678731291290182
15869,202609,1,0.18037067513371685
15871,202609,0,0.11196468050159283
15873,202609,0,0.08888040134087354
15874,202609,1,0.17042911115277917
15876,202609,0,0.15208331999396074
15878,202609,1,0.06688638667819723
15880,202609,0,0.12507115336459226
15883,202609,0,0.1250731530392805
15884,202609,0,0.10392980154471898
15886,202609,0,0.14208201115851943
15887,202609,0,0.1402966729528676
15888,202609,0,0.11592311013953675
15889,202609,0,0.11482457669450842
15890,202609,0,0.18997271318672523
15891,202609,0,0.20346838638843354
15892,202609,0,0.11789677000895338
15893,202609,0,0.09446997070661803
15895,202609,1,0.12720638412406723
15896,202609,1,0.24328859498846825
15897,202609,0,0.07416767519281703
15898,202609,0,0.24105805768904534
15902,202609,0,0.2271224995661052
15903,202609,0,0.08489140771608342
15904,202609,0,0.13410641741699922
15905,202609,0,0.19206404979199182
15908,202609,1,0.10920079377642022
15909,202609,0,0.25404715443777903
15910,202609,0,0.14184307525704853
15911,202609,0,0.1579460392427031
15912,202609,0,0.13262526927892404
15916,202609,0,0.07974013550479396
15917,202609,0,0.07733806398693922
15921,202609,1,0.3144643259680035
15924,202609,0,0.22218204902062094
15930,202609,0,0.2238044537704595
15932,202609,0,0.22799182424846656
15937,202609,0,0.12145395728179116
15938,202609,0,0.14547125406711334
15939,202609,0,0.2812936618369707
15940,202609,0,0.14783425743557155
15941,202609,0,0.08432501676224828
15942,202609,0,0.1633318812398302
15943,202609,0,0.2633658291589271
15944,202609,0,0.06795563175538422
15945,202609,0,0.11417088608063145
15946,202609,0,0.12525432328009334
15948,202609,0,0.06272155363401714
15949,202609,0,0.08764915392658812
15950,202609,1,0.21690947767598553
15952,202609,0,0.13786499060775217
15953,202609,0,0.2027049748291275
15954,202609,0,0.06445942047452242
15956,202609,0,0.12030783382587702
15957,202609,0,0.1652561154724082
15958,202609,1,0.17153457557584736
15960,202609,0,0.10797475523752942
15962,202609,0,0.14319620143824852
15965,202609,0,0.1044093571420393
15967,202609,1,0.23264231930273407
15968,202609,0,0.2046351002794819
15969,202609,0,0.19866048316457335
15973,202609,1,0.24825111867200683
15975,202609,0,0.10249242365704814
15977,202609,0,0.2763230142560245
15981,202609,1,0.1944463142125932
15982,202609,0,0.1376131719311323
15987,202609,0,0.2356239228035163
15988,202609,0,0.10359691075805876
15990,202609,0,0.10454133302940871
15991,202609,0,0.06093643660864521
15992,202609,0,0.14591941679672096
15993,202609,0,0.28929617590433426
15995,202609,1,0.160284411754192
15997,202609,0,0.16232198983023444
15998,202609,0,0.18045961029590832
16001,202609,1,0.18012685171797138
16003,202609,0,0.14743531624103345
16007,202609,0,0.1679266560776674
16009,202609,0,0.16534210872143582
16012,202609,0,0.17701450182748016
16013,202609,0,0.12308870824161086
16014,202609,0,0.18440291762793612
16015,202609,0,0.13747225449352485
16016,202609,0,0.09438533423788635
16018,202609,0,0.21239030371427886
16019,202609,0,0.15079696734237957
16021,202609,0,0.15539003753948627
16022,202609,0,0.1339576929020991
16026,202609,0,0.10494995299308471
16028,202609,0,0.2471474908242229
16029,202609,0,0.19038496627727242
16030,202609,0,0.11163944704271281
16031,202609,0,0.08654734384431043
16032,202609,0,0.11665227063796847
16034,202609,1,0.11564465292930569
16035,202609,0,0.16911114965979854
16037,202609,0,0.08527627193850904
16038,202609,0,0.2395203453781156
16041,202609,0,0.22749001024336726
16043,202609,0,0.14877018760151606
16045,202609,0,0.23880028056485328
16049,202609,0,0.18747839827386367
16051,202609,0,0.1102031003007195
16053,202609,1,0.14114620182420762
16055,202609,0,0.27231179032433467
16057,202609,1,0.12431219737529275
16060,202609,0,0.2150646683608125
16061,202609,0,0.2058933769136783
16063,202609,0,0.12819346168685736
16064,202609,0,0.10059203339447122
16065,202609,0,0.09795563507660456
16067,202609,1,0.261603854630715
16074,202609,1,0.11593761098215477
16076,202609,0,0.1747993618288877
16078,202609,0,0.2237081495970071
16080,202609,0,0.2705557632777414
16081,202609,1,0.1602040526702959
16082,202609,0,0.24231494749080798
16085,202609,0,0.1510769487393743
16087,202609,0,0.1504077775618319
16088,202609,0,0.17745413008909944
16091,202609,0,0.09505184544099585
16092,202609,0,0.170647884232771
16093,202609,0,0.19025596670726758
16095,202609,0,0.2042714739297317
16098,202609,1,0.12172105907140231
16099,202609,0,0.22200871382566784
16100,202609,1,0.09568677472468223
16101,202609,0,0.12431161670279291
16102,202609,0,0.2543342650995934
16107,202609,1,0.20160850451542728
16110,202609,0,0.20833158806802224
16111,202609,0,0.14225145278743115
16113,202609,0,0.20889357738962974
16114,202609,1,0.14762946446186642
16116,202609,1,0.139283428210173
16118,202609,0,0.20994096498294817
16121,202609,0,0.11728092193317616
16123,202609,0,0.17114414748203027
16126,202609,1,0.06245521079267792
16127,202609,0,0.18272809363058193
16128,202609,0,0.22164348274679863
16129,202609,0,0.07028426610006665
16130,202609,0,0.11101790206669748
16133,202609,0,0.10913186553159485
16135,202609,0,0.15235867991588023
16136,202609,0,0.13817953019222934
16137,202609,0,0.23919426655333084
16138,202609,0,0.06699359971248754
16140,202609,0,0.22851377833498454
16141,202609,0,0.18035817908880436
16142,202609,0,0.10649257425755834
16144,202609,0,0.1724459959602527
16145,202609,0,0.18839229454449694
16147,202609,0,0.20176595560302962
16148,202609,0,0.243992248796678
16149,202609,0,0.19755320802632478
16152,202609,1,0.09869861497170838
16157,202609,0,0.12134908025641684
16158,202609,0,0.18833643404946362
16162,202609,0,0.16938452193857897
16163,202609,0,0.2051183593602534
16164,202609,0,0.10908487973324074
16165,202609,0,0.22265239629473396
16166,202609,0,0.06860663311655389
16169,202609,0,0.10675641975086311
16171,202609,1,0.14716862633778094
16172,202609,0,0.16207011003730465
16173,202609,0,0.18881882644949072
16176,202609,0,0.12467465614142074
16177,202609,0,0.12076734702725773
16179,202609,0,0.20445143834724572
16181,202609,0,0.06425043273306098
16182,202609,0,0.2718481439499819
16184,202609,0,0.14328646896415118
16185,202609,1,0.1319288534067793
16188,202609,1,0.14856739036910185
16191,202609,1,0.11292868354809986
16192,202609,0,0.18843741984085963
16193,202609,0,0.11289742508966921
16197,202609,0,0.230227858541752
16198,202609,0,0.14736117196823043
16199,202609,0,0.1352433853028457
16201,202609,0,0.16351023692924693
16202,202609,0,0.1827765015001689
16203,202609,0,0.10065229069232572
16204,202609,0,0.16195837487600664
16209,202609,0,0.1985333340240088
16213,202609,0,0.31867066096490265
16217,202609,1,0.19568574846394537
16218,202609,0,0.11875148150304118
16219,202609,0,0.21004130292623185
16220,202609,0,0.07182653364398624
16221,202609,0,0.19088645414196936
16222,202609,0,0.22349301341635863
16223,202609,1,0.17946036578347555
16226,202609,0,0.20369100759038425
16227,202609,0,0.11543275128419637
16228,202609,0,0.16559305519334788
16229,202609,0,0.16840969476222836
16230,202609,0,0.14645936485993763
16231,202609,0,0.08882433951554358
16235,202609,0,0.1445610431840104
16237,202609,0,0.08127334123532702
16240,202609,0,0.11226207546687911
16242,202609,0,0.1333083870841444
16246,202609,0,0.2013729259046048
16247,202609,0,0.15055028563822814
16248,202609,0,0.143484836764024
16250,202609,0,0.19424944591788257
16251,202609,0,0.09715338170751074
16254,202609,0,0.32579073557850374
16256,202609,0,0.1413943862268187
16258,202609,0,0.11559237515493745
16260,202609,0,0.06550525767487035
16263,202609,0,0.3908594369771063
16266,202609,0,0.19612624487993938
16267,202609,1,0.1299658024029435
16268,202609,1,0.11709980152752864
16270,202609,0,0.16360129885491168
16271,202609,0,0.1649712954179811
16272,202609,0,0.16809085348850156
16273,202609,1,0.09123772420675266
16274,202609,0,0.16930877384034662
16275,202609,0,0.08655795670550481
16276,202609,0,0.07501993748908045
16277,202609,0,0.16613630259396114
16278,202609,0,0.10030756292338698
16279,202609,0,0.1172045887971502
16280,202609,0,0.1957948180160046
16281,202609,1,0.15798036608077076
16283,202609,0,0.25923304677668957
16284,202609,0,0.09529169591172153
16286,202609,0,0.08586577890255173
16288,202609,0,0.1442328588761715
16292,202609,0,0.1546463001098867
16293,202609,0,0.1243936925300339
16294,202609,0,0.17661821361206204
16295,202609,0,0.15578862871201013
16297,202609,1,0.10798962111859758
16299,202609,0,0.21784262388465114
16300,202609,0,0.19234687794317062
16303,202609,1,0.1552950322101906
16307,202609,0,0.14209236320404237
16311,202609,1,0.17272905663236424
16314,202609,0,0.17369648639774662
16315,202609,0,0.1441940164926785
16316,202609,1,0.1812407086168005
16317,202609,1,0.2920861267666542
16318,202609,0,0.164250555916755
16319,202609,0,0.19377364656457116
16320,202609,0,0.1600519020782091
16321,202609,0,0.17064043842667553
16322,202609,0,0.17918147144702803
16324,202609,0,0.124806819044801
16325,202609,0,0.0683491588441234
16329,202609,0,0.0759173455240358
16332,202609,1,0.28507237728359475
16333,202609,0,0.1031478818033536
16334,202609,0,0.1207487536292583
16335,202609,0,0.20083020574561983
16336,202609,0,0.19316743012618665
16338,202609,0,0.15163413434071074
16342,202609,0,0.16139137570412357
16343,202609,0,0.16405630700909762
16344,202609,0,0.218714177419016
16345,202609,0,0.1077092742943378
16346,202609,0,0.1699908670665254
16347,202609,0,0.1166624426540312
16348,202609,0,0.1339406630687927
16350,202609,0,0.09201204834352247
16352,202609,0,0.08522665489798757
16353,202609,0,0.05634899651617366
16354,202609,0,0.18053260472175173
16356,202609,0,0.19375305390924136
16357,202609,0,0.22980657991748868
16358,202609,0,0.1263392883743246
16362,202609,0,0.136742768474082
16363,202609,0,0.16782470495376875
16364,202609,0,0.08383962560235114
16366,202609,0,0.23058608519037083
16367,202609,0,0.1576892077602861
16370,202609,0,0.22599709623491263
16371,202609,0,0.1170370564082103
16374,202609,0,0.13895095214771458
16376,202609,0,0.1398515569520977
16377,202609,0,0.19915158470752903
16378,202609,0,0.1876819741086027
16381,202609,0,0.1341292179740301
16383,202609,0,0.11455137049845278
16384,202609,0,0.1579104949310386
16385,202609,0,0.14116195348452173
16386,202609,0,0.14467933270427913
16388,202609,0,0.11349556187662817
16390,202609,0,0.16280594821921363
16391,202609,0,0.20480227268441456
16392,202609,1,0.17769327195828993
16393,202609,1,0.08344570320980532
16394,202609,0,0.15071593413245338
16397,202609,0,0.06738742866174208
16398,202609,0,0.16543394279969356
16400,202609,0,0.16558336634203
16402,202609,1,0.22219341408092397
16404,202609,0,0.17163321708893636
16409,202609,0,0.10890987144015647
16411,202609,0,0.13771534648932365
16414,202609,0,0.09256923263248429
16418,202609,0,0.25008157883387794
16420,202609,0,0.12870807785056076
16421,202609,0,0.16479048685467976
16424,202609,1,0.09270627156488828
16425,202609,0,0.09328603716147113
16426,202609,0,0.15891257476645884
16428,202609,0,0.16163254540513922
16429,202609,0,0.1548271447545129
16430,202609,0,0.08190046616669623
16431,202609,0,0.08076601309066739
16432,202609,0,0.1551347592340872
16437,202609,0,0.08934292208089996
16438,202609,0,0.08695615735119507
16439,202609,0,0.11446957912666426
16440,202609,0,0.06464457086973045
16441,202609,0,0.20137993107524335
16446,202609,0,0.091622497627937
16447,202609,1,0.1298198260341854
16448,202609,1,0.20157740457604273
16451,202609,0,0.10314601509165637
16453,202609,1,0.09143745505490741
16455,202609,1,0.27497300882130105
16457,202609,1,0.14065884903991965
16458,202609,1,0.14746048224894082
16461,202609,0,0.10536754119885215
16463,202609,0,0.10640447860409144
16464,202609,0,0.3048757773275774
16466,202609,0,0.18462688077850448
16467,202609,0,0.10046743529767761
16468,202609,0,0.15967724357963262
16469,202609,0,0.14870680755562218
16470,202609,0,0.12578170546340595
16472,202609,0,0.09587348139274479
16477,202609,0,0.3500879148705614
16480,202609,0,0.18094434828967665
16481,202609,1,0.14367281108792646
16483,202609,0,0.22750469302750206
16487,202609,0,0.22709776095620318
16488,202609,0,0.09208956903043856
16490,202609,0,0.07564678890621349
16496,202609,0,0.1543220676877485
16497,202609,0,0.16323805968849006
16498,202609,1,0.1382131886943639
16500,202609,0,0.14588685575591948
16501,202609,1,0.2199542920827078
16502,202609,0,0.09868959619282502
16508,202609,0,0.24101061790386683
16510,202609,0,0.1170126213973441
16511,202609,0,0.07359489268541558
16512,202609,0,0.12488959918328904
16513,202609,0,0.09797017047807192
16514,202609,0,0.05471187082315204
16515,202609,0,0.06599739141420197
16517,202609,0,0.12730580856788018
16519,202609,0,0.061741429615396436
16520,202609,0,0.09228347679206102
16525,202609,0,0.19453069246381838
16526,202609,0,0.24555100564713134
16529,202609,0,0.14747774258437013
16532,202609,0,0.16804401616914583
16533,202609,0,0.09589508955142124
16536,202609,0,0.25521343297041954
16540,202609,0,0.12522175611724773
16542,202609,0,0.14481746094450965
16544,202609,0,0.19289247580261332
16548,202609,0,0.12536761615109146
16549,202609,0,0.07885252801487833
16550,202609,1,0.15587695492548154
16551,202609,0,0.37043490362487175
16552,202609,0,0.12447828938225718
16553,202609,1,0.38096513066966764
16555,202609,0,0.1537016761918609
16557,202609,0,0.14330472045587492
16558,202609,0,0.10391806806637204
16559,202609,0,0.18259280540967238
16560,202609,0,0.1873782093541717
16561,202609,0,0.17444839523513103
16562,202609,0,0.15377751374938725
16563,202609,1,0.1879276490391592
16564,202609,0,0.109511712183341
16565,202609,0,0.19186523018759755
16566,202609,0,0.09222005736235783
16568,202609,1,0.12211986212187573
16571,202609,1,0.2001965429759741
16572,202609,0,0.2030647634745944
16573,202609,0,0.17441849627286435
16574,202609,0,0.249065800284976
16575,202609,0,0.05928189829149601
16576,202609,1,0.20732882013577178
16578,202609,0,0.24649019245515771
16579,202609,0,0.2180662804698621
16580,202609,0,0.2479824354845249
16582,202609,0,0.0945429204077701
16584,202609,0,0.1483838776519907
16586,202609,0,0.14498630948325228
16588,202609,0,0.13396588923047173
16593,202609,1,0.21347420661246655
16595,202609,0,0.15628163610708756
16597,202609,0,0.08331001193022142
16600,202609,0,0.15990414266818387
16601,202609,0,0.09949530108962765
16604,202609,0,0.08585029154818506
16605,202609,1,0.14284504330284184
16606,202609,0,0.23520831967826986
16608,202609,0,0.08788336346664374
16610,202609,1,0.24015521713619278
16611,202609,0,0.1727931738797114
16612,202609,0,0.15930393886846017
16613,202609,0,0.1726242013903092
16615,202609,0,0.13548365374728433
16617,202609,0,0.20160342141504825
16619,202609,0,0.19418840428373244
16621,202609,0,0.19777280332599922
16622,202609,0,0.14190422337751504
16624,202609,0,0.15067244368661595
16626,202609,0,0.20433989191388513
16628,202609,0,0.1602247518277751
16629,202609,0,0.09688859994758134
16630,202609,0,0.1476288388936032
16631,202609,0,0.15156065467198634
16634,202609,0,0.15104201578684454
16638,202609,0,0.18556082416735947
16640,202609,0,0.18470847614070926
16643,202609,0,0.10747897196765985
16645,202609,0,0.18136285819500114
16649,202609,0,0.08269665124064748
16651,202609,0,0.187514961933666
16652,202609,0,0.16737812663851495
16653,202609,0,0.12245035789793275
16659,202609,0,0.16934004314440984
16660,202609,0,0.11359708686112241
16661,202609,1,0.08314866560111718
16662,202609,0,0.06800192739151642
16668,202609,0,0.15165333238564124
16669,202609,0,0.17326599865296588
16670,202609,0,0.22642288269733693
16672,202609,0,0.10355415336304452
16673,202609,1,0.28618558068987665
16674,202609,0,0.2103094785871344
16675,202609,1,0.17683639750646188
16677,202609,0,0.15287165263185068
16678,202609,0,0.16608497931241512
16679,202609,0,0.1805480064237882
16680,202609,0,0.10796151317616745
16681,202609,0,0.07950555520700299
16684,202609,0,0.04674430846545219
16685,202609,0,0.1439144053944991
16686,202609,0,0.2183810262994744
16687,202609,0,0.12208743432324207
16688,202609,0,0.21176971581480739
16689,202609,0,0.0892934312446271
16690,202609,0,0.055962408271371375
16692,202609,0,0.12495937445445546
16693,202609,0,0.07195047114543739
16694,202609,1,0.14711066684226595
16696,202609,0,0.1018500220404293
16697,202609,0,0.13739693879057835
16699,202609,1,0.07071552437434946
16701,202609,0,0.18695884369541774
16703,202609,0,0.18335044107385687
16704,202609,0,0.0787801986556907
16705,202609,0,0.18600410349893975
16707,202609,0,0.15608889757617336
16709,202609,1,0.14039151560016006
16711,202609,0,0.0900920672155203
16712,202609,0,0.16955325803408078
16713,202609,0,0.14105584363470483
16714,202609,0,0.3971497169859747
16715,202609,0,0.13755100296171335
16716,202609,0,0.1260275017495775
16717,202609,0,0.12099918281945969
16718,202609,0,0.16981826205153214
16719,202609,0,0.18692342587176217
16720,202609,0,0.05481735225209707
16723,202609,0,0.09909707303813522
16724,202609,0,0.2431078704569102
16725,202609,1,0.14963050387969487
16728,202609,0,0.3218773538549025
16730,202609,0,0.15389364692967736
16735,202609,0,0.20087680038718153
16736,202609,1,0.11368936675474461
16737,202609,1,0.15171409959670906
16738,202609,1,0.08427192097659922
16741,202609,0,0.14141472774161012
16742,202609,0,0.07777855179198209
16743,202609,0,0.1428274183734092
16744,202609,0,0.06513723270215671
16748,202609,0,0.14763497478028598
16750,202609,0,0.15826896693356327
16751,202609,0,0.14586749903567844
16752,202609,0,0.19200930313070066
16753,202609,0,0.11540481521438005
16754,202609,0,0.1687731659071902
16755,202609,0,0.1678446575668287
16756,202609,0,0.05593986473905368
16758,202609,0,0.18983462306089838
16759,202609,1,0.17386291055448272
16760,202609,0,0.15114451642624388
16762,202609,0,0.20167704826692467
16764,202609,0,0.06193077555709176
16769,202609,1,0.12430589188929816
16770,202609,0,0.221548985377895
16771,202609,0,0.1458012119006254
16772,202609,0,0.2187318476264753
16776,202609,0,0.12940051693735052
16777,202609,0,0.10097307858945474
16780,202609,0,0.15400685955449797
16781,202609,0,0.14840550573687747
16784,202609,0,0.2530710031937012
16788,202609,0,0.14236181392365252
16791,202609,1,0.14739963800235328
16792,202609,0,0.15638644601071902
16793,202609,0,0.22617095767547896
16794,202609,0,0.21245002560672907
16795,202609,0,0.07365537927345032
16796,202609,0,0.11215191893825169
16798,202609,0,0.09875057780721481
16799,202609,1,0.07524804160735178
16801,202609,0,0.17134770202579397
16802,202609,0,0.08909209982961817
16803,202609,0,0.1956777623946787
16805,202609,1,0.12083619083464392
16808,202609,0,0.20814075493468778
16809,202609,0,0.206945474363446
16810,202609,0,0.08560816706776642
16815,202609,0,0.12412239024789419
16816,202609,0,0.1094548233859073
16818,202609,0,0.15104873789038525
16819,202609,0,0.19185934247007885
16820,202609,0,0.21171268090407575
16824,202609,0,0.15950830065559946
16827,202609,1,0.141552775809834
16829,202609,0,0.13425490496098336
16833,202609,0,0.15005789176158033
16834,202609,0,0.11037713772846114
16838,202609,1,0.12548118725324492
16840,202609,0,0.1653681595050627
16845,202609,1,0.22731441291535381
16846,202609,0,0.16514407291828984
16847,202609,0,0.20255771252360266
16848,202609,0,0.15784562951111908
16849,202609,0,0.1408835439848987
16852,202609,0,0.10714041320041254
16853,202609,0,0.16396784049677138
16857,202609,0,0.136364426588152
16858,202609,0,0.22067399984690786
16859,202609,0,0.1316329646117458
16860,202609,0,0.18146850064192124
16861,202609,0,0.1602467076240747
16862,202609,0,0.18166668446395481
16865,202609,1,0.35091302843618477
16867,202609,0,0.13962320073310872
16869,202609,0,0.14791061996781196
16870,202609,0,0.1626241090447655
16871,202609,0,0.2712572011871076
16872,202609,0,0.12415383790981306
16873,202609,1,0.1125672037255961
16876,202609,0,0.18141000016477016
16877,202609,0,0.16148728121667694
16881,202609,0,0.14441424878181608
16883,202609,0,0.09211623282941028
16888,202609,1,0.1558672613574554
16889,202609,1,0.10629553630622994
16890,202609,0,0.06623087567144602
16893,202609,0,0.09725167060962227
16894,202609,0,0.10488351482038909
16897,202609,0,0.0722220328226471
16901,202609,0,0.1182064599620224
16902,202609,0,0.11134129301783506
16906,202609,0,0.06275696867105564
16907,202609,1,0.1457693323952346
16909,202609,0,0.09354674355189065
16910,202609,0,0.0667215672607283
16911,202609,0,0.258613613080608
16916,202609,0,0.22864965029092177
16921,202609,0,0.0626899005021252
16923,202609,0,0.14971612941975773
16924,202609,1,0.23100324030170188
16926,202609,0,0.22670990493231197
16928,202609,0,0.15181461813391747
16930,202609,0,0.09084907200434873
16932,202609,0,0.20270767938533918
16933,202609,0,0.15883315802249331
16935,202609,0,0.16874229213933795
16942,202609,0,0.1626815164473608
16943,202609,0,0.17576980884020735
16944,202609,0,0.1775807182762914
16945,202609,1,0.12356070415681157
16946,202609,1,0.1492473127471725
16947,202609,0,0.08046941532630535
16948,202609,0,0.16735307990864923
16949,202609,0,0.060974960021340605
16952,202609,0,0.29441522918772245
16953,202609,0,0.11838975302767185
16954,202609,0,0.14756668597257597
16956,202609,0,0.15119912811728126
16958,202609,0,0.10853838762832733
16959,202609,0,0.11521351521013966
16962,202609,0,0.13733806225978432
16963,202609,0,0.20416927199265417
16968,202609,1,0.1161259906817059
16969,202609,0,0.08242744588283193
16970,202609,0,0.08400998048883306
16971,202609,1,0.18603034212459632
16972,202609,0,0.13071144109968771
16975,202609,0,0.24830783845455032
16977,202609,0,0.14954828566481254
16979,202609,0,0.13667794904220607
16981,202609,0,0.17481847556776972
16983,202609,0,0.17783838701799604
16984,202609,0,0.12874962701889409
16985,202609,0,0.12169260389887498
16986,202609,0,0.09796650263924746
16987,202609,0,0.22365855538013107
16989,202609,0,0.2337831602358954
16990,202609,0,0.19937089856712475
16991,202609,1,0.15133699901216083
16992,202609,0,0.08924368228165107
16994,202609,0,0.26017750795363187
16995,202609,0,0.12217051364771202
16996,202609,0,0.22826033300080187
16997,202609,0,0.2089196872500449
16999,202609,0,0.25323290294204576
17000,202609,0,0.18222933316657552
17002,202609,0,0.177652943553191
17003,202609,0,0.18578748902711817
17004,202609,0,0.35047738813287865
17006,202609,0,0.20309130369590922
17007,202609,0,0.20041595200918388
17008,202609,0,0.06489626825887615
17009,202609,1,0.07808982945465388
17012,202609,1,0.3441709980124285
17013,202609,0,0.12837211625170794
17014,202609,0,0.1238940700797586
17015,202609,0,0.18730513311164232
17017,202609,0,0.12863522589120235
17018,202609,0,0.2308501250731719
17020,202609,0,0.10641471146889409
17023,202609,0,0.1601997206884815
17024,202609,0,0.25102067843570386
17026,202609,0,0.18317273899164374
17028,202609,0,0.14365855103097272
17030,202609,1,0.18648530672443422
17032,202609,1,0.08876598225019232
17033,202609,1,0.11467070124568729
17035,202609,0,0.17073852218581753
17036,202609,0,0.2981170655599696
17038,202609,0,0.13415157156887525
17039,202609,0,0.14942109885074964
17041,202609,0,0.2489984305724637
17046,202609,0,0.22692053932027176
17052,202609,0,0.15395215631537343
17053,202609,0,0.12248261148052936
17056,202609,0,0.13656255588542426
17057,202609,0,0.09178252598559328
17062,202609,0,0.17531258926591065
17063,202609,0,0.11604504735627626
17065,202609,1,0.21572023208252916
17067,202609,0,0.18948977237217896
17068,202609,0,0.13389334980877265
17070,202609,1,0.2375430719389571
17072,202609,0,0.2564602418634334
17073,202609,0,0.09595385156644419
17075,202609,0,0.12003684360101156
17077,202609,0,0.16583712931683794
17078,202609,0,0.14237170279816475
17079,202609,0,0.14290287781443695
17080,202609,0,0.1579904318414999
17081,202609,0,0.1642199244146248
17083,202609,0,0.15235193303095695
17085,202609,0,0.15994984404077597
17086,202609,0,0.17893232682780183
17087,202609,0,0.13198173712150363
17088,202609,0,0.1427255420074992
17090,202609,0,0.17374249953106596
17092,202609,1,0.11709755805928375
17093,202609,0,0.06004381665383529
17094,202609,0,0.05983835844776113
17095,202609,0,0.1007967198875948
17096,202609,0,0.10245851156048222
17099,202609,0,0.20654136006610388
17101,202609,0,0.17297352964990004
17102,202609,0,0.15758672044278146
17104,202609,0,0.1400274876270499
17105,202609,0,0.16376411829243948
17111,202609,1,0.2958475767923045
17112,202609,0,0.11435288483093117
17113,202609,0,0.14831106750261402
17115,202609,0,0.11794693176648914
17116,202609,0,0.19408061622712772
17122,202609,0,0.0711756252013611
17123,202609,0,0.05901876095080001
17124,202609,0,0.13148063181098374
17126,202609,1,0.1328750444022549
17127,202609,0,0.17249048503787714
17128,202609,0,0.17728592628820866
17129,202609,0,0.16580990552345062
17130,202609,1,0.10513961657463153
17131,202609,0,0.19923734250587885
17136,202609,0,0.11076077911701135
17140,202609,0,0.08176683984683639
17141,202609,0,0.11246388725159373
17146,202609,0,0.11956614683012506
17147,202609,0,0.05846484014653787
17149,202609,0,0.15544625828853642
17153,202609,0,0.19474701520166182
17155,202609,0,0.17737506403896813
17158,202609,0,0.16294633168013828
17159,202609,0,0.11198610166996205
17160,202609,1,0.21839164953345278
17162,202609,0,0.13205819687260428
17163,202609,0,0.11055716209877169
17164,202609,0,0.131043160333868
17165,202609,0,0.1417041927193016
17167,202609,0,0.25761777909190076
17169,202609,0,0.1893389355077519
17170,202609,0,0.1046566594245755
17171,202609,0,0.19280249419396359
17172,202609,0,0.15304751886687049
17175,202609,0,0.2597408892909375
17176,202609,0,0.22466490559092508
17177,202609,0,0.1386241420323487
17181,202609,0,0.10098761772274263
17182,202609,1,0.15711363845225862
17183,202609,0,0.081776338628934
17186,202609,0,0.20610598670147626
17188,202609,0,0.10808201815549488
17189,202609,0,0.1119862121657935
17191,202609,0,0.09756606955005492
17192,202609,0,0.14541763826013618
17194,202609,0,0.11069176329603582
17202,202609,1,0.21059613086834908
17203,202609,1,0.15859819254809868
17208,202609,0,0.2330502591926061
17210,202609,0,0.09459953977051555
17211,202609,0,0.22416714790992537
17212,202609,0,0.1848720033033327
17213,202609,1,0.2860799155072123
17217,202609,1,0.2630068700590909
17219,202609,0,0.19655163223994906
17220,202609,0,0.13555150853896764
17222,202609,0,0.18888086808193294
17223,202609,1,0.19307857835903633
17225,202609,0,0.17173008658643057
17227,202609,0,0.12728165602144498
17228,202609,0,0.05626772571906115
17229,202609,0,0.06950088752124135
17230,202609,0,0.13362446686304832
17231,202609,0,0.17528779449176543
17232,202609,0,0.136896746323936
17233,202609,0,0.06637795637728551
17236,202609,0,0.12301797265911042
17237,202609,0,0.12303118259826389
17240,202609,0,0.18073058921769672
17241,202609,0,0.1885635333132736
17243,202609,0,0.156435946595988
17245,202609,1,0.15649950950823507
17246,202609,0,0.33069712301327536
17247,202609,0,0.07697841714706963
17248,202609,0,0.12152511961177564
17249,202609,0,0.15571472097002798
17251,202609,0,0.3528360774592219
17252,202609,1,0.12101684222523533
17253,202609,0,0.09413465978318686
17254,202609,0,0.07899213413140146
17256,202609,0,0.06567425233232978
17257,202609,0,0.1491318261206247
17262,202609,0,0.08590135852802729
17263,202609,1,0.19448154752500393
17264,202609,1,0.26579125071387066
17266,202609,0,0.2191783746114348
17267,202609,0,0.10659623787719394
17268,202609,0,0.11093455249031105
17269,202609,0,0.1163594925787458
17270,202609,0,0.146425778119045
17271,202609,0,0.13520968512098425
17275,202609,0,0.150594693654169
17276,202609,0,0.21434097255540052
17277,202609,0,0.24698102655032111
17278,202609,1,0.2150175099159519
17279,202609,0,0.10003914499715533
17281,202609,0,0.2674424245957165
17283,202609,0,0.07022976295726897
17285,202609,0,0.11419505524095373
17286,202609,0,0.07027673478500279
17287,202609,0,0.1579679993626444
17288,202609,0,0.07158487824337595
17289,202609,1,0.2312983805853381
17292,202609,1,0.1771350091109605
17294,202609,0,0.12733667844308022
17295,202609,0,0.078672789413683
17296,202609,0,0.10763930011029663
17297,202609,0,0.1571134488837629
17298,202609,0,0.15046844873980317
17299,202609,0,0.22183749887832027
17300,202609,0,0.06788542827972889
17302,202609,0,0.10779323998492048
17303,202609,0,0.13659542530146665
17305,202609,0,0.1794276974816747
17306,202609,0,0.15067794122235506
17307,202609,0,0.21498318019661028
17309,202609,1,0.1526165943331427
17310,202609,0,0.09417370808710071
17311,202609,1,0.21236529892456746
17312,202609,0,0.1387949967707694
17315,202609,1,0.05210333320231168
17316,202609,0,0.11083013519188838
17317,202609,0,0.11659822450417749
17318,202609,0,0.0832106461587709
17320,202609,0,0.06649698048338558
17321,202609,0,0.14583393417033444
17323,202609,0,0.16071505683097176
17324,202609,0,0.10919430853302067
17325,202609,0,0.16170829137143566
17327,202609,0,0.19252100165187438
17328,202609,0,0.1729050133827323
17330,202609,0,0.1344448175542562
17332,202609,0,0.19130447658550948
17333,202609,0,0.1290012367001207
17334,202609,1,0.1962035611129282
17335,202609,0,0.1399132236236185
17336,202609,0,0.1461742209684215
17338,202609,0,0.14348022357887688
17340,202609,0,0.185875106504206
17341,202609,0,0.12389725987572714
17343,202609,0,0.18416435023232486
17344,202609,0,0.18427981266964416
17345,202609,0,0.21447716488634894
17346,202609,1,0.23810131777529575
17348,202609,0,0.23345787988480846
17349,202609,0,0.18988103341721885
17351,202609,0,0.12891470285700016
17352,202609,0,0.16130957759928613
17354,202609,0,0.11433276057895425
17355,202609,0,0.17788527954724098
17356,202609,0,0.17586716972673724
17357,202609,0,0.2210076648367118
17360,202609,0,0.22775307344507192
17361,202609,0,0.09510635780096671
17362,202609,0,0.19981126124646514
17363,202609,0,0.22496333464620152
17365,202609,0,0.2618040390953838
17366,202609,0,0.17669324476080303
17367,202609,0,0.12125384936760773
17369,202609,0,0.12939033803939706
17371,202609,0,0.20705066569618635
17373,202609,0,0.18366378996251065
17374,202609,1,0.15866055016336494
17375,202609,1,0.16692021771543664
17378,202609,0,0.1754835488787058
17380,202609,0,0.1696125457764905
17381,202609,0,0.10373307273263804
17382,202609,0,0.180456933773458
17383,202609,0,0.10800861504304603
17387,202609,0,0.175047433013278
17389,202609,0,0.09363258294316157
17391,202609,0,0.08572483601790729
17393,202609,1,0.18266234434361908
17398,202609,0,0.15564900843498042
17399,202609,0,0.18777385972590824
17400,202609,1,0.23400356134474376
17402,202609,0,0.12589276647758885
17405,202609,0,0.23740372640926588
17407,202609,0,0.0638259002473906
17409,202609,0,0.13149484331674302
17411,202609,0,0.15710019924508672
17412,202609,0,0.06563559227124521
17413,202609,0,0.10958177894254593
17415,202609,0,0.16079916475977146
17416,202609,0,0.17188641351596207
17420,202609,0,0.12048558268033199
17421,202609,0,0.09211176176517048
17422,202609,0,0.09860653061116118
17424,202609,1,0.19206201257578365
17426,202609,0,0.16456717799612727
17428,202609,0,0.15316511669303157
17429,202609,1,0.22301582339174608
17430,202609,0,0.14959572281761388
17433,202609,0,0.12125616160920555
17434,202609,1,0.21245922458659888
17435,202609,0,0.16608236314061975
17438,202609,0,0.10431168909371609
17440,202609,0,0.07997137937344342
17441,202609,0,0.2629726162161277
17442,202609,0,0.12568768919482312
17444,202609,0,0.1790359965704385
17448,202609,0,0.15994478027799627
17449,202609,0,0.18281921968261897
17456,202609,0,0.09562111355029457
17460,202609,1,0.14639339753724612
17461,202609,1,0.2712555173077985
17462,202609,0,0.1349892429719633
17463,202609,0,0.15582957794926208
17464,202609,0,0.1394039440492681
17466,202609,0,0.11300392119604959
17467,202609,1,0.08447543330581751
17468,202609,0,0.22055352567073194
17469,202609,0,0.12579947648616757
17470,202609,1,0.14759142786344534
17472,202609,0,0.07707032802508301
17473,202609,0,0.16888857390445652
17475,202609,0,0.17447982206759408
17476,202609,1,0.16071998326439377
17479,202609,0,0.05117553064082508
17480,202609,0,0.19590461816116064
17481,202609,0,0.12197697785319805
17482,202609,0,0.17659947447945384
17485,202609,0,0.05211526803473371
17486,202609,0,0.1835824424750195
17487,202609,0,0.16332121849368017
17488,202609,0,0.16221500751856527
17489,202609,0,0.13229582694387954
17490,202609,0,0.12656000566233339
17491,202609,0,0.10343353887785492
17492,202609,0,0.110290343844353
17494,202609,0,0.06910649570093766
17497,202609,0,0.20055039485035886
17498,202609,1,0.13626054949034055
17500,202609,0,0.1379532903442871
17506,202609,0,0.19008433836192415
17507,202609,0,0.11833159633313384
17508,202609,0,0.24974798103757753
17509,202609,0,0.18351601835027728
17510,202609,0,0.0996598754464355
17511,202609,1,0.10265273180518295
17512,202609,0,0.20971245892316925
17513,202609,0,0.10548501737101759
17515,202609,0,0.1778928535626004
17519,202609,0,0.22325729683629678
17520,202609,0,0.19775711027289988
17521,202609,0,0.1565489220957647
17522,202609,0,0.20122305697975376
17523,202609,0,0.13377267523157305
17524,202609,0,0.14180897344142326
17527,202609,0,0.3129791857481035
17528,202609,0,0.09269592970379827
17530,202609,0,0.23888079946074148
17532,202609,0,0.07881002850468824
17535,202609,0,0.1381628627841468
17536,202609,0,0.0876357003920987
17545,202609,0,0.1258376735341831
17548,202609,0,0.20371123353256165
17549,202609,0,0.10952872437362784
17552,202609,1,0.13050148676089338
17553,202609,0,0.19930020634459167
17555,202609,0,0.19613378755674762
17557,202609,0,0.13051379510506353
17558,202609,0,0.13479502147843542
17559,202609,0,0.16875355969109979
17562,202609,0,0.20538065230555827
17563,202609,1,0.12161698485128189
17564,202609,0,0.07958503290445798
17565,202609,0,0.19861635119827015
17566,202609,0,0.21214997835034408
17567,202609,0,0.1334147181019673
17568,202609,0,0.08564835313702934
17569,202609,0,0.08986106640314499
17572,202609,0,0.08377282516366323
17573,202609,0,0.21676942291602422
17574,202609,0,0.1771397555966526
17575,202609,0,0.09026061727876265
17576,202609,0,0.1008627034767744
17577,202609,0,0.1537515885473222
17578,202609,0,0.14049344486470441
17580,202609,0,0.09420816237773273
17581,202609,0,0.190586209850961
17583,202609,1,0.19431847543478237
17584,202609,0,0.08255825366316072
17585,202609,0,0.16641311880072177
17586,202609,0,0.14301733647683526
17590,202609,0,0.20550550118529726
17591,202609,0,0.12325474362486123
17592,202609,0,0.1399263611443583
17594,202609,0,0.172027094181422
17596,202609,0,0.09615898543737256
17598,202609,1,0.1724235594397634
17599,202609,0,0.22787540738410011
17602,202609,0,0.1729449822204789
17603,202609,0,0.22795942586220624
17605,202609,0,0.163567490704796
17606,202609,0,0.09245373925509742
17612,202609,0,0.14082594457676487
17614,202609,0,0.195619337694591
17619,202609,1,0.17287921957662508
17621,202609,0,0.1541905675551889
17622,202609,0,0.33852214096798433
17624,202609,0,0.2142161636534547
17626,202609,0,0.25867571515364873
17628,202609,0,0.07146619877260722
17629,202609,0,0.13791231818515715
17630,202609,0,0.21032785659682263
17631,202609,0,0.17110481416266127
17632,202609,0,0.1930866296944965
17633,202609,0,0.18419245570044177
17636,202609,0,0.20369629925085567
17637,202609,0,0.2667275750631908
17641,202609,0,0.14503792202459476
17642,202609,0,0.24200098263540948
17644,202609,0,0.21020553520652005
17645,202609,0,0.22167501269152962
17646,202609,0,0.2211683161782424
17649,202609,1,0.1773445041139998
17650,202609,0,0.11517517840819298
17651,202609,0,0.23708007131515899
17655,202609,0,0.17600832047877651
17658,202609,0,0.17467257630463812
17659,202609,0,0.11073882494860118
17660,202609,0,0.15907780206637145
17662,202609,0,0.08764685480880241
17664,202609,0,0.12478503890940654
17665,202609,0,0.17672063858705847
17668,202609,1,0.2798062212645878
17671,202609,0,0.07296449921849477
17673,202609,0,0.18123249360339697
17676,202609,0,0.18485959580609457
17677,202609,0,0.17415387761647388
17679,202609,0,0.18085968990547915
17681,202609,0,0.17309112722854678
17682,202609,1,0.10919188900096621
17685,202609,0,0.20829776220251506
17693,202609,0,0.2458079088712177
17694,202609,0,0.12717363400316276
17695,202609,0,0.2230967691400309
17700,202609,0,0.18750916523930383
17703,202609,0,0.12253940759959787
17705,202609,0,0.2207243791851059
17706,202609,0,0.173728475972241
17708,202609,0,0.14306058636675908
17711,202609,0,0.17423554677530287
17714,202609,0,0.22650700050683437
17715,202609,0,0.06514940533433626
17718,202609,0,0.09810374866926456
17720,202609,1,0.16638021243762227
17721,202609,0,0.1448940652624835
17724,202609,0,0.22923001638701873
17726,202609,0,0.1965959693195752
17727,202609,0,0.13089659416357446
17728,202609,0,0.10939608266228816
17729,202609,0,0.15270988865331844
17730,202609,0,0.14095282034197412
17732,202609,0,0.12067856311812045
17735,202609,0,0.2808479724737957
17737,202609,0,0.11347030873259999
17738,202609,0,0.20730789475340278
17739,202609,0,0.2021557979808802
17740,202609,0,0.2023962292526382
17741,202609,0,0.1880614154856357
17742,202609,1,0.25682587158070813
17743,202609,1,0.16483255772509958
17747,202609,0,0.16732155739746163
17749,202609,0,0.14732865793507988
17752,202609,0,0.1400402403225109
17753,202609,0,0.24355092726041588
17755,202609,0,0.16525823781140123
17756,202609,0,0.09390934536962998
17757,202609,0,0.11297109794525848
17758,202609,0,0.1179279252537082
17760,202609,0,0.17472274226941079
17762,202609,0,0.07717744524684345
17763,202609,0,0.2189919711405437
17766,202609,0,0.22816061434179793
17769,202609,0,0.06609836624290082
17770,202609,0,0.19921150180499358
17771,202609,0,0.25159179621063543
17772,202609,1,0.2998059910237687
17773,202609,0,0.21415768152687792
17774,202609,1,0.14438562880142328
17775,202609,0,0.1717709765382082
17776,202609,0,0.083293356147534
17777,202609,1,0.26462536903692707
17779,202609,0,0.15382875019020878
17780,202609,0,0.14618422101212394
17781,202609,0,0.1978770077055628
17782,202609,0,0.10351768790031558
17783,202609,0,0.05904140432595316
17784,202609,0,0.1961541245775217
17785,202609,0,0.11621660311454819
17789,202609,0,0.1283643156444205
17793,202609,0,0.19505629499465557
17795,202609,0,0.2203655583295271
17796,202609,0,0.11958832580475638
17797,202609,0,0.12025476941831166
17798,202609,0,0.10270574406755348
17799,202609,0,0.19456519975412764
17800,202609,0,0.33152233980685075
17803,202609,0,0.1005282488880139
17804,202609,0,0.08849916286916246
17805,202609,0,0.09129094156400921
17808,202609,0,0.1130018661905986
17813,202609,1,0.1970008306636319
17815,202609,0,0.11106750966544988
17817,202609,0,0.13188851649196817
17818,202609,1,0.15974424593797068
17820,202609,0,0.0808409856282636
17822,202609,1,0.17318051285011699
17823,202609,0,0.2839752699707384
17824,202609,0,0.15922214750136343
17825,202609,0,0.1551964560671871
17827,202609,0,0.09166590209731645
17828,202609,0,0.1489165529069588
17829,202609,1,0.14454058351906626
17830,202609,0,0.13857656218830952
17831,202609,0,0.06553729257591631
17833,202609,1,0.2166547287160633
17834,202609,0,0.141288575217135
17835,202609,0,0.3235933708108231
17836,202609,1,0.08790047490412446
17837,202609,0,0.15131877828493737
17838,202609,0,0.26084736886371557
17839,202609,0,0.11289709438411921
17840,202609,1,0.1373412926215119
17841,202609,1,0.24356492360750362
17843,202609,0,0.18251111364985956
17844,202609,0,0.2965446514325019
17846,202609,0,0.26725772675052867
17847,202609,0,0.16670448752014003
17848,202609,0,0.12399178838424686
17850,202609,1,0.2333647142695586
17851,202609,0,0.09370963817368802
17853,202609,0,0.14045570635244845
17856,202609,0,0.13102507458690157
17857,202609,0,0.10409980730254037
17858,202609,0,0.37071748152128403
17859,202609,0,0.10877597546605737
17863,202609,0,0.10043510793191136
17865,202609,1,0.12312951737975013
17867,202609,0,0.10162367570930286
17868,202609,0,0.08526951484723401
17869,202609,0,0.10214285451529463
17870,202609,0,0.1707976355794258
17873,202609,1,0.21235076415092893
17875,202609,0,0.08350015713348592
17876,202609,0,0.17859790173022763
17877,202609,0,0.18872312714781633
17879,202609,0,0.23718641332978518
17881,202609,1,0.2175827735340859
17883,202609,0,0.10624297757520554
17884,202609,0,0.16517307615171997
17885,202609,0,0.09996626531496369
17886,202609,0,0.08873565080748723
17889,202609,1,0.1532751599604879
17890,202609,0,0.18827704437464995
17891,202609,1,0.19174641655740127
17894,202609,0,0.18392290838402628
17895,202609,1,0.21673564574319687
17896,202609,0,0.09140807459316021
17897,202609,0,0.12310192547403433
17898,202609,1,0.1109566245344539
17899,202609,1,0.12179011503680637
17900,202609,0,0.07794878079359269
17901,202609,0,0.10540433056708226
17902,202609,0,0.15612896287112385
17903,202609,0,0.13280811712322496
17908,202609,0,0.17404673123569056
17913,202609,0,0.12225372065082168
17914,202609,0,0.1347445731468053
17915,202609,0,0.15681651146572753
17916,202609,0,0.05367452490696203
17919,202609,1,0.21655160205532056
17920,202609,0,0.18169519772509996
17921,202609,0,0.21386135652120083
17924,202609,0,0.12138353392169969
17925,202609,0,0.09980115075596555
17926,202609,0,0.09810819999200981
17927,202609,0,0.13469612699179945
17928,202609,0,0.1777893593218122
17930,202609,0,0.12927835785772507
17931,202609,0,0.23757523690528454
17932,202609,0,0.1092212356903002
17933,202609,0,0.18498577605121114
17934,202609,1,0.08541238262050656
17935,202609,0,0.17349539159584837
17939,202609,0,0.20361799617531431
17941,202609,0,0.2560553409229087
17942,202609,0,0.23742731014311236
17943,202609,0,0.18454364198199447
17944,202609,0,0.18372575225927307
17945,202609,0,0.1331391829206204
17946,202609,0,0.2165697421029611
17947,202609,0,0.05291522957834953
17948,202609,0,0.11218660366647831
17950,202609,0,0.16879004778399656
17953,202609,0,0.18357402171564693
17956,202609,0,0.15747962494971793
17957,202609,0,0.2390964650372214
17958,202609,1,0.26370341310302114
17959,202609,0,0.12733760862984295
17963,202609,0,0.12943262635721858
17964,202609,0,0.1538403876458508
17966,202609,0,0.10720187303032667
17968,202609,0,0.21827926777226425
17969,202609,0,0.20679504487027706
17970,202609,0,0.20229849004183056
17973,202609,0,0.13178132499408152
17974,202609,0,0.10460886486977627
17975,202609,0,0.1253102642326232
17976,202609,0,0.19536053767262576
17980,202609,0,0.13901653383828985
17981,202609,1,0.1456065086818869
17985,202609,0,0.13748469289372145
17986,202609,0,0.19587957787252597
17987,202609,0,0.09713254831624625
17990,202609,0,0.19860339146378034
17994,202609,0,0.1368595332590099
17995,202609,1,0.08535530007941951
17999,202609,0,0.1283401560684467
18000,202609,1,0.18845363268950743
18001,202609,0,0.21462967282387058
18002,202609,0,0.07582486857499018
18003,202609,0,0.06929505142112095
18004,202609,0,0.29127163303060927
18005,202609,0,0.1704452051438559
18006,202609,1,0.16816346299205084
18007,202609,0,0.17558522643760077
18008,202609,0,0.2064004858541476
18010,202609,0,0.21571921104778843
18011,202609,0,0.14449505875001825
18013,202609,0,0.06830930900619574
18015,202609,0,0.083580590690829
18016,202609,0,0.13270853829428056
18017,202609,1,0.20431133425539472
18018,202609,0,0.1248913402831648
18019,202609,0,0.14386373594430055
18022,202609,0,0.07848725302047209
18023,202609,1,0.1247239108839067
18024,202609,0,0.08399201482461364
18026,202609,0,0.10124963133539387
18029,202609,0,0.20455779204727118
18030,202609,0,0.15567296681497528
18032,202609,0,0.19683950367945385
18035,202609,0,0.15910014583650406
18039,202609,0,0.16247009852730426
18040,202609,1,0.1954310770001795
18041,202609,1,0.16342964885482164
18042,202609,0,0.10572460097206195
18044,202609,0,0.1749999434758481
18045,202609,0,0.1461979365628907
18046,202609,0,0.18841431983069468
18050,202609,1,0.08084368942630286
18051,202609,0,0.09989824613476425
18052,202609,0,0.1483468005336496
18053,202609,0,0.17821261551845272
18054,202609,0,0.10807240792806394
18055,202609,0,0.09103084642913263
18059,202609,0,0.11333168842328484
18064,202609,0,0.17393201180141105
18066,202609,0,0.11934589670304295
18067,202609,0,0.23237233086345735
18069,202609,1,0.1896098254893081
18071,202609,1,0.23066209567271292
18072,202609,0,0.20958724582828403
18073,202609,0,0.0635556840585746
18074,202609,0,0.19213354729905918
18077,202609,0,0.19935260715321665
18080,202609,0,0.11882916399112818
18081,202609,0,0.07078422812081328
18083,202609,0,0.13625063128462062
18084,202609,0,0.12678883914984276
18085,202609,0,0.10408135210136654
18086,202609,0,0.15574141364897418
18087,202609,0,0.1410862840545228
18088,202609,1,0.14648988521006753
18089,202609,0,0.11907963887955357
18090,202609,0,0.0888067690844061
18092,202609,0,0.18608026353184762
18093,202609,0,0.12790396207409563
18094,202609,0,0.169105479563381
18095,202609,0,0.0838801782064468
18097,202609,0,0.137157551970413
18098,202609,1,0.14330612711509913
18100,202609,0,0.20042238552354324
18101,202609,0,0.07823185586105684
18102,202609,0,0.14912882813151596
18103,202609,0,0.19290916433763475
18104,202609,0,0.19281968102832872
18105,202609,0,0.15151829035632935
18108,202609,1,0.09311302158523065
18109,202609,0,0.1077985513491025
18110,202609,0,0.2280193119948569
18112,202609,0,0.12452347597566354
18113,202609,0,0.2278943719956393
18115,202609,0,0.11373967397074812
18116,202609,0,0.18941931388003397
18117,202609,0,0.08302696771081075
18119,202609,0,0.12402404062826863
18122,202609,1,0.25005461450110583
18124,202609,1,0.2839577323409913
18126,202609,0,0.23885440407352374
18127,202609,0,0.05923080426511201
18128,202609,0,0.04550214545039421
18129,202609,0,0.1559361521385715
18130,202609,0,0.1330349311293153
18133,202609,1,0.17747331356463514
18134,202609,1,0.1810766665002633
18136,202609,0,0.19463748320081592
18137,202609,0,0.3786567198102066
18138,202609,0,0.12486903664395779
18141,202609,0,0.18657939440991764
18142,202609,0,0.1910609089299064
18144,202609,0,0.053349566596425674
18145,202609,0,0.10845829611391308
18146,202609,0,0.1641449912165691
18149,202609,0,0.22243630459051514
18150,202609,0,0.17178919483737717
18151,202609,0,0.14763608558725633
18152,202609,0,0.0669748488955921
18153,202609,0,0.16198538371728693
18154,202609,0,0.1618099040851115
18155,202609,0,0.16986214690335685
18156,202609,0,0.19982723801285177
18161,202609,0,0.1628708528363367
18163,202609,0,0.11865130009192926
18165,202609,0,0.08393458183329007
18166,202609,0,0.16055594258771314
18167,202609,0,0.13984198882011278
18168,202609,0,0.1927596505872068
18172,202609,0,0.06872817158990906
18173,202609,1,0.1864878152624198
18174,202609,0,0.2395175452291739
18176,202609,0,0.10201461717183102
18177,202609,0,0.12103315981865798
18178,202609,1,0.3974086319408374
18179,202609,0,0.1751048401951632
18180,202609,0,0.18986810009804503
18181,202609,0,0.2081224496043967
18182,202609,0,0.07542957466201884
18183,202609,0,0.12333250289832513
18184,202609,0,0.2132029625150093
18187,202609,0,0.12439300565507307
18188,202609,0,0.20843925920388914
18189,202609,0,0.10130136058244579
18191,202609,1,0.2296797256254483
18192,202609,0,0.1739883746910921
18194,202609,0,0.15904298413984233
18196,202609,0,0.12119813949268061
18197,202609,0,0.18089731162095965
18198,202609,0,0.11386621664651453
18199,202609,0,0.20911041813685777
18201,202609,0,0.19402511562432892
18203,202609,0,0.06711265879978724
18205,202609,0,0.10963054517243244
18206,202609,0,0.16139397359865545
18207,202609,0,0.17949639180113958
18210,202609,0,0.13762192682108323
18212,202609,0,0.13766845021081495
18213,202609,0,0.1001952876697384
18214,202609,0,0.15361168699477581
18215,202609,0,0.10031522810171326
18216,202609,0,0.17598474728555943
18219,202609,0,0.17294667348142503
18220,202609,0,0.13952382939852623
18221,202609,0,0.20527443156063557
18222,202609,0,0.07720838782811333
18223,202609,0,0.26320918345982425
18224,202609,0,0.16967359923608358
18227,202609,0,0.20747965142204647
18228,202609,0,0.2095682083782041
18229,202609,0,0.09949644771879691
18230,202609,0,0.24542028377202346
18231,202609,0,0.29199171699936355
18232,202609,0,0.2155913441394185
18234,202609,0,0.13509981108511226
18235,202609,0,0.10994483112834984
18236,202609,1,0.22623438103378132
18237,202609,1,0.33388699496988006
18238,202609,0,0.18611151819199806
18239,202609,0,0.14578275191526568
18241,202609,0,0.14184518269869947
18242,202609,0,0.1491103325574002
18243,202609,0,0.14070542887056497
18244,202609,0,0.07487602049849293
18245,202609,0,0.22926068298312352
18246,202609,0,0.11524129764658723
18247,202609,1,0.20586210804617147
18248,202609,0,0.15321146165885877
18249,202609,0,0.11774957999493696
18250,202609,0,0.2267440737713514
18252,202609,0,0.13089231443905167
18253,202609,0,0.33314719672199483
18254,202609,0,0.16147782033288463
18256,202609,0,0.15027756292555072
18257,202609,0,0.15925658303783802
18259,202609,1,0.17103490064845883
18262,202609,0,0.21228992614381756
18263,202609,0,0.06122936903967498
18264,202609,0,0.08119736345587877
18266,202609,0,0.17106675819923173
18267,202609,0,0.07953724854784631
18268,202609,0,0.13390143270390614
18269,202609,0,0.2009001293953366
18270,202609,0,0.17867740746831376
18271,202609,0,0.22177575720198373
18272,202609,0,0.13472000611711726
18273,202609,0,0.12748970292905284
18275,202609,1,0.135353360142453
18276,202609,0,0.11999539587180234
18277,202609,0,0.10398221107091137
18280,202609,0,0.14603812508801756
18281,202609,1,0.17594412123064948
18282,202609,0,0.06073015794695361
18284,202609,1,0.17908339607350574
18285,202609,0,0.20618912878334758
18287,202609,1,0.19266939505329478
18288,202609,0,0.24261606353424284
18289,202609,1,0.2100435456688074
18290,202609,0,0.13630830153257906
18291,202609,0,0.1360060112176309
18293,202609,0,0.13199855051225728
18294,202609,0,0.135109754589895
18295,202609,0,0.0851773050071022
18296,202609,0,0.2062944367239151
18298,202609,0,0.1260033062243881
18299,202609,1,0.2140689355956478
18300,202609,0,0.09563786282533272
18301,202609,0,0.1449839383148493
18302,202609,0,0.1040130683968857
18303,202609,0,0.22795106314866023
18304,202609,0,0.0967951553072006
18305,202609,0,0.15746269656690404
18306,202609,0,0.19381637048659597
18307,202609,0,0.0743923923340597
18308,202609,0,0.07596335091649428
18309,202609,0,0.11448900396934274
18311,202609,0,0.2077310822812384
18313,202609,0,0.17509764875123535
18314,202609,0,0.17258078348593422
18316,202609,1,0.2688952489876513
18317,202609,0,0.14684793184359562
18318,202609,0,0.2105104617274595
18319,202609,0,0.22103156220431303
18320,202609,0,0.1874262294637404
18321,202609,0,0.11521550716718962
18322,202609,1,0.16579783708553256
18323,202609,0,0.19018155855980434
18325,202609,0,0.22237893401411554
18326,202609,0,0.13278998533822714
18327,202609,1,0.19020938618277908
18330,202609,0,0.15602375586123368
18331,202609,0,0.2525802882284674
18333,202609,1,0.29794076401168534
18334,202609,0,0.11151104804217664
18336,202609,0,0.05060180558918943
18337,202609,0,0.09456756297885921
18338,202609,0,0.1298752528845387
18339,202609,0,0.15966359066234223
18340,202609,0,0.2393368766160125
18341,202609,0,0.22743296282673806
18342,202609,1,0.19844553184718586
18344,202609,1,0.21471384555553147
18346,202609,1,0.11134199967371232
18347,202609,0,0.10314942384413076
18348,202609,0,0.14851317131968203
18349,202609,0,0.15490219497161112
18352,202609,0,0.13127628423631216
18354,202609,0,0.08785041721372767
18355,202609,0,0.05780011337474419
18356,202609,0,0.13213001894774806
18357,202609,1,0.1327772026346836
18358,202609,0,0.150728348614087
18359,202609,0,0.15061271615737437
18360,202609,0,0.18435025633820912
18361,202609,0,0.12474552074288979
18362,202609,1,0.15232468932465942
18363,202609,0,0.17727623168293624
18364,202609,0,0.2003365047304674
18366,202609,0,0.09879767916920427
18367,202609,0,0.1385569791856216
18368,202609,0,0.07852729780930896
18369,202609,0,0.1711279783249861
18371,202609,0,0.2631530731652181
18372,202609,0,0.22026224018398588
18373,202609,0,0.1561245430268208
18375,202609,1,0.1894426256810261
18376,202609,0,0.07108088078601468
18380,202609,0,0.0651821993616237
18381,202609,0,0.20355086162255218
18383,202609,0,0.11044340365002746
18384,202609,0,0.10484410543767932
18385,202609,0,0.21239553608183864
18386,202609,0,0.1280854426739207
18387,202609,0,0.2641196644842181
18390,202609,0,0.12457287753700545
18391,202609,0,0.1897093893137311
18392,202609,0,0.10597892907690967
18393,202609,0,0.14950092781560897
18395,202609,0,0.26074659172822545
18396,202609,0,0.20215489591230776
18397,202609,0,0.09078684552982395
18399,202609,0,0.21578001239523645
18400,202609,0,0.17864811179311627
18401,202609,0,0.16066163155936541
18403,202609,0,0.19474211811609318
18404,202609,0,0.12566577550412897
18406,202609,0,0.14264986501137755
18407,202609,0,0.2374476766986567
18408,202609,1,0.15570189827830994
18410,202609,1,0.44740600315445894
18411,202609,0,0.18132099099862597
18412,202609,0,0.1441720274140941
18413,202609,0,0.15259016719245772
18414,202609,0,0.14924109323420628
18415,202609,0,0.15413928530325213
18417,202609,0,0.14034435916712484
18418,202609,0,0.14663360373113943
18420,202609,0,0.08966017273837748
18421,202609,1,0.09104757635811817
18422,202609,0,0.10336579615541976
18423,202609,0,0.3232338095075802
18425,202609,0,0.11833787119635898
18426,202609,0,0.29342577180210505
18427,202609,0,0.07212173793419692
18428,202609,0,0.1670665195198681
18429,202609,0,0.13503410257740833
18430,202609,0,0.09572429174229592
18431,202609,0,0.17616104579401745
18432,202609,0,0.2132025208771136
18433,202609,0,0.34192746253942474
18434,202609,0,0.17143956352654943
18435,202609,0,0.15858378113582436
18436,202609,0,0.13723232125330007
18437,202609,0,0.06697316034685184
18439,202609,0,0.1258164368931793
18440,202609,0,0.1146332871702501
18441,202609,0,0.2683070291644417
18444,202609,0,0.147442029013635
18445,202609,0,0.25089262274149743
18446,202609,0,0.11022281626373717
18447,202609,0,0.14954009056838435
18448,202609,0,0.20258253779386884
18450,202609,1,0.09614984177772855
18455,202609,0,0.12299591259154903
18456,202609,0,0.06156445141076106
18457,202609,0,0.1621074624618188
18458,202609,1,0.09248302676052562
18459,202609,0,0.20212900543698525
18460,202609,0,0.09730855787105851
18462,202609,0,0.0765809565935332
18463,202609,0,0.22908752256591677
18464,202609,0,0.13073385267998908
18465,202609,1,0.22731181545169668
18466,202609,0,0.18990886467850823
18467,202609,0,0.1444891434729085
18468,202609,1,0.21882656293323016
18469,202609,0,0.16784027317187997
18470,202609,0,0.13519644536178807
18471,202609,0,0.06225227208228647
18472,202609,1,0.21957731352033222
18475,202609,0,0.13147572254906045
18476,202609,0,0.07294801183592288
18477,202609,0,0.1007030035351635
18478,202609,0,0.19209786678297816
18483,202609,0,0.16900584708500768
18484,202609,1,0.11206134275943046
18485,202609,0,0.11089768174791209
18486,202609,1,0.24223906325146952
18487,202609,1,0.21802436034657982
18488,202609,0,0.20389927789655604
18489,202609,0,0.09036036832252733
18490,202609,0,0.13585236185564067
18491,202609,1,0.20811988752383975
18492,202609,0,0.29909749001299407
18493,202609,0,0.1638956238659327
18494,202609,0,0.18542838704718617
18496,202609,1,0.21936928265111982
18498,202609,0,0.08179480034491675
18502,202609,0,0.08249507055956268
18503,202609,0,0.08346742352893022
18504,202609,0,0.17180797934000275
18506,202609,0,0.13385440736507664
18507,202609,0,0.13169577344014113
18508,202609,0,0.14947481650842023
18512,202609,0,0.117138533875435
18513,202609,1,0.17232293123286113
18514,202609,0,0.09963855178720156
18515,202609,0,0.06177359151546768
18517,202609,0,0.15082640218821267
18518,202609,0,0.1341530566523011
18519,202609,0,0.21142739411655398
18520,202609,0,0.13841723340490464
18521,202609,0,0.10198216800954134
18522,202609,0,0.1667179980339622
18523,202609,0,0.12087028556847942
18524,202609,0,0.08019315498360068
18525,202609,0,0.17370400141699374
18526,202609,0,0.20848951671258859
18530,202609,0,0.08636128552335923
18531,202609,0,0.1400133849841745
18532,202609,0,0.0629737029863144
18533,202609,0,0.1576067926174199
18534,202609,0,0.17691151159569637
18536,202609,1,0.1833947191472831
18537,202609,0,0.08759721979523927
18538,202609,1,0.1495248910522427
18540,202609,0,0.09433850107791547
18542,202609,0,0.09975886164115656
18543,202609,0,0.11319783076516725
18544,202609,0,0.12163707889436658
18547,202609,0,0.1287461875683209
18549,202609,0,0.07519503687056774
18550,202609,1,0.27278943396439653
18552,202609,0,0.13301537726921087
18553,202609,0,0.21423392847228265
18554,202609,0,0.14723698733982832
18555,202609,0,0.1332944197889902
18556,202609,0,0.07614800238854323
18558,202609,0,0.1652694392979737
18561,202609,0,0.1288609693294526
18563,202609,0,0.23888112540818301
18565,202609,0,0.08569097257981943
18567,202609,1,0.32464028896245084
18568,202609,0,0.24121206670843587
18570,202609,0,0.11551725708707894
18571,202609,0,0.12457645628764853
18572,202609,0,0.09180999140156793
18575,202609,0,0.173896875285822
18576,202609,0,0.19825440987284862
18577,202609,1,0.2283374179096461
18578,202609,1,0.2658903450234461
18579,202609,0,0.1346279704731253
18581,202609,0,0.11898949988024682
18583,202609,0,0.08802887269519441
18584,202609,0,0.06433778834022966
18585,202609,0,0.06681732369210773
18589,202609,1,0.2570403213270832
18590,202609,0,0.07060437918255132
18593,202609,0,0.18331406798263494
18594,202609,0,0.15479843284000014
18595,202609,0,0.11132606692234444
18597,202609,0,0.0861485061815764
18598,202609,0,0.13747665994227956
18600,202609,0,0.20338953506205923
18601,202609,0,0.2666567049797438
18602,202609,0,0.0932182103015342
18603,202609,0,0.22449696168450586
18604,202609,0,0.06007279920328274
18605,202609,1,0.08149972764756998
18610,202609,0,0.13621917990244878
18611,202609,0,0.15164084678408718
18612,202609,0,0.10988172416399497
18613,202609,0,0.12802302075045788
18614,202609,0,0.28219984082057364
18615,202609,0,0.19277048160403196
18617,202609,0,0.16571878565850373
18618,202609,0,0.11298133431175031
18619,202609,0,0.22661679858180522
18623,202609,0,0.09310863174751492
18625,202609,1,0.10569812918917737
18627,202609,0,0.23019229000359248
18629,202609,1,0.19631733305653296
18630,202609,0,0.1372813516348891
18631,202609,0,0.1739505193954127
18632,202609,0,0.06243115927798139
18633,202609,0,0.08877663920744042
18634,202609,0,0.19333480324447444
18635,202609,0,0.34204156377759765
18637,202609,0,0.3042871963097964
18638,202609,0,0.17592429946246244
18639,202609,0,0.12593962394214875
18640,202609,0,0.13129293874243153
18641,202609,0,0.07189073117086567
18642,202609,1,0.05740290659137076
18645,202609,0,0.2376742239155234
18648,202609,0,0.13829651044500507
18649,202609,0,0.12737792731365194
18650,202609,1,0.1708464768262579
18651,202609,0,0.10133516247829746
18653,202609,0,0.06996794007385009
18656,202609,0,0.14122007605318207
18657,202609,0,0.14608734404321566
18658,202609,0,0.16705417207066056
18659,202609,0,0.06640798008738234
18661,202609,0,0.16976086249133174
18663,202609,0,0.2495034560269173
18668,202609,0,0.10698021852781063
18669,202609,0,0.11700309656596558
18671,202609,0,0.11613172916926412
18672,202609,0,0.11426491428041187
18673,202609,0,0.15432322899312165
18678,202609,0,0.2975500821927591
18679,202609,0,0.07678457912168536
18680,202609,0,0.18541341715495782
18682,202609,1,0.20318600273424114
18685,202609,0,0.1784927256785111
18686,202609,0,0.09459296918126771
18687,202609,0,0.11206551223286412
18689,202609,0,0.09397261457203122
18690,202609,0,0.17560739037973205
18691,202609,0,0.17760639808311973
18692,202609,0,0.16825582718618276
18694,202609,0,0.1834693849942745
18695,202609,0,0.22760063352551527
18697,202609,0,0.13550246790939732
18698,202609,0,0.10647598348798804
18699,202609,0,0.0613388740991641
18700,202609,0,0.2041410739397113
18704,202609,0,0.16738278647633373
18705,202609,0,0.0883517277304505
18706,202609,0,0.24988713756334638
18708,202609,0,0.14318550629339807
18709,202609,0,0.131615206003657
18710,202609,1,0.09234497165542915
18711,202609,0,0.16832408976255098
18712,202609,0,0.2010190197158815
18713,202609,0,0.209986815995902
18714,202609,0,0.13332414788399163
18716,202609,0,0.2513756799253522
18717,202609,0,0.13864155523361535
18718,202609,1,0.14900696289931953
18719,202609,0,0.4178137033407877
18720,202609,1,0.2220766858988541
18721,202609,0,0.19173001135225295
18723,202609,0,0.150803060135074
18724,202609,0,0.11965699209472741
18725,202609,0,0.10772342960922104
18728,202609,0,0.1975946409037133
18729,202609,0,0.11422935920357663
18730,202609,1,0.11360758668377628
18732,202609,0,0.1030015944127718
18733,202609,0,0.16682590933841013
18734,202609,0,0.12693480087990056
18735,202609,0,0.1429087577001294
18736,202609,0,0.11692008321727002
18739,202609,0,0.07446451751009174
18740,202609,0,0.14152743228215767
18741,202609,1,0.2582435669611337
18742,202609,0,0.19789919817095894
18743,202609,0,0.2514432846600468
18744,202609,0,0.10441275974772006
18746,202609,1,0.1955800939557417
18747,202609,1,0.19159259848444954
18749,202609,0,0.08021612315073051
18750,202609,0,0.17243329790467052
18751,202609,0,0.12543080281754518
18753,202609,0,0.1284475876584956
18754,202609,0,0.2072088352613622
18755,202609,0,0.13131837524490975
18756,202609,0,0.09244081094494785
18757,202609,0,0.25922395253177716
18759,202609,0,0.15484967957525095
18760,202609,0,0.11601195810501128
18762,202609,0,0.21050498057355976
18763,202609,0,0.09686266082280594
18764,202609,0,0.27697447771499223
18765,202609,0,0.1419535809042653
18766,202609,0,0.07122736843106366
18767,202609,0,0.1697797832133669
18768,202609,0,0.09903085354448125
18769,202609,0,0.10648461953558759
18772,202609,0,0.1513051065292715
18773,202609,0,0.06888934358035172
18774,202609,0,0.1456646223265755
18777,202609,1,0.17425547922663623
18778,202609,0,0.14659066816448066
18779,202609,0,0.16147494227409778
18780,202609,0,0.08249753913879909
18782,202609,0,0.18219162431017485
18783,202609,0,0.10771900190945471
18784,202609,0,0.08628681549078158
18785,202609,0,0.10040677423813289
18786,202609,0,0.13772243209956983
18789,202609,0,0.15657838949197667
18792,202609,0,0.1148274429625351
18793,202609,1,0.1351494859802186
18797,202609,0,0.1225030700025271
18798,202609,0,0.06945166030289912
18799,202609,0,0.19534420971014488
18801,202609,0,0.08826489023797213
18802,202609,0,0.1583395102797881
18804,202609,0,0.1588634934560718
18807,202609,0,0.14005695102274304
18810,202609,0,0.19125269606700362
18811,202609,0,0.0826137187801271
18812,202609,0,0.27276848909122053
18814,202609,0,0.25501500283263273
18815,202609,0,0.12499444035798832
18816,202609,0,0.18690624367200592
18817,202609,1,0.18533300989459184
18818,202609,0,0.18949074107730376
18819,202609,0,0.2261182529585514
18820,202609,0,0.2350151324992714
18821,202609,0,0.17678716331044747
18822,202609,0,0.23857290135342227
18825,202609,0,0.18271139824412508
18826,202609,0,0.10847395029702633
18827,202609,0,0.25048934292104374
18828,202609,0,0.15664623638316202
18830,202609,1,0.19251113172656314
18831,202609,0,0.10872357209700498
18832,202609,0,0.1120063213668459
18833,202609,0,0.11904336753886272
18834,202609,0,0.22081630586717957
18835,202609,0,0.08732709420936212
18836,202609,0,0.097347884239633
18837,202609,0,0.12405038732005452
18840,202609,0,0.14622943786589626
18842,202609,0,0.0641226002672901
18843,202609,1,0.0732876588153559
18847,202609,0,0.11950449155913692
18849,202609,0,0.15782635922319005
18851,202609,0,0.20151048190114568
18852,202609,0,0.1506338293685257
18853,202609,1,0.1152336652850197
18854,202609,0,0.17262082500561962
18855,202609,0,0.1464655376163353
18856,202609,1,0.16071547965942315
18857,202609,0,0.1078476290956325
18858,202609,1,0.27348202629778257
18859,202609,0,0.20591782836695469
18860,202609,0,0.21008084674517755
18861,202609,0,0.20453899405725126
18862,202609,0,0.05514816318352115
18864,202609,0,0.0991330799935273
18865,202609,1,0.2092523890498476
18868,202609,0,0.07475433678611686
18870,202609,0,0.09031376437580574
18871,202609,0,0.0790335102589161
18872,202609,0,0.18352698824224034
18874,202609,0,0.15404281902268058
18875,202609,0,0.18220484714975319
18877,202609,1,0.18420243719534285
18879,202609,1,0.12730335713914417
18880,202609,0,0.23599291282298573
18882,202609,0,0.1592014947181894
18883,202609,0,0.22647797002314604
18884,202609,0,0.1118417444189039
18885,202609,0,0.22800852059825802
18886,202609,0,0.16176163102283644
18888,202609,0,0.18945999582471726
18889,202609,0,0.20330036651657352
18890,202609,1,0.13214756990921903
18891,202609,1,0.2943798504148122
18892,202609,0,0.1867036320104871
18894,202609,0,0.22677833433901115
18895,202609,0,0.186338719268286
18897,202609,0,0.19511940447611245
18898,202609,0,0.07477450176939261
18899,202609,0,0.18077152904512617
18900,202609,0,0.344156843020486
18902,202609,0,0.1876305556066406
18904,202609,1,0.16122241120271405
18907,202609,0,0.22034366462201949
18908,202609,0,0.10774458070990041
18909,202609,0,0.16238399624280553
18910,202609,0,0.22734193759555704
18912,202609,0,0.1494906736228046
18913,202609,1,0.0953272536397176
18914,202609,0,0.14786637677037165
18915,202609,1,0.1275971479475487
18917,202609,0,0.1490735110616918
18918,202609,0,0.14251589569961026
18919,202609,0,0.18361871376302633
18920,202609,0,0.15539582334720994
18921,202609,0,0.2480906998192154
18922,202609,1,0.21617651341144797
18923,202609,0,0.32395763038883024
18924,202609,0,0.10403774189695335
18925,202609,0,0.12842995283289346
18927,202609,0,0.10117574124354285
18928,202609,0,0.08958075150043626
18929,202609,0,0.0937681199675135
18930,202609,0,0.15765379615587874
18932,202609,0,0.11413019976277469
18934,202609,0,0.10743946261170706
18935,202609,0,0.06821639891377687
18936,202609,1,0.07404198015306354
18938,202609,0,0.08283891090613114
18939,202609,1,0.1750634211861294
18940,202609,0,0.08755712831231982
18941,202609,0,0.12010890078336567
18942,202609,0,0.21220918302271877
18943,202609,0,0.10013185537357573
18944,202609,0,0.06611419006868172
18945,202609,0,0.07646274411331867
18946,202609,0,0.11896643981601344
18948,202609,0,0.19636994078086584
18949,202609,0,0.12213211705574369
18950,202609,0,0.13348522570613502
18952,202609,0,0.22616148926556706
18953,202609,0,0.2732303473008587
18954,202609,0,0.1085868216723867
18956,202609,0,0.1915160377692274
18957,202609,0,0.08629112568213426
18958,202609,1,0.18980782683242606
18959,202609,0,0.22978847341056985
18960,202609,0,0.15885603130660989
18961,202609,0,0.22100894305519056
18962,202609,0,0.18673376214590082
18963,202609,0,0.24020647171109155
18964,202609,0,0.2631890636180676
18965,202609,0,0.13165395926674106
18966,202609,1,0.1473098274108126
18967,202609,0,0.0963776068606546
18969,202609,0,0.1585471057367789
18970,202609,1,0.12498661560273876
18971,202609,0,0.2075037686299596
18973,202609,0,0.12773501052286165
18975,202609,0,0.2743972347836022
18976,202609,0,0.1535131839994769
18977,202609,0,0.1378893372364015
18978,202609,0,0.20131125369610456
18979,202609,0,0.16270495544952332
18980,202609,0,0.26902321683495595
18981,202609,0,0.20136558041343838
18982,202609,0,0.07370618811945719
18983,202609,0,0.16358075119976054
18984,202609,0,0.13734338576581814
18985,202609,0,0.12100943561734456
18986,202609,0,0.18320560939838956
18987,202609,0,0.14421938711126975
18988,202609,0,0.0702676529726627
18990,202609,1,0.2640952305596136
18991,202609,0,0.12779361413669574
18992,202609,0,0.14402879649478548
18993,202609,0,0.16724979854174624
18994,202609,0,0.2833764454198999
18995,202609,0,0.15720383448804431
18996,202609,0,0.12049679081529063
18997,202609,0,0.17455121628895123
18998,202609,1,0.28840713266768947
18999,202609,0,0.15081651661736667
19001,202609,1,0.18033114364519823
19002,202609,0,0.12346065545351612
19003,202609,0,0.3474446795788355
19004,202609,0,0.12306901422798498
19005,202609,0,0.1323828103824435
19007,202609,0,0.09842887817996136
19009,202609,0,0.16031847315415915
19010,202609,0,0.1856788371825135
19011,202609,0,0.186484409871068
19012,202609,0,0.13633488824944925
19013,202609,0,0.18203577566470563
19014,202609,0,0.1535505829040597
19015,202609,0,0.25281020669670523
19016,202609,0,0.17788493114704548
19017,202609,0,0.23614849985157915
19018,202609,0,0.1331120320134374
19019,202609,0,0.09366283923081305
19021,202609,0,0.14563391953822213
19022,202609,0,0.1915854051053524
19023,202609,0,0.29575481314423935
19024,202609,0,0.23093681351478512
19025,202609,1,0.2592930240699653
19027,202609,0,0.20645384345074083
19028,202609,0,0.18608533573603042
19029,202609,0,0.06484673137826276
19030,202609,0,0.08940270967286953
19031,202609,0,0.17680668362653457
19032,202609,1,0.32640116053197377
19033,202609,0,0.12510858144458456
19034,202609,0,0.19195924072132503
19035,202609,0,0.08505761634562369
19036,202609,0,0.17003643625413098
19037,202609,0,0.16101120210651243
19038,202609,0,0.1925185225765233
19040,202609,0,0.11799324433270182
19041,202609,0,0.1319374775127324
19042,202609,0,0.21175847514119173
19043,202609,0,0.13112293047047374
19044,202609,0,0.10420331326675301
19045,202609,1,0.24168637468538007
19046,202609,0,0.1275035064529784
19047,202609,0,0.23751438101223432
19048,202609,0,0.2345551519860211
19049,202609,0,0.17631795702139977
19051,202609,0,0.2127515394266403
19053,202609,0,0.14068554058544977
19054,202609,0,0.28870846807898837
19055,202609,0,0.18973681056176095
19056,202609,0,0.14233257942687538
19057,202609,0,0.1700863089006072
19058,202609,0,0.14687751010078584
19059,202609,0,0.09151700018839713
19060,202609,0,0.11744522497410832
19061,202609,1,0.19865766004482888
19062,202609,0,0.17452550054867697
19063,202609,0,0.21148168278578738
19064,202609,0,0.14975908342355074
19066,202609,0,0.08741316156827236
19068,202609,0,0.2736391156644734
19069,202609,0,0.22614264961328245
19070,202609,1,0.2858951374783419
19071,202609,0,0.24814660305815786
19072,202609,0,0.1893997923904199
19074,202609,0,0.201538448562806
19075,202609,1,0.13195353613639502
19078,202609,0,0.162880307608395
19079,202609,0,0.15302786329107143
19080,202609,0,0.08477136551001846
19081,202609,0,0.09002546819234693
19082,202609,0,0.158516868660139
19085,202609,0,0.1867468920970394
19086,202609,0,0.1740749322915269
19087,202609,0,0.16325416747803437
19088,202609,0,0.18204108193974153
19089,202609,0,0.17304732521864397
19090,202609,0,0.1781834884464108
19091,202609,0,0.2692039734394726
19092,202609,0,0.11038839383982692
19093,202609,0,0.18905464647830944
19094,202609,0,0.1711801430037176
19096,202609,1,0.16885439052495588
19099,202609,0,0.2640182499423352
19100,202609,0,0.1709223933606083
19101,202609,0,0.07537264383980681
19102,202609,1,0.20255804908798472
19103,202609,0,0.1439513581922258
19104,202609,0,0.22225973317479025
19105,202609,0,0.1856027193392488
19106,202609,0,0.14446996876398716
19107,202609,0,0.3697650593587542
19108,202609,0,0.2155725062358567
19109,202609,0,0.06764832014364358
19111,202609,0,0.11753149190088584
19112,202609,0,0.21844428109181901
19113,202609,0,0.07271006225308194
19114,202609,0,0.17335776219026905
19116,202609,0,0.20830415393910676
19117,202609,0,0.2104439525753697
19118,202609,0,0.1406734149580313
19120,202609,1,0.3022301509305503
19121,202609,0,0.17622403127448583
19125,202609,0,0.21066604867467936
19126,202609,0,0.1559886605572007
19127,202609,0,0.27539674841249945
19128,202609,0,0.17241870497053904
19130,202609,0,0.18254622477077723
19132,202609,0,0.17148682123796108
19134,202609,0,0.18853357803489787
19135,202609,1,0.3260151122817251
19136,202609,0,0.1404218960436636
19137,202609,0,0.14042927274088673
19138,202609,1,0.09264691088438254
19142,202609,0,0.145880046387895
19143,202609,0,0.1420871184029302
19144,202609,0,0.16988521925422786
19145,202609,0,0.15643053566332393
19146,202609,0,0.18728708471223499
19147,202609,0,0.12661816688799468
19148,202609,0,0.2641421939025727
19150,202609,0,0.0964332772319842
19151,202609,1,0.14379265265722724
19152,202609,0,0.08422115869243123
19153,202609,1,0.17514341659268384
19154,202609,0,0.06311068235856078
19155,202609,0,0.18853225306506588
19156,202609,0,0.1772325639972486
19157,202609,0,0.08989536841112244
19158,202609,0,0.26624581785707363
19160,202609,0,0.15677397706646237
19161,202609,0,0.11231544954878378
19162,202609,0,0.21783288927460398
19163,202609,1,0.28659460080181737
19164,202609,0,0.20118007139994007
19165,202609,0,0.08185713553465168
19166,202609,0,0.18413786011733912
19167,202609,0,0.08154779776222901
19168,202609,0,0.2381999993907365
19171,202609,0,0.1117342973097787
19172,202609,0,0.08828360935170754
19173,202609,0,0.1853478134577889
19174,202609,0,0.16040936048598217
19175,202609,0,0.23997955601099383
19176,202609,0,0.14755574869949156
19177,202609,0,0.12607304991121052
19178,202609,0,0.07009210349376906
19179,202609,0,0.21333859672971694
19180,202609,0,0.19175327247633603
19182,202609,0,0.1342932023979721
19183,202609,1,0.18795162865277587
19184,202609,0,0.20625623837553136
19185,202609,0,0.11063076662629458
19186,202609,0,0.18470294293401326
19187,202609,0,0.07107472969873693
19188,202609,1,0.15586035708781593
19189,202609,0,0.24583836920471824
19190,202609,0,0.19894796719295177
19191,202609,0,0.10882184002935259
19192,202609,1,0.28139029582906827
19193,202609,0,0.11540919280773278
19194,202609,0,0.22105677292730003
19195,202609,0,0.1835484926147526
19196,202609,1,0.21005017849676197
19197,202609,0,0.25060061843744585
19198,202609,0,0.09496720535888815
19199,202609,0,0.2921696249441696
19200,202609,0,0.22732826960909783
19201,202609,1,0.3275990701320599
19202,202609,0,0.07260561265640154
19203,202609,0,0.19565135637473607
19204,202609,0,0.14779531882894553
19205,202609,0,0.14829901823118033
19206,202609,0,0.12235558209452363
19209,202609,0,0.22730259306837602
19211,202609,0,0.18007959156381972
19212,202609,0,0.09757494413861775
19213,202609,0,0.136235549794606
19214,202609,0,0.349852921631667
19216,202609,1,0.21902108820422914
19217,202609,0,0.16608505878531224
19218,202609,0,0.15562864916265015
19219,202609,0,0.19896646840131216
19220,202609,0,0.23121186109041728
19221,202609,0,0.2594161342003201
19222,202609,0,0.17887479774084453
19223,202609,0,0.23344109585927691
19225,202609,0,0.2167231975705519
19226,202609,0,0.17976982151533127
19228,202609,0,0.16227508950846786
19229,202609,1,0.26848266253368336
19230,202609,0,0.3980640763710347
19232,202609,1,0.11873319815091343
19233,202609,1,0.1719995079380483
19234,202609,0,0.2656218702395434
19235,202609,0,0.12256607658094182
19236,202609,0,0.17446925246846104
19240,202609,0,0.0881875412753286
19241,202609,0,0.13811199301919422
19242,202609,0,0.15426427614789606
19243,202609,0,0.21080461456910232
19244,202609,0,0.13869071785260942
19245,202609,1,0.18316812983127467
19246,202609,0,0.20481839942938201
19247,202609,1,0.11922719407097042
19248,202609,0,0.18310750893640895
19249,202609,0,0.154347669597396
19250,202609,0,0.1033011030264263
19251,202609,0,0.23462045229057166
19252,202609,0,0.1728951064882667
19254,202609,0,0.1638761818391304
19255,202609,0,0.1929167951802457
19257,202609,0,0.07573961097047323
19258,202609,0,0.2039870483780405
19259,202609,0,0.1271949307908583
19260,202609,0,0.2727785672773884
19261,202609,0,0.14273157819783144
19262,202609,0,0.08120722856685758
19264,202609,0,0.17135241610753998
19265,202609,0,0.18933021715278786
19266,202609,0,0.2103186541267834
19267,202609,0,0.17636035985155632
19269,202609,1,0.22969560870345465
19270,202609,0,0.15111256767674025
19271,202609,0,0.1325802932415931
19273,202609,1,0.2392961555268122
19274,202609,0,0.20075043329451897
19275,202609,0,0.18929701791221823
19276,202609,0,0.09111971137102687
19277,202609,1,0.2612555877722453
19278,202609,0,0.07675456455237535
19279,202609,1,0.3091680771262476
19280,202609,0,0.12846680683584671
19281,202609,0,0.25992299657437706
19282,202609,0,0.133151178991203
19283,202609,1,0.24128093787191365
19285,202609,0,0.14725794443049853
19287,202609,0,0.16382447157631566
19288,202609,0,0.14061103561029323
19289,202609,1,0.09504817011244794
19290,202609,0,0.20019081640050665
19291,202609,0,0.2266831989393078
19292,202609,0,0.15030250445230306
19293,202609,0,0.18334190757897245
19294,202609,0,0.19100526379270635
19295,202609,0,0.19349247023511232
19296,202609,0,0.16391854080223645
19297,202609,0,0.0911107067266301
19298,202609,0,0.16946099982241308
19299,202609,0,0.2060113878417811
19300,202609,0,0.098935177871888
19301,202609,0,0.140229169341592
19302,202609,0,0.1723542708673611
19304,202609,0,0.14060288181467812
19305,202609,0,0.20114729073763835
19306,202609,0,0.1393887126893754
19307,202609,1,0.1790077565860046
19308,202609,0,0.2535396353643087
19309,202609,0,0.13200102011694026
19310,202609,0,0.11469521038466872
19311,202609,0,0.24866639249966227
19313,202609,0,0.23544344444915982
19314,202609,0,0.15710153791233505
19315,202609,0,0.2285421145056076
19316,202609,1,0.1725808346493415
19317,202609,0,0.11991050229233893
19318,202609,1,0.1310657582286747
19319,202609,1,0.22965733650250816
19320,202609,0,0.28171759664411
19322,202609,0,0.07074249061032682
19323,202609,0,0.14531418197287893
19324,202609,0,0.21921315893754273
19325,202609,0,0.204920286394902
19326,202609,0,0.126874376582074
19328,202609,0,0.16521306099974467
19329,202609,0,0.22511040757209924
19330,202609,0,0.15725591418495163
19331,202609,0,0.38507748016871524
19332,202609,0,0.19180079364409705
19333,202609,0,0.13712405235557237
19334,202609,0,0.1650808368204567
19335,202609,1,0.18886794031638449
19336,202609,0,0.11463599249731417
19337,202609,0,0.17295861489374084
19338,202609,0,0.10200223790913543
19340,202609,0,0.11502794031514293
19341,202609,0,0.15523043712116777
19342,202609,0,0.1501983078936218
19343,202609,0,0.17562168395620692
19344,202609,1,0.23398651784323526
19346,202609,1,0.19384584023683446
19347,202609,0,0.25222569931894423
19348,202609,0,0.2135981603731056
19349,202609,0,0.23129940654157036
19350,202609,0,0.17401426041027337
19351,202609,0,0.08927543164174706
19352,202609,0,0.11107095903188317
19353,202609,0,0.15091249573647159
19354,202609,0,0.19472317164934275
19356,202609,0,0.16562606522786405
19357,202609,0,0.16120241347214337
19358,202609,0,0.2434505930886896
19361,202609,0,0.10509874180819705
19362,202609,0,0.18083375372443228
19363,202609,0,0.1471799006315642
19364,202609,1,0.20914635859176914
19365,202609,0,0.09576165498678026
19366,202609,0,0.15167513751088793
19367,202609,0,0.1823745461065309
19368,202609,1,0.17668460043705855
19369,202609,0,0.10733571528712069
19370,202609,0,0.18407141378198089
19371,202609,0,0.12586455239017352
19372,202609,0,0.19236822656998556
19376,202609,0,0.05954009967416962
19377,202609,0,0.1712063330548383
19380,202609,0,0.1068798209365812
19381,202609,0,0.18467011505271266
19382,202609,0,0.08442375608371137
19383,202609,0,0.23205840602421582
19384,202609,0,0.20061152247810882
19385,202609,0,0.17738200193790496
19386,202609,0,0.17359715430952377
19387,202609,0,0.336316418786107
19388,202609,0,0.19784073940449776
19389,202609,0,0.2843439518669897
19390,202609,0,0.11223579568254621
19391,202609,1,0.1788652554609224
19392,202609,0,0.12756532940555665
19393,202609,0,0.2205415246459238
19394,202609,0,0.08776698158670607
19395,202609,0,0.2348154246303954
19396,202609,0,0.14889887917920683
19397,202609,0,0.12380545164325348
19398,202609,0,0.26360204275848714
19399,202609,0,0.19671093463356318
19400,202609,0,0.15313808851887445
19402,202609,0,0.17094102848740453
19403,202609,0,0.1553642742529533
19404,202609,0,0.11848151309287407
19405,202609,0,0.1765033719433535
19406,202609,0,0.15486507037572136
19408,202609,0,0.08341507894089456
19409,202609,0,0.09460725355960833
19411,202609,0,0.1934100058533094
19412,202609,0,0.11395840993605527
19413,202609,0,0.19617057672773866
19414,202609,0,0.14976527660292033
19415,202609,1,0.1545730380448163
19416,202609,1,0.1443085394553123
19417,202609,1,0.1750093263636299
19419,202609,0,0.23841767511873532
19421,202609,0,0.17146740337747313
19422,202609,0,0.19990179970769817
19423,202609,1,0.19795718143680704
19424,202609,0,0.12727750115099148
19425,202609,0,0.26171934224162363
19426,202609,0,0.10252545418415422
19428,202609,0,0.1608115884258585
19429,202609,0,0.36506143249141804
19431,202609,0,0.17470709069168588
19432,202609,0,0.18912643668417067
19433,202609,1,0.23278106460402992
19434,202609,0,0.0907826866045664
19435,202609,0,0.17340127764383137
19436,202609,0,0.15314121644095655
19437,202609,1,0.10275829410362508
19438,202609,0,0.11813924825193677
19439,202609,0,0.2840561859706431
19440,202609,0,0.10428123071318116
19441,202609,0,0.07094779400592288
19442,202609,0,0.11212132213684943
19443,202609,0,0.15742253308943746
19444,202609,0,0.184624636823066
19445,202609,1,0.13194131180666652
19446,202609,0,0.19397448097106468
19447,202609,0,0.08883756004413103
19448,202609,0,0.10741548462275716
19449,202609,0,0.07629103713800989
19450,202609,0,0.2098237875737299
19452,202609,0,0.1629966067262082
19455,202609,0,0.2565493375273924
19458,202609,0,0.15536422102668954
19459,202609,0,0.21968393300819042
19460,202609,0,0.18198638987103677
19461,202609,0,0.07077082966870203
19462,202609,0,0.1339842834195685
19463,202609,0,0.125543637544249
19466,202609,1,0.09807498820643544
19467,202609,1,0.453182140507985
19468,202609,0,0.21233881772987048
19469,202609,0,0.06956004435522534
19470,202609,0,0.2903416348050789
19471,202609,0,0.26244091258215163
19472,202609,0,0.160851337454436
19474,202609,0,0.11334995363728233
19475,202609,0,0.12939474232906004
19477,202609,0,0.15032963076243452
19478,202609,0,0.08242821787054275
19479,202609,0,0.2629999902273664
19481,202609,1,0.26446800953990884
19482,202609,0,0.1959369996564211
19483,202609,1,0.2413501003803302
19484,202609,0,0.2736304670968829
19485,202609,1,0.0945408634770579
19487,202609,0,0.09069809040306238
19488,202609,0,0.13665102163096637
19489,202609,0,0.264908252750565
19490,202609,0,0.20360295032728928
19491,202609,1,0.33530036382476613
19492,202609,0,0.1487159202571917
19494,202609,1,0.10377995254436838
19495,202609,0,0.1536939280700417
19496,202609,0,0.21148018347466224
19497,202609,0,0.10377725806370126
19499,202609,1,0.1769009000965366
19501,202609,1,0.1714647025644862
19502,202609,0,0.15216384823679932
19503,202609,0,0.27928613647191936
19505,202609,0,0.08725170143887337
19506,202609,0,0.13459921698918345
19507,202609,0,0.11956187305559554
19509,202609,0,0.2496983400329479
19510,202609,0,0.12184489895477692
19511,202609,0,0.39593389136560536
19512,202609,0,0.07464260766386431
19513,202609,0,0.2322325659901263
19514,202609,0,0.15529362339605357
19515,202609,0,0.17252023130030664
19516,202609,1,0.14635202839294184
19520,202609,0,0.22061454777446832
19521,202609,0,0.2238122032530708
19524,202609,0,0.21192604830372133
19525,202609,0,0.22797222268551495
19526,202609,0,0.2483862057765092
19527,202609,0,0.18194713123868128
19529,202609,0,0.19938260493993198
19530,202609,0,0.21455863169936548
19531,202609,0,0.30069445471123946
19532,202609,0,0.155105306825539
19534,202609,0,0.1940496615382069
19538,202609,0,0.18734368462523177
19539,202609,0,0.07052720217493345
19541,202609,1,0.26439394313539066
19542,202609,0,0.1481651642719673
19543,202609,0,0.10955653730509585
19545,202609,0,0.17809139404243118
19546,202609,0,0.1199568006107752
19548,202609,0,0.22142371751809795
19549,202609,0,0.27518251686331446
19550,202609,0,0.23339824417211377
19551,202609,1,0.236069484423215
19552,202609,0,0.15370866828460883
19553,202609,0,0.05829463356785816
19554,202609,0,0.16232773218433869
19555,202609,0,0.15907604009518533
19556,202609,0,0.09493112378619938
19557,202609,0,0.17510819149506388
19558,202609,0,0.21087090872744396
19560,202609,1,0.19477746805467425
19561,202609,0,0.11043943662905006
19562,202609,0,0.17562754760601007
19563,202609,0,0.18609854773877238
19565,202609,0,0.2768683298874669
19566,202609,1,0.1044188967013338
19568,202609,0,0.1317876879876249
19569,202609,1,0.26691207785955195
19570,202609,0,0.18978651585427425
19571,202609,1,0.17163045534654453
19572,202609,0,0.1544203460208527
19574,202609,0,0.23093202791863585
19576,202609,0,0.1660546018273915
19578,202609,0,0.12730147442272688
19579,202609,0,0.18921637790914111
19580,202609,0,0.22878536822795428
19581,202609,0,0.17289051978195083
19582,202609,0,0.15043476758052027
19583,202609,1,0.22480640235874533
19585,202609,0,0.17683994036484987
19586,202609,0,0.08695088537267513
19587,202609,0,0.08703644116291918
19589,202609,0,0.10910122605018263
19590,202609,0,0.083982738663664
19592,202609,0,0.1555571735198402
19594,202609,0,0.15500046840355872
19595,202609,0,0.17124863493996398
19596,202609,0,0.20711809307902979
19597,202609,0,0.14305098439352504
19598,202609,1,0.16928203925749088
19599,202609,0,0.10557009320337406
19600,202609,0,0.1010891431416701
19601,202609,0,0.16894257588593461
19602,202609,0,0.10464760946991185
19603,202609,0,0.09810916310192172
19604,202609,0,0.09789986300657905
19605,202609,0,0.17448035517277294
19606,202609,0,0.2146363025356978
19607,202609,0,0.10929289691007615
19608,202609,0,0.2463680570280118
19609,202609,0,0.17791307387119212
19610,202609,1,0.22812829296897053
19611,202609,0,0.10089376508634151
19612,202609,1,0.19976427257600166
19613,202609,0,0.21545394836714027
19616,202609,0,0.07167757942854844
19617,202609,1,0.10890808180869883
19618,202609,0,0.09531990384025263
19619,202609,0,0.06721707630170341
19620,202609,0,0.12855840406872981
19622,202609,0,0.23775348446403152
19623,202609,0,0.10553448802025912
19624,202609,0,0.23191279996863062
19625,202609,0,0.20197206770070344
19626,202609,0,0.17698997216509588
19627,202609,1,0.15778024461503312
19628,202609,0,0.15799035907337633
19629,202609,0,0.22476258638227808
19630,202609,0,0.06000923962954445
19631,202609,0,0.14159663189127286
19632,202609,1,0.1747790200593533
19633,202609,0,0.1748071244131574
19634,202609,0,0.13670820780906567
19635,202609,0,0.25823581136192214
19636,202609,0,0.19912983600571002
19637,202609,0,0.16400760442898227
19639,202609,0,0.1833013212041921
19640,202609,1,0.2355326941658277
19641,202609,1,0.30462579056154737
19643,202609,0,0.1301286006905294
19644,202609,0,0.19668789495138891
19645,202609,0,0.24968872286976765
19647,202609,0,0.21805360953839334
19648,202609,1,0.22975066147369114
19649,202609,0,0.22035028523544814
19650,202609,0,0.11563130779960361
19651,202609,1,0.1658401903945631
19652,202609,0,0.17016955679080134
19653,202609,0,0.18950847791990155
19656,202609,0,0.15346387590628732
19657,202609,0,0.10613656745478728
19658,202609,0,0.32906066231836023
19659,202609,1,0.24020152598935607
19660,202609,0,0.21749479618272813
19662,202609,0,0.16546711830515726
19663,202609,0,0.17138810239285307
19664,202609,0,0.16880282890681858
19665,202609,0,0.20809401477465433
19666,202609,0,0.16010626561078337
19667,202609,0,0.1506140611417183
19668,202609,0,0.1569000430775966
19669,202609,1,0.08121923317478114
19671,202609,0,0.08449671776605039
19672,202609,0,0.14354114898089773
19674,202609,0,0.20733632542459188
19675,202609,0,0.17263070619801663
19676,202609,0,0.1994234526958874
19677,202609,0,0.16934392728910844
19678,202609,0,0.20089478189913942
19679,202609,0,0.1769570605842181
19680,202609,0,0.2572510360528443
19681,202609,0,0.13638526873674214
19682,202609,0,0.10914994164744382
19683,202609,0,0.21585926555088392
19684,202609,0,0.1122953959932593
19686,202609,0,0.16582761890390044
19687,202609,0,0.1799911662465988
19689,202609,0,0.15137941028956758
19691,202609,0,0.15869145321498584
19692,202609,0,0.11682244245991114
19694,202609,0,0.16505302785508205
19696,202609,1,0.22773000540674054
19698,202609,0,0.19718602268520172
19699,202609,0,0.12645427524624103
19700,202609,0,0.13882245835553692
19702,202609,0,0.16258993729272606
19704,202609,0,0.2684062745039001
19705,202609,0,0.18711107450594483
19706,202609,0,0.17910727488380876
19707,202609,0,0.2894847347895007
19708,202609,0,0.1270329701014996
19709,202609,0,0.20630869644100006
19710,202609,0,0.09361018647480979
19711,202609,0,0.173230574832944
19712,202609,0,0.19248942995688573
19713,202609,0,0.11376064931236322
19714,202609,0,0.15460822904499208
19715,202609,0,0.16335655654009534
19716,202609,0,0.16702494364171414
19717,202609,0,0.22727910333384752
19718,202609,0,0.10725248854226921
19719,202609,0,0.20039811628400675
19720,202609,0,0.10689164904213096
19721,202609,0,0.08517271471289214
19722,202609,0,0.20144858482816555
19723,202609,0,0.14384924880510655
19724,202609,0,0.0685528039506367
19726,202609,0,0.19665544478320304
19727,202609,0,0.16749431948862145
19728,202609,0,0.07485122415713563
19729,202609,0,0.21624171748281615
19730,202609,0,0.1681566923012301
19731,202609,0,0.2151974978681367
19732,202609,0,0.29767909169933165
19733,202609,0,0.17957682413457768
19734,202609,0,0.09284473651763359
19735,202609,0,0.14568919725634893
19736,202609,0,0.2053498193368879
19739,202609,0,0.22214463491679687
19740,202609,0,0.1582181227339663
19741,202609,1,0.27119571212992405
19743,202609,0,0.14423218111194516
19744,202609,0,0.13109546209121636
19745,202609,1,0.3264841664013657
19746,202609,0,0.1140440539618723
19747,202609,1,0.18416087439266715
19748,202609,0,0.20536535414124948
19749,202609,0,0.10981523480541745
19750,202609,0,0.19775342277892655
19751,202609,0,0.2284920503141617
19753,202609,0,0.14162504798796416
19754,202609,0,0.17815654111955398
19758,202609,0,0.10675121561938972
19759,202609,0,0.2826948920639377
19760,202609,0,0.2181708584347882
19761,202609,1,0.3283926022124186
19762,202609,1,0.4035406978211551
19764,202609,1,0.22303419884097256
19765,202609,0,0.15478694143309477
19766,202609,0,0.06855760005296155
19767,202609,1,0.34139169533971353
19768,202609,0,0.16577557278986882
19769,202609,0,0.08160683557544944
19770,202609,0,0.19032340782140333
19771,202609,0,0.28061728780354783
19772,202609,0,0.1870294291083751
19774,202609,1,0.20448922474545062
19775,202609,0,0.15732987039175553
19776,202609,1,0.2876357181480462
19777,202609,1,0.1763089843489966
19778,202609,0,0.10416197315829176
19779,202609,0,0.06075714457289264
19780,202609,0,0.17063656624562723
19781,202609,0,0.14345680716830744
19782,202609,0,0.31030123612310884
19783,202609,0,0.10916110880031206
19784,202609,0,0.08401350188987908
19785,202609,0,0.26020689567172783
19786,202609,0,0.16081387067708094
19787,202609,0,0.26163874373477836
19788,202609,0,0.2608344375711589
19790,202609,0,0.09462944318189477
19791,202609,0,0.07253489549618657
19792,202609,0,0.07315144684181168
19793,202609,0,0.1371002493583781
19794,202609,0,0.1993784323642853
19795,202609,0,0.0718256458913569
19796,202609,0,0.16943585642507206
19797,202609,0,0.2510044781364928
19798,202609,0,0.17190784725683966
19800,202609,0,0.19074486353992492
19801,202609,1,0.2779255311921688
19802,202609,0,0.11035178010022592
19803,202609,0,0.23258953041742586
19804,202609,0,0.1672294647564661
19805,202609,0,0.1564548404290401
19806,202609,0,0.23749447091879883
19807,202609,0,0.4479840324545667
19809,202609,1,0.1725412579947887
19810,202609,0,0.19211873086488837
19811,202609,0,0.15884550034295133
19813,202609,0,0.12030186532552546
19815,202609,1,0.221492875827947
19817,202609,0,0.22963733292172095
19818,202609,0,0.1701448692903208
19819,202609,0,0.19106387570849798
19820,202609,0,0.2213598722899065
19822,202609,1,0.10223366194449238
19824,202609,0,0.28573104486679757
19825,202609,0,0.24931929211618992
19827,202609,1,0.20275961231610473
19828,202609,0,0.1024928841703046
19829,202609,1,0.16665775723281606
19830,202609,0,0.14242328584288552
19831,202609,0,0.2638477100168407
19832,202609,0,0.11493638256231163
19833,202609,0,0.3155337747110355
19834,202609,0,0.19096059536000054
19835,202609,0,0.13599631022101005
19836,202609,0,0.16862149402332316
19838,202609,0,0.1476101555346863
19839,202609,0,0.20577997580862645
19840,202609,1,0.13530852297275942
19841,202609,0,0.17957926826862625
19843,202609,0,0.08061032640590272
19844,202609,0,0.12266803550972617
19845,202609,0,0.1736123337958732
19846,202609,0,0.18652199039276254
19847,202609,0,0.23682070764626661
19848,202609,0,0.13181265319657484
19850,202609,1,0.2067358761597692
19851,202609,0,0.18752186464432033
19853,202609,0,0.17700805604725764
19854,202609,1,0.15459169079512355
19855,202609,0,0.14276090564730695
19856,202609,1,0.279041534375349
19857,202609,0,0.18775090486736884
19858,202609,0,0.16521643140650114
19859,202609,1,0.28652277323372294
19860,202609,1,0.22925312766784614
19861,202609,0,0.10389954222063628
19862,202609,0,0.10216767499863948
19866,202609,0,0.27930998235240023
19867,202609,0,0.15235209463352453
19868,202609,0,0.1947301574616937
19869,202609,1,0.25341960761407806
19871,202609,0,0.13660693856411282
19872,202609,0,0.2186609463228712
19873,202609,1,0.27129067214417824
19874,202609,0,0.19851407579545907
19875,202609,0,0.19067142452817643
19876,202609,0,0.21346890882751385
19877,202609,1,0.07006065181487595
19878,202609,0,0.1692378917378867
19879,202609,0,0.07967081883872816
19881,202609,0,0.27351959890997596
19882,202609,0,0.13865994497663733
19883,202609,0,0.09022093011176849
19884,202609,0,0.2555510289138321
19885,202609,1,0.24656726280807353
19886,202609,0,0.19551744017211586
19887,202609,0,0.3090008350144478
19888,202609,1,0.08752213178473717
19889,202609,0,0.16402050612233246
19890,202609,0,0.1505718037723852
19891,202609,0,0.1479411927485663
19892,202609,0,0.2713640519389337
19893,202609,0,0.19980675619550725
19894,202609,0,0.3112330066782966
19895,202609,0,0.31720515773246166
19896,202609,0,0.1616554073973823
19897,202609,0,0.16231803321637822
19898,202609,0,0.26268255121915746
19899,202609,0,0.14972427536715005
19900,202609,0,0.2450571996295002
19901,202609,0,0.18267905836790407
19902,202609,0,0.2874357379608149
19904,202609,0,0.254150732289067
19905,202609,1,0.08842446418034867
19906,202609,0,0.39690837588313627
19909,202609,1,0.20145876344961905
19910,202609,0,0.15243484689350206
19911,202609,0,0.1740539500980533
19913,202609,0,0.1348463284475484
19914,202609,0,0.06572152159714921
19915,202609,1,0.30254308587811546
19916,202609,0,0.09705557176661239
19920,202609,0,0.276835556795305
19921,202609,0,0.10984111754036054
19922,202609,0,0.15163286618489177
19923,202609,0,0.14412158696346036
19924,202609,0,0.26498647278073245
19925,202609,0,0.15590584714096567
19926,202609,0,0.22649779416366256
19930,202609,0,0.15963182238093776
19931,202609,1,0.11308515265681668
19932,202609,0,0.20365221935077732
19934,202609,0,0.26156684903011085
19935,202609,0,0.07985640865129771
19936,202609,0,0.23969715814967213
19937,202609,0,0.16727466880406555
19938,202609,0,0.1660576586614291
19939,202609,0,0.19962163336204927
19940,202609,0,0.14113844524660196
19941,202609,0,0.17743387457993687
19942,202609,0,0.14852341938564662
19943,202609,0,0.12906156465464136
19946,202609,0,0.20028319156564245
19947,202609,0,0.19934713791037173
19948,202609,1,0.25299140696216227
19949,202609,0,0.08523369930848246
19951,202609,0,0.2277754331809979
19953,202609,0,0.19633488683291891
19955,202609,0,0.12406001780889037
19956,202609,1,0.15459952871540766
19957,202609,0,0.20271706503211842
19958,202609,0,0.10761056154396519
19959,202609,0,0.16752212805951527
19960,202609,0,0.07740773084167257
19963,202609,0,0.14615061682436803
19964,202609,0,0.2690818554008351
19965,202609,0,0.20908490119865128
19966,202609,0,0.17824422110160257
19967,202609,0,0.14952945642603951
19968,202609,0,0.18551169725049432
19969,202609,0,0.07581239612033638
19970,202609,0,0.07252346327801674
19972,202609,0,0.11187511780740586
19973,202609,0,0.17580576916578394
19974,202609,0,0.16733769974219143
19975,202609,0,0.13636270890053473
19976,202609,1,0.2253451384611971
19977,202609,0,0.3031538816647367
19978,202609,1,0.311216085066996
19979,202609,1,0.27787846859875975
19980,202609,1,0.19163291483827247
19981,202609,0,0.26197377181990383
19982,202609,0,0.16694822117825692
19983,202609,0,0.0724485278102124
19984,202609,0,0.09667076675480729
19986,202609,0,0.2369165015639583
19987,202609,0,0.21784378067686497
19988,202609,0,0.1029001857533844
19989,202609,0,0.07453946792573225
19990,202609,0,0.12554700877909503
19991,202609,1,0.27668097703331995
19992,202609,1,0.12956601948700705
19993,202609,0,0.08999495521875485
19994,202609,0,0.1877146741362184
19995,202609,0,0.059497986109119994
19996,202609,0,0.12743383719520834
19997,202609,0,0.16702925751670783
19998,202609,0,0.2226379498308936
19999,202609,0,0.17257798943350264
20000,202609,0,0.15200222478548803
20001,202609,0,0.17280877969571362
20002,202609,0,0.07583743016783889
20003,202609,0,0.13650905938572674
20004,202609,0,0.20933336119201829
20005,202609,0,0.1591293843663366
20006,202609,0,0.13520179672189303
20007,202609,0,0.13711124961604998
20009,202609,1,0.2137617523564684
20010,202609,0,0.2009339769985727
20011,202609,0,0.27069249094017633
20014,202609,0,0.10742739161821264
20015,202609,0,0.14760378065282193
20016,202609,0,0.1865846524106024
20017,202609,0,0.2136452809815865
20019,202609,0,0.13754807051820628
20020,202609,0,0.11441351325224394
20022,202609,0,0.3171785086935259
20023,202609,0,0.11825119997396766
20024,202609,0,0.1933702519630584
20025,202609,0,0.23231598196683143
20026,202609,0,0.15535726705479916
20027,202609,0,0.15629047772515664
20028,202609,1,0.07122106495134876
20030,202609,0,0.2111314930991014
20031,202609,0,0.06718185844895602
20032,202609,0,0.13447554016256602
20033,202609,0,0.12609007402012917
20034,202609,0,0.1837004786942358
20035,202609,0,0.1611307202657137
20036,202609,0,0.2123363198844382
20037,202609,0,0.07193492153683707
20039,202609,0,0.14701051169992832
20040,202609,0,0.16012126587490472
20041,202609,0,0.16921956262393703
20042,202609,0,0.2163115969848339
20043,202609,0,0.2051640781161601
20044,202609,0,0.17947364262785656
20045,202609,0,0.13935000116818924
20047,202609,0,0.11621860949168585
20048,202609,0,0.24085190521563585
20049,202609,0,0.11869385444732126
20051,202609,0,0.2390643484012236
20052,202609,0,0.21116109184979484
20053,202609,0,0.16670758811434958
20054,202609,1,0.15504366600352332
20055,202609,0,0.19345661997000482
20057,202609,0,0.2509703859656007
20058,202609,0,0.2020067682991836
20060,202609,1,0.25231555122139393
20061,202609,0,0.14722652582669885
20063,202609,0,0.14717799623780795
20064,202609,0,0.14294441814701767
20065,202609,0,0.16028041492397702
20066,202609,0,0.17612910052363595
20067,202609,0,0.1779883145704431
20068,202609,0,0.07751509198593957
20069,202609,0,0.26243092336607743
20070,202609,0,0.22896279383667706
20072,202609,0,0.15581377958674
20073,202609,0,0.23549762896604112
20075,202609,0,0.22820729861914996
20077,202609,0,0.19997484150447548
20078,202609,0,0.16295698598580952
20079,202609,0,0.19639885533151025
20080,202609,0,0.22832837961341054
20083,202609,0,0.13734520030382888
20084,202609,0,0.10416711897291384
20085,202609,0,0.1450537365978444
20086,202609,0,0.08545301077177393
20087,202609,0,0.1475407859821982
20088,202609,0,0.11477183808846267
20089,202609,0,0.1597435307303535
20090,202609,0,0.10090638222942501
20091,202609,0,0.3068979452690521
20092,202609,0,0.2311719951051243
20094,202609,0,0.17953210993687022
20096,202609,0,0.10689536200382409
20097,202609,0,0.2610104977824322
20098,202609,0,0.13805689629737172
20099,202609,0,0.12036291191657164
20100,202609,0,0.12954953932370628
20101,202609,0,0.22275515132465892
20102,202609,0,0.3181093769770083
20103,202609,0,0.20184965240985608
20104,202609,0,0.22758917762396177
20105,202609,1,0.282148205350489
20106,202609,0,0.16530151861067427
20107,202609,0,0.3604562188233041
20108,202609,0,0.44589975856826536
20110,202609,0,0.12131440615018634
20113,202609,1,0.22269714097135607
20114,202609,1,0.07189732700136345
20115,202609,0,0.10575309378637023
20117,202609,0,0.1445938078069144
20118,202609,0,0.29109502459785225
20119,202609,0,0.1343446882260373
20120,202609,0,0.2887212714212123
20121,202609,0,0.07452027601335508
20122,202609,0,0.28515077415256407
20124,202609,0,0.23357492312020656
20125,202609,1,0.2316476034078736
20126,202609,0,0.08271736775745925
20127,202609,0,0.16985336406210605
20128,202609,1,0.3559231354149563
20129,202609,0,0.10497248228235634
20130,202609,0,0.18664369575714435
20133,202609,0,0.06918555067325986
20135,202609,0,0.2111071827299298
20136,202609,1,0.07613868238341036
20138,202609,0,0.11399741270072777
20140,202609,1,0.2060592845681244
20141,202609,0,0.12789496826904645
20145,202609,0,0.20662234007452315
20146,202609,0,0.10392791317427895
20147,202609,1,0.23367604050905427
20148,202609,0,0.1924226029235516
20149,202609,1,0.27711329151271585
20150,202609,0,0.18643403205418432
20151,202609,0,0.14000000958394093
20152,202609,0,0.22874188096240414
20153,202609,1,0.23360950679917575
20155,202609,0,0.2587827815805218
20156,202609,0,0.1296929120788629
20157,202609,1,0.24883303349490102
20158,202609,0,0.1868076935411788
20160,202609,0,0.1905812775873158
20161,202609,0,0.10533436016520739
20162,202609,0,0.11132921926154046
20163,202609,0,0.06350627145014937
20164,202609,0,0.2555095105910846
20165,202609,0,0.29216342908589943
20166,202609,0,0.30700976178235906
20167,202609,0,0.11889055597109263
20169,202609,0,0.130441935425805
20170,202609,0,0.18769559057986956
20171,202609,0,0.14376653772469858
20172,202609,0,0.057962218373910454
20173,202609,1,0.1259622842900315
20174,202609,0,0.09695353614804683
20175,202609,0,0.17807009704521554
20176,202609,0,0.11751340259809248
20177,202609,0,0.1692558023836872
20178,202609,0,0.15977812001010858
20181,202609,0,0.19287137746275987
20182,202609,0,0.1669905349798396
20183,202609,0,0.21153008799135348
20184,202609,0,0.08722789770235202
20185,202609,0,0.14096757294319182
20186,202609,0,0.3197158141989621
20187,202609,0,0.23323244955595093
20188,202609,1,0.24445588674247773
20189,202609,0,0.16611440640913
20190,202609,0,0.1816276902959045
20191,202609,0,0.13609893567959144
20192,202609,0,0.20528028158697573
20193,202609,0,0.1718222491070735
20194,202609,0,0.1453067017720404
20195,202609,1,0.19192830151273851
20196,202609,0,0.38321607918722345
20197,202609,0,0.24698876821302698
20198,202609,0,0.11225711588445648
20199,202609,0,0.14341738360931516
20200,202609,1,0.13907439351476342
20201,202609,0,0.17947170904137963
20202,202609,0,0.10533920820861395
20203,202609,0,0.1762666309290002
20204,202609,0,0.10180468189201247
20205,202609,0,0.1339870829171834
20206,202609,0,0.2524327581581736
20207,202609,0,0.2579545087742708
20208,202609,0,0.09206647914462934
20209,202609,0,0.22957617539307534
20210,202609,0,0.151648180574805
20211,202609,0,0.11018180419636818
20212,202609,0,0.16510013473763377
20213,202609,0,0.20318702175440945
20214,202609,0,0.2291164222018699
20216,202609,1,0.1798205251667485
20217,202609,0,0.14408681493873426
20218,202609,0,0.10524439088367094
20220,202609,0,0.1817306096669592
20221,202609,0,0.09798334252357314
20223,202609,1,0.1999887332527692
20224,202609,0,0.2576747717666145
20225,202609,0,0.16834331172778402
20226,202609,0,0.11736620871664255
20227,202609,1,0.206626342736253
20228,202609,0,0.08551678670114125
20229,202609,0,0.1745766898594535
20230,202609,0,0.2301162556984285
20231,202609,1,0.18157608182640156
20233,202609,0,0.15431703919547957
20234,202609,0,0.18796504432203623
20237,202609,0,0.25881268502088495
20238,202609,0,0.19348804641664605
20239,202609,0,0.20158799192975144
20240,202609,1,0.17541296612385676
20241,202609,0,0.10281222943118513
20242,202609,0,0.18345000500600958
20243,202609,0,0.20246577041620287
20245,202609,0,0.20326061727150885
20246,202609,0,0.19268922937066285
20248,202609,0,0.16663719477156017
20249,202609,0,0.15414698328784607
20250,202609,0,0.17668141983850402
20251,202609,0,0.21329006015526042
20252,202609,0,0.12920205413363767
20253,202609,0,0.061208069282198144
20254,202609,0,0.2370751735693137
20255,202609,0,0.07339253577746971
20256,202609,0,0.1715093143756375
20257,202609,0,0.2355741300390043
20259,202609,0,0.06690007942708272
20260,202609,0,0.10449236095763227
20261,202609,0,0.09699717093598813
20262,202609,0,0.12480235851841659
20263,202609,0,0.11175110274505848
20264,202609,0,0.16399557668217496
20265,202609,0,0.06907180931613824
20266,202609,0,0.25694969252620364
20269,202609,0,0.06879969466914511
20270,202609,0,0.18970212711140394
20273,202609,1,0.3490177896062979
20274,202609,0,0.09476019080796967
20275,202609,0,0.28287825223569935
20276,202609,0,0.20717400071594805
20277,202609,0,0.25105929468516835
20278,202609,0,0.119155190764654
20279,202609,0,0.12755619111217656
20280,202609,0,0.3161455897410181
20281,202609,0,0.17347329023439273
20282,202609,0,0.16106731843225228
20283,202609,0,0.17264732109196018
20285,202609,0,0.11070517072444942
20286,202609,0,0.15994933785056836
20287,202609,0,0.1315016839897368
20288,202609,0,0.22951470241966132
20290,202609,0,0.14632050553053905
20291,202609,0,0.22977337101268142
20292,202609,0,0.15153569540461853
20293,202609,0,0.18907162258646454
20294,202609,0,0.16075338685771315
20295,202609,0,0.22906858886189746
20296,202609,0,0.19996880142403028
20297,202609,0,0.28665637963954016
20298,202609,0,0.150128282154746
20299,202609,1,0.2284420622707909
20300,202609,0,0.1759132844996149
20302,202609,0,0.14916459009494568
20303,202609,0,0.1504380223556539
20305,202609,0,0.2672450725049934
20306,202609,0,0.1869694640533416
20307,202609,1,0.19563029433439558
20308,202609,1,0.38636407294090985
20309,202609,0,0.12273438470100866
20310,202609,1,0.27168323794723465
20311,202609,0,0.13261438542364493
20313,202609,0,0.11051049158213998
20314,202609,0,0.22493147687313114
20315,202609,0,0.14708051426748323
20316,202609,0,0.16453495014077482
20317,202609,0,0.1272946954439861
20318,202609,0,0.17427884618614356
20319,202609,0,0.10325520239384808
20320,202609,0,0.22997467253873755
20321,202609,1,0.26887018934796586
20322,202609,0,0.1530415915712244
20323,202609,0,0.20168767354159495
20324,202609,0,0.06992925534782359
20325,202609,0,0.10319027188195028
20326,202609,0,0.10638819455476226
20327,202609,0,0.12803719820444337
20328,202609,0,0.16925791468623475
20329,202609,1,0.43575690932092603
20330,202609,0,0.10396271609433855
20331,202609,0,0.1723553216335305
20332,202609,0,0.20948157987175045
20333,202609,0,0.1882752903571861
20334,202609,1,0.21508750737193943
20335,202609,0,0.24546218997596356
20338,202609,0,0.30195510587835
20339,202609,1,0.21949563072656464
20340,202609,1,0.4131502531856214
20342,202609,0,0.2558904964459692
20343,202609,0,0.15992139255588705
20344,202609,1,0.3142160174481325
20345,202609,0,0.2223156959510472
20346,202609,0,0.11650986238292692
20347,202609,0,0.1167996537777768
20348,202609,0,0.1570117154244907
20349,202609,0,0.16693239963748152
20350,202609,1,0.1710443615160054
20352,202609,0,0.11459364386295003
20354,202609,0,0.0688408808719354
20355,202609,0,0.09737918377230126
20356,202609,0,0.2587900524773724
20357,202609,0,0.19087990631076088
20358,202609,1,0.2481026058668222
20359,202609,0,0.12440218303486476
20360,202609,0,0.1603302388416881
20361,202609,0,0.18316288103836406
20363,202609,0,0.0830369457415582
20364,202609,0,0.07599505203436346
20365,202609,0,0.14695569945474035
20366,202609,0,0.13396757644682983
20367,202609,0,0.23650650265244486
20368,202609,0,0.1317052975582745
20369,202609,0,0.27820156093406256
20370,202609,0,0.07751590736394792
20371,202609,1,0.25758197366975083
20372,202609,0,0.1236966195780734
20373,202609,0,0.1526509772746924
20374,202609,0,0.12192710888518177
20375,202609,0,0.2745434583622506
20376,202609,0,0.15286756033326165
20377,202609,0,0.15578641236661311
20379,202609,0,0.08318338699968589
20380,202609,0,0.18807480472642668
20382,202609,0,0.07485584768685727
20383,202609,0,0.1633023195662281
20384,202609,0,0.1732320102884851
20385,202609,0,0.1054217597467671
20386,202609,0,0.11633527086411014
20387,202609,0,0.15442623616614662
20388,202609,1,0.21516266811533594
20389,202609,0,0.15565076613402995
20390,202609,0,0.0897722937494295
20391,202609,0,0.18321346594720328
20392,202609,0,0.1544555948459196
20393,202609,1,0.3420474008460855
20394,202609,1,0.1697533810903462
20395,202609,0,0.15198099450809707
20396,202609,0,0.19809257962834675
20397,202609,0,0.2522763223700933
20398,202609,0,0.3599746478703089
20399,202609,1,0.23726562944459437
20400,202609,1,0.15597224715322675
20401,202609,0,0.15276191604738015
20402,202609,0,0.16468666235397234
20403,202609,0,0.13579111811503758
20404,202609,0,0.13205920902518614
20406,202609,0,0.3254352477673122
20407,202609,0,0.22312651968276345
20409,202609,0,0.15076466391881094
20411,202609,0,0.1198188712835279
20412,202609,0,0.18009502941146563
20413,202609,1,0.13614119218639262
20414,202609,0,0.22866734889732834
20415,202609,0,0.08024369019675909
20418,202609,0,0.0759307633098096
20419,202609,0,0.16542232219678676
20420,202609,0,0.07126413363652907
20421,202609,1,0.21548754190817473
20423,202609,0,0.17942133474684388
20425,202609,0,0.10566803128006579
20428,202609,0,0.23990425830016912
20429,202609,0,0.15398287596939897
20430,202609,0,0.2528565213592018
20431,202609,0,0.09666982871589036
20432,202609,0,0.13939126525741907
20433,202609,0,0.3147127496689235
20434,202609,0,0.2806615927545723
20435,202609,1,0.20947717762937051
20436,202609,0,0.07645014194992664
20437,202609,0,0.14579869207612528
20438,202609,0,0.21232301110874965
20439,202609,0,0.13114974223333842
20440,202609,0,0.1414975893147958
20441,202609,0,0.13166483694753514
20442,202609,0,0.15305884191584593
20443,202609,1,0.10556964057619221
20444,202609,0,0.27124636929285756
20446,202609,0,0.08384918307902862
20449,202609,0,0.1478054681040885
20450,202609,0,0.25129346620622506
20451,202609,0,0.3034422281665495
20452,202609,0,0.07812083672137964
20453,202609,0,0.19398338255671138
20454,202609,0,0.13166267249678482
20455,202609,0,0.18710279970509988
20456,202609,0,0.1458205856281342
20458,202609,0,0.16794538132040998
20460,202609,0,0.09994781033955832
20461,202609,0,0.21550851371877014
20462,202609,0,0.1965188361108968
20463,202609,1,0.11872647291668767
20464,202609,0,0.192476888340694
20465,202609,0,0.12694287907212384
20466,202609,0,0.1317119312333708
20467,202609,0,0.17300157455105228
20468,202609,0,0.05932358614978035
20469,202609,1,0.20601412428038815
20470,202609,1,0.17491026918856362
20472,202609,0,0.2257662672395788
20473,202609,0,0.06965231799582589
20475,202609,0,0.16006331798234474
20477,202609,0,0.1352332961535801
20479,202609,1,0.282373507353865
20480,202609,1,0.18025428904660018
20482,202609,0,0.11214425900056739
20483,202609,0,0.20323768463524264
20484,202609,1,0.2623359352795597
20485,202609,0,0.18140789136076435
20486,202609,0,0.24904506930163914
20487,202609,0,0.13980636458870516
20489,202609,0,0.18761615413482194
20490,202609,0,0.13655903867581642
20491,202609,0,0.109766553500257
20494,202609,0,0.16093113507947154
20495,202609,0,0.1882935123303757
20496,202609,0,0.10387373951842374
20497,202609,0,0.10871743717716084
20498,202609,0,0.20181746344872206
20499,202609,0,0.17494180157008657
20501,202609,0,0.24682004747937356
20502,202609,0,0.19995200447759706
20503,202609,1,0.07909846850562839
20506,202609,1,0.24532196779418108
20507,202609,0,0.10791100598840973
20508,202609,0,0.18345505408407156
20509,202609,0,0.143382850712531
20510,202609,0,0.15249941101688103
20511,202609,0,0.18015280628064512
20512,202609,0,0.09511419426852592
20513,202609,0,0.219181831029786
20515,202609,0,0.33500080708119734
20517,202609,0,0.15095314462221757
20518,202609,0,0.26299926156250364
20520,202609,1,0.2403015505722155
20521,202609,0,0.22767243360165967
20522,202609,0,0.1631037041922921
20523,202609,0,0.1194992655824646
20525,202609,0,0.13483490281666585
20526,202609,0,0.1535606362999917
20527,202609,0,0.2290129448328012
20528,202609,1,0.18074272004834233
20529,202609,1,0.1439552260604252
20530,202609,0,0.1368547328774051
20531,202609,0,0.21175951078416264
20533,202609,1,0.34692050667969526
20534,202609,0,0.23378697431238912
20535,202609,0,0.22124664226498442
20536,202609,0,0.15293749530523124
20537,202609,1,0.2628179818320927
20539,202609,1,0.17696910086217588
20540,202609,0,0.15232383347077064
20541,202609,0,0.217151873325042
20543,202609,0,0.16449370928530896
20544,202609,0,0.2106329920277869
20545,202609,1,0.3040028446929372
20546,202609,0,0.20869004525257823
20547,202609,0,0.2660363946045716
20548,202609,0,0.07532426808863484
20549,202609,0,0.16368546648204663
20550,202609,0,0.05616765001180588
20551,202609,0,0.13413401613908352
20552,202609,0,0.15852998257453335
20553,202609,0,0.14486924547945976
20555,202609,0,0.19203654483492127
20556,202609,1,0.13699985053686362
20557,202609,1,0.1799522292514208
20558,202609,0,0.16156183530377427
20559,202609,0,0.16007377591172633
20560,202609,0,0.16859503920529775
20561,202609,0,0.25193611560600815
20562,202609,0,0.17140940101358376
20563,202609,0,0.20706720615548654
20564,202609,1,0.08435907042325054
20565,202609,0,0.1743502912771425
20566,202609,0,0.20889970305307598
20567,202609,0,0.15465549764310788
20568,202609,0,0.25208295222457844
20569,202609,0,0.09159329525347638
20571,202609,1,0.06531371569798133
20572,202609,0,0.1714145777098948
20577,202609,0,0.1775642632664337
20578,202609,0,0.2003709462939804
20580,202609,0,0.1635554593525661
20581,202609,0,0.14568432627864994
20582,202609,0,0.2005002641854453
20584,202609,0,0.2732338431490928
20585,202609,0,0.18034037902489566
20586,202609,1,0.2823713646102179
20587,202609,0,0.11495339249674813
20588,202609,0,0.06496017205483402
20589,202609,0,0.1260833046775384
20590,202609,0,0.19881731950691486
20591,202609,0,0.1938425457543981
20595,202609,0,0.17000781002726525
20596,202609,0,0.06393701125805092
20597,202609,0,0.10452716013834935
20598,202609,1,0.33392995256328495
20599,202609,1,0.16522068192421346
20600,202609,0,0.1834898242730038
20601,202609,0,0.11809186218966831
20602,202609,0,0.23806891217689302
20603,202609,0,0.1424856829694059
20604,202609,0,0.1723757538272364
20605,202609,0,0.1529607535102513
20606,202609,0,0.08497588203225068
20609,202609,0,0.18689081811150476
20610,202609,0,0.22607280584584696
20611,202609,0,0.10303394232949557
20613,202609,0,0.1313916380681205
20614,202609,1,0.21632571514689727
20615,202609,1,0.19550809120574206
20616,202609,0,0.1771117126283691
20617,202609,0,0.07140794223910808
20618,202609,0,0.09642628185682885
20619,202609,0,0.06362670109058949
20621,202609,1,0.16353990150007666
20622,202609,0,0.20235038479853268
20623,202609,1,0.10377327205218763
20624,202609,1,0.31920345642983466
20626,202609,1,0.24381052133131206
20627,202609,0,0.17013842642540591
20628,202609,1,0.2520880979864142
20629,202609,1,0.13997123246464754
20630,202609,0,0.10053147841544262
20631,202609,0,0.0710828211353106
20632,202609,0,0.2338287710086259
20634,202609,1,0.20004916090272384
20635,202609,0,0.16507131568085856
20637,202609,0,0.09280294955919421
20639,202609,0,0.20469048289941172
20641,202609,0,0.20797735399606335
20642,202609,1,0.15040596940306555
20643,202609,0,0.20434605234277287
20644,202609,0,0.2330970717780273
20645,202609,0,0.16376511495547882
20646,202609,1,0.22374213648605892
20647,202609,0,0.09763789093942113
20648,202609,0,0.11249550589411528
20649,202609,1,0.18778240838226787
20650,202609,0,0.1759560794726752
20651,202609,0,0.13694790688477848
20653,202609,0,0.23064276353475271
20654,202609,0,0.18250171703379275
20655,202609,0,0.07810913862004104
20656,202609,0,0.19906856041357995
20657,202609,0,0.167333193002001
20659,202609,0,0.07124201225864692
20660,202609,0,0.14695215507088266
20661,202609,0,0.11636230461111585
20662,202609,0,0.09197098463668632
20663,202609,0,0.12142026095237247
20664,202609,0,0.15257625366798505
20665,202609,1,0.2386301368368884
20666,202609,0,0.19730014147327313
20667,202609,0,0.09163237317819982
20668,202609,0,0.19226983208310203
20669,202609,0,0.29665538067667485
20670,202609,0,0.08057673960115884
20671,202609,0,0.05018861348396544
20673,202609,0,0.10544897819322947
20675,202609,0,0.12721051005388606
20676,202609,0,0.31338654938184585
20677,202609,0,0.11237861875438356
20679,202609,0,0.1532125844201489
20680,202609,0,0.27219617598890894
20681,202609,0,0.13088004722804786
20683,202609,0,0.14834710839098092
20684,202609,0,0.12329148421780661
20685,202609,0,0.22814145358097318
20686,202609,0,0.19430345401994098
20687,202609,0,0.12908376014014694
20689,202609,0,0.15231990122028263
20690,202609,0,0.21735739869170714
20691,202609,0,0.10928626838597162
20692,202609,0,0.1687165488229721
20694,202609,0,0.13441871315347761
20695,202609,0,0.2196175122859308
20696,202609,0,0.1633513481767645
20697,202609,1,0.3045375432587685
20698,202609,0,0.17589739789919337
20699,202609,0,0.16278946237936795
20700,202609,0,0.14775613237827687
20701,202609,0,0.2409242458559418
20703,202609,0,0.13442057124809167
20704,202609,0,0.2998775246246692
20705,202609,0,0.1770484651332943
20706,202609,0,0.08277445204767227
20707,202609,0,0.11769464197668308
20708,202609,0,0.41189603743284614
20709,202609,0,0.1378340793264872
20710,202609,0,0.26035399396033915
20711,202609,0,0.08800058783033203
20712,202609,0,0.0851349443121392
20713,202609,0,0.08754245363610474
20714,202609,0,0.14893174912556673
20715,202609,0,0.14127631917140776
20716,202609,0,0.2524251700339931
20717,202609,1,0.23451864003657955
20718,202609,0,0.2289763089755922
20719,202609,1,0.4136022782868653
20720,202609,0,0.0816403421921343
20721,202609,1,0.21334851678184769
20722,202609,0,0.18692814735184643
20723,202609,1,0.1957476232020466
20724,202609,0,0.22297770754760626
20725,202609,1,0.16979282391795777
20726,202609,0,0.22024392679685498
20727,202609,0,0.18392938957499946
20728,202609,0,0.22489126609452295
20729,202609,0,0.229869084172407
20730,202609,0,0.1630216501462972
20731,202609,0,0.2171726178873305
20732,202609,0,0.1834473001987811
20733,202609,0,0.1448607681552681
20734,202609,0,0.16817063208051683
20735,202609,0,0.07229001117606071
20736,202609,0,0.14973784985341668
20737,202609,0,0.09830644893582453
20738,202609,0,0.14450628695612044
20739,202609,0,0.17625150893440925
20740,202609,1,0.1924689503540982
20741,202609,0,0.2253151183707183
20742,202609,0,0.2427379390901249
20743,202609,0,0.1114160382815981
20744,202609,0,0.13912901171212774
20745,202609,0,0.1416171351660362
20746,202609,0,0.18568253948422878
20747,202609,0,0.21137101316855592
20748,202609,1,0.14644168679765698
20749,202609,1,0.1733506194251229
20750,202609,0,0.21703371872257862
20751,202609,0,0.07575716600159821
20752,202609,0,0.1199072674049421
20753,202609,0,0.15876988858899668
20754,202609,0,0.08704542105838275
20755,202609,1,0.16389616436403323
20756,202609,0,0.23679381476343564
20757,202609,1,0.09886617430946618
20758,202609,0,0.15573915044536532
20759,202609,0,0.08437648013456585
20760,202609,0,0.11901790871871022
20761,202609,0,0.18225701125050112
20762,202609,0,0.12488052422194224
20763,202609,0,0.08572581576711716
20764,202609,0,0.1418094839187479
20765,202609,1,0.2553988471588414
20766,202609,1,0.28418957445113086
20767,202609,0,0.20323130564072708
20768,202609,1,0.24959244839857755
20769,202609,0,0.09373643770517931
20770,202609,0,0.20971649332129164
20771,202609,0,0.15583466489502626
20772,202609,1,0.4161642936430068
20773,202609,0,0.08876777314983836
20774,202609,0,0.2628687366885353
20775,202609,0,0.23686997093994047
20776,202609,0,0.08395473714461828
20777,202609,0,0.20032652337650983
20778,202609,0,0.07502040896144842
20779,202609,0,0.14309535055483535
20780,202609,0,0.29684072055190663
20781,202609,0,0.17350172256829582
20782,202609,0,0.12948040818668577
20783,202609,0,0.11291247674018876
20784,202609,0,0.07336287957147529
20785,202609,0,0.1292985254437884
20786,202609,0,0.17611093075434195
20787,202609,0,0.16549093683149052
20788,202609,0,0.1154977355394097
20789,202609,0,0.07350174837119056
20790,202609,0,0.08022777011939758
20791,202609,0,0.17186075860705835
20792,202609,0,0.20572332907114008
20793,202609,0,0.12415282499016997
20794,202609,1,0.15622112828352447
20795,202609,1,0.2129963973791127
20796,202609,1,0.23911996075450742
20797,202609,0,0.16019202336350777
20798,202609,1,0.18935216260072052
20799,202609,1,0.2628616631781109
20800,202609,0,0.2549318460240895
20801,202609,0,0.1383070737024836
20802,202609,0,0.13726583521578534
20803,202609,1,0.14124455893087973
20804,202609,0,0.18866768023467007
20805,202609,0,0.21301958335441887
20806,202609,0,0.1280056988949617
20807,202609,0,0.2595127043754826
20808,202609,1,0.09814756953235639
20809,202609,0,0.11403411962950259
20810,202609,0,0.252102295755506
20811,202609,1,0.21097495777325728
20812,202609,0,0.39465160847972436
20813,202609,0,0.19885523238360345
20814,202609,0,0.1601646848388395
20815,202609,0,0.13017054222974947
20816,202609,1,0.18162726849018412
20817,202609,0,0.0961901625453754
20818,202609,0,0.05655568107118148
20819,202609,0,0.21347702300609203
20820,202609,0,0.1658242290169592
20821,202609,0,0.16756631559387217
20822,202609,1,0.13937650507706645
20823,202609,0,0.16879775895572285
20824,202609,0,0.23199089457544206
20825,202609,0,0.2238072415223897
20826,202609,0,0.19460747291766248
20827,202609,0,0.3406643688901182
20828,202609,0,0.15310484141483025
20829,202609,0,0.122044548302136
20830,202609,0,0.17085497300588356
20831,202609,0,0.11041489686769895
20832,202609,0,0.18715641598706903
20833,202609,0,0.11631345580929536
20834,202609,1,0.11172035039290593
20835,202609,0,0.08570985246860113
20836,202609,0,0.11939337700220892
20837,202609,0,0.2486026596938639
20838,202609,0,0.14414770324607143
20839,202609,1,0.20327366936931618
20840,202609,0,0.10087327966308074
20841,202609,0,0.16672161372393485
20842,202609,0,0.10044837274783468
20843,202609,0,0.097266962467613
20844,202609,0,0.08851229444515334
20845,202609,0,0.14839479472628367
20846,202609,1,0.14329597968209815
20847,202609,1,0.23256404079875004
20848,202609,0,0.25040727257854833
20849,202609,0,0.20822789566032
20850,202609,0,0.10768495030128938
20851,202609,0,0.1592858400462644
20852,202609,0,0.15166370884179126
20853,202609,0,0.15269070013075287
20854,202609,0,0.14245539152078565
20855,202609,0,0.10611921318819718
20856,202609,1,0.12710544921740877
20857,202609,0,0.09867391844580266
20858,202609,1,0.2118050412376689
20859,202609,0,0.18917262900889606
20860,202609,0,0.20181847644320092
20861,202609,0,0.15053430945052598
20862,202609,0,0.25014617005059275
20863,202609,0,0.2383279684349988
20864,202609,0,0.23891164063093256
20865,202609,0,0.09745180335055026
20866,202609,0,0.1703331639113968
20867,202609,0,0.2264150096389015
20868,202609,0,0.20612072164796408
20869,202609,0,0.1790645502141049
20870,202609,1,0.13296709604954127
20871,202609,1,0.18633979827792815
20872,202609,0,0.20463466550476278
20873,202609,0,0.18658612826533771
20874,202609,0,0.07852072376564945
20875,202609,0,0.15559816705191504
20876,202609,0,0.14312779579184756
20877,202609,0,0.33315360607705824
20878,202609,0,0.19389946810149633
20879,202609,0,0.16447846037700323
20880,202609,0,0.10445045088925406
20881,202609,0,0.18761392929175608
20882,202609,0,0.26352220450375624
20883,202609,0,0.2033765017571222
20884,202609,0,0.11568404179899279
20885,202609,0,0.060437783777632835
20886,202609,0,0.17964928153634394
20887,202609,0,0.1007602203940385
20888,202609,0,0.10501450470645952
20889,202609,0,0.13594890031505338
20890,202609,1,0.2898666340036936
20891,202609,0,0.14674065981947707
20892,202609,0,0.12129922073972875
20893,202609,0,0.16869858957133638
20894,202609,0,0.30656565017163045
20895,202609,0,0.2316087452988271
20896,202609,0,0.1353526439582085
20897,202609,0,0.06179288829250902
20898,202609,0,0.14910376481110627
20899,202609,0,0.17061311297942613
20900,202609,0,0.26407877475386143
20901,202609,0,0.11335617930026182
20902,202609,0,0.1733788298158835
20903,202609,0,0.06972351615401148
20904,202609,0,0.12647500113148777
20905,202609,0,0.1499643609333456
20906,202609,0,0.20677666445094037
20907,202609,0,0.152615263839945
20908,202609,1,0.31019187338048476
20909,202609,0,0.14035471812699862
20910,202609,0,0.266159672935557
20911,202609,0,0.14792713245282368
20912,202609,0,0.17437023989980274
20913,202609,0,0.11255625104146075
20914,202609,1,0.26648818452234263
20915,202609,0,0.08463281148182696
20916,202609,0,0.26130956157531476
20917,202609,0,0.2688492055835568
20918,202609,0,0.14599230631569476
20919,202609,0,0.16058274073246612
20920,202609,0,0.19495722455384837
20921,202609,0,0.13775563441841868
20922,202609,1,0.25321296371370006
20923,202609,0,0.3547577715776184
20924,202609,0,0.10740692563572819
20925,202609,0,0.20363914701002808
20926,202609,0,0.1724460728611734
20927,202609,0,0.16339798227354216
20928,202609,0,0.1574974727785723
20929,202609,0,0.2740684522846586
20930,202609,0,0.13839765597737616
20931,202609,0,0.1232637533669505
20932,202609,0,0.15998988528890165
20933,202609,0,0.16393552726967095
20934,202609,1,0.17201770165809585
20935,202609,0,0.1271387366480164
20936,202609,1,0.29638540582352785
20937,202609,0,0.11229993993776337
20938,202609,0,0.17911047330853258
20939,202609,0,0.24183048903296273
20940,202609,0,0.19017112540996672
20941,202609,0,0.05465207072682645
20942,202609,0,0.09364123648661979
20943,202609,0,0.11117560955898156
20944,202609,0,0.07812947469093828
20945,202609,0,0.2138556178976862
20946,202609,0,0.15587821494075324
20947,202609,0,0.17234927930298596
20948,202609,0,0.17727806558367526
20949,202609,0,0.14890798378240988
20950,202609,0,0.07903553337300846
20951,202609,1,0.13066947241233345
20952,202609,0,0.16203398671898614
20953,202609,0,0.12808413294871776
20954,202609,0,0.16398210707655744
20955,202609,0,0.12321916969523072
20956,202609,1,0.19092985061744855
20957,202609,0,0.1815876074553035
20958,202609,0,0.20344578106865738
20959,202609,0,0.22900649079687407
20960,202609,0,0.17384488216833743
20961,202609,1,0.2674904749499349
20962,202609,1,0.2621595344853658
20963,202609,1,0.09514015271475411
20964,202609,0,0.23351960526384363
20965,202609,0,0.2445013968577752
20966,202609,1,0.10193894758851241
20967,202609,1,0.1354528864606825
20968,202609,1,0.13152628211065376
20969,202609,0,0.18012683426881929
20970,202609,0,0.1378689934445403
20971,202609,0,0.2872182350712248
20972,202609,1,0.09099623874962545
20973,202609,0,0.21306570413586898
20974,202609,0,0.18837259903213918
20975,202609,0,0.1141175484959744
20976,202609,0,0.18973068268354984
20977,202609,0,0.11581014228230253
20978,202609,1,0.08668780007003629
20979,202609,0,0.15473192141385247
20980,202609,0,0.19809318476464477
20981,202609,0,0.09583538341936447
20982,202609,0,0.20887394080905305
20983,202609,1,0.1427448353502325
20984,202609,0,0.20045733797430926
20985,202609,0,0.17029284921212054
20986,202609,1,0.15966308109141839
20987,202609,0,0.21234432483717913
20988,202609,0,0.19067429469336405
20989,202609,0,0.35979520673024884
20990,202609,0,0.27066558072134816
20991,202609,0,0.24865398061145105
20992,202609,0,0.22473024856911802
20993,202609,1,0.3007859943099739
20994,202609,0,0.12259068472683946
20995,202609,1,0.21062270988068943
20996,202609,0,0.2010069291722398
20997,202609,0,0.17038889434204807
20998,202609,0,0.17001212896212833
20999,202609,0,0.2198076580145938
21000,202609,0,0.2886135519397948
21001,202609,1,0.1496934448653822
21002,202609,0,0.2152699769073022
21003,202609,0,0.16828206407554328
21004,202609,0,0.1804663677907352
21005,202609,0,0.16392789933780988
21006,202609,0,0.13898045948350282
21007,202609,0,0.11934664651209143
21008,202609,0,0.10910235961970048
21009,202609,0,0.07050603361903302
21010,202609,0,0.1357586768250574
21011,202609,0,0.26798283081493646
21012,202609,0,0.079620456516916
21013,202609,0,0.25517007087080973
21014,202609,0,0.20441011826825004
21015,202609,1,0.18581483857078285
21016,202609,0,0.17343082077218952
21017,202609,0,0.15754436514982165
21018,202609,0,0.2665082499131891
21019,202609,1,0.2415754408414468
21020,202609,0,0.14271240934495288
21021,202609,0,0.06762915741968464
21022,202609,1,0.30273557814578256
21023,202609,0,0.09872616907620038
21024,202609,0,0.17303995781942202
21025,202609,0,0.07727158067606027
21026,202609,0,0.14324034513760778
21027,202609,0,0.22523413984346044
21028,202609,1,0.21945610569258167
21029,202609,0,0.13562556222651106
21030,202609,0,0.11060428638476034
21031,202609,0,0.07571355887772087
21032,202609,0,0.1926663000775892
21033,202609,0,0.16306094627182227
21034,202609,0,0.17249993844034472
21035,202609,0,0.06379562834195811
21036,202609,0,0.19796761307302713
21037,202609,0,0.23798528773876595
21038,202609,0,0.13519724160781743
21039,202609,0,0.12472545997876498
21040,202609,0,0.2088031545721121
21041,202609,1,0.3414387725943716
21042,202609,0,0.1582927455562012
21043,202609,0,0.12525118158988394
21044,202609,0,0.08906605559025273
21045,202609,1,0.178764213795223
21046,202609,0,0.134867411760372
21047,202609,0,0.163001350610167
21048,202609,0,0.09146184052251581
21049,202609,0,0.20953846177155988
21050,202609,0,0.10765167476971442
21051,202609,0,0.2098648483864787
21052,202609,0,0.15435628268857665
21053,202609,1,0.19595441163752134
21054,202609,0,0.06100346679274592
21055,202609,1,0.09606767859757698
21056,202609,0,0.18296906277713598
21057,202609,0,0.1608530952390774
21058,202609,0,0.1634973586125793
21059,202609,0,0.07013247628534021
21060,202609,0,0.07820993521375041
21061,202609,0,0.23661159019612754
21062,202609,0,0.18743178092586596
21063,202609,0,0.10165700301554687
21064,202609,1,0.23515234878642538
21065,202609,0,0.17375080395023473
21066,202609,0,0.13665758048453447
21067,202609,1,0.1566833745131013
21068,202609,0,0.15482606554736006
21069,202609,1,0.2479434391077587
21070,202609,0,0.1410045788825534
21071,202609,0,0.16780716901362192
21072,202609,1,0.1713589815452113
21073,202609,0,0.10609719223271544
21074,202609,0,0.16404735236670231
21075,202609,0,0.12626710125587645
21076,202609,0,0.17270454743360958
21077,202609,0,0.2088401147895347
21078,202609,0,0.10810465316738276
21079,202609,1,0.1588905857957151
21080,202609,0,0.16522798789236756
21081,202609,0,0.2642247390941321
21082,202609,1,0.17010186704861463
21083,202609,0,0.1624098978856345
21084,202609,0,0.08323063427178423
21085,202609,0,0.26015098719284463
21086,202609,1,0.2187705683339902
21087,202609,0,0.27358127518794856
21088,202609,0,0.10440416091285898
21089,202609,1,0.25279654461640205
21090,202609,0,0.1867025868157584
21091,202609,0,0.12875650638696806
21092,202609,1,0.2127677162566221
21093,202609,0,0.1034905747466902
21094,202609,0,0.14160204891362652
21095,202609,0,0.1784606355410548
21096,202609,0,0.20258873548137166
21097,202609,0,0.21703405089420963
21098,202609,0,0.13478953934736404
21099,202609,0,0.1816475212364417
21100,202609,0,0.11394829697295861
21101,202609,0,0.0979566256784824
21102,202609,0,0.08202801521658419
21103,202609,0,0.11624104303287769
21104,202609,0,0.11644760851397419
21105,202609,0,0.16711015172731905
21106,202609,0,0.19432695286687482
21107,202609,0,0.21598497030590738
21108,202609,0,0.17703116473227712
21109,202609,0,0.08649722892701689
21110,202609,0,0.09284415221189063
21111,202609,1,0.21116019768911024
21112,202609,0,0.2864318087595419
21113,202609,0,0.1588769789853366
21114,202609,0,0.06786449102056183
21115,202609,0,0.07903356281905186
21116,202609,0,0.09750868722499609
21117,202609,0,0.17448105508609488
21118,202609,0,0.20422637837941754
21119,202609,0,0.15119813290374914
21120,202609,0,0.1020873259759924
21121,202609,0,0.1331328026145274
21122,202609,0,0.21682356788927543
21123,202609,1,0.22706113627127641
21124,202609,1,0.11441758144376879
21125,202609,0,0.19946482753441752
21126,202609,0,0.13016371598473078
21127,202609,0,0.0880091931406354
21128,202609,0,0.12673601197494308
21129,202609,0,0.158524993517011
21130,202609,0,0.1516479500410929
21131,202609,0,0.1683656022379061
21132,202609,1,0.1353086294564807
21133,202609,0,0.21592020755609645
21134,202609,0,0.12842703369353167
21135,202609,0,0.16011491102164951
21136,202609,1,0.15113920184143287
21137,202609,0,0.10226134936825956
21138,202609,0,0.10611058770964815
21139,202609,0,0.05628023905136076
21140,202609,0,0.14391474485075142
21141,202609,0,0.1169304872332022
21142,202609,0,0.14829036799319206
21143,202609,0,0.15153233826921902
21144,202609,0,0.1056180372962966
21145,202609,1,0.17147587073249515
21146,202609,0,0.11940214428533766
21147,202609,0,0.20020259383251154
21148,202609,0,0.15258387959243563
21149,202609,0,0.13698676064123141
21150,202609,0,0.09847323111465382
21151,202609,0,0.19222361922111386
21152,202609,0,0.2953375276924839
21153,202609,0,0.18088705815008688
21154,202609,0,0.2597526340806629
21155,202609,0,0.10275026020713754
21156,202609,0,0.13753610503309324
21157,202609,0,0.22342576989161583
21158,202609,0,0.09879503065632844
21159,202609,0,0.17635962955284096
21160,202609,0,0.3210999777238868
21161,202609,0,0.1843104051714774
21162,202609,0,0.13352881177567424
21163,202609,0,0.0929690255241474
21164,202609,1,0.22479390363055457
21165,202609,1,0.23783728541308
21166,202609,0,0.10174384647419184
21167,202609,0,0.22174347450046222
21168,202609,0,0.28334915042544695
21169,202609,0,0.22699475141552836
21170,202609,1,0.14754315040917357
21171,202609,0,0.12006939318722452
21172,202609,0,0.24513824662165606
21173,202609,0,0.11339156813253842
21174,202609,0,0.17326028344324934
21175,202609,0,0.19437186873569046
21176,202609,1,0.13116604133068996
21177,202609,0,0.17920729967132168
21178,202609,0,0.17151609044681335
21179,202609,1,0.25902812443828266
21180,202609,0,0.24774124596334238
21181,202609,0,0.09983932075419241
21182,202609,0,0.06203597380606145
21183,202609,0,0.17324152053042047
21184,202609,0,0.1629358646057883
21185,202609,0,0.17687095945039333
21186,202609,0,0.12186251884734735
21187,202609,0,0.19141651161800682
21188,202609,0,0.17769486614398053
21189,202609,0,0.12700984483838657
21190,202609,1,0.2535320841781942
21191,202609,1,0.17016622539661225
21192,202609,0,0.1956644540799638
21193,202609,0,0.17536825602262304
21194,202609,0,0.10911831136570586
21195,202609,1,0.106988370318881
21196,202609,0,0.0872109514546152
21197,202609,0,0.14062214302253298
21198,202609,0,0.19945316993293774
21199,202609,0,0.1369363451012931
21200,202609,0,0.19036546645058555
21201,202609,0,0.22331345965628557
21202,202609,0,0.12172770037956511
21203,202609,0,0.13278167987515524
21204,202609,0,0.18744738349349624
21205,202609,0,0.22712485539061145
21206,202609,0,0.16384830805933262
21207,202609,0,0.1199589429264677
21208,202609,0,0.2099855723699195
21209,202609,0,0.3574784319003763
21210,202609,0,0.15958816608689763
21211,202609,0,0.06376549687415056
21212,202609,0,0.11086393412433154
21213,202609,0,0.1005151637066609
21214,202609,0,0.15683087844820265
21215,202609,1,0.1687092057538638
21216,202609,0,0.18874636048556975
21217,202609,0,0.08953223099255907
21218,202609,0,0.11658356983411994
21219,202609,0,0.1933259921598085
21220,202609,0,0.08708300142418031
21221,202609,0,0.1754764470169773
21222,202609,0,0.201807840211897
21223,202609,0,0.27031761980407926
21224,202609,0,0.21755350537406992
21225,202609,0,0.2091278525823241
21226,202609,0,0.278821802969463
21227,202609,0,0.11956955685353869
21228,202609,1,0.1809527314414852
21229,202609,0,0.07165716724322926
21230,202609,0,0.07685915497061492
21231,202609,0,0.1932019300120626
21232,202609,0,0.20591056256576704
21233,202609,0,0.12066119126257735
21234,202609,0,0.26835632082282207
21235,202609,0,0.19793412593958512
21236,202609,1,0.17825239876187238
21237,202609,0,0.08511080393976586
21238,202609,0,0.23098698275975957
21239,202609,0,0.16572620183357553
21240,202609,0,0.14627958262926352
21241,202609,1,0.14637181671730445
21242,202609,1,0.3803987396957766
21243,202609,0,0.1983193703483823
21244,202609,0,0.11146203505557026
21245,202609,0,0.21124883246723977
21246,202609,0,0.21556024879750788
21247,202609,0,0.14775674029498037
21248,202609,0,0.20706510305201398
21249,202609,1,0.17563880764891407
21250,202609,1,0.2073691808323212
21251,202609,0,0.1253287238822009
21252,202609,0,0.12623750373759376
21253,202609,0,0.22423718185373437
21254,202609,0,0.11475066325528713
21255,202609,0,0.1960958188879049
21256,202609,0,0.11337761815659607
21257,202609,0,0.15631994496469928
21258,202609,0,0.193789359688706
21259,202609,0,0.3142510533337247
21260,202609,0,0.18897307010028422
21261,202609,1,0.2379285972236569
21262,202609,0,0.15538714383464286
21263,202609,0,0.2196521517289802
21264,202609,0,0.23336391918149457
21265,202609,0,0.08552731438480408
21266,202609,0,0.16224744172300276
21267,202609,0,0.2601175118462308
21268,202609,0,0.0848349541310158
21269,202609,0,0.07484822486055694
21270,202609,0,0.10728813739678113
21271,202609,0,0.30146393775587854
21272,202609,0,0.205200567648141
21273,202609,0,0.19389968612781477
21274,202609,0,0.13417361549273946
21275,202609,0,0.20522109997460727
21276,202609,0,0.10770118577210024
21277,202609,1,0.2820568405186777
21278,202609,1,0.11049571504916678
21279,202609,0,0.1280843347919183
21280,202609,0,0.11716016074948851
21281,202609,0,0.12158239440519485
21282,202609,1,0.23589897513409314
21283,202609,0,0.1914227343790947
21284,202609,0,0.19006179993634778
21285,202609,0,0.11718973784120026
21286,202609,0,0.17076031018985213
21287,202609,1,0.11033549392019959
21288,202609,0,0.13713545902654306
21289,202609,0,0.18906213829171295
21290,202609,1,0.08863957282273745
21291,202609,0,0.13541640738904903
21292,202609,0,0.07599300672430592
21293,202609,1,0.16457957572658757
21294,202609,0,0.27388007351161675
21295,202609,1,0.25354373740957215
21296,202609,0,0.12937608462388678
21297,202609,1,0.0996050475229381
21298,202609,1,0.0840722926916873
21299,202609,0,0.12781268078374342
21300,202609,0,0.13797430987311496
21301,202609,0,0.2388289827048412
21302,202609,1,0.24981578910711152
21303,202609,1,0.32680109445552297
21304,202609,0,0.09590001292857905
21305,202609,0,0.21208329901342285
21306,202609,0,0.11327160806370684
21307,202609,0,0.1267763335520148
21308,202609,1,0.17104517015315576
21309,202609,0,0.18846106556143624
21310,202609,1,0.1741185708360416
21311,202609,0,0.17444300701040968
21312,202609,0,0.12777714419762032
21313,202609,1,0.16391630995352616
21314,202609,0,0.13420124450770793
21315,202609,0,0.21002315264125346
21316,202609,0,0.10950844567036086
21317,202609,0,0.07768313454674741
21318,202609,0,0.11073638887606846
21319,202609,0,0.17739919993134498
21320,202609,0,0.18770827650022348
21321,202609,0,0.15084278883226362
21322,202609,0,0.19964448341331134
21323,202609,0,0.19732049458533313
21324,202609,0,0.09820421596287149
21325,202609,0,0.1743627808148406
21326,202609,0,0.26034170309342813
21327,202609,0,0.16973785484368503
21328,202609,0,0.20539979725602653
21329,202609,0,0.1815509203080009
21330,202609,0,0.08977574422973694
21331,202609,0,0.11092213460061384
21332,202609,0,0.18403412080808987
21333,202609,0,0.18048550720159778
21334,202609,0,0.14967698887283964
21335,202609,0,0.11012479809567485
21336,202609,1,0.20389829179004207
21337,202609,1,0.08037903265279611
21338,202609,0,0.2263319205238484
21339,202609,0,0.10265383812272957
21340,202609,0,0.07085533336265243
21341,202609,0,0.23260379470361553
21342,202609,0,0.07909121543508545
21343,202609,0,0.43277703095351616
21344,202609,0,0.18976715018388782
21345,202609,0,0.3137930787520653
21346,202609,0,0.2687991449138339
21347,202609,0,0.1338794388553792
21348,202609,0,0.05310319073384637
21349,202609,0,0.1715084453963612
21350,202609,0,0.10063429881903918
21351,202609,0,0.14962131442540788
21352,202609,0,0.08582666355656209
21353,202609,1,0.30052537715095673
21354,202609,1,0.11621690533451975
21355,202609,0,0.08406642105386868
21356,202609,0,0.13986254124173322
21357,202609,1,0.09834110318049953
21358,202609,0,0.16915477787069283
21359,202609,0,0.23025895977842725
21360,202609,1,0.13408341874862187
21361,202609,0,0.14974543756532896
21362,202609,0,0.16353296055001584
21363,202609,0,0.24818946628610108
21364,202609,0,0.13746664630043792
21365,202609,0,0.143996437665169
21366,202609,0,0.15060506030439946
21367,202609,0,0.19748739691263117
21368,202609,0,0.16955693567210098
21369,202609,0,0.18397975095071897
21370,202609,0,0.11134933082353456
21371,202609,1,0.1125594796122637
21372,202609,0,0.3156205752319147
21373,202609,0,0.18834642905874327
21374,202609,0,0.1873553144554099
21375,202609,1,0.35136418216433585
21376,202609,0,0.16389295379647714
21377,202609,0,0.1422628507007616
21378,202609,1,0.16210377421572006
21379,202609,0,0.08746921753382833
21380,202609,0,0.09443446694139097
21381,202609,0,0.17286217218312935
21382,202609,0,0.13649216972738185
21383,202609,0,0.14983028101976417
21384,202609,0,0.15689816439787913
21385,202609,0,0.1817519781189291
21386,202609,0,0.09185950101175014
21387,202609,0,0.2514365722272302
21388,202609,0,0.22250962685709477
21389,202609,0,0.20690861184202836
21390,202609,0,0.27335223416144705
21391,202609,0,0.20484269910283587
21392,202609,1,0.13109764952181918
21393,202609,0,0.15174891572617308
21394,202609,0,0.21044401236462962
21395,202609,0,0.10836733515779534
21396,202609,0,0.16379031484092302
21397,202609,1,0.2215714543954958
21398,202609,0,0.18152208289860639
21399,202609,0,0.08459779506470654
21400,202609,0,0.18412536220617096
21401,202609,0,0.11981198902504883
21402,202609,0,0.19499372307151958
21403,202609,0,0.2066030857854233
21404,202609,0,0.04937781703798053
21405,202609,0,0.1587402948427021
21406,202609,0,0.17470165530281972
21407,202609,0,0.10056192682357308
21408,202609,0,0.11749989379537927
21409,202609,0,0.11242230411944965
21410,202609,0,0.19187538210376462
21411,202609,1,0.20945029771397086
21412,202609,0,0.16882099624950755
21413,202609,0,0.07283795465874805
21414,202609,0,0.15766079844726597
21415,202609,0,0.09120874374588796
21416,202609,0,0.1225048906950765
21417,202609,0,0.06627893769298825
21418,202609,0,0.20474197548828083
21419,202609,0,0.060930973989446975
21420,202609,0,0.14655285428045062
21421,202609,0,0.247076156003123
21422,202609,0,0.10589680951603826
21423,202609,0,0.08822285095815653
21424,202609,0,0.08801623240222989
21425,202609,0,0.1347483941400184
21426,202609,0,0.22064880557222977
21427,202609,1,0.3398924534866344
21428,202609,1,0.08772149467975536
21429,202609,0,0.06659383292788355
21430,202609,0,0.237695910857312
21431,202609,1,0.05533024662769739
21432,202609,0,0.16843880080897797
21433,202609,0,0.14842923686849352
21434,202609,0,0.12817781150485594
21435,202609,0,0.19099537619146714
21436,202609,0,0.07096259779992163
21437,202609,0,0.18381136588990546
21438,202609,0,0.1030844778507394
21439,202609,1,0.20327339641661715
21440,202609,0,0.1930901064249863
21441,202609,1,0.12066956305870102
21442,202609,1,0.13500569618152164
21443,202609,0,0.21568233330624603
21444,202609,0,0.21521999892667706
21445,202609,0,0.14155297586987475
21446,202609,0,0.13651778587992036
21447,202609,0,0.15036004637871683
21448,202609,0,0.13851065432227377
21449,202609,0,0.1539187660895088
21450,202609,0,0.07565412539038709
21451,202609,0,0.1705956381373977
21452,202609,0,0.1800691341718661
21453,202609,0,0.18438045561647787
21454,202609,1,0.15717743168509457
21455,202609,0,0.1432963657193739
21456,202609,0,0.1250438491428082
21457,202609,0,0.15153662158380116
21458,202609,0,0.08666975118246961
21459,202609,0,0.1508115434086514
21460,202609,0,0.15378185920488024
21461,202609,0,0.18384139871973265
21462,202609,1,0.07394895868667149
21463,202609,0,0.15669368859422717
21464,202609,0,0.36041831011928593
21465,202609,0,0.2200172330632267
21466,202609,0,0.10723145875532317
21467,202609,1,0.11912214551452083
21468,202609,0,0.12661631815404975
21469,202609,0,0.11660036399527271
21470,202609,0,0.08107566690177749
21471,202609,1,0.18073757362082882
21472,202609,0,0.29944708123642194
21473,202609,0,0.186319061310761
21474,202609,0,0.17565485418267987
21475,202609,1,0.3435098168656034
21476,202609,0,0.15807510162285174
21477,202609,0,0.20684193291120198
21478,202609,0,0.1499282190082723
21479,202609,0,0.19817577120676153
21480,202609,1,0.19001649294614384
21481,202609,0,0.22354566120635652
21482,202609,0,0.14224024613874112
21483,202609,0,0.278419837602787
21484,202609,0,0.11922937327542023
21485,202609,1,0.15975342180911214
21486,202609,0,0.15092936403941673
21487,202609,0,0.11670347932855438
21488,202609,0,0.12333411513152072
21489,202609,0,0.09838362559612449
21490,202609,0,0.1656917036642205
21491,202609,0,0.18985944885842562
21492,202609,0,0.22030723837315094
21493,202609,0,0.2672084925966813
21494,202609,1,0.2477957288261357
21495,202609,0,0.22746406706999225
21496,202609,1,0.07451197465979911
21497,202609,1,0.248541858039823
21498,202609,0,0.2137691347598739
21499,202609,0,0.17482037452019422
21500,202609,0,0.12989647200252852
21501,202609,0,0.19434914736263423
21502,202609,1,0.10604377169395063
21503,202609,0,0.19886631650554548
21504,202609,0,0.1762160146723708
21505,202609,1,0.12711546930980788
21506,202609,0,0.14035681058080146
21507,202609,0,0.1609765857439865
21508,202609,0,0.1883771873393022
21509,202609,0,0.16123045354994395
21510,202609,1,0.06823581171637721
21511,202609,0,0.07029532276313406
21512,202609,1,0.1012470278895345
21513,202609,0,0.1851639638709955
21514,202609,0,0.07195029316443052
21515,202609,0,0.20651291281664919
21516,202609,0,0.11675008893380698
21517,202609,0,0.07488537684493411
21518,202609,0,0.17979179303597334
21519,202609,0,0.07641494714545986
21520,202609,0,0.1696108833066034
21521,202609,0,0.1789037349419464
21522,202609,0,0.2686504579623281
21523,202609,1,0.22739199849520195
21524,202609,1,0.16560826546832272
21525,202609,0,0.13286297934754795
21526,202609,0,0.16367996826990935
21527,202609,0,0.1689029698350501
21528,202609,0,0.15903560311417797
21529,202609,0,0.18927705074324427
21530,202609,0,0.11397843435097402
21531,202609,0,0.27164693191432315
21532,202609,0,0.18175895766868144
21533,202609,0,0.11414982026290847
21534,202609,0,0.1976689461221002
21535,202609,0,0.14383795814437236
21536,202609,1,0.28615533331093984
21537,202609,0,0.12825465914714684
21538,202609,0,0.11074159497677007
21539,202609,0,0.3746391026662859
21540,202609,0,0.13783318145278906
21541,202609,0,0.2623308938921965
21542,202609,0,0.0827659430598145
21543,202609,0,0.18556438168085537
21544,202609,0,0.1779801096188435
21545,202609,0,0.06875562560185088
21546,202609,1,0.17068771855609371
21547,202609,0,0.10472479125604248
21548,202609,0,0.12605356064294537
21549,202609,1,0.092961410913502
21550,202609,0,0.1814761452890156
21551,202609,0,0.10568629544146224
21552,202609,0,0.1461093256128061
21553,202609,1,0.18160097492108263
21554,202609,0,0.2274061608179825
21555,202609,1,0.347564489425032
21556,202609,0,0.10005073425841729
21557,202609,0,0.12696908273058494
21558,202609,0,0.09976275632148267
21559,202609,0,0.22306714072652215
21560,202609,0,0.08349735565781283
21561,202609,0,0.143489041483117
21562,202609,1,0.07598490698315029
21563,202609,0,0.13668053620106413
21564,202609,1,0.11479350445099373
21565,202609,1,0.1177442022850796
21566,202609,1,0.09447791790438094
21567,202609,0,0.17916836651316131
21568,202609,0,0.15706811289276923
21569,202609,1,0.09464592131125482
21570,202609,0,0.13041441673999576
21571,202609,0,0.1356180629209382
21572,202609,1,0.1871830003380223
21573,202609,0,0.22889382332908875
21574,202609,0,0.2329724166342773
21575,202609,0,0.15037990220240194
21576,202609,0,0.277911079314912
21577,202609,0,0.06786182735443537
21578,202609,0,0.20651993237672994
21579,202609,0,0.11657421904201551
21580,202609,0,0.08573804039655351
21581,202609,0,0.14036028008795495
21582,202609,0,0.11072195017433734
21583,202609,0,0.15372194917653104
21584,202609,1,0.19717054780175833
21585,202609,1,0.2126581742445171
21586,202609,0,0.24173006268145644
21587,202609,0,0.15311128280563877
21588,202609,0,0.14778838993188828
21589,202609,0,0.16087242747409577
21590,202609,0,0.15945266821592485
21591,202609,0,0.17613461604995873
21592,202609,0,0.17648879846404567
21593,202609,0,0.20353259985139605
21594,202609,0,0.23061361309395617
21595,202609,0,0.1271258284152101
21596,202609,0,0.1619884906502532
21597,202609,0,0.08551168531346552
21598,202609,0,0.2697047318779964
21599,202609,0,0.18586794591480313
21600,202609,0,0.05413846111246351
21601,202609,1,0.19506300109006885
21602,202609,0,0.2593323869199819
21603,202609,0,0.21729653884021047
21604,202609,0,0.0787058083690264
21605,202609,0,0.1524771304652647
21606,202609,0,0.2238522726842212
21607,202609,0,0.19530535446177022
21608,202609,0,0.17755329625290595
21609,202609,1,0.22939796511892804
21610,202609,1,0.2448435667606012
21611,202609,0,0.09126117522882259
21612,202609,0,0.233706453877093
21613,202609,0,0.18898358194916054
21614,202609,0,0.16040515807690311
21615,202609,0,0.17669924773577048
21616,202609,0,0.13840280754890927
21617,202609,0,0.16813169277078013
21618,202609,0,0.13346600919477372
21619,202609,0,0.1539912693114504
21620,202609,0,0.09398372347001399
21621,202609,0,0.1499004438054203
21622,202609,0,0.22296887052833647
21623,202609,0,0.1959038320661285
21624,202609,0,0.13306497762682695
21625,202609,0,0.29246125825796127
21626,202609,0,0.14053664483279502
21627,202609,0,0.16673220878672546
21628,202609,0,0.19416050531876528
21629,202609,0,0.1440444671100813
21630,202609,1,0.282401069505834
21631,202609,1,0.14039199226392052
21632,202609,0,0.21981616237357965
21633,202609,0,0.1040679113769448
21634,202609,0,0.1299430784790755
21635,202609,1,0.10077884266109727
21636,202609,0,0.15629632818937703
21637,202609,0,0.21783890033078804
21638,202609,0,0.17863350042390308
21639,202609,1,0.22256413893600357
21640,202609,1,0.17575237749694833
21641,202609,0,0.15463488497092445
21642,202609,0,0.200321346724153
21643,202609,0,0.17398112958723472
21644,202609,0,0.17138111201339717
21645,202609,0,0.07822981127155897
21646,202609,0,0.08119313745362246
21647,202609,0,0.18605156098345527
21648,202609,0,0.2066749830127991
21649,202609,0,0.16991865698802397
21650,202609,0,0.13957961702851718
21651,202609,0,0.07854912262110172
21652,202609,0,0.16832469697170444
21653,202609,0,0.14552026911971008
21654,202609,0,0.18978529142769449
21655,202609,0,0.2067042166097839
21656,202609,1,0.20686860506665442
21657,202609,0,0.21125908544324892
21658,202609,1,0.12911581491994117
21659,202609,0,0.14975166639310852
21660,202609,0,0.04097861527258589
21661,202609,0,0.15734303518324902
21662,202609,0,0.20755126863391749
21663,202609,1,0.22093824379583432
21664,202609,0,0.17792954665778588
21665,202609,0,0.12105682939369604
21666,202609,0,0.3295351456864267
21667,202609,1,0.17262814858618888
21668,202609,1,0.14419395046346128
21669,202609,0,0.17977879360507928
21670,202609,1,0.11889492509401267
21671,202609,0,0.16197975815464366
21672,202609,0,0.15029831102700889
21673,202609,0,0.23001221821816858
21674,202609,1,0.11932632718466821
21675,202609,0,0.13649236615059962
21676,202609,0,0.1599447852319323
21677,202609,0,0.09867866924786622
21678,202609,0,0.19052118817399585
21679,202609,0,0.18583873476048718
21680,202609,0,0.13995013589737496
21681,202609,0,0.1966716540115813
21682,202609,1,0.19594156406176422
21683,202609,0,0.08846740170582489
21684,202609,0,0.11549890393407417
21685,202609,0,0.07455602520341897
21686,202609,0,0.18520381653666687
21687,202609,0,0.1815525902854544
21688,202609,0,0.15260290616146008
21689,202609,0,0.15542167626722936
21690,202609,0,0.19674788034441482
21691,202609,0,0.2317725980121205
21692,202609,0,0.11942316092524559
21693,202609,0,0.16999573081789748
21694,202609,0,0.07652313076933608
21695,202609,0,0.13304923311750627
21696,202609,0,0.12194996452498488
21697,202609,0,0.1676335048727171
21698,202609,0,0.19649049643875924
21699,202609,0,0.1507903201792239
21700,202609,0,0.17514304424752536
21701,202609,1,0.2401776452507541
21702,202609,0,0.18841853232215428
21703,202609,0,0.14990762482776165
21704,202609,0,0.18448346293368745
21705,202609,0,0.129814104373109
21706,202609,1,0.38247010838621764
21707,202609,0,0.18176186015972964
21708,202609,1,0.26302142629683084
21709,202609,0,0.12397489736970982
21710,202609,0,0.17309161478180932
21711,202609,0,0.2668640076194354
21712,202609,1,0.23363776689194574
21713,202609,1,0.19487898905013262
21714,202609,0,0.1804358328841136
21715,202609,0,0.2274592311880344
21716,202609,0,0.15529807232604043
21717,202609,0,0.1466019494561826
21718,202609,1,0.1601408369066219
21719,202609,0,0.18776362701579644
21720,202609,0,0.20360995116658395
21721,202609,0,0.2237064759700468
21722,202609,1,0.24335884806879604
21723,202609,0,0.21242274212999884
21724,202609,0,0.1556716063960832
21725,202609,1,0.13332134949986477
21726,202609,0,0.16084337067344628
21727,202609,0,0.23024848451880284
21728,202609,0,0.08675982694314989
21729,202609,0,0.14732875569350262
21730,202609,0,0.09251478221085152
21731,202609,0,0.23080414183017947
21732,202609,0,0.12485059100143908
21733,202609,0,0.1529220113901253
21734,202609,0,0.1589369632925151
21735,202609,0,0.17851507150590182
21736,202609,0,0.14845026152795374
21737,202609,0,0.1532640356970321
21738,202609,0,0.20322032158888315
21739,202609,0,0.16647964249373964
21740,202609,0,0.1410121811883192
21741,202609,0,0.21487515007898486
21742,202609,0,0.13462169931526108
21743,202609,0,0.13804295461403637
21744,202609,0,0.10340952716501903
21745,202609,0,0.18062164366913677
21746,202609,0,0.0763623645405771
21747,202609,0,0.16813113521814776
21748,202609,1,0.3013234770802761
21749,202609,0,0.10144780469639172
21750,202609,0,0.08796137054406689
21751,202609,0,0.18321246721098355
21752,202609,1,0.2467325841206586
21753,202609,0,0.29768951041155245
21754,202609,0,0.14787777119077636
21755,202609,1,0.0758583240363905
21756,202609,0,0.21061211833207466
21757,202609,0,0.20102384783002614
21758,202609,0,0.1695001248095751
21759,202609,0,0.0954997070671576
21760,202609,0,0.11889655587984718
21761,202609,0,0.17628194781888806
21762,202609,1,0.11227771176184924
21763,202609,0,0.24297061168759826
21764,202609,0,0.13381512549259894
21765,202609,0,0.13851154453583886
21766,202609,1,0.23684359491004991
21767,202609,0,0.10600192542161094
21768,202609,0,0.08881437901099438
21769,202609,0,0.20397213855403454
21770,202609,0,0.14812158338389633
21771,202609,0,0.11636578525296705
21772,202609,0,0.19574013291596362
21773,202609,0,0.1732570644473495
21774,202609,0,0.1466179942205798
21775,202609,0,0.0984040158546402
21776,202609,1,0.15893187626144298
21777,202609,0,0.3614255090126902
21778,202609,0,0.2234144373622179
21779,202609,0,0.09782697322039753
21780,202609,0,0.13447282588562148
21781,202609,0,0.14497861364856499
21782,202609,0,0.17911782989212802
21783,202609,0,0.2699970255439475
21784,202609,1,0.21945425938310267
21785,202609,0,0.3601813672973148
21786,202609,0,0.10079003294115707
21787,202609,1,0.1708162750799673
21788,202609,1,0.26988476310668746
21789,202609,1,0.24667512361468724
21790,202609,0,0.14547823751909425
21791,202609,0,0.20942583228608305
21792,202609,0,0.1555312312045493
21793,202609,0,0.2199160332714953
21794,202609,0,0.1580998617785202
21795,202609,0,0.18534771907796505
21796,202609,0,0.05762358347905525
21797,202609,0,0.12089368350091009
21798,202609,0,0.1865839957056018
21799,202609,0,0.12674760822090247
21800,202609,0,0.14963817679101138
21801,202609,0,0.1293086473894021
21802,202609,0,0.14810732294318107
21803,202609,0,0.15949955748413963
21804,202609,0,0.19086628945315728
21805,202609,0,0.1122170493063432
21806,202609,0,0.17001649729615786
21807,202609,0,0.2045608327447753
21808,202609,0,0.1754429810578185
21809,202609,1,0.22751944659244142
21810,202609,0,0.16398118326265806
21811,202609,1,0.13852928965659025
21812,202609,0,0.09245499272614038
21813,202609,0,0.09056772381184025
21814,202609,0,0.17853077463714354
21815,202609,0,0.2868279894520389
21816,202609,0,0.21791680811126402
21817,202609,0,0.09581740198613788
21818,202609,0,0.21005771814730576
21819,202609,0,0.14254186183233522
21820,202609,0,0.19122953426581393
21821,202609,0,0.07237168833908747
21822,202609,1,0.2385328272926495
21823,202609,0,0.1653482027736897
21824,202609,1,0.2526671008863022
21825,202609,0,0.25247375217746587
21826,202609,0,0.1812916436513606
21827,202609,0,0.11888972428629
21828,202609,0,0.1386914668384085
21829,202609,0,0.10105714423780242
21830,202609,0,0.21554339259489147
21831,202609,0,0.17780716695735133
21832,202609,0,0.06073970518958039
21833,202609,0,0.11217580932374387
21834,202609,1,0.18279069477713222
21835,202609,0,0.17400347115911977
21836,202609,0,0.2273003805028204
21837,202609,0,0.14718186540269798
21838,202609,0,0.17866011215590807
21839,202609,0,0.1882279448148155
21840,202609,0,0.11569284330971823
21841,202609,1,0.16336452961218936
21842,202609,0,0.15857292110570653
21843,202609,1,0.24068176924498366
21844,202609,0,0.17976117787064733
21845,202609,0,0.20679128806499428
21846,202609,0,0.11735097373238478
21847,202609,0,0.10042488923082458
21848,202609,0,0.19329186946143526
21849,202609,0,0.09960601417298622
21850,202609,0,0.32391096244129786
21851,202609,0,0.11524861980241406
21852,202609,0,0.2656781914047292
21853,202609,0,0.23634738551061726
21854,202609,0,0.09680169682726786
21855,202609,0,0.07663046802562938
21856,202609,0,0.20992178336641928
21857,202609,1,0.11803753036965499
21858,202609,1,0.24220275020784252
21859,202609,0,0.106020138269559
21860,202609,0,0.3033672105134103
21861,202609,0,0.1358788534229372
21862,202609,0,0.09588116475983506
21863,202609,0,0.1787705838414298
21864,202609,0,0.10293357011047138
21865,202609,0,0.1498308374628682
21866,202609,0,0.21406643812344145
21867,202609,0,0.18399451942370673
21868,202609,0,0.18580420107176446
21869,202609,0,0.1544154061357916
21870,202609,0,0.07858683777780469
21871,202609,0,0.2591627736810346
21872,202609,0,0.08662990488143092
21873,202609,0,0.18414714455796702
21874,202609,0,0.0904560038128751
21875,202609,0,0.11614074271193482
21876,202609,0,0.10400351120141078
21877,202609,0,0.20978859198173327
21878,202609,1,0.07798310439690012
21879,202609,0,0.19664426378565933
21880,202609,0,0.22571145392783415
21881,202609,1,0.20560629586148385
21882,202609,0,0.24606535486061115
21883,202609,1,0.12538207564152468
21884,202609,1,0.34343054610154194
21885,202609,0,0.14854367263459042
21886,202609,0,0.07910330364453542
21887,202609,0,0.09159663180972781
21888,202609,0,0.2544392575791733
21889,202609,0,0.17458522442205107
21890,202609,0,0.1660610127584518
21891,202609,0,0.15500508014870673
21892,202609,0,0.16045978531897212
21893,202609,0,0.18928140075523275
21894,202609,0,0.14362776248051287
21895,202609,0,0.15146463292335874
21896,202609,0,0.20743900888430297
21897,202609,0,0.19403308991643417
21898,202609,0,0.16638062730815883
21899,202609,0,0.20985313784732215
21900,202609,0,0.12096967971403842
21901,202609,0,0.10654176476193972
21902,202609,0,0.21323138331733574
21903,202609,0,0.15741658575596265
21904,202609,0,0.09087906484739386
21905,202609,0,0.16364817732802886
21906,202609,0,0.1967840997038001
21907,202609,0,0.2931961860850308
21908,202609,0,0.14922974603952696
21909,202609,0,0.42352322962815897
21910,202609,0,0.19645362095307706
21911,202609,0,0.09923123293953331
21912,202609,1,0.1213570437243977
21913,202609,0,0.18399507305854282
21914,202609,0,0.11417001634410306
21915,202609,0,0.102138119315316
21916,202609,0,0.10908452163701399
21917,202609,0,0.23188370319005183
21918,202609,0,0.06277982336718195
21919,202609,0,0.09512316079600465
21920,202609,1,0.2164548400686242
21921,202609,0,0.197313541175929
21922,202609,0,0.06977381093059899
21923,202609,0,0.14346992943643636
21924,202609,1,0.1976247109569309
21925,202609,0,0.10559946225212391
21926,202609,0,0.2054551647784693
21927,202609,0,0.1928983606034494
21928,202609,0,0.14977012874016932
21929,202609,0,0.23439895555182366
21930,202609,0,0.11958039259346115
21931,202609,0,0.09896664535372979
21932,202609,1,0.1288759640357446
21933,202609,1,0.2086282384985657
21934,202609,0,0.12140155199023876
21935,202609,0,0.13250866679566667
21936,202609,0,0.3976247697758114
21937,202609,0,0.1204202316339846
21938,202609,0,0.2540319035235169
21939,202609,0,0.33614644436740926
21940,202609,0,0.27361412010930347
21941,202609,0,0.09548021676638323
21942,202609,0,0.1710031905340869
21943,202609,0,0.2711013921940166
21944,202609,1,0.1623167445988668
21945,202609,0,0.14390214505652127
21946,202609,0,0.08991434215744779
21947,202609,0,0.2275010462197988
21948,202609,0,0.14736890532248986
21949,202609,0,0.21605812653813763
21950,202609,1,0.05974063054462959
21951,202609,0,0.12155283077558117
21952,202609,0,0.08601819731068967
21953,202609,0,0.21024736850290657
21954,202609,0,0.2316215233653672
21955,202609,1,0.06992864345011378
21956,202609,1,0.22411563017511518
21957,202609,0,0.10190520860465818
21958,202609,0,0.062097149881972555
21959,202609,0,0.14094986352244956
21960,202609,0,0.23056970298371315
21961,202609,0,0.0901496472145594
21962,202609,0,0.1934671316323999
21963,202609,0,0.0773630317513878
21964,202609,0,0.23665335395315076
21965,202609,0,0.3223965921518656
21966,202609,0,0.31890847598426
21967,202609,0,0.21025300890386964
21968,202609,1,0.2878395949365262
21969,202609,0,0.1034257620871485
21970,202609,0,0.1472137402521669
21971,202609,0,0.05095041803441883
21972,202609,1,0.1318452839291647
21973,202609,0,0.2115922277620547
21974,202609,0,0.11814344543556994
21975,202609,1,0.1559746091453659
21976,202609,0,0.18856666369022845
21977,202609,1,0.09455146084481393
21978,202609,0,0.22378082217992282
21979,202609,0,0.2181117694310186
21980,202609,0,0.12940878021537214
21981,202609,0,0.06740246272435316
21982,202609,0,0.25340585539612054
21983,202609,0,0.10093398142911336
21984,202609,0,0.08092353942304803
21985,202609,0,0.13830181654719872
21986,202609,0,0.18044199566809183
21987,202609,0,0.09712720997144028
21988,202609,0,0.18443271033251732
21989,202609,1,0.35331491935285136
21990,202609,0,0.17832777380494763
21991,202609,0,0.12643600071720656
21992,202609,0,0.12524492464635237
21993,202609,1,0.29663078854615804
21994,202609,0,0.130367542080267
21995,202609,0,0.10943906463106003
21996,202609,0,0.07802271750452937
21997,202609,0,0.140591586249127
21998,202609,0,0.21743999150048277
21999,202609,0,0.17146213758440365
22000,202609,1,0.23959051050671143
22001,202609,1,0.14687971246282497
22002,202609,0,0.08804965846262602
22003,202609,1,0.17363314452642462
22004,202609,0,0.16803856960877
22005,202609,0,0.2652563056610691
22006,202609,0,0.14567455541182384
22007,202609,0,0.16370150155490157
